Provider_Clean,ContractTitle_Clean,ContractNumber_Clean,ds,ForecastSpend,yhat_lower,yhat_upper
Calcorp Services Pty Ltd,Graffiti management and pressure cleaning services,3668,2025-01-01,39076291.49262038,31807571.13853062,45876095.3105898
Calcorp Services Pty Ltd,Graffiti management and pressure cleaning services,3668,2025-02-01,42864073.877214335,35837994.01717485,49993570.632967904
Calcorp Services Pty Ltd,Graffiti management and pressure cleaning services,3668,2025-03-01,48554121.58410028,41456712.24090699,55550825.83377249
Calcorp Services Pty Ltd,Graffiti management and pressure cleaning services,3668,2025-04-01,46941489.9268879,40107327.94930506,54353843.45318358
Calcorp Services Pty Ltd,Graffiti management and pressure cleaning services,3668,2025-05-01,46036349.02131792,39030122.63295119,53075045.46957199
Calcorp Services Pty Ltd,Graffiti management and pressure cleaning services,3668,2025-06-01,45344860.81591855,38164434.92380164,52207075.49246294
Calcorp Services Pty Ltd,Graffiti management and pressure cleaning services,3668,2025-07-01,46887762.21495427,39899106.57714449,53639523.61047125
Calcorp Services Pty Ltd,Graffiti management and pressure cleaning services,3668,2025-08-01,47544889.91739634,40830431.78950418,54588233.74041604
Calcorp Services Pty Ltd,Graffiti management and pressure cleaning services,3668,2025-09-01,46275477.94742494,39162249.49798112,53761713.64944426
Calcorp Services Pty Ltd,Graffiti management and pressure cleaning services,3668,2025-10-01,49286278.30165096,42358132.76182938,56206205.93843693
Calcorp Services Pty Ltd,Graffiti management and pressure cleaning services,3668,2025-11-01,46257657.18395034,39633591.08057375,52886899.79926564
Calcorp Services Pty Ltd,Graffiti management and pressure cleaning services,3668,2025-12-01,47219415.511020616,40231164.8934139,53827263.94858108
Calcorp Services Pty Ltd,Graffiti management and pressure cleaning services,3668,2026-01-01,39295494.73125897,33154733.337066542,46270990.56018981
Calcorp Services Pty Ltd,Graffiti management and pressure cleaning services,3668,2026-02-01,42852891.56733941,36109105.230208784,49980068.751939766
Calcorp Services Pty Ltd,Graffiti management and pressure cleaning services,3668,2026-03-01,46335866.81619745,39263024.76212694,53303609.89290533
Calcorp Services Pty Ltd,Graffiti management and pressure cleaning services,3668,2026-04-01,45973408.584662125,38973048.801783375,52958950.97023634
Calcorp Services Pty Ltd,Graffiti management and pressure cleaning services,3668,2026-05-01,46051477.64789398,39650973.85088783,53494908.25661729
Calcorp Services Pty Ltd,Graffiti management and pressure cleaning services,3668,2026-06-01,44914922.54939904,38046580.57276685,51943778.43158294
Calcorp Services Pty Ltd,Graffiti management and pressure cleaning services,3668,2026-07-01,46081965.11796309,39316907.40279958,52839373.7387816
Calcorp Services Pty Ltd,Graffiti management and pressure cleaning services,3668,2026-08-01,46690375.77602916,39944231.33944845,54299976.82429786
Calcorp Services Pty Ltd,Graffiti management and pressure cleaning services,3668,2026-09-01,44370209.60331388,37598995.73175065,51647541.25405043
Calcorp Services Pty Ltd,Graffiti management and pressure cleaning services,3668,2026-10-01,49093099.30739332,42573827.44736693,55652392.98352247
Calcorp Services Pty Ltd,Graffiti management and pressure cleaning services,3668,2026-11-01,46452160.42328159,39514663.002190985,53852993.93990421
Calcorp Services Pty Ltd,Graffiti management and pressure cleaning services,3668,2026-12-01,44966415.45391511,37878035.58713068,51861415.73416065
Calcorp Services Pty Ltd,Graffiti management and pressure cleaning services,3668,2027-01-01,39537279.77059618,32621668.251352586,46619886.48934622
Calcorp Services Pty Ltd,Graffiti management and pressure cleaning services,3668,2027-02-01,42815534.66709977,35957581.58324149,49882476.44152437
Calcorp Services Pty Ltd,Graffiti management and pressure cleaning services,3668,2027-03-01,44110592.80537743,37273986.787106566,50956991.02930132
Calcorp Services Pty Ltd,Graffiti management and pressure cleaning services,3668,2027-04-01,45035777.729250975,38222854.098375335,52218464.62201928
Calcorp Services Pty Ltd,Graffiti management and pressure cleaning services,3668,2027-05-01,46078440.46829129,39191975.37816519,53730766.63454097
Calcorp Services Pty Ltd,Graffiti management and pressure cleaning services,3668,2027-06-01,44474892.81672391,37773624.875181206,51745298.7042385
Calcorp Services Pty Ltd,Graffiti management and pressure cleaning services,3668,2027-07-01,45261974.18650116,37973788.28313999,52016668.330452666
Calcorp Services Pty Ltd,Graffiti management and pressure cleaning services,3668,2027-08-01,45819939.11481763,38639143.87828361,52409540.20648874
Calcorp Services Pty Ltd,Graffiti management and pressure cleaning services,3668,2027-09-01,42476526.464550175,35652778.79699353,49300689.18135802
Calcorp Services Pty Ltd,Graffiti management and pressure cleaning services,3668,2027-10-01,48923101.19063167,42281350.17879693,55698381.12968269
Calcorp Services Pty Ltd,Graffiti management and pressure cleaning services,3668,2027-11-01,46629166.628935695,39579697.43989653,53661294.4644913
Calcorp Services Pty Ltd,Graffiti management and pressure cleaning services,3668,2027-12-01,42715287.5409274,35942776.51936978,49348815.75297829
Calcorp Services Pty Ltd,Graffiti management and pressure cleaning services,3668,2028-01-01,39800673.39256551,32659043.873073764,46653156.25458362
Calcorp Services Pty Ltd,Graffiti management and pressure cleaning services,3668,2028-02-01,42751098.30596954,35613770.64737954,49774629.29356083
Calcorp Services Pty Ltd,Graffiti management and pressure cleaning services,3668,2028-03-01,47657646.343088,40629137.744770095,54797317.80833831
Calcorp Services Pty Ltd,Graffiti management and pressure cleaning services,3668,2028-04-01,44833460.75577196,37724921.83742201,52628671.38687419
Calcorp Services Pty Ltd,Graffiti management and pressure cleaning services,3668,2028-05-01,42927911.41667424,35735102.24313948,50508521.99227256
Calcorp Services Pty Ltd,Graffiti management and pressure cleaning services,3668,2028-06-01,42659220.71141052,35326017.94385826,49660802.87845902
Calcorp Services Pty Ltd,Graffiti management and pressure cleaning services,3668,2028-07-01,44573198.35723807,37863315.412387766,52055764.61445695
Calcorp Services Pty Ltd,Graffiti management and pressure cleaning services,3668,2028-08-01,45276812.05790511,37496108.76327734,51704312.64398898
Calcorp Services Pty Ltd,Graffiti management and pressure cleaning services,3668,2028-09-01,45084838.33367619,38010348.77297749,52113295.30841731
Calcorp Services Pty Ltd,Graffiti management and pressure cleaning services,3668,2028-10-01,46396947.59858857,39332956.282033294,53844499.52243876
Calcorp Services Pty Ltd,Graffiti management and pressure cleaning services,3668,2028-11-01,42940183.92695976,35925737.25210814,50428620.02824183
Calcorp Services Pty Ltd,Graffiti management and pressure cleaning services,3668,2028-12-01,46366682.3321638,39829807.49702937,53047552.96164135
Calcorp Services Pty Ltd,Graffiti management and pressure cleaning services,3668,2029-01-01,35969815.263069995,28968759.29416484,42893910.39683044
Calcorp Services Pty Ltd,Graffiti management and pressure cleaning services,3668,2029-02-01,39757548.03483052,32413267.16328512,46971699.46937631
Calcorp Services Pty Ltd,Graffiti management and pressure cleaning services,3668,2029-03-01,45447550.93013704,38625373.723047175,52504784.27857321
Calcorp Services Pty Ltd,Graffiti management and pressure cleaning services,3668,2029-04-01,43834869.66105531,36265059.07268661,50682278.53466896
Calcorp Services Pty Ltd,Graffiti management and pressure cleaning services,3668,2029-05-01,42929680.74401704,35574853.22881118,49866344.203030095
Calcorp Services Pty Ltd,Graffiti management and pressure cleaning services,3668,2029-06-01,42238142.92744179,35858428.94487733,49531658.29508162
Calcorp Services Pty Ltd,Graffiti management and pressure cleaning services,3668,2029-07-01,43780996.31566839,36720209.88226777,50563713.70483434
Calcorp Services Pty Ltd,Graffiti management and pressure cleaning services,3668,2029-08-01,44438074.40801144,37343085.32992964,51033033.63636778
Calcorp Services Pty Ltd,Graffiti management and pressure cleaning services,3668,2029-09-01,43168612.82794872,36098784.33110003,50374530.49417992
Calcorp Services Pty Ltd,Graffiti management and pressure cleaning services,3668,2029-10-01,46179365.17184798,38824582.95333646,52917705.297804296
Calcorp Services Pty Ltd,Graffiti management and pressure cleaning services,3668,2029-11-01,43150694.44350394,36172180.16542113,49714458.93404532
Calcorp Services Pty Ltd,Graffiti management and pressure cleaning services,3668,2029-12-01,44112404.76027878,37179476.36208049,50966802.8878292
Calcorp Services Pty Ltd,Graffiti management and pressure cleaning services,3668,2030-01-01,36188434.36921006,29143465.989934992,43029932.06398022
Calcorp Services Pty Ltd,Graffiti management and pressure cleaning services,3668,2030-02-01,39745781.59403007,32586212.4072017,46994947.96489132
Calcorp Services Pty Ltd,Graffiti management and pressure cleaning services,3668,2030-03-01,43228712.033240296,36444168.19635996,50057659.888739645
Calcorp Services Pty Ltd,Graffiti management and pressure cleaning services,3668,2030-04-01,42866204.1910701,35760953.709030926,49428953.60325523
Calcorp Services Pty Ltd,Graffiti management and pressure cleaning services,3668,2030-05-01,42944225.24476212,35957296.171470955,49721157.32821205
Calcorp Services Pty Ltd,Graffiti management and pressure cleaning services,3668,2030-06-01,41807620.5364191,34515431.94006914,48719189.311840735
Calcorp Services Pty Ltd,Graffiti management and pressure cleaning services,3668,2030-07-01,42974615.096503966,36058960.22817834,50451247.87657417
Calcorp Services Pty Ltd,Graffiti management and pressure cleaning services,3668,2030-08-01,43582976.14579439,36519079.273322046,50221803.24554479
Calcorp Services Pty Ltd,Graffiti management and pressure cleaning services,3668,2030-09-01,41262760.36414234,34213476.21085224,48404353.87164402
Calcorp Services Pty Ltd,Graffiti management and pressure cleaning services,3668,2030-10-01,45985602.05956578,38974147.20376582,52807460.44658852
Calcorp Services Pty Ltd,Graffiti management and pressure cleaning services,3668,2030-11-01,43344613.56702786,36765352.62357182,50156241.79317255
Calcorp Services Pty Ltd,Graffiti management and pressure cleaning services,3668,2030-12-01,41858820.58950336,34421051.64323294,48783592.03740579
Calcorp Services Pty Ltd,Graffiti management and pressure cleaning services,3668,2031-01-01,36429635.29880703,29757570.118311696,43491271.02725479
Citywide Service Solutions Pty Ltd,Civil infrastructure services,3665,2025-01-01,41104039.23621211,33357745.599106405,48183633.67762627
Citywide Service Solutions Pty Ltd,Civil infrastructure services,3665,2025-02-01,42912398.27571052,36240362.43033148,49979912.82740338
Citywide Service Solutions Pty Ltd,Civil infrastructure services,3665,2025-03-01,48752643.09999804,41904639.823452525,55558290.608531445
Citywide Service Solutions Pty Ltd,Civil infrastructure services,3665,2025-04-01,47376689.776253685,40534817.95292614,54791871.1417283
Citywide Service Solutions Pty Ltd,Civil infrastructure services,3665,2025-05-01,45644707.80249408,38582066.194765,52454555.82456582
Citywide Service Solutions Pty Ltd,Civil infrastructure services,3665,2025-06-01,48637260.29084874,42046138.14551208,55608468.1630018
Citywide Service Solutions Pty Ltd,Civil infrastructure services,3665,2025-07-01,46059018.17721319,38979112.93577551,52991096.67669518
Citywide Service Solutions Pty Ltd,Civil infrastructure services,3665,2025-08-01,46249092.63646478,39049200.72227776,53471598.91753876
Citywide Service Solutions Pty Ltd,Civil infrastructure services,3665,2025-09-01,46981715.44504983,40183068.78534362,53680763.89372324
Citywide Service Solutions Pty Ltd,Civil infrastructure services,3665,2025-10-01,48467301.99331056,42029067.00241022,55768041.15188412
Citywide Service Solutions Pty Ltd,Civil infrastructure services,3665,2025-11-01,45026891.19982699,37751888.73035711,51136441.16009612
Citywide Service Solutions Pty Ltd,Civil infrastructure services,3665,2025-12-01,47166293.74356784,40612276.06994801,54290878.65755429
Citywide Service Solutions Pty Ltd,Civil infrastructure services,3665,2026-01-01,39322004.51756504,32287520.625370257,46287913.59163909
Citywide Service Solutions Pty Ltd,Civil infrastructure services,3665,2026-02-01,42919796.14993422,36188422.00067461,49576673.03075827
Citywide Service Solutions Pty Ltd,Civil infrastructure services,3665,2026-03-01,47238854.9852223,40688938.25734174,54218518.73751618
Citywide Service Solutions Pty Ltd,Civil infrastructure services,3665,2026-04-01,45398323.31475296,37869296.46015764,52634211.7023342
Citywide Service Solutions Pty Ltd,Civil infrastructure services,3665,2026-05-01,44972908.83494348,38304161.543309465,52035397.166480586
Citywide Service Solutions Pty Ltd,Civil infrastructure services,3665,2026-06-01,46673117.17780915,39939945.32454508,53844215.15781636
Citywide Service Solutions Pty Ltd,Civil infrastructure services,3665,2026-07-01,45208469.319466606,38408620.837846376,52062254.22472832
Citywide Service Solutions Pty Ltd,Civil infrastructure services,3665,2026-08-01,47269577.84988175,40687792.51828495,54269119.34150117
Citywide Service Solutions Pty Ltd,Civil infrastructure services,3665,2026-09-01,45334819.1841322,38766161.69091438,52612596.92717423
Citywide Service Solutions Pty Ltd,Civil infrastructure services,3665,2026-10-01,45717510.98443216,38440995.50917675,52309571.17764592
Citywide Service Solutions Pty Ltd,Civil infrastructure services,3665,2026-11-01,43662198.412185535,36544948.88925404,50413416.03976504
Citywide Service Solutions Pty Ltd,Civil infrastructure services,3665,2026-12-01,47292149.06029834,40923973.849297,54204712.62166236
Citywide Service Solutions Pty Ltd,Civil infrastructure services,3665,2027-01-01,37543701.05127249,30783768.061224185,44321368.16112893
Citywide Service Solutions Pty Ltd,Civil infrastructure services,3665,2027-02-01,42927113.14147235,36085858.13634309,49843219.677129954
Citywide Service Solutions Pty Ltd,Civil infrastructure services,3665,2027-03-01,45698295.86389797,39429281.91401456,52860673.90593996
Citywide Service Solutions Pty Ltd,Civil infrastructure services,3665,2027-04-01,43423721.18244271,36643869.21827178,50501063.25266904
Citywide Service Solutions Pty Ltd,Civil infrastructure services,3665,2027-05-01,44307478.65237801,37571099.04158118,51344712.14992675
Citywide Service Solutions Pty Ltd,Civil infrastructure services,3665,2027-06-01,44719288.183892176,37678126.69053972,51447593.669834025
Citywide Service Solutions Pty Ltd,Civil infrastructure services,3665,2027-07-01,44393821.61509679,37152014.608890295,51727381.15249298
Citywide Service Solutions Pty Ltd,Civil infrastructure services,3665,2027-08-01,48271449.2240903,41149841.20223522,55298770.21249896
Citywide Service Solutions Pty Ltd,Civil infrastructure services,3665,2027-09-01,43633193.022367045,36468007.33864959,51128592.46660659
Citywide Service Solutions Pty Ltd,Civil infrastructure services,3665,2027-10-01,42969183.514853366,36359736.74801055,49550526.24136247
Citywide Service Solutions Pty Ltd,Civil infrastructure services,3665,2027-11-01,42338087.94079566,35202798.586547874,49226404.36657772
Citywide Service Solutions Pty Ltd,Civil infrastructure services,3665,2027-12-01,47422378.66921849,40773394.74450602,54188198.16040934
Citywide Service Solutions Pty Ltd,Civil infrastructure services,3665,2028-01-01,35769109.639372766,28612749.83068884,42718693.123790175
Citywide Service Solutions Pty Ltd,Civil infrastructure services,3665,2028-02-01,42933026.46610233,36543582.08162539,50395955.1753704
Citywide Service Solutions Pty Ltd,Civil infrastructure services,3665,2028-03-01,45770192.83674324,38744717.86949733,52892540.50979961
Citywide Service Solutions Pty Ltd,Civil infrastructure services,3665,2028-04-01,44888749.63648852,37571807.2636286,52021550.58796185
Citywide Service Solutions Pty Ltd,Civil infrastructure services,3665,2028-05-01,41853885.11524776,35216939.973341,48622422.572646536
Citywide Service Solutions Pty Ltd,Civil infrastructure services,3665,2028-06-01,46141929.67424694,39061527.05249236,53016649.13659486
Citywide Service Solutions Pty Ltd,Civil infrastructure services,3665,2028-07-01,42477247.1336255,35472289.65933197,49099120.59075641
Citywide Service Solutions Pty Ltd,Civil infrastructure services,3665,2028-08-01,40743421.40111576,34036419.292957045,47622163.02527695
Citywide Service Solutions Pty Ltd,Civil infrastructure services,3665,2028-09-01,44104446.88993657,37260249.31147954,50915298.28950779
Citywide Service Solutions Pty Ltd,Civil infrastructure services,3665,2028-10-01,46747377.21391323,40170668.1809983,53746952.00123102
Citywide Service Solutions Pty Ltd,Civil infrastructure services,3665,2028-11-01,41962638.1047266,35111911.114568844,48678543.48665915
Citywide Service Solutions Pty Ltd,Civil infrastructure services,3665,2028-12-01,42577027.0921642,35715251.61650576,49412773.17126403
Citywide Service Solutions Pty Ltd,Civil infrastructure services,3665,2029-01-01,36634964.6924917,29771952.39981488,43471085.08246184
Citywide Service Solutions Pty Ltd,Civil infrastructure services,3665,2029-02-01,38443313.928628124,31359515.626139607,45300756.377654605
Citywide Service Solutions Pty Ltd,Civil infrastructure services,3665,2029-03-01,44283549.89829623,37423260.87838075,51010574.62999604
Citywide Service Solutions Pty Ltd,Civil infrastructure services,3665,2029-04-01,42907586.76977602,35697409.594829395,49854085.02133826
Citywide Service Solutions Pty Ltd,Civil infrastructure services,3665,2029-05-01,41175595.30750351,34027892.59723035,48103852.50832938
Citywide Service Solutions Pty Ltd,Civil infrastructure services,3665,2029-06-01,44168137.99339829,37078885.42585175,51013599.90896574
Citywide Service Solutions Pty Ltd,Civil infrastructure services,3665,2029-07-01,41589886.39350938,34489127.6713165,48424322.34694749
Citywide Service Solutions Pty Ltd,Civil infrastructure services,3665,2029-08-01,41779951.05006264,34946433.0236893,48970829.234521486
Citywide Service Solutions Pty Ltd,Civil infrastructure services,3665,2029-09-01,42512564.05596665,35232758.1834979,49714205.31565128
Citywide Service Solutions Pty Ltd,Civil infrastructure services,3665,2029-10-01,43998141.11645057,37021752.56807717,50262737.498429805
Citywide Service Solutions Pty Ltd,Civil infrastructure services,3665,2029-11-01,40557720.51986452,33961938.20588532,47480849.8374789
Citywide Service Solutions Pty Ltd,Civil infrastructure services,3665,2029-12-01,42697113.57672177,35492188.88707558,49640857.914027534
Citywide Service Solutions Pty Ltd,Civil infrastructure services,3665,2030-01-01,34852814.54868277,27832951.621054128,41352059.86517215
Citywide Service Solutions Pty Ltd,Civil infrastructure services,3665,2030-02-01,38450596.37898953,31685980.844120875,45592196.50623754
Citywide Service Solutions Pty Ltd,Civil infrastructure services,3665,2030-03-01,42769646.35878849,35774668.67164732,49517800.27590402
Citywide Service Solutions Pty Ltd,Civil infrastructure services,3665,2030-04-01,40929104.88403042,34445304.69352416,48248667.20794537
Citywide Service Solutions Pty Ltd,Civil infrastructure services,3665,2030-05-01,40503680.916510135,33556159.9027454,47600966.82930148
Citywide Service Solutions Pty Ltd,Civil infrastructure services,3665,2030-06-01,42203879.45540473,34761006.40853471,49127597.26647006
Citywide Service Solutions Pty Ltd,Civil infrastructure services,3665,2030-07-01,40739222.1092458,33283336.246102408,47897150.76103893
Citywide Service Solutions Pty Ltd,Civil infrastructure services,3665,2030-08-01,42800320.83560753,36450903.31341596,49839333.0451397
Citywide Service Solutions Pty Ltd,Civil infrastructure services,3665,2030-09-01,40865552.36433302,33907870.256238475,47407866.22905788
Citywide Service Solutions Pty Ltd,Civil infrastructure services,3665,2030-10-01,41248234.67543859,33984905.99101079,47915978.23174598
Citywide Service Solutions Pty Ltd,Civil infrastructure services,3665,2030-11-01,39192912.2976881,31996341.1812662,46135767.20787445
Citywide Service Solutions Pty Ltd,Civil infrastructure services,3665,2030-12-01,42822853.4566204,36001871.20078824,49766486.012254745
Citywide Service Solutions Pty Ltd,Civil infrastructure services,3665,2031-01-01,33074395.64469198,25859758.42105633,40219901.701304674
Citywide Service Solutions Pty Ltd,Open spaces management - region 1,3676,2025-01-01,40661645.481551394,32904793.39230741,47830320.803286575
Citywide Service Solutions Pty Ltd,Open spaces management - region 1,3676,2025-02-01,45072142.98636704,37559516.24100191,52141318.11982309
Citywide Service Solutions Pty Ltd,Open spaces management - region 1,3676,2025-03-01,49176177.25706629,41980844.27465759,56399824.95179444
Citywide Service Solutions Pty Ltd,Open spaces management - region 1,3676,2025-04-01,44363613.78349172,37412074.67272089,50987170.6091811
Citywide Service Solutions Pty Ltd,Open spaces management - region 1,3676,2025-05-01,48191185.63897408,41193971.68377248,55642049.68751429
Citywide Service Solutions Pty Ltd,Open spaces management - region 1,3676,2025-06-01,46025188.571342885,38266131.95521572,52785557.810886025
Citywide Service Solutions Pty Ltd,Open spaces management - region 1,3676,2025-07-01,45452540.573165625,38092094.57995874,52235311.56648072
Citywide Service Solutions Pty Ltd,Open spaces management - region 1,3676,2025-08-01,46386603.96138407,39249380.67131187,53535759.3511988
Citywide Service Solutions Pty Ltd,Open spaces management - region 1,3676,2025-09-01,46016236.937709,38613348.57864646,53364242.700579725
Citywide Service Solutions Pty Ltd,Open spaces management - region 1,3676,2025-10-01,47774178.54153893,40318999.7176924,55249378.36625935
Citywide Service Solutions Pty Ltd,Open spaces management - region 1,3676,2025-11-01,44708840.09495472,37469467.16282226,52534750.20544611
Citywide Service Solutions Pty Ltd,Open spaces management - region 1,3676,2025-12-01,46619072.03565183,39604233.00350587,53726276.27354973
Citywide Service Solutions Pty Ltd,Open spaces management - region 1,3676,2026-01-01,40668921.85590518,33726815.867908865,47538520.72985106
Citywide Service Solutions Pty Ltd,Open spaces management - region 1,3676,2026-02-01,44050922.61850715,36629327.22491828,51580712.44328392
Citywide Service Solutions Pty Ltd,Open spaces management - region 1,3676,2026-03-01,47847018.03591977,40729715.733904615,54897376.2930892
Citywide Service Solutions Pty Ltd,Open spaces management - region 1,3676,2026-04-01,44048317.57189478,37483283.85599915,51430320.99990462
Citywide Service Solutions Pty Ltd,Open spaces management - region 1,3676,2026-05-01,48198957.00631053,40896626.39035226,55455888.52216645
Citywide Service Solutions Pty Ltd,Open spaces management - region 1,3676,2026-06-01,45401287.572388485,37356877.87838633,53331340.91952576
Citywide Service Solutions Pty Ltd,Open spaces management - region 1,3676,2026-07-01,44718441.69983337,37250560.35139636,52287014.65971103
Citywide Service Solutions Pty Ltd,Open spaces management - region 1,3676,2026-08-01,45539875.4724333,37559958.30123191,52418402.580912486
Citywide Service Solutions Pty Ltd,Open spaces management - region 1,3676,2026-09-01,45428569.16860918,37867267.73125037,52701076.41365887
Citywide Service Solutions Pty Ltd,Open spaces management - region 1,3676,2026-10-01,46899118.84923513,39751847.10733263,53960191.53391772
Citywide Service Solutions Pty Ltd,Open spaces management - region 1,3676,2026-11-01,44253881.037787214,37036531.2315869,51842891.18226171
Citywide Service Solutions Pty Ltd,Open spaces management - region 1,3676,2026-12-01,46224410.60599517,39578646.5252196,53432725.64286451
Citywide Service Solutions Pty Ltd,Open spaces management - region 1,3676,2027-01-01,40664515.14646415,33599237.33076916,47484966.1449116
Citywide Service Solutions Pty Ltd,Open spaces management - region 1,3676,2027-02-01,43010272.40611751,35827997.02476218,50553543.92810901
Citywide Service Solutions Pty Ltd,Open spaces management - region 1,3676,2027-03-01,46529809.96898107,39392562.1090995,53359907.0132884
Citywide Service Solutions Pty Ltd,Open spaces management - region 1,3676,2027-04-01,43755780.82253631,36411762.16874927,50802747.67933043
Citywide Service Solutions Pty Ltd,Open spaces management - region 1,3676,2027-05-01,48203164.80478828,40804263.17052211,54926776.09506298
Citywide Service Solutions Pty Ltd,Open spaces management - region 1,3676,2027-06-01,44765304.226946816,37531507.93215002,51678339.93113306
Citywide Service Solutions Pty Ltd,Open spaces management - region 1,3676,2027-07-01,43977885.19685965,36552567.62933097,51292346.90305316
Citywide Service Solutions Pty Ltd,Open spaces management - region 1,3676,2027-08-01,44692937.813939065,37465247.5780176,51769431.36531571
Citywide Service Solutions Pty Ltd,Open spaces management - region 1,3676,2027-09-01,44842467.56529916,37435248.59842595,52207344.5323417
Citywide Service Solutions Pty Ltd,Open spaces management - region 1,3676,2027-10-01,46029166.65339439,38728119.84076332,53685101.264054365
Citywide Service Solutions Pty Ltd,Open spaces management - region 1,3676,2027-11-01,43809096.64139534,36953784.60245843,50815346.04080524
Citywide Service Solutions Pty Ltd,Open spaces management - region 1,3676,2027-12-01,45831864.01133726,38884374.06334109,52780105.81616163
Citywide Service Solutions Pty Ltd,Open spaces management - region 1,3676,2028-01-01,40647793.41186208,33456918.230483208,47829325.9914053
Citywide Service Solutions Pty Ltd,Open spaces management - region 1,3676,2028-02-01,41950659.50577369,34859425.49298745,49223969.545324594
Citywide Service Solutions Pty Ltd,Open spaces management - region 1,3676,2028-03-01,48070865.99228838,41637458.32447083,55482590.47731342
Citywide Service Solutions Pty Ltd,Open spaces management - region 1,3676,2028-04-01,42256427.4402779,34944843.00226053,49849619.68538019
Citywide Service Solutions Pty Ltd,Open spaces management - region 1,3676,2028-05-01,45735142.07044492,39065746.47024287,52982746.84757621
Citywide Service Solutions Pty Ltd,Open spaces management - region 1,3676,2028-06-01,44191588.279368594,37082491.233741455,51518609.66636121
Citywide Service Solutions Pty Ltd,Open spaces management - region 1,3676,2028-07-01,43734377.32378171,35910752.45101499,51134559.01433005
Citywide Service Solutions Pty Ltd,Open spaces management - region 1,3676,2028-08-01,44787186.16341495,37442872.67636851,52322430.822523214
Citywide Service Solutions Pty Ltd,Open spaces management - region 1,3676,2028-09-01,44159714.18298494,36241133.23946653,51355477.33006403
Citywide Service Solutions Pty Ltd,Open spaces management - region 1,3676,2028-10-01,46208438.63313396,38781566.24603339,53126943.91767144
Citywide Service Solutions Pty Ltd,Open spaces management - region 1,3676,2028-11-01,42728504.48669382,35367990.06513564,50082409.87640004
Citywide Service Solutions Pty Ltd,Open spaces management - region 1,3676,2028-12-01,44570641.52257027,37622628.83962582,52141931.43213427
Citywide Service Solutions Pty Ltd,Open spaces management - region 1,3676,2029-01-01,38215949.92644922,31060151.29680641,45773801.10093611
Citywide Service Solutions Pty Ltd,Open spaces management - region 1,3676,2029-02-01,42626428.86786516,35320416.856484815,49844870.95426735
Citywide Service Solutions Pty Ltd,Open spaces management - region 1,3676,2029-03-01,46730446.3716349,39247524.69642642,54218204.80618133
Citywide Service Solutions Pty Ltd,Open spaces management - region 1,3676,2029-04-01,41917864.333227,35004902.16435503,48934413.21486399
Citywide Service Solutions Pty Ltd,Open spaces management - region 1,3676,2029-05-01,45745418.22275463,38415329.80421213,53571513.766207606
Citywide Service Solutions Pty Ltd,Open spaces management - region 1,3676,2029-06-01,43579402.59030896,36912106.79842751,50714601.807426855
Citywide Service Solutions Pty Ltd,Open spaces management - region 1,3676,2029-07-01,43006736.6261798,36039054.83550927,50316804.77102974
Citywide Service Solutions Pty Ltd,Open spaces management - region 1,3676,2029-08-01,43940781.45079641,36171668.55797182,50969929.176198125
Citywide Service Solutions Pty Ltd,Open spaces management - region 1,3676,2029-09-01,43570395.8635176,35749691.75740437,50930355.00654916
Citywide Service Solutions Pty Ltd,Open spaces management - region 1,3676,2029-10-01,45328319.50194656,38134859.63932521,52619151.18366053
Citywide Service Solutions Pty Ltd,Open spaces management - region 1,3676,2029-11-01,42262962.49252508,34793531.97078537,49516618.68217139
Citywide Service Solutions Pty Ltd,Open spaces management - region 1,3676,2029-12-01,44173176.46918402,37170655.54064182,51307029.227519535
Citywide Service Solutions Pty Ltd,Open spaces management - region 1,3676,2030-01-01,38223007.72878807,31031311.977528285,45453786.29681919
Citywide Service Solutions Pty Ltd,Open spaces management - region 1,3676,2030-02-01,41604989.93074176,34516349.69600369,48774423.316185474
Citywide Service Solutions Pty Ltd,Open spaces management - region 1,3676,2030-03-01,45401068.58334068,38285641.95083398,52497673.0059096
Citywide Service Solutions Pty Ltd,Open spaces management - region 1,3676,2030-04-01,41602349.558274604,34575682.93217279,48759513.90510422
Citywide Service Solutions Pty Ltd,Open spaces management - region 1,3676,2030-05-01,45752971.02885437,38209351.96706703,52812147.6581256
Citywide Service Solutions Pty Ltd,Open spaces management - region 1,3676,2030-06-01,42955283.032309495,35440852.03634354,50060788.72565223
Citywide Service Solutions Pty Ltd,Open spaces management - region 1,3676,2030-07-01,42272419.19446005,35358861.37183324,50056046.04112064
Citywide Service Solutions Pty Ltd,Open spaces management - region 1,3676,2030-08-01,43093834.40292604,35727352.71755727,50174491.18543396
Citywide Service Solutions Pty Ltd,Open spaces management - region 1,3676,2030-09-01,42982509.53757969,36069889.20332049,50114366.06264464
Citywide Service Solutions Pty Ltd,Open spaces management - region 1,3676,2030-10-01,44453041.25544255,36920516.92332133,51599804.65075266
Citywide Service Solutions Pty Ltd,Open spaces management - region 1,3676,2030-11-01,41807784.88039803,34509846.55758361,48814314.27263267
Citywide Service Solutions Pty Ltd,Open spaces management - region 1,3676,2030-12-01,43778296.4838295,36052151.994180754,50907349.71864316
Citywide Service Solutions Pty Ltd,Open spaces management - region 1,3676,2031-01-01,38218382.45892109,30888604.819166757,45310704.60055181
Citywide Service Solutions Pty Ltd,Tree management maintenance services,3678,2025-01-01,40200910.37654011,33314080.393154223,47248413.60390737
Citywide Service Solutions Pty Ltd,Tree management maintenance services,3678,2025-02-01,45163659.62411282,38609661.98521022,51823126.952794135
Citywide Service Solutions Pty Ltd,Tree management maintenance services,3678,2025-03-01,48899116.915657,42538733.81125179,55577872.81437592
Citywide Service Solutions Pty Ltd,Tree management maintenance services,3678,2025-04-01,47168908.307885125,40262049.02332738,53680030.52290736
Citywide Service Solutions Pty Ltd,Tree management maintenance services,3678,2025-05-01,49593940.58334631,42637033.19080262,56350964.44375036
Citywide Service Solutions Pty Ltd,Tree management maintenance services,3678,2025-06-01,48372152.72453653,41971485.25474814,55201529.124235325
Citywide Service Solutions Pty Ltd,Tree management maintenance services,3678,2025-07-01,47632322.32314047,41470644.49130508,54503542.10052743
Citywide Service Solutions Pty Ltd,Tree management maintenance services,3678,2025-08-01,46983966.11198939,39980261.77838714,53305674.32930345
Citywide Service Solutions Pty Ltd,Tree management maintenance services,3678,2025-09-01,45869863.134737976,38775405.95966547,53026846.812898666
Citywide Service Solutions Pty Ltd,Tree management maintenance services,3678,2025-10-01,50083575.57482456,43032099.42218466,56522298.57225181
Citywide Service Solutions Pty Ltd,Tree management maintenance services,3678,2025-11-01,45330168.47557936,38796433.64338149,52278661.09467416
Citywide Service Solutions Pty Ltd,Tree management maintenance services,3678,2025-12-01,50295897.574994735,43605719.082870334,57163573.15166567
Citywide Service Solutions Pty Ltd,Tree management maintenance services,3678,2026-01-01,40108469.67132967,33253672.41801712,47199329.156420544
Citywide Service Solutions Pty Ltd,Tree management maintenance services,3678,2026-02-01,43920308.52781901,37481578.09615386,51231908.38693783
Citywide Service Solutions Pty Ltd,Tree management maintenance services,3678,2026-03-01,46941168.19762662,39969910.27591477,53844822.0774766
Citywide Service Solutions Pty Ltd,Tree management maintenance services,3678,2026-04-01,45600369.62094289,38655882.218087845,52342238.83544812
Citywide Service Solutions Pty Ltd,Tree management maintenance services,3678,2026-05-01,49827175.11887431,43499716.623855904,56842308.27537157
Citywide Service Solutions Pty Ltd,Tree management maintenance services,3678,2026-06-01,46382466.83484676,39634281.9973071,52939057.39550595
Citywide Service Solutions Pty Ltd,Tree management maintenance services,3678,2026-07-01,45269508.24020832,38912101.67948295,51928330.50017666
Citywide Service Solutions Pty Ltd,Tree management maintenance services,3678,2026-08-01,46855956.872171976,40419986.80221599,53995350.030456685
Citywide Service Solutions Pty Ltd,Tree management maintenance services,3678,2026-09-01,44448043.01239904,37656285.97649475,51086710.54760549
Citywide Service Solutions Pty Ltd,Tree management maintenance services,3678,2026-10-01,48338793.83010011,41547744.09839229,54804194.51266448
Citywide Service Solutions Pty Ltd,Tree management maintenance services,3678,2026-11-01,45111902.65782554,38436677.752549134,51563532.516933054
Citywide Service Solutions Pty Ltd,Tree management maintenance services,3678,2026-12-01,47397796.525485344,40440084.62235717,54236830.60059882
Citywide Service Solutions Pty Ltd,Tree management maintenance services,3678,2027-01-01,40035122.68507271,33029171.003174696,46589579.782791466
Citywide Service Solutions Pty Ltd,Tree management maintenance services,3678,2027-02-01,42658499.04620472,35913982.96107656,49597910.43086038
Citywide Service Solutions Pty Ltd,Tree management maintenance services,3678,2027-03-01,44983384.36871182,38824771.71768879,51697895.91124271
Citywide Service Solutions Pty Ltd,Tree management maintenance services,3678,2027-04-01,44058446.61307977,37330875.28274331,50570425.79858513
Citywide Service Solutions Pty Ltd,Tree management maintenance services,3678,2027-05-01,50049941.056787245,42947812.090425126,56467704.44831841
Citywide Service Solutions Pty Ltd,Tree management maintenance services,3678,2027-06-01,44362385.98331311,37181114.55598857,51036118.41722042
Citywide Service Solutions Pty Ltd,Tree management maintenance services,3678,2027-07-01,42927760.05420044,36528971.71636736,49698500.43802847
Citywide Service Solutions Pty Ltd,Tree management maintenance services,3678,2027-08-01,46741424.77936484,40144400.51525609,53563286.92631875
Citywide Service Solutions Pty Ltd,Tree management maintenance services,3678,2027-09-01,43013397.49894829,36005039.46466868,49404545.45200764
Citywide Service Solutions Pty Ltd,Tree management maintenance services,3678,2027-10-01,46600852.02403954,39646322.044635184,53557295.714972645
Citywide Service Solutions Pty Ltd,Tree management maintenance services,3678,2027-11-01,44883148.41007631,38373079.69834071,52128829.98297229
Citywide Service Solutions Pty Ltd,Tree management maintenance services,3678,2027-12-01,44502354.011906266,37761776.586373776,51251819.72118258
Citywide Service Solutions Pty Ltd,Tree management maintenance services,3678,2028-01-01,39979914.164544754,33769380.732583866,46284584.75486473
Citywide Service Solutions Pty Ltd,Tree management maintenance services,3678,2028-02-01,41377985.60376366,34493910.97851039,48471296.05872528
Citywide Service Solutions Pty Ltd,Tree management maintenance services,3678,2028-03-01,45678462.76263839,39097685.86454122,52447226.27780034
Citywide Service Solutions Pty Ltd,Tree management maintenance services,3678,2028-04-01,43585963.53882599,37012121.34752959,50303486.98123246
Citywide Service Solutions Pty Ltd,Tree management maintenance services,3678,2028-05-01,44173663.786965184,37480876.22727568,50903129.10378412
Citywide Service Solutions Pty Ltd,Tree management maintenance services,3678,2028-06-01,45152591.175788485,38748981.78156734,51719532.27209698
Citywide Service Solutions Pty Ltd,Tree management maintenance services,3678,2028-07-01,44836820.24641557,37844915.56531718,51357118.70887626
Citywide Service Solutions Pty Ltd,Tree management maintenance services,3678,2028-08-01,41948072.39893661,35192775.31697808,48743737.61440881
Citywide Service Solutions Pty Ltd,Tree management maintenance services,3678,2028-09-01,42100489.28672363,35768670.87322104,48828086.52151485
Citywide Service Solutions Pty Ltd,Tree management maintenance services,3678,2028-10-01,46656393.500618406,39911897.50717153,53875757.64175701
Citywide Service Solutions Pty Ltd,Tree management maintenance services,3678,2028-11-01,40360015.37985524,33758184.81502785,47167069.40130168
Citywide Service Solutions Pty Ltd,Tree management maintenance services,3678,2028-12-01,48016598.9542538,41365481.77558342,54574220.40930732
Citywide Service Solutions Pty Ltd,Tree management maintenance services,3678,2029-01-01,35022034.99294133,28362454.16550665,42004844.15266403
Citywide Service Solutions Pty Ltd,Tree management maintenance services,3678,2029-02-01,39984671.51244858,33209812.66155191,46677246.18340806
Citywide Service Solutions Pty Ltd,Tree management maintenance services,3678,2029-03-01,43720026.98511436,36986430.24198907,50035767.873643935
Citywide Service Solutions Pty Ltd,Tree management maintenance services,3678,2029-04-01,41989705.6497069,34980942.38051777,48465269.701152265
Citywide Service Solutions Pty Ltd,Tree management maintenance services,3678,2029-05-01,44414628.83392093,37654454.31231248,51236064.47037459
Citywide Service Solutions Pty Ltd,Tree management maintenance services,3678,2029-06-01,43192728.24699277,36663944.07266504,50486530.79962069
Citywide Service Solutions Pty Ltd,Tree management maintenance services,3678,2029-07-01,42452788.75388587,35755185.26930719,48713124.44787406
Citywide Service Solutions Pty Ltd,Tree management maintenance services,3678,2029-08-01,41804319.8148649,35213585.694282405,48517094.91326542
Citywide Service Solutions Pty Ltd,Tree management maintenance services,3678,2029-09-01,40690104.10975348,33901686.04246692,47289522.08448096
Citywide Service Solutions Pty Ltd,Tree management maintenance services,3678,2029-10-01,44903707.45839125,38386119.90115903,51306305.862149015
Citywide Service Solutions Pty Ltd,Tree management maintenance services,3678,2029-11-01,40150187.632010885,33229171.47815217,46801610.531152174
Citywide Service Solutions Pty Ltd,Tree management maintenance services,3678,2029-12-01,45115807.640663214,38036273.48064808,51962610.33957567
Citywide Service Solutions Pty Ltd,Tree management maintenance services,3678,2030-01-01,34928267.01017929,28760602.64412996,41698722.34040273
Citywide Service Solutions Pty Ltd,Tree management maintenance services,3678,2030-02-01,38739993.13989408,31772624.833578885,45546875.42024142
Citywide Service Solutions Pty Ltd,Tree management maintenance services,3678,2030-03-01,41760750.99182225,35126391.35060708,48111265.92407073
Citywide Service Solutions Pty Ltd,Tree management maintenance services,3678,2030-04-01,40419839.68821652,33823433.21426769,46524948.35767109
Citywide Service Solutions Pty Ltd,Tree management maintenance services,3678,2030-05-01,44646536.09538548,37931803.75309264,51579316.52988656
Citywide Service Solutions Pty Ltd,Tree management maintenance services,3678,2030-06-01,41201715.08424894,34174336.420799285,47866542.7733486
Citywide Service Solutions Pty Ltd,Tree management maintenance services,3678,2030-07-01,40088647.39898053,33488074.186375245,46498072.667320415
Citywide Service Solutions Pty Ltd,Tree management maintenance services,3678,2030-08-01,41674983.30398384,35372096.64172361,48331152.029087625
Citywide Service Solutions Pty Ltd,Tree management maintenance services,3678,2030-09-01,39266956.71670509,32011123.19439774,46268036.28694466
Citywide Service Solutions Pty Ltd,Tree management maintenance services,3678,2030-10-01,43157598.44329126,36323730.55927819,49995491.89885529
Citywide Service Solutions Pty Ltd,Tree management maintenance services,3678,2030-11-01,39930594.5440264,33290088.7790646,46578362.467420414
Citywide Service Solutions Pty Ltd,Tree management maintenance services,3678,2030-12-01,42216379.32106032,35701075.04478654,49064006.27097992
Citywide Service Solutions Pty Ltd,Tree management maintenance services,3678,2031-01-01,34853592.75339347,27531728.254044782,41755587.59525168
Cleanaway Waste Management Limited,Waste management services,3556,2025-01-01,39585762.97587175,32340745.67348385,47357214.58252712
Cleanaway Waste Management Limited,Waste management services,3556,2025-02-01,45072731.92952718,38026859.36472876,52021345.43684919
Cleanaway Waste Management Limited,Waste management services,3556,2025-03-01,47350958.22639969,40449567.83793189,54465377.04446025
Cleanaway Waste Management Limited,Waste management services,3556,2025-04-01,47994680.15708067,40514405.60627335,54775432.79519957
Cleanaway Waste Management Limited,Waste management services,3556,2025-05-01,48440142.14050327,41495381.51398852,55580487.89858218
Cleanaway Waste Management Limited,Waste management services,3556,2025-06-01,47292411.20204427,40480561.293121815,54028120.29211371
Cleanaway Waste Management Limited,Waste management services,3556,2025-07-01,46982408.90347673,39638747.64092826,53748413.392217726
Cleanaway Waste Management Limited,Waste management services,3556,2025-08-01,49052747.33730823,41965197.72624503,56282199.63809041
Cleanaway Waste Management Limited,Waste management services,3556,2025-09-01,50226311.52180884,43159693.67438544,57395821.31944722
Cleanaway Waste Management Limited,Waste management services,3556,2025-10-01,48669044.817451455,41408059.85635881,55551396.366459705
Cleanaway Waste Management Limited,Waste management services,3556,2025-11-01,46386221.67111877,39381626.590013534,53498684.01073611
Cleanaway Waste Management Limited,Waste management services,3556,2025-12-01,46214560.63145071,39392775.62226245,53294553.82232579
Cleanaway Waste Management Limited,Waste management services,3556,2026-01-01,39089439.94634575,32052441.269545022,45980507.84925577
Cleanaway Waste Management Limited,Waste management services,3556,2026-02-01,43215763.23666644,35778066.220009305,50022959.494700015
Cleanaway Waste Management Limited,Waste management services,3556,2026-03-01,45828594.243389055,38903617.64665923,52969310.93868379
Cleanaway Waste Management Limited,Waste management services,3556,2026-04-01,46467942.511646815,39937783.48653207,53537594.592018925
Cleanaway Waste Management Limited,Waste management services,3556,2026-05-01,48300309.41373897,41186921.18308716,55316962.38353744
Cleanaway Waste Management Limited,Waste management services,3556,2026-06-01,45809332.33617162,39006924.91216269,53092254.82053015
Cleanaway Waste Management Limited,Waste management services,3556,2026-07-01,46950348.73784124,39599806.28009317,53706674.83240813
Cleanaway Waste Management Limited,Waste management services,3556,2026-08-01,47223410.645053454,39833025.636479296,53942518.09002719
Cleanaway Waste Management Limited,Waste management services,3556,2026-09-01,48150790.25940734,41404809.70432855,55351796.41225041
Cleanaway Waste Management Limited,Waste management services,3556,2026-10-01,47577655.743672624,40945331.666695565,54586071.59306294
Cleanaway Waste Management Limited,Waste management services,3556,2026-11-01,45590051.15604367,38466170.01890873,52638048.455710895
Cleanaway Waste Management Limited,Waste management services,3556,2026-12-01,45649161.9372613,38509008.36268491,52773141.48244352
Cleanaway Waste Management Limited,Waste management services,3556,2027-01-01,38571371.879669175,31205985.865068536,45157417.83981588
Cleanaway Waste Management Limited,Waste management services,3556,2027-02-01,41337923.62454149,33913579.14949116,48408544.26862837
Cleanaway Waste Management Limited,Waste management services,3556,2027-03-01,44314746.22658974,37076641.828447245,51614136.21905176
Cleanaway Waste Management Limited,Waste management services,3556,2027-04-01,44964796.02530083,37870741.1236407,51992850.43156426
Cleanaway Waste Management Limited,Waste management services,3556,2027-05-01,48166555.05716173,41174718.03641782,55616940.14937294
Cleanaway Waste Management Limited,Waste management services,3556,2027-06-01,44325920.57715147,37309346.51461521,51092075.34492725
Cleanaway Waste Management Limited,Waste management services,3556,2027-07-01,46902432.61535179,39948783.83186722,53894967.54798018
Cleanaway Waste Management Limited,Waste management services,3556,2027-08-01,45364463.37092888,38101042.12172727,52598084.61546186
Cleanaway Waste Management Limited,Waste management services,3556,2027-09-01,46081729.30067039,39236010.46578527,53068034.267551705
Cleanaway Waste Management Limited,Waste management services,3556,2027-10-01,46510463.39125487,39351216.42983927,53602258.537253365
Cleanaway Waste Management Limited,Waste management services,3556,2027-11-01,44809518.35882393,38074556.5160079,51971350.75707218
Cleanaway Waste Management Limited,Waste management services,3556,2027-12-01,45081742.59951548,38127023.47794134,52479168.229166366
Cleanaway Waste Management Limited,Waste management services,3556,2028-01-01,38030655.135129504,31154788.466151077,45126665.33161103
Cleanaway Waste Management Limited,Waste management services,3556,2028-02-01,39439639.92667804,32435215.960156634,47302037.55468264
Cleanaway Waste Management Limited,Waste management services,3556,2028-03-01,44344077.97588224,37236521.38121759,52227184.56260338
Cleanaway Waste Management Limited,Waste management services,3556,2028-04-01,45007557.35851951,37586627.33673416,51845002.25051651
Cleanaway Waste Management Limited,Waste management services,3556,2028-05-01,44049864.33093807,36957466.679317616,51322508.217402086
Cleanaway Waste Management Limited,Waste management services,3556,2028-06-01,44238007.29134187,37626727.46335991,51748894.18197593
Cleanaway Waste Management Limited,Waste management services,3556,2028-07-01,42462142.13983857,35581180.27638532,49317535.7429478
Cleanaway Waste Management Limited,Waste management services,3556,2028-08-01,46314051.41305017,39720028.86834615,53714625.79458151
Cleanaway Waste Management Limited,Waste management services,3556,2028-09-01,47769192.19741851,40413724.33429591,54952773.30024271
Cleanaway Waste Management Limited,Waste management services,3556,2028-10-01,45246601.245213896,38092732.63448136,52105407.23983879
Cleanaway Waste Management Limited,Waste management services,3556,2028-11-01,42660571.134671904,35490880.78680103,49163290.32159378
Cleanaway Waste Management Limited,Waste management services,3556,2028-12-01,42240840.81498871,35169713.7584486,49016403.16651251
Cleanaway Waste Management Limited,Waste management services,3556,2029-01-01,35047471.74573644,28121559.327358358,42596196.81577724
Cleanaway Waste Management Limited,Waste management services,3556,2029-02-01,40534305.3678022,33350129.229559228,47351817.35272209
Cleanaway Waste Management Limited,Waste management services,3556,2029-03-01,42812409.42969149,35330946.6065833,50136807.83239427
Cleanaway Waste Management Limited,Waste management services,3556,2029-04-01,43455996.02981621,36098090.81887374,50523574.216133855
Cleanaway Waste Management Limited,Waste management services,3556,2029-05-01,43901327.04818955,36720459.16296476,51077743.12399911
Cleanaway Waste Management Limited,Waste management services,3556,2029-06-01,42753460.77975568,35856858.91305272,49385234.27268607
Cleanaway Waste Management Limited,Waste management services,3556,2029-07-01,42443327.516693816,34774657.40205802,49546245.94311734
Cleanaway Waste Management Limited,Waste management services,3556,2029-08-01,44513530.6205366,37483846.44111758,51988608.75701997
Cleanaway Waste Management Limited,Waste management services,3556,2029-09-01,45686959.47505195,38633838.84092844,52912528.75430409
Cleanaway Waste Management Limited,Waste management services,3556,2029-10-01,44129561.80708956,37033211.80783344,51088947.8312091
Cleanaway Waste Management Limited,Waste management services,3556,2029-11-01,41846603.33281113,34923256.95962566,48840854.71698027
Cleanaway Waste Management Limited,Waste management services,3556,2029-12-01,41674811.33060099,34708705.681585096,48466811.35319048
Cleanaway Waste Management Limited,Waste management services,3556,2030-01-01,34549555.317319065,27708371.22227555,41950810.66326017
Cleanaway Waste Management Limited,Waste management services,3556,2030-02-01,38675743.27945651,31560160.72626708,45312509.43605533
Cleanaway Waste Management Limited,Waste management services,3556,2030-03-01,41288452.05417188,34575752.68115663,48717647.39501059
Cleanaway Waste Management Limited,Waste management services,3556,2030-04-01,41927664.994134575,35389375.204474874,48926842.67682738
Cleanaway Waste Management Limited,Waste management services,3556,2030-05-01,43759900.93472216,36743719.65989694,51376978.7572716
Cleanaway Waste Management Limited,Waste management services,3556,2030-06-01,41268788.53027733,34064665.572832145,48445892.120960295
Cleanaway Waste Management Limited,Waste management services,3556,2030-07-01,42409673.97125735,35490650.187607884,49490559.51835171
Cleanaway Waste Management Limited,Waste management services,3556,2030-08-01,42682600.55241341,36165757.69252125,49846799.02560616
Cleanaway Waste Management Limited,Waste management services,3556,2030-09-01,43609844.8397521,36541069.883816734,50947831.63416223
Cleanaway Waste Management Limited,Waste management services,3556,2030-10-01,43036579.362376966,35649602.612556525,50161201.21769334
Cleanaway Waste Management Limited,Waste management services,3556,2030-11-01,41048839.44774284,33415250.40499292,48394397.03981341
Cleanaway Waste Management Limited,Waste management services,3556,2030-12-01,41107819.26734139,34146664.39764078,48458912.20047
Cleanaway Waste Management Limited,Waste management services,3556,2031-01-01,34029893.88427861,26380389.22497414,41106716.939333074
Menzies International (Aust) Pty Ltd,Building cleaning services,3634,2025-01-01,39337085.76631827,32744756.00617882,46294018.921221
Menzies International (Aust) Pty Ltd,Building cleaning services,3634,2025-02-01,44252957.3972806,36662150.96256053,51515505.0249961
Menzies International (Aust) Pty Ltd,Building cleaning services,3634,2025-03-01,48776947.35162081,41626545.799189,55868652.98028353
Menzies International (Aust) Pty Ltd,Building cleaning services,3634,2025-04-01,45685947.66187399,38850738.7560687,53101873.70947792
Menzies International (Aust) Pty Ltd,Building cleaning services,3634,2025-05-01,46649287.94277362,39471779.25478638,53387128.76746883
Menzies International (Aust) Pty Ltd,Building cleaning services,3634,2025-06-01,46267049.06791834,39242127.00498375,53281302.77973309
Menzies International (Aust) Pty Ltd,Building cleaning services,3634,2025-07-01,45826456.93041627,38220539.01171766,53289704.63328814
Menzies International (Aust) Pty Ltd,Building cleaning services,3634,2025-08-01,48036543.42723944,40977074.45460719,55245514.447713874
Menzies International (Aust) Pty Ltd,Building cleaning services,3634,2025-09-01,44506781.12590434,37640631.17496585,51851049.09744588
Menzies International (Aust) Pty Ltd,Building cleaning services,3634,2025-10-01,49716132.14951216,42184085.4199431,57313684.955976
Menzies International (Aust) Pty Ltd,Building cleaning services,3634,2025-11-01,47718726.07882296,40919601.10140242,54960147.22426078
Menzies International (Aust) Pty Ltd,Building cleaning services,3634,2025-12-01,45893053.20817876,38819097.64339028,53317470.58384763
Menzies International (Aust) Pty Ltd,Building cleaning services,3634,2026-01-01,40359242.05978084,33096671.578163665,48071059.46222675
Menzies International (Aust) Pty Ltd,Building cleaning services,3634,2026-02-01,43694255.97244014,36815478.98542413,50936663.7144702
Menzies International (Aust) Pty Ltd,Building cleaning services,3634,2026-03-01,47686644.14829943,39902674.21391722,54928179.33884968
Menzies International (Aust) Pty Ltd,Building cleaning services,3634,2026-04-01,44144424.9714298,36728294.841053374,51670851.68942092
Menzies International (Aust) Pty Ltd,Building cleaning services,3634,2026-05-01,44578486.1912416,37760456.26633578,52070413.34276886
Menzies International (Aust) Pty Ltd,Building cleaning services,3634,2026-06-01,47107810.80453641,40050854.628509656,54197248.53514151
Menzies International (Aust) Pty Ltd,Building cleaning services,3634,2026-07-01,43394861.89458123,35930277.346739694,50701494.97020723
Menzies International (Aust) Pty Ltd,Building cleaning services,3634,2026-08-01,47948664.968884006,41186209.982506566,54971078.62516143
Menzies International (Aust) Pty Ltd,Building cleaning services,3634,2026-09-01,45834622.87166674,38638334.684507705,52938893.97264387
Menzies International (Aust) Pty Ltd,Building cleaning services,3634,2026-10-01,46493673.58497833,39711041.03217901,53685152.00603865
Menzies International (Aust) Pty Ltd,Building cleaning services,3634,2026-11-01,46496690.95629736,39488902.80123205,53706089.95349149
Menzies International (Aust) Pty Ltd,Building cleaning services,3634,2026-12-01,43955061.57979674,36869692.29310685,50713536.7458576
Menzies International (Aust) Pty Ltd,Building cleaning services,3634,2027-01-01,41408856.09638631,34149221.67527125,48393682.89626971
Menzies International (Aust) Pty Ltd,Building cleaning services,3634,2027-02-01,43112567.08994882,35617913.46271881,50322683.01926528
Menzies International (Aust) Pty Ltd,Building cleaning services,3634,2027-03-01,46571475.906439394,39311109.0570052,53257288.27080258
Menzies International (Aust) Pty Ltd,Building cleaning services,3634,2027-04-01,42590956.58027827,35208916.688098125,49629352.1933221
Menzies International (Aust) Pty Ltd,Building cleaning services,3634,2027-05-01,42539165.240787335,35195048.260523885,49536014.56235511
Menzies International (Aust) Pty Ltd,Building cleaning services,3634,2027-06-01,47955115.73941205,40681032.52361874,54449413.89008573
Menzies International (Aust) Pty Ltd,Building cleaning services,3634,2027-07-01,40966802.04509411,33462514.94829924,48209489.5868074
Menzies International (Aust) Pty Ltd,Building cleaning services,3634,2027-08-01,47894437.66121645,40259376.93326377,55065486.24063207
Menzies International (Aust) Pty Ltd,Building cleaning services,3634,2027-09-01,47121069.67112272,40092707.00801878,54497619.86039815
Menzies International (Aust) Pty Ltd,Building cleaning services,3634,2027-10-01,43232160.75546876,35806702.536599614,50513748.221018046
Menzies International (Aust) Pty Ltd,Building cleaning services,3634,2027-11-01,45290612.04218736,38165290.496233895,52152239.57982321
Menzies International (Aust) Pty Ltd,Building cleaning services,3634,2027-12-01,42060763.03494385,34610516.00539218,48786218.03026426
Menzies International (Aust) Pty Ltd,Building cleaning services,3634,2028-01-01,42483768.11281916,35109261.814781755,50083199.16952793
Menzies International (Aust) Pty Ltd,Building cleaning services,3634,2028-02-01,42506802.73819307,35274938.63684046,49314968.91725321
Menzies International (Aust) Pty Ltd,Building cleaning services,3634,2028-03-01,46153882.52699265,39131725.14190657,53342025.87274275
Menzies International (Aust) Pty Ltd,Building cleaning services,3634,2028-04-01,43526243.775264926,36815042.9942898,50604447.45795014
Menzies International (Aust) Pty Ltd,Building cleaning services,3634,2028-05-01,45062329.93189072,37925789.25376415,52125350.573411256
Menzies International (Aust) Pty Ltd,Building cleaning services,3634,2028-06-01,41746010.1241606,34230829.022544585,48777220.087203965
Menzies International (Aust) Pty Ltd,Building cleaning services,3634,2028-07-01,44572494.96032606,37593574.84406066,51681652.481365845
Menzies International (Aust) Pty Ltd,Building cleaning services,3634,2028-08-01,44471192.25396982,37352259.81289579,51191586.990023024
Menzies International (Aust) Pty Ltd,Building cleaning services,3634,2028-09-01,39451659.14369288,33102874.99412113,46090674.05725827
Menzies International (Aust) Pty Ltd,Building cleaning services,3634,2028-10-01,49209030.24078214,42138729.45781855,56285395.317170486
Menzies International (Aust) Pty Ltd,Building cleaning services,3634,2028-11-01,45267112.88408239,38376780.23794386,53199597.95070688
Menzies International (Aust) Pty Ltd,Building cleaning services,3634,2028-12-01,44185649.7575433,36901483.57847901,50987085.69797208
Menzies International (Aust) Pty Ltd,Building cleaning services,3634,2029-01-01,35648737.40671678,27867625.06246288,42408358.181874886
Menzies International (Aust) Pty Ltd,Building cleaning services,3634,2029-02-01,40564565.10098007,33135650.156513125,47620901.74634036
Menzies International (Aust) Pty Ltd,Building cleaning services,3634,2029-03-01,45088515.37058198,38228509.03687526,51937553.199653685
Menzies International (Aust) Pty Ltd,Building cleaning services,3634,2029-04-01,41997471.744048975,34636712.854259536,48838066.09266969
Menzies International (Aust) Pty Ltd,Building cleaning services,3634,2029-05-01,42960769.50546117,36111071.96313238,49940726.811858125
Menzies International (Aust) Pty Ltd,Building cleaning services,3634,2029-06-01,42578486.69399791,35128101.57736378,49290100.39154339
Menzies International (Aust) Pty Ltd,Building cleaning services,3634,2029-07-01,42137852.0371676,34858516.04302437,49605295.820154935
Menzies International (Aust) Pty Ltd,Building cleaning services,3634,2029-08-01,44347894.59778934,37908421.00286878,51398735.72017086
Menzies International (Aust) Pty Ltd,Building cleaning services,3634,2029-09-01,40818088.36022769,34011182.27409499,48090622.83612823
Menzies International (Aust) Pty Ltd,Building cleaning services,3634,2029-10-01,46027396.86434245,38949085.58237488,53229246.28831657
Menzies International (Aust) Pty Ltd,Building cleaning services,3634,2029-11-01,44029946.85692762,36903089.78798996,51197065.72508527
Menzies International (Aust) Pty Ltd,Building cleaning services,3634,2029-12-01,42204231.4669132,35202682.87852117,49460884.05696297
Menzies International (Aust) Pty Ltd,Building cleaning services,3634,2030-01-01,36670376.38227065,29301832.204252675,43641312.42426967
Menzies International (Aust) Pty Ltd,Building cleaning services,3634,2030-02-01,40005346.35871976,32722725.912529983,46563595.41706327
Menzies International (Aust) Pty Ltd,Building cleaning services,3634,2030-03-01,43997694.85058517,37305315.89344225,50818020.40153896
Menzies International (Aust) Pty Ltd,Building cleaning services,3634,2030-04-01,40455431.73785118,33398073.05968804,47387512.28170491
Menzies International (Aust) Pty Ltd,Building cleaning services,3634,2030-05-01,40889450.43866029,34183820.72662131,48043472.75971376
Menzies International (Aust) Pty Ltd,Building cleaning services,3634,2030-06-01,43418731.11562064,36402109.19880246,49763790.644927226
Menzies International (Aust) Pty Ltd,Building cleaning services,3634,2030-07-01,39705739.68681673,32300297.487147357,46609797.46489093
Menzies International (Aust) Pty Ltd,Building cleaning services,3634,2030-08-01,44259498.82497715,37251133.23975934,51634688.82459379
Menzies International (Aust) Pty Ltd,Building cleaning services,3634,2030-09-01,42145412.79138613,35401548.73319974,49681567.21675941
Menzies International (Aust) Pty Ltd,Building cleaning services,3634,2030-10-01,42804420.98562157,34927200.885016635,49794666.546831705
Menzies International (Aust) Pty Ltd,Building cleaning services,3634,2030-11-01,42807394.4200218,35268045.598624185,49655296.08179265
Menzies International (Aust) Pty Ltd,Building cleaning services,3634,2030-12-01,40265722.523895234,33311339.005504835,46868241.41572058
Menzies International (Aust) Pty Ltd,Building cleaning services,3634,2031-01-01,37719473.103875205,30937863.31461699,44904189.7075575
National Protective Services Pty Ltd,Integrated security services,3686,2025-01-01,39748513.16636021,32612936.049676213,46562742.43113532
National Protective Services Pty Ltd,Integrated security services,3686,2025-02-01,43977056.72063445,37249294.0559814,51150967.36387163
National Protective Services Pty Ltd,Integrated security services,3686,2025-03-01,49085770.16241922,42212575.24045147,56049478.23126865
National Protective Services Pty Ltd,Integrated security services,3686,2025-04-01,47049516.43524795,39883981.56627205,54450831.88296266
National Protective Services Pty Ltd,Integrated security services,3686,2025-05-01,48211759.46235505,41549680.28313892,55644943.907764815
National Protective Services Pty Ltd,Integrated security services,3686,2025-06-01,44707119.21290283,37328611.91677455,51615189.70682833
National Protective Services Pty Ltd,Integrated security services,3686,2025-07-01,46824441.58756046,39186557.66494224,53391015.11452119
National Protective Services Pty Ltd,Integrated security services,3686,2025-08-01,45753127.77602438,38453658.40295977,52598104.72957982
National Protective Services Pty Ltd,Integrated security services,3686,2025-09-01,48336019.67344614,41584550.906575724,55446777.74513032
National Protective Services Pty Ltd,Integrated security services,3686,2025-10-01,47890336.55324963,41083860.199020185,55348559.92624966
National Protective Services Pty Ltd,Integrated security services,3686,2025-11-01,46631467.90381744,39489067.69823188,53862788.33608583
National Protective Services Pty Ltd,Integrated security services,3686,2025-12-01,48525429.96364652,41253390.17330678,55806893.37503784
National Protective Services Pty Ltd,Integrated security services,3686,2026-01-01,39948216.09919705,33008614.162526343,47035109.3331042
National Protective Services Pty Ltd,Integrated security services,3686,2026-02-01,43210348.54943754,35990387.12930201,50019134.15557692
National Protective Services Pty Ltd,Integrated security services,3686,2026-03-01,46642445.553406864,39068213.10647592,53493375.97403893
National Protective Services Pty Ltd,Integrated security services,3686,2026-04-01,45999061.36328316,39163879.08138523,53487661.4038079
National Protective Services Pty Ltd,Integrated security services,3686,2026-05-01,48421398.93821328,40593744.430110775,55092196.67738414
National Protective Services Pty Ltd,Integrated security services,3686,2026-06-01,43535554.44688942,35941466.65361569,50515248.11418019
National Protective Services Pty Ltd,Integrated security services,3686,2026-07-01,46409977.33754572,39705887.26428028,53583221.31284149
National Protective Services Pty Ltd,Integrated security services,3686,2026-08-01,45511767.374055564,38462124.959782295,52921901.643986
National Protective Services Pty Ltd,Integrated security services,3686,2026-09-01,46856931.31464218,39821178.81572758,54163851.04396317
National Protective Services Pty Ltd,Integrated security services,3686,2026-10-01,46041396.41334467,38771350.35637626,52842301.66067568
National Protective Services Pty Ltd,Integrated security services,3686,2026-11-01,45368439.53542305,38504635.56633099,52552452.07313271
National Protective Services Pty Ltd,Integrated security services,3686,2026-12-01,48792461.98351379,41670152.35457293,55821615.13741816
National Protective Services Pty Ltd,Integrated security services,3686,2027-01-01,40130726.34534014,33552801.782962635,47182954.38643703
National Protective Services Pty Ltd,Integrated security services,3686,2027-02-01,42402790.681893565,34851843.32560564,49868625.16180369
National Protective Services Pty Ltd,Integrated security services,3686,2027-03-01,44200315.36748662,36940035.19856991,51657724.67641138
National Protective Services Pty Ltd,Integrated security services,3686,2027-04-01,44986673.796012364,37614524.70879942,52246220.4696297
National Protective Services Pty Ltd,Integrated security services,3686,2027-05-01,48638287.45383888,41769137.68449837,56165606.422612086
National Protective Services Pty Ltd,Integrated security services,3686,2027-06-01,42361586.663757294,35095177.87559318,49580747.002635136
National Protective Services Pty Ltd,Integrated security services,3686,2027-07-01,45997088.14692151,38990541.78890769,52945872.6366568
National Protective Services Pty Ltd,Integrated security services,3686,2027-08-01,45247842.26153795,37833174.76336592,52034173.02209996
National Protective Services Pty Ltd,Integrated security services,3686,2027-09-01,45351104.63001673,38144301.95157185,52522885.93499288
National Protective Services Pty Ltd,Integrated security services,3686,2027-10-01,44201885.55361979,36657170.09014312,51003865.67417504
National Protective Services Pty Ltd,Integrated security services,3686,2027-11-01,44143718.70039878,37196484.92346485,51006187.38755689
National Protective Services Pty Ltd,Integrated security services,3686,2027-12-01,49079299.470877424,42042440.062221445,56691084.75579809
National Protective Services Pty Ltd,Integrated security services,3686,2028-01-01,40294480.42374379,33172301.857513968,47129734.85660261
National Protective Services Pty Ltd,Integrated security services,3686,2028-02-01,41554272.25124729,34717154.54904262,48746759.886877626
National Protective Services Pty Ltd,Integrated security services,3686,2028-03-01,48079872.307513885,41109864.82283565,54947102.57815789
National Protective Services Pty Ltd,Integrated security services,3686,2028-04-01,44689168.86737344,37524136.2408898,51548588.42364932
National Protective Services Pty Ltd,Integrated security services,3686,2028-05-01,44562104.10202189,37621156.285827935,51763570.615683705
National Protective Services Pty Ltd,Integrated security services,3686,2028-06-01,42428011.7080868,35144767.29643514,49284040.36881994
National Protective Services Pty Ltd,Integrated security services,3686,2028-07-01,43792770.36892879,36894423.15878297,50971347.500721976
National Protective Services Pty Ltd,Integrated security services,3686,2028-08-01,42524174.73489315,35911942.329950795,49391133.33218997
National Protective Services Pty Ltd,Integrated security services,3686,2028-09-01,46339099.41800007,39092833.95868581,53182397.11091647
National Protective Services Pty Ltd,Integrated security services,3686,2028-10-01,46298791.82251553,38885038.78785996,53643103.59378307
National Protective Services Pty Ltd,Integrated security services,3686,2028-11-01,44483899.87138152,37574923.72663903,51600101.12129551
National Protective Services Pty Ltd,Integrated security services,3686,2028-12-01,44831327.257175416,37749588.65193826,52215544.99969765
National Protective Services Pty Ltd,Integrated security services,3686,2029-01-01,36300035.979469165,29434620.090485487,43050684.21907783
National Protective Services Pty Ltd,Integrated security services,3686,2029-02-01,40528548.05892501,33059020.917832635,47577616.93253642
National Protective Services Pty Ltd,Integrated security services,3686,2029-03-01,45637233.07187528,38415592.12973871,53090791.50981738
National Protective Services Pty Ltd,Integrated security services,3686,2029-04-01,43600947.87015272,36298154.907523625,50760401.10653376
National Protective Services Pty Ltd,Integrated security services,3686,2029-05-01,44763160.438023455,37286072.20810083,51790919.85655686
National Protective Services Pty Ltd,Integrated security services,3686,2029-06-01,41258488.71466967,34479537.96737676,48522375.39068885
National Protective Services Pty Ltd,Integrated security services,3686,2029-07-01,43375780.63070071,36290522.52555475,50638787.36494955
National Protective Services Pty Ltd,Integrated security services,3686,2029-08-01,42304435.345085084,34765720.38607326,49523747.57063641
National Protective Services Pty Ltd,Integrated security services,3686,2029-09-01,44887295.76842939,37320807.737155445,51650170.79428327
National Protective Services Pty Ltd,Integrated security services,3686,2029-10-01,44441582.18879224,37344352.39258092,51404694.81148405
National Protective Services Pty Ltd,Integrated security services,3686,2029-11-01,43182682.06506908,36757229.9314037,50223045.95139585
National Protective Services Pty Ltd,Integrated security services,3686,2029-12-01,45076613.6659037,38141516.34316362,52177750.505266815
National Protective Services Pty Ltd,Integrated security services,3686,2030-01-01,36499368.32658556,29267499.52946809,43791227.57266008
National Protective Services Pty Ltd,Integrated security services,3686,2030-02-01,39761469.3019464,32243945.472121798,46652710.967263564
National Protective Services Pty Ltd,Integrated security services,3686,2030-03-01,43193537.87735546,35755821.57328811,49775159.10144927
National Protective Services Pty Ltd,Integrated security services,3686,2030-04-01,42550122.21276256,35544930.09371646,49519933.912414335
National Protective Services Pty Ltd,Integrated security services,3686,2030-05-01,44972429.32854688,38206017.79745658,51689432.14995001
National Protective Services Pty Ltd,Integrated security services,3686,2030-06-01,40086553.36277468,33530358.591283336,46907490.71110774
National Protective Services Pty Ltd,Integrated security services,3686,2030-07-01,42960945.79405337,35430182.51264589,49890794.260972336
National Protective Services Pty Ltd,Integrated security services,3686,2030-08-01,42062704.35587672,35139412.405447856,49333685.87283224
National Protective Services Pty Ltd,Integrated security services,3686,2030-09-01,43407836.82193237,36398690.62468854,50204651.21854064
National Protective Services Pty Ltd,Integrated security services,3686,2030-10-01,42592271.46141515,35497008.07639167,49124942.19179703
National Protective Services Pty Ltd,Integrated security services,3686,2030-11-01,41919283.10937884,35301786.516845025,48471175.87404757
National Protective Services Pty Ltd,Integrated security services,3686,2030-12-01,45343275.09863937,38557385.59270467,52636572.01291676
National Protective Services Pty Ltd,Integrated security services,3686,2031-01-01,36681507.98638491,29474556.33827812,43853413.02773117
Nationwide Towing Services,Vehicle tow away and impound services,3585,2025-01-01,40444782.40372694,33258642.45424449,48080008.03842726
Nationwide Towing Services,Vehicle tow away and impound services,3585,2025-02-01,44314461.79415194,37018504.901277065,51435520.364138536
Nationwide Towing Services,Vehicle tow away and impound services,3585,2025-03-01,47151568.798779614,39763835.39058288,54060283.05347598
Nationwide Towing Services,Vehicle tow away and impound services,3585,2025-04-01,44425607.70173808,37390393.06357551,52291836.09577713
Nationwide Towing Services,Vehicle tow away and impound services,3585,2025-05-01,47531849.34542548,40243132.0979064,54136499.69883018
Nationwide Towing Services,Vehicle tow away and impound services,3585,2025-06-01,46518258.8636069,39303331.08203775,54067056.11105135
Nationwide Towing Services,Vehicle tow away and impound services,3585,2025-07-01,49950472.51002712,42417105.33043409,57162367.72050582
Nationwide Towing Services,Vehicle tow away and impound services,3585,2025-08-01,46353826.70449373,38656265.50694404,53624064.31298328
Nationwide Towing Services,Vehicle tow away and impound services,3585,2025-09-01,45396945.45932445,38392898.45924828,52712756.083203934
Nationwide Towing Services,Vehicle tow away and impound services,3585,2025-10-01,48366821.63411838,40933419.08521558,55631243.275661685
Nationwide Towing Services,Vehicle tow away and impound services,3585,2025-11-01,46220377.33592143,39252293.08905643,53671690.81724882
Nationwide Towing Services,Vehicle tow away and impound services,3585,2025-12-01,48284760.03783966,41341142.10997795,55836011.42081272
Nationwide Towing Services,Vehicle tow away and impound services,3585,2026-01-01,40940659.66837376,33663553.92596652,48224974.7456361
Nationwide Towing Services,Vehicle tow away and impound services,3585,2026-02-01,43305568.95695823,36147246.46227933,50487065.76271343
Nationwide Towing Services,Vehicle tow away and impound services,3585,2026-03-01,46290030.98564424,38866589.85151824,53181134.463690825
Nationwide Towing Services,Vehicle tow away and impound services,3585,2026-04-01,44664961.1876765,38142121.248844825,51766595.90380321
Nationwide Towing Services,Vehicle tow away and impound services,3585,2026-05-01,45004583.855739385,37628774.19552063,52004976.08181617
Nationwide Towing Services,Vehicle tow away and impound services,3585,2026-06-01,44429794.52063297,37558869.31633851,51852536.45570076
Nationwide Towing Services,Vehicle tow away and impound services,3585,2026-07-01,49610271.98778767,42343415.09810551,56637328.27024424
Nationwide Towing Services,Vehicle tow away and impound services,3585,2026-08-01,46178967.68747169,38977567.89136259,53716864.86444413
Nationwide Towing Services,Vehicle tow away and impound services,3585,2026-09-01,45453128.24766173,38196139.14261083,52368446.866359375
Nationwide Towing Services,Vehicle tow away and impound services,3585,2026-10-01,47054439.32471859,40158358.32785903,54184345.76529006
Nationwide Towing Services,Vehicle tow away and impound services,3585,2026-11-01,44402445.18353646,37055234.33964455,52403909.77740528
Nationwide Towing Services,Vehicle tow away and impound services,3585,2026-12-01,46005369.134616345,38304730.16446607,53468531.26206547
Nationwide Towing Services,Vehicle tow away and impound services,3585,2027-01-01,41466018.12499557,34329786.4665898,48437905.26490776
Nationwide Towing Services,Vehicle tow away and impound services,3585,2027-02-01,42290893.13592405,34760761.88615243,49787242.669555895
Nationwide Towing Services,Vehicle tow away and impound services,3585,2027-03-01,45429941.32932157,37838700.43867598,52256730.10217816
Nationwide Towing Services,Vehicle tow away and impound services,3585,2027-04-01,44874399.18536484,38616513.56819069,52312800.46123982
Nationwide Towing Services,Vehicle tow away and impound services,3585,2027-05-01,42449744.574090704,35200731.35939375,49539360.71293526
Nationwide Towing Services,Vehicle tow away and impound services,3585,2027-06-01,42373153.79643205,35155477.59700767,50297701.4986325
Nationwide Towing Services,Vehicle tow away and impound services,3585,2027-07-01,49305870.33116589,41665423.14596781,56517229.850341246
Nationwide Towing Services,Vehicle tow away and impound services,3585,2027-08-01,46014498.05907027,38816876.07358273,53309678.47905656
Nationwide Towing Services,Vehicle tow away and impound services,3585,2027-09-01,45487480.85364611,38472338.76301438,53020259.81387779
Nationwide Towing Services,Vehicle tow away and impound services,3585,2027-10-01,45704837.36062258,38553672.26429157,52777598.41780829
Nationwide Towing Services,Vehicle tow away and impound services,3585,2027-11-01,42570324.20653506,35464585.08863354,49929515.62068856
Nationwide Towing Services,Vehicle tow away and impound services,3585,2027-12-01,43761538.95259845,36503718.301719256,51120686.297967575
Nationwide Towing Services,Vehicle tow away and impound services,3585,2028-01-01,42019544.16497064,34528443.36585692,49070150.67695635
Nationwide Towing Services,Vehicle tow away and impound services,3585,2028-02-01,41269956.50514592,33675914.40603052,48816950.15727665
Nationwide Towing Services,Vehicle tow away and impound services,3585,2028-03-01,44142005.13825716,36825146.694468185,51447164.97786324
Nationwide Towing Services,Vehicle tow away and impound services,3585,2028-04-01,40284305.216650255,32808188.26050645,47473443.786859706
Nationwide Towing Services,Vehicle tow away and impound services,3585,2028-05-01,46156567.054780446,38675115.20289796,53687783.37431471
Nationwide Towing Services,Vehicle tow away and impound services,3585,2028-06-01,44763857.56549276,37938179.46096698,51883721.55511195
Nationwide Towing Services,Vehicle tow away and impound services,3585,2028-07-01,46454138.3655929,39032711.94157254,53136631.32458681
Nationwide Towing Services,Vehicle tow away and impound services,3585,2028-08-01,42667458.915550336,35759896.64421943,49710402.716262646
Nationwide Towing Services,Vehicle tow away and impound services,3585,2028-09-01,41447335.38907327,34054968.35910752,49013621.040908165
Nationwide Towing Services,Vehicle tow away and impound services,3585,2028-10-01,45768497.06912684,39156544.2783197,53704363.75733986
Nationwide Towing Services,Vehicle tow away and impound services,3585,2028-11-01,44149561.18748008,36616048.97361072,51119206.62393676
Nationwide Towing Services,Vehicle tow away and impound services,3585,2028-12-01,46725210.89540401,39494926.91312186,54514585.47549222
Nationwide Towing Services,Vehicle tow away and impound services,3585,2029-01-01,36571715.853130005,29536542.09975832,44005080.07936776
Nationwide Towing Services,Vehicle tow away and impound services,3585,2029-02-01,40441385.50408702,33029653.3816201,48224125.76893121
Nationwide Towing Services,Vehicle tow away and impound services,3585,2029-03-01,43278483.71177803,36167218.599423125,51061567.73118541
Nationwide Towing Services,Vehicle tow away and impound services,3585,2029-04-01,40552512.8747211,33377392.85360046,47770625.42884069
Nationwide Towing Services,Vehicle tow away and impound services,3585,2029-05-01,43658745.092583545,36247423.99007712,50916725.1937317
Nationwide Towing Services,Vehicle tow away and impound services,3585,2029-06-01,42645144.87019528,35418099.72470637,49876147.88115158
Nationwide Towing Services,Vehicle tow away and impound services,3585,2029-07-01,46077349.090252,38863715.03680075,53593186.19886994
Nationwide Towing Services,Vehicle tow away and impound services,3585,2029-08-01,42480693.54378391,35326589.52203059,48949741.828864224
Nationwide Towing Services,Vehicle tow away and impound services,3585,2029-09-01,41523802.55766055,34111895.35401712,48602561.48902883
Nationwide Towing Services,Vehicle tow away and impound services,3585,2029-10-01,44493669.30609499,37391376.75179584,51565249.7817665
Nationwide Towing Services,Vehicle tow away and impound services,3585,2029-11-01,42347215.26710796,35364091.2058159,49648789.86516637
Nationwide Towing Services,Vehicle tow away and impound services,3585,2029-12-01,44411588.54247965,37709377.92943603,51760324.48368957
Nationwide Towing Services,Vehicle tow away and impound services,3585,2030-01-01,37067478.43259987,29679815.101449,44474648.1485307
Nationwide Towing Services,Vehicle tow away and impound services,3585,2030-02-01,39432377.98078904,31965282.626758523,46322688.55861286
Nationwide Towing Services,Vehicle tow away and impound services,3585,2030-03-01,42416831.21175836,35241382.71536204,49908172.00075506
Nationwide Towing Services,Vehicle tow away and impound services,3585,2030-04-01,40791751.67344517,33854986.81815505,48351798.38238366
Nationwide Towing Services,Vehicle tow away and impound services,3585,2030-05-01,41131364.915156834,33599160.76082552,48521356.4574071
Nationwide Towing Services,Vehicle tow away and impound services,3585,2030-06-01,40556565.839476965,33109689.285042327,47691624.48029792
Nationwide Towing Services,Vehicle tow away and impound services,3585,2030-07-01,45737033.88044097,38165038.40482031,52765168.157834254
Nationwide Towing Services,Vehicle tow away and impound services,3585,2030-08-01,42305719.83973129,34918518.20874755,49120306.88546243
Nationwide Towing Services,Vehicle tow away and impound services,3585,2030-09-01,41579870.65934848,34588661.21639489,49271288.96412005
Nationwide Towing Services,Vehicle tow away and impound services,3585,2030-10-01,43181172.31006458,35764039.598070264,50252342.82781894
Nationwide Towing Services,Vehicle tow away and impound services,3585,2030-11-01,40529168.429050766,33692229.10507611,47692476.210052766
Nationwide Towing Services,Vehicle tow away and impound services,3585,2030-12-01,42132082.95448344,34922482.06140177,49361764.66649537
Nationwide Towing Services,Vehicle tow away and impound services,3585,2031-01-01,37592722.204957895,30410045.94343702,44509362.20804645
Programmed Facility Management Pty Ltd,Building maintenance services,3630,2025-01-01,37940208.08222577,30842285.70596971,44910880.65168791
Programmed Facility Management Pty Ltd,Building maintenance services,3630,2025-02-01,46281004.951366,39545721.570765264,53390730.92435492
Programmed Facility Management Pty Ltd,Building maintenance services,3630,2025-03-01,48272137.30954664,40685994.18960985,55473193.58759481
Programmed Facility Management Pty Ltd,Building maintenance services,3630,2025-04-01,47078175.70449799,40642134.66926087,54406064.19158712
Programmed Facility Management Pty Ltd,Building maintenance services,3630,2025-05-01,49570516.58845824,42472607.56321834,55886841.74457129
Programmed Facility Management Pty Ltd,Building maintenance services,3630,2025-06-01,45677871.04298263,38828151.97009461,52875598.52228468
Programmed Facility Management Pty Ltd,Building maintenance services,3630,2025-07-01,47088955.16366589,40380227.51156921,54369910.20279005
Programmed Facility Management Pty Ltd,Building maintenance services,3630,2025-08-01,47611390.428067066,40610913.66387564,54918488.24545117
Programmed Facility Management Pty Ltd,Building maintenance services,3630,2025-09-01,46118231.96308561,39200195.8295109,53661623.20827072
Programmed Facility Management Pty Ltd,Building maintenance services,3630,2025-10-01,46575040.43037776,39703185.844861135,53858537.03514846
Programmed Facility Management Pty Ltd,Building maintenance services,3630,2025-11-01,46448729.95019915,39791828.520381294,54131702.17698418
Programmed Facility Management Pty Ltd,Building maintenance services,3630,2025-12-01,49742030.00577408,42505420.32215877,57145202.3241665
Programmed Facility Management Pty Ltd,Building maintenance services,3630,2026-01-01,39467948.54547752,32984028.972593505,46811497.56572548
Programmed Facility Management Pty Ltd,Building maintenance services,3630,2026-02-01,43955117.80935642,36789848.52017262,51318531.12846768
Programmed Facility Management Pty Ltd,Building maintenance services,3630,2026-03-01,49314357.026315644,42386997.73148844,56762049.13063091
Programmed Facility Management Pty Ltd,Building maintenance services,3630,2026-04-01,44216962.50656197,36473812.27827275,51092356.981907845
Programmed Facility Management Pty Ltd,Building maintenance services,3630,2026-05-01,48563352.214386,40991703.25319905,56162070.17917733
Programmed Facility Management Pty Ltd,Building maintenance services,3630,2026-06-01,46422950.326550886,39539525.87547689,53224739.17277298
Programmed Facility Management Pty Ltd,Building maintenance services,3630,2026-07-01,46158819.80597282,38906893.813315615,52665907.275602885
Programmed Facility Management Pty Ltd,Building maintenance services,3630,2026-08-01,47755194.18244624,40601190.97255366,54805747.516832106
Programmed Facility Management Pty Ltd,Building maintenance services,3630,2026-09-01,43768181.17391402,36519900.32200655,50943188.30111144
Programmed Facility Management Pty Ltd,Building maintenance services,3630,2026-10-01,46527462.12502417,39220990.055876434,53761495.47791093
Programmed Facility Management Pty Ltd,Building maintenance services,3630,2026-11-01,45491350.43521171,38424851.15477727,52769065.26109089
Programmed Facility Management Pty Ltd,Building maintenance services,3630,2026-12-01,48126660.72760024,41282136.09143114,55401010.53514796
Programmed Facility Management Pty Ltd,Building maintenance services,3630,2027-01-01,40995015.51379397,34106297.84681355,47866361.81626132
Programmed Facility Management Pty Ltd,Building maintenance services,3630,2027-02-01,41616451.44671705,34269045.75517377,48527880.7784047
Programmed Facility Management Pty Ltd,Building maintenance services,3630,2027-03-01,50336139.06947541,42805493.50513499,58085538.54018084
Programmed Facility Management Pty Ltd,Building maintenance services,3630,2027-04-01,41337798.99033451,34370128.793798395,48742105.59228983
Programmed Facility Management Pty Ltd,Building maintenance services,3630,2027-05-01,47601674.28638798,40421552.81041502,54525690.1788376
Programmed Facility Management Pty Ltd,Building maintenance services,3630,2027-06-01,47181269.32604525,40166860.09582923,54233344.41232463
Programmed Facility Management Pty Ltd,Building maintenance services,3630,2027-07-01,45216113.39596975,38140110.47599768,52174662.1934195
Programmed Facility Management Pty Ltd,Building maintenance services,3630,2027-08-01,47872501.01627042,40637058.18373867,55152964.478176266
Programmed Facility Management Pty Ltd,Building maintenance services,3630,2027-09-01,41411415.14725383,34738330.05904923,48576625.36772301
Programmed Facility Management Pty Ltd,Building maintenance services,3630,2027-10-01,46493360.44382417,38879130.33328456,53286336.03889001
Programmed Facility Management Pty Ltd,Building maintenance services,3630,2027-11-01,44527590.794262834,37308155.04036778,51794570.543775655
Programmed Facility Management Pty Ltd,Building maintenance services,3630,2027-12-01,46539348.35944961,39158056.97377927,53248485.84824156
Programmed Facility Management Pty Ltd,Building maintenance services,3630,2028-01-01,42519445.079856604,35282920.81217354,49708099.1059923
Programmed Facility Management Pty Ltd,Building maintenance services,3630,2028-02-01,39265755.79686922,32239831.263802808,46147775.89624513
Programmed Facility Management Pty Ltd,Building maintenance services,3630,2028-03-01,44295196.91004627,37810876.15009628,51252561.091803975
Programmed Facility Management Pty Ltd,Building maintenance services,3630,2028-04-01,47003877.34484024,39668984.49464307,54192249.02127386
Programmed Facility Management Pty Ltd,Building maintenance services,3630,2028-05-01,47707277.2106735,40585214.87421804,54214955.83269104
Programmed Facility Management Pty Ltd,Building maintenance services,3630,2028-06-01,42032165.228758655,34720237.442068964,49763716.66400793
Programmed Facility Management Pty Ltd,Building maintenance services,3630,2028-07-01,45091427.755969,38180149.831749015,52560750.1548612
Programmed Facility Management Pty Ltd,Building maintenance services,3630,2028-08-01,44526051.1088552,37897244.09702998,51642201.82523336
Programmed Facility Management Pty Ltd,Building maintenance services,3630,2028-09-01,45544370.11820759,38076951.43657436,52319079.115355775
Programmed Facility Management Pty Ltd,Building maintenance services,3630,2028-10-01,43720598.26882432,36954719.448184215,50786903.43349086
Programmed Facility Management Pty Ltd,Building maintenance services,3630,2028-11-01,44483568.48838084,37484708.10345474,51658603.23833678
Programmed Facility Management Pty Ltd,Building maintenance services,3630,2028-12-01,48469060.69342193,41765664.0732808,55704988.710564055
Programmed Facility Management Pty Ltd,Building maintenance services,3630,2029-01-01,35024217.987935014,27820555.81599646,42113131.78701767
Programmed Facility Management Pty Ltd,Building maintenance services,3630,2029-02-01,43364933.759004,36148095.58355586,50472553.49649751
Programmed Facility Management Pty Ltd,Building maintenance services,3630,2029-03-01,45355992.86727654,38177166.32827527,52544731.626644254
Programmed Facility Management Pty Ltd,Building maintenance services,3630,2029-04-01,44161950.16414055,36775758.02118656,51514581.65302212
Programmed Facility Management Pty Ltd,Building maintenance services,3630,2029-05-01,46654212.56604247,39577097.0975815,53732995.102539405
Programmed Facility Management Pty Ltd,Building maintenance services,3630,2029-06-01,42761485.92258012,35555192.692582875,50175292.19421689
Programmed Facility Management Pty Ltd,Building maintenance services,3630,2029-07-01,44172491.56131599,37148498.48187822,51049647.12532725
Programmed Facility Management Pty Ltd,Building maintenance services,3630,2029-08-01,44694845.72784388,37384023.47878846,51812549.57760101
Programmed Facility Management Pty Ltd,Building maintenance services,3630,2029-09-01,43201606.16499165,36612717.48697071,50336749.46381492
Programmed Facility Management Pty Ltd,Building maintenance services,3630,2029-10-01,43658336.15034415,36788777.19084211,50986275.66277629
Programmed Facility Management Pty Ltd,Building maintenance services,3630,2029-11-01,43531944.572114825,36407923.43922499,50528838.997878656
Programmed Facility Management Pty Ltd,Building maintenance services,3630,2029-12-01,46825166.14572499,39666933.96284873,53769447.72651857
Programmed Facility Management Pty Ltd,Building maintenance services,3630,2030-01-01,36551003.587189965,29596705.71242356,43459126.1719057
Programmed Facility Management Pty Ltd,Building maintenance services,3630,2030-02-01,41038091.75285058,34548570.3239137,47786460.042720586
Programmed Facility Management Pty Ltd,Building maintenance services,3630,2030-03-01,46397257.71974502,39845210.39780192,52801529.35318392
Programmed Facility Management Pty Ltd,Building maintenance services,3630,2030-04-01,41299782.101672,34489163.24397851,48397710.37077155
Programmed Facility Management Pty Ltd,Building maintenance services,3630,2030-05-01,45646093.32738591,39109503.99639385,52896152.59550676
Programmed Facility Management Pty Ltd,Building maintenance services,3630,2030-06-01,43505610.34133682,36125792.40889793,50747973.5592717
Programmed Facility Management Pty Ltd,Building maintenance services,3630,2030-07-01,43241401.338514,36316306.053863525,50609928.45175169
Programmed Facility Management Pty Ltd,Building maintenance services,3630,2030-08-01,44837694.61665866,37942550.13944158,51848140.05180509
Programmed Facility Management Pty Ltd,Building maintenance services,3630,2030-09-01,40850600.50991204,33972751.53249404,47565326.93354534
Programmed Facility Management Pty Ltd,Building maintenance services,3630,2030-10-01,43609802.97884477,37008699.18307935,50544039.509689786
Programmed Facility Management Pty Ltd,Building maintenance services,3630,2030-11-01,42573610.19077885,35399751.23990511,49891640.21453882
Programmed Facility Management Pty Ltd,Building maintenance services,3630,2030-12-01,45208842.000973605,38060387.41393154,52483985.47493957
Programmed Facility Management Pty Ltd,Building maintenance services,3630,2031-01-01,38077115.6888391,30763016.542545546,45188709.16434857
Reino International Pty Ltd T/A Duncan Solutions,Parking technology services,3623,2025-01-01,38420123.42072508,31864914.41619301,45307606.88814072
Reino International Pty Ltd T/A Duncan Solutions,Parking technology services,3623,2025-02-01,45185758.1804192,38195662.113327496,52019362.30021568
Reino International Pty Ltd T/A Duncan Solutions,Parking technology services,3623,2025-03-01,49166334.47783218,42382574.60811747,55513795.91276715
Reino International Pty Ltd T/A Duncan Solutions,Parking technology services,3623,2025-04-01,45938436.89939682,39095024.05389205,52805021.13504928
Reino International Pty Ltd T/A Duncan Solutions,Parking technology services,3623,2025-05-01,47510089.55989462,41125610.99547792,54456204.61040829
Reino International Pty Ltd T/A Duncan Solutions,Parking technology services,3623,2025-06-01,46666815.93150484,39636581.14085417,53354224.68993194
Reino International Pty Ltd T/A Duncan Solutions,Parking technology services,3623,2025-07-01,47393359.7505244,40536861.25178877,54527486.12835945
Reino International Pty Ltd T/A Duncan Solutions,Parking technology services,3623,2025-08-01,50088453.44618234,43135380.80250009,56990104.45338664
Reino International Pty Ltd T/A Duncan Solutions,Parking technology services,3623,2025-09-01,45751131.31912202,38865684.41329026,52377144.2714416
Reino International Pty Ltd T/A Duncan Solutions,Parking technology services,3623,2025-10-01,47094761.944632016,40011288.29784919,54164278.42541378
Reino International Pty Ltd T/A Duncan Solutions,Parking technology services,3623,2025-11-01,47000463.849279016,39908418.84536241,53835721.210705504
Reino International Pty Ltd T/A Duncan Solutions,Parking technology services,3623,2025-12-01,46801352.48061208,39606609.76616974,53802237.31877376
Reino International Pty Ltd T/A Duncan Solutions,Parking technology services,3623,2026-01-01,38116028.7333691,31006899.816678304,44350447.41509422
Reino International Pty Ltd T/A Duncan Solutions,Parking technology services,3623,2026-02-01,45317410.27355594,38235291.47104323,51884473.21865208
Reino International Pty Ltd T/A Duncan Solutions,Parking technology services,3623,2026-03-01,47522137.54547052,40796070.22398234,54222494.637980014
Reino International Pty Ltd T/A Duncan Solutions,Parking technology services,3623,2026-04-01,45108326.69682753,37983154.754777774,51924603.11083184
Reino International Pty Ltd T/A Duncan Solutions,Parking technology services,3623,2026-05-01,47405650.151520565,40628996.958671294,54513880.20856154
Reino International Pty Ltd T/A Duncan Solutions,Parking technology services,3623,2026-06-01,46029212.87268302,38988475.83211898,52688305.9470991
Reino International Pty Ltd T/A Duncan Solutions,Parking technology services,3623,2026-07-01,46134717.21760224,39000413.37356848,53596300.21299133
Reino International Pty Ltd T/A Duncan Solutions,Parking technology services,3623,2026-08-01,50433913.53137935,43064316.11609064,57648390.35068259
Reino International Pty Ltd T/A Duncan Solutions,Parking technology services,3623,2026-09-01,43863084.776422985,37169990.39608142,50839391.38321316
Reino International Pty Ltd T/A Duncan Solutions,Parking technology services,3623,2026-10-01,47038869.05470708,39830707.174191065,53322323.00745848
Reino International Pty Ltd T/A Duncan Solutions,Parking technology services,3623,2026-11-01,46666919.39573395,39433490.06166399,53267883.500316896
Reino International Pty Ltd T/A Duncan Solutions,Parking technology services,3623,2026-12-01,45223472.82847007,38322567.71202466,51852109.89138396
Reino International Pty Ltd T/A Duncan Solutions,Parking technology services,3623,2027-01-01,37833697.02948782,31189316.821972776,44914346.48265021
Reino International Pty Ltd T/A Duncan Solutions,Parking technology services,3623,2027-02-01,45435785.61301562,38636314.80418428,51940321.490345344
Reino International Pty Ltd T/A Duncan Solutions,Parking technology services,3623,2027-03-01,45868611.49765754,38890998.576501854,52815525.06805082
Reino International Pty Ltd T/A Duncan Solutions,Parking technology services,3623,2027-04-01,44297153.14042922,37526663.73605631,51199108.40821609
Reino International Pty Ltd T/A Duncan Solutions,Parking technology services,3623,2027-05-01,47304449.9964874,40344118.30247853,53789226.85178927
Reino International Pty Ltd T/A Duncan Solutions,Parking technology services,3623,2027-06-01,45380542.83783935,38969281.293549344,52240022.72136118
Reino International Pty Ltd T/A Duncan Solutions,Parking technology services,3623,2027-07-01,44883864.32985196,37939896.82607477,51467142.266943015
Reino International Pty Ltd T/A Duncan Solutions,Parking technology services,3623,2027-08-01,50770142.452172406,43863994.79517788,57673794.490477145
Reino International Pty Ltd T/A Duncan Solutions,Parking technology services,3623,2027-09-01,41973009.96445429,34882427.65954343,48766930.20907819
Reino International Pty Ltd T/A Duncan Solutions,Parking technology services,3623,2027-10-01,46996712.90177903,41107269.394518085,54278281.475218
Reino International Pty Ltd T/A Duncan Solutions,Parking technology services,3623,2027-11-01,46318705.18315403,39327451.873218,52824366.44021676
Reino International Pty Ltd T/A Duncan Solutions,Parking technology services,3623,2027-12-01,43647870.98330784,37439809.30355963,50741343.13679986
Reino International Pty Ltd T/A Duncan Solutions,Parking technology services,3623,2028-01-01,37572685.53752727,31083840.8562557,44671664.13160402
Reino International Pty Ltd T/A Duncan Solutions,Parking technology services,3623,2028-02-01,45539966.04902003,38613008.03147509,51731634.47632833
Reino International Pty Ltd T/A Duncan Solutions,Parking technology services,3623,2028-03-01,48061846.33016783,41064722.14218844,54394283.255146846
Reino International Pty Ltd T/A Duncan Solutions,Parking technology services,3623,2028-04-01,44048847.806615725,37495898.75543632,51182736.34085075
Reino International Pty Ltd T/A Duncan Solutions,Parking technology services,3623,2028-05-01,44880078.83370243,37902195.56208702,51447034.86145742
Reino International Pty Ltd T/A Duncan Solutions,Parking technology services,3623,2028-06-01,44555112.83684538,37798730.19396076,51162507.96200599
Reino International Pty Ltd T/A Duncan Solutions,Parking technology services,3623,2028-07-01,45921094.61105613,38550528.33092911,53478963.66385089
Reino International Pty Ltd T/A Duncan Solutions,Parking technology services,3623,2028-08-01,46996117.28216647,39983561.58902362,53616834.600600414
Reino International Pty Ltd T/A Duncan Solutions,Parking technology services,3623,2028-09-01,44897821.78173531,38130786.62525014,52013746.80288144
Reino International Pty Ltd T/A Duncan Solutions,Parking technology services,3623,2028-10-01,44426578.17020084,37383357.66251345,51295016.72833367
Reino International Pty Ltd T/A Duncan Solutions,Parking technology services,3623,2028-11-01,44581322.76123512,37714645.8252139,51471066.83250183
Reino International Pty Ltd T/A Duncan Solutions,Parking technology services,3623,2028-12-01,45642305.25781801,38858369.94873808,52099368.96437994
Reino International Pty Ltd T/A Duncan Solutions,Parking technology services,3623,2029-01-01,35681782.625327006,29238549.944860198,42635215.40100907
Reino International Pty Ltd T/A Duncan Solutions,Parking technology services,3623,2029-02-01,42447416.25901038,35841259.87624314,48755367.3141566
Reino International Pty Ltd T/A Duncan Solutions,Parking technology services,3623,2029-03-01,46427991.53939255,40091063.30065405,53155548.81164986
Reino International Pty Ltd T/A Duncan Solutions,Parking technology services,3623,2029-04-01,43200092.835104726,36263279.07126104,50472890.166753344
Reino International Pty Ltd T/A Duncan Solutions,Parking technology services,3623,2029-05-01,44771744.406076,38025090.45466636,51601289.67739716
Reino International Pty Ltd T/A Duncan Solutions,Parking technology services,3623,2029-06-01,43928469.65172961,37211926.33407766,51020224.08397872
Reino International Pty Ltd T/A Duncan Solutions,Parking technology services,3623,2029-07-01,44655012.38112145,37994372.50664735,51588066.5381316
Reino International Pty Ltd T/A Duncan Solutions,Parking technology services,3623,2029-08-01,47350104.95088624,40471046.54708267,53756015.85455668
Reino International Pty Ltd T/A Duncan Solutions,Parking technology services,3623,2029-09-01,43012781.69794641,36433205.84881443,50052545.39815991
Reino International Pty Ltd T/A Duncan Solutions,Parking technology services,3623,2029-10-01,44356411.23403727,37110295.90433458,51068637.07465991
Reino International Pty Ltd T/A Duncan Solutions,Parking technology services,3623,2029-11-01,44262112.01281752,37534405.75677518,50964058.12229727
Reino International Pty Ltd T/A Duncan Solutions,Parking technology services,3623,2029-12-01,44062999.55460665,37541767.35939928,51308424.55924249
Reino International Pty Ltd T/A Duncan Solutions,Parking technology services,3623,2030-01-01,35377674.68144769,28695307.092419475,42101575.84188608
Reino International Pty Ltd T/A Duncan Solutions,Parking technology services,3623,2030-02-01,42579055.09574468,35859679.44082346,49235273.776823856
Reino International Pty Ltd T/A Duncan Solutions,Parking technology services,3623,2030-03-01,44783781.35075036,37516113.776242,51558699.076746985
Reino International Pty Ltd T/A Duncan Solutions,Parking technology services,3623,2030-04-01,42369969.37627866,35185516.79860981,48797057.81243245
Reino International Pty Ltd T/A Duncan Solutions,Parking technology services,3623,2030-05-01,44667291.741558746,37702269.27564277,51830875.44059081
Reino International Pty Ltd T/A Duncan Solutions,Parking technology services,3623,2030-06-01,43290853.33699704,36533388.07217697,50178343.73553131
Reino International Pty Ltd T/A Duncan Solutions,Parking technology services,3623,2030-07-01,43396356.5924664,36723419.14808777,50251916.39288954
Reino International Pty Ltd T/A Duncan Solutions,Parking technology services,3623,2030-08-01,47695551.78048391,40978276.41557047,53971807.15722636
Reino International Pty Ltd T/A Duncan Solutions,Parking technology services,3623,2030-09-01,41124721.89967988,34722170.703905344,47887573.73926503
Reino International Pty Ltd T/A Duncan Solutions,Parking technology services,3623,2030-10-01,44300505.08844098,37742452.50190878,51326029.80585776
Reino International Pty Ltd T/A Duncan Solutions,Parking technology services,3623,2030-11-01,43928554.3035827,36876298.52883611,50395159.690441
Reino International Pty Ltd T/A Duncan Solutions,Parking technology services,3623,2030-12-01,42485106.64675583,35857426.408539265,49371600.24088845
Reino International Pty Ltd T/A Duncan Solutions,Parking technology services,3623,2031-01-01,35095329.72174033,27923875.77482139,42071277.20762456
SERCO,Open spaces management - region 2,3677,2025-01-01,40341619.11516836,33626014.93551263,46765392.85218689
SERCO,Open spaces management - region 2,3677,2025-02-01,42631654.76826912,35354137.414599195,49883095.79376893
SERCO,Open spaces management - region 2,3677,2025-03-01,48168950.66640097,41127075.42236412,55096053.33027064
SERCO,Open spaces management - region 2,3677,2025-04-01,46116724.05817679,39488729.34014519,53007722.871385455
SERCO,Open spaces management - region 2,3677,2025-05-01,46835511.03595085,39973945.94466806,54041769.11979226
SERCO,Open spaces management - region 2,3677,2025-06-01,49630697.10335581,43160649.08326633,56336935.317859545
SERCO,Open spaces management - region 2,3677,2025-07-01,50712956.74645611,43852150.15324349,58004344.15250933
SERCO,Open spaces management - region 2,3677,2025-08-01,46055848.84910902,39541337.852599874,52728236.69462689
SERCO,Open spaces management - region 2,3677,2025-09-01,48196242.638057895,41229980.834089965,54964810.47946584
SERCO,Open spaces management - region 2,3677,2025-10-01,46221821.81943647,38949471.291733496,52778613.50714466
SERCO,Open spaces management - region 2,3677,2025-11-01,45589225.376197085,38508129.10828705,52695434.30947544
SERCO,Open spaces management - region 2,3677,2025-12-01,49329831.92949285,42482827.84262101,56210867.49511191
SERCO,Open spaces management - region 2,3677,2026-01-01,40079162.74828076,33340169.85506552,46998437.76916872
SERCO,Open spaces management - region 2,3677,2026-02-01,42643461.23110197,35764891.272037566,49527086.626990125
SERCO,Open spaces management - region 2,3677,2026-03-01,47392528.51594557,40418207.65414692,54022710.76568432
SERCO,Open spaces management - region 2,3677,2026-04-01,43389867.6145571,37045089.52642391,50429609.55046813
SERCO,Open spaces management - region 2,3677,2026-05-01,45099988.27017444,38021953.08393164,51861843.17617252
SERCO,Open spaces management - region 2,3677,2026-06-01,49826265.64030372,42871948.979258135,57437530.21175074
SERCO,Open spaces management - region 2,3677,2026-07-01,50144208.29142825,43742635.37749891,56966075.87154176
SERCO,Open spaces management - region 2,3677,2026-08-01,46783837.77926263,39375914.16868236,54015349.20992684
SERCO,Open spaces management - region 2,3677,2026-09-01,44661858.59633441,37724775.90834101,51900875.14144713
SERCO,Open spaces management - region 2,3677,2026-10-01,45780714.59931602,38879153.13487296,52687724.72519328
SERCO,Open spaces management - region 2,3677,2026-11-01,44832077.86238589,37644787.95072365,51691905.6292463
SERCO,Open spaces management - region 2,3677,2026-12-01,47407333.91485775,40434403.83393152,54040218.69274455
SERCO,Open spaces management - region 2,3677,2027-01-01,39847102.46142165,33452137.52692309,46461545.24436671
SERCO,Open spaces management - region 2,3677,2027-02-01,42649648.68567418,35147984.11751579,49682160.46153261
SERCO,Open spaces management - region 2,3677,2027-03-01,46571653.58909783,39781918.01600453,53338743.4487734
SERCO,Open spaces management - region 2,3677,2027-04-01,40650376.38602625,33738056.05955665,47409833.79075425
SERCO,Open spaces management - region 2,3677,2027-05-01,43411137.9600796,36104221.64614694,50239193.81100387
SERCO,Open spaces management - region 2,3677,2027-06-01,50051833.303749815,42977521.98025258,57076967.40596437
SERCO,Open spaces management - region 2,3677,2027-07-01,49574035.644275,42400546.15343714,56381590.54683192
SERCO,Open spaces management - region 2,3677,2027-08-01,47465219.30059921,39710631.52174203,53743231.48430674
SERCO,Open spaces management - region 2,3677,2027-09-01,41104172.69966748,34460421.08842867,48487055.80958546
SERCO,Open spaces management - region 2,3677,2027-10-01,45367044.591635,38196084.29560828,52093941.48948253
SERCO,Open spaces management - region 2,3677,2027-11-01,44070194.05285236,37442246.150649615,50634858.785302185
SERCO,Open spaces management - region 2,3677,2027-12-01,45498857.10561465,38197296.00561215,52570182.74298716
SERCO,Open spaces management - region 2,3677,2028-01-01,39644392.382505454,32367421.244786147,46760711.45005088
SERCO,Open spaces management - region 2,3677,2028-02-01,42648485.675641336,35532798.14607644,49255510.34986081
SERCO,Open spaces management - region 2,3677,2028-03-01,44982569.62947805,37718613.66742374,51607375.97370829
SERCO,Open spaces management - region 2,3677,2028-04-01,44910387.10929742,37762959.5875007,51693281.38069239
SERCO,Open spaces management - region 2,3677,2028-05-01,44698373.96415783,37721968.03439616,51691737.53297313
SERCO,Open spaces management - region 2,3677,2028-06-01,45548103.7449922,38833180.3357902,52560504.80716109
SERCO,Open spaces management - region 2,3677,2028-07-01,47363174.27907877,40785309.51989716,54134010.2847452
SERCO,Open spaces management - region 2,3677,2028-08-01,41364226.05867686,34311692.4239173,48466734.47372087
SERCO,Open spaces management - region 2,3677,2028-09-01,47786410.23399203,41033581.79382581,54348278.65937071
SERCO,Open spaces management - region 2,3677,2028-10-01,42771755.6062083,36445770.17913954,49464400.95329167
SERCO,Open spaces management - region 2,3677,2028-11-01,42423071.216762096,35427653.08288253,49426364.87005142
SERCO,Open spaces management - region 2,3677,2028-12-01,47346822.56867046,40448839.23759852,54566686.12997188
SERCO,Open spaces management - region 2,3677,2029-01-01,36422699.31243458,29729622.721987862,43888383.43635073
SERCO,Open spaces management - region 2,3677,2029-02-01,38712615.82882849,32815404.14017148,45472238.07168489
SERCO,Open spaces management - region 2,3677,2029-03-01,44249804.11960173,37408605.49003317,51021478.025187805
SERCO,Open spaces management - region 2,3677,2029-04-01,42197458.37498442,35478198.48929905,49332236.590458944
SERCO,Open spaces management - region 2,3677,2029-05-01,42916130.05944298,35935444.012853056,49349924.28618301
SERCO,Open spaces management - region 2,3677,2029-06-01,45711196.99009525,38793016.93804447,52657455.446089685
SERCO,Open spaces management - region 2,3677,2029-07-01,46793341.33954892,39479172.37364331,53499942.64679296
SERCO,Open spaces management - region 2,3677,2029-08-01,42136114.30536162,34550002.76067865,49229948.33792425
SERCO,Open spaces management - region 2,3677,2029-09-01,44276388.95749025,37115888.37960189,51092971.58789432
SERCO,Open spaces management - region 2,3677,2029-10-01,42301852.845338166,35531288.27806596,49230420.95176291
SERCO,Open spaces management - region 2,3677,2029-11-01,41669137.26566821,34706039.08226892,48783348.0255474
SERCO,Open spaces management - region 2,3677,2029-12-01,45409628.52564677,38402204.11725813,52428141.72153941
SERCO,Open spaces management - region 2,3677,2030-01-01,36158840.20787752,29078082.118912045,43124030.65943129
SERCO,Open spaces management - region 2,3677,2030-02-01,38723019.55416483,31899275.721338168,46003392.44354938
SERCO,Open spaces management - region 2,3677,2030-03-01,43471979.23198963,36442990.437642194,51069561.37178678
SERCO,Open spaces management - region 2,3677,2030-04-01,39469199.19428594,32276379.001115937,46895347.13259144
SERCO,Open spaces management - region 2,3677,2030-05-01,41179204.55657298,34369829.54699898,48073366.40445086
SERCO,Open spaces management - region 2,3677,2030-06-01,45905362.79023993,38742540.80837777,52777470.024941735
SERCO,Open spaces management - region 2,3677,2030-07-01,46223190.14836493,39182166.16847848,53133667.840066575
SERCO,Open spaces management - region 2,3677,2030-08-01,42862700.50008656,35581124.88214697,49775439.194999225
SERCO,Open spaces management - region 2,3677,2030-09-01,40740602.18119132,33713608.6625316,47536460.21423632
SERCO,Open spaces management - region 2,3677,2030-10-01,41859342.89128292,34837685.38452098,48858552.239047095
SERCO,Open spaces management - region 2,3677,2030-11-01,40910587.01856857,33943337.31033505,48743724.76279176
SERCO,Open spaces management - region 2,3677,2030-12-01,43485727.77834774,36713531.03716774,50421644.36747273
SERCO,Open spaces management - region 2,3677,2031-01-01,35925377.18950291,28955597.6736088,43460143.86261
Showtime Event Group Pty Ltd,Melbourne Town Hall venue management,3670,2025-01-01,37839292.634066194,30553720.239628848,45200485.95357528
Showtime Event Group Pty Ltd,Melbourne Town Hall venue management,3670,2025-02-01,41670339.24175595,34258524.09356926,48753391.08648355
Showtime Event Group Pty Ltd,Melbourne Town Hall venue management,3670,2025-03-01,47050608.27971422,40016025.29723761,54805541.23834012
Showtime Event Group Pty Ltd,Melbourne Town Hall venue management,3670,2025-04-01,45737566.93661292,38596777.79569767,52896880.50730591
Showtime Event Group Pty Ltd,Melbourne Town Hall venue management,3670,2025-05-01,47190242.374158666,39849387.45268516,55008668.81994952
Showtime Event Group Pty Ltd,Melbourne Town Hall venue management,3670,2025-06-01,45273046.20769384,37958881.30491553,52413266.745409615
Showtime Event Group Pty Ltd,Melbourne Town Hall venue management,3670,2025-07-01,49415286.429544166,42383865.31963655,57084615.281074665
Showtime Event Group Pty Ltd,Melbourne Town Hall venue management,3670,2025-08-01,47147064.73659016,39504191.82047512,54602124.09133317
Showtime Event Group Pty Ltd,Melbourne Town Hall venue management,3670,2025-09-01,44848081.72210059,37450766.10947318,51767472.07981439
Showtime Event Group Pty Ltd,Melbourne Town Hall venue management,3670,2025-10-01,46463328.6807608,39079404.57763898,53308077.98334076
Showtime Event Group Pty Ltd,Melbourne Town Hall venue management,3670,2025-11-01,44901252.45607404,38049471.0863181,52056836.187144965
Showtime Event Group Pty Ltd,Melbourne Town Hall venue management,3670,2025-12-01,47415494.63984556,40423274.12361217,55319218.46450108
Showtime Event Group Pty Ltd,Melbourne Town Hall venue management,3670,2026-01-01,39243915.98899408,32058719.55264723,46563633.95443776
Showtime Event Group Pty Ltd,Melbourne Town Hall venue management,3670,2026-02-01,40887244.45685082,33404456.39299149,47919894.30508908
Showtime Event Group Pty Ltd,Melbourne Town Hall venue management,3670,2026-03-01,46203346.00040007,39572663.036559,53099539.88324134
Showtime Event Group Pty Ltd,Melbourne Town Hall venue management,3670,2026-04-01,44017294.10092919,36395811.954691656,51454668.92067289
Showtime Event Group Pty Ltd,Melbourne Town Hall venue management,3670,2026-05-01,47920449.89714629,40547024.01191682,54990078.27831495
Showtime Event Group Pty Ltd,Melbourne Town Hall venue management,3670,2026-06-01,45776727.75641624,38151535.896724224,53229987.63411989
Showtime Event Group Pty Ltd,Melbourne Town Hall venue management,3670,2026-07-01,48283599.31043485,41376686.44719888,56057552.895076975
Showtime Event Group Pty Ltd,Melbourne Town Hall venue management,3670,2026-08-01,47570239.0144207,40284587.87396223,55269593.69161552
Showtime Event Group Pty Ltd,Melbourne Town Hall venue management,3670,2026-09-01,43548966.23465622,36831155.26413626,50037941.24431878
Showtime Event Group Pty Ltd,Melbourne Town Hall venue management,3670,2026-10-01,46176596.03961939,38792875.9554157,53357300.14491894
Showtime Event Group Pty Ltd,Melbourne Town Hall venue management,3670,2026-11-01,44089747.35436882,37162055.50158257,51516091.402801104
Showtime Event Group Pty Ltd,Melbourne Town Hall venue management,3670,2026-12-01,46985709.88679552,39614886.59987897,54515368.90509651
Showtime Event Group Pty Ltd,Melbourne Town Hall venue management,3670,2027-01-01,40643719.02685469,32525405.534489226,48011600.37316612
Showtime Event Group Pty Ltd,Melbourne Town Hall venue management,3670,2027-02-01,40070260.417198166,32379606.364844173,47578118.0134534
Showtime Event Group Pty Ltd,Melbourne Town Hall venue management,3670,2027-03-01,45344634.71314006,37969439.665101975,52262409.00819495
Showtime Event Group Pty Ltd,Melbourne Town Hall venue management,3670,2027-04-01,42324192.61538053,35434820.83140054,49623942.51191587
Showtime Event Group Pty Ltd,Melbourne Town Hall venue management,3670,2027-05-01,48681012.46304745,41370884.58164132,55783568.30726727
Showtime Event Group Pty Ltd,Melbourne Town Hall venue management,3670,2027-06-01,46265127.89303058,39289254.66777122,53428023.845271066
Showtime Event Group Pty Ltd,Melbourne Town Hall venue management,3670,2027-07-01,47141748.14903575,39726053.17862791,54118139.619485065
Showtime Event Group Pty Ltd,Melbourne Town Hall venue management,3670,2027-08-01,47982942.3465693,40461958.80164261,55369066.499464616
Showtime Event Group Pty Ltd,Melbourne Town Hall venue management,3670,2027-09-01,42239972.23083007,35138341.7632512,49586904.58177628
Showtime Event Group Pty Ltd,Melbourne Town Hall venue management,3670,2027-10-01,45896563.69716997,38604684.35403027,52868342.9068892
Showtime Event Group Pty Ltd,Melbourne Town Hall venue management,3670,2027-11-01,43288462.67770013,35979885.84133938,51012200.803665824
Showtime Event Group Pty Ltd,Melbourne Town Hall venue management,3670,2027-12-01,46582916.24458167,39692709.480398096,53152672.70160516
Showtime Event Group Pty Ltd,Melbourne Town Hall venue management,3670,2028-01-01,42036716.61551731,34275838.61353049,48802959.96266756
Showtime Event Group Pty Ltd,Melbourne Town Hall venue management,3670,2028-02-01,39219368.09262012,32252339.31498649,46745722.54600571
Showtime Event Group Pty Ltd,Melbourne Town Hall venue management,3670,2028-03-01,46384334.268470645,38554610.68555387,53989790.51333356
Showtime Event Group Pty Ltd,Melbourne Town Hall venue management,3670,2028-04-01,45982530.9577039,38778369.40877801,53469005.04869111
Showtime Event Group Pty Ltd,Melbourne Town Hall venue management,3670,2028-05-01,44990603.18779847,37664563.41277564,52723463.460377954
Showtime Event Group Pty Ltd,Melbourne Town Hall venue management,3670,2028-06-01,43254279.36321517,35339220.295669526,50633404.54782376
Showtime Event Group Pty Ltd,Melbourne Town Hall venue management,3670,2028-07-01,49035390.44627826,41314417.82398699,56440842.276005246
Showtime Event Group Pty Ltd,Melbourne Town Hall venue management,3670,2028-08-01,45212808.75228558,37395936.73058811,52045061.95791745
Showtime Event Group Pty Ltd,Melbourne Town Hall venue management,3670,2028-09-01,44635343.32586392,36892627.81382325,51897857.11695015
Showtime Event Group Pty Ltd,Melbourne Town Hall venue management,3670,2028-10-01,45255398.594686,38297417.25491317,52533957.43967096
Showtime Event Group Pty Ltd,Melbourne Town Hall venue management,3670,2028-11-01,44221408.74843741,37154863.4523091,51583189.11578669
Showtime Event Group Pty Ltd,Melbourne Town Hall venue management,3670,2028-12-01,46371570.25737815,39514166.391715154,53452689.32742436
Showtime Event Group Pty Ltd,Melbourne Town Hall venue management,3670,2029-01-01,36338184.84926735,29136153.59381429,43252503.83420855
Showtime Event Group Pty Ltd,Melbourne Town Hall venue management,3670,2029-02-01,40169218.50729037,32462506.26676019,47092613.01721436
Showtime Event Group Pty Ltd,Melbourne Town Hall venue management,3670,2029-03-01,45549475.84878217,38123528.96711762,52214466.79175258
Showtime Event Group Pty Ltd,Melbourne Town Hall venue management,3670,2029-04-01,44236421.55604622,36927983.04527047,51457325.052621946
Showtime Event Group Pty Ltd,Melbourne Town Hall venue management,3670,2029-05-01,45689084.46168,38878060.17717682,53182504.15920198
Showtime Event Group Pty Ltd,Melbourne Town Hall venue management,3670,2029-06-01,43771875.34547406,36278612.54285848,51036054.77194986
Showtime Event Group Pty Ltd,Melbourne Town Hall venue management,3670,2029-07-01,47914103.035302974,40855090.49755272,54872514.01297493
Showtime Event Group Pty Ltd,Melbourne Town Hall venue management,3670,2029-08-01,45645868.392770186,38551017.47672799,52682073.39502101
Showtime Event Group Pty Ltd,Melbourne Town Hall venue management,3670,2029-09-01,43346872.42870435,36029228.59196978,50089979.3178092
Showtime Event Group Pty Ltd,Melbourne Town Hall venue management,3670,2029-10-01,44962106.8555729,37630952.99630484,52476760.203751385
Showtime Event Group Pty Ltd,Melbourne Town Hall venue management,3670,2029-11-01,43400017.68168446,35846982.42341239,50772245.52216062
Showtime Event Group Pty Ltd,Melbourne Town Hall venue management,3670,2029-12-01,45914247.33399072,39017066.6714122,52973708.3589692
Showtime Event Group Pty Ltd,Melbourne Town Hall venue management,3670,2030-01-01,37742655.73383368,30613199.852569863,44848899.64494478
Showtime Event Group Pty Ltd,Melbourne Town Hall venue management,3670,2030-02-01,39385971.25240263,32127482.29590233,46748430.21745369
Showtime Event Group Pty Ltd,Melbourne Town Hall venue management,3670,2030-03-01,44702061.100074485,37430771.29006746,52112803.59552109
Showtime Event Group Pty Ltd,Melbourne Town Hall venue management,3670,2030-04-01,42515996.25159525,35127081.77502422,49853347.83595719
Showtime Event Group Pty Ltd,Melbourne Town Hall venue management,3670,2030-05-01,46419139.51629332,38967541.22765016,53619340.07633374
Showtime Event Group Pty Ltd,Melbourne Town Hall venue management,3670,2030-06-01,44275404.42630755,36918523.114674434,51275786.71569165
Showtime Event Group Pty Ltd,Melbourne Town Hall venue management,3670,2030-07-01,46782263.44910767,39476628.14527483,53963553.24094235
Showtime Event Group Pty Ltd,Melbourne Town Hall venue management,3670,2030-08-01,46068890.20416494,39217970.76703365,53753210.72308402
Showtime Event Group Pty Ltd,Melbourne Town Hall venue management,3670,2030-09-01,42047604.47553182,34836800.09106614,49113336.19516972
Showtime Event Group Pty Ltd,Melbourne Town Hall venue management,3670,2030-10-01,44675221.74931663,37533481.65111362,51649902.72239365
Showtime Event Group Pty Ltd,Melbourne Town Hall venue management,3670,2030-11-01,42588360.11556751,34998355.73207558,49717497.281243645
Showtime Event Group Pty Ltd,Melbourne Town Hall venue management,3670,2030-12-01,45484310.11717073,38110770.31753371,52697329.643869646
Showtime Event Group Pty Ltd,Melbourne Town Hall venue management,3670,2031-01-01,39142306.30896129,32049007.288388222,46241961.3446008
Spotless Facility Services Pty Ltd,Street cleaning,3669,2025-01-01,40720466.68040466,33194177.381876223,47484922.16204368
Spotless Facility Services Pty Ltd,Street cleaning,3669,2025-02-01,42572350.09670533,34786250.40940015,49214317.08045826
Spotless Facility Services Pty Ltd,Street cleaning,3669,2025-03-01,48402564.37379816,41638800.13642357,55819568.26030829
Spotless Facility Services Pty Ltd,Street cleaning,3669,2025-04-01,46352645.84084798,39287923.58050564,52936562.7223953
Spotless Facility Services Pty Ltd,Street cleaning,3669,2025-05-01,46538340.49453288,39000775.40461654,53643514.26568549
Spotless Facility Services Pty Ltd,Street cleaning,3669,2025-06-01,46184281.91101948,39249873.72910078,53578116.98768493
Spotless Facility Services Pty Ltd,Street cleaning,3669,2025-07-01,46370722.33917607,38985181.54996678,53376073.10019669
Spotless Facility Services Pty Ltd,Street cleaning,3669,2025-08-01,48176206.11896377,40881692.91617192,55723416.874356434
Spotless Facility Services Pty Ltd,Street cleaning,3669,2025-09-01,45307763.511369,38027450.73847292,52564526.35800543
Spotless Facility Services Pty Ltd,Street cleaning,3669,2025-10-01,48629893.01522715,41894647.31057908,56594750.94291243
Spotless Facility Services Pty Ltd,Street cleaning,3669,2025-11-01,49063075.49454902,41822719.91337296,55964332.345740005
Spotless Facility Services Pty Ltd,Street cleaning,3669,2025-12-01,46703339.410076246,39175179.132864565,54027980.16991674
Spotless Facility Services Pty Ltd,Street cleaning,3669,2026-01-01,41135587.62178348,33865914.401499696,48414935.23823752
Spotless Facility Services Pty Ltd,Street cleaning,3669,2026-02-01,42794412.79402075,35562784.15779421,50648771.28199863
Spotless Facility Services Pty Ltd,Street cleaning,3669,2026-03-01,45945518.71809641,39087227.701740734,53646393.19608136
Spotless Facility Services Pty Ltd,Street cleaning,3669,2026-04-01,44852931.68150257,37952481.724253975,52030555.18669166
Spotless Facility Services Pty Ltd,Street cleaning,3669,2026-05-01,47388919.8081581,39819897.63690111,53960367.27073383
Spotless Facility Services Pty Ltd,Street cleaning,3669,2026-06-01,45451884.60761411,38451701.9053166,52783554.37289521
Spotless Facility Services Pty Ltd,Street cleaning,3669,2026-07-01,45417208.75946999,38529807.04050138,52259667.63775782
Spotless Facility Services Pty Ltd,Street cleaning,3669,2026-08-01,46698708.9444852,39583242.42370027,53183543.55126549
Spotless Facility Services Pty Ltd,Street cleaning,3669,2026-09-01,44916088.285735525,37359800.217990585,51748467.2277676
Spotless Facility Services Pty Ltd,Street cleaning,3669,2026-10-01,48348827.75283775,41521504.94480412,55215786.98262169
Spotless Facility Services Pty Ltd,Street cleaning,3669,2026-11-01,47542313.35866967,40392416.7693184,54606674.5668526
Spotless Facility Services Pty Ltd,Street cleaning,3669,2026-12-01,45407451.0704058,38155969.52850875,52451832.59432064
Spotless Facility Services Pty Ltd,Street cleaning,3669,2027-01-01,41569230.38553241,34518653.23470494,48814871.87022597
Spotless Facility Services Pty Ltd,Street cleaning,3669,2027-02-01,42982598.04934815,35803828.844427206,49922159.46484419
Spotless Facility Services Pty Ltd,Street cleaning,3669,2027-03-01,43473877.55794723,36629504.69646938,50753132.64045475
Spotless Facility Services Pty Ltd,Street cleaning,3669,2027-04-01,43396015.72962965,36759966.55229898,50535811.576900735
Spotless Facility Services Pty Ltd,Street cleaning,3669,2027-05-01,48252755.01085525,41561351.05498684,55252341.63163617
Spotless Facility Services Pty Ltd,Street cleaning,3669,2027-06-01,44697425.72530551,38297116.26585015,52049937.082193226
Spotless Facility Services Pty Ltd,Street cleaning,3669,2027-07-01,44449959.62596891,37727088.28285989,51459429.69015901
Spotless Facility Services Pty Ltd,Street cleaning,3669,2027-08-01,45227236.8754921,38317518.02511878,52339392.59128257
Spotless Facility Services Pty Ltd,Street cleaning,3669,2027-09-01,44538736.59376631,37623722.74730609,52069222.71932984
Spotless Facility Services Pty Ltd,Street cleaning,3669,2027-10-01,48053301.09591146,41009640.77549479,55409086.483031005
Spotless Facility Services Pty Ltd,Street cleaning,3669,2027-11-01,46012024.176525146,39591149.34139135,53137099.42607569
Spotless Facility Services Pty Ltd,Street cleaning,3669,2027-12-01,44139369.95675165,37172091.5846433,51200231.34805373
Spotless Facility Services Pty Ltd,Street cleaning,3669,2028-01-01,42019893.62453355,35076452.80810741,49440522.26871917
Spotless Facility Services Pty Ltd,Street cleaning,3669,2028-02-01,43135733.9286562,36260052.83627426,50341693.54998381
Spotless Facility Services Pty Ltd,Street cleaning,3669,2028-03-01,47758378.53032912,40153574.93059914,55029972.36139374
Spotless Facility Services Pty Ltd,Street cleaning,3669,2028-04-01,44809620.43842784,37507250.66316668,51670188.61052233
Spotless Facility Services Pty Ltd,Street cleaning,3669,2028-05-01,42618049.40524686,35663670.84393876,49519985.14380862
Spotless Facility Services Pty Ltd,Street cleaning,3669,2028-06-01,43810273.95802892,36839866.32291002,50567445.14374701
Spotless Facility Services Pty Ltd,Street cleaning,3669,2028-07-01,44225203.09690491,36878817.420708045,51366153.95768556
Spotless Facility Services Pty Ltd,Street cleaning,3669,2028-08-01,46573906.81970155,39527000.33156767,53375580.5735042
Spotless Facility Services Pty Ltd,Street cleaning,3669,2028-09-01,42628948.23178454,35699455.57224275,49992552.34491369
Spotless Facility Services Pty Ltd,Street cleaning,3669,2028-10-01,45811661.30462917,38347978.79566402,53280597.46895861
Spotless Facility Services Pty Ltd,Street cleaning,3669,2028-11-01,47488026.36313751,40501201.66802914,54253521.90527887
Spotless Facility Services Pty Ltd,Street cleaning,3669,2028-12-01,44941066.89503592,38172320.02813668,52088732.652643554
Spotless Facility Services Pty Ltd,Street cleaning,3669,2029-01-01,37634843.99644524,30395919.48302,44553215.42047859
Spotless Facility Services Pty Ltd,Street cleaning,3669,2029-02-01,39486611.3950732,32163702.08958388,46307390.4385223
Spotless Facility Services Pty Ltd,Street cleaning,3669,2029-03-01,45316720.88203023,37865755.46813598,52479556.90421618
Spotless Facility Services Pty Ltd,Street cleaning,3669,2029-04-01,43266686.331816286,36146306.29804349,50775742.29011972
Spotless Facility Services Pty Ltd,Street cleaning,3669,2029-05-01,43452268.7107452,36682118.50479766,50672487.63782917
Spotless Facility Services Pty Ltd,Street cleaning,3669,2029-06-01,43098094.10949378,35822672.76345646,50545762.39985839
Spotless Facility Services Pty Ltd,Street cleaning,3669,2029-07-01,43284422.26242467,36746233.56322348,50960586.707318224
Spotless Facility Services Pty Ltd,Street cleaning,3669,2029-08-01,45089790.02467908,38072439.01435162,52132442.04023496
Spotless Facility Services Pty Ltd,Street cleaning,3669,2029-09-01,42221231.39954014,35001095.36230243,49603653.37708042
Spotless Facility Services Pty Ltd,Street cleaning,3669,2029-10-01,45543248.62878765,38417052.4463125,52814900.72740602
Spotless Facility Services Pty Ltd,Street cleaning,3669,2029-11-01,45976315.091267526,38220687.00873192,53131636.20945423
Spotless Facility Services Pty Ltd,Street cleaning,3669,2029-12-01,43616466.732467815,36441312.34474455,50500360.62793883
Spotless Facility Services Pty Ltd,Street cleaning,3669,2030-01-01,38048598.92751447,30884409.8660919,45440353.65510522
Spotless Facility Services Pty Ltd,Street cleaning,3669,2030-02-01,39707308.08313071,32860037.549000494,46764268.3282657
Spotless Facility Services Pty Ltd,Street cleaning,3669,2030-03-01,42858309.217359416,35412267.831450544,49726418.87998834
Spotless Facility Services Pty Ltd,Street cleaning,3669,2030-04-01,41765606.1634594,34482704.69263855,49313678.34226933
Spotless Facility Services Pty Ltd,Street cleaning,3669,2030-05-01,44301482.01500188,37131630.66689472,51189872.430546485
Spotless Facility Services Pty Ltd,Street cleaning,3669,2030-06-01,42364330.796825856,35044301.02354236,49320332.55593539
Spotless Facility Services Pty Ltd,Street cleaning,3669,2030-07-01,42329542.67358697,35556997.39375865,48744635.21918564
Spotless Facility Services Pty Ltd,Street cleaning,3669,2030-08-01,43610926.84097182,36937065.74242963,50891286.93658953
Spotless Facility Services Pty Ltd,Street cleaning,3669,2030-09-01,41828190.16450474,34603734.425297104,49201863.55817629
Spotless Facility Services Pty Ltd,Street cleaning,3669,2030-10-01,45260817.35638392,38324942.51525807,52417845.73405829
Spotless Facility Services Pty Ltd,Street cleaning,3669,2030-11-01,44454186.94397312,36975123.3077673,51373389.42532256
Spotless Facility Services Pty Ltd,Street cleaning,3669,2030-12-01,42319212.37996487,35468495.672855034,49609574.51080787
Spotless Facility Services Pty Ltd,Street cleaning,3669,2031-01-01,38480875.67741377,31410342.52728328,45544094.059802935
Victorian YMCA Community Programming Pty Ltd,Management of Active Melbourne recreation facilities,3615,2025-01-01,39589860.64098857,32837718.7464081,46644408.38748627
Victorian YMCA Community Programming Pty Ltd,Management of Active Melbourne recreation facilities,3615,2025-02-01,44740915.944126055,37882895.3266936,51832642.56067942
Victorian YMCA Community Programming Pty Ltd,Management of Active Melbourne recreation facilities,3615,2025-03-01,49699920.01574772,42188902.49981791,56227499.84949575
Victorian YMCA Community Programming Pty Ltd,Management of Active Melbourne recreation facilities,3615,2025-04-01,47314450.8934899,40663161.78073269,54144756.94877935
Victorian YMCA Community Programming Pty Ltd,Management of Active Melbourne recreation facilities,3615,2025-05-01,46345031.46664753,39577526.6113956,53471690.60659803
Victorian YMCA Community Programming Pty Ltd,Management of Active Melbourne recreation facilities,3615,2025-06-01,49484245.25963622,42505832.34771079,56042732.17678535
Victorian YMCA Community Programming Pty Ltd,Management of Active Melbourne recreation facilities,3615,2025-07-01,46477983.67527345,39863383.19386885,53146867.85117726
Victorian YMCA Community Programming Pty Ltd,Management of Active Melbourne recreation facilities,3615,2025-08-01,47616116.43388952,40374024.67379484,54542421.2251753
Victorian YMCA Community Programming Pty Ltd,Management of Active Melbourne recreation facilities,3615,2025-09-01,48319334.38289499,40762297.52131377,55584633.01702543
Victorian YMCA Community Programming Pty Ltd,Management of Active Melbourne recreation facilities,3615,2025-10-01,46619590.13337067,39701876.54117607,53504563.09153839
Victorian YMCA Community Programming Pty Ltd,Management of Active Melbourne recreation facilities,3615,2025-11-01,46911558.63623403,40075834.77022797,53304084.227141306
Victorian YMCA Community Programming Pty Ltd,Management of Active Melbourne recreation facilities,3615,2025-12-01,49893613.07653008,43115850.19377331,56344556.427155256
Victorian YMCA Community Programming Pty Ltd,Management of Active Melbourne recreation facilities,3615,2026-01-01,40439886.43443937,33330379.31638073,47047818.03506802
Victorian YMCA Community Programming Pty Ltd,Management of Active Melbourne recreation facilities,3615,2026-02-01,42593629.630411305,35838873.75371059,49823114.99727559
Victorian YMCA Community Programming Pty Ltd,Management of Active Melbourne recreation facilities,3615,2026-03-01,47482710.90877122,40071954.74386663,54555801.180263296
Victorian YMCA Community Programming Pty Ltd,Management of Active Melbourne recreation facilities,3615,2026-04-01,47531501.95395745,41009152.30661302,54831215.16259572
Victorian YMCA Community Programming Pty Ltd,Management of Active Melbourne recreation facilities,3615,2026-05-01,45310259.84042438,38172137.09723377,52230361.771379
Victorian YMCA Community Programming Pty Ltd,Management of Active Melbourne recreation facilities,3615,2026-06-01,47767245.12873069,40651166.25864736,54368725.93471263
Victorian YMCA Community Programming Pty Ltd,Management of Active Melbourne recreation facilities,3615,2026-07-01,45404916.35266911,38286688.95952672,51999376.542078935
Victorian YMCA Community Programming Pty Ltd,Management of Active Melbourne recreation facilities,3615,2026-08-01,48140610.59402083,41368469.9557176,54902549.50169756
Victorian YMCA Community Programming Pty Ltd,Management of Active Melbourne recreation facilities,3615,2026-09-01,45298936.09394559,38124535.09023896,52467406.428153984
Victorian YMCA Community Programming Pty Ltd,Management of Active Melbourne recreation facilities,3615,2026-10-01,45391243.2050535,38677063.850164086,52700912.48101181
Victorian YMCA Community Programming Pty Ltd,Management of Active Melbourne recreation facilities,3615,2026-11-01,46786554.55956559,40061132.38207827,53915863.61720579
Victorian YMCA Community Programming Pty Ltd,Management of Active Melbourne recreation facilities,3615,2026-12-01,47920638.35963365,40354908.4092046,54786513.24768822
Victorian YMCA Community Programming Pty Ltd,Management of Active Melbourne recreation facilities,3615,2027-01-01,41280503.43840594,34303541.47241052,48057105.0819827
Victorian YMCA Community Programming Pty Ltd,Management of Active Melbourne recreation facilities,3615,2027-02-01,40408914.92573802,33170906.40743621,47008021.48288595
Victorian YMCA Community Programming Pty Ltd,Management of Active Melbourne recreation facilities,3615,2027-03-01,45294835.362263,38523633.87279832,52266218.89822934
Victorian YMCA Community Programming Pty Ltd,Management of Active Melbourne recreation facilities,3615,2027-04-01,47767957.16236744,40480903.45321881,54284480.44056252
Victorian YMCA Community Programming Pty Ltd,Management of Active Melbourne recreation facilities,3615,2027-05-01,44257062.76911453,37729554.63979016,50914312.24318123
Victorian YMCA Community Programming Pty Ltd,Management of Active Melbourne recreation facilities,3615,2027-06-01,46048382.964021824,38891381.62570477,53060113.81674373
Victorian YMCA Community Programming Pty Ltd,Management of Active Melbourne recreation facilities,3615,2027-07-01,44351927.04447659,37521526.0373545,51261744.79855878
Victorian YMCA Community Programming Pty Ltd,Management of Active Melbourne recreation facilities,3615,2027-08-01,48637677.34786185,41716686.94533199,55832563.36233652
Victorian YMCA Community Programming Pty Ltd,Management of Active Melbourne recreation facilities,3615,2027-09-01,42257131.50768218,35181889.00569894,49529646.69875029
Victorian YMCA Community Programming Pty Ltd,Management of Active Melbourne recreation facilities,3615,2027-10-01,44196815.83686736,37523393.63496124,50768760.24635366
Victorian YMCA Community Programming Pty Ltd,Management of Active Melbourne recreation facilities,3615,2027-11-01,46665529.67621304,39692138.01518823,53745943.46052142
Victorian YMCA Community Programming Pty Ltd,Management of Active Melbourne recreation facilities,3615,2027-12-01,45955440.35504506,39074074.80827338,52839728.65873504
Victorian YMCA Community Programming Pty Ltd,Management of Active Melbourne recreation facilities,3615,2028-01-01,42109827.12629762,35451209.97156525,49200993.13111922
Victorian YMCA Community Programming Pty Ltd,Management of Active Melbourne recreation facilities,3615,2028-02-01,38187536.448908806,31755187.97405415,44754444.25729566
Victorian YMCA Community Programming Pty Ltd,Management of Active Melbourne recreation facilities,3615,2028-03-01,47496913.785001904,40813733.79106558,54716272.2685273
Victorian YMCA Community Programming Pty Ltd,Management of Active Melbourne recreation facilities,3615,2028-04-01,42669636.80490275,35861486.634620056,49704760.04395127
Victorian YMCA Community Programming Pty Ltd,Management of Active Melbourne recreation facilities,3615,2028-05-01,42913268.16769796,35641044.900144905,49541695.17902488
Victorian YMCA Community Programming Pty Ltd,Management of Active Melbourne recreation facilities,3615,2028-06-01,46750388.49176601,39837362.112493865,53969870.99436472
Victorian YMCA Community Programming Pty Ltd,Management of Active Melbourne recreation facilities,3615,2028-07-01,43123045.58700363,36124973.647369646,50083245.31837416
Victorian YMCA Community Programming Pty Ltd,Management of Active Melbourne recreation facilities,3615,2028-08-01,42617139.7838888,35856840.02287082,49941883.05106411
Victorian YMCA Community Programming Pty Ltd,Management of Active Melbourne recreation facilities,3615,2028-09-01,46868078.52708966,39930230.56730685,53860377.24849358
Victorian YMCA Community Programming Pty Ltd,Management of Active Melbourne recreation facilities,3615,2028-10-01,43433074.16812516,36327139.289689615,50193285.37438923
Victorian YMCA Community Programming Pty Ltd,Management of Active Melbourne recreation facilities,3615,2028-11-01,42593055.62290725,35674501.82733153,49822315.20751612
Victorian YMCA Community Programming Pty Ltd,Management of Active Melbourne recreation facilities,3615,2028-12-01,47425759.72999211,40581517.27918744,54534215.06334285
Victorian YMCA Community Programming Pty Ltd,Management of Active Melbourne recreation facilities,3615,2029-01-01,35141273.64369949,28565320.084929947,41815310.74963937
Victorian YMCA Community Programming Pty Ltd,Management of Active Melbourne recreation facilities,3615,2029-02-01,40292305.2954448,32892153.332246363,47125796.25769275
Victorian YMCA Community Programming Pty Ltd,Management of Active Melbourne recreation facilities,3615,2029-03-01,45251288.00453504,38048984.33198093,52725215.774737164
Victorian YMCA Community Programming Pty Ltd,Management of Active Melbourne recreation facilities,3615,2029-04-01,42865795.23108761,35867800.71527098,49596298.001107655
Victorian YMCA Community Programming Pty Ltd,Management of Active Melbourne recreation facilities,3615,2029-05-01,41896352.91601822,34607956.394129686,49018042.40945839
Victorian YMCA Community Programming Pty Ltd,Management of Active Melbourne recreation facilities,3615,2029-06-01,45035543.05815704,37998310.70348161,51676777.403097615
Victorian YMCA Community Programming Pty Ltd,Management of Active Melbourne recreation facilities,3615,2029-07-01,42029258.58586884,35537789.51445661,48988355.77881693
Victorian YMCA Community Programming Pty Ltd,Management of Active Melbourne recreation facilities,3615,2029-08-01,43167367.693380535,36332000.32227184,49988481.89405729
Victorian YMCA Community Programming Pty Ltd,Management of Active Melbourne recreation facilities,3615,2029-09-01,43870561.99129444,36671394.49308577,50710509.95131462
Victorian YMCA Community Programming Pty Ltd,Management of Active Melbourne recreation facilities,3615,2029-10-01,42170794.85357877,35084267.566687524,49032388.23661908
Victorian YMCA Community Programming Pty Ltd,Management of Active Melbourne recreation facilities,3615,2029-11-01,42462739.7058589,35424484.95514381,49565151.80713624
Victorian YMCA Community Programming Pty Ltd,Management of Active Melbourne recreation facilities,3615,2029-12-01,45444771.258474186,38601231.69706655,52317814.16699068
Victorian YMCA Community Programming Pty Ltd,Management of Active Melbourne recreation facilities,3615,2030-01-01,35991020.96537866,29360104.827010076,43057796.52038184
Victorian YMCA Community Programming Pty Ltd,Management of Active Melbourne recreation facilities,3615,2030-02-01,38144740.51035749,31038857.72311949,45146222.26238767
Victorian YMCA Community Programming Pty Ltd,Management of Active Melbourne recreation facilities,3615,2030-03-01,43033800.42603081,36345142.24024256,50373653.49014395
Victorian YMCA Community Programming Pty Ltd,Management of Active Melbourne recreation facilities,3615,2030-04-01,43082567.81968965,36294966.99948798,49640563.845200986
Victorian YMCA Community Programming Pty Ltd,Management of Active Melbourne recreation facilities,3615,2030-05-01,40861302.81709706,33044898.690251622,47448322.948767394
Victorian YMCA Community Programming Pty Ltd,Management of Active Melbourne recreation facilities,3615,2030-06-01,43318264.45340148,35799975.806086615,50114160.591921926
Victorian YMCA Community Programming Pty Ltd,Management of Active Melbourne recreation facilities,3615,2030-07-01,40955912.78893165,33842910.632806234,47307691.6693488
Victorian YMCA Community Programming Pty Ltd,Management of Active Melbourne recreation facilities,3615,2030-08-01,43691583.37896438,36878728.83868157,50406527.62754703
Victorian YMCA Community Programming Pty Ltd,Management of Active Melbourne recreation facilities,3615,2030-09-01,40849885.22702961,34074945.02880542,47230567.9566449
Victorian YMCA Community Programming Pty Ltd,Management of Active Melbourne recreation facilities,3615,2030-10-01,40942169.449264415,34304587.345110066,47581724.81131232
Victorian YMCA Community Programming Pty Ltd,Management of Active Melbourne recreation facilities,3615,2030-11-01,42337457.151638575,35609132.789829746,49393815.56060791
Victorian YMCA Community Programming Pty Ltd,Management of Active Melbourne recreation facilities,3615,2030-12-01,43471518.06255054,36562412.2136575,50115630.17870319
Victorian YMCA Community Programming Pty Ltd,Management of Active Melbourne recreation facilities,3615,2031-01-01,36831359.48925104,29950309.482719388,43389334.5781139
