InvoiceID,ContractTitle,Provider,InvoiceAmount,InvoiceDate,ContractNumber
INV116001,Open spaces management - region 2,serco,"$125,033.32",25/04/11,3677
INV116002,Building maintenance services,Programmed Facility Management Pty Ltd,227528.31 AUD,08/12/2027,3630
INV116003,Building maintenance services,Programmed Facility Management Pty Ltd,27494.57 AUD,09/06/2027,3630
INV116004,Open spaces management - region 2,SERCO,"$228,039.13",05-Nov-2027,3677
INV116005,Tree management maintenance services,Citywide Service Solutions Pty Ltd,242967.08,03-Dec-2025,3678
INV116006,Management of Active Melbourne recreation facilities,Victorian YMCA Community Programming Pty Ltd (AUS),"$135,639.37",10/05/2029,3615
INV116007,Building maintenance services,Programmed Facility Management Pty. Ltd.,122725.89 AUD,03/12/2027,3630
INV116008,Vehicle tow away and impound services,Nationwide  Towing  Services,0.2m,06 May 2028,3585
INV116009,Building cleaning services,Menzies International (Aust) Pty Ltd,88691.88,23/02/2026,3634
INV116010,Melbourne Town Hall venue management,Showtime  Event  Group  Pty  Ltd,58964.0,04-Jun-2026,3670
INV116011,Graffiti management and pressure cleaning services,Calcorp Services Pty Ltd,67166.15 AUD,31 October 2027,3668
INV116012,Civil infrastructure services,Citywide Service Solutions Pty Ltd,59333.53,2027-05-05,3665
INV116013,Tree management maintenance services,CITYWIDE SERVICE SOLUTIONS PTY LTD,"$209,286.03",15/02/2028,3678
INV116014,Building cleaning services,Menzies Internatio,163850.98,10-Jul-2029,3634
INV116015,Building maintenance services,Programmed Facility Management P/L,229003.79 AUD,02/10/2027,3630
INV116016,Management of Active Melbourne recreation facilities,Victorian,0.2m,2027-10-24,3615
INV116017,Open spaces management - region 2,SERCO (AU),136532.49,2028-02-04,3677
INV116018,Melbourne Town Hall venue management,SHOWTIME EVENT GROUP PTY LTD,122014.67,26 September 2025,3670
INV116019,Building cleaning services,menzies international (aust) pty ltd,184872.09 AUD,26/07/30,3634
INV116020,Integrated security services,NationalProtectiveServicesPtyLtd,198092.19,29 October 2025,3686
INV116021,Street cleaning,Spotless  Facility  Services  Pty  Ltd,0.2m,2029-03-11,3669
INV116022,Melbourne Town Hall venue management,SHOWTIME EVENT GROUP PTY LTD,246349.96 AUD,24/10/2026,3670
INV116023,Integrated security services,National Protective Services Pty Ltd (AUS),138935.36 AUD,2025-09-26,3686
INV116024,Building cleaning services,Menzies International (Aust) Pty Ltd,108975.52,10/12/2028,3634
INV116025,Melbourne Town Hall venue management,Showtime Event,150186.32,17-Oct-2029,3670
INV116026,Melbourne Town Hall venue management,Showtime Event Gjoup Pty Ltd,48920.86,01 March 2027,3670
INV116027,Street cleaning,Victorian,"$152,761.13",2026-07-21,3615
INV116028,Building maintenance services,Programmed Facility Management Pty. Ltd.,0.2m,2026-07-23,3630
INV116029,Tree management maintenance services,Citywide,112218.04,28/07/07,3678
INV116030,Melbourne Town Hall venue management,Showtime Event Group Pty Ltd,0.2m,15 July 2028,3670
INV116031,Open spaces management - region 1,Citywide  Service  Solutions  Pty  Ltd,138414.64,29/12/21,3676
INV116032,Melbourne Town Hall venue management,Showtime Event Group Pty Ltd,"$34,937.63",2028-05-13,3670
INV116033,Management of Active Melbourne recreation facilities,VictorianYMCACommunityProgrammingPtyLtd,"$229,408.44",22/08/2029,3615
INV116034,Waste management services,Cleanaway Waste Management LTD,23795.27 AUD,25/03/07,3556
INV116035,Waste management services,Cleanaway  Waste  Management  Limited,75824.9,22 October 2028,3556
INV116036,Open spaces management - region 1,Citywide Service ,,16-Mar-2026,3676
INV116037,Open spaces management - region 2,SERCO,11085.12,06 October 2028,3677
INV116038,Graffiti management and pressure cleaning services,Calcorp Services Pty Ltd (AUS),"$37,538.16",22 June 2026,3668
INV116039,Integrated security services,National Protective Services Pty Ltd,92587.85,05/05/2026,3686
INV116040,Tree management maintenance services,CITYWIDE SERVICE SOLUTIONS PTY LTD,0.2m,01-Apr-2026,3678
INV116041,Management of Active Melbourne recreation facilities,Victorian YMCA Communi,0.1m,05/04/2025,3615
INV116042,Street cleaning,Spotless Facility Services Pty Ltd,"$195,975.22",25/12/12,3669
INV116043,Civil infrastructure services,Citywide Seroice Solutions Pty Ltd,"$116,734.67",25/11/2029,3665
INV116044,Vehicle tow away and impound services,Nationkide Towing Services,0.0m,17-Sep-2029,3585
INV116045,Vehicle tow away and impound services,Nationwide Towing Services,130789.69,25 February 2025,3585
INV116046,Tree management maintenance services,Citywide,233017.22,21/07/2025,3678
INV116047,Civil infrastructure services,citywide service solutions pty ltd,16330.19 AUD,27/09/2029,3665
INV116048,Street cleaning,Spotless Facility Setvices Pty Ltd,86403.4 AUD,29-Jun-2027,3669
INV116049,Tree management maintenance services,Citywide Service Solutions Pty. Ltd.,194718.82,2025-11-14,3678
INV116050,Civil infrastructure services,CITYWIDE SERVICE SOLUTIONS PTY LTD,22502.9,2028-06-09,3665
INV116051,Open spaces management - region 1,Cittwide Service Solutions Pty Ltd,0.0m,10 September 2025,3676
INV116052,Melbourne Town Hall venue management,Showtime Event Group Pty Ltd,197712.89 AUD,20/06/2027,3670
INV116053,Integrated security services,National Protective Services P/L,"$240,511.8",26/05/22,3686
INV116054,Building cleaning services,Menzies International (Aust) P/L,0.0m,26/07/27,3634
INV116055,Vehicle tow away and impound services,Natconwide Towing Services,154331.83,2028-12-03,3585
INV116056,Street cleaning,Spotless Facility Services Pty. Ltd.,108457.03,26/08/08,3669
INV116057,Civil infrastructure services,SPOTLESS FACILITY SERVICES PTY LTD,159567.27,10/04/2025, 
INV116058,Civil infrastructure services,Citywide Service Solutions Pty Ltd,"$112,109.69",27/09/2026,3665
INV116059,Vehicle tow away and impound services,Nationwide  Towing  Services,0.0m,06-Apr-2025,3585
INV116060,Waste management services,CLEANAWAY WASTE MANAGEMENT LIMITED,245595.07,29/11/30,3556
INV116061,Graffiti management and pressure cleaning services,Calcorp Services Pty Ltd (AU),41425.53 AUD,22/09/2029,3668
INV116062,Open spaces management - region 2,serco,122125.01,2029-08-03,3677
INV116063,Open spaces management - region 2,SERCO,54837.68,2027-07-18,3677
INV116064,Parking technology services,Reino International Pty Ltd T/A Duncan Solutions,212680.56,18/10/2028, 
INV116065,Vehicle tow away and impound services,Nationwide  Towing  Services,69425.88,25/03/23,3585
INV116066,Tree management maintenance services,citywide service solutions pty ltd,65905.03 AUD,29/10/06,3678
INV116067,Parking technology services,Reino  International  Pty  Ltd  T/A  Duncan  Solutions,15291.03,13-Mar-2027,3623
INV116068,Tree management maintenance services,Citywide Service Solutions Pty Ltd (AU),194225.16,2026-11-27,3678
INV116069,Open spaces management - region 2,SERCO,239471.66,04/07/2029,3677
INV116070,Waste management services,Cleanaway Waste Management Limited (AUS),0.1m,28/06/09,3556
INV116071,Parking technology services,Reino Intl Pty Ltd T/A Duncan Solutions,188890.64,28/07/18,3623
INV116072,Vehicle tow away and impound services,NATIONWIDE TOWING SERVICES,208990.2 AUD,22 March 2025,3585
INV116073,Tree management maintenance services,CitywideServiceSolutionsPtyLtd,78859.7,18/06/2025,3678
INV116074,Open spaces management - region 1,CitywideServiceSolutionsPtyLtd,"$149,989.97",07/08/2025,3676
INV116075,Melbourne Town Hall venue management,Showtrme Event Group Pty Ltd,0.2m,29/08/2029,3670
INV116076,Tree management maintenance services,Citywide Service Solutions Pty Ltd,72581.78 AUD,2025-06-28,3678
INV116077,Graffiti management and pressure cleaning services,CalcorpServicesPtyLtd,0.2m,2025-11-11,3668
INV116078,Parking technology services,Reino Intl Pty Ltd T/A Duncan Solutions,0.2m,06/08/2027,3623
INV116079,Integrated security services,NATIONAL PROTECTIVE SERVICES PTY LTD,123474.94,29/05/24,3686
INV116080,Open spaces management - region 1,Citywide Service Solutions P/L,0.2m,28/07/2027,3676
INV116081,Open spaces management - region 2,serco,115489.28 AUD,27/10/2025,3677
INV116082,Parking technology services,Reino International Pty Ltd T/A Duncan Solutions (AUS),201391.3 AUD,16-Oct-2025,3623
INV116083,Management of Active Melbourne recreation facilities,Victorian YMCA Community Programming Pty Lxd,238955.69 AUD,2027-01-18,3615
INV116084,Graffiti management and pressure cleaning services,Calcorp Services Pty Ltd,56803.62 AUD,20 March 2025,3668
INV116085,Management of Active Melbourne recreation facilities,Victorian YMCA Community Programming Pty Ltn,180793.55,02 April 2029,3615
INV116086,Vehicle tow away and impound services,Nationwide,200429.25,13-Apr-2025,3585
INV116087,Management of Active Melbourne recreation facilities,Victorian  YMCA  Community  Programming  Pty  Ltd,36701.1,15/11/2025,3615
INV116088,Open spaces management - region 2,SERCO,28575.37 AUD,28/02/12,3677
INV116089,Building cleaning services,Menzies International (Aust) Pty Ltd,"$76,920.92",11-Feb-2027, 
INV116090,Open spaces management - region 2,SERCO,0.2m,11/02/2025,3677
INV116091,Open spaces management - region 2,SERCO (AUS),"$201,880.46",23/06/2026,3677
INV116092,Open spaces management - region 2,SERCO,49497.37,30 December 2025,3677
INV116093,Parking technology services,REINO INTERNATIONAL PTY LTD T/A DUNCAN SOLUTIONS,198139.23 AUD,27/09/09,3623
INV116094,Street cleaning,SPOTLESS FACILITY SERVICES PTY LTD,"$168,850.13",29/04/12,3669
INV116095,Open spaces management - region 1,Citywide Service Solutions Pty Ltd,47097.99 AUD,10 April 2028,3676
INV116096,Integrated security services,National Protective Services P/L,131329.64 AUD,02/02/2029,3686
INV116097,Parking technology services,Reino International Pty Ltd T/A Duncan Solutions,"$227,613.96",20-Mar-2027,3623
INV116098,Building cleaning services,Menzies International (Aust) Pty Ltd,210879.1 AUD,24-Sep-2029,3634
INV116099,Melbourne Town Hall venue management,Programmed  Facility  Management  Pty  Ltd,"$50,183.04",2025-05-29,3630
INV116100,Parking technology services,Reino International Pty Ltd T/A Duncan Solutions (AUS),211405.41 AUD,08 September 2029,3623
INV116101,Melbourne Town Hall venue management,Showtime Event Group Pty Ltd,0.1m,20/03/2027,3670
INV116102,Melbourne Town Hall venue management,Showtime Event,0.1m,26/07/19,3670
INV116103,Melbourne Town Hall venue management,showtime event group pty ltd,"$19,105.5",12-Nov-2025,3670
INV116104,Tree management maintenance services,Citywide Service ,"$115,358.81",27/09/06,3678
INV116105,Open spaces management - region 1,CITYWIDE SERVICE SOLUTIONS PTY LTD,201026.72,21/10/2028,3676
INV116106,Street cleaning,Spotless Facility Services Pty Ltd (AU),0.2m,11/08/2029,3669
INV116107,Civil infrastructure services,Citywide Service ,139275.12 AUD,25 June 2025, 
INV116108,Tree management maintenance services,Citywide Service Solutions Pty Ltd (AU),59321.09,15 December 2029,3678
INV116109,Parking technology services,Reino International Pty ,86300.43 AUD,17/02/2027,3623
INV116110,Civil infrastructure services,CitywideServiceSolutionsPtyLtd,242027.72,07/11/2028,3665
INV116111,Open spaces management - region 1,Citywide Service Solutions Pty Ltd (AU),"$217,283.46",26/07/04,3676
INV116112,Building maintenance services,Programmed Facility Mgmt Pty Ltd,0.1m,17/01/2028,3630
INV116113,Building cleaning services,Menzies Internatio,,2025-03-08,3634
INV116114,Melbourne Town Hall venue management,showtime event group pty ltd,6621.25 AUD,29/12/2028,3670
INV116115,Street cleaning,Spotless  Facility  Services  Pty  Ltd,210287.27 AUD,06-Nov-2025,3669
INV116116,Management of Active Melbourne recreation facilities,Victorian  YMCA  Community  Programming  Pty  Ltd,160546.36 AUD,01-Dec-2029,3615
INV116117,Vehicle tow away and impound services,Nationwide Towing Services (AUS),89478.67 AUD,19/12/2025,3585
INV116118,Open spaces management - region 1,CitywideServiceSolutionsPtyLtd,40780.02 AUD,28-Jul-2027,3676
INV116119,Vehicle tow away and impound services,Nationwide Towing Services (AUS),140242.15 AUD,10/01/2027, 
INV116120,Tree management maintenance services,Citywide Sejvice Solutions Pty Ltd,"$115,120.79",12-Feb-2029,3678
INV116121,Management of Active Melbourne recreation facilities,Victorian,28744.62,2028-01-17,3615
INV116122,Waste management services,Cleanaway Waste Management LTD,46039.88 AUD,2027-08-21,3556
INV116123,Open spaces management - region 2,SERCO,158680.43,26/05/07,3677
INV116124,Street cleaning,Spotless Facility Services Pty Ltd (AU),62938.39 AUD,03 February 2029,3669
INV116125,Open spaces management - region 2,SERCO (AU),191221.95,04/05/2025,3677
INV116126,Building maintenance services,Showtime Event Group P/L,235324.96,14/11/2025,3670
INV116127,Building cleaning services,Menzies Int’l (Aust) Pty Ltd,"$188,471.93",01 November 2025,3634
INV116128,Waste management services,Cleanaway Waste Management Limited,30273.84 AUD,23-Oct-2025,3556
INV116129,Civil infrastructure services,CITYWIDE SERVICE SOLUTIONS PTY LTD,0.2m,12-Dec-2029,3665
INV116130,Tree management maintenance services,Citywide,156177.05,11/02/2027,3678
INV116131,Civil infrastructure services,Citywide Service Solutions P/L,"$189,204.45",25-Jun-2029,3665
INV116132,Vehicle tow away and impound services,Nationwide To,0.1m,16/11/2028,3585
INV116133,Management of Active Melbourne recreation facilities,Victorian  YMCA  Community  Programming  Pty  Ltd,46387.56,2026-08-22,3615
INV116134,Melbourne Town Hall venue management,Showtime Event Group Pty. Ltd.,0.2m,08/01/2027,3670
INV116135,Melbourne Town Hall venue management,Showtime Event Group P/L,218507.48 AUD,12/02/2029,3670
INV116136,Open spaces management - region 2,SERCO,0.1m,2029-02-19,3677
INV116137,Civil infrastructure services,Citywide Service ,1687.77 AUD,18/08/2025,3665
INV116138,Integrated security services,National Protective Services P/L,224793.48,2026-01-15,3686
INV116139,Civil infrastructure services,Citywide Service Solutions Pty Ltd,"$30,473.55",13/08/2027,3665
INV116140,Vehicle tow away and impound services,Nationwide Towing Services,0.1m,21-Jun-2027,3585
INV116141,Parking technology services,Reino International Pty Ltd T/A Duncan Solutions,"$41,861.97",28/12/22,3623
INV116142,Parking technology services,Reino International Pty Ltd T/A Duncan Solutions,118588.64,10 May 2026,3623
INV116143,Open spaces management - region 1,Citywide Service Solutions Pty Ltd (AU),199907.2,01/02/2025,3676
INV116144,Melbourne Town Hall venue management,Showtime Event Group Pty Ltd (AUS),30741.54,30 October 2029, 
INV116145,Civil infrastructure services,Citywide Service Solutions Ptl Ltd,14820.18,22/04/2026,3665
INV116146,Tree management maintenance services,CitywideServiceSolutionsPtyLtd,27395.99,26/11/04,3678
INV116147,Melbourne Town Hall venue management,spotless facility services pty ltd,,13/06/2027,3669
INV116148,Open spaces management - region 2,SERCO,"$130,257.4",27/04/23,3677
INV116149,Vehicle tow away and impound services,Nationwide Towing Services,"$121,563.03",22-Jul-2026,3585
INV116150,Open spaces management - region 1,Citywide Service Solutions Pty Ltd,"$205,293.78",04/10/2026,3676
INV116151,Melbourne Town Hall venue management,Showtime Event Group Pty Ltd (AUS),52369.59,30-Apr-2025,3670
INV116152,Management of Active Melbourne recreation facilities,Victorian YMCA Community Programming Pty. Ltd.,43926.6,2027-11-15,3615
INV116153,Integrated security services,National Protective Services Pty Ltd,"$189,200.11",28/10/30,3686
INV116154,Management of Active Melbourne recreation facilities,Victorian  YMCA  Community  Programming  Pty  Ltd,87245.09,04-Feb-2025, 
INV116155,Civil infrastructure services,Citywide Service Solutions Pty Ltd,"$3,299.14",2026-12-25,3665
INV116156,Open spaces management - region 1,Citywide Service Solutions Pty Ltd,67118.49,29/02/06,3676
INV116157,Building cleaning services,Menzies International (Aust) Pty Ltd,187121.34,28/03/17,3634
INV116158,Melbourne Town Hall venue management,Showtime Event Group Pty Ltd,"$186,048.65",29/11/27,3670
INV116159,Civil infrastructure services,Citywide Service Solutions Pty Ltd,134008.28,2025-10-03,3665
INV116160,Integrated security services,Reino International Pty. Ltd. T/A Duncan Solutions,155013.88,29/02/21,3623
INV116161,Building cleaning services,Menzies,223923.65 AUD,12 June 2025,3634
INV116162,Open spaces management - region 1,Citywide Service Solutions Pty Ltd,211276.28 AUD,31 January 2026,3676
INV116163,Street cleaning,Spotless Facility Services Pty Ltd (AU),0.1m,26/10/18,3669
INV116164,Management of Active Melbourne recreation facilities,Victorian YMCA Community Programming Pty Ltd (AU),91035.31 AUD,27/01/06,3615
INV116165,Graffiti management and pressure cleaning services,Calcorp Services Pty Ltd,0.2m,03-May-2028, 
INV116166,Management of Active Melbourne recreation facilities,Victorian,85996.37,28/08/01,3615
INV116167,Waste management services,Cleanaway Waste Management Limited,"$117,675.62",18/11/2027,3556
INV116168,Building maintenance services,Programmed Facility Management Pty. Ltd.,"$60,680.85",08-Oct-2029,3630
INV116169,Vehicle tow away and impound services,Nationwide To,147090.0,24/01/2026,3585
INV116170,Building maintenance services,Programmed Facility Mgmt Pty Ltd,26228.09,01/01/2028,3630
INV116171,Building maintenance services,Programmed  Facility  Management  Pty  Ltd,"$182,319.74",2025-08-13,3630
INV116172,Vehicle tow away and impound services,Nationwide,78359.24,06-Jul-2025,3585
INV116173,Melbourne Town Hall venue management,Showtime,214703.34,09/04/2028,3670
INV116174,Management of Active Melbourne recreation facilities,victorian ymca community programming pty ltd,163409.95,29/09/06,3615
INV116175,Melbourne Town Hall venue management,Showtime Event Group Pty Ltd (AU),143099.89 AUD,2029-02-24,3670
INV116176,Street cleaning,Spotless Facility Services Pty Ltd,22311.98,2025-11-25,3669
INV116177,Waste management services,Cleanaway Waste Management Limited,48691.63,04/03/2028,3556
INV116178,Management of Active Melbourne recreation facilities,VICTORIAN YMCA COMMUNITY PROGRAMMING PTY LTD,"$112,362.32",14 May 2029,3615
INV116179,Open spaces management - region 1,Citywide Service Solutions Pty Ltd,0.1m,25/02/07,3676
INV116180,Graffiti management and pressure cleaning services,Spotless Facility Services P/L,84521.27 AUD,2028-05-24,3669
INV116181,Civil infrastructure services,Citywide Service Solutions Pty Ltd (AUS),127977.52 AUD,02-Mar-2025,3665
INV116182,Tree management maintenance services,Citywide Service Solutions Pty Ltd,50631.66 AUD,2025-08-13,3678
INV116183,Parking technology services,Reino International Pty Ltd T/A Duncan Solutions,"$90,322.43",24/10/2028,3623
INV116184,Graffiti management and pressure cleaning services,Calcorp Services Pty Ltd,3942.3 AUD,2027-04-04,3668
INV116185,Management of Active Melbourne recreation facilities,Victorian Ymca Community Programming Pty Ltd,62163.18,04/04/2028,3615
INV116186,Graffiti management and pressure cleaning services,malcorp Services Pty Ltd,170363.48,2027-11-11,3668
INV116187,Street cleaning,Spotless  Facility  Services  Pty  Ltd,172230.04,27/05/17,3669
INV116188,Integrated security services,national protective services pty ltd,1289.52,26/02/14,3686
INV116189,Graffiti management and pressure cleaning services,Calcorp Services Pty Ltd,137544.4,03/02/2028,3668
INV116190,Management of Active Melbourne recreation facilities,VictorianYMCACommunityProgrammingPtyLtd,100741.64,26/01/03,3615
INV116191,Street cleaning,SPOTLESS FACILITY SERVICES PTY LTD,223036.3 AUD,02/07/2028,3669
INV116192,Building maintenance services,Programmed,35078.09,05-Jul-2027,3630
INV116193,Building maintenance services,Showtime Event Group Pty Ltd,108481.28,02 November 2026,3670
INV116194,Open spaces management - region 2,SERCO,0.1m,04-Aug-2028,3677
INV116195,Vehicle tow away and impound services,Nationwide Towing Services,181086.4,20/01/2025,3585
INV116196,Vehicle tow away and impound services,Nationwide  Towing  Services,109114.83,27 April 2026,3585
INV116197,Parking technology services,Reino International Pty Ltd T/A Duncan Solutions,0.1m,20-Feb-2027,3623
INV116198,Open spaces management - region 1,Citywide  Service  Solutions  Pty  Ltd,249354.41 AUD,29 November 2025,3676
INV116199,Open spaces management - region 2,SERCO,115513.86 AUD,2027-12-24,3677
INV116200,Civil infrastructure services,National Protective Services Pty Ltd (AU),"$162,392.77",2027-05-20,3686
INV116201,Street cleaning,SPOTLESS FACILITY SERVICES PTY LTD,79424.77,14 January 2029,3669
INV116202,Vehicle tow away and impound services,Nationwide Towing Services,"$175,773.65",2025-02-20,3585
INV116203,Graffiti management and pressure cleaning services,Calcorp Services Pty Ltd,13466.3 AUD,20/09/2027,3668
INV116204,Graffiti management and pressure cleaning services,Calcorp  Services  Pty  Ltd,0.0m,08/04/2029,3668
INV116205,Parking technology services,Reino International Pty Ltd T/A Duncan Solutions (AU),239343.25,01 September 2029,3623
INV116206,Parking technology services,ReinoInternationalPtyLtdT/ADuncanSolutions,120540.41,07 September 2028,3623
INV116207,Melbourne Town Hall venue management,Showtime,"$233,744.53",29/04/08,3670
INV116208,Melbourne Town Hall venue management,Showtime Event Group Pty Ltd,"$35,964.21",17-May-2029,3670
INV116209,Civil infrastructure services,Citywide,0.2m,2025-04-10,3665
INV116210,Building cleaning services,Menzies International (Aust) Pty. Ltd.,"$180,049.78",21/03/2025,3634
INV116211,Integrated security services,national protective services pty ltd,242412.58,13-Aug-2026,3686
INV116212,Management of Active Melbourne recreation facilities,VictorianYMCACommunityProgrammingPtyLtd,0.2m,29/11/27,3615
INV116213,Integrated security services,National Protective Services Pty Ltd (AU),175373.66 AUD,08/07/2025,3686
INV116214,Management of Active Melbourne recreation facilities,victorian ymca community programming pty ltd,15776.82,25/09/24,3615
INV116215,Waste management services,Cleangway Waste Management Limited,"$23,418.94",28-Jul-2025,3556
INV116216,Building cleaning services,Menzies International (Aust) Pty Ltd,229884.87,27 January 2028,3634
INV116217,Integrated security services,National  Protective  Services  Pty  Ltd,100055.32,11/01/2026,3686
INV116218,Building maintenance services,Programmed Facility Managvment Pty Ltd,"$111,469.54",20-Dec-2027,3630
INV116219,Open spaces management - region 1,Citywide Service Solutions Pty. Ltd.,221361.09,27-Feb-2027,3676
INV116220,Tree management maintenance services,Citywide Service Solutions Pty Ltd,140861.86,02 May 2027,3678
INV116221,Street cleaning,Spotless Facility Services Pty Ltd,"$71,447.53",20 June 2027,3669
INV116222,Open spaces management - region 1,CITYWIDE SERVICE SOLUTIONS PTY LTD,20696.36,13-Oct-2027,3676
INV116223,Graffiti management and pressure cleaning services,Calcorp Services Pty Ltd (AU),0.2m,2027-08-22, 
INV116224,Graffiti management and pressure cleaning services,Calcorp Semvices Pty Ltd,214523.34,27-Feb-2026,3668
INV116225,Management of Active Melbourne recreation facilities,Victorian  YMCA  Community  Programming  Pty  Ltd,112365.46,09/06/2027,3615
INV116226,Open spaces management - region 1,Citywide Service Solutions Pty Ltd,185414.39,29/08/2025,3676
INV116227,Street cleaning,Menzies  International  (Aust)  Pty  Ltd,116100.21 AUD,2029-12-23,3634
INV116228,Tree management maintenance services,citywide service solutions pty ltd,169908.45 AUD,25/05/28,3678
INV116229,Parking technology services,Reino International Pty Ltd T/A Duncan Solutions (AU),"$78,323.82",2029-03-10,3623
INV116230,Waste management services,Cleanawyy Waste Management Limited,194404.87 AUD,24-Jun-2025,3556
INV116231,Open spaces management - region 1,CITYWIDE SERVICE SOLUTIONS PTY LTD,233583.29 AUD,2025-03-10, 
INV116232,Graffiti management and pressure cleaning services,CALCORP SERVICES PTY LTD,2095.63,2025-05-01,3668
INV116233,Open spaces management - region 1,citywide service solutions pty ltd,232965.34,2027-01-13,3676
INV116234,Waste management services,Cleanaway Waste Mgmt Limited,55732.77 AUD,27/08/2025,3556
INV116235,Tree management maintenance services,CITYWIDE SERVICE SOLUTIONS PTY LTD,114657.69 AUD,26/01/2025,3678
INV116236,Building cleaning services,Menzies International (Aust) Pty Ltd,203550.08 AUD,21-Sep-2027,3634
INV116237,Melbourne Town Hall venue management,Showtime Event Group Pty Ltd,0.1m,21-Jun-2025,3670
INV116238,Open spaces management - region 1,Citywide Service Solutions Pty. Ltd.,2720.22,10-Mar-2025,3676
INV116239,Vehicle tow away and impound services,Nationwide Towing Services (AUS),57711.08,03 June 2025,3585
INV116240,Open spaces management - region 1,Citywide Service Solutions Pty Ltd (AU),199620.79 AUD,05-Nov-2026,3676
INV116241,Tree management maintenance services,Citywide Service Solutions Pty Ltd (AU),89631.36 AUD,03/05/2026,3678
INV116242,Open spaces management - region 1,CitywideServiceSolutionsPtyLtd,0.2m,27/02/15,3676
INV116243,Open spaces management - region 1,CITYWIDE SERVICE SOLUTIONS PTY LTD,"$49,871.8",,3676
INV116244,Open spaces management - region 1,CitywideServiceSolutionsPtyLtd,0.0m,28/03/21, 
INV116245,Tree management maintenance services,citywide service solutions pty ltd,73074.89 AUD,2029-07-24,3678
INV116246,Tree management maintenance services,Citywide Service Solutions Pty Ltd,0.1m,01/06/2027,3678
INV116247,Street cleaning,SERCO,224730.69 AUD,23 April 2029,3677
INV116248,Graffiti management and pressure cleaning services,Calcorp  Services  Pty  Ltd,104047.94 AUD,2028-12-15,3668
INV116249,Open spaces management - region 2,SERCO,18534.31 AUD,27/09/19,3677
INV116250,Open spaces management - region 2,SERCO,0.0m,22/06/2028,3677
INV116251,Waste management services,cleanaway waste management limited,224275.56 AUD,22-Jul-2027,3556
INV116252,Tree management maintenance services,CitywideServiceSolutionsPtyLtd,166903.08,26/02/01,3678
INV116253,Management of Active Melbourne recreation facilities,Victorian Ymca Community Programming Pty Ltd,204044.71,2025-03-08,3615
INV116254,Building cleaning services,menzies international (aust) pty ltd,243316.96 AUD,04/05/2029,3634
INV116255,Civil infrastructure services,Citywide Service ,170232.11,25/10/2029,3665
INV116256,Open spaces management - region 2,SERCO (AU),126731.42,2025-04-09,3677
INV116257,Melbourne Town Hall venue management,Showtime Event,134585.74,06 January 2025,3670
INV116258,Building cleaning services,Menzies,"$73,927.01",12/01/2026,3634
INV116259,Building maintenance services,programmed facility management pty ltd,0.0m,06/02/2029,3630
INV116260,Street cleaning,Spotless Facility Services Pty. Ltd.,1148.05,03/02/2028,3669
INV116261,Street cleaning,Spotless,145238.14,30/03/2027,3669
INV116262,Integrated security services,national protective services pty ltd,"$9,844.16",24-Jan-2028,3686
INV116263,Vehicle tow away and impound services,nationwide towing services,110480.38,25/07/03,3585
INV116264,Building cleaning services,Menzies International (Aust) Pty Ltd,244736.34,2028-11-24,3634
INV116265,Melbourne Town Hall venue management,Showtime Event Group Pty Ltd,0.2m,2028-02-17,3670
INV116266,Building cleaning services,Menzies Int’l (Aust) Pty Ltd,145190.58,02-Sep-2029,3634
INV116267,Vehicle tow away and impound services,Nationwide  Towing  Services,0.2m,03-Jan-2025,3585
INV116268,Open spaces management - region 1,Citywide Service Solutions Pty. Ltd.,0.1m,30/08/2028,3676
INV116269,Waste management services,cleanaway waste management limited,94161.42,28/05/2029, 
INV116270,Management of Active Melbourne recreation facilities,Victorian YMCA Community Programming Pty Ltd (AU),178126.13,27/03/2026,3615
INV116271,Parking technology services,Reino International P/L T/A Duncan Solutions,74010.45 AUD,12 May 2027,3623
INV116272,Vehicle tow away and impound services,NationwideTowingServices,6624.43,08-Jan-2029,3585
INV116273,Management of Active Melbourne recreation facilities,Victorian YMCA Community Programming Pty Ltd (AUS),236755.4 AUD,25-Mar-2027,3615
INV116274,Open spaces management - region 2,SERCO,0.2m,01/07/2027,3677
INV116275,Parking technology services,ReinoInternationalPtyLtdT/ADuncanSolutions,2779.21,30/10/2026,3623
INV116276,Graffiti management and pressure cleaning services,Calcorp,192667.72,25/12/2028,3668
INV116277,Building maintenance services,Programmed Facility Mgmt Pty Ltd,"$241,475.25",23/09/2025,3630
INV116278,Parking technology services,Reino International Pty Ltd T/A Duncan Solutions (AUS),124087.54,27/05/21,3623
INV116279,Parking technology services,Reino Int’l Pty Ltd T/A Duncan Solutions,223181.17 AUD,16/07/2027,3623
INV116280,Building maintenance services,Programmed Facility Management Pty. Ltd.,20856.49 AUD,19/05/2029,3630
INV116281,Management of Active Melbourne recreation facilities,Victorian YMCA Communi,54075.37,16-Nov-2026, 
INV116282,Street cleaning,Spotless Facility Services Pty Ltd,125285.72 AUD,18/12/2029,3669
INV116283,Graffiti management and pressure cleaning services,Calcorp  Services  Pty  Ltd,219253.58,06/02/2026,3668
INV116284,Parking technology services,Reino International Pty Ltd T/A Duncan Solutions,145426.69 AUD,2029-05-23, 
INV116285,Street cleaning,Spotless,183230.5 AUD,15 March 2026,3669
INV116286,Open spaces management - region 2,SERCk,81186.09,27-May-2028,3677
INV116287,Management of Active Melbourne recreation facilities,victorian ymca community programming pty ltd,61988.71,10/02/2029, 
INV116288,Waste management services,CLEANAWAY WASTE MANAGEMENT LIMITED,0.2m,2028-11-18,3556
INV116289,Tree management maintenance services,Citywide Service Solutions Pty. Ltd.,244516.98,2026-05-23,3678
INV116290,Open spaces management - region 2,SERCO,"$88,759.0",11-Feb-2029,3677
INV116291,Parking technology services,Reino International Pty Ltd T/A Duncan Solutions,0.2m,11/07/2027,3623
INV116292,Civil infrastructure services,MenziesInternational(Aust)PtyLtd,"$101,483.13",22-Mar-2026,3634
INV116293,Civil infrastructure services,Citywide Service Solutions Pty Ltd,110437.54,18-Dec-2028,3665
INV116294,Management of Active Melbourne recreation facilities,Victorian YMCA Community Programming Poy Ltd,0.2m,31/01/2025,3615
INV116295,Open spaces management - region 1,Showtime Event Group Pty Ltd (AU),0.1m,18 September 2029,3670
INV116296,Parking technology services,Reino International Pty Ltd T/A Duncan Solutions (AUS),"$26,950.55",20/06/2027,3623
INV116297,Tree management maintenance services,CitywideServiceSolutionsPtyLtd,19692.55 AUD,12/12/2029,3678
INV116298,Parking technology services,Reino International Pty ,84677.02,2029-08-31,3623
INV116299,Building maintenance services,Programmed Facility ManagementfPty Ltd,0.2m,20/12/2028,3630
INV116300,Building cleaning services,Menzies International (Aust) Pty Ltd,"$90,576.65",09 August 2027,3634
INV116301,Tree management maintenance services,Reino International Pty Ltd T/A Duncan Solutions (AU),131527.61,09/04/2027,3623
INV116302,Parking technology services,Reino  International  Pty  Ltd  T/A  Duncan  Solutions,231017.1,2028-08-11,3623
INV116303,Parking technology services,Calcorp Services Pty Ltd,"$229,077.15",26/08/17,3668
INV116304,Open spaces management - region 1,Citywide Service Solutions P/L,28221.82,25/11/21, 
INV116305,Open spaces management - region 2,SERCO,195211.18,2026-08-13,3677
INV116306,Parking technology services,Reino International Pty Ltd T/A Duncan Solutions (AUS),173226.05,2027-08-13,3623
INV116307,Melbourne Town Hall venue management,Citywide Service Solutions P/L,124822.73,26/10/2025,3678
INV116308,Melbourne Town Hall venue management,showtime event group pty ltd,42490.52,11 December 2025,3670
INV116309,Street cleaning,spotless facility services pty ltd,0.1m,09/05/2028,3669
INV116310,Open spaces management - region 1,Citywide Service Solutions Pty Ltd,155965.64 AUD,28/10/14,3676
INV116311,Vehicle tow away and impound services,nationwide towing services,"$10,898.53",2028-09-06,3585
INV116312,Street cleaning,Spotless  Facility  Services  Pty  Ltd,36390.0,25/07/13,3669
INV116313,Management of Active Melbourne recreation facilities,Victorian YMCA Community Programming Pty Ltd (AU),1754.4,01 May 2025,3615
INV116314,Civil infrastructure services,Citywide Service Solutions P/L,"$5,599.39",23-Feb-2025,3665
INV116315,Parking technology services,Reino Int’l Pty Ltd T/A Duncan Solutions,66453.08,07-Oct-2028,3623
INV116316,Building maintenance services,Programmed Facility Management Pty Ltd,229212.67,11/07/2027,3630
INV116317,Street cleaning,Spotless Facility Services Pty Ltd,"$10,158.88",11/06/2028,3669
INV116318,Graffiti management and pressure cleaning services,Calcorp Services Pty Ltd,114661.75,27/01/31,3668
INV116319,Parking technology services,Reino International Pty Ltd T/A Duncan Socutions,45565.71,,3623
INV116320,Graffiti management and pressure cleaning services,Calcorp,217060.24,18 November 2025,3668
INV116321,Parking technology services,Reino International Pty Ltd T/A Duncan Solutions (AUS),"$161,235.2",19-Nov-2029,3623
INV116322,Building maintenance services,Programmed Facility,72350.45,25/07/28,3630
INV116323,Vehicle tow away and impound services,Nationwide Towing Services (AU),"$224,897.24",25/10/08,3585
INV116324,Parking technology services,Reino International Pty Ltd T/A Duncan Solutions (AUS),225441.79 AUD,29/05/19,3623
INV116325,Graffiti management and pressure cleaning services,Calcorp Serv,"$200,228.96",2025-04-09,3668
INV116326,Integrated security services,national protective services pty ltd,77237.88,2026-02-08,3686
INV116327,Building cleaning services,Menzies International (Aust) P/L,0.2m,2027-08-11,3634
INV116328,Parking technology services,Reino International Pty Ltd T/A Duncan Solutions (AUS),231329.85 AUD,2026-07-29,3623
INV116329,Tree management maintenance services,Citywide Service Solutions Pty Ltd,241070.58,10 June 2028,3678
INV116330,Tree management maintenance services,Citywide Service Solutions Pty Ltd,0.0m,2025-02-26,3678
INV116331,Building maintenance services,Programmed  Facility  Management  Pty  Ltd,70464.96,29/01/2029,3630
INV116332,Open spaces management - region 1,Citywide Service Solutions Pty Lod,0.2m,19 May 2029,3676
INV116333,Waste management services,Cleanaway,162692.27,27 November 2029,3556
INV116334,Integrated security services,National Protectiv,"$43,028.79",26/12/2026,3686
INV116335,Management of Active Melbourne recreation facilities,Victorian YMCA Community Programming P/L,229063.55,05/11/2027,3615
INV116336,Building maintenance services,ProgrammedFacilityManagementPtyLtd,"$203,995.21",27/01/2027,3630
INV116337,Melbourne Town Hall venue management,showtime event group pty ltd,83471.28,01/07/2028,3670
INV116338,Open spaces management - region 1,Citywide Service Solutions Pty Ltd,0.2m,22 December 2026,3676
INV116339,Graffiti management and pressure cleaning services,Calcorp Services P/L,241921.66,23/05/2028,3668
INV116340,Open spaces management - region 2,SERCO,"$45,437.49",2027-03-15,3677
INV116341,Graffiti management and pressure cleaning services,calcorp services pty ltd,32083.24 AUD,29/04/17,3668
INV116342,Street cleaning,CleanawayWasteManagementLimited,0.1m,25/05/07,3556
INV116343,Integrated security services,NATIONAL PROTECTIVE SERVICES PTY LTD,183812.1 AUD,31/05/2025,3686
INV116344,Street cleaning,Spotless Facility Services Pty Ltd,0.2m,22/04/2027,3669
INV116345,Management of Active Melbourne recreation facilities,Victorian YMCA Community Programming Pty Ltd (AU),127890.49,15/08/2027,3615
INV116346,Integrated security services,National Protective Services Pty Ltd,30462.23,2028-01-16,3686
INV116347,Management of Active Melbourne recreation facilities,Victorian YMCA Community Programming Pty Ltd (AU),"$66,272.57",27/01/22,3615
INV116348,Building maintenance services,Programmed Facility Management Pty. Ltd.,42358.59,2027-03-18,3630
INV116349,Graffiti management and pressure cleaning services,Calcorp Services Pty Ltd,165288.44,21/05/2028,3668
INV116350,Integrated security services,National,"$4,582.24",10-Mar-2029,3686
INV116351,Civil infrastructure services,Citywide Service Solutions Pty Ltd,"$101,880.45",26/01/2028,3665
INV116352,Vehicle tow away and impound services,National,0.1m,16 September 2029,3686
INV116353,Civil infrastructure services,Citywide Service Solutions Pty Ltd,21821.64,25/10/11,3665
INV116354,Tree management maintenance services,Citywide  Service  Solutions  Pty  Ltd,75168.65,22 February 2028,3678
INV116355,Street cleaning,Spotless Facility Services P/L,"$64,358.8",03 April 2027,3669
INV116356,Tree management maintenance services,Citywide Service Solutions Pty Ltd,95859.74 AUD,26/03/31,3678
INV116357,Parking technology services,Reino International P/L T/A Duncan Solutions,177168.29,01-Mar-2025,3623
INV116358,Tree management maintenance services,Citywide Service Solutions Pty Ltd (AU),154796.13,07/09/2025,3678
INV116359,Management of Active Melbourne recreation facilities,VictorianYMCACommunityProgrammingPtyLtd,0.1m,02-Dec-2028,3615
INV116360,Waste management services,Cleanaway Waste Management Limited,192960.21,15 June 2027,3556
INV116361,Building cleaning services,Menzies Internatio,193408.53 AUD,02/12/2029,3634
INV116362,Building maintenance services,Programmed Facility,175963.64 AUD,27/08/2027,3630
INV116363,Open spaces management - region 2,SERCO (AU),92866.82 AUD,27/04/2028,3677
INV116364,Waste management services,CLEANAWAY WASTE MANAGEMENT LIMITED,241584.46 AUD,2028-06-12,3556
INV116365,Open spaces management - region 2,SERCO,212487.19,01/04/2028,3677
INV116366,Melbourne Town Hall venue management,ShowtimeiEvent Group Pty Ltd,22158.82,25/06/09,3670
INV116367,Management of Active Melbourne recreation facilities,Victorian Ymca Community Programming Pty Ltd,"$205,999.6",12/10/2029,3615
INV116368,Vehicle tow away and impound services,NATIONWIDE TOWING SERVICES,241228.69,29/06/04,3585
INV116369,Melbourne Town Hall venue management,Showtime Event Group Pty Ltd,145603.94,22/02/2025,3670
INV116370,Waste management services,Cleanaway Waste Management LTD,0.0m,13/08/2029,3556
INV116371,Open spaces management - region 1,Citywide,240538.17,05 July 2028,3676
INV116372,Building maintenance services,Programmed,240924.35 AUD,31 March 2027,3630
INV116373,Management of Active Melbourne recreation facilities,VICTORIAN YMCA COMMUNITY PROGRAMMING PTY LTD,55179.81,13-Nov-2025, 
INV116374,Melbourne Town Hall venue management,Showtime Event Group Pty Ltd (AUS),222715.54 AUD,2025-10-03,3670
INV116375,Civil infrastructure services,Citywide Service Solutions Pty Ltd (AU),236291.23 AUD,30/01/2027,3665
INV116376,Building cleaning services,Menzies International (Aust) Pty. Ltd.,"$98,675.66",2026-01-29,3634
INV116377,Tree management maintenance services,Citywide Service Solutions Pty. Ltd.,17585.47,19-Aug-2025,3678
INV116378,Integrated security services,National Protective Services Pty Ltd,0.1m,17-Oct-2028,3686
INV116379,Vehicle tow away and impound services,Nationwide Towing Services (AU),"$181,508.58",2025-07-04,3585
INV116380,Management of Active Melbourne recreation facilities,VictorianYMCACommunityProgrammingPtyLtd,162387.08 AUD,2026-11-01,3615
INV116381,Graffiti management and pressure cleaning services,Calcorp Services Pty Ltd,"$202,195.62",05-Aug-2025,3668
INV116382,Management of Active Melbourne recreation facilities,VictorianYMCACommunityProgrammingPtyLtd,0.1m,2027-11-27,3615
INV116383,Waste management services,Cleanaway Waste Management Limited,41675.79,30/01/2028,3556
INV116384,Building maintenance services,Programmed Facility Management P/L,27253.55,28-Jul-2026,3630
INV116385,Waste management services,Cleanaway Waste Management LTD,"$235,481.53",2026-08-19,3556
INV116386,Building cleaning services,MENZIES INTERNATIONAL (AUST) PTY LTD,222042.55,2026-12-26,3634
INV116387,Tree management maintenance services,Citywide  Service  Solutions  Pty  Ltd,211756.02,06-Dec-2025,3678
INV116388,Waste management services,Cleanaway Waste Management LTD,0.0m,06-Apr-2029,3556
INV116389,Civil infrastructure services,citywide service solutions pty ltd,124875.45,07/02/2028,3665
INV116390,Vehicle tow away and impound services,Nationwide  Towing  Services,210377.16,30/07/2028,3585
INV116391,Waste management services,Cleanaway Waste Management LTD,0.1m,20/04/2028,3556
INV116392,Parking technology services,Reino International Pty ,0.1m,03/03/2026,3623
INV116393,Melbourne Town Hall venue management,Showtime Event,123577.55 AUD,26/09/02,3670
INV116394,Vehicle tow away and impound services,Nationwide Towing Services,111788.93 AUD,25/01/2026,3585
INV116395,Building maintenance services,Programmed,66745.3,30-Jan-2028,3630
INV116396,Building maintenance services,Programmed Facility Management Pty Ltd (AU),"$33,940.33",28/12/25,3630
INV116397,Open spaces management - region 1,Citywide Service Solutions Pty Ltd,0.1m,09/01/2027,3676
INV116398,Civil infrastructure services,Citywide Service Solutions Pty Ltd,135551.38 AUD,2027-09-10,3665
INV116399,Management of Active Melbourne recreation facilities,Victorian YMCA Community Programming Pty Ltd (AU),"$129,249.55",,3615
INV116400,Graffiti management and pressure cleaning services,Showtime Event Group Pty Ltd,"$139,485.22",10/08/2025,3670
INV116401,Building cleaning services,Menzies  International  (Aust)  Pty  Ltd,1540.09 AUD,25 June 2029,3634
INV116402,Vehicle tow away and impound services,Nationwide Towing Services,26878.76 AUD,13/04/2029,3585
INV116403,Street cleaning,Spotless Facility Services Pty Ltd (AUS),0.2m,,3669
INV116404,Tree management maintenance services,Citywide Service ,41866.17,28/10/2027,3678
INV116405,Integrated security services,National  Protective  Services  Pty  Ltd,"$247,042.88",29/03/31, 
INV116406,Tree management maintenance services,Citywide  Service  Solutions  Pty  Ltd,"$114,190.37",26/02/24, 
INV116407,Open spaces management - region 2,SERCO,0.2m,01-Sep-2025,3677
INV116408,Parking technology services,Reino International Pty Ltd T/A Duncan Solutions,0.2m,2028-07-16,3623
INV116409,Waste management services,Cleanyway Waste Management Limited,"$83,599.87",04-Apr-2029,3556
INV116410,Street cleaning,Spotless,84939.51 AUD,28/06/2029,3669
INV116411,Parking technology services,Reino Intl Pty Ltd T/A Duncan Solutions,"$103,520.88",05 October 2029,3623
INV116412,Tree management maintenance services,Citywide Service Solutions Pty Ltd,0.1m,15-Mar-2028,3678
INV116413,Graffiti management and pressure cleaning services,Calcorp,176620.83,2028-09-07,3668
INV116414,Open spaces management - region 1,Citywide Service Solutions Pty Ltd,54559.78,2025-11-28,3676
INV116415,Waste management services,Cleanaway Waste Management Limitod,49272.07,2028-04-11,3556
INV116416,Building cleaning services,Menzies International (Aust) Pty Ltd,29893.2 AUD,29/07/2025,3634
INV116417,Management of Active Melbourne recreation facilities,Victorian YMCA Community Programming Pty Ltd,121193.77 AUD,25/06/2025,3615
INV116418,Street cleaning,Spotless Facility Services Pty Ltd,211623.01,2025-03-24,3669
INV116419,Open spaces management - region 2,SERCO (AU),24885.19 AUD,24/12/2027,3677
INV116420,Civil infrastructure services,CitywideServiceSolutionsPtyLtd,"$88,316.62",03-Jun-2028,3665
INV116421,Building cleaning services,Menzies International (Aust) Pty Ltd,0.2m,2025-09-29, 
INV116422,Melbourne Town Hall venue management,Showtime Event,162114.88 AUD,23-Jan-2025,3670
INV116423,Open spaces management - region 2,SERCO,119506.28 AUD,09 January 2025,3677
INV116424,Open spaces management - region 1,Citywide Service Solutions Pty Ltd,0.1m,17/08/2029,3676
INV116425,Building cleaning services,menzies international (aust) pty ltd,85659.76,2025-03-04,3634
INV116426,Integrated security services,National Protective Services Pty. Ltd.,"$127,049.81",2026-01-06,3686
INV116427,Waste management services,CleanawayWasteManagementLimited,0.0m,2026-04-23,3556
INV116428,Vehicle tow away and impound services,Nationwide Towing Services (AUS),"$88,923.99",27/02/11,3585
INV116429,Melbourne Town Hall venue management,Showtime,"$244,633.76",22/07/2029,3670
INV116430,Street cleaning,Spotless Facility Services P/L,"$208,724.68",09/04/2026,3669
INV116431,Waste management services,Cleanaway  Waste  Management  Limited,226635.1,20/04/2026,3556
INV116432,Open spaces management - region 2,Reino International Pty Ltd T/A Duncan Solutions,"$225,573.49",05/03/2028,3623
INV116433,Street cleaning,Spotless Facility Services Pty Ltd,235885.87 AUD,29/12/27,3669
INV116434,Open spaces management - region 2,SERCO,115081.49,08 August 2027,3677
INV116435,Building maintenance services,Programmed Facility Management Pty Ltd,102167.93,2026-08-11,3630
INV116436,Vehicle tow away and impound services,Nationwide,13902.9,16 November 2025,3585
INV116437,Management of Active Melbourne recreation facilities,victorian ymca community programming pty ltd,58214.76 AUD,22 February 2025,3615
INV116438,Tree management maintenance services,Citywide Service Solutions Pty Ltd,163572.04 AUD,05/02/2029,3678
INV116439,Management of Active Melbourne recreation facilities,Victorian YMCA Community Programming P/L,121597.33,26/02/03,3615
INV116440,Parking technology services,reino international pty ltd t/a duncan solutions,218846.07,07/12/2025,3623
INV116441,Melbourne Town Hall venue management,Showtime Event Group P/L,92533.96,26/06/11,3670
INV116442,Melbourne Town Hall venue management,showtime event group pty ltd,242102.43 AUD,09/01/2027,3670
INV116443,Management of Active Melbourne recreation facilities,Victorian Ymca Community Programming Pty Ltd,173207.18,29/05/21, 
INV116444,Street cleaning,Spotless Facility Services Pty Ltd,0.1m,04-Nov-2026,3669
INV116445,Parking technology services,Reino International Pty. Ltd. T/A Duncan Solutions,"$98,430.78",29/02/05,3623
INV116446,Vehicle tow away and impound services,National  Protective  Services  Pty  Ltd,24221.79,18 October 2029,3686
INV116447,Integrated security services,National,53632.15,09/02/2025,3686
INV116448,Melbourne Town Hall venue management,Showtime Event Group Pty. Ltd.,167612.53 AUD,2027-10-04,3670
INV116449,Graffiti management and pressure cleaning services,Calcorp,104692.84 AUD,26/10/22,3668
INV116450,Integrated security services,National Protective Services Pty Ltd (AUS),"$27,149.05",08/11/2029, 
INV116451,Tree management maintenance services,Citywide Service Solutions wty Ltd,107755.37 AUD,2025-10-19,3678
INV116452,Integrated security services,National Protective Services Pty Ltd (AUS),0.2m,27/06/28,3686
INV116453,Building maintenance services,Programmed Facility Management Pty Ltd,0.0m,24 December 2029,3630
INV116454,Parking technology services,Reino Int’l Pty Ltd T/A Duncan Solutions,132648.17,2029-09-21,3623
INV116455,Vehicle tow away and impound services,nationwide Towing Services,239511.75,2028-09-25,3585
INV116456,Graffiti management and pressure cleaning services,Calcorp Services Pty Ltd,41089.55 AUD,30/07/2028,3668
INV116457,Vehicle tow away and impound services,Nationwide Towing Services,82672.43 AUD,21-Jan-2029,3585
INV116458,Civil infrastructure services,Citywide Service ,120940.06 AUD,03/11/2028,3665
INV116459,Open spaces management - region 1,Citywide Service Solutions Pty Ltd (AU),"$163,095.22",10/08/2029,3676
INV116460,Waste management services,CleanawayWasteManagementLimited,47580.65,30-Dec-2025,3556
INV116461,Integrated security services,national protective services pty ltd,62791.55,04/05/2029,3686
INV116462,Open spaces management - region 1,Citywide Service Solutions Pty Ltd,5552.53,05 February 2029,3676
INV116463,Melbourne Town Hall venue management,Cleanaway Waste Mgmt Limited,194181.9,28/04/12,3556
INV116464,Building cleaning services,MenziesInternational(Aust)PtyLtd,178280.24,13/06/2026,3634
INV116465,Civil infrastructure services,Citywide Service Solutions Pty. Ltd.,213546.7 AUD,10/06/2025,3665
INV116466,Open spaces management - region 2,SERCO (AUS),134487.18,30/06/2025,3677
INV116467,Graffiti management and pressure cleaning services,CalcorpServicesPtyLtd,"$31,699.53",27/07/06,3668
INV116468,Building cleaning services,Menzies Intl (Aust) Pty Ltd,91080.6,12 December 2026,3634
INV116469,Open spaces management - region 1,Citywide Service Solutions P/L,104907.37,27 October 2027,3676
INV116470,Open spaces management - region 1,Citywide Service Solufions Pty Ltd,0.2m,15 April 2025,3676
INV116471,Parking technology services,Reino Int’l Pty Ltd T/A Duncan Solutions,"$147,470.79",01 April 2025,3623
INV116472,Management of Active Melbourne recreation facilities,victorian ymca community programming pty ltd,"$90,991.18",27/07/06, 
INV116473,Tree management maintenance services,Citywide,80931.41,26/11/20,3678
INV116474,Building cleaning services,MENZIES INTERNATIONAL (AUST) PTY LTD,0.2m,07-Oct-2028,3634
INV116475,Civil infrastructure services,CitywideServiceSolutionsPtyLtd,"$22,378.85",04 December 2026,3665
INV116476,Tree management maintenance services,Citywide Service Solutions Pty. Ltd.,0.1m,28/04/2028,3678
INV116477,Tree management maintenance services,Citywide Service Solutions Pty Ltd,54520.18,11/05/2026,3678
INV116478,Building cleaning services,Menzies Int’l (Aust) Pty Ltd,0.0m,13 February 2028,3634
INV116479,Civil infrastructure services,Citywide Service Solutions Pty Ltd,147019.91,19/09/2025,3665
INV116480,Graffiti management and pressure cleaning services,calcorp services pty ltd,0.2m,16/06/2026,3668
INV116481,Parking technology services,Reino International Pty Ltd T/A Duncan Solutions (AU),0.2m,23/04/2025,3623
INV116482,Tree management maintenance services,Citywide  Service  Solutions  Pty  Ltd,"$198,807.82",2026-11-23,3678
INV116483,Open spaces management - region 2,SERCO,0.2m,09-Nov-2025,3677
INV116484,Melbourne Town Hall venue management,SERCc,0.0m,07/10/2028,3677
INV116485,Open spaces management - region 1,Citywide Service Solutions P/L,41687.21,04/11/2026,3676
INV116486,Melbourne Town Hall venue management,ShowtimeEventGroupPtyLtd,39003.91 AUD,19 September 2026,3670
INV116487,Vehicle tow away and impound services,Nationwide Towing Services,241837.05,26-Dec-2028,3585
INV116488,Street cleaning,Spotless Facility Services P/L,121755.11,10-May-2029,3669
INV116489,Building maintenance services,Programmed Facility Management Pty. Ltd.,"$195,167.36",26-Nov-2025, 
INV116490,Building maintenance services,Programmed  Facility  Management  Pty  Ltd,212319.18,28/08/23,3630
INV116491,Civil infrastructure services,Citywide Service Sodutions Pty Ltd,"$97,011.07",27/09/2028,3665
INV116492,Open spaces management - region 2,SERCO,136422.53,06/04/2026,3677
INV116493,Street cleaning,Spotless,42752.85,13-Feb-2029,3669
INV116494,Graffiti management and pressure cleaning services,Calcorp hervices Pty Ltd,191709.75 AUD,06/08/2029,3668
INV116495,Management of Active Melbourne recreation facilities,Victorian,146112.1 AUD,17/08/2025,3615
INV116496,Management of Active Melbourne recreation facilities,Vicrorian YMCA Community Programming Pty Ltd,"$84,191.05",08/03/2027,3615
INV116497,Open spaces management - region 2,SERCO,0.2m,14/09/2026,3677
INV116498,Integrated security services,National Protectiv,0.1m,19/07/2026,3686
INV116499,Vehicle tow away and impound services,NationwideTowingServices,158349.6,2027-07-14, 
INV116500,Vehicle tow away and impound services,Nationwide Towing Services,196006.15,13/11/2029,3585
INV116501,Tree management maintenance services,Citywide Service Solutions Pty. Ltd.,0.1m,2026-05-03,3678
INV116502,Management of Active Melbourne recreation facilities,VictorianYMCACommunityProgrammingPtyLtd,225314.26 AUD,11-Apr-2029,3615
INV116503,Building maintenance services,programmed facility management pty ltd,0.1m,2026-11-14,3630
INV116504,Parking technology services,Reino International Pty. Ltd. T/A Duncan Solutions,"$87,828.44",30/08/2029,3623
INV116505,Building cleaning services,Menzies International (Aust) Pty Ltd (AU),0.0m,19/08/2026,3634
INV116506,Waste management services,cleanaway waste management limited,101137.64,08/02/2029,3556
INV116507,Melbourne Town Hall venue management,National ProtectivewServices Pty Ltd,0.0m,11/12/2026,3686
INV116508,Building cleaning services,MenziesInternational(Aust)PtyLtd,"$53,175.13",29/07/23,3634
INV116509,Open spaces management - region 2,SERCO (AUS),"$27,600.53",27/02/26,3677
INV116510,Tree management maintenance services,citywide service solutions pty ltd,223608.59,27/10/03,3678
INV116511,Building maintenance services,Programmed,158734.31,01/10/2028,3630
INV116512,Building maintenance services,Citywide Service Solutions Pty Ltd,133853.46 AUD,2026-09-23,3678
INV116513,Parking technology services,Reino International Pty Ltd T/A Duncan Solutions,203885.34,26 May 2029,3623
INV116514,Vehicle tow away and impound services,CitywideServiceSolutionsPtyLtd,16527.69,27 April 2026,3678
INV116515,Management of Active Melbourne recreation facilities,Victorian YMCA Community Programming Pty Ltd,"$10,913.98",20 June 2025,3615
INV116516,Civil infrastructure services,Citywide Service Solutions Pty Ltd (AU),192535.29,11/05/2029,3665
INV116517,Parking technology services,Reino International Pty. Ltd. T/A Duncan Solutions,57542.83 AUD,02/04/2028,3623
INV116518,Management of Active Melbourne recreation facilities,victorian ymca community programming pty ltd,"$4,800.35",26/10/07,3615
INV116519,Open spaces management - region 1,Citywide  Service  Solutions  Pty  Ltd,132519.51,04/11/2026,3676
INV116520,Tree management maintenance services,Citywide Service Solutions Pty Ltd,81811.92,2029-06-02,3678
INV116521,Melbourne Town Hall venue management,ShowtimeEventGroupPtyLtd,92085.84,27/05/29,3670
INV116522,Melbourne Town Hall venue management,ShowtimeEventGroupPtyLtd,0.2m,17-Mar-2025,3670
INV116523,Building maintenance services,Programmed Facility Management Pty Ltd,138638.25,08/05/2028,3630
INV116524,Open spaces management - region 2,SERCO,222340.79,30/08/2027,3677
INV116525,Open spaces management - region 1,Citywide Service Solutions Pty Ltd (AUS),44972.43,,3676
INV116526,Graffiti management and pressure cleaning services,Calcorp Services Pty. Ltd.,170261.66 AUD,13/10/2027,3668
INV116527,Open spaces management - region 2,SERCO (AUS),34569.29,2028-06-11,3677
INV116528,Management of Active Melbourne recreation facilities,Victorian Ymca Community Programming Pty Ltd,208334.6 AUD,29/11/16,3615
INV116529,Street cleaning,Spotless Facility,234224.45 AUD,25/06/29,3669
INV116530,Waste management services,CleanawayWasteManagementLimited,"$217,568.95",27/07/2025,3556
INV116531,Waste management services,Showtime,"$56,515.77",2027-12-16, 
INV116532,Civil infrastructure services,Citywide Service Solutions P/L,0.2m,26/04/2027,3665
INV116533,Parking technology services,Reino International Pty. Ltd. T/A Duncan Solutions,"$247,867.29",10-Mar-2029,3623
INV116534,Tree management maintenance services,citywide service solutions pty ltd,"$63,538.01",20 December 2029,3678
INV116535,Building cleaning services,MENZIES INTERNATIONAL (AUST) PTY LTD,0.1m,25/03/2026,3634
INV116536,Open spaces management - region 2,serco,63573.82 AUD,09/10/2026,3677
INV116537,Building cleaning services,Menzies Intl (Aust) Pty Ltd,157534.47 AUD,13/11/2025,3634
INV116538,Integrated security services,National Protective Services Pty Ltd,0.1m,26 October 2025,3686
INV116539,Building maintenance services,Programmed Facility Management Pty Ltd,0.1m,2028-04-12,3630
INV116540,Building maintenance services,PROGRAMMED FACILITY MANAGEMENT PTY LTD,0.0m,15-Feb-2028,3630
INV116541,Management of Active Melbourne recreation facilities,Victorian YMCA Community Programming Pty Ltd,167532.34,11/12/2027,3615
INV116542,Street cleaning,Spotless Facility Services Pty Ltd,76273.59 AUD,03 July 2027,3669
INV116543,Management of Active Melbourne recreation facilities,Victorian YMCA Community Programming P/L,"$206,599.79",21 February 2027,3615
INV116544,Building cleaning services,Menzies International (Aust) Pty Ltd,"$131,381.78",11/11/2025,3634
INV116545,Building maintenance services,Programmed Facility Mgmt Pty Ltd,55379.88,2026-04-27,3630
INV116546,Civil infrastructure services,CITYWIDE SERVICE SOLUTIONS PTY LTD,159580.14 AUD,2029-11-24,3665
INV116547,Waste management services,Cleanaway Waste Management Limited (AU),"$89,180.03",2029-07-14, 
INV116548,Open spaces management - region 1,CitywidecService Solutions Pty Ltd,56194.05 AUD,16-Sep-2028,3676
INV116549,Open spaces management - region 2,SEqCO,145664.34 AUD,29 July 2028,3677
INV116550,Tree management maintenance services,Citywide Service Solutions Pty Ltd (AU),202119.07,01/12/2027,3678
INV116551,Vehicle tow away and impound services,Nationwide  Towing  Services,30119.61,26/04/2029,3585
INV116552,Waste management services,Cleanaway Waste Management Limited,"$39,544.9",05/04/2028,3556
INV116553,Open spaces management - region 2,Citywide Service Solutions Pty Ltd (AUS),"$208,732.55",03 July 2028,3676
INV116554,Building maintenance services,Programmed Facility Management P/L,220176.66,20-Jul-2027,3630
INV116555,Building cleaning services,menzies international (aust) pty ltd,"$243,277.16",28/01/23,3634
INV116556,Vehicle tow away and impound services,National Protective Services Pty. Ltd.,43149.93,28/10/2028,3686
INV116557,Open spaces management - region 1,Citywide  Service  Solutions  Pty  Ltd,182557.29,13-Dec-2025,3676
INV116558,Street cleaning,Showtime Event Group Pty Ltd,"$170,908.73",22/04/2028,3670
INV116559,Building cleaning services,MenziesiInternational (Aust) Pty Ltd,42163.79,12 March 2025,3634
INV116560,Vehicle tow away and impound services,Nationwide Towing Services,106775.43,2026-09-26,3585
INV116561,Integrated security services,National Protective Services Pty Ltd,0.1m,18/03/2029,3686
INV116562,Building maintenance services,Programmed Facility Management Pty Ltd,140551.47,17 January 2026,3630
INV116563,Tree management maintenance services,Citywide Service Solutions Pty Ltd,"$66,727.36",02 July 2025,3678
INV116564,Waste management services,CLEANAWAY WASTE MANAGEMENT LIMITED,0.1m,29-Nov-2025,3556
INV116565,Street cleaning,Spotless Facility Services Pty Ltd (AUS),"$235,296.23",05-Mar-2025,3669
INV116566,Melbourne Town Hall venue management,Showtime Event Group P/L,0.0m,2025-12-21,3670
INV116567,Integrated security services,National  Protective  Services  Pty  Ltd,42633.81,25/05/2025,3686
INV116568,Vehicle tow away and impound services,Nationwide Towing Services,132830.09,06 February 2029,3585
INV116569,Tree management maintenance services,Citywide Service Solutions Pty Ltd (AU),44334.55,02 August 2025,3678
INV116570,Melbourne Town Hall venue management,Showtime Event Group Pty Ltd (AU),153153.54,14 December 2028, 
INV116571,Parking technology services,Reino,0.1m,06/08/2026,3623
INV116572,Melbourne Town Hall venue management,SHOWTIME EVENT GROUP PTY LTD,86343.34,19/11/2028,3670
INV116573,Integrated security services,National Protectiv,0.0m,25/10/19,3686
INV116574,Open spaces management - region 1,CitywidebService Solutions Pty Ltd,0.2m,26/05/2027,3676
INV116575,Building cleaning services,Menzies International (Aust) Pty Ltd (AUS),"$193,927.03",28/11/25,3634
INV116576,Management of Active Melbourne recreation facilities,Victorian YMCA Community Programming Pty Ltd,"$204,625.79",11 January 2026,3615
INV116577,Civil infrastructure services,menzies international (aust) pty ltd,"$220,279.36",20/12/2025,3634
INV116578,Building cleaning services,Menzies  International  (Aust)  Pty  Ltd,"$1,213.47",18-Feb-2028,3634
INV116579,Civil infrastructure services,Citywide Service Solutions Pty Ltd,0.2m,27/09/16,3665
INV116580,Open spaces management - region 2,SEcCO,53511.56,27/09/05,3677
INV116581,Waste management services,CleanawayWasteManagementLimited,0.2m,05-Aug-2029,3556
INV116582,Tree management maintenance services,Citywide Service Solutions Pry Ltd,234951.15 AUD,27 August 2026,3678
INV116583,Building maintenance services,Programmed Facility Management Pty Ltd,0.1m,30/10/2028,3630
INV116584,Open spaces management - region 2,SERCO (AU),0.1m,14/03/2029,3677
INV116585,Open spaces management - region 1,CitywidelService Solutions Pty Ltd,,18/01/2027,3676
INV116586,Parking technology services,Reino  International  Pty  Ltd  T/A  Duncan  Solutions,5296.27,08-Nov-2029, 
INV116587,Tree management maintenance services,Citywide Service Solutions Pty. Ltd.,0.0m,08/01/2026,3678
INV116588,Building cleaning services,MENZIES INTERNATIONAL (AUST) PTY LTD,113555.67,27/06/28,3634
INV116589,Melbourne Town Hall venue management,Showtime Event Group Pty. Ltd.,156372.43,16/08/2029,3670
INV116590,Vehicle tow away and impound services,Nationwide Towiwg Services,110979.95 AUD,25/09/2027,3585
INV116591,Parking technology services,Reino International Pty Ltd T/A Duncan Solutions,116049.14,11 November 2026,3623
INV116592,Waste management services,Cleanaway Waste Management LTD,90082.98,2025-02-01,3556
INV116593,Melbourne Town Hall venue management,Showtime Event,58230.19 AUD,21-May-2027,3670
INV116594,Melbourne Town Hall venue management,SHOWTIME EVENT GROUP PTY LTD,0.2m,28/04/28,3670
INV116595,Vehicle tow away and impound services,Nationwide Towing Services (AUS),0.1m,19 April 2026,3585
INV116596,Parking technology services,Reino International Pty Ltd T/A Duncan Solutions,49072.62,10/01/2028,3623
INV116597,Building cleaning services,Menzies International (Aust) Pty Ltd (AUS),0.2m,2025-08-15,3634
INV116598,Building maintenance services,Programmed Facility Mgmt Pty Ltd,126702.02 AUD,06-Mar-2025,3630
INV116599,Street cleaning,Spotless Facility Services Pty Ltd (AU),172220.92 AUD,08 July 2029,3669
INV116600,Open spaces management - region 1,bitywide Service Solutions Pty Ltd,44242.33,26/03/23,3676
INV116601,Waste management services,Cleanaway Waste Management LTD,120853.54,05-Mar-2028,3556
INV116602,Tree management maintenance services,Citywide Service Solutions Pty Ltd (AUS),168458.52,12-Aug-2025,3678
INV116603,Building cleaning services,Cleanaway Waste Management Limited (AU),39227.61,27/10/18,3556
INV116604,Parking technology services,Reino International P/L T/A Duncan Solutions,193422.68,27/08/2026,3623
INV116605,Melbourne Town Hall venue management,ShowtimeEventGroupPtyLtd,57711.53,20/12/2026, 
INV116606,Management of Active Melbourne recreation facilities,Victorian YMCA Community Programming P/L,"$97,738.3",30/06/2029,3615
INV116607,Vehicle tow away and impound services,Nationwide Towing Services,181327.35,01 January 2027,3585
INV116608,Open spaces management - region 1,Citywide,16630.51,22-Jul-2026,3676
INV116609,Building cleaning services,Menzies Int’l (Aust) Pty Ltd,244068.09 AUD,09/10/2028,3634
INV116610,Open spaces management - region 2,SERCO,170175.79 AUD,24/06/2028,3677
INV116611,Parking technology services,ReinoInternationalPtyLtdT/ADuncanSolutions,"$165,781.82",27/11/14,3623
INV116612,Civil infrastructure services,Spotless Facility Services P/L,138854.63,2025-08-26,3669
INV116613,Tree management maintenance services,CITYWIDE SERVICE SOLUTIONS PTY LTD,46524.8,24/08/2025,3678
INV116614,Parking technology services,Reino International Pty Ltd T/A Duncan Solutions (AU),0.1m,25/10/2026,3623
INV116615,Building cleaning services,Menzies Internatio,86290.07 AUD,31-May-2026,3634
INV116616,Parking technology services,Reino International Pty Ltd T/A Duncan Solutions,"$113,706.11",26/07/11,3623
INV116617,Graffiti management and pressure cleaning services,Calcorp,0.1m,14-Dec-2027,3668
INV116618,Open spaces management - region 2,SERCO (AU),0.0m,03/08/2025,3677
INV116619,Street cleaning,Spotless Facility Services Pty Ltd,"$69,215.65",05 January 2027,3669
INV116620,Building maintenance services,Programmed Facility Management P/L,0.0m,29/07/08,3630
INV116621,Open spaces management - region 2,SERCO,74838.64 AUD,27-Feb-2029,3677
INV116622,Management of Active Melbourne recreation facilities,Victorian YMCA Community Programming Pty Ltd (AU),0.1m,24/02/2026,3615
INV116623,Open spaces management - region 2,SERCO (AUS),37252.39 AUD,13/01/2026,3677
INV116624,Open spaces management - region 2,SERCO (AU),"$75,083.45",26-Oct-2026,3677
INV116625,Integrated security services,National Protective Services Pty Ltd (AU),146835.84 AUD,10-Sep-2029,3686
INV116626,Civil infrastructure services,Citywide Sertice Solutions Pty Ltd,199214.62,16-Mar-2028,3665
INV116627,Management of Active Melbourne recreation facilities,NationwideTowingServices,0.0m,25/10/21,3585
INV116628,Melbourne Town Hall venue management,Showtime Event Group Pty Ltd,122132.3,22 October 2027,3670
INV116629,Vehicle tow away and impound services,Nationwide Towing Services,0.2m,2025-11-17,3585
INV116630,Melbourne Town Hall venue management,Showtime Event Group Pty Ltd,"$150,105.86",27/07/13,3670
INV116631,Open spaces management - region 1,Citywide Service Solutions Pty Ltd,21673.14,09/12/2028,3676
INV116632,Melbourne Town Hall venue management,Showtime Event Group Pty. Ltd.,"$213,252.8",07/02/2028, 
INV116633,Vehicle tow away and impound services,Nationwide To,0.1m,27/04/2027,3585
INV116634,Tree management maintenance services,Citywide  Service  Solutions  Pty  Ltd,0.2m,2026-10-17,3678
INV116635,Tree management maintenance services,CitywideServiceSolutionsPtyLtd,0.0m,26/03/22,3678
INV116636,Vehicle tow away and impound services,Nationwide Towing Services (AU),"$126,877.08",2026-12-24,3585
INV116637,Building maintenance services,Programmed,"$121,677.24",09 October 2027,3630
INV116638,Integrated security services,National,129527.77 AUD,12/06/2029,3686
INV116639,Civil infrastructure services,Citywide Service Solutions Pty. Ltd.,0.0m,26/01/10,3665
INV116640,Parking technology services,ReinoInternationalPtyLtdT/ADuncanSolutions,0.1m,29/05/27,3623
INV116641,Integrated security services,National Protective Services Pty Ltd (AU),0.1m,2028-12-11,3686
INV116642,Management of Active Melbourne recreation facilities,Victorian YMCA Community Programming Pty Ltd,0.2m,07/06/2027,3615
INV116643,Tree management maintenance services,Citywide Service Solutions Pty Ltd (AUS),24112.53 AUD,27 November 2026,3678
INV116644,Waste management services,Cleanaway Waste Management Ltd,0.2m,21/06/2028,3556
INV116645,Parking technology services,Reino International Pty Ltd T/A Duncan Solutions,92697.09 AUD,18/09/2026,3623
INV116646,Building cleaning services,Menzies International (Aust) Pty Ltd (AUS),44358.94,21/04/2025,3634
INV116647,Integrated security services,National Protective Services Pty. Ltd.,0.1m,13 October 2025,3686
INV116648,Waste management services,Cleanaway Waste Management Limited (AUS),187261.4 AUD,2026-10-20,3556
INV116649,Graffiti management and pressure cleaning services,Calcorp Services Pty Ltd,193432.32 AUD,10/03/2026,3668
INV116650,Melbourne Town Hall venue management,Showtime Event Group Pty. Ltd.,99275.81,05 January 2029,3670
INV116651,Tree management maintenance services,Citywide Service Solutions Pty Ltd (AU),90331.22,08/01/2028,3678
INV116652,Integrated security services,National Protective Services Ptm Ltd,189106.59,07/09/2028,3686
INV116653,Management of Active Melbourne recreation facilities,Victorian  YMCA  Community  Programming  Pty  Ltd,,29/10/2029,3615
INV116654,Building cleaning services,Menzies International (Aust) Pty Ltd (AUS),"$147,403.83",25-Jul-2028,3634
INV116655,Building maintenance services,Programmed Facility Management Pty Ltd,0.2m,30-Jul-2029,3630
INV116656,Building cleaning services,menzies international (aust) pty ltd,0.1m,25/12/2026,3634
INV116657,Open spaces management - region 1,Citywide Service Solutions Pty Ltd (AU),243504.96 AUD,26/10/28,3676
INV116658,Open spaces management - region 1,Citywide Service Solutions P/L,15710.68 AUD,16/12/2025,3676
INV116659,Graffiti management and pressure cleaning services,Calcorp Serv,138685.8 AUD,31/03/2026,3668
INV116660,Street cleaning,Cleanaway Waste Management Limited,230267.33,2026-01-24, 
INV116661,Vehicle tow away and impound services,Nationwide Towing Services (AUS),"$117,321.91",04/10/2026,3585
INV116662,Parking technology services,Programmed Facility Management Pty Ltd,0.2m,25 October 2027,3630
INV116663,Open spaces management - region 2,serco,0.1m,13/06/2027,3677
INV116664,Building cleaning services,Menzies  International  (Aust)  Pty  Ltd,147935.5,29/12/2026,3634
INV116665,Building maintenance services,Programmed Facility Management P/L,0.2m,26/04/05,3630
INV116666,Civil infrastructure services,Citywide Service Solutions Pty. Ltd.,135828.74 AUD,22/03/2029,3665
INV116667,Civil infrastructure services,Citcwide Service Solutions Pty Ltd,68870.09 AUD,26 February 2028,3665
INV116668,Parking technology services,Reino International Pty. Ltd. T/A Duncan Solutions,41158.05,27/05/24,3623
INV116669,Melbourne Town Hall venue management,Showtime Event Group Pty Ltd (AU),90115.69,13/01/2029,3670
INV116670,Graffiti management and pressure cleaning services,Programmed Facility Mgmt Pty Ltd,0.1m,27 September 2025,3630
INV116671,Management of Active Melbourne recreation facilities,NationalProtectiveServicesPtyLtd,"$11,948.35",28/02/2027,3686
INV116672,Open spaces management - region 2,SERCO,38246.46,25/01/2027,3677
INV116673,Civil infrastructure services,Citywide Service Solutions Pty. Ltd.,"$22,656.29",14-Feb-2029,3665
INV116674,Parking technology services,Reino International Pty ,32672.52,26/03/22,3623
INV116675,Tree management maintenance services,Citywide Service Solutions Pty Ltd (AU),0.1m,25/07/2028,3678
INV116676,Graffiti management and pressure cleaning services,CalcorpServicesPtyLtd,11895.69 AUD,25/05/23,3668
INV116677,Open spaces management - region 2,serco,"$48,425.02",25/05/08,3677
INV116678,Tree management maintenance services,Citywide  Service  Solutions  Pty  Ltd,0.2m,19/10/2028,3678
INV116679,Vehicle tow away and impound services,Nationwide Towing Services (AUS),195237.77,29/09/2025,3585
INV116680,Parking technology services,Reino International Pxy Ltd T/A Duncan Solutions,139003.33,30/12/2029,3623
INV116681,Building cleaning services,Menzies Internatio,172888.87,02 June 2028,3634
INV116682,Street cleaning,spotless facility services pty ltd,204828.44,10 March 2025,3669
INV116683,Building maintenance services,ProgrammedFacilityManagementPtyLtd,142566.87,08-Aug-2025,3630
INV116684,Street cleaning,SpotlessFacilityServicesPtyLtd,191358.23 AUD,25 October 2025,3669
INV116685,Tree management maintenance services,Citywide Service Solutions P/L,0.1m,,3678
INV116686,Street cleaning,Spotless Facility Services Pty Ltd (AU),0.0m,27/05/05,3669
INV116687,Open spaces management - region 1,Citywide Service Solutions Pty Ltd,171214.18 AUD,27/01/29,3676
INV116688,Parking technology services,Reino International Pty Ltd T/A Duncan Solutions,214597.43,2027-01-26, 
INV116689,Civil infrastructure services,CITYWIDE SERVICE SOLUTIONS PTY LTD,0.1m,02 May 2028,3665
INV116690,Building cleaning services,Menzies Internatio,238009.14 AUD,28/07/2029,3634
INV116691,Open spaces management - region 2,Serco,0.0m,2025-04-23,3677
INV116692,Building maintenance services,programmed facility management pty ltd,1336.72 AUD,17 June 2028,3630
INV116693,Tree management maintenance services,Citywide Service Solutions Pty Ltd,39761.57,26/02/2026,3678
INV116694,Vehicle tow away and impound services,Nationwide Towing Services,0.1m,28 July 2027,3585
INV116695,Open spaces management - region 2,Victorian Ymca Community Programming Pty Ltd,45399.24 AUD,2026-07-02,3615
INV116696,Building maintenance services,Programmed Facility Mgmt Pty Ltd,0.1m,2027-11-01,3630
INV116697,Graffiti management and pressure cleaning services,Calcorp Services P/L,0.0m,30-Apr-2027,3668
INV116698,Street cleaning,spotless facility services pty ltd,"$227,967.53",18 June 2026,3669
INV116699,Building maintenance services,calcorp services pty ltd,"$6,655.98",18/10/2027,3668
INV116700,Open spaces management - region 2,SERCO,19035.72,2028-06-13,3677
INV116701,Tree management maintenance services,CITYWIDE SERVICE SOLUTIONS PTY LTD,146500.12,25/07/25,3678
INV116702,Management of Active Melbourne recreation facilities,Victorian YMCA Community Programming Pty Ltd,0.2m,14 April 2026,3615
INV116703,Street cleaning,Spotless Facility Services Pty Ltd (AU),"$83,685.61",27/10/08,3669
INV116704,Open spaces management - region 1,Citywide Service Solutions Pty Ltd,"$190,378.95",25/01/2025,3676
INV116705,Tree management maintenance services,Citywide  Service  Solutions  Pty  Ltd,142154.15,04/05/2026,3678
INV116706,Graffiti management and pressure cleaning services,Calcorp  Services  Pty  Ltd,"$77,131.29",15/03/2029,3668
INV116707,Waste management services,Cleanaway  Waste  Management  Limited,"$172,198.89",04-Dec-2029,3556
INV116708,Street cleaning,Victorian YMCA Community Programming Pty Ltd (AUS),"$87,255.55",28/02/24,3615
INV116709,Civil infrastructure services,citywide service solutions pty ltd,"$146,197.98",18/03/2027,3665
INV116710,Civil infrastructure services,Citywide Service Solutions Pty. Ltd.,191050.99 AUD,26 January 2028,3665
INV116711,Building maintenance services,PROGRAMMED FACILITY MANAGEMENT PTY LTD,0.0m,21-Jun-2025,3630
INV116712,Parking technology services,Reino Int’l Pty Ltd T/A Duncan Solutions,0.1m,2026-05-25,3623
INV116713,Building cleaning services,Menzies Internatio,,,3634
INV116714,Building maintenance services,Programmed Facility Management Ptu Ltd,199540.65,15 May 2028,3630
INV116715,Vehicle tow away and impound services,Nationwide To,128117.58,30 December 2027,3585
INV116716,Open spaces management - region 2,Nationwide Towing Services,84542.77,28/12/27,3585
INV116717,Melbourne Town Hall venue management,ShowtimeEventGroupPtyLtd,156499.68,28/11/2026,3670
INV116718,Tree management maintenance services,Citywide Service Solutions Pty Ltd,133577.16,19/04/2026,3678
INV116719,Graffiti management and pressure cleaning services,Calcorp Services Pty Ltd (AUS),246658.64,27/09/09,3668
INV116720,Parking technology services,Reino International Pty Ltd T/A Duncan Solutions (AUS),171367.97 AUD,2029-11-30,3623
INV116721,Building cleaning services,Menzies International (Aust) Pty Ltd,0.0m,24/07/2029,3634
INV116722,Street cleaning,Spotless,113495.47 AUD,02/11/2025,3669
INV116723,Building cleaning services,Menzies International (Aust) Pty Ltd,19384.11,19 August 2025,3634
INV116724,Vehicle tow away and impound services,Nationwide Towing Services,0.2m,22/08/2028,3585
INV116725,Melbourne Town Hall venue management,Showtime Event Group Pty Ltd,0.2m,01-Apr-2029,3670
INV116726,Open spaces management - region 1,CITYWIDE SERVICE SOLUTIONS PTY LTD,169156.88,26/03/2025,3676
INV116727,Management of Active Melbourne recreation facilities,Victorian  YMCA  Community  Programming  Pty  Ltd,"$87,921.56",06/09/2027,3615
INV116728,Open spaces management - region 1,CITYWIDE SERVICE SOLUTIONS PTY LTD,"$223,753.03",30/11/2028,3676
INV116729,Open spaces management - region 2,SERCO,49194.75,21-Apr-2027,3677
INV116730,Street cleaning,Spotless Facility Services Pty Ltd (AU),0.1m,2025-12-17,3669
INV116731,Graffiti management and pressure cleaning services,Calcorp Services Pty. Ltd.,0.2m,25-Nov-2026,3668
INV116732,Vehicle tow away and impound services,Nationwide  Towing  Services,"$132,895.37",07/08/2028,3585
INV116733,Melbourne Town Hall venue management,Menzies Intl (Aust) Pty Ltd,229730.59 AUD,26/08/2025,3634
INV116734,Open spaces management - region 2,Victorian,84467.27,2027-05-27,3615
INV116735,Waste management services,Cleanaway Waste Management Limited (AU),0.1m,23/04/2028,3556
INV116736,Management of Active Melbourne recreation facilities,Victorian YMCA Community Programming Pty. Ltd.,246044.61,20/11/2028,3615
INV116737,Melbourne Town Hall venue management,Showtime Event Group Pty. Ltd.,39000.98,2029-03-22,3670
INV116738,Street cleaning,Spotless Facility Services Pty Ltd,20026.58,14/12/2029,3669
INV116739,Melbourne Town Hall venue management,Showtime  Event  Group  Pty  Ltd,82578.19 AUD,2028-05-01,3670
INV116740,Open spaces management - region 1,Citywide Service ,84396.28,21-Mar-2027,3676
INV116741,Street cleaning,Reino International kty Ltd T/A Duncan Solutions,88115.5 AUD,27/03/01,3623
INV116742,Parking technology services,reino international pty ltd t/a duncan solutions,182937.99 AUD,2028-10-30,3623
INV116743,Open spaces management - region 1,Citywide Service Solutions Pty. Ltd.,226360.03,12-Feb-2026,3676
INV116744,Waste management services,CleanawayWasteManagementLimited,80189.08,21 March 2029,3556
INV116745,Graffiti management and pressure cleaning services,Calcorp Services Pty Ltd,245045.83,22 April 2027,3668
INV116746,Street cleaning,Spotless Facility Services Pty Ltd,"$2,139.37",22/04/2025,3669
INV116747,Vehicle tow away and impound services,nationwide towing services,"$148,177.53",29/03/17,3585
INV116748,Parking technology services,Reino International Pty Ltd T/A Duncan Solutions,220488.57 AUD,2027-06-21,3623
INV116749,Graffiti management and pressure cleaning services,Calcorp Services Pty Ltd,0.0m,12-Feb-2025,3668
INV116750,Open spaces management - region 2,SERCO,171264.41,25/09/04,3677
INV116751,Open spaces management - region 1,CitywideServiceSolutionsPtyLtd,56484.93,29 August 2026,3676
INV116752,Integrated security services,national protective services pty ltd,"$158,899.71",11/02/2028,3686
INV116753,Melbourne Town Hall venue management,Showtime Event Group P/L,0.1m,2029-04-09,3670
INV116754,Graffiti management and pressure cleaning services,Calcorp Services Pty Ltd,"$246,384.8",07 January 2028,3668
INV116755,Tree management maintenance services,Victorian Ymca Community Programming Pty Ltd,54055.93,28/06/2027, 
INV116756,Street cleaning,spotless facility services pty ltd,0.2m,03/11/2027,3669
INV116757,Graffiti management and pressure cleaning services,Calcorp Services Pty Ltd,74746.11,28/08/27,3668
INV116758,Open spaces management - region 1,CitywideServiceSolutionsPtyLtd,"$46,502.89",2027-04-03,3676
INV116759,Street cleaning,Spotless Facility Services Pty Ltd (AU),232441.09,15 December 2026,3669
INV116760,Civil infrastructure services,Citywide Service Solutions Pty. Ltd.,49238.68 AUD,21/06/2029,3665
INV116761,Street cleaning,spotless facility services pty ltd,"$194,962.79",18/03/2027,3669
INV116762,Open spaces management - region 1,Citywide Service Solutions Pty Ltd,202598.74 AUD,26 June 2026,3676
INV116763,Building cleaning services,Menzies Intl (Aust) Pty Ltd,0.1m,2027-12-19,3634
INV116764,Parking technology services,Reino  International  Pty  Ltd  T/A  Duncan  Solutions,"$104,887.97",24/06/2025,3623
INV116765,Integrated security services,National Protective Services Pty Ltd,0.0m,19/07/2025,3686
INV116766,Melbourne Town Hall venue management,showtime event group pty ltd,224113.18,15-Dec-2027,3670
INV116767,Vehicle tow away and impound services,Nationwide Towing Services,91827.7,03-Feb-2026, 
INV116768,Graffiti management and pressure cleaning services,Calcorp Services Pty Ltd,"$6,988.24",2029-11-14,3668
INV116769,Building cleaning services,Menzies International (Aust) Pty Ltd,0.2m,09 January 2029,3634
INV116770,Parking technology services,Reino International Pty Ltd T/A Duncan Solutions,211785.27,16/01/2026,3623
INV116771,Tree management maintenance services,Citywide Service Solutions Pty Ltd,145525.54 AUD,28 May 2027,3678
INV116772,Street cleaning,Spotless Facility Services P/L,146534.52,26/10/02, 
INV116773,Management of Active Melbourne recreation facilities,Victorian YMCA Community Programming Pty. Ltd.,200357.22,13-May-2029,3615
INV116774,Civil infrastructure services,Citywide Service Solutions Pty Ltd (AU),0.2m,20 December 2029,3665
INV116775,Waste management services,Cleanaway  Waste  Management  Limited,"$242,720.9",24/09/2027,3556
INV116776,Tree management maintenance services,Citywide,68173.19 AUD,17/03/2028,3678
INV116777,Graffiti management and pressure cleaning services,CalcorpServicesPtyLtd,79524.49,14/08/2026,3668
INV116778,Open spaces management - region 1,Citywide  Service  Solutions  Pty  Ltd,80691.58 AUD,2028-10-13,3676
INV116779,Street cleaning,SPOTLESS FACILITY SERVICES PTY LTD,0.2m,29/10/05,3669
INV116780,Civil infrastructure services,CITYWIDE SERVICE SOLUTIONS PTY LTD,0.2m,06-Jul-2029,3665
INV116781,Management of Active Melbourne recreation facilities,victorian ymca community programming pty ltd,26828.79 AUD,14/11/2028,3615
INV116782,Melbourne Town Hall venue management,Showtime Event Group Pty Ltd (AU),0.1m,04 July 2025,3670
INV116783,Parking technology services,ReinoInternationalPtyLtdT/ADuncanSolutions,132132.58,13-Oct-2027,3623
INV116784,Parking technology services,Reino International Pty. Ltd. T/A Duncan Solutions,"$197,431.41",28/02/14,3623
INV116785,Tree management maintenance services,Citywide Service Solutions Pty Ltd,"$100,955.8",28/01/2029,3678
INV116786,Parking technology services,Reino Int’l Pty Ltd T/A Duncan Solutions,0.1m,2025-08-10,3623
INV116787,Parking technology services,Reino International Pty Ltd T/A Duncan Solutions (AU),215732.44 AUD,07-Jun-2025,3623
INV116788,Graffiti management and pressure cleaning services,Caocorp Services Pty Ltd,118223.92,30/09/2029,3668
INV116789,Tree management maintenance services,CITYWIDE SERVICE SOLUTIONS PTY LTD,138398.6,26/10/2027,3678
INV116790,Parking technology services,Reino  International  Pty  Ltd  T/A  Duncan  Solutions,12655.91,14/01/2029,3623
INV116791,Open spaces management - region 1,Citywiye Service Solutions Pty Ltd,140450.89 AUD,03/09/2027,3676
INV116792,Tree management maintenance services,Citywide Service Solutions Pty Ltd (AUS),"$175,277.84",17/06/2026,3678
INV116793,Open spaces management - region 2,SpRCO,"$178,847.0",,3677
INV116794,Open spaces management - region 1,Citywide Service Solutions Pty Ltd (AUS),79766.84,24-Oct-2029,3676
INV116795,Graffiti management and pressure cleaning services,CALCORP SERVICES PTY LTD,230667.06 AUD,29-Apr-2029,3668
INV116796,Waste management services,CleanawayWasteManagementLimited,"$71,630.57",26/09/18,3556
INV116797,Waste management services,Cleanaway Waste Mgmt Limited,"$45,248.87",23 April 2029,3556
INV116798,Vehicle tow away and impound services,NATIONWIDE TOWING SERVICES,0.1m,07/02/2026,3585
INV116799,Building cleaning services,Menzies,"$69,455.96",29/03/14,3634
INV116800,Management of Active Melbourne recreation facilities,Victorian YMCA Community Programming Pty Ltd (AUS),"$134,292.59",27/08/10,3615
INV116801,Melbourne Town Hall venue management,Showtime Event Group Pty Ltd,,11 August 2028,3670
INV116802,Melbourne Town Hall venue management,Showtime Event,144434.16,23-Mar-2026,3670
INV116803,Open spaces management - region 1,citywide service solutions pty ltd,0.1m,15/05/2026,3676
INV116804,Open spaces management - region 2,SERCO,46571.75,22-Jun-2027,3677
INV116805,Melbourne Town Hall venue management,Showtime Event Group Pty. Ltd.,"$56,033.72",21-Aug-2025,3670
INV116806,Integrated security services,National Protective Services P/L,0.1m,23/07/2028,3686
INV116807,Melbourne Town Hall venue management,showtime event group pty ltd,75359.4,27/04/2025,3670
INV116808,Melbourne Town Hall venue management,Showtime,0.2m,2027-08-16,3670
INV116809,Management of Active Melbourne recreation facilities,VICTORIAN YMCA COMMUNITY PROGRAMMING PTY LTD,189751.01,28-Apr-2026,3615
INV116810,Building cleaning services,Menzies International (Aust) Pty Ltd,186865.58,2028-06-15,3634
INV116811,Melbourne Town Hall venue management,Showtime Event Group Pty Ltd,"$217,882.41",2025-10-23,3670
INV116812,Civil infrastructure services,Citywide Service Solutions Pty Ltd,221847.21,2027-03-21,3665
INV116813,Graffiti management and pressure cleaning services,Calcorp Serv,90301.83,12/02/2029,3668
INV116814,Civil infrastructure services,Citywide  Service  Solutions  Pty  Ltd,"$185,869.59",03-Sep-2028,3665
INV116815,Graffiti management and pressure cleaning services,Calcorp  Services  Pty  Ltd,205703.24,29/06/23,3668
INV116816,Waste management services,Cleanaway Waste Management Limited,0.1m,28/02/09,3556
INV116817,Open spaces management - region 1,Citywide Serviqe Solutions Pty Ltd,140450.34 AUD,18/04/2027,3676
INV116818,Open spaces management - region 1,Citywide Service Solutions Pty Ltd,"$50,790.1",29-Sep-2025,3676
INV116819,Melbourne Town Hall venue management,ShowtimeEventGroupPtyLtd,104880.3,27/11/18,3670
INV116820,Waste management services,Cleanaway,"$150,248.46",2029-11-26,3556
INV116821,Waste management services,CLEANAWAY WASTE MANAGEMENT LIMITED,73745.59 AUD,16-Mar-2026,3556
INV116822,Melbourne Town Hall venue management,Showtime Event Group P/L,125105.75,22/06/2028,3670
INV116823,Management of Active Melbourne recreation facilities,VICTORIAN YMCA COMMUNITY PROGRAMMING PTY LTD,7025.74,12 May 2026,3615
INV116824,Graffiti management and pressure cleaning services,Calcorp Services Psy Ltd,217625.44,26/01/2029,3668
INV116825,Open spaces management - region 1,Citywide Service Solutions Pty Ltd,0.1m,28-Dec-2025,3676
INV116826,Integrated security services,National Protective Services Pty Ltd (AU),57770.13,24-Mar-2025,3686
INV116827,Graffiti management and pressure cleaning services,Calcorp Services P/L,77882.11 AUD,22/08/2029,3668
INV116828,Graffiti management and pressure cleaning services,Calcorp Services Pty Ltd (AUS),8211.34,08/02/2027,3668
INV116829,Management of Active Melbourne recreation facilities,Victorian YMCA Communi,125836.35,2027-02-15,3615
INV116830,Vehicle tow away and impound services,NationwideTowingServices,110931.27,2028-05-13,3585
INV116831,Open spaces management - region 2,SERCO,139323.6,06/10/2027,3677
INV116832,Street cleaning,Spotless,0.1m,30/04/2026,3669
INV116833,Vehicle tow away and impound services,NationwideTowingServices,"$57,074.89",06-Jul-2028,3585
INV116834,Open spaces management - region 1,Citywide Service Solutions Pty Ltd,137024.8,31/03/2028,3676
INV116835,Integrated security services,NATIONAL PROTECTIVE SERVICES PTY LTD,0.1m,19 September 2028,3686
INV116836,Open spaces management - region 1,CitywideServiceSolutionsPtyLtd,238206.83,2027-05-16,3676
INV116837,Open spaces management - region 2,SEnCO,14122.47,03/12/2029,3677
INV116838,Graffiti management and pressure cleaning services,Calcorp,0.1m,05/06/2028,3668
INV116839,Building cleaning services,Menzies Intl (Aust) Pty Ltd,94276.34,06/12/2026,3634
INV116840,Waste management services,Cleanaway Waste Mpnagement Limited,"$207,434.01",29/10/06,3556
INV116841,Management of Active Melbourne recreation facilities,Victorian YMCA Community Programming Pty Ltd,119503.99 AUD,27/07/05,3615
INV116842,Graffiti management and pressure cleaning services,Calcorp Services Pty Ltd,139809.61 AUD,12/05/2025,3668
INV116843,Building maintenance services,Programmed Facility Management P/L,"$43,473.29",28/12/01,3630
INV116844,Graffiti management and pressure cleaning services,Calcorp Services Pty Ltd,67105.65,17/08/2025, 
INV116845,Melbourne Town Hall venue management,showtime event group pty ltd,196971.07,29/10/04,3670
INV116846,Open spaces management - region 2,SERCO,0.2m,2026-11-13,3677
INV116847,Vehicle tow away and impound services,Nationwide Towing Services,228761.43,26/10/31,3585
INV116848,Parking technology services,REINO INTERNATIONAL PTY LTD T/A DUNCAN SOLUTIONS,8301.71 AUD,23/03/2027,3623
INV116849,Building cleaning services,Menzies International (Aust) Pty Ltd,135941.6,26/05/26,3634
INV116850,Tree management maintenance services,Citywide Service Sblutions Pty Ltd,"$229,812.87",26/09/2025,3678
INV116851,Building maintenance services,ProgrammedFacilityManagementPtyLtd,72211.63 AUD,29/11/18,3630
INV116852,Building cleaning services,Menzies International (Aust) Pty Ltd (AU),0.1m,31 January 2029,3634
INV116853,Graffiti management and pressure cleaning services,CalcorpServicesPtyLtd,"$146,409.91",26/12/05,3668
INV116854,Melbourne Town Hall venue management,Showtime Event Group Pty. Ltd.,0.2m,20/02/2025,3670
INV116855,Building cleaning services,Menzies International (Aust) Pty Ltd (AUS),"$70,353.14",21-May-2026,3634
INV116856,Building maintenance services,Programmed Facility Management Pty Ltd,0.2m,22/10/2028,3630
INV116857,Open spaces management - region 1,Citywide,0.2m,2029-02-17,3676
INV116858,Street cleaning,Spotless Facility Services Pty Ltd,"$179,563.34",16/06/2027, 
INV116859,Building maintenance services,Programmed Facility Management Pty Ltd,"$80,230.9",28/08/2029,3630
INV116860,Building cleaning services,Menzies International (Aust) P/L,144608.62 AUD,22-Jul-2028,3634
INV116861,Vehicle tow away and impound services,Nationwide TowingfServices,33620.81,2025-07-21,3585
INV116862,Parking technology services,Reino International Pty Ltd T/A Duncan Solutions (AUS),120782.94,27-Aug-2028,3623
INV116863,Building cleaning services,MENZIES INTERNATIONAL (AUST) PTY LTD,130773.19 AUD,08/02/2026,3634
INV116864,Open spaces management - region 2,serco,116754.06 AUD,17 January 2027,3677
INV116865,Melbourne Town Hall venue management,SHOWTIME EVENT GROUP PTY LTD,46155.0 AUD,2025-07-28,3670
INV116866,Management of Active Melbourne recreation facilities,Victorian YMCA Communi,,2026-07-24,3615
INV116867,Tree management maintenance services,Citywide  Service  Solutions  Pty  Ltd,"$131,243.93",17-Jun-2026,3678
INV116868,Street cleaning,Spotless Facility,101941.12,26/07/2028,3669
INV116869,Waste management services,CLEANAWAY WASTE MANAGEMENT LIMITED,"$17,084.01",04 December 2029,3556
INV116870,Graffiti management and pressure cleaning services,Calcorp Services Pty Ltd,7249.96,07/08/2026,3668
INV116871,Melbourne Town Hall venue management,Showtime Event,149911.31 AUD,12/03/2029,3670
INV116872,Vehicle tow away and impound services,Nationwide Towing Services,101129.73,14-Jul-2027,3585
INV116873,Tree management maintenance services,Citywide Service Solutions Pty Ltd,$296.51,25-Apr-2028,3678
INV116874,Graffiti management and pressure cleaning services,Calcorp Services Pty Ltd,119046.03,22 September 2029,3668
INV116875,Civil infrastructure services,CITYWIDE SERVICE SOLUTIONS PTY LTD,119342.03,26/01/14,3665
INV116876,Management of Active Melbourne recreation facilities,Victorian YMCA Community Programming Pty Ltd (AU),208418.77,05/01/2028,3615
INV116877,Graffiti management and pressure cleaning services,CALCORP SERVICES PTY LTD,231573.78 AUD,14 November 2027,3668
INV116878,Melbourne Town Hall venue management,Nationwide Towing Services,"$99,776.77",27/09/03,3585
INV116879,Street cleaning,Spotless Facility Services P/L,,28/03/08,3669
INV116880,Tree management maintenance services,Citywide Service Solutions Pty Ltd (AU),0.1m,07/06/2025,3678
INV116881,Civil infrastructure services,Citywide Service Solutions Pty Ltd (AUS),217552.11,01 August 2028,3665
INV116882,Management of Active Melbourne recreation facilities,Victorian YMCA Community Programming Pty Ltd (AU),111937.26,21/06/2029,3615
INV116883,Waste management services,Cleanaway Waste Management LTD,"$219,823.13",24/04/2027,3556
INV116884,Building cleaning services,Menzies Int’l (Aust) Pty Ltd,201718.77,18/10/2026,3634
INV116885,Parking technology services,reino international pty ltd t/a duncan solutions,113903.28,19/03/2026,3623
INV116886,Melbourne Town Hall venue management,showtime event group pty ltd,"$163,449.11",11/04/2029,3670
INV116887,Tree management maintenance services,Citywide Service Solutions Pty Ltd (AUS),242738.29 AUD,29/11/27, 
INV116888,Open spaces management - region 2,SERCO,"$237,348.07",,3677
INV116889,Vehicle tow away and impound services,Nationwide To,100428.07 AUD,26 October 2027,3585
INV116890,Street cleaning,Spotless Facility Services Pty Ltd (AUS),87383.02,2025-04-16,3669
INV116891,Tree management maintenance services,Citywide Servich Solutions Pty Ltd,232017.43,07 June 2026,3678
INV116892,Street cleaning,Spotless Facility Services Pty Ltd (AUS),151127.34,2027-08-03,3669
INV116893,Management of Active Melbourne recreation facilities,Victorian YMCA Community Programming Pty Ltd,0.2m,02 May 2028,3615
INV116894,Open spaces management - region 2,SERCO,"$44,757.71",30 December 2025,3677
INV116895,Building cleaning services,Menzies International (Aust) Pty Ltd,135051.9,26/10/2029,3634
INV116896,Vehicle tow away and impound services,Nationwide,"$195,087.07",2028-07-21,3585
INV116897,Management of Active Melbourne recreation facilities,Victorian,101580.67 AUD,07/02/2027,3615
INV116898,Vehicle tow away and impound services,Nationwide Towing Services (AU),"$27,428.1",17/09/2028,3585
INV116899,Street cleaning,spotless facility services pty ltd,31198.91 AUD,16-Jun-2026,3669
INV116900,Open spaces management - region 2,SERCO (AU),162423.0 AUD,27/01/2025,3677
INV116901,Management of Active Melbourne recreation facilities,Victorian YMCA Community Programming Pty Ltd,"$244,222.81",05 June 2029,3615
INV116902,Open spaces management - region 1,Citywide Service Solutions Pty Ltd,140145.37,20-Oct-2027,3676
INV116903,Civil infrastructure services,Citywide Service Solutions Pty Ltd (AUS),"$163,272.98",02/08/2026,3665
INV116904,Building maintenance services,Programmed Facility Mgmt Pty Ltd,"$210,762.31",14 March 2029,3630
INV116905,Open spaces management - region 1,Citywide Service ,"$3,579.03",19/10/2025,3676
INV116906,Graffiti management and pressure cleaning services,Calcorp Services P/L,210182.07,27/01/24,3668
INV116907,Tree management maintenance services,Citywide Service Solutions Pty Ltd,"$206,785.09",2028-03-08, 
INV116908,Building maintenance services,Programmed,71317.08,09/04/2028,3630
INV116909,Management of Active Melbourne recreation facilities,VictorianYMCACommunityProgrammingPtyLtd,46508.8,16/11/2027,3615
INV116910,Open spaces management - region 1,Cityside Service Solutions Pty Ltd,160833.2,03 August 2027,3676
INV116911,Parking technology services,Reino Intl Pty Ltd T/A Duncan Solutions,132076.97,2029-08-12,3623
INV116912,Street cleaning,Spotless Facility Services Pty Ltd,68812.91 AUD,24-Aug-2026,3669
INV116913,Street cleaning,Spotless Facility Services Pty Ltd (AU),"$176,035.28",26/07/2028,3669
INV116914,Graffiti management and pressure cleaning services,Calcorp Services Pty Ltd,0.2m,2029-06-08,3668
INV116915,Graffiti management and pressure cleaning services,Calcorp Services Pty Ltd (AUS),53733.88,27/05/23,3668
INV116916,Graffiti management and pressure cleaning services,Calcorp Services Pty Ltd,149535.77,2029-04-30,3668
INV116917,Waste management services,Cleanaway Waste Management Limited (AUS),83040.15 AUD,25/03/14,3556
INV116918,Parking technology services,Reino  International  Pty  Ltd  T/A  Duncan  Solutions,0.1m,02 December 2027,3623
INV116919,Open spaces management - region 2,SERCO,131976.65,17/03/2027,3677
INV116920,Waste management services,Cleanaway Waste Management Limited (AU),113635.56,27/02/02,3556
INV116921,Graffiti management and pressure cleaning services,Calcorp Services Pty Ltd (AU),0.1m,17/04/2026,3668
INV116922,Graffiti management and pressure cleaning services,CalcorpServicesPtyLtd,"$57,623.87",27/03/03,3668
INV116923,Building maintenance services,programmed facility management pty ltd,0.1m,22-Jun-2025,3630
INV116924,Tree management maintenance services,Citywide Service Solutions Pty. Ltd.,144875.39,26/05/2029,3678
INV116925,Waste management services,Cleanaway Waste M,25894.68,21/07/2027,3556
INV116926,Melbourne Town Hall venue management,showtime event group pty ltd,0.2m,2028-11-07,3670
INV116927,Graffiti management and pressure cleaning services,CalcorpServicesPtyLtd,180081.73,04/03/2027,3668
INV116928,Vehicle tow away and impound services,Nationwide Towing Services,194605.41,28/11/08,3585
INV116929,Melbourne Town Hall venue management,Showtime Event Group Pty Ltd (AUS),64974.2,23 March 2025,3670
INV116930,Waste management services,CleanawayWasteManagementLimited,150643.82 AUD,14-Jul-2029,3556
INV116931,Open spaces management - region 1,Citywide Service ,"$37,276.39",11/03/2029,3676
INV116932,Waste management services,Cleanaway,0.1m,28/05/18,3556
INV116933,Civil infrastructure services,Citywide Service Solutions Pty Ltd,201897.32,2025-02-13,3665
INV116934,Street cleaning,Spotless Facility Services P/L,"$178,068.39",2028-02-12,3669
INV116935,Tree management maintenance services,Citywide Service Solutions Pty Ltd (AU),0.2m,24 October 2026,3678
INV116936,Integrated security services,National Protective Services Pty Ltd,242017.44,17 December 2029,3686
INV116937,Street cleaning,Spotless  Facility  Services  Pty  Ltd,123987.36,12/01/2026,3669
INV116938,Open spaces management - region 1,CITYWIDE SERVICE SOLUTIONS PTY LTD,182198.5,21-Sep-2026,3676
INV116939,Open spaces management - region 2,serco,76736.87,18 December 2029, 
INV116940,Building cleaning services,menzies international (aust) pty ltd,113485.8,29/10/31,3634
INV116941,Management of Active Melbourne recreation facilities,Victorian YMCA Community Programming Pty Ltd,169258.36 AUD,16/07/2029,3615
INV116942,Tree management maintenance services,Citywide Service Solutions Pty Ltd,"$202,018.17",04/01/2025,3678
INV116943,Graffiti management and pressure cleaning services,CALCORP SERVICES PTY LTD,0.2m,2029-02-13,3668
INV116944,Building cleaning services,MENZIES INTERNATIONAL (AUST) PTY LTD,102603.87 AUD,18/11/2027,3634
INV116945,Waste management services,Cleanaway Waste Mgmt Limited,74660.36,25-Aug-2027,3556
INV116946,Street cleaning,Spotless,0.2m,25/09/12,3669
INV116947,Street cleaning,Spotless  Facility  Services  Pty  Ltd,"$127,616.45",10-May-2028,3669
INV116948,Graffiti management and pressure cleaning services,Calcorp Servicgs Pty Ltd,233268.63 AUD,08/05/2026,3668
INV116949,Graffiti management and pressure cleaning services,CalcorpServicesPtyLtd,64719.52,2027-06-26, 
INV116950,Melbourne Town Hall venue management,Showtime Event Group Pty Ltd (AU),183731.25,24-Apr-2028,3670
INV116951,Open spaces management - region 2,SERCO,140370.61 AUD,03/08/2028,3677
INV116952,Civil infrastructure services,Citywide  Service  Solutions  Pty  Ltd,63283.12,05/08/2025,3665
INV116953,Parking technology services,ReinoInternationalPtyLtdT/ADuncanSolutions,239280.66,27/09/14, 
INV116954,Building cleaning services,Menzies International (Aust) Pty Ltd (AUS),94640.59 AUD,27/10/04, 
INV116955,Building maintenance services,Programmed Facility Management Pty Ltd (AU),0.2m,23/11/2029,3630
INV116956,Waste management services,Cleanaway Waste Mgmt Limited,0.0m,28/02/06,3556
INV116957,Open spaces management - region 1,Citywide Service Solutions Pty. Ltd.,"$148,963.19",26-Apr-2026,3676
INV116958,Street cleaning,Spotless Facility Services Pty Ltd,0.1m,29/06/19,3669
INV116959,Civil infrastructure services,Citywide Service Solutions P/L,"$8,643.71",26/06/2027,3665
INV116960,Vehicle tow away and impound services,Nationwide  Towing  Services,205767.79 AUD,13/02/2025,3585
INV116961,Integrated security services,National,"$72,248.43",2027-07-27,3686
INV116962,Tree management maintenance services,Citywide Service Solutions Pty Ltd,211661.6,14/04/2029,3678
INV116963,Graffiti management and pressure cleaning services,Calcorp Serv,"$55,057.45",21 January 2026,3668
INV116964,Parking technology services,Reino,124064.75 AUD,18 June 2026,3623
INV116965,Management of Active Melbourne recreation facilities,Victorian YMCA Community Programming Pty Ltd,186767.98,02/04/2025,3615
INV116966,Tree management maintenance services,Citywide Service Solutions P/L,0.0m,07/02/2029,3678
INV116967,Street cleaning,Spotless Facility Services Pty Ltd,0.1m,10 June 2026, 
INV116968,Building maintenance services,PROGRAMMED FACILITY MANAGEMENT PTY LTD,0.1m,2029-06-10,3630
INV116969,Tree management maintenance services,citywide service solutions pty ltd,136039.71,31/05/2025, 
INV116970,Vehicle tow away and impound services,Nationwide Towing Services,3931.43,2025-08-22,3585
INV116971,Tree management maintenance services,CitywideServiceSolutionsPtyLtd,0.2m,2028-08-19,3678
INV116972,Parking technology services,Reino International Pty Ltd T/A Duncan Solutions (AUS),0.2m,15-Apr-2025,3623
INV116973,Civil infrastructure services,Citywide Service Solutions Pty Ltd,31952.1 AUD,17/07/2027,3665
INV116974,Integrated security services,National Protective Services Pty Ltd,"$188,505.69",2025-02-15,3686
INV116975,Building cleaning services,Menzies  International  (Aust)  Pty  Ltd,15491.61 AUD,26/09/01,3634
INV116976,Open spaces management - region 1,Citywide Service Solutions P/L,"$1,648.95",28 April 2027,3676
INV116977,Tree management maintenance services,CITYWIDE SERVICE SOLUTIONS PTY LTD,0.2m,14-Jul-2025,3678
INV116978,Building maintenance services,Programmed Facility Management Pty Ltd,157689.93,06 March 2027, 
INV116979,Tree management maintenance services,Citywide Service ,0.0m,25/09/03,3678
INV116980,Integrated security services,national protective services pty ltd,129755.07 AUD,01 March 2028,3686
INV116981,Tree management maintenance services,Citywide Service Soldtions Pty Ltd,96456.45,10/08/2028,3678
INV116982,Waste management services,Cleanaway,0.1m,04/10/2026,3556
INV116983,Tree management maintenance services,Citywide Service Solutions Pty Ltd,0.1m,19 October 2029,3678
INV116984,Integrated security services,Nbtional Protective Services Pty Ltd,26306.95 AUD,2025-12-03,3686
INV116985,Street cleaning,SPOTLESS FACILITY SERVICES PTY LTD,"$203,941.87",01-Dec-2029,3669
INV116986,Building cleaning services,Menzies  International  (Aust)  Pty  Ltd,"$218,739.18",29/03/28,3634
INV116987,Open spaces management - region 1,Citywide Service Solutions Pty Ltd,89972.81 AUD,24/11/2028,3676
INV116988,Parking technology services,ReinoInternationalPtyLtdT/ADuncanSolutions,"$217,298.22",17-Apr-2028,3623
INV116989,Building cleaning services,Menzies International (Aust) Pty Ltd (AU),"$182,348.67",11/12/2025,3634
INV116990,Management of Active Melbourne recreation facilities,VICTORIAN YMCA COMMUNITY PROGRAMMING PTY LTD,40276.09 AUD,27 August 2026,3615
INV116991,Vehicle tow away and impound services,Nationwide Towing Services (AUS),0.1m,2029-07-27,3585
INV116992,Tree management maintenance services,Nationwide Towing Serveces,148894.03,06/05/2027,3585
INV116993,Management of Active Melbourne recreation facilities,victorian ymca community programming pty ltd,246254.18 AUD,2028-01-06,3615
INV116994,Civil infrastructure services,Citywide Service Solutions Pty Ltd,66931.92 AUD,29/08/23,3665
INV116995,Tree management maintenance services,Citywide Service Solutions P/L,0.1m,20-May-2027,3678
INV116996,Waste management services,Cleanaway Waste Management Limited,38220.88,15 December 2028,3556
INV116997,Integrated security services,NationalProtectiveServicesPtyLtd,169128.79,28/08/2028,3686
INV116998,Open spaces management - region 2,SERCO,76605.8,08 June 2025,3677
INV116999,Building cleaning services,Menzies International (Aust) Pty Ltd (AU),0.0m,01/09/2025,3634
INV117000,Integrated security services,National Protective Services Pty Ltd,58481.44 AUD,09/01/2026,3686
