InvoiceID,ContractTitle,Provider,InvoiceAmount,InvoiceDate,ContractNumber
INV126001,Melbourne Town Hall venue management,Showtime Event,0.1m,05 July 2025,3670
INV126002,Street cleaning,Spotless Facility Services nty Ltd,173429.64,22/10/2029,3669
INV126003,Management of Active Melbourne recreation facilities,VictorianYMCACommunityProgrammingPtyLtd,51039.31,10 February 2029,3615
INV126004,Open spaces management - region 2,SERCO (AUS),158730.48 AUD,26-Jun-2026,3677
INV126005,Open spaces management - region 2,SERCO (AUS),61505.52,07-Dec-2028,3677
INV126006,Open spaces management - region 2,SERCO,"$145,550.57",22 May 2028,3677
INV126007,Vehicle tow away and impound services,Nationwide Towing Services,0.2m,20/10/2026,3585
INV126008,Integrated security services,Citywide,0.0m,08/12/2027,3665
INV126009,Open spaces management - region 1,Citywide Service Solutions Pty Ltd (AUS),"$67,467.76",09/07/2029,3676
INV126010,Vehicle tow away and impound services,nationwide towing services,0.1m,04 February 2028,3585
INV126011,Integrated security services,National Protectiv,0.1m,25/03/2028,3686
INV126012,Graffiti management and pressure cleaning services,Calcorp,0.1m,03/06/2026,3668
INV126013,Parking technology services,Reino Intl Pty Ltd T/A Duncan Solutions,"$220,678.17",04-Mar-2025,3623
INV126014,Tree management maintenance services,Citywide  Service  Solutions  Pty  Ltd,"$37,824.4",2027-05-17, 
INV126015,Open spaces management - region 2,serco,0.0m,05 September 2026,3677
INV126016,Melbourne Town Hall venue management,Showtime Event Group Pty Ltd (AU),0.0m,29/10/2029,3670
INV126017,Management of Active Melbourne recreation facilities,Victorian YMCA Community Programmidg Pty Ltd,183297.22,2026-05-14,3615
INV126018,Tree management maintenance services,CitywideServiceSolutionsPtyLtd,73066.15,01/02/2025,3678
INV126019,Open spaces management - region 1,Citywide Service Solutions Pty Ltd,56743.78 AUD,17-Nov-2025,3676
INV126020,Open spaces management - region 1,Citywide Service Solutions Pty Ltd,"$162,119.62",26/02/17,3676
INV126021,Building cleaning services,Menzies Internatio,3365.36,15 October 2027,3634
INV126022,Street cleaning,Spotless Facility Services P/L,90591.56,24 June 2029,3669
INV126023,Street cleaning,Spotless,214260.34 AUD,14 October 2026,3669
INV126024,Waste management services,CleanawayWasteManagementLimited,0.2m,31/03/2028,3556
INV126025,Civil infrastructure services,CleanawayWasteManagementLimited,"$140,989.59",11-Aug-2025,3556
INV126026,Street cleaning,spotless facility services pty ltd,152787.2,07/11/2029,3669
INV126027,Street cleaning,Spotless Facility Services Pty Ltd (AUS),"$22,140.52",09 April 2025,3669
INV126028,Tree management maintenance services,Citywide Setvice Solutions Pty Ltd,26395.33,25 June 2027,3678
INV126029,Tree management maintenance services,CleanawayWasteManagementLimited,102380.82,2026-01-04, 
INV126030,Graffiti management and pressure cleaning services,Calcorp,"$20,879.51",30/06/2027,3668
INV126031,Parking technology services,reino international pty ltd t/a duncan solutions,39092.2,26 December 2027,3623
INV126032,Graffiti management and pressure cleaning services,calcorp services pty ltd,180300.87,06 June 2025,3668
INV126033,Graffiti management and pressure cleaning services,Calcorp Services P/L,108808.87 AUD,23 June 2027,3668
INV126034,Open spaces management - region 2,SERCO (AUS),"$79,827.04",01 March 2029,3677
INV126035,Civil infrastructure services,Citywide Service Solutions Pzy Ltd,"$54,984.21",03-Jan-2028, 
INV126036,Open spaces management - region 1,citywide service solutions pty ltd,179673.44,14/03/2026,3676
INV126037,Open spaces management - region 1,Citywide Service Sllutions Pty Ltd,"$81,804.45",02/10/2028,3676
INV126038,Building maintenance services,Programmed Facility Management Pty Ltd (AU),229016.75 AUD,27/10/2027,3630
INV126039,Waste management services,cleanaway waste management limited,"$63,809.38",27/01/2025, 
INV126040,Tree management maintenance services,Citywide Service Solutions Pty Ltd,"$166,838.35",11/05/2029,3678
INV126041,Melbourne Town Hall venue management,Showtime Event Group P/L,0.2m,12/01/2027,3670
INV126042,Graffiti management and pressure cleaning services,CalcorpServicesPtyLtd,"$61,584.67",26-May-2025,3668
INV126043,Tree management maintenance services,Citywide Service Solutions Pty. Ltd.,0.1m,25/09/2025,3678
INV126044,Vehicle tow away and impound services,NATIONWIDE TOWING SERVICES,"$231,228.91",31 October 2025,3585
INV126045,Building cleaning services,Menzies Int’l (Aust) Pty Ltd,"$148,849.13",04/01/2029,3634
INV126046,Open spaces management - region 2,Citywide Service Solutions Pty. Ltd.,55012.72 AUD,2026-09-27,3665
INV126047,Open spaces management - region 2,SERCO,"$188,355.68",28/03/03,3677
INV126048,Waste management services,Cleanaway Waste Management Limited,147150.14,29/04/07,3556
INV126049,Integrated security services,Nalional Protective Services Pty Ltd,0.2m,28/03/2025,3686
INV126050,Open spaces management - region 2,SERCO,89127.27 AUD,01 August 2026,3677
INV126051,Vehicle tow away and impound services,Nationwide Towing Services (AU),206501.27 AUD,26 November 2029,3585
INV126052,Graffiti management and pressure cleaning services,Calcorp Serv,193724.65,03/04/2025,3668
INV126053,Open spaces management - region 2,SERCO,231483.6,2029-02-07,3677
INV126054,Management of Active Melbourne recreation facilities,Victorian YMCA Community Programming Pty Ltd (AU),101916.76,26/12/23,3615
INV126055,Building maintenance services,programmed facility management pty ltd,"$17,885.98",05/02/2026,3630
INV126056,Street cleaning,spotless facility services pty ltd,197205.31,26/10/2026, 
INV126057,Management of Active Melbourne recreation facilities,Victorian  YMCA  Community  Programming  Pty  Ltd,0.1m,12 December 2026,3615
INV126058,Civil infrastructure services,Citywide Service Solutions P/L,0.2m,29/07/18,3665
INV126059,Waste management services,Cleanaway Waste Management Limited,0.0m,26/05/2028,3556
INV126060,Building maintenance services,Programmed Facility Management Pty Ltd,0.2m,11-Jan-2025,3630
INV126061,Street cleaning,Spotless Facility Services Pty Ltd (AUS),0.2m,19 January 2028,3669
INV126062,Melbourne Town Hall venue management,Showtime  Event  Group  Pty  Ltd,248177.7,,3670
INV126063,Street cleaning,Spotless Facility Servicss Pty Ltd,0.2m,25/06/14,3669
INV126064,Management of Active Melbourne recreation facilities,VictorianYMCACommunityProgrammingPtyLtd,135720.0,29/07/2029,3615
INV126065,Parking technology services,Reino International Pty ,59550.61,30-Jun-2025,3623
INV126066,Melbourne Town Hall venue management,Showtime Event Group Ppy Ltd,0.2m,29/01/04,3670
INV126067,Melbourne Town Hall venue management,Showtime Event Group Pty. Ltd.,216654.68 AUD,30/11/2027,3670
INV126068,Street cleaning,Menzies International (Aust) P/L,"$50,591.31",13 June 2026,3634
INV126069,Open spaces management - region 2,Programmed Facility Mgmt Pty Ltd,134274.2,26/03/11,3630
INV126070,Management of Active Melbourne recreation facilities,Victorian YMCA Community Programming Pty Ltd (AU),207815.54,05-Jul-2028, 
INV126071,Graffiti management and pressure cleaning services,Calcorp Services Pty Ltd,95911.36,02-May-2025,3668
INV126072,Open spaces management - region 2,SERCO (AUS),126470.46,09/10/2028,3677
INV126073,Street cleaning,Spotless Facility,0.2m,07 October 2028,3669
INV126074,Vehicle tow away and impound services,NationwideTowingServices,218062.88,27/01/08,3585
INV126075,Open spaces management - region 2,SERCO,176061.51,27/03/05,3677
INV126076,Street cleaning,Spotless Facility Services Pty. Ltd.,227873.7 AUD,2025-08-31,3669
INV126077,Integrated security services,National Protectiv,25396.3 AUD,28/09/11,3686
INV126078,Civil infrastructure services,Citywide Service Solutions Pty Ltd (AUS),"$211,331.39",20-Oct-2027,3665
INV126079,Tree management maintenance services,Citywide Service ,"$225,198.81",18/02/2028,3678
INV126080,Open spaces management - region 2,SERCO,119916.04 AUD,28/03/07,3677
INV126081,Melbourne Town Hall venue management,Showtime Event Group Pty Ltd,49612.01 AUD,11/10/2027,3670
INV126082,Integrated security services,National Protectiv,15814.82,2029-08-27,3686
INV126083,Vehicle tow away and impound services,Nationwide To,"$66,183.34",29/08/28,3585
INV126084,Graffiti management and pressure cleaning services,Calcorp Services Pty Ltd,214451.2 AUD,04/02/2028,3668
INV126085,Management of Active Melbourne recreation facilities,Victorian YMCA Community Programming Pty. Ltd.,77233.93,01 January 2029,3615
INV126086,Waste management services,Cleanaway Waste Management Limited,"$215,631.51",28/07/29,3556
INV126087,Open spaces management - region 1,Citywide Service ,231585.4 AUD,28/01/2028,3676
INV126088,Street cleaning,SpotlessFacilityServicesPtyLtd,"$82,460.1",03/04/2029,3669
INV126089,Open spaces management - region 2,sERCO,78250.9 AUD,04 October 2026, 
INV126090,Open spaces management - region 1,Citywide Service ,,2025-09-15,3676
INV126091,Melbourne Town Hall venue management,Showtime Event Group P/L,0.1m,29/04/22,3670
INV126092,Street cleaning,Spotless Facility Services Pty Ltd,"$43,941.52",18-May-2028,3669
INV126093,Building cleaning services,MenziesInternational(Aust)PtyLtd,206245.07,29/11/14,3634
INV126094,Open spaces management - region 2,serco,81520.83 AUD,19-Mar-2025,3677
INV126095,Street cleaning,SPOTLESS FACILITY SERVICES PTY LTD,"$229,968.82",31/12/2028,3669
INV126096,Vehicle tow away and impound services,nationwide towing services,107514.34 AUD,27/09/2027,3585
INV126097,Management of Active Melbourne recreation facilities,VICTORIAN YMCA COMMUNITY PROGRAMMING PTY LTD,205694.08,21/02/2028,3615
INV126098,Street cleaning,SPOTLESS FACILITY SERVICES PTY LTD,141589.84 AUD,13/11/2027,3669
INV126099,Waste management services,Cleanaway Waste Management Ltd,35600.16,13/12/2029,3556
INV126100,Waste management services,Cleanaway Waste Management Ltd,6470.05,27/02/18,3556
INV126101,Waste management services,Cleanaway Waste Management LTD,155762.7,2028-06-25,3556
INV126102,Melbourne Town Hall venue management,Showtime Event Group Pty Ltd (AUS),125414.97,06 August 2029,3670
INV126103,Building maintenance services,Programmed,182250.98,29/07/04,3630
INV126104,Graffiti management and pressure cleaning services,calcorp services pty ltd,"$58,054.0",15/10/2028,3668
INV126105,Civil infrastructure services,Citywide Service Solutions P/L,216349.61 AUD,13 July 2025,3665
INV126106,Open spaces management - region 2,SERCO,0.1m,25/07/31,3677
INV126107,Waste management services,Cleanaway,"$38,540.5",19/04/2025,3556
INV126108,Graffiti management and pressure cleaning services,Calcorp Services Pty Ltd,1560.35,03/11/2027,3668
INV126109,Building cleaning services,Menzies Internatio,165609.08,29/11/2026,3634
INV126110,Building maintenance services,Programmed Facility Management Pty Ltd,0.1m,17/01/2027,3630
INV126111,Civil infrastructure services,CitywideServiceSolutionsPtyLtd,59889.18,26/04/13,3665
INV126112,Tree management maintenance services,Citywide Service Solutions P/L,"$85,742.46",06/09/2029,3678
INV126113,Street cleaning,Spotless Facility Services Pty Ltd,"$91,471.53",27/12/26,3669
INV126114,Civil infrastructure services,Citywide  Service  Solutions  Pty  Ltd,0.2m,21-Apr-2029,3665
INV126115,Management of Active Melbourne recreation facilities,Nationwide,"$195,601.63",28/02/01,3585
INV126116,Melbourne Town Hall venue management,Showtime Event Group Pty Ltd (AUS),147245.18,2027-03-01,3670
INV126117,Integrated security services,National Protective Services Pty Ltd (AU),191462.4,25/08/29,3686
INV126118,Civil infrastructure services,Citywide Service Solutions P/L,65110.22,26/12/13,3665
INV126119,Vehicle tow away and impound services,Nationwide Towing Services (AUS),"$43,890.06",05 March 2026,3585
INV126120,Graffiti management and pressure cleaning services,Calcorp Services Pty Ltd,204596.07,27/04/24,3668
INV126121,Street cleaning,Spotless Facility Services Pty Ltd (AU),"$72,118.81",02/12/2028,3669
INV126122,Management of Active Melbourne recreation facilities,Programmed Facility Management Pty Ltd,0.2m,19 September 2029, 
INV126123,Vehicle tow away and impound services,Nationwide To,0.2m,27/10/26,3585
INV126124,Open spaces management - region 1,Citywide Service Solutions Pty. Ltd.,241114.21,2025-09-07,3676
INV126125,Street cleaning,Spotless Facility,0.1m,2028-01-23,3669
INV126126,Vehicle tow away and impound services,NationwideTowingServices,0.2m,25/04/19,3585
INV126127,Parking technology services,Reino International Pty Ltd T/A Duncan Solutians,150407.42,03/10/2029,3623
INV126128,Vehicle tow away and impound services,Nationwide Towing Services (AUS),192607.81,21/03/2027,3585
INV126129,Building cleaning services,Menzies International (Aust) Pty Ltd,"$149,617.09",15/12/2029,3634
INV126130,Management of Active Melbourne recreation facilities,Victorian YMCA Community Programming Pty Ltd (AU),"$156,371.51",13 July 2026,3615
INV126131,Waste management services,CleanawayWasteManagementLimited,135779.39 AUD,11-Oct-2026,3556
INV126132,Open spaces management - region 1,Citywide Service Solutions Pty. Ltd.,"$41,908.5",18/10/2026,3676
INV126133,Open spaces management - region 2,SERCO,4564.82,,3677
INV126134,Tree management maintenance services,Citywide  Service  Solutions  Pty  Ltd,163138.45,01/07/2026,3678
INV126135,Parking technology services,Reino International Pty ,0.0m,31/05/2029,3623
INV126136,Graffiti management and pressure cleaning services,Calcorp  Services  Pty  Ltd,142813.32,2028-08-15,3668
INV126137,Management of Active Melbourne recreation facilities,Victorian  YMCA  Community  Programming  Pty  Ltd,39478.76,05/10/2025,3615
INV126138,Open spaces management - region 2,SERCO,0.1m,23/03/2026,3677
INV126139,Integrated security services,NATIONAL PROTECTIVE SERVICES PTY LTD,54196.39,17/10/2029,3686
INV126140,Building maintenance services,Programmed  Facility  Management  Pty  Ltd,26743.88,14-Sep-2029,3630
INV126141,Management of Active Melbourne recreation facilities,VictorianYMCACommunityProgrammingPtyLtd,148403.88,02/07/2028,3615
INV126142,Melbourne Town Hall venue management,Spotless Facility Services Pty Ltd,138034.16,28/07/11,3669
INV126143,Parking technology services,Reino International Pty. Ltd. T/A Duncan Solutions,57480.78,05 March 2029,3623
INV126144,Open spaces management - region 2,SERCO,235656.4 AUD,05 August 2025,3677
INV126145,Tree management maintenance services,Citywide Service Solutions Pty Ltd,140473.87,10/06/2029,3678
INV126146,Street cleaning,Spotless Facility,2863.71 AUD,29/05/2026,3669
INV126147,Vehicle tow away and impound services,Nationwide Towing Servicbs,210546.26,27-Jun-2025,3585
INV126148,Melbourne Town Hall venue management,Showtime Event Group Pty Ltd (AUS),154791.5,29/10/2026,3670
INV126149,Vehicle tow away and impound services,Nationwide To,228813.9 AUD,02/04/2026,3585
INV126150,Vehicle tow away and impound services,Nationwide Towing Services,"$176,623.17",2028-12-19,3585
INV126151,Street cleaning,Spotless Facility Services Pty Ltd,122626.37,2028-02-05, 
INV126152,Building maintenance services,PROGRAMMED FACILITY MANAGEMENT PTY LTD,121663.79,17/05/2029,3630
INV126153,Vehicle tow away and impound services,Nationwide  Towing  Services,"$168,205.97",23/01/2025, 
INV126154,Parking technology services,Reino International Pty Ltd T/A Duncan Solutions (AU),23979.26 AUD,28/04/2027,3623
INV126155,Tree management maintenance services,Citywide Service Solutions P/L,133400.32 AUD,08 December 2026,3678
INV126156,Building cleaning services,Menzies International (Aust) Pty Ltd,0.2m,12-Aug-2026,3634
INV126157,Civil infrastructure services,Citywsde Service Solutions Pty Ltd,62320.41 AUD,28/09/05,3665
INV126158,Management of Active Melbourne recreation facilities,Victorian YMCA Community Programming P/L,90183.68 AUD,2025-04-17,3615
INV126159,Graffiti management and pressure cleaning services,Calcorp Services Pty. Ltd.,207361.52,19-Jun-2028,3668
INV126160,Parking technology services,REINO INTERNATIONAL PTY LTD T/A DUNCAN SOLUTIONS,105733.28,24/03/2027,3623
INV126161,Open spaces management - region 1,Spotless Facility Services P/L,0.2m,02/08/2026,3669
INV126162,Melbourne Town Hall venue management,showtime event group pty ltd,0.2m,25/06/15,3670
INV126163,Open spaces management - region 1,Citywide Service Solutions Pty Ltd,"$66,347.56",07-Jun-2029,3676
INV126164,Open spaces management - region 2,SERCO (AU),"$99,979.17",2025-12-17,3677
INV126165,Integrated security services,NATIONAL PROTECTIVE SERVICES PTY LTD,134079.17,2029-02-14,3686
INV126166,Open spaces management - region 2,SERCO,135924.17 AUD,07-May-2026,3677
INV126167,Parking technology services,Calcorp Services Pty Ltd (AUS),0.1m,2028-09-02,3668
INV126168,Tree management maintenance services,citywide service solutions pty ltd,168232.99,19/08/2029,3678
INV126169,Civil infrastructure services,citywide service solutions pty ltd,103882.05,23/09/2027,3665
INV126170,Management of Active Melbourne recreation facilities,Victorian YMCA Community Programming Pty Ltd,80147.15,30/10/2028,3615
INV126171,Integrated security services,National Protective Services Pty Ltd,69487.94,2026-06-12, 
INV126172,Civil infrastructure services,CITYWIDE SERVICE SOLUTIONS PTY LTD,0.0m,06 October 2028, 
INV126173,Management of Active Melbourne recreation facilities,VICTORIAN YMCA COMMUNITY PROGRAMMING PTY LTD,0.1m,29 September 2028,3615
INV126174,Parking technology services,reino international pty ltd t/a duncan solutions,178200.61,27 May 2025,3623
INV126175,Building maintenance services,Programmed Facility Management P/L,0.2m,10-Jul-2025,3630
INV126176,Street cleaning,spotless facility services pty ltd,158115.66 AUD,25/04/14, 
INV126177,Civil infrastructure services,Citywide,35181.47,18 August 2025,3665
INV126178,Civil infrastructure services,Citywide Service Solutiont Pty Ltd,0.1m,2029-08-25,3665
INV126179,Graffiti management and pressure cleaning services,Calcorp Services P/L,229887.86 AUD,17/04/2026,3668
INV126180,Building cleaning services,Menzies  International  (Aust)  Pty  Ltd,0.1m,06/07/2027,3634
INV126181,Integrated security services,National Protectivq Services Pty Ltd,"$100,521.34",30/04/2025,3686
INV126182,Melbourne Town Hall venue management,Citywide,73107.6 AUD,29/09/29, 
INV126183,Street cleaning,Spotless Facility Services Pty Ltd,0.1m,10/11/2029,3669
INV126184,Vehicle tow away and impound services,Nationwide Towing Services,116482.25 AUD,2025-08-07,3585
INV126185,Building maintenance services,Programmed Facility Mgmt Pty Ltd,"$44,458.54",16 November 2027,3630
INV126186,Building cleaning services,Menzies,35509.77 AUD,11/09/2029,3634
INV126187,Waste management services,Cleanaway  Waste  Management  Limited,"$191,719.41",27 July 2027,3556
INV126188,Building maintenance services,Programmed,0.0m,06 February 2029,3630
INV126189,Open spaces management - region 2,Serco,151931.64,30-Dec-2028,3677
INV126190,Graffiti management and pressure cleaning services,Calcorp Services Pty. Ltd.,52486.58 AUD,11-Aug-2028,3668
INV126191,Building maintenance services,Programmed  Facility  Management  Pty  Ltd,"$234,988.27",2025-12-03,3630
INV126192,Street cleaning,Spotless Facility Services Pty Ltd,49268.09 AUD,28/03/2026,3669
INV126193,Graffiti management and pressure cleaning services,CALCORP SERVICES PTY LTD,194552.52,06/07/2026, 
INV126194,Waste management services,Cleanaway Waste Mgmt Limited,182125.28 AUD,2025-12-31,3556
INV126195,Building cleaning services,Menzies International (Aust) Pty Ltd,"$34,598.06",2029-12-01,3634
INV126196,Open spaces management - region 2,SERCO (AUS),98279.27 AUD,26-Jun-2029,3677
INV126197,Open spaces management - region 1,CITYWIDE SERVICE SOLUTIONS PTY LTD,"$70,649.73",20 July 2027,3676
INV126198,Building maintenance services,Programmed Facility,0.0m,26 January 2028,3630
INV126199,Parking technology services,Reino Int’l Pty Ltd T/A Duncan Solutions,158714.61,2028-03-07,3623
INV126200,Melbourne Town Hall venue management,Spotless Facility Services Pty Ltd (AU),98772.57,20/11/2027,3669
INV126201,Civil infrastructure services,Citywide Service Solutions Pty. Ltd.,0.1m,24-Mar-2029,3665
INV126202,Waste management services,Cleanaway  Waste  Management  Limited,70953.4,03 May 2029,3556
INV126203,Integrated security services,National Protectiv,81750.31 AUD,20 July 2029,3686
INV126204,Vehicle tow away and impound services,Nationwide Towing Services,0.2m,07 April 2028,3585
INV126205,Building maintenance services,programmed facility management pty ltd,142428.09 AUD,03/08/2029,3630
INV126206,Management of Active Melbourne recreation facilities,Victorian YMCA Community Programming Pty Ltd (AUS),88534.37,15/05/2025,3615
INV126207,Graffiti management and pressure cleaning services,Calcorp Services P/L,0.1m,18-Aug-2027,3668
INV126208,Open spaces management - region 1,Citywide Service Solutions P/L,0.2m,2026-11-27,3676
INV126209,Melbourne Town Hall venue management,SHOWTIME EVENT GROUP PTY LTD,"$127,806.47",04-Oct-2027,3670
INV126210,Parking technology services,Retno International Pty Ltd T/A Duncan Solutions,92511.41,12/05/2029,3623
INV126211,Open spaces management - region 1,CITYWIDE SERVICE SOLUTIONS PTY LTD,"$86,939.64",09-Dec-2026,3676
INV126212,Integrated security services,National Protective Services Pty Ltd (AU),194871.16,25/03/15,3686
INV126213,Waste management services,Cleanaway Waste Mgmt Limited,54211.69,14-Jan-2027,3556
INV126214,Vehicle tow away and impound services,nationwide towing services,182473.59,12/05/2026,3585
INV126215,Management of Active Melbourne recreation facilities,Victorian YMCA Community Programming Pty. Ltd.,149210.99,27/01/12,3615
INV126216,Building cleaning services,menzies international (aust) pty ltd,15437.75,19 October 2029,3634
INV126217,Parking technology services,Reino International Pty. Ltd. T/A Duncan Solutions,3398.55,22/08/2027,3623
INV126218,Civil infrastructure services,Citywide ServiceqSolutions Pty Ltd,32838.58 AUD,04/08/2029,3665
INV126219,Building cleaning services,MENZIES INTERNATIONAL (AUST) PTY LTD,"$237,371.11",11/01/2026,3634
INV126220,Civil infrastructure services,Citywide Service Solutions Pty Ltd,"$243,254.19",31-Mar-2029,3665
INV126221,Integrated security services,NATIONAL PROTECTIVE SERVICES PTY LTD,"$46,451.82",26/04/05,3686
INV126222,Civil infrastructure services,Citywide Service Solutions Pty. Ltd.,"$67,683.52",31 May 2025,3665
INV126223,Civil infrastructure services,Citywide Service Solutions Pty Ltd,"$230,925.93",27/05/2026,3665
INV126224,Graffiti management and pressure cleaning services,Cleanaway Waste Management Ltd,91617.14 AUD,23 August 2028,3556
INV126225,Open spaces management - region 2,SERCO (AU),76745.91,03/03/2027,3677
INV126226,Building maintenance services,Programmed  Facility  Management  Pty  Ltd,141966.93,08 October 2027,3630
INV126227,Open spaces management - region 2,SERCO (AU),172928.09,20 July 2026,3677
INV126228,Building maintenance services,Programmed Facility Management P/L,"$57,141.74",20/08/2025,3630
INV126229,Building maintenance services,Programmed Facility Management Pty Ltd,103155.22,24-Apr-2028,3630
INV126230,Melbourne Town Hall venue management,SHOWTIME EVENT GROUP PTY LTD,0.1m,08/05/2028,3670
INV126231,Management of Active Melbourne recreation facilities,Victorian YMCA Community Programming Pty Ltd (AUS),61624.99,14/08/2026,3615
INV126232,Waste management services,Cleanaway  Waste  Management  Limited,235163.75,12/02/2029,3556
INV126233,Management of Active Melbourne recreation facilities,Victorian YMCA Community Programming Pty Ltd,"$226,434.95",08 July 2027,3615
INV126234,Graffiti management and pressure cleaning services,citywide service solutions pty ltd,136604.05 AUD,27 November 2026,3678
INV126235,Open spaces management - region 2,Cleanaway  Waste  Management  Limited,0.2m,07/01/2029,3556
INV126236,Melbourne Town Hall venue management,Showtime Event Group Pty Ltd,132698.04,09-May-2027,3670
INV126237,Open spaces management - region 1,Citywide,27983.36 AUD,,3676
INV126238,Tree management maintenance services,Citywide Service Solutions Pty Ltd,"$218,302.75",13-Apr-2027,3678
INV126239,Building cleaning services,Menzies International (Aust) Pty Ltd,195322.2,11/09/2028,3634
INV126240,Building cleaning services,Menzies International (Aust) P/L,0.2m,04 July 2028,3634
INV126241,Open spaces management - region 2,Serco,0.2m,30 December 2025,3677
INV126242,Open spaces management - region 1,Citywide Service Solutions Pty Ltd (AUS),169992.55 AUD,2025-08-26,3676
INV126243,Open spaces management - region 2,SERCO (AUS),135374.13 AUD,,3677
INV126244,Street cleaning,Spotless Facility Services Pty. Ltd.,67005.67,01 November 2029,3669
INV126245,Open spaces management - region 2,Citywide Service Solutions Ptf Ltd,100085.88,30 January 2026,3678
INV126246,Street cleaning,Spotless Facility Services Pty. Ltd.,102533.92,13 June 2029,3669
INV126247,Management of Active Melbourne recreation facilities,Victorian YMCA Community Programming Pty. Ltd.,35921.87,27/10/17,3615
INV126248,Building maintenance services,Programmed Facility Management Pty Ltd (AU),0.0m,05/03/2025,3630
INV126249,Building cleaning services,Menzies Internatio,102900.89,25/07/2025,3634
INV126250,Building maintenance services,Programmed Facility Management Pty Ltd,"$174,994.67",28/01/15,3630
INV126251,Melbourne Town Hall venue management,ShowtimeEventGroupPtyLtd,150369.32 AUD,22-Mar-2025,3670
INV126252,Open spaces management - region 2,SERCO,70715.65,09/03/2029,3677
INV126253,Open spaces management - region 1,Citywide Service Solutions Pty Ltd (AU),225900.28 AUD,23-Nov-2028,3676
INV126254,Vehicle tow away and impound services,NationwideTowingServices,0.0m,08 December 2027,3585
INV126255,Building cleaning services,Menzies International (Aust) Pty Ltd,0.2m,27/03/15,3634
INV126256,Graffiti management and pressure cleaning services,Calcorp Services Pty Ltd,158827.45,2027-12-14,3668
INV126257,Open spaces management - region 2,SERCO,"$247,640.52",20 May 2025,3677
INV126258,Building maintenance services,Programmed Facility Managiment Pty Ltd,182448.39,2026-08-20,3630
INV126259,Graffiti management and pressure cleaning services,Calcorp Services Pty Ltd,0.0m,2026-03-26,3668
INV126260,Civil infrastructure services,Citywide,0.0m,19/07/2025,3665
INV126261,Parking technology services,Reino International Pty ,239219.83,03/11/2026,3623
INV126262,Open spaces management - region 2,SERCO,47925.86,23/12/2029, 
INV126263,Integrated security services,National Protective Services Pty Ltd,53283.46 AUD,26/04/2027,3686
INV126264,Open spaces management - region 2,SERCO (AU),0.0m,27/12/22,3677
INV126265,Building maintenance services,ProgrammedFacilityManagementPtyLtd,0.1m,06-May-2026,3630
INV126266,Management of Active Melbourne recreation facilities,Victorian YMCA Community Programming Pty Ltd,148967.13 AUD,2025-08-24,3615
INV126267,Melbourne Town Hall venue management,Showtime Event Group Pty Ltd (AU),118403.42 AUD,25/07/20,3670
INV126268,Tree management maintenance services,Citywide Service Solutions Pty Ltd (AUS),219663.93,10/01/2028,3678
INV126269,Graffiti management and pressure cleaning services,CalcorpServicesPtyLtd,11578.54 AUD,28 April 2026,3668
INV126270,Street cleaning,Spotless Facility Services Pty. Ltd.,67703.01,26/02/2025,3669
INV126271,Melbourne Town Hall venue management,Showtime Event Group Pty Ltd (AU),"$18,486.9",22/02/2028,3670
INV126272,Integrated security services,National  Protective  Services  Pty  Ltd,198382.21,12/10/2029,3686
INV126273,Management of Active Melbourne recreation facilities,Victorian YMCA Community Programming Pty. Ltd.,153049.72 AUD,24/02/2029,3615
INV126274,Graffiti management and pressure cleaning services,Calcorp Serv,"$110,818.05",06-Oct-2027,3668
INV126275,Tree management maintenance services,Citywide Service Solutions P/L,"$123,932.57",04 July 2028,3678
INV126276,Graffiti management and pressure cleaning services,calcorp services pty ltd,"$225,419.09",14/08/2025,3668
INV126277,Building cleaning services,Menzies International (Aust) P/L,"$197,412.68",10/05/2029,3634
INV126278,Management of Active Melbourne recreation facilities,VictorianYMCACommunityProgrammingPtyLtd,58968.39 AUD,07/04/2029,3615
INV126279,Vehicle tow away and impound services,Nationwide Towing Services,184365.92,06-Sep-2028,3585
INV126280,Integrated security services,National Protective Services P/L,0.2m,2029-12-18,3686
INV126281,Management of Active Melbourne recreation facilities,Victorian YMCA Community Programming Pty Ltd,152599.36,2026-11-12,3615
INV126282,Building cleaning services,Menzies,"$49,689.27",14 August 2028,3634
INV126283,Civil infrastructure services,citywide service solutions pty ltd,"$217,607.17",27/08/14,3665
INV126284,Integrated security services,NATIONAL PROTECTIVE SERVICES PTY LTD,"$132,761.04",29/05/21,3686
INV126285,Vehicle tow away and impound services,Nationwide To,"$27,212.94",17/01/2026,3585
INV126286,Street cleaning,spotless facility services pty ltd,111868.22,17/07/2029,3669
INV126287,Waste management services,Cleanaway Waste Management LTD,"$224,649.56",17/08/2029, 
INV126288,Building maintenance services,Programmed Facility Management Pty Ltd (AU),47573.23,2026-05-26,3630
INV126289,Management of Active Melbourne recreation facilities,Victorian YMCA Community Programming Pty Ltd,213583.64,2025-03-15,3615
INV126290,Tree management maintenance services,CITYWIDE SERVICE SOLUTIONS PTY LTD,0.2m,23-Oct-2029,3678
INV126291,Melbourne Town Hall venue management,serco,2700.99,29-Jun-2029,3677
INV126292,Street cleaning,SpotlessFacilityServicesPtyLtd,0.1m,30/06/2025,3669
INV126293,Building maintenance services,PROGRAMMED FACILITY MANAGEMENT PTY LTD,172082.14,13/10/2025,3630
INV126294,Management of Active Melbourne recreation facilities,Victorian  YMCA  Community  Programming  Pty  Ltd,144586.02,17-Dec-2029,3615
INV126295,Civil infrastructure services,Citywide Service Solutions Pty Ltd,"$231,697.71",22-Nov-2025,3665
INV126296,Graffiti management and pressure cleaning services,Calcorp Services Pty Ltd,0.1m,09/03/2025,3668
INV126297,Vehicle tow away and impound services,Nationwide Towing Services (AU),"$226,579.83",05/10/2028,3585
INV126298,Graffiti management and pressure cleaning services,CALCORP SERVICES PTY LTD,186057.61,13-Feb-2029,3668
INV126299,Waste management services,Cleanaway Waste Management Limited,149228.53,07-Dec-2028,3556
INV126300,Waste management services,Cleanaway Waste Management Limited (AU),89905.38 AUD,15/08/2029,3556
INV126301,Waste management services,Cleanaway  Waste  Management  Limited,"$98,240.12",28-Jun-2025,3556
INV126302,Melbourne Town Hall venue management,Showtime svent Group Pty Ltd,"$209,018.43",08 October 2027,3670
INV126303,Building maintenance services,Programmed Facility Management Pty Ltd,48574.09,18 May 2029,3630
INV126304,Tree management maintenance services,Citywide  Service  Solutions  Pty  Ltd,33285.71,2028-01-06,3678
INV126305,Graffiti management and pressure cleaning services,Programmed Facility Management Pty Ltd,160976.67 AUD,25/09/2029,3630
INV126306,Tree management maintenance services,Citywide Service ,0.0m,17-Jan-2025,3678
INV126307,Street cleaning,spotless facility services pty ltd,"$34,258.97",07 July 2025,3669
INV126308,Melbourne Town Hall venue management,Showtime Event Group Pty Ltd (AU),59838.16,2026-11-21,3670
INV126309,Melbourne Town Hall venue management,Showtime Event Group Pty Ltd,163118.44,30/08/2028,3670
INV126310,Open spaces management - region 1,Citywide Service Solutions Pty. Ltd.,"$172,215.84",30/04/2026,3676
INV126311,Tree management maintenance services,Citywide Service Solutions Pty Ltd (AU),36784.13 AUD,25 January 2025,3678
INV126312,Waste management services,CLEANAWAY WASTE MANAGEMENT LIMITED,218256.69,26/10/03,3556
INV126313,Graffiti management and pressure cleaning services,Calcorp Services P/L,202755.59 AUD,16-Oct-2027,3668
INV126314,Open spaces management - region 2,SERCO,,27 June 2028,3677
INV126315,Street cleaning,Spotless Facility Services Pty Ltd (AUS),"$31,748.57",2025-09-26,3669
INV126316,Graffiti management and pressure cleaning services,CALCORP SERVICES PTY LTD,41273.93,18/08/2028,3668
INV126317,Waste management services,Cleanaway Waste Management Ltd,0.1m,28/07/12,3556
INV126318,Building cleaning services,Menzies International (Aust) Pty Ltd (AU),169342.25,30/07/2029,3634
INV126319,Vehicle tow away and impound services,Nationwide,234363.75 AUD,28 March 2029,3585
INV126320,Melbourne Town Hall venue management,Showtime Event Group Pty Ltd (AUS),"$54,596.3",27/03/12,3670
INV126321,Parking technology services,Reino International Pty Ltd T/A Duncan Solutions,0.2m,26/01/01,3623
INV126322,Open spaces management - region 1,citywide service solutions pty ltd,0.2m,08/03/2025,3676
INV126323,Tree management maintenance services,CITYWIDE SERVICE SOLUTIONS PTY LTD,0.0m,10-Dec-2028,3678
INV126324,Vehicle tow away and impound services,Nationwide  Towing  Services,0.1m,20-May-2028,3585
INV126325,Building cleaning services,Menzies Internatio,40965.98 AUD,25-Apr-2028,3634
INV126326,Civil infrastructure services,Citywide  Service  Solutions  Pty  Ltd,108522.56 AUD,12/03/2027,3665
INV126327,Open spaces management - region 2,SERCO,"$234,040.58",29/07/31,3677
INV126328,Melbourne Town Hall venue management,Showtime  Event  Group  Pty  Ltd,13464.79,2025-07-22,3670
INV126329,Building cleaning services,Menzies,108780.48,27/05/10,3634
INV126330,Building maintenance services,PROGRAMMED FACILITY MANAGEMENT PTY LTD,21994.35,2026-06-03,3630
INV126331,Management of Active Melbourne recreation facilities,Victorian YMCA Community Programming Pty. Ltd.,0.1m,10-Jul-2026,3615
INV126332,Open spaces management - region 1,Citywide Service Solutions Pty Ltd (AU),115123.09,2026-05-17,3676
INV126333,Building cleaning services,Menzies  International  (Aust)  Pty  Ltd,86019.6,2026-10-25,3634
INV126334,Building maintenance services,Programmed Facility Management Pty. Ltd.,"$140,929.11",08/04/2026,3630
INV126335,Melbourne Town Hall venue management,SHOWTIME EVENT GROUP PTY LTD,28257.92,04/03/2026,3670
INV126336,Vehicle tow away and impound services,Nationwide Towing Services (AUS),184964.59,26/05/2025,3585
INV126337,Management of Active Melbourne recreation facilities,VictorianYMCACommunityProgrammingPtyLtd,"$79,461.87",04/06/2025,3615
INV126338,Melbourne Town Hall venue management,Showtime Event Group Pty Ltd (AU),60619.27,22-Jun-2029,3670
INV126339,Graffiti management and pressure cleaning services,Calcprp Services Pty Ltd,156261.32 AUD,28/08/14,3668
INV126340,Vehicle tow away and impound services,Nationwide Towing Services,239876.31,22/12/2025,3585
INV126341,Management of Active Melbourne recreation facilities,Victorian Ymca Community Programming Pty Ltd,57868.29,03/04/2026,3615
INV126342,Civil infrastructure services,citywide service solutions pty ltd,125175.74 AUD,27-Jul-2025,3665
INV126343,Parking technology services,Reino International Pty Ltd T/A Duncan Solutions,67425.9,2028-12-21,3623
INV126344,Vehicle tow away and impound services,Nationwide,36952.47 AUD,05/02/2027,3585
INV126345,Street cleaning,Spotless Facility Services Pty. Ltd.,67648.28 AUD,2026-02-02,3669
INV126346,Building cleaning services,Menzies International (Aust) Pty Ltd (AUS),"$48,906.42",05 October 2027,3634
INV126347,Parking technology services,Reino  International  Pty  Ltd  T/A  Duncan  Solutions,48509.65,2026-06-17,3623
INV126348,Open spaces management - region 2,serco,"$190,654.4",27/07/17,3677
INV126349,Waste management services,Cleanaway Waste Management LTD,"$150,471.93",25-Dec-2027,3556
INV126350,Building maintenance services,Programmed Facility Management Pty Ltd,0.2m,28/05/2025,3630
INV126351,Integrated security services,National Protectiv,7434.0 AUD,,3686
INV126352,Parking technology services,Reino Intl Pty Ltd T/A Duncan Solutions,196941.31 AUD,17-Sep-2029,3623
INV126353,Melbourne Town Hall venue management,Showtime Event Group P/L,0.2m,24 November 2027,3670
INV126354,Parking technology services,reino international pty ltd t/a duncan solutions,0.1m,2028-05-20,3623
INV126355,Parking technology services,Reino Intl Pty Ltd T/A Duncan Solutions,0.2m,01/11/2026,3623
INV126356,Integrated security services,National Protective Services Pty Ltd (AUS),0.2m,2027-05-07,3686
INV126357,Vehicle tow away and impound services,Nationwide  Towing  Services,"$138,448.17",2026-02-04,3585
INV126358,Building maintenance services,PROGRAMMED FACILITY MANAGEMENT PTY LTD,"$214,321.18",12/08/2028,3630
INV126359,Waste management services,Cleanaway Waste M,198701.74,29/11/20,3556
INV126360,Open spaces management - region 2,SERCO,21670.91,04/12/2027,3677
INV126361,Parking technology services,Reino,"$91,278.98",2029-03-23,3623
INV126362,Graffiti management and pressure cleaning services,Calcorp Services Pty Ltd,0.2m,2025-11-13,3668
INV126363,Management of Active Melbourne recreation facilities,Victorian YMCA Community Programming P/L,249548.39,09/08/2026,3615
INV126364,Building cleaning services,Menzies International (Aust) Pty Ltd,225344.09 AUD,07/02/2026,3634
INV126365,Graffiti management and pressure cleaning services,Calcorp  Services  Pty  Ltd,234440.48 AUD,08 July 2029, 
INV126366,Tree management maintenance services,Citywide Service ,101862.86 AUD,2026-09-10,3678
INV126367,Parking technology services,Reino International Pty Ltd T/A Duncan Solutions,"$181,751.79",25/04/2029,3623
INV126368,Civil infrastructure services,Citywide Service Solutions P/L,0.1m,18/05/2027,3665
INV126369,Waste management services,Cleanaway Waste Management Limbted,100613.34,03/11/2028,3556
INV126370,Open spaces management - region 2,SERCO (AU),248828.58,19/09/2029,3677
INV126371,Graffiti management and pressure cleaning services,Calcorp Serv,126051.06 AUD,2026-06-19,3668
INV126372,Melbourne Town Hall venue management,Showtime,39884.4,09/01/2026,3670
INV126373,Street cleaning,SPOTLESS FACILITY SERVICES PTY LTD,"$12,657.75",14/02/2026,3669
INV126374,Graffiti management and pressure cleaning services,Calcorp Services Pty Ltd,56926.94,05-Nov-2029,3668
INV126375,Vehicle tow away and impound services,NATIONWIDE TOWING SERVICES,"$25,998.91",26/12/2026,3585
INV126376,Open spaces management - region 1,Citywide,184506.85,26/05/13,3676
INV126377,Graffiti management and pressure cleaning services,Calcorp Serv,,20-Sep-2027,3668
INV126378,Open spaces management - region 2,SERCO,77773.88,20 September 2025,3677
INV126379,Parking technology services,Reino International P/L T/A Duncan Solutions,"$231,785.62",2029-05-23,3623
INV126380,Management of Active Melbourne recreation facilities,Victorian YMCA Community Programming P/L,"$179,313.86",01 June 2026,3615
INV126381,Graffiti management and pressure cleaning services,CalcorpServicesPtyLtd,117466.65,2026-06-28,3668
INV126382,Tree management maintenance services,Citywide  Service  Solutions  Pty  Ltd,235079.18,26-Jan-2026,3678
INV126383,Tree management maintenance services,Citywide Service Solutions Pty Ltd,"$68,112.31",10 August 2029,3678
INV126384,Melbourne Town Hall venue management,Showtime Event,0.2m,27/02/02,3670
INV126385,Building maintenance services,Programmed Facility Management Pty Ltd,0.0m,2028-03-10,3630
INV126386,Melbourne Town Hall venue management,ShowtimeEventGroupPtyLtd,9800.25 AUD,2025-01-08,3670
INV126387,Building cleaning services,Menzies Internatio,235516.14 AUD,08/02/2027,3634
INV126388,Open spaces management - region 1,Citywide,"$207,592.73",06 October 2028,3676
INV126389,Management of Active Melbourne recreation facilities,Victorian YMCA Community Programming Pty Ltd,170255.74,17-Jun-2028,3615
INV126390,Waste management services,Cleanaway Waste Management Limited,81978.52,15 March 2027,3556
INV126391,Waste management services,Cleanaway  Waste  Management  Limited,0.1m,01 February 2027,3556
INV126392,Street cleaning,Spotless Facility,185379.54,10/10/2029,3669
INV126393,Waste management services,Cleanaway Waste Management Limited (AU),0.2m,30-Oct-2028,3556
INV126394,Graffiti management and pressure cleaning services,Calcorp Services Pty Ltd (AUS),"$193,988.68",06/03/2028,3668
INV126395,Integrated security services,SERCO,179371.63,29-Apr-2028,3677
INV126396,Waste management services,Cleanaway Waste Management LTD,0.2m,01/07/2025,3556
INV126397,Open spaces management - region 2,SERCO (AU),0.1m,2027-03-17, 
INV126398,Open spaces management - region 1,CITYWIDE SERVICE SOLUTIONS PTY LTD,0.0m,16 March 2025,3676
INV126399,Building maintenance services,Programmed Facility Mgmt Pty Ltd,150872.1,2028-12-07,3630
INV126400,Building cleaning services,Menzies International (Aust) P/L,89889.07,07-May-2027,3634
INV126401,Open spaces management - region 1,citywide service solutions pty ltd,100043.6,2029-09-04,3676
INV126402,Building cleaning services,Menzies International (Aust) Pty Ltd (AU),75372.01 AUD,26/01/18,3634
INV126403,Building cleaning services,MenziesInternational(Aust)PtyLtd,"$82,416.92",12/02/2025,3634
INV126404,Management of Active Melbourne recreation facilities,Victorian,10650.0,26/01/2025,3615
INV126405,Open spaces management - region 1,Citywide Service Solutions Pty Ltd,27458.32,02 March 2025,3676
INV126406,Building maintenance services,PROGRAMMED FACILITY MANAGEMENT PTY LTD,"$160,311.31",2029-05-01,3630
INV126407,Tree management maintenance services,Citywide Service ,156835.49 AUD,06-Jul-2028,3678
INV126408,Open spaces management - region 1,Citywide,102458.36 AUD,13/08/2027,3676
INV126409,Open spaces management - region 1,Citywide Service Solutions P/L,"$45,909.03",11 March 2025,3676
INV126410,Open spaces management - region 2,SERCO,"$90,772.73",02/07/2026,3677
INV126411,Tree management maintenance services,Citywide Service Solutions P/L,109380.55,02/02/2028,3678
INV126412,Building cleaning services,Menzies Internatio,72203.11 AUD,12/11/2029,3634
INV126413,Street cleaning,Spotless  Facility  Services  Pty  Ltd,109534.29,15 March 2025,3669
INV126414,Civil infrastructure services,Citywide Service Solutions Pty Ltd (AU),"$105,009.12",06-Aug-2029,3665
INV126415,Melbourne Town Hall venue management,Suowtime Event Group Pty Ltd,0.2m,11/08/2027,3670
INV126416,Open spaces management - region 1,CITYWIDE SERVICE SOLUTIONS PTY LTD,203150.62,20-Sep-2025,3676
INV126417,Tree management maintenance services,CITYWIDE SERVICE SOLUTIONS PTY LTD,0.0m,24 October 2027,3678
INV126418,Open spaces management - region 1,Citywide Service Solutions Pty Ltd,"$127,966.56",2027-03-08,3676
INV126419,Vehicle tow away and impound services,Nationwide Towing Services (AUS),21570.8 AUD,23/01/2027,3585
INV126420,Street cleaning,Menzies Internatio,77936.72,27 February 2026,3634
INV126421,Civil infrastructure services,CitywideServiceSolutionsPtyLtd,23270.81,26/07/29,3665
INV126422,Building maintenance services,Programmed Facility Management Pty Ltd,"$4,863.72",29/06/07,3630
INV126423,Open spaces management - region 1,citywide service solutions pty ltd,215847.04 AUD,2028-01-08,3676
INV126424,Melbourne Town Hall venue management,Showtime Event Group Pty. Ltd.,0.1m,24/08/2028,3670
INV126425,Waste management services,Cleanaway Waste Management Limited,196205.25 AUD,2025-12-29,3556
INV126426,Building cleaning services,Menzies International (Aust) Pty. Ltd.,50565.61 AUD,2028-11-17,3634
INV126427,Waste management services,Cleanaway Waste Management Limited (AU),203356.29,2029-07-29,3556
INV126428,Graffiti management and pressure cleaning services,CalcorpServicesPtyLtd,135052.39 AUD,2025-05-04,3668
INV126429,Integrated security services,NationalProtectiveServicesPtyLtd,"$43,177.44",27/04/11,3686
INV126430,Street cleaning,SPOTLESS FACILITY SERVICES PTY LTD,"$152,222.09",25/02/18,3669
INV126431,Waste management services,cleanaway waste management limited,0.0m,21/06/2029,3556
INV126432,Civil infrastructure services,Citywide Service Solutions Pty Ltd (AU),21889.96,25/06/09,3665
INV126433,Building cleaning services,MenziesInternational(Aust)PtyLtd,1961.02 AUD,24/03/2028,3634
INV126434,Building cleaning services,MENZIES INTERNATIONAL (AUST) PTY LTD,0.1m,23/05/2027,3634
INV126435,Civil infrastructure services,Citywide Service Solutions Pty Ltd (AU),85385.48,03/08/2029,3665
INV126436,Graffiti management and pressure cleaning services,Calcorp Services Pty Ltu,6362.23,16/03/2028,3668
INV126437,Building maintenance services,Programmed Facility Management Pty Ltd,0.0m,08/12/2026, 
INV126438,Waste management services,Cleanaway Waste Management Limited,235268.4,14-Oct-2029,3556
INV126439,Melbourne Town Hall venue management,Showtime Event Group Pty Ltd,122093.21,21/07/2028,3670
INV126440,Building maintenance services,Programmed Facility Management Pty Lty,209178.08,2026-10-05,3630
INV126441,Open spaces management - region 1,Citywide Service ,127482.82,2027-09-04,3676
INV126442,Civil infrastructure services,CitywideServiceSolutionsPtyLtd,"$186,299.45",22-Apr-2025,3665
INV126443,Integrated security services,National Protective Services P/L,0.2m,03-Oct-2025,3686
INV126444,Open spaces management - region 1,Showtime Event Group Pty Ltd,79763.87 AUD,30 March 2027,3670
INV126445,Parking technology services,Reino,71087.55 AUD,2027-04-05,3623
INV126446,Building maintenance services,Programmed Facility Management Pty Ltd,3622.68,29-Nov-2028,3630
INV126447,Vehicle tow away and impound services,Nationwide,228847.06 AUD,27/05/2027, 
INV126448,Parking technology services,Reino International Pty Ltd T/A Duncan Solutions (AUS),"$107,116.53",2029-12-16,3623
INV126449,Melbourne Town Hall venue management,Showtime,58380.77,13-Apr-2027,3670
INV126450,Tree management maintenance services,Citywide Service Solutions Pty Ltd,68655.0,16/12/2029,3678
INV126451,Civil infrastructure services,CITYWIDE SERVICE SOLUTIONS PTY LTD,173095.03,2028-08-11,3665
INV126452,Building cleaning services,Menzies Intl (Aust) Pty Ltd,0.2m,19/08/2028,3634
INV126453,Open spaces management - region 2,SERCO,241815.09,25/01/16,3677
INV126454,Street cleaning,Spotless Facility Services P/L,224354.03,28-Feb-2026,3669
INV126455,Building cleaning services,Menzies International (Aust) Pty Ltd,46016.61,2029-04-17,3634
INV126456,Graffiti management and pressure cleaning services,Calcorp Services Pty Ltd (AU),199398.71 AUD,2028-09-04,3668
INV126457,Parking technology services,Reino International Pty Ltd T/A Duncan Solutions (AUS),0.2m,19-Aug-2027,3623
INV126458,Parking technology services,Reino  International  Pty  Ltd  T/A  Duncan  Solutions,52003.2 AUD,16 December 2025,3623
INV126459,Management of Active Melbourne recreation facilities,reino international pty ltd t/a duncan solutions,83670.18,28/11/24,3623
INV126460,Building cleaning services,MENZIES INTERNATIONAL (AUST) PTY LTD,0.0m,25/08/09,3634
INV126461,Vehicle tow away and impound services,Nationwide Towing Services,19630.86 AUD,09-Jun-2029,3585
INV126462,Integrated security services,SERCO (AUS),0.0m,28/04/05,3677
INV126463,Melbourne Town Hall venue management,SHOWTIME EVENT GROUP PTY LTD,0.1m,2028-12-19, 
INV126464,Building cleaning services,Menzies International (Aust) Pty Ltb,"$77,604.31",01/08/2026,3634
INV126465,Street cleaning,Spotless,"$83,952.02",03/08/2026,3669
INV126466,Building maintenance services,PROGRAMMED FACILITY MANAGEMENT PTY LTD,232546.14,15 November 2025,3630
INV126467,Open spaces management - region 2,Serco,134555.76 AUD,2026-10-29,3677
INV126468,Melbourne Town Hall venue management,Showtije Event Group Pty Ltd,0.2m,26/06/2028,3670
INV126469,Parking technology services,Reino Internetional Pty Ltd T/A Duncan Solutions,210533.97,29/05/21,3623
INV126470,Open spaces management - region 2,SERCO,77741.49,30-Jul-2027,3677
INV126471,Graffiti management and pressure cleaning services,Calcorp Services rty Ltd,96727.69,27/12/10,3668
INV126472,Open spaces management - region 2,SERCO,,23/01/2025,3677
INV126473,Building cleaning services,Menzies International (Aust) sty Ltd,47704.23 AUD,27/06/28,3634
INV126474,Building cleaning services,Menzies International (Aust) Pty Ltd (AU),0.2m,2028-01-13, 
INV126475,Tree management maintenance services,Citywide Service Solutions P/L,0.2m,29/01/15,3678
INV126476,Civil infrastructure services,Citywide Service ,193960.0 AUD,2027-11-30,3665
INV126477,Tree management maintenance services,Citywide Service ,162502.59,27/06/2027,3678
INV126478,Parking technology services,Reino International Pty Ltd T/A Duncan Solutions,"$116,917.83",2025-09-18,3623
INV126479,Parking technology services,Reino Intl Pty Ltd T/A Duncan Solutions,88022.91 AUD,05 December 2028,3623
INV126480,Building cleaning services,Menzies International (Aust) Pty. Ltd.,0.1m,09-Jul-2025,3634
INV126481,Melbourne Town Hall venue management,Showtime  Event  Group  Pty  Ltd,0.2m,2025-05-15,3670
INV126482,Tree management maintenance services,Citywide Service Solutions Pty Ltd,"$187,654.79",27/10/10,3678
INV126483,Open spaces management - region 2,SERCO (AUS),179063.36,28/01/14,3677
INV126484,Open spaces management - region 1,Citywide,198314.29,06-Dec-2028,3676
INV126485,Melbourne Town Hall venue management,Showtime Event Group Pty Ltd,"$230,372.9",,3670
INV126486,Open spaces management - region 1,citywide service solutions pty ltd,66145.09,25/05/26,3676
INV126487,Open spaces management - region 1,Citywide Service Solutions Pty Ltd,"$136,979.99",22/08/2025,3676
INV126488,Management of Active Melbourne recreation facilities,Victorian  YMCA  Community  Programming  Pty  Ltd,53274.47,2029-09-09,3615
INV126489,Civil infrastructure services,Citywide Service Solutions Pty Ltd,23711.34 AUD,27/10/16,3665
INV126490,Parking technology services,Reino Int’l Pty Ltd T/A Duncan Solutions,"$63,253.96",27/07/11,3623
INV126491,Graffiti management and pressure cleaning services,Calcorp Serv,205658.43,2026-04-29,3668
INV126492,Waste management services,Cleanaway Waste Management LTD,0.1m,2029-05-17,3556
INV126493,Building maintenance services,Programmed Facility Management P/L,31227.11 AUD,2027-07-18,3630
INV126494,Civil infrastructure services,Citywide Service Solutions Pty Ltd (AUS),162032.37,2025-01-12,3665
INV126495,Open spaces management - region 2,SERCO (AUS),26922.46 AUD,10-Sep-2029,3677
INV126496,Melbourne Town Hall venue management,Showtime Event Group Pty Ltd,98799.63,27/10/2026,3670
INV126497,Parking technology services,ReinoInternationalPtyLtdT/ADuncanSolutions,0.2m,19 November 2028,3623
INV126498,Tree management maintenance services,Citywide Service ,208753.61 AUD,15/01/2028,3678
INV126499,Management of Active Melbourne recreation facilities,VICTORIAN YMCA COMMUNITY PROGRAMMING PTY LTD,"$139,217.56",04/03/2028,3615
INV126500,Civil infrastructure services,CITYWIDE SERVICE SOLUTIONS PTY LTD,"$85,523.48",25/04/03,3665
INV126501,Management of Active Melbourne recreation facilities,Victorian YMCA Community Programming Pty Ltd (AUS),220332.56,09/08/2027,3615
INV126502,Management of Active Melbourne recreation facilities,victorian ymca community programming pty ltd,"$36,865.09",21-Dec-2025,3615
INV126503,Melbourne Town Hall venue management,showtime event group pty ltd,"$42,229.37",29 November 2025,3670
INV126504,Tree management maintenance services,Citywide Service Solutions Pty dtd,"$194,402.13",26/01/29,3678
INV126505,Civil infrastructure services,Citywide Service Solutions Pty Ltd,67696.98 AUD,03/08/2028, 
INV126506,Melbourne Town Hall venue management,Showtime Event Group Pty Ltd,78854.4,2025-01-29,3670
INV126507,Melbourne Town Hall venue management,Showtime Event,185573.47 AUD,2029-09-12,3670
INV126508,Building maintenance services,Programmed Facility Management Pty Ltd (AU),0.0m,27/04/16,3630
INV126509,Integrated security services,National Protective Services Pty Ltd (AUS),162661.97,25/12/04,3686
INV126510,Management of Active Melbourne recreation facilities,VictorianYMCACommunityProgrammingPtyLtd,0.1m,03-Jan-2027,3615
INV126511,Open spaces management - region 2,Serco,202425.25,2029-06-21,3677
INV126512,Waste management services,Cleanaway Waste M,139730.58,02/06/2025,3556
INV126513,Melbourne Town Hall venue management,showtime event group pty ltd,"$117,840.86",13-Jun-2025,3670
INV126514,Building cleaning services,Menzies International (Aust) P/L,0.1m,08 August 2028,3634
INV126515,Waste management services,Cleanaway,65312.12 AUD,22 October 2028,3556
INV126516,Street cleaning,Spotless Facility Services Pty. Ltd.,"$181,937.2",09/10/2025,3669
INV126517,Parking technology services,Reino International Pty ,162535.43,2029-06-20,3623
INV126518,Open spaces management - region 1,citywide service solutions pty ltd,58744.18,31 January 2028,3676
INV126519,Open spaces management - region 2,SERCO,0.2m,16/07/2026,3677
INV126520,Open spaces management - region 2,Serco,"$161,581.08",18/08/2025,3677
INV126521,Integrated security services,National Protective Services Pty Ltd,"$28,361.42",23 November 2029,3686
INV126522,Building cleaning services,Menzies International (Aust) Pty Ltd (AUS),200227.76 AUD,19/11/2029,3634
INV126523,Waste management services,Cleanaway  Waste  Management  Limited,33426.34,11/12/2025,3556
INV126524,Street cleaning,SpotlessFacilityServicesPtyLtd,75228.73,28/06/30,3669
INV126525,Integrated security services,NATIONAL PROTECTIVE SERVICES PTY LTD,243115.1,15 August 2025,3686
INV126526,Waste management services,serco,"$237,396.33",05/12/2025,3677
INV126527,Management of Active Melbourne recreation facilities,Victorian YMCA Community Programming Pty Ltd,0.1m,20-Nov-2027,3615
INV126528,Tree management maintenance services,Citywide Service ,16781.34 AUD,2028-07-22,3678
INV126529,Vehicle tow away and impound services,Nationwide,48053.95,25/11/07,3585
INV126530,Integrated security services,NATIONAL PROTECTIVE SERVICES PTY LTD,54269.99,03/10/2029,3686
INV126531,Open spaces management - region 1,CITYWIDE SERVICE SOLUTIONS PTY LTD,0.0m,27/11/2025,3676
INV126532,Civil infrastructure services,citywide service solutions pty ltd,0.1m,01-Dec-2026,3665
INV126533,Open spaces management - region 1,citywide service solutions pty ltd,10774.7,15 July 2026,3676
INV126534,Tree management maintenance services,Citywide Service ,0.0m,11/02/2027,3678
INV126535,Open spaces management - region 1,Citywide Service Solutions Pty Ltd (AUS),0.1m,18-Feb-2025,3676
INV126536,Open spaces management - region 1,Citywide Service ,0.1m,16 January 2025,3676
INV126537,Management of Active Melbourne recreation facilities,Victorian YMCA Community Programming P/L,0.1m,15/09/2029,3615
INV126538,Civil infrastructure services,CitywideServiceSolutionsPtyLtd,0.1m,29/07/31,3665
INV126539,Street cleaning,Spotless Facility Services Pty Ltd (AUS),152024.12 AUD,12/02/2029,3669
INV126540,Management of Active Melbourne recreation facilities,Victorian  YMCA  Community  Programming  Pty  Ltd,227921.67,22/04/2025,3615
INV126541,Open spaces management - region 1,Citywide Service ,0.1m,03 May 2026,3676
INV126542,Open spaces management - region 2,serco,0.2m,06/10/2025,3677
INV126543,Tree management maintenance services,CITYWIDE SERVICE SOLUTIONS PTY LTD,234160.06,2026-03-09,3678
INV126544,Building maintenance services,Programmed,193187.72,25/05/2028,3630
INV126545,Waste management services,Cleanaway Waste Management Limited (AU),231856.48,20 September 2025,3556
INV126546,Waste management services,Cleanaway Waste Management Limited,246945.88,02 November 2025,3556
INV126547,Civil infrastructure services,Citywide Service Solutions Pty Ltd (AUS),0.2m,12 October 2029,3665
INV126548,Vehicle tow away and impound services,Nationwide  Towing  Services,0.1m,17/12/2025,3585
INV126549,Waste management services,Cleanaway Waste Management Limited,"$214,544.48",01-Jun-2027,3556
INV126550,Waste management services,Cleanaway Waste Management Limited,194894.2,24/05/2026,3556
INV126551,Vehicle tow away and impound services,Victorian YMCA Community Programming Pty Ltd,231600.54,17-Dec-2025,3615
INV126552,Graffiti management and pressure cleaning services,Calcorp,"$13,398.05",, 
INV126553,Civil infrastructure services,Citywide Service Solutions Pty Ltd (AUS),55409.43,03 January 2029,3665
INV126554,Vehicle tow away and impound services,Nationwide Towing Services,"$133,220.37",06-May-2025,3585
INV126555,Civil infrastructure services,Citywide Service Solutions Pty. Ltd.,"$116,972.55",14/09/2028,3665
INV126556,Building maintenance services,Programmed,118077.55,11-Oct-2029,3630
INV126557,Open spaces management - region 1,citywide service solutions pty ltd,3604.58,2029-02-10,3676
INV126558,Civil infrastructure services,Citywide Service Solutions Pty Ltd,149816.17,2029-08-03,3665
INV126559,Open spaces management - region 1,showtime event group pty ltd,91551.08,28/07/26,3670
INV126560,Integrated security services,Citywide Service Solutions Pty Ltd (AUS),0.1m,2028-05-20,3665
INV126561,Integrated security services,National Protective Services Pty Ltd,47691.48 AUD,13-Nov-2028,3686
INV126562,Open spaces management - region 2,SERCO,94303.64,28/06/2029,3677
INV126563,Parking technology services,REINO INTERNATIONAL PTY LTD T/A DUNCAN SOLUTIONS,95493.91 AUD,05 September 2027,3623
INV126564,Civil infrastructure services,Citywide Service Solutions Pty Ltd,0.0m,20-Jun-2029,3665
INV126565,Street cleaning,SPOTLESS FACILITY SERVICES PTY LTD,0.1m,18/07/2025,3669
INV126566,Waste management services,Cleanaway Waste Managerent Limited,123086.68,08/08/2025,3556
INV126567,Vehicle tow away and impound services,Nationwide  Towing  Services,98600.04,17 November 2027,3585
INV126568,Waste management services,cleanaway waste management limited,0.2m,21/06/2025,3556
INV126569,Vehicle tow away and impound services,Nationwide,4176.49 AUD,11-Aug-2028,3585
INV126570,Waste management services,Cleanaway  Waste  Management  Limited,"$3,079.32",11/09/2029,3556
INV126571,Integrated security services,National Protective Services Pty. Ltd.,86213.66,01 July 2027,3686
INV126572,Integrated security services,National Protective Services Pty Ltd,216724.32 AUD,13-Aug-2027,3686
INV126573,Parking technology services,REINO INTERNATIONAL PTY LTD T/A DUNCAN SOLUTIONS,212411.33,12/05/2026,3623
INV126574,Building cleaning services,Menzies International (Aust) Pty Ltd,170238.88,02/10/2029,3634
INV126575,Vehicle tow away and impound services,Nationwide Towing eervices,0.2m,14 January 2029, 
INV126576,Street cleaning,Spotless,73323.46 AUD,16/10/2028,3669
INV126577,Vehicle tow away and impound services,Nationwide Towing Services (AU),0.1m,26/05/2028,3585
INV126578,Management of Active Melbourne recreation facilities,Victorian  YMCA  Community  Programming  Pty  Ltd,14954.38,20-Jun-2028,3615
INV126579,Street cleaning,spotless facility services pty ltd,16916.84 AUD,2025-03-22,3669
INV126580,Building maintenance services,Programmed Facility Management Pty. Ltd.,79016.24,07/05/2026, 
INV126581,Graffiti management and pressure cleaning services,Calcorp Services Pty Ltd,82337.04,24/09/2029,3668
INV126582,Building cleaning services,Menzyes International (Aust) Pty Ltd,0.1m,13-Oct-2026,3634
INV126583,Waste management services,Cleanaway Waste Management Ltd,51095.69 AUD,23/12/2026,3556
INV126584,Waste management services,Cleanaway Waste Management Limited,0.0m,01-Mar-2029,3556
INV126585,Management of Active Melbourne recreation facilities,Victorian YMCA Communi,100187.17,08 March 2025,3615
INV126586,Street cleaning,Spotless,157433.9 AUD,29-Jun-2026,3669
INV126587,Street cleaning,SPOTLESS FACILITY SERVICES PTY LTD,175120.71 AUD,04/05/2028,3669
INV126588,Waste management services,Cleanaway Waste Management Limited,177255.97 AUD,12-Nov-2025,3556
INV126589,Melbourne Town Hall venue management,SHOWTIME EVENT GROUP PTY LTD,"$112,649.25",31/03/2029,3670
INV126590,Parking technology services,Reino Intl Pty Ltd T/A Duncan Solutions,"$37,431.17",26/10/01, 
INV126591,Civil infrastructure services,Citywide  Service  Solutions  Pty  Ltd,133335.93,2026-11-05,3665
INV126592,Street cleaning,CalcorpServicesPtyLtd,140107.65 AUD,18/07/2025,3668
INV126593,Open spaces management - region 2,SERCO,"$83,360.81",26/08/16,3677
INV126594,Street cleaning,Spotless Facility Services Pty Ltd,126483.59 AUD,20 October 2027, 
INV126595,Civil infrastructure services,Citywide Service Solutions Pty Ltd (AUS),0.1m,27/01/30,3665
INV126596,Vehicle tow away and impound services,nationwide towing services,61300.86,21 September 2029,3585
INV126597,Building cleaning services,Menzies Intl (Aust) Pty Ltd,"$246,219.52",27 August 2027,3634
INV126598,Civil infrastructure services,citywide service solutions pty ltd,115286.16 AUD,30/11/2025,3665
INV126599,Tree management maintenance services,Citywide Service Solutions Pty Ltd,152645.59 AUD,27/06/02,3678
INV126600,Waste management services,Cleanaway Waste Management Limited (AUS),221294.54,26/09/26,3556
INV126601,Vehicle tow away and impound services,Nationwide,247897.13,04/11/2028,3585
INV126602,Open spaces management - region 2,serco,0.1m,26 April 2025,3677
INV126603,Civil infrastructure services,Citywide Service ,75418.18,02 April 2029,3665
INV126604,Tree management maintenance services,Citywide Service Solutions Pty Ltd,"$205,094.13",26/02/14,3678
INV126605,Waste management services,Cleanaway Waste M,50440.51,19/01/2025,3556
INV126606,Parking technology services,ReinoInternationalPtyLtdT/ADuncanSolutions,208130.96,27/03/2025,3623
INV126607,Melbourne Town Hall venue management,Showtime Event Group Pty. Ltd.,"$97,007.4",13-Nov-2025,3670
INV126608,Civil infrastructure services,Citywide Service Solutions Pty Ltd (AUS),126961.16 AUD,28/05/08,3665
INV126609,Graffiti management and pressure cleaning services,Calcorp Services Pty Ltd,99467.14,02 June 2029,3668
INV126610,Integrated security services,NATIONAL PROTECTIVE SERVICES PTY LTD,224564.5 AUD,31/07/2029, 
INV126611,Open spaces management - region 1,CitywideServiceSolutionsPtyLtd,"$201,703.34",28/11/25,3676
INV126612,Management of Active Melbourne recreation facilities,Victorian  YMCA  Community  Programming  Pty  Ltd,78812.0,13-Feb-2029,3615
INV126613,Tree management maintenance services,Citywide Service Solutions Pty. Ltd.,6664.57,29/06/22,3678
INV126614,Building cleaning services,Calcorp Services Pty Ltd,243298.76,31 December 2029,3668
INV126615,Vehicle tow away and impound services,Nationwide Towing Services,0.1m,2027-04-19,3585
INV126616,Open spaces management - region 1,Citywide  Service  Solutions  Pty  Ltd,110225.81,27-May-2025,3676
INV126617,Management of Active Melbourne recreation facilities,Victorian YMCA Community Programming Pty Ltd (AUS),238783.69,18/04/2027,3615
INV126618,Tree management maintenance services,Citywide Service Solutions Pty. Ltd.,150185.08 AUD,03 September 2029,3678
INV126619,Open spaces management - region 1,Citywide Service Solutions Pty Ltd (AU),0.2m,22 February 2029,3676
INV126620,Open spaces management - region 2,SExCO,"$47,426.77",21-Apr-2029,3677
INV126621,Management of Active Melbourne recreation facilities,VICTORIAN YMCA COMMUNITY PROGRAMMING PTY LTD,15755.93,13-Oct-2025,3615
INV126622,Building maintenance services,Programmed Facility Management Pty Ltd,114984.74,2025-01-26,3630
INV126623,Vehicle tow away and impound services,Nationwide  Towing  Services,17056.51,21-Sep-2028,3585
INV126624,Waste management services,CleanawayWasteManagementLimited,0.2m,2026-04-17,3556
INV126625,Open spaces management - region 2,serco,159379.68,28/08/06,3677
INV126626,Open spaces management - region 1,SERCO,136169.38 AUD,29/10/2025,3677
INV126627,Civil infrastructure services,Citywide  Service  Solutions  Pty  Ltd,170057.81,11/08/2025,3665
INV126628,Open spaces management - region 1,Citywide Service ,96359.58,25/07/14,3676
INV126629,Open spaces management - region 2,SERCc,146477.57,20-May-2027,3677
INV126630,Parking technology services,Reino International Pty Ltd T/A Duncan Solutions (AU),98615.75,13 March 2029,3623
INV126631,Melbourne Town Hall venue management,Citywide Service Solutions PtydLtd,105767.09,06/11/2029,3665
INV126632,Civil infrastructure services,Citywide,128496.35,2029-12-10,3665
INV126633,Civil infrastructure services,Citywide Service ,41625.82,2028-12-13,3665
INV126634,Integrated security services,National Protective Services Pty Ltd,18046.42,10/07/2028,3686
INV126635,Open spaces management - region 2,serco,0.2m,16-May-2025,3677
INV126636,Graffiti management and pressure cleaning services,Calcorp Serv,"$241,181.45",23-Oct-2026,3668
INV126637,Open spaces management - region 1,Citywide Service Solutions Pzy Ltd,154753.49 AUD,18-Feb-2025,3676
INV126638,Integrated security services,National Protective Services PtyqLtd,"$236,150.74",15-Jul-2028,3686
INV126639,Open spaces management - region 1,CITYWIDE SERVICE SOLUTIONS PTY LTD,12103.26,21/10/2027,3676
INV126640,Vehicle tow away and impound services,Nationwide Towing Scrvices,224717.17,01/09/2027,3585
INV126641,Parking technology services,Reino International Pty Ltd T/A Duncan Solutiows,53790.68 AUD,07/02/2026,3623
INV126642,Parking technology services,REINO INTERNATIONAL PTY LTD T/A DUNCAN SOLUTIONS,103542.31,2028-12-31,3623
INV126643,Graffiti management and pressure cleaning services,Calcorp Serv,205121.5,09 March 2026,3668
INV126644,Integrated security services,National Protective Services Pty. Ltd.,97495.58 AUD,31/12/2028,3686
INV126645,Integrated security services,National  Protective  Services  Pty  Ltd,0.1m,04/12/2025,3686
INV126646,Open spaces management - region 2,SERCO (AUS),"$236,438.63",26/08/10,3677
INV126647,Building maintenance services,Programmed Facility Management Pty. Ltd.,0.1m,17/11/2027,3630
INV126648,Vehicle tow away and impound services,Nationwide To,184840.52,31 July 2027,3585
INV126649,Open spaces management - region 1,Citywide Service Solutions Pty Ltd,9600.37 AUD,2028-04-16,3676
INV126650,Civil infrastructure services,Citywide Service Solutions P/L,77489.51,25/12/31,3665
INV126651,Tree management maintenance services,citywide service solutions pty ltd,0.0m,08-May-2026,3678
INV126652,Vehicle tow away and impound services,Nationwide Towing Services (AUS),232858.17,2028-04-03,3585
INV126653,Open spaces management - region 2,SERCO,235490.04,2027-09-16,3677
INV126654,Integrated security services,National Protective Services Pty Ltd (AUS),"$59,378.71",27/08/2029,3686
INV126655,Open spaces management - region 1,Citywide Service Solutions Pty Ltd,38171.15,15/09/2025,3676
INV126656,Street cleaning,Spotless,128175.98,29/04/2025,3669
INV126657,Parking technology services,Reino International P/L T/A Duncan Solutions,203753.36,31 December 2026,3623
INV126658,Street cleaning,Spotless Facility Services Pty Ltd,191070.08,30 April 2029,3669
INV126659,Management of Active Melbourne recreation facilities,Victorian YMCA Community Programming Pty Ltd (AUS),0.1m,2029-04-01,3615
INV126660,Vehicle tow away and impound services,NationwideTowingServices,"$154,783.76",27/01/12,3585
INV126661,Open spaces management - region 2,SERCO,91799.89,2026-10-12,3677
INV126662,Parking technology services,Reino  International  Pty  Ltd  T/A  Duncan  Solutions,67449.92 AUD,25/10/10,3623
INV126663,Graffiti management and pressure cleaning services,Calcorp Services Pty Ltd,80668.84,23/08/2028,3668
INV126664,Parking technology services,reino international pty ltd t/a duncan solutions,57206.64 AUD,15-Jan-2027,3623
INV126665,Vehicle tow away and impound services,Nationwide Towing Services,0.1m,13/11/2025,3585
INV126666,Management of Active Melbourne recreation facilities,Victorian YMCA Community Programming Pty Ltd,85222.15,12-Oct-2025,3615
INV126667,Building maintenance services,Programmed Facility Mgmt Pty Ltd,57592.14,26/11/17,3630
INV126668,Building maintenance services,Programmed  Facility  Management  Pty  Ltd,106698.11 AUD,24/08/2027,3630
INV126669,Melbourne Town Hall venue management,Showtime Event Group Pty Ltd (AUS),117745.21,2025-04-21, 
INV126670,Open spaces management - region 2,SERCO,236704.72 AUD,25 February 2026,3677
INV126671,Tree management maintenance services,Citywide Service Solutions Pty Ltd,208808.09,15-Mar-2026,3678
INV126672,Civil infrastructure services,Citywide  Service  Solutions  Pty  Ltd,169193.07,22 March 2025,3665
INV126673,Graffiti management and pressure cleaning services,Calcorp Services Pty Ltd,240716.62,12 May 2029,3668
INV126674,Integrated security services,Reino International Pty Ltd T/A Duncan Solutions (AUS),208940.45,30/12/2026,3623
INV126675,Graffiti management and pressure cleaning services,Calcorp Services Pty Ltd,217583.19,2028-01-03,3668
INV126676,Street cleaning,Spotless  Facility  Services  Pty  Ltd,"$215,312.52",10 April 2025,3669
INV126677,Waste management services,Cleanaway Waste M,137867.58,02 August 2029,3556
INV126678,Integrated security services,National Protective Services Pty. Ltd.,"$113,540.33",07 June 2028, 
INV126679,Open spaces management - region 1,citywide service solutions pty ltd,247777.98 AUD,14-May-2029,3676
INV126680,Building cleaning services,Menzies International (Aust) P/L,171349.06,25/08/29,3634
INV126681,Civil infrastructure services,Citywide  Service  Solutions  Pty  Ltd,"$160,264.98",2025-06-01,3665
INV126682,Building maintenance services,PROGRAMMED FACILITY MANAGEMENT PTY LTD,0.1m,10 March 2025,3630
INV126683,Building cleaning services,Menzies Internatio,16869.89,2029-09-12,3634
INV126684,Waste management services,Cleanaway Waste Management LTD,247819.58,12/09/2028,3556
INV126685,Building maintenance services,Programmed  Facility  Management  Pty  Ltd,164862.23 AUD,26-May-2027,3630
INV126686,Integrated security services,Calcorp Services P/L,0.1m,07 March 2029,3668
INV126687,Integrated security services,National Protective Services Pty Ltd,0.1m,14 June 2028,3686
INV126688,Open spaces management - region 2,serco,63246.75,29/09/16,3677
INV126689,Melbourne Town Hall venue management,showtime event group pty ltd,222691.12,2026-11-03,3670
INV126690,Building maintenance services,Programmed Facility Management Pty Ltd (AU),118412.01,21/06/2027,3630
INV126691,Tree management maintenance services,citywide service solutions pty ltd,"$67,639.97",03/03/2028,3678
INV126692,Building cleaning services,Menzies International (Aust) P/L,5652.97,05 May 2027,3634
INV126693,Open spaces management - region 1,Citywide  Service  Solutions  Pty  Ltd,228945.63 AUD,29 January 2025,3676
INV126694,Waste management services,Cleanaway Waste Management LTD,"$220,338.19",19 September 2029,3556
INV126695,Graffiti management and pressure cleaning services,Calcorp Services Pty. Ltd.,0.2m,28/06/2028, 
INV126696,Building cleaning services,Citywide Service Solutions Pty Ltd,83330.09,2027-12-30,3678
INV126697,Parking technology services,Reino International Pty. Ltd. T/A Duncan Solutions,8537.35,14/03/2029,3623
INV126698,Open spaces management - region 2,SERCO,17398.81,25/04/05,3677
INV126699,Parking technology services,reino international pty ltd t/a duncan solutions,218189.11,03-Feb-2029,3623
INV126700,Building maintenance services,Programmed  Facility  Management  Pty  Ltd,42268.43 AUD,04/01/2027,3630
INV126701,Street cleaning,SPOTLESS FACILITY SERVICES PTY LTD,93928.19,29/04/19,3669
INV126702,Parking technology services,Reino International Pty Ltd T/A Duncan Solutions,182965.52,26/10/21,3623
INV126703,Vehicle tow away and impound services,Nationwide Towing Services (AUS),"$125,411.3",25/02/13,3585
INV126704,Melbourne Town Hall venue management,SHOWTIME EVENT GROUP PTY LTD,0.1m,11/08/2025,3670
INV126705,Tree management maintenance services,Citywide Service Solutions Pty Ltd,227991.81,23 February 2027,3678
INV126706,Street cleaning,Spotless Facility Services Pty Ltd,91413.85 AUD,18/11/2027,3669
INV126707,Parking technology services,reino international pty ltd t/a duncan solutions,79692.27,17/01/2026,3623
INV126708,Building maintenance services,Calcorp rervices Pty Ltd,0.1m,04/07/2027,3668
INV126709,Graffiti management and pressure cleaning services,Calcorp Services Pty Ltd,13371.66 AUD,29/06/15,3668
INV126710,Open spaces management - region 2,SERCO,38833.35,20-Feb-2028, 
INV126711,Civil infrastructure services,Citywide Service Solutions Pty. Ltd.,"$93,463.38",27/03/20,3676
INV126712,Tree management maintenance services,Citywide Service Solutions Pty Ltd,34727.54,25/12/26,3678
INV126713,Open spaces management - region 1,CITYWIDE SERVICE SOLUTIONS PTY LTD,0.1m,02/09/2029,3676
INV126714,Waste management services,Cleanaway Waste Management Limited,2367.85,02-Apr-2027,3556
INV126715,Building cleaning services,SERCO,208458.12 AUD,04/04/2029,3677
INV126716,Vehicle tow away and impound services,Nationwide  Towing  Services,48259.7 AUD,13-Sep-2028,3585
INV126717,Civil infrastructure services,CitywideServiceSolutionsPtyLtd,70652.94 AUD,23-Dec-2027,3665
INV126718,Parking technology services,REINO INTERNATIONAL PTY LTD T/A DUNCAN SOLUTIONS,35843.32,28/09/18,3623
INV126719,Open spaces management - region 1,Citywide Service ,0.1m,17-Jul-2029, 
INV126720,Vehicle tow away and impound services,Nationwide Towing Services (AUS),19614.24,25/07/06,3585
INV126721,Tree management maintenance services,Citywide,193971.04,2028-05-06,3678
INV126722,Integrated security services,National Protective Services P/L,"$242,323.39",30-Jun-2028,3686
INV126723,Waste management services,Cleanaway Waste Management Limited,0.2m,28/06/22,3556
INV126724,Street cleaning,Spotless Facility Services Pty. Ltd.,191982.11,03 March 2028,3669
INV126725,Building cleaning services,Menzies Internatio,234685.33 AUD,25/04/15,3634
INV126726,Vehicle tow away and impound services,Nationwide Towing Services,"$241,835.64",29 April 2029,3585
INV126727,Graffiti management and pressure cleaning services,Calcorp Services Pty Ltd (AU),48505.58,04-Nov-2029,3668
INV126728,Open spaces management - region 2,SERCO,"$245,393.29",26/05/2025,3677
INV126729,Parking technology services,Reino International Pty. Ltd. T/A Duncan Solutions,"$153,016.97",09-Mar-2028,3623
INV126730,Open spaces management - region 1,CitywideServiceSolutionsPtyLtd,4948.57,27/06/16,3676
INV126731,Open spaces management - region 2,SERCO,236833.52,29/03/21, 
INV126732,Melbourne Town Hall venue management,Showtime  Event  Group  Pty  Ltd,38167.62,22/05/2028,3670
INV126733,Vehicle tow away and impound services,Nationwide Towing Services (AU),176867.17,2028-12-10,3585
INV126734,Management of Active Melbourne recreation facilities,Victorian Ymca Community Programming Pty Ltd,"$38,253.72",20/01/2028, 
INV126735,Open spaces management - region 2,SERCO,55299.69 AUD,20-Mar-2029,3677
INV126736,Open spaces management - region 2,SERCO,112388.25,22/01/2029,3677
INV126737,Vehicle tow away and impound services,NATIONWIDE TOWING SERVICES,0.2m,28/04/10,3585
INV126738,Melbourne Town Hall venue management,ShowtimeEventGroupPtyLtd,,09 December 2028,3670
INV126739,Integrated security services,National Protective Services Pty Ltd (AU),145216.43,09/08/2028,3686
INV126740,Waste management services,Cleanaway Waste Management Limited,155203.12 AUD,29/02/23,3556
INV126741,Open spaces management - region 1,Citywide Service Solutions Pty Ltd,183684.99 AUD,01-Nov-2025,3676
INV126742,Waste management services,Cleanaway Waste Management Ltd,46168.17,2026-08-28,3556
INV126743,Integrated security services,National Protective Services P/L,2847.93 AUD,26/05/18,3686
INV126744,Building maintenance services,ProgrammedFacilityManagementPtyLtd,83976.93,12/09/2028,3630
INV126745,Tree management maintenance services,CITYWIDE SERVICE SOLUTIONS PTY LTD,149415.87,28/02/17,3678
INV126746,Parking technology services,Reino International Pty. Ltd. T/A Duncan Solutions,89215.9 AUD,14 November 2029,3623
INV126747,Open spaces management - region 1,Citywide,248651.33,26/05/17,3676
INV126748,Melbourne Town Hall venue management,Showtige Event Group Pty Ltd,0.2m,23/01/2029, 
INV126749,Building cleaning services,Menzies,183424.93,04/08/2027,3634
INV126750,Waste management services,Cleanaway Waste Managemegt Limited,125339.24,27/12/10,3556
INV126751,Waste management services,Cleanaway Waste Management Limited (AUS),79072.58,24/05/2025,3556
INV126752,Graffiti management and pressure cleaning services,Calcorp Services P/L,,2028-04-21,3668
INV126753,Open spaces management - region 2,Serco,30863.56,29/10/02,3677
INV126754,Graffiti management and pressure cleaning services,CalcorpServicesPtyLtd,119557.47,2027-06-23,3668
INV126755,Graffiti management and pressure cleaning services,Citywide Service Solutions Pty Ltd (AU),4976.54,2028-10-31,3665
INV126756,Street cleaning,Spotless Facility Services P/L,141094.19 AUD,2025-09-21,3669
INV126757,Civil infrastructure services,Citywide,0.0m,27-Sep-2025,3676
INV126758,Open spaces management - region 1,CitywideServiceSolutionsPtyLtd,65673.55,01/12/2029,3676
INV126759,Parking technology services,Reino International Pty Ltd T/A Duncan Solutions,190113.3 AUD,28/08/04,3623
INV126760,Management of Active Melbourne recreation facilities,Victorian YMCA Community Programming Pty Ltd (AU),197749.37,2028-02-24,3615
INV126761,Open spaces management - region 2,SERCO (AUS),"$81,708.34",29/01/01,3677
INV126762,Vehicle tow away and impound services,NATIONWIDE TOWING SERVICES,"$206,858.82",27/09/14,3585
INV126763,Integrated security services,National Protectiv,230488.09,18 July 2026,3686
INV126764,Melbourne Town Hall venue management,Showtime Event Group Pty Ltd,72159.19,11/07/2028,3670
INV126765,Building maintenance services,CleanawayWasteManagementLimited,85085.39,22-Apr-2029,3556
INV126766,Open spaces management - region 1,CitywideServiceSolutionsPtyLtd,"$79,435.11",11 April 2027, 
INV126767,Graffiti management and pressure cleaning services,Calcorp Services Pty Ltd (AU),103852.97,05/07/2027,3668
INV126768,Management of Active Melbourne recreation facilities,Victorian YMCA Community Programming Pty Ltd (AU),129738.46 AUD,03 September 2029,3615
INV126769,Street cleaning,Spotless Facility,0.1m,24 September 2028,3669
INV126770,Open spaces management - region 1,Citywide Service Solutions P/L,0.2m,03-Oct-2027,3676
INV126771,Integrated security services,National Protective Services Pty Ltd (AUS),85436.45 AUD,29/12/01,3686
INV126772,Building cleaning services,Menzies International (Aust) Pty Ltd (AU),78480.51 AUD,19/08/2026,3634
INV126773,Tree management maintenance services,CitywideServiceSolutionsPtyLtd,"$228,117.1",27/08/2026,3678
INV126774,Tree management maintenance services,Citywide Service Solutions P/L,112859.35,2027-02-17,3678
INV126775,Open spaces management - region 1,Citywide,183191.53 AUD,27/02/19,3676
INV126776,Tree management maintenance services,Citywide Service Solutions Pty Ltd,148275.16,16-May-2026,3678
INV126777,Building maintenance services,Programmed Facility,169350.6,26/02/2025,3630
INV126778,Management of Active Melbourne recreation facilities,Victorian  YMCA  Community  Programming  Pty  Ltd,236780.91 AUD,28/07/09,3615
INV126779,Graffiti management and pressure cleaning services,Calcorp Services Pty Ltd (AU),"$197,988.25",26/10/24,3668
INV126780,Building maintenance services,Programmed Facility Management Pty Ltd (AUS),113087.41 AUD,13/02/2025,3630
INV126781,Street cleaning,Spotless Facility Services Pty Ltd (AUS),145065.34 AUD,11-Nov-2027,3669
INV126782,Building maintenance services,PROGRAMMED FACILITY MANAGEMENT PTY LTD,126787.88,25/06/11,3630
INV126783,Building maintenance services,Programmed Facility Management P/L,125143.71 AUD,09/09/2028,3630
INV126784,Melbourne Town Hall venue management,Showtime Event Group Pty Ltd,158204.27 AUD,06-May-2029, 
INV126785,Building maintenance services,ProgrammedFacilityManagementPtyLtd,"$7,503.95",09-Jul-2029,3630
INV126786,Melbourne Town Hall venue management,Showtime Event Group Pty Ltd,"$219,561.55",29/03/06,3670
INV126787,Vehicle tow away and impound services,Nationwide Towing Services (AU),"$165,615.65",16-Sep-2027,3585
INV126788,Integrated security services,National Protective Services Pty Ltd,"$114,727.57",28/10/09,3686
INV126789,Vehicle tow away and impound services,nationwide towing services,"$103,204.97",28/06/29,3585
INV126790,Graffiti management and pressure cleaning services,CALCORP SERVICES PTY LTD,15304.51,26-Feb-2027,3668
INV126791,Building maintenance services,PROGRAMMED FACILITY MANAGEMENT PTY LTD,64878.63,28/09/21,3630
INV126792,Tree management maintenance services,Citywide Service Solutions P/L,98347.03 AUD,27/09/01,3678
INV126793,Building cleaning services,Menzies International (Aust) P/L,58089.64,29/04/2028,3634
INV126794,Vehicle tow away and impound services,Nationwide Towing Services (AU),103363.78 AUD,02-Jan-2025,3585
INV126795,Vehicle tow away and impound services,NATIONWIDE TOWING SERVICES,246645.09,10/12/2027,3585
INV126796,Waste management services,Cleanaway Waste Mgmt Limited,38132.62 AUD,29/08/22,3556
INV126797,Management of Active Melbourne recreation facilities,Victorian YMCA Community Programming Pty. Ltd.,226565.53,26/07/01,3615
INV126798,Melbourne Town Hall venue management,Showtime Event Group Pty Ltd,"$205,024.08",2028-02-19,3670
INV126799,Parking technology services,Reino,20253.44,03 January 2027,3623
INV126800,Open spaces management - region 2,serco,1706.07 AUD,11/05/2029,3677
INV126801,Civil infrastructure services,Citywide Service Solutions Pty Ltd,,12/02/2026,3665
INV126802,Tree management maintenance services,Citywide Service Solutions Pty Ltd (AU),85743.51 AUD,2028-11-15,3678
INV126803,Integrated security services,National Protective Services Pty Ltd (AU),"$148,167.9",2029-01-24,3686
INV126804,Tree management maintenance services,Citywide Service bolutions Pty Ltd,204947.5,11/03/2029,3678
INV126805,Open spaces management - region 2,SERCO (AU),"$89,136.33",15/02/2028,3677
INV126806,Integrated security services,National Protective Sjrvices Pty Ltd,0.1m,25-Jun-2028,3686
INV126807,Tree management maintenance services,Citywide Service Solutions Pty Ltd,"$59,353.91",13-Feb-2028,3678
INV126808,Building cleaning services,Menzies International (Aust) Pty Ltd (AUS),241997.62,08 November 2026,3634
INV126809,Building maintenance services,Programmed Facility Mgmt Pty Ltd,134709.62,2027-04-30,3630
INV126810,Tree management maintenance services,Citywide Service Solutions Pty Ltd,0.2m,26/01/2026,3678
INV126811,Civil infrastructure services,Citywide Service Solutions Pty Ltd,14437.71 AUD,29/08/24,3665
INV126812,Melbourne Town Hall venue management,ShowtimeEventGroupPtyLtd,213203.95,28/11/2028,3670
INV126813,Melbourne Town Hall venue management,Showtime Event Group Pty Ltd,"$175,824.42",09-Apr-2026,3670
INV126814,Open spaces management - region 2,Serco,"$196,783.45",27/09/2028,3677
INV126815,Civil infrastructure services,Citywide Service Solutions Pty Ltd,100334.67 AUD,04-Aug-2027,3665
INV126816,Civil infrastructure services,Citywide Service Solitions Pty Ltd,26074.63 AUD,2027-10-03,3665
INV126817,Graffiti management and pressure cleaning services,CalcorpServicesPtyLtd,45756.84 AUD,29/07/29,3668
INV126818,Vehicle tow away and impound services,Nationwide Towing Services (AUS),172184.7 AUD,09/05/2025,3585
INV126819,Melbourne Town Hall venue management,Showtime,"$14,947.77",2029-02-12,3670
INV126820,Building maintenance services,Programmed Facility Management P/L,80920.32,29/04/2026,3630
INV126821,Vehicle tow away and impound services,Nationwide Towing Services,575.35,2025-09-24,3585
INV126822,Waste management services,Cleanaway Waste Mgmt Limited,"$205,559.35",26/06/2028,3556
INV126823,Graffiti management and pressure cleaning services,calcorp services pty ltd,81610.7,14/10/2029,3668
INV126824,Tree management maintenance services,Citywide  Service  Solutions  Pty  Ltd,248978.01 AUD,26/02/16,3678
INV126825,Waste management services,Cleanaway Waste Management Limited,21433.55 AUD,28/11/20,3556
INV126826,Street cleaning,SpotlessFacilityServicesPtyLtd,102730.87,2028-09-27,3669
INV126827,Building cleaning services,Menzies International (Aust) P/L,"$231,918.72",28 January 2027,3634
INV126828,Open spaces management - region 2,SERCO (AUS),43465.3 AUD,25/10/29,3677
INV126829,Melbourne Town Hall venue management,SHOWTIME EVENT GROUP PTY LTD,170263.12 AUD,2028-09-19,3670
INV126830,Building maintenance services,Programmed Facility Management P/L,"$242,206.07",20-Nov-2029,3630
INV126831,Integrated security services,National,118994.58 AUD,22/01/2027,3686
INV126832,Graffiti management and pressure cleaning services,CalcorpServicesPtyLtd,139663.95 AUD,16/09/2028,3668
INV126833,Civil infrastructure services,Citywide Service Solutions Pty. Ltd.,"$174,130.59",23/05/2027, 
INV126834,Management of Active Melbourne recreation facilities,Victorian YMCA Community Programming P/L,41378.17 AUD,16/07/2029,3615
INV126835,Waste management services,Cleanaway Waste Management Limited,166566.7,17-Jan-2029,3556
INV126836,Vehicle tow away and impound services,Nationwide Towing Services,0.1m,27-Mar-2028,3585
INV126837,Building maintenance services,Programmed Facility Management P/L,"$149,280.08",28-Apr-2027,3630
INV126838,Vehicle tow away and impound services,NATIONWIDE TOWING SERVICES,77606.69,17 March 2027,3585
INV126839,Tree management maintenance services,citywide service solutions pty ltd,42775.77,18 October 2025,3678
INV126840,Parking technology services,Reino International Pty jtd T/A Duncan Solutions,,30-Aug-2029,3623
INV126841,Melbourne Town Hall venue management,Showtime Event Group Pty Ltd,242694.4,,3670
INV126842,Vehicle tow away and impound services,Nationwide  Towing  Services,150018.86,31-Jan-2029,3585
INV126843,Building maintenance services,Programmed Facility Management Pty Ltd,245438.97 AUD,26/06/24,3630
INV126844,Open spaces management - region 2,SERCq,0.2m,02-Jun-2026,3677
INV126845,Waste management services,Cleanaway Waste banagement Limited,0.1m,06-Jun-2025, 
INV126846,Open spaces management - region 1,Citywide,86592.71,27/04/20,3678
INV126847,Parking technology services,Reino International P/L T/A Duncan Solutions,26851.07 AUD,01/06/2028,3623
INV126848,Civil infrastructure services,Citywide Service Solutions Pty Ltd (AU),"$192,682.78",03/12/2027,3665
INV126849,Integrated security services,NATIONAL PROTECTIVE SERVICES PTY LTD,1925.96 AUD,25/05/22,3686
INV126850,Parking technology services,Reino,67747.84,2027-03-13,3623
INV126851,Integrated security services,National Protective Services P/L,"$122,138.81",19-Jan-2029,3686
INV126852,Open spaces management - region 1,Citywide Service ,28820.98 AUD,15/03/2025,3665
INV126853,Melbourne Town Hall venue management,Showtime  Event  Group  Pty  Ltd,112458.19,2027-09-16,3670
INV126854,Waste management services,cleanaway waste management limited,"$54,269.04",03 May 2027,3556
INV126855,Waste management services,CLEANAWAY WASTE MANAGEMENT LIMITED,166959.47 AUD,02/07/2028,3556
INV126856,Integrated security services,National  Protective  Services  Pty  Ltd,"$181,008.2",14/05/2029,3686
INV126857,Melbourne Town Hall venue management,Showtime Event,5644.1,08/09/2029,3670
INV126858,Vehicle tow away and impound services,NATIONWIDE TOWING SERVICES,"$140,275.94",28/11/26,3585
INV126859,Integrated security services,National Protective Services Pty Ltd,66084.39,10/09/2025,3686
INV126860,Civil infrastructure services,Citywide Service Solutions Pty. Ltd.,180298.99,11-Jan-2027,3665
INV126861,Graffiti management and pressure cleaning services,Calcorp Services Pty Ltd,54257.8,07/05/2028, 
INV126862,Melbourne Town Hall venue management,Showtime Event Group Pty Ltd (AUS),162009.71,2029-12-14,3670
INV126863,Tree management maintenance services,Citywide Service Solutions qty Ltd,"$136,469.49",15/11/2025, 
INV126864,Building maintenance services,Programmed Facility Management P/L,"$61,137.09",22/08/2027,3630
INV126865,Melbourne Town Hall venue management,SHOWTIME EVENT GROUP PTY LTD,0.2m,27/07/14,3670
INV126866,Tree management maintenance services,Citywide Service Solutions Pty Ltd,0.0m,23/09/2025,3678
INV126867,Building cleaning services,Menzies International (Aust) Pty. Ltd.,"$88,595.47",01/03/2029,3634
INV126868,Building cleaning services,CALCORP SERVICES PTY LTD,230588.46,23/09/2025,3668
INV126869,Civil infrastructure services,Citywide Service Solutions Pty Ltd (AU),"$126,309.53",27/08/13,3665
INV126870,Tree management maintenance services,Citywide Service Solutiqns Pty Ltd,"$168,712.79",22-Mar-2027,3678
INV126871,Graffiti management and pressure cleaning services,CALCORP SERVICES PTY LTD,"$60,191.86",23 May 2028,3668
INV126872,Building maintenance services,Programmed Facility Management Pty Ltd (AU),76489.91,2029-11-15,3630
INV126873,Open spaces management - region 1,Citywide Service Solutions Pty Ltd,194189.99,14 May 2027,3676
INV126874,Waste management services,Cleanaway Waste Management Limited,53126.4,19/04/2025,3556
INV126875,Building cleaning services,Menzies International (Aust) Pty Ltd,13115.01,15 May 2025,3634
INV126876,Building maintenance services,Programmed Facility Management Pty. Ltd.,189497.37 AUD,19 April 2026,3630
INV126877,Management of Active Melbourne recreation facilities,Victorian YMCA Community Programming Pty Ltd,114507.74 AUD,2028-09-18,3615
INV126878,Building maintenance services,Showtime Event Group Pty. Ltd.,60846.06,22/01/2025, 
INV126879,Open spaces management - region 1,Citywide Service Solutions Pty Ltd,210222.34,20/01/2029,3676
INV126880,Building maintenance services,Programmed Facility Management Pty. Ltd.,0.2m,2028-02-10,3630
INV126881,Civil infrastructure services,Citywide Service Solutions P/L,0.1m,03 December 2027,3665
INV126882,Tree management maintenance services,citywide service solutions pty ltd,0.0m,2025-11-14,3678
INV126883,Waste management services,Cleanaway Waste M,207773.34 AUD,2029-02-11, 
INV126884,Waste management services,Cleanaway Waste M,245864.17,11 May 2028,3556
INV126885,Management of Active Melbourne recreation facilities,Victorian YMCA Community Programming Pty Ltd (AUS),198468.0,2025-07-28,3615
INV126886,Street cleaning,Spotless Facility Services Pty Ltd,153360.24 AUD,02-Jul-2025, 
INV126887,Tree management maintenance services,Citywide Service Solutions Pty Ltd,149298.77,2027-04-28,3678
INV126888,Building cleaning services,Menzies Int’l (Aust) Pty Ltd,49404.41,31 May 2025,3634
INV126889,Open spaces management - region 1,Citywide Service Solutions Pty Ltd,"$185,245.24",04 August 2028,3676
INV126890,Integrated security services,national protective services pty ltd,0.1m,18/09/2028,3686
INV126891,Waste management services,Cleanaway Waste Management LTD,"$221,966.74",15-May-2027,3556
INV126892,Civil infrastructure services,Citywide Service Solutions Pty Ltd (AUS),"$23,399.78",15/11/2028,3665
INV126893,Vehicle tow away and impound services,NationwideTowingServices,96213.51 AUD,22/03/2026,3585
INV126894,Waste management services,Cleanaway,"$71,058.28",29/06/10,3556
INV126895,Waste management services,cleanaway waste management limited,236535.7,24 July 2027,3556
INV126896,Building cleaning services,Menzies International (Aust) Pty Ltd (AU),"$245,572.84",09/10/2027,3634
INV126897,Building maintenance services,ProgrammedFacilityManagementPtyLtd,"$181,930.13",08-Dec-2028,3630
INV126898,Open spaces management - region 1,Citywide Service Solutions Pty. Ltd.,143636.05,14/10/2025, 
INV126899,Vehicle tow away and impound services,nationwide towing services,"$19,250.88",09/06/2028,3585
INV126900,Open spaces management - region 2,SERCO,170864.26,2026-08-25,3677
INV126901,Open spaces management - region 2,SERCO,48775.96 AUD,2028-10-18,3677
INV126902,Civil infrastructure services,Citywide Service Solutions Pty Ltd,"$247,819.17",22-Aug-2025,3665
INV126903,Building maintenance services,Programmed Facility Management Pty Ltd (AU),"$74,850.5",26/05/10,3630
INV126904,Open spaces management - region 2,National Protective Services Pty Ltd (AU),159942.99 AUD,19-Dec-2027,3686
INV126905,Integrated security services,National Protective Services Pty Ltd,"$57,285.5",20-Mar-2028,3686
INV126906,Parking technology services,Reino International Pty ,0.2m,07/03/2028,3623
INV126907,Waste management services,CLEANAWAY WASTE MANAGEMENT LIMITED,0.1m,28-Jul-2025,3556
INV126908,Parking technology services,Reino International P/L T/A Duncan Solutions,0.0m,07/05/2027,3623
INV126909,Waste management services,cleanaway waste management limited,176137.94,26/01/10,3556
INV126910,Open spaces management - region 2,serco,0.2m,05 March 2027,3677
INV126911,Melbourne Town Hall venue management,Showtime  Event  Group  Pty  Ltd,"$181,888.51",12 April 2026,3670
INV126912,Civil infrastructure services,CITYWIDE SERVICE SOLUTIONS PTY LTD,144887.04 AUD,2027-02-10,3665
INV126913,Building maintenance services,PROGRAMMED FACILITY MANAGEMENT PTY LTD,0.1m,12/06/2029,3630
INV126914,Building cleaning services,Menzies International (Asst) Pty Ltd,134620.14 AUD,24/12/2026,3634
INV126915,Building maintenance services,Programmed Facility Management P/L,99068.74,2028-11-18,3630
INV126916,Building maintenance services,Programmed Facility Mgmt Pty Ltd,"$38,636.16",16-Oct-2025,3630
INV126917,Graffiti management and pressure cleaning services,Calcorp Services Pty Ltd,96565.56 AUD,27 December 2025,3668
INV126918,Management of Active Melbourne recreation facilities,Victorian YMCA Community Programming Pty Ltd,189754.17 AUD,10/02/2028,3615
INV126919,Parking technology services,Reino Int’l Pty Ltd T/A Duncan Solutions,"$67,003.77",26/09/2025,3623
INV126920,Open spaces management - region 2,SERCO (AUS),"$165,126.07",30 December 2026,3677
INV126921,Melbourne Town Hall venue management,Showtime Event Group P/L,0.2m,16/08/2029,3670
INV126922,Management of Active Melbourne recreation facilities,Victorian Ymca Community Programming Pty Ltd,119962.31,30-Jan-2027,3615
INV126923,Open spaces management - region 2,SzRCO,0.2m,13 May 2028, 
INV126924,Waste management services,Cleanaway Waste Management Limited (AUS),"$120,883.59",22 September 2026,3556
INV126925,Open spaces management - region 1,Citywide Service Solutions Pty Ltd,61871.24,27/09/2028,3676
INV126926,Open spaces management - region 1,Citywide Service Solutions P/L,"$186,065.84",26/02/09,3676
INV126927,Street cleaning,Spotless Facility Services Pty Ltd (AU),"$122,959.36",2025-05-25,3669
INV126928,Building maintenance services,Programmed Facility Mgmt Pty Ltd,102898.66,26/11/04,3630
INV126929,Management of Active Melbourne recreation facilities,Victorian YMCA Community Programming Pty Ltd,0.2m,24-Dec-2027,3615
INV126930,Integrated security services,National Protective Services P/L,165872.42,15 March 2025,3686
INV126931,Tree management maintenance services,Citywide Service Solutions Pty Ltd (AUS),30912.56,11/02/2026,3678
INV126932,Open spaces management - region 2,serco,233717.32 AUD,06 July 2025,3677
INV126933,Building cleaning services,Menzies  International  (Aust)  Pty  Ltd,0.0m,08/09/2027,3634
INV126934,Street cleaning,Spotless Facility Services Pty. Ltd.,"$227,423.28",08/02/2029,3669
INV126935,Vehicle tow away and impound services,tationwide Towing Services,0.1m,2027-07-02,3585
INV126936,Waste management services,CleanawayWasteManagementLimited,0.1m,12/05/2025,3556
INV126937,Integrated security services,National Protective Services bty Ltd,240276.69,23-Mar-2028,3686
INV126938,Civil infrastructure services,Citywide Service Solutions Pty Ltd (AUS),4721.82,04/01/2027,3665
INV126939,Parking technology services,Reino International Pty Ltd T/A Duncan Solutions,195665.15 AUD,18/09/2026,3623
INV126940,Open spaces management - region 2,Showtime Event,0.2m,2025-08-26,3670
INV126941,Open spaces management - region 2,Serco,"$201,448.96",2027-07-26,3677
INV126942,Integrated security services,National  Protective  Services  Pty  Ltd,"$3,574.32",2025-09-07,3686
INV126943,Building cleaning services,Menzies International (Aust) Pty Ltd,0.1m,17/03/2027, 
INV126944,Graffiti management and pressure cleaning services,Calcorp Services Pty Ltd (AU),93021.49,2028-06-10,3668
INV126945,Open spaces management - region 2,SERCO,23051.02,24-Jun-2025,3677
INV126946,Open spaces management - region 1,Citywide Service Solutions Pty Ltd,0.0m,18/08/2029,3676
INV126947,Parking technology services,Reino Int’l Pty Ltd T/A Duncan Solutions,"$143,889.53",15 December 2025,3623
INV126948,Parking technology services,Reino International Pty Ltd T/A Duncan Solutions (AUS),0.2m,08 December 2026,3623
INV126949,Open spaces management - region 1,Citywide Service Solutions P/L,0.2m,29/09/14,3676
INV126950,Street cleaning,Spotless Facility Services P/L,172636.76 AUD,28/02/2028,3669
INV126951,Street cleaning,Spotless Facility Services Pty Ltd,"$203,068.25",27/07/18,3669
INV126952,Street cleaning,spotless facility services pty ltd,179926.78 AUD,17/08/2025,3669
INV126953,Open spaces management - region 1,Citywide Service Solutions P/L,0.2m,2027-08-21,3676
INV126954,Management of Active Melbourne recreation facilities,Victorian YMCA Community Programming Pty Ltd (AU),0.2m,27-Feb-2025,3615
INV126955,Waste management services,Cleanaway Waste Management Limited,"$229,028.24",2026-12-20,3556
INV126956,Building cleaning services,MENZIES INTERNATIONAL (AUST) PTY LTD,"$188,633.21",07/08/2028,3634
INV126957,Management of Active Melbourne recreation facilities,Victorian YMCA Community Programming Pty Ltd,138211.43,05 May 2028,3615
INV126958,Civil infrastructure services,Citywide,209509.17,2029-07-23,3665
INV126959,Building maintenance services,Programmed Facility Management P/L,134867.88 AUD,30 December 2026,3630
INV126960,Open spaces management - region 2,SERCO,"$134,698.33",2026-07-18,3677
INV126961,Melbourne Town Hall venue management,Showtime Event,83125.57,11 March 2028,3670
INV126962,Parking technology services,REINO INTERNATIONAL PTY LTD T/A DUNCAN SOLUTIONS,0.1m,2028-07-20,3623
INV126963,Melbourne Town Hall venue management,Showtime Event Group Pty Ltd,"$148,180.4",17-Feb-2026,3670
INV126964,Graffiti management and pressure cleaning services,Calcorp Services Pty Ltd,83075.62 AUD,30/08/2025,3668
INV126965,Management of Active Melbourne recreation facilities,CITYWIDE SERVICE SOLUTIONS PTY LTD,"$202,303.44",09-Nov-2027,3678
INV126966,Building maintenance services,Programmed Facility Management Pty Ltd,0.1m,2028-10-11,3630
INV126967,Integrated security services,Calcorp  Services  Pty  Ltd,221168.31,17/06/2026,3668
INV126968,Management of Active Melbourne recreation facilities,VICTORIAN YMCA COMMUNITY PROGRAMMING PTY LTD,245947.88,21-Oct-2027,3615
INV126969,Street cleaning,Spotless Facility,66766.96,16 August 2029,3669
INV126970,Management of Active Melbourne recreation facilities,Victorian,21908.12 AUD,2025-11-25,3615
INV126971,Open spaces management - region 2,SwRCO,213096.15,12-Mar-2029,3677
INV126972,Melbourne Town Hall venue management,Showtime Event Group Pty Ltd,33524.13 AUD,06/03/2028, 
INV126973,Building maintenance services,Programmed Facility Management Pty Ltd,"$11,202.75",23 April 2026,3630
INV126974,Graffiti management and pressure cleaning services,Calcorp Services Pty Ltd,81196.63 AUD,26/10/27,3668
INV126975,Melbourne Town Hall venue management,Showtime,137223.05 AUD,24/05/2028,3670
INV126976,Vehicle tow away and impound services,Nationwide Towing Services,65989.88,02/11/2028,3585
INV126977,Graffiti management and pressure cleaning services,Calcorp Services Pty Ltd (AUS),0.2m,2025-07-24,3668
INV126978,Building maintenance services,Programmed Facility Management Pty. Ltd.,52163.16,2029-12-19,3630
INV126979,Melbourne Town Hall venue management,Showtime,156073.19,29/10/07,3670
INV126980,Building cleaning services,Menzies International (Aust) Pty ptd,"$107,604.52",31/05/2028,3634
INV126981,Management of Active Melbourne recreation facilities,Victorian YMCA Community Programming Pty Ltd,,26/04/2027,3615
INV126982,Building maintenance services,Programmed Facility Management Pty Ltd,0.2m,11/04/2026,3630
INV126983,Tree management maintenance services,Citywide  Service  Solutions  Pty  Ltd,158684.98,2026-11-12,3678
INV126984,Management of Active Melbourne recreation facilities,Victorian Ymca Community Programming Pty Ltd,"$2,494.56",25/09/14,3615
INV126985,Building cleaning services,Menzies,235736.38,04/08/2027,3634
INV126986,Melbourne Town Hall venue management,Showtime Event,0.1m,,3670
INV126987,Integrated security services,National Protective Services Pty Ltd (AU),32584.62,27/09/29,3686
INV126988,Vehicle tow away and impound services,Nationwide Towing Services,238196.61,14-Aug-2028,3585
INV126989,Tree management maintenance services,CitywideServiceSolutionsPtyLtd,196808.47,2026-12-21,3678
INV126990,Waste management services,Cleanaway Waste Management Ltd,0.0m,19-May-2025,3556
INV126991,Graffiti management and pressure cleaning services,Calcorp Services Pty Ltd,"$99,474.67",2027-03-13,3668
INV126992,Integrated security services,National Protective Services Pty Ltd,198707.64 AUD,12/01/2028,3686
INV126993,Civil infrastructure services,Citywide Service ,0.2m,23-Aug-2029,3665
INV126994,Integrated security services,National Protective Services Pty. Ltd.,"$161,552.02",08/01/2028,3686
INV126995,Building maintenance services,Programmed Facility,39017.99 AUD,13-Mar-2025, 
INV126996,Open spaces management - region 2,SERCO,138258.18 AUD,06/05/2027,3677
INV126997,Parking technology services,Reino International Pty Ltd T/A Duncan Solutions (AU),25227.53,25-Apr-2029,3623
INV126998,Parking technology services,Reino International P/L T/A Duncan Solutions,28546.32,26/04/19,3623
INV126999,Tree management maintenance services,Citywide ServicetSolutions Pty Ltd,28878.37,12-Feb-2026,3678
INV127000,Waste management services,Cleanaway Waste Management Lbmited,21455.97,19/01/2029,3556
