InvoiceID,ContractTitle,Provider,InvoiceAmount,InvoiceDate,ContractNumber
INV152001,Open spaces management - region 1,CITYWIDE SERVICE SOLUTIONS PTY LTD,180748.67,08/03/2025,3676
INV152002,Open spaces management - region 2,Serco,77881.29,25 January 2027,3677
INV152003,Parking technology services,Reino Intl Pty Ltd T/A Duncan Solutions,187257.6,18/05/2027,3623
INV152004,Parking technology services,REINO INTERNATIONAL PTY LTD T/A DUNCAN SOLUTIONS,0.0m,11/01/2025,3623
INV152005,Vehicle tow away and impound services,Nationwide,0.1m,03-Nov-2025,3585
INV152006,Civil infrastructure services,citywide service solutions pty ltd,0.2m,2025-05-09,3665
INV152007,Vehicle tow away and impound services,Nationwide Towing Services,"$92,754.9",14/03/2026,3585
INV152008,Integrated security services,SERCO (AUS),"$141,140.86",12 July 2026,3677
INV152009,Building maintenance services,ProgrammedFacilityManagementPtyLtd,88886.43 AUD,09/05/2026,3630
INV152010,Tree management maintenance services,Citywide Service Solutions Pty Ltd (AU),0.2m,28/11/02,3678
INV152011,Open spaces management - region 2,SERCO (AUS),27678.02,15/10/2029,3677
INV152012,Graffiti management and pressure cleaning services,Calcorp Serv,191672.92,10-Nov-2025,3668
INV152013,Vehicle tow away and impound services,nationwide towing services,229064.83,28/01/12,3585
INV152014,Open spaces management - region 2,SERCO,124114.4,14 June 2025,3677
INV152015,Parking technology services,Reino International Pty Ltd T/A Duncan Solutions,"$23,111.34",17 November 2028,3623
INV152016,Civil infrastructure services,CitywideServiceSolutionsPtyLtd,248859.05 AUD,29/01/30,3665
INV152017,Open spaces management - region 1,Citywide  Service  Solutions  Pty  Ltd,116148.11,27-Jan-2027,3676
INV152018,Management of Active Melbourne recreation facilities,Victorian YMCA Community Programming Pty Ltd,204584.68 AUD,2029-11-19,3615
INV152019,Graffiti management and pressure cleaning services,Calcorp Serv,76139.48 AUD,22/08/2025,3668
INV152020,Building maintenance services,Programmgd Facility Management Pty Ltd,182337.93 AUD,27/05/28,3630
INV152021,Integrated security services,NationalProtectiveServicesPtyLtd,0.1m,26/05/30,3686
INV152022,Tree management maintenance services,CITYWIDE SERVICE SOLUTIONS PTY LTD,8421.76,26/07/2026,3678
INV152023,Tree management maintenance services,Citywide  Service  Solutions  Pty  Ltd,66911.66 AUD,08/01/2027,3678
INV152024,Building cleaning services,Menzies,49106.55,2029-10-01,3634
INV152025,Civil infrastructure services,Citywide Service Solutions P/L,"$34,355.91",09/11/2026,3676
INV152026,Vehicle tow away and impound services,menzies international (aust) pty ltd,0.2m,25-Dec-2029,3634
INV152027,Melbourne Town Hall venue management,Showtime Event Group Pty Ltd (AUS),"$130,960.4",21/07/2028,3670
INV152028,Management of Active Melbourne recreation facilities,Victorian  YMCA  Community  Programming  Pty  Ltd,187762.93,03/12/2025,3615
INV152029,Integrated security services,National Protecpive Services Pty Ltd,0.2m,2027-09-23,3686
INV152030,Open spaces management - region 1,Citywide Service Solutions Pty Ltd,0.2m,20/04/2027,3676
INV152031,Building maintenance services,Programmed,"$31,721.27",16/05/2025,3630
INV152032,Civil infrastructure services,Citywide Service ,67543.62,03/06/2029,3665
INV152033,Open spaces management - region 1,Citywide Service Solutions Pty Ltd (AU),0.1m,2029-05-09,3676
INV152034,Tree management maintenance services,Citywide  Service  Solutions  Pty  Ltd,197476.57 AUD,05-Jun-2029,3678
INV152035,Tree management maintenance services,citywide service solutions pty ltd,87113.02,18-Aug-2027, 
INV152036,Building cleaning services,Menzies International (Aust) Pty Ltd,"$214,880.2",26/04/2028,3634
INV152037,Melbourne Town Hall venue management,Showtime  Event  Group  Pty  Ltd,17215.11,2025-12-22,3670
INV152038,Building cleaning services,Menzies,"$159,036.71",2026-03-04,3634
INV152039,Vehicle tow away and impound services,Nationwide Towing Services (AUS),68436.06 AUD,06/03/2029,3585
INV152040,Vehicle tow away and impound services,Nationwide Towing Services,"$214,837.8",13 December 2025,3585
INV152041,Building maintenance services,Programmed Facility Management Pty Ltd,4708.65 AUD,17/03/2025,3630
INV152042,Parking technology services,Reino International Pty Ltd T/A Duncan Solutions,0.2m,29/06/2027,3623
INV152043,Open spaces management - region 1,citywide service solutions pty ltd,121025.44 AUD,25 January 2025, 
INV152044,Civil infrastructure services,serco,213068.52 AUD,07-Nov-2026,3677
INV152045,Street cleaning,Programmed Facility Mgmt Pty Ltd,"$31,729.49",06/03/2028,3630
INV152046,Tree management maintenance services,Citywide Service Solutions Pty. Ltd.,"$227,192.88",19/09/2029,3678
INV152047,Tree management maintenance services,Citywide Service Solutions Pty Ltd,236185.52,27 August 2026,3678
INV152048,Building cleaning services,Menzies International (Aust) Pty Ltd (AU),59307.3,,3634
INV152049,Street cleaning,Spotless Facility Services P/L,135041.08,25/04/14,3669
INV152050,Street cleaning,Spotless Facility Services Pty Ltd (AU),97564.37,2026-02-26,3669
INV152051,Street cleaning,Spotless Facility Services Pty. Ltd.,213312.09,02/06/2029,3669
INV152052,Open spaces management - region 2,SERCO (AU),"$148,506.23",29/11/22,3677
INV152053,Open spaces management - region 1,Citywide Service Solutions P/L,"$82,604.17",29/05/2025,3676
INV152054,Open spaces management - region 1,Citywide  Service  Solutions  Pty  Ltd,"$177,161.67",04/08/2029,3676
INV152055,Tree management maintenance services,Citywide Service Solutions P/L,6792.92 AUD,07/03/2029,3678
INV152056,Building maintenance services,ProgrammedFacilityManagementPtyLtd,161564.38,29/01/14,3630
INV152057,Building cleaning services,Menzies  International  (Aust)  Pty  Ltd,161062.4 AUD,06-Oct-2026,3634
INV152058,Melbourne Town Hall venue management,showtime event group pty ltd,249144.89 AUD,27/07/09,3670
INV152059,Management of Active Melbourne recreation facilities,Victorian  YMCA  Community  Programming  Pty  Ltd,3163.45,25/06/2028,3615
INV152060,Waste management services,Cleanaway Waste Management Limited,"$146,030.57",05 November 2029,3556
INV152061,Tree management maintenance services,Citywide  Service  Solutions  Pty  Ltd,"$144,823.84",10 February 2029,3678
INV152062,Melbourne Town Hall venue management,Showtime Event Group Pty Ltd,123393.84,2028-04-09,3670
INV152063,Street cleaning,spotless facility services pty ltd,"$19,756.46",25-May-2027,3669
INV152064,Street cleaning,Spotless Facility,185237.23,26/07/14,3669
INV152065,Graffiti management and pressure cleaning services,Calcorp Services Pty Ltd,208221.12,13 May 2025,3668
INV152066,Open spaces management - region 1,Citywide Service ,"$192,135.21",08-Dec-2028,3676
INV152067,Open spaces management - region 2,SERCO,"$137,490.69",29/06/13,3677
INV152068,Building cleaning services,menzies international (aust) pty ltd,1180.62 AUD,2027-10-03,3634
INV152069,Civil infrastructure services,CitywideServiceSolutionsPtyLtd,0.1m,26/02/17,3665
INV152070,Parking technology services,Reino Internationay Pty Ltd T/A Duncan Solutions,58493.37,17 March 2026,3623
INV152071,Melbourne Town Hall venue management,Showtime Event Group P/L,226535.49,12/10/2026,3670
INV152072,Management of Active Melbourne recreation facilities,Victorian YMCA Community Programming P/L,0.1m,25-May-2026,3615
INV152073,Parking technology services,Reino International P/L T/A Duncan Solutions,20373.91,25-Feb-2026,3623
INV152074,Graffiti management and pressure cleaning services,Calcorp Services Pty. Ltd.,"$244,832.88",11-Jun-2028,3668
INV152075,Waste management services,CLEANAWAY WASTE MANAGEMENT LIMITED,0.1m,30/09/2027,3556
INV152076,Waste management services,Cleanaway Waste Management LTD,0.1m,29/02/10,3556
INV152077,Vehicle tow away and impound services,Nationwide Towing Services,145787.84 AUD,2027-02-28,3585
INV152078,Waste management services,Cleanaway Waste Management Limited (AU),237741.37,27/03/15,3556
INV152079,Graffiti management and pressure cleaning services,Calcorp  Services  Pty  Ltd,"$75,346.34",15/12/2029,3668
INV152080,Waste management services,cleanaway waste management limited,"$28,030.63",2026-06-26,3556
INV152081,Management of Active Melbourne recreation facilities,Victorian YMCA Communi,65481.71 AUD,04-Jun-2025, 
INV152082,Waste management services,Cleabaway Waste Management Limited,38086.0 AUD,2025-06-16,3556
INV152083,Vehicle tow away and impound services,Nationwide Towing Services,170209.68,26/05/26,3585
INV152084,Tree management maintenance services,Citywide,"$142,392.85",2025-07-23,3678
INV152085,Tree management maintenance services,Citywide Service Solutions Pty Ltd (AUS),0.2m,29/06/15,3678
INV152086,Management of Active Melbourne recreation facilities,Nationwide Towing Services,"$213,996.04",26/04/14,3585
INV152087,Management of Active Melbourne recreation facilities,Victorian YMCA Community Programming Pty Ltd (AU),58984.04,25/01/27, 
INV152088,Open spaces management - region 1,Citywide Service Solutions Pty Ltd (AU),228179.42,26/11/26,3676
INV152089,Civil infrastructure services,CitywideServiceSolutionsPtyLtd,"$98,931.4",02/02/2025,3665
INV152090,Street cleaning,Spotless Facility Services Pty. Ltd.,177198.51,25/05/28,3669
INV152091,Street cleaning,Spotless Facility Services P/L,0.2m,13 November 2025,3669
INV152092,Vehicle tow away and impound services,Nationwide Towing Services,0.0m,22 September 2027,3585
INV152093,Waste management services,Cleanaway Waste M,178724.04,10/02/2025,3556
INV152094,Integrated security services,National Protectiv,50485.72 AUD,2026-02-21,3686
INV152095,Civil infrastructure services,Citywide  Service  Solutions  Pty  Ltd,119264.48,16/07/2027,3665
INV152096,Integrated security services,national protective services pty ltd,241879.61 AUD,2028-03-18,3686
INV152097,Building cleaning services,Menzies Int’l (Aust) Pty Ltd,124575.36 AUD,,3634
INV152098,Open spaces management - region 2,SERCO,25121.7,10/12/2027,3677
INV152099,Vehicle tow away and impound services,NATIONWIDE TOWING SERVICES,"$245,541.03",11/05/2028, 
INV152100,Vehicle tow away and impound services,NATIONWIDE TOWING SERVICES,167517.24,26/02/12,3585
INV152101,Civil infrastructure services,Citywide,"$44,701.43",24/11/2027, 
INV152102,Integrated security services,National Protectiv,0.1m,16-Jun-2027,3686
INV152103,Street cleaning,Spotlexs Facility Services Pty Ltd,32011.85,02-Jan-2029,3669
INV152104,Building cleaning services,Menzies International (Aust) Pty Ltd,80752.73 AUD,,3634
INV152105,Management of Active Melbourne recreation facilities,Victorian YMCA Communi,113000.67,15/02/2025,3615
INV152106,Integrated security services,Citywide Service Solutions Pty. Ltd.,58157.92,25/03/22,3676
INV152107,Parking technology services,Reino International Pty Ltd v/A Duncan Solutions,"$240,663.1",08-Jun-2026,3623
INV152108,Vehicle tow away and impound services,Nationwide To,"$76,877.09",24/09/2029,3585
INV152109,Open spaces management - region 2,SqRCO,135116.55,19/10/2025,3677
INV152110,Vehicle tow away and impound services,NATIONWIDE TOWING SERVICES,247451.21 AUD,18-Apr-2025,3585
INV152111,Tree management maintenance services,Citywide Service Solutions Pty Ltl,5144.56,27/01/30,3678
INV152112,Integrated security services,National Protective Services P/L,0.1m,29/11/2029,3686
INV152113,Building cleaning services,Menzies International (Aust) Pty Ltd,175422.52,03/03/2027,3634
INV152114,Management of Active Melbourne recreation facilities,Victorian YMCA Community Programming Pty Ltd,0.2m,25/08/05,3615
INV152115,Street cleaning,Spotless Facility Services Pty Ltd,140221.98,07 August 2028,3669
INV152116,Parking technology services,Reino International Pty Ltd T/A Duncan Solutions (AUS),0.2m,11/03/2028,3623
INV152117,Melbourne Town Hall venue management,Showtime Event Graup Pty Ltd,0.1m,29/08/25,3670
INV152118,Building cleaning services,Menzies International (Aust) P/L,0.0m,16/03/2029,3634
INV152119,Integrated security services,National  Protective  Services  Pty  Ltd,115609.63 AUD,13/09/2029,3686
INV152120,Vehicle tow away and impound services,NATIONWIDE TOWING SERVICES,106700.73 AUD,2027-01-03,3585
INV152121,Parking technology services,reino international pty ltd t/a duncan solutions,122343.35 AUD,2025-06-25,3623
INV152122,Parking technology services,Reino International Pty. Ltd. T/A Duncan Solutions,247905.36,27 February 2027,3623
INV152123,Street cleaning,Spotless Facility Services Pty Ltd (AUS),187359.0 AUD,07/06/2029,3669
INV152124,Tree management maintenance services,CitywideServiceSolutionsPtyLtd,0.2m,2025-02-04,3678
INV152125,Graffiti management and pressure cleaning services,Calcorp Services Pty Ltd,116133.2,10/03/2025, 
INV152126,Street cleaning,Spotless Ffcility Services Pty Ltd,154380.35,27/04/23,3669
INV152127,Integrated security services,National  Protective  Services  Pty  Ltd,169035.96,19/12/2029,3686
INV152128,Waste management services,CleanawayWasteManagementLimited,113683.94 AUD,12/09/2028,3556
INV152129,Street cleaning,Spotless,151659.95,26/12/07,3669
INV152130,Melbourne Town Hall venue management,Showtime  Event  Group  Pty  Ltd,188210.29,02/09/2026, 
INV152131,Building cleaning services,Menzies  International  (Aust)  Pty  Ltd,232062.59,2028-03-31,3634
INV152132,Open spaces management - region 1,CitywideServiceSolutionsPtyLtd,"$41,275.33",25/09/04,3676
INV152133,Open spaces management - region 2,SERCl,0.1m,27/08/12,3677
INV152134,Integrated security services,National Protective Services Pty. Ltd.,202562.52,20-Jul-2029,3686
INV152135,Street cleaning,Spotless Facility,0.0m,23-Mar-2028,3669
INV152136,Vehicle tow away and impound services,Nationwide Towing Services (AUS),"$24,185.05",25/03/14,3585
INV152137,Building cleaning services,Menzies International (Aust) P/L,217641.76 AUD,28/02/08, 
INV152138,Waste management services,Cleanaway Waste Management Limited (AUS),60656.11,12-Jan-2028,3556
INV152139,Civil infrastructure services,Citywide Service Solutions Pty Ltd,225988.96 AUD,28/02/15,3665
INV152140,Parking technology services,REINO INTERNATIONAL PTY LTD T/A DUNCAN SOLUTIONS,75841.66,06 July 2025,3623
INV152141,Street cleaning,Spotless Facility Services P/L,0.0m,27/03/16,3669
INV152142,Integrated security services,National Protectiv,213535.74,28/08/13,3686
INV152143,Graffiti management and pressure cleaning services,Calcorp Services Pty Ltd,34325.93,27/09/2026,3668
INV152144,Graffiti management and pressure cleaning services,Calcorp Services Pty Ltd,"$212,795.66",29/05/29,3668
INV152145,Melbourne Town Hall venue management,Showtime Event,25788.72,2025-07-17,3670
INV152146,Street cleaning,Spotless Facility Services Pty Ltd,141257.09,15 December 2025,3669
INV152147,Tree management maintenance services,CITYWIDE SERVICE SOLUTIONS PTY LTD,"$3,324.59",18-Sep-2029,3678
INV152148,Management of Active Melbourne recreation facilities,Victorian YMCA Community Programming Pty Ltd,143826.25,25 February 2026,3615
INV152149,Melbourne Town Hall venue management,Showtime Event Group Pty Ltd,192762.7 AUD,26/09/2028,3670
INV152150,Integrated security services,National  Protective  Services  Pty  Ltd,241776.4,13 June 2025,3686
INV152151,Vehicle tow away and impound services,Nationwide TowingiServices,205673.3,2025-09-03,3585
INV152152,Management of Active Melbourne recreation facilities,Victorian  YMCA  Community  Programming  Pty  Ltd,0.2m,25/10/19,3615
INV152153,Integrated security services,National,204170.89,29/06/08,3686
INV152154,Parking technology services,reino international pty ltd t/a duncan solutions,"$177,574.37",25/05/2029,3623
INV152155,Parking technology services,Reino Int’l Pty Ltd T/A Duncan Solutions,158820.57,19/11/2026,3623
INV152156,Management of Active Melbourne recreation facilities,Victorian YMCA Community Programming Pty. Ltd.,62524.5,09-Jun-2029,3615
INV152157,Building maintenance services,Programmed Facility Management Pty Ltd (AUS),0.1m,27/11/17,3630
INV152158,Building maintenance services,Programmed Faiility Management Pty Ltd,61175.06 AUD,31/01/2028,3630
INV152159,Parking technology services,Reino International Pty Ltd T/A Duncan Solutions,60696.03 AUD,26/09/12,3623
INV152160,Open spaces management - region 2,Victorian YzCA Community Programming Pty Ltd,0.1m,27/12/14,3615
INV152161,Integrated security services,National,155612.23,18/01/2027,3686
INV152162,Vehicle tow away and impound services,Nationwide Towing Services,202414.85 AUD,2029-11-05,3585
INV152163,Parking technology services,Showtime Event Group Pty Ltd,31327.37,06-Sep-2025,3670
INV152164,Integrated security services,National Protective Services P/L,51165.01 AUD,06/10/2025,3686
INV152165,Building cleaning services,Menzies International (Aust) Pty. Ltd.,"$148,749.95",17/08/2026, 
INV152166,Integrated security services,National Protective Services Pty. Ltd.,187346.29,05/04/2027,3686
INV152167,Street cleaning,Spotless Facility Services Pty Ltd,0.2m,10/10/2027, 
INV152168,Street cleaning,Spotless Facility Services Pty Ltd,117312.92,2029-05-26,3669
INV152169,Street cleaning,Spotless  Facility  Services  Pty  Ltd,5880.86 AUD,30/05/2026,3669
INV152170,Open spaces management - region 2,SERCO,"$42,142.28",27/07/05,3677
INV152171,Building maintenance services,PROGRAMMED FACILITY MANAGEMENT PTY LTD,0.1m,21-Jan-2027,3630
INV152172,Open spaces management - region 1,Citywide Service Solutions Pty. Ltd.,"$141,310.2",25 April 2026,3676
INV152173,Graffiti management and pressure cleaning services,Calcorp Services Pty Ltd,38369.67,02-Aug-2026,3668
INV152174,Open spaces management - region 1,citywide service solutions pty ltd,225484.15 AUD,20/10/2029,3676
INV152175,Open spaces management - region 2,Serco,4937.31,2025-06-21,3677
INV152176,Open spaces management - region 1,Citywide Service ,55070.71,2027-09-05,3676
INV152177,Management of Active Melbourne recreation facilities,Victorian YMCA Community Programming Pty Ltd,167000.32 AUD,26/01/13,3615
INV152178,Parking technology services,ReinoInternationalPtyLtdT/ADuncanSolutions,0.0m,2025-05-18,3623
INV152179,Integrated security services,National Protective Services P/L,"$115,623.42",29/07/31,3686
INV152180,Open spaces management - region 1,Citywide Service Solutions Pty. Ltd.,46897.29,27/01/07,3676
INV152181,Civil infrastructure services,Citywide Service Solutions Pty Ltd,"$141,428.5",28 February 2029,3665
INV152182,Open spaces management - region 1,Citywide,"$42,372.72",20-Apr-2026,3676
INV152183,Open spaces management - region 1,Citywide Service ,0.2m,19/05/2026,3676
INV152184,Graffiti management and pressure cleaning services,Calcorp Services P/L,0.2m,27/08/23,3668
INV152185,Civil infrastructure services,Citywide,139575.18,11/03/2029,3665
INV152186,Management of Active Melbourne recreation facilities,victorian ymca community programming pty ltd,168663.83,22 August 2029, 
INV152187,Melbourne Town Hall venue management,Showtime Event Group Pty Ltd (AUS),0.2m,2029-06-02,3670
INV152188,Graffiti management and pressure cleaning services,Calcorp Services Pty Ltd (AU),1809.77,21 December 2029,3668
INV152189,Civil infrastructure services,Citywide Service Solutions Pty Ltd (AU),221125.45 AUD,2026-03-17,3665
INV152190,Civil infrastructure services,Citywide Service Solutions Pty Ltd,"$222,520.75",07 April 2029,3665
INV152191,Open spaces management - region 1,Citywide Service Solutions Pty Ltd (AUS),"$179,657.94",24/02/2025,3676
INV152192,Graffiti management and pressure cleaning services,Calcorp Serv,0.0m,2029-01-09, 
INV152193,Open spaces management - region 1,Citywide Service Solutions Pty Ltd (AU),,31/03/2025,3676
INV152194,Graffiti management and pressure cleaning services,Calcorp Services P/L,122317.05,02/03/2029,3668
INV152195,Graffiti management and pressure cleaning services,Calcorp Services Pty Ltd,222649.9,13/01/2025,3668
INV152196,Building cleaning services,Cleanaway Waste Management Limited (AU),6895.13,,3556
INV152197,Vehicle tow away and impound services,Nationwide Towing Services,107999.86,12 October 2028,3585
INV152198,Integrated security services,National Protective Services Pty Ltd (AU),36185.83,07 March 2027,3686
INV152199,Open spaces management - region 2,serco,"$150,514.16",08/08/2027,3677
INV152200,Waste management services,Cleanaway Waste Management Limited (AU),,11/10/2026,3556
INV152201,Building cleaning services,Menzies International (Aust) Pty Ltd (AUS),"$111,442.35",27/11/03,3634
INV152202,Street cleaning,Spotless Facility Services Pty Ltd,44870.45,04/07/2026,3669
INV152203,Civil infrastructure services,citywide service solutions pty ltd,165789.71,18/07/2028,3665
INV152204,Integrated security services,National Protective Services Pty Ltd (AU),236404.74,05/11/2025,3686
INV152205,Parking technology services,Reino International Pty Ltd T/A Duncan Solutions (AU),"$105,017.37",25-Nov-2028,3623
INV152206,Vehicle tow away and impound services,Nationwide Towing Services,210145.48,03 September 2029,3585
INV152207,Melbourne Town Hall venue management,showtime event group pty ltd,0.1m,23/10/2028,3670
INV152208,Civil infrastructure services,CitywideServiceSolutionsPtyLtd,176220.44 AUD,03/12/2028,3665
INV152209,Management of Active Melbourne recreation facilities,Victorian YMCA Community Programming Pty Ltd (AU),"$211,153.46",04/08/2026,3615
INV152210,Building cleaning services,Menzies International (Aust) P/L,8411.06,2026-12-16, 
INV152211,Street cleaning,spotless facility services pty ltd,35272.79 AUD,,3669
INV152212,Open spaces management - region 2,SERCO,237038.01,27/01/2026,3677
INV152213,Civil infrastructure services,Citywide Service Solutions P/L,224594.78,22-Aug-2026,3665
INV152214,Civil infrastructure services,Citywide,30557.89 AUD,30-Aug-2029,3665
INV152215,Civil infrastructure services,Citywide Service Solutitns Pty Ltd,"$110,215.87",03/12/2026,3665
INV152216,Building maintenance services,Programmed Facility Mgmt Pty Ltd,126820.47,21/04/2028, 
INV152217,Integrated security services,National Protective Services Pty Ltd,"$37,500.88",30/08/2027, 
INV152218,Open spaces management - region 1,CITYWIDE SERVICE SOLUTIONS PTY LTD,212775.1 AUD,26/08/14,3676
INV152219,Melbourne Town Hall venue management,showtime event group pty ltd,"$232,089.04",18/06/2026,3670
INV152220,Open spaces management - region 2,NationwideTowingServices,22599.48 AUD,11 September 2027,3585
INV152221,Civil infrastructure services,CITYWIDE SERVICE SOLUTIONS PTY LTD,13669.86 AUD,16/03/2027,3665
INV152222,Building maintenance services,PROGRAMMED FACILITY MANAGEMENT PTY LTD,0.1m,2025-10-07,3630
INV152223,Street cleaning,Spotless Facility Services Pty Ltd,0.1m,26/12/2029,3669
INV152224,Tree management maintenance services,Citywide Service Solutions Pty Ltd (AU),,29/12/21,3678
INV152225,Vehicle tow away and impound services,nationwide towing services,181849.29,29/07/01,3585
INV152226,Open spaces management - region 2,SERCO (AUS),0.2m,07-Aug-2025,3677
INV152227,Waste management services,Cleanaway Waste Management Limited,0.0m,19-Nov-2028,3556
INV152228,Tree management maintenance services,Spstless Facility Services Pty Ltd,167401.78,31 August 2026,3669
INV152229,Open spaces management - region 1,Citywide Service Solutions Pty Ltd,0.0m,14/01/2026,3676
INV152230,Integrated security services,National,"$150,481.23",2029-06-23,3686
INV152231,Building cleaning services,Menzies Intl (Aust) Pty Ltd,163878.06 AUD,05/05/2027,3634
INV152232,Street cleaning,SpotlessFacilityServicesPtyLtd,207957.41 AUD,18/05/2026, 
INV152233,Parking technology services,Reino Int’l Pty Ltd T/A Duncan Solutions,202134.87,05-Oct-2026,3623
INV152234,Melbourne Town Hall venue management,SHOWTIME EVENT GROUP PTY LTD,"$181,339.51",2025-04-27,3670
INV152235,Integrated security services,National,47902.91,08 December 2028,3686
INV152236,Open spaces management - region 1,Citywide Service Solutions Pty Ltd,94382.79,24/02/2028,3676
INV152237,Building cleaning services,Menzies International (Aust) Pty Ltd,0.2m,26/08/10,3634
INV152238,Graffiti management and pressure cleaning services,Calcorp,14466.56,23/02/2028,3668
INV152239,Melbourne Town Hall venue management,Showtime Event,21313.91 AUD,21/08/2028,3670
INV152240,Waste management services,Cleanaway Waste Management Limited,0.1m,17-Nov-2029,3556
INV152241,Street cleaning,Spotless  Facility  Services  Pty  Ltd,0.1m,15/12/2028,3669
INV152242,Vehicle tow away and impound services,Nationwide Towing Services,"$70,761.61",20/03/2028,3585
INV152243,Graffiti management and pressure cleaning services,Calcorp Services Pty Ltd,"$147,245.71",03/04/2028,3668
INV152244,Vehicle tow away and impound services,Nationwide Towing Services,185294.88 AUD,16-May-2025,3585
INV152245,Building cleaning services,MenziesInternational(Aust)PtyLtd,18572.26,30/08/2025,3634
INV152246,Management of Active Melbourne recreation facilities,Victorian YMCA Community Programming Pty Ltd (AU),230690.88 AUD,2025-04-11,3615
INV152247,Waste management services,Cleanawal Waste Management Limited,0.1m,15/06/2025,3556
INV152248,Open spaces management - region 2,Serco,"$24,644.17",09/12/2025,3677
INV152249,Management of Active Melbourne recreation facilities,Victorian YMCA Community Programming Pty Ltd (AU),94484.8,19 February 2028,3615
INV152250,Management of Active Melbourne recreation facilities,victorian ymca community programming pty ltd,0.2m,26/03/11,3615
INV152251,Open spaces management - region 2,SERCO (AUS),64305.78,28/06/06,3677
INV152252,Management of Active Melbourne recreation facilities,Victorian YMCA Community Programming Pty Ltd,131310.34,30-Dec-2029, 
INV152253,Civil infrastructure services,Citywide Service Solutions Pty Ltd (AU),106850.4 AUD,11 February 2026,3665
INV152254,Tree management maintenance services,Citywide Service Solutions Pty Ltd,137872.35 AUD,31 January 2029,3678
INV152255,Management of Active Melbourne recreation facilities,Victorian,62429.09,09 June 2029,3615
INV152256,Street cleaning,Spotless Facility Services Pty Ltd (AU),149539.42,26 June 2025,3669
INV152257,Open spaces management - region 2,Serco,141910.51,23/12/2029,3677
INV152258,Parking technology services,Reino,201427.55,04/07/2028,3623
INV152259,Graffiti management and pressure cleaning services,Calcorp Services Pty Ltd,84926.38 AUD,17 August 2026, 
INV152260,Building maintenance services,Programmed Facility Mgmt Pty Ltd,109352.58,31-Dec-2028,3630
INV152261,Graffiti management and pressure cleaning services,Calcorp Services P/L,"$162,781.07",30-May-2025,3668
INV152262,Integrated security services,NationalProtectiveServicesPtyLtd,66428.41,2025-11-02,3686
INV152263,Integrated security services,National Protective Serqices Pty Ltd,209957.85 AUD,01/01/2025,3686
INV152264,Open spaces management - region 1,Citywide Service Solutions Pty Ltd,148803.66,06-Aug-2028,3676
INV152265,Open spaces management - region 2,SERCO,0.2m,17-Aug-2028, 
INV152266,Building cleaning services,MenziesInternational(Aust)PtyLtd,"$134,199.17",16/04/2026,3634
INV152267,Vehicle tow away and impound services,NATIONWIDE TOWING SERVICES,123404.68,09/04/2029,3585
INV152268,Parking technology services,Reino International Pty Ltd T/A Duncan Solutions,136702.62,10-Apr-2026,3623
INV152269,Street cleaning,Spotless Facility Services Pty Ltd (AU),0.1m,29/05/28,3669
INV152270,Waste management services,Cleanaway Waste M,0.1m,15-Sep-2025,3556
INV152271,Open spaces management - region 2,SERCO,0.1m,17-Apr-2028,3677
INV152272,Open spaces management - region 1,Citywide Service Solutions Pty. Ltd.,16166.88,10/01/2027,3676
INV152273,Waste management services,Cleanaway Waste Management LTD,212870.91,2025-11-02,3556
INV152274,Building maintenance services,Programmed  Facility  Management  Pty  Ltd,"$201,276.42",08/07/2029,3630
INV152275,Parking technology services,REINO INTERNATIONAL PTY LTD T/A DUNCAN SOLUTIONS,20650.39,27-Dec-2026,3623
INV152276,Open spaces management - region 2,SERCO (AUS),"$237,059.26",12 December 2025,3677
INV152277,Street cleaning,Spotless Facility Services Pty Ltd (AUS),53118.62,30/08/2027,3669
INV152278,Open spaces management - region 1,Citywide Service Solutions Pty Ltd,244469.67 AUD,14-Mar-2028, 
INV152279,Parking technology services,Reino International Pty Ltd T/A Duncan Solutions,"$17,728.45",2025-06-07,3623
INV152280,Tree management maintenance services,Citywide Service ,81580.13,2027-12-31,3678
INV152281,Waste management services,Cleanaway Waste M,"$35,546.89",27/07/16,3556
INV152282,Graffiti management and pressure cleaning services,calcorp services pty ltd,142281.01,25-Aug-2027,3668
INV152283,Tree management maintenance services,Menzies  International  (Aust)  Pty  Ltd,"$238,723.97",04-Dec-2025,3634
INV152284,Integrated security services,National Protective Services P/L,189135.43 AUD,25/06/13,3686
INV152285,Tree management maintenance services,Citywide Service Solutions Pty Ltd,62752.34,23/09/2025, 
INV152286,Building cleaning services,Menzies Int’l (Aust) Pty Ltd,134111.29,29 April 2027,3634
INV152287,Parking technology services,ReinoInternationalPtyLtdT/ADuncanSolutions,197594.57 AUD,12 April 2029,3623
INV152288,Civil infrastructure services,Citywide Service Solutions Pty Ltd,0.1m,29/10/17,3665
INV152289,Graffiti management and pressure cleaning services,Calcorp Services Pty Ltd (AU),172219.69 AUD,2028-05-09,3668
INV152290,Vehicle tow away and impound services,Nationwide Towing Services (AU),194079.37,21/11/2026,3585
INV152291,Building maintenance services,Programmed Facility Management P/L,62519.49,13/04/2029,3630
INV152292,Civil infrastructure services,Calcorp Services Pty Ltd (AU),"$17,379.15",06/12/2029,3668
INV152293,Street cleaning,spotless facility services pty ltd,0.2m,2025-05-08,3669
INV152294,Graffiti management and pressure cleaning services,Calcorp Services Pty Ltd,72279.79,2027-10-18,3668
INV152295,Parking technology services,Reino International Pty Ltd T/A Duncan Solutions,238496.06,24/11/2029,3623
INV152296,Building cleaning services,MenziesInternational(Aust)PtyLtd,47073.12,2028-11-20,3634
INV152297,Building maintenance services,Prograkmed Facility Management Pty Ltd,231707.39,06/06/2028,3630
INV152298,Building maintenance services,Programmed  Facility  Management  Pty  Ltd,0.2m,26/09/09,3630
INV152299,Street cleaning,Spotless Facility Services Pty Ltd (AUS),57235.09,2030-01-01,3669
INV152300,Building cleaning services,menzies international (aust) pty ltd,,2028-09-02,3634
INV152301,Tree management maintenance services,CITYWIDE SERVICE SOLUTIONS PTY LTD,"$163,391.89",07/07/2029,3678
INV152302,Civil infrastructure services,Citywide Service Solutions P/L,"$68,068.45",27-Apr-2028,3665
INV152303,Open spaces management - region 1,CITYWIDE SERVICE SOLUTIONS PTY LTD,133203.63 AUD,06-Jun-2029,3676
INV152304,Vehicle tow away and impound services,Nationwide  Towing  Services,0.1m,03/03/2025,3585
INV152305,Graffiti management and pressure cleaning services,CalcorpServicesPtyLtd,113765.76 AUD,26/03/10,3668
INV152306,Waste management services,Cleanaway Waste Management Limited (AUS),211621.61 AUD,12 March 2028,3556
INV152307,Street cleaning,Spotless Facility Services Pty Ltd,"$196,576.72",04/03/2026,3669
INV152308,Waste management services,Cleanaway Waste Management Limited,"$145,706.27",2028-08-05,3556
INV152309,Tree management maintenance services,Citywide Service Solutions Pty. Ltd.,235125.13,29/02/22,3678
INV152310,Vehicle tow away and impound services,Nationwide To,0.0m,10/08/2025,3585
INV152311,Parking technology services,Reino International Pty Ltd T/A Duncan Solutions (AU),225172.53,24/07/2025,3623
INV152312,Vehicle tow away and impound services,Nationwide Towing Services (AUS),"$237,745.58",2029-03-20,3585
INV152313,Open spaces management - region 2,SERCO (AUS),227298.58,2028-12-08,3677
INV152314,Building maintenance services,Programmed Facility Management P/L,0.2m,27/02/24,3630
INV152315,Civil infrastructure services,Citywide Service Solutions Pty Ltd,"$84,635.42",22/11/2028,3665
INV152316,Vehicle tow away and impound services,CLEANAWAY WASTE MANAGEMENT LIMITED,0.0m,13-Nov-2025,3556
INV152317,Waste management services,Cleanaway Waste Management LTD,2354.59 AUD,27/11/20,3556
INV152318,Building cleaning services,Menzies,71263.0,14/07/2027,3634
INV152319,Parking technology services,Reino International Pty. Ltd. T/A Duncan Solutions,0.1m,07-Jan-2025,3623
INV152320,Street cleaning,Spotless Facility Services P/L,91555.28 AUD,2025-03-06,3669
INV152321,Parking technology services,Reino Int’l Pty Ltd T/A Duncan Solutions,59984.13 AUD,04-Apr-2028,3623
INV152322,Building maintenance services,Programmed Facility Management Pty Ltd,0.1m,23-Jul-2028,3630
INV152323,Building maintenance services,Programmed Facility Management Pty Ltd (AUS),0.2m,15/02/2027,3630
INV152324,Integrated security services,National  Protective  Services  Pty  Ltd,7958.73 AUD,19/12/2029,3686
INV152325,Street cleaning,Spotless Facility Services P/L,134588.08,06/03/2029,3669
INV152326,Integrated security services,National Protective Services Pty Ltd,0.1m,01 July 2025,3686
INV152327,Vehicle tow away and impound services,Nationwide  Towing  Services,18576.36 AUD,2025-07-26,3585
INV152328,Integrated security services,NationalProtectiveServicesPtyLtd,"$56,521.27",12/07/2029,3686
INV152329,Building maintenance services,ProgrammedFacilityManagementPtyLtd,219184.79,2025-12-08, 
INV152330,Tree management maintenance services,Citywide,0.2m,24 June 2025,3678
INV152331,Civil infrastructure services,Citywide Service Solutions Pty Ltd (AU),"$226,333.05",2027-04-18,3665
INV152332,Open spaces management - region 1,Citywide  Service  Solutions  Pty  Ltd,0.0m,06 September 2025,3676
INV152333,Melbourne Town Hall venue management,Showtime,61872.9 AUD,01 February 2025,3670
INV152334,Waste management services,CLEANAWAY WASTE MANAGEMENT LIMITED,0.2m,16-Feb-2025,3556
INV152335,Waste management services,Cleanaway,54947.66,18/05/2028,3556
INV152336,Street cleaning,SPOTLESS FACILITY SERVICES PTY LTD,198224.24,28/06/2027,3669
INV152337,Tree management maintenance services,Citywide,30633.48,28/03/08,3678
INV152338,Civil infrastructure services,Citywide Service Solutions Pty Ltd (AU),20140.13,29/07/01,3665
INV152339,Management of Active Melbourne recreation facilities,Victorian YMCA Community Programming Pty Ltd (AU),27803.47,23/06/2028,3615
INV152340,Management of Active Melbourne recreation facilities,Victorian YMCA Community Programming P/L,168214.82,10 June 2026,3615
INV152341,Open spaces management - region 1,CitywideServiceSolutionsPtyLtd,57266.24,2026-03-28,3676
INV152342,Parking technology services,Reino International PtyeLtd T/A Duncan Solutions,25056.0,08/08/2029,3623
INV152343,Melbourne Town Hall venue management,Showtime Event Group Pty Ltd (AUS),"$49,875.1",19/06/2029,3670
INV152344,Civil infrastructure services,Citywide Service Solutions Pty Ltd,0.0m,27/02/25,3665
INV152345,Melbourne Town Hall venue management,Showtime Event Group Pty Ltd (AUS),37142.43 AUD,29 December 2027,3670
INV152346,Parking technology services,Reino International P/L T/A Duncan Solutions,"$7,741.54",16/04/2028,3623
INV152347,Vehicle tow away and impound services,Nationwide,0.1m,26 February 2025,3585
INV152348,Tree management maintenance services,Citywide Service Solutions Pty Ltd,227569.88,29-Nov-2028,3678
INV152349,Integrated security services,National,120662.71 AUD,2028-09-26,3686
INV152350,Street cleaning,Spotless Facility Services Pty. Ltd.,211536.71,2026-09-05,3669
INV152351,Waste management services,Cleanaway  Waste  Management  Limited,219276.75,21/12/2027,3556
INV152352,Vehicle tow away and impound services,Nationwide Towing Services,0.1m,29/06/2027, 
INV152353,Waste management services,CLEANAWAY WASTE MANAGEMENT LIMITED,,,3556
INV152354,Building cleaning services,Menzies Internatio,233737.65 AUD,16/03/2025,3634
INV152355,Melbourne Town Hall venue management,SHOWTIME EVENT GROUP PTY LTD,63495.12,25 June 2027,3670
INV152356,Graffiti management and pressure cleaning services,Calcorp  Services  Pty  Ltd,0.1m,18-Aug-2025,3668
INV152357,Management of Active Melbourne recreation facilities,Spotless Facility Services Pty Ltd (AU),189398.1 AUD,11 December 2028,3669
INV152358,Open spaces management - region 2,SERCO,184753.25 AUD,29-Jun-2025,3677
INV152359,Melbourne Town Hall venue management,Showtime Event,"$181,591.84",29/05/2028,3670
INV152360,Tree management maintenance services,Citywide Service ,"$83,854.16",12-May-2029,3678
INV152361,Parking technology services,Reino International Pty. Ltd. T/A Duncan Solutions,7762.81,13/12/2025,3623
INV152362,Parking technology services,REINO INTERNATIONAL PTY LTD T/A DUNCAN SOLUTIONS,53514.14,11/02/2028,3623
INV152363,Parking technology services,Reino International Pty ,229762.96 AUD,13 June 2027,3623
INV152364,Vehicle tow away and impound services,NATIONWIDE TOWING SERVICES,58402.08,2026-05-16,3585
INV152365,Graffiti management and pressure cleaning services,Calcorp  Services  Pty  Ltd,"$239,294.14",13-Jun-2026,3668
INV152366,Open spaces management - region 1,Citywide Service Solutions Pty Ltd (AUS),15998.87,24/12/2026,3676
INV152367,Civil infrastructure services,CitywideServiceSolutionsPtyLtd,0.1m,29 October 2029,3665
INV152368,Melbourne Town Hall venue management,Showtime Event Group Pty Ltd,176809.45 AUD,04/08/2027,3670
INV152369,Building maintenance services,Programmed Facility Management Pty Ltd (AU),110267.03,2029-04-15,3630
INV152370,Tree management maintenance services,Citywide Service Solutions Pty Ltd (AUS),0.2m,27/08/2028,3678
INV152371,Civil infrastructure services,Citywide Service ,0.2m,27-Dec-2029,3665
INV152372,Open spaces management - region 1,Citywide Service SolutionsiPty Ltd,151781.59 AUD,12 May 2028,3676
INV152373,Waste management services,Cleanaway Waste Management Limited,0.2m,15/05/2029,3556
INV152374,Tree management maintenance services,citywide service solutions pty ltd,102511.72,04 August 2026,3678
INV152375,Vehicle tow away and impound services,Nationwide Towing Services,75820.56,08/05/2027, 
INV152376,Open spaces management - region 1,Citywide Service Solutions Pty Ltd,215394.05,25 June 2029,3676
INV152377,Tree management maintenance services,Programmed Facility,"$114,872.32",29/04/2026,3630
INV152378,Graffiti management and pressure cleaning services,Calcorp Services Pty. Ltd.,0.2m,2025-02-01,3668
INV152379,Integrated security services,NationalProtectiveServicesPtyLtd,247995.41 AUD,21 July 2027,3686
INV152380,Melbourne Town Hall venue management,Showtime Event,98929.07 AUD,15/12/2026,3670
INV152381,Tree management maintenance services,CitywideServiceSolutionsPtyLtd,104336.84,2028-10-27,3678
INV152382,Waste management services,Cleanaway Waste Management Limited,0.2m,09/02/2025,3556
INV152383,Vehicle tow away and impound services,Nationwide Towing Services,"$16,028.27",13/09/2026,3585
INV152384,Management of Active Melbourne recreation facilities,victorian ymca community programming pty ltd,47696.89,27/07/2029, 
INV152385,Street cleaning,Citywide Service Solutions Pty Ltd (AU),28659.93,29/11/05,3665
INV152386,Integrated security services,National Protective Services Pty Ltd,0.0m,04-Sep-2025,3686
INV152387,Building maintenance services,Programmed Facility Management Pty Ltd (AU),"$154,221.94",2025-04-09,3630
INV152388,Management of Active Melbourne recreation facilities,Victorian YMCA Community Programming P/L,81896.64,25/08/2026,3615
INV152389,Melbourne Town Hall venue management,showtime event group pty ltd,"$123,563.41",03 March 2025,3670
INV152390,Parking technology services,Reino Intl Pty Ltd T/A Duncan Solutions,88982.74 AUD,26/10/2027,3623
INV152391,Waste management services,Cleanaway Waste M,65637.9 AUD,10/08/2028,3556
INV152392,Open spaces management - region 2,SERCO (AUS),69043.44,2025-08-27,3677
INV152393,Parking technology services,Reino International Pty Ltd T/A Duncan Solutions,"$223,252.61",2026-05-07,3623
INV152394,Tree management maintenance services,Citywide Service Solutions Pty Ltd,0.2m,13 August 2027,3678
INV152395,Integrated security services,National Protective Services P/L,175590.1,02/09/2029,3686
INV152396,Management of Active Melbourne recreation facilities,Victorian,239257.29,2025-01-17,3615
INV152397,Building cleaning services,Menzies Internatio,0.1m,31/05/2028,3634
INV152398,Management of Active Melbourne recreation facilities,Victorian YMCA Community Programming Pty Ltd,33038.66,2025-12-19,3615
INV152399,Civil infrastructure services,Citywide Service Solutions Pty Ltd,0.1m,23 October 2029,3665
INV152400,Building cleaning services,Menzies Internatio,,2028-03-10,3634
INV152401,Civil infrastructure services,Citywide Service Solutions Pty Ltd,138254.92,10/12/2026,3665
INV152402,Management of Active Melbourne recreation facilities,Victorian  YMCA  Community  Programming  Pty  Ltd,"$163,382.91",25/03/13,3615
INV152403,Management of Active Melbourne recreation facilities,Victorian YMCA Community Programming Pty Ltd (AUS),186007.89 AUD,27/11/11,3615
INV152404,Integrated security services,National Protective Services Pty Ltd,212945.94,13/08/2026,3686
INV152405,Vehicle tow away and impound services,Nationwide Towing Services (AU),0.1m,2026-04-05,3585
INV152406,Building cleaning services,Menzies International (Aust) Pty Ltd,191712.53,2025-03-27,3634
INV152407,Building maintenance services,Programmed  Facility  Management  Pty  Ltd,124946.3 AUD,19-Jan-2026,3630
INV152408,Management of Active Melbourne recreation facilities,VictorianYMCACommunityProgrammingPtyLtd,205547.24 AUD,02/03/2025,3615
INV152409,Vehicle tow away and impound services,Nationwide Towing Services,52589.55,27-Jun-2028,3585
INV152410,Graffiti management and pressure cleaning services,calcorp services pty ltd,0.2m,28 November 2027,3668
INV152411,Graffiti management and pressure cleaning services,Calcorp Services Pty Ltd (AUS),161509.13,16/06/2029,3668
INV152412,Management of Active Melbourne recreation facilities,Victorian YMtA Community Programming Pty Ltd,214561.47 AUD,25/12/2028,3615
INV152413,Vehicle tow away and impound services,Nationwide Toding Services,"$186,370.42",06/08/2027,3585
INV152414,Civil infrastructure services,Citywide Service ,0.0m,16-May-2029,3665
INV152415,Open spaces management - region 1,Citywide Service Solutions Pty. Ltd.,63711.78,24-Aug-2026,3676
INV152416,Civil infrastructure services,Citywide Service Solutions Pty Ltd (AUS),0.1m,01-Oct-2026,3665
INV152417,Waste management services,Cleanaway Waste M,0.0m,01/06/2028,3556
INV152418,Management of Active Melbourne recreation facilities,VictorianYMCACommunityProgrammingPtyLtd,81768.1,21 July 2028,3615
INV152419,Melbourne Town Hall venue management,Showtime  Event  Group  Pty  Ltd,0.0m,30/01/2029,3670
INV152420,Tree management maintenance services,Citywide,0.2m,2026-06-07,3678
INV152421,Integrated security services,NATIONAL PROTECTIVE SERVICES PTY LTD,86005.24,14-May-2027,3686
INV152422,Melbourne Town Hall venue management,SHOWTIME EVENT GROUP PTY LTD,203516.51,14-Dec-2029,3670
INV152423,Open spaces management - region 2,SERCO,"$200,036.51",13 October 2027,3677
INV152424,Graffiti management and pressure cleaning services,Calcorp Services Pty Ltd,135960.93,11/04/2026,3668
INV152425,Tree management maintenance services,Citywide,243565.1,08/07/2026,3678
INV152426,Open spaces management - region 2,SERCO,0.2m,22/06/2026,3677
INV152427,Building maintenance services,Programmed,206954.61 AUD,03-Jan-2028,3630
INV152428,Graffiti management and pressure cleaning services,calcorp services pty ltd,205572.02,29/12/13,3668
INV152429,Integrated security services,National Protective Services Pty Ltd (AUS),190629.85,29/06/11,3686
INV152430,Integrated security services,Menzies International (Aust) Pty Ltd (AUS),153666.92,31 January 2025,3634
INV152431,Building cleaning services,Menzies,238990.14,12 January 2026, 
INV152432,Building cleaning services,menzies international (aust) pty ltd,202498.57,2026-12-16,3634
INV152433,Street cleaning,Spotless Facility Services Pty Ltd (AU),163604.03,,3669
INV152434,Building maintenance services,Programmed Facility Management P/L,63387.45,11/10/2028,3630
INV152435,Waste management services,cleanaway waste management limited,138850.72 AUD,12-Mar-2027,3556
INV152436,Integrated security services,national protective services pty ltd,8679.22,26/02/21,3686
INV152437,Tree management maintenance services,CitywidefService Solutions Pty Ltd,0.2m,20/01/2027,3678
INV152438,Building cleaning services,Menzies Internatio,204860.15 AUD,28/09/2026,3634
INV152439,Melbourne Town Hall venue management,SHOWTIME EVENT GROUP PTY LTD,248951.29,25/08/13,3670
INV152440,Building maintenance services,Programmed Facility Management Pty Ltd (AUS),0.0m,13/02/2028, 
INV152441,Melbourne Town Hall venue management,Showtime Event Group Pty Ltd,"$10,258.96",01-Jun-2026,3670
INV152442,Civil infrastructure services,Citywide Service Solutions Pty Ltd (AU),5100.73,01/07/2028,3665
INV152443,Building maintenance services,Programmed Facility Management PtyzLtd,"$221,468.86",29/05/04,3630
INV152444,Open spaces management - region 2,SERCO,188799.5,11/11/2026,3677
INV152445,Melbourne Town Hall venue management,Showtime Event,0.1m,09/03/2027,3670
INV152446,Waste management services,cleanaway waste management limited,206686.56 AUD,25/05/2028,3556
INV152447,Parking technology services,Reino International Pty Ltd T/A Duncan Solutions (AU),43313.05,21-Nov-2027,3623
INV152448,Tree management maintenance services,CitywideServiceSolutionsPtyLtd,190236.85 AUD,29/10/03,3678
INV152449,Tree management maintenance services,Reino International Pty. Ltd. T/A Duncan Solutions,188488.3,2027-09-02,3623
INV152450,Integrated security services,NationalProtectiveServicesPtyLtd,0.1m,10-May-2028,3686
INV152451,Open spaces management - region 1,Citywide Service Solutions P/L,126263.76,25/03/2029,3676
INV152452,Vehicle tow away and impound services,Cleanaway  Waste  Management  Limited,"$92,025.91",05/01/2027,3556
INV152453,Graffiti management and pressure cleaning services,Calcorp,171550.41 AUD,25/01/23, 
INV152454,Tree management maintenance services,Citswide Service Solutions Pty Ltd,0.1m,01 September 2027,3678
INV152455,Integrated security services,National,151878.15,2029-11-04,3686
INV152456,Integrated security services,National Protective Services Pty. Ltd.,"$77,456.82",2029-12-28,3686
INV152457,Open spaces management - region 2,SERCO,"$22,359.19",20 June 2027,3677
INV152458,Civil infrastructure services,Citywide Service Solutions Pty Ltd,134487.91,2026-01-31,3665
INV152459,Graffiti management and pressure cleaning services,Calcorp,0.0m,2029-06-22,3668
INV152460,Building cleaning services,Menzies International (Aust) Pty. Ltd.,0.2m,2027-08-02,3634
INV152461,Building maintenance services,Programmed Facility Management Pty Ltd (AU),59987.28,05 March 2027,3630
INV152462,Vehicle tow away and impound services,Nationwide  Towing  Services,"$71,755.49",11-Aug-2029,3585
INV152463,Open spaces management - region 2,SERCO,38946.84,29/05/25,3677
INV152464,Building maintenance services,Programmed Facility Mgmt Pty Ltd,,2029-03-10,3630
INV152465,Building cleaning services,menzies international (aust) pty ltd,100801.62,16-Jan-2025,3634
INV152466,Melbourne Town Hall venue management,Showtxme Event Group Pty Ltd,"$24,095.74",28/06/27,3670
INV152467,Management of Active Melbourne recreation facilities,Victorian YMCA Community Programming Pty Ltd (AUS),"$9,546.59",29 July 2026,3615
INV152468,Graffiti management and pressure cleaning services,Calcorp Serviczs Pty Ltd,119779.39 AUD,04 January 2026,3668
INV152469,Integrated security services,National Protective Services Pty Ltd,136433.73,2028-05-14,3686
INV152470,Tree management maintenance services,Citywide  Service  Solutions  Pty  Ltd,155962.53 AUD,2029-12-09,3678
INV152471,Open spaces management - region 1,CitywideServiceSolutionsPtyLtd,72330.87,12/08/2028,3676
INV152472,Vehicle tow away and impound services,NationwideTowingServices,91936.39,06-Apr-2026, 
INV152473,Integrated security services,NATIONAL PROTECTIVE SERVICES PTY LTD,195441.88,2028-10-08,3686
INV152474,Street cleaning,spotless facility services pty ltd,91544.31,15/11/2028,3669
INV152475,Melbourne Town Hall venue management,Showtime,0.0m,22/06/2027,3670
INV152476,Waste management services,CLEANAWAY WASTE MANAGEMENT LIMITED,18146.82,31/07/2026,3556
INV152477,Melbourne Town Hall venue management,Showtime Event Group P/L,"$175,959.78",02 September 2028,3670
INV152478,Graffiti management and pressure cleaning services,Calcorp,115587.13,05/03/2027,3668
INV152479,Waste management services,Cleanaway Waste Management Limited,244826.24 AUD,16 July 2027,3556
INV152480,Graffiti management and pressure cleaning services,CalcorpServicesPtyLtd,"$65,412.08",26/08/03,3668
INV152481,Open spaces management - region 2,SERCO,5235.95,30 September 2028,3677
INV152482,Street cleaning,Spotless Facility Services Pty Ltd,"$67,395.7",15 October 2028,3669
INV152483,Vehicle tow away and impound services,Cleanaway Waste Mgmt Limited,"$171,564.6",26 July 2027,3556
INV152484,Management of Active Melbourne recreation facilities,Victorian YMCA Community Programming Pty. Ltd.,128343.55,29/03/28,3615
INV152485,Graffiti management and pressure cleaning services,Calcorp Services Pty Ltd,169204.65,2026-01-10,3668
INV152486,Building cleaning services,Menzies International (Aust) Pty Ltd,,02/02/2025,3634
INV152487,Tree management maintenance services,CitywideServiceSolutionsPtyLtd,154958.3,03 December 2029,3678
INV152488,Street cleaning,SpotlessFacilityServicesPtyLtd,85041.4 AUD,13/01/2028,3669
INV152489,Vehicle tow away and impound services,Nationwide To,10230.6 AUD,25-Jan-2027,3585
INV152490,Parking technology services,National Protective Services Ptn Ltd,14884.33,12 July 2028,3686
INV152491,Tree management maintenance services,Citywide Service Solutions Pty Ltd (AU),72121.65,02/07/2028,3678
INV152492,Vehicle tow away and impound services,Nationwide Towing Services,139556.17,26 October 2027,3585
INV152493,Building maintenance services,Programmed Facility Management Pty Ltd,0.1m,27/05/2028,3630
INV152494,Parking technology services,Reino International Pty. Ltd. T/A Duncan Solutions,128677.38,31 March 2027,3623
INV152495,Waste management services,Cleanaway,0.1m,17-Dec-2029,3556
INV152496,Open spaces management - region 1,Citywide Service Solutions Pty. Ltd.,0.1m,13 May 2028,3676
INV152497,Tree management maintenance services,CitywideServiceSolutionsPtyLtd,0.1m,29 April 2026,3678
INV152498,Vehicle tow away and impound services,NationwideTowingServices,0.2m,2026-05-01,3585
INV152499,Management of Active Melbourne recreation facilities,Victorian YMCA Community Programming Pty. Ltd.,0.2m,12/08/2025,3615
INV152500,Open spaces management - region 1,Citywide Service Solutions Pty Ltd (AUS),4061.99 AUD,28/07/2029,3676
INV152501,Street cleaning,Spotless Facility Services Pty Ltd,52263.97,19/12/2026,3669
INV152502,Vehicle tow away and impound services,Nationwide  Towing  Services,191770.37,14/11/2028,3585
INV152503,Civil infrastructure services,Citywide,164287.39,29/03/2028,3665
INV152504,Building cleaning services,Menzies Internationad (Aust) Pty Ltd,1019.52 AUD,26/03/06,3634
INV152505,Open spaces management - region 1,Citywide Service Solutions Pty Ltd,0.1m,19-Jan-2029,3676
INV152506,Melbourne Town Hall venue management,Showtime Event Group P/L,"$194,373.05",28/03/04,3670
INV152507,Open spaces management - region 2,SERCO (AUS),0.1m,03/02/2028,3677
INV152508,Tree management maintenance services,Citywide,224337.22,2028-10-28,3678
INV152509,Tree management maintenance services,Citywide Service Solutions P/L,"$182,620.72",13-Nov-2025, 
INV152510,Open spaces management - region 1,Citywide,149973.26,2025-03-07,3676
INV152511,Building maintenance services,Showtime Event Group Pty Ltd,"$14,082.86",24/11/2028,3670
INV152512,Management of Active Melbourne recreation facilities,Victorian YMCA Community Programming Pty. Ltd.,38000.06,20 December 2028,3615
INV152513,Melbourne Town Hall venue management,Showtime Event Group Pty Ltd,22850.12,01/05/2025,3670
INV152514,Vehicle tow away and impound services,Nationwide,0.2m,2029-02-27,3585
INV152515,Parking technology services,Reino International Pty Ltd T/A Duncan Solutions,0.2m,03/02/2028,3623
INV152516,Graffiti management and pressure cleaning services,CALCORP SERVICES PTY LTD,0.0m,26/04/27,3668
INV152517,Open spaces management - region 2,SERCO (AU),105180.9,08/08/2028,3677
INV152518,Parking technology services,REINO INTERNATIONAL PTY LTD T/A DUNCAN SOLUTIONS,"$197,767.63",11/11/2029,3623
INV152519,Open spaces management - region 1,Citywide Service Solutions Pty Ltd,0.0m,15 September 2025,3676
INV152520,Tree management maintenance services,CitywideServiceSolutionsPtyLtd,"$85,045.07",25/12/20,3678
INV152521,Graffiti management and pressure cleaning services,CalcorpServicesPtyLtd,125611.98 AUD,2027-12-23,3668
INV152522,Open spaces management - region 1,Citywide  Service  Solutions  Pty  Ltd,215543.23,27/08/04,3676
INV152523,Building cleaning services,Menzies  International  (Aust)  Pty  Ltd,0.0m,02-Oct-2025,3634
INV152524,Vehicle tow away and impound services,nationwide towing services,198159.58 AUD,28/09/17,3585
INV152525,Tree management maintenance services,CitywideServiceSolutionsPtyLtd,53377.77,03-Dec-2029,3678
INV152526,Building cleaning services,Menzies Int’l (Aust) Pty Ltd,239554.7,07/02/2025,3634
INV152527,Vehicle tow away and impound services,Nationwide,192287.33,2029-12-22,3585
INV152528,Vehicle tow away and impound services,Nationwide To,"$162,240.56",26/05/2027,3585
INV152529,Waste management services,Cleanaway Waste Management Limited,72916.06,27 September 2027,3556
INV152530,Building cleaning services,Menzies International (Aust) Pty Ltd (AU),0.2m,01/09/2027,3634
INV152531,Building cleaning services,MenziesInternational(Aust)PtyLtd,189648.95,26/10/01,3634
INV152532,Tree management maintenance services,Citywide Service Solutions P/L,"$159,864.32",10-Jun-2029,3678
INV152533,Integrated security services,NATIONAL PROTECTIVE SERVICES PTY LTD,"$231,414.14",29/07/23,3686
INV152534,Integrated security services,Citywide  Service  Solutions  Pty  Ltd,0.2m,19-May-2027,3676
INV152535,Graffiti management and pressure cleaning services,Calcorp Services PtywLtd,239747.49,24/12/2026,3668
INV152536,Waste management services,Cleanaway Waste Mgmt Limited,146233.4 AUD,19/08/2027,3556
INV152537,Graffiti management and pressure cleaning services,Calcorp Services Pty Ltd,44362.18,26/07/11,3668
INV152538,Open spaces management - region 2,SERCO,83666.51,12-Nov-2026,3677
INV152539,Graffiti management and pressure cleaning services,CALCORP SERVICES PTY LTD,56902.47 AUD,08/06/2026,3668
INV152540,Parking technology services,Reino International Pty Ltd T/A Duncan Solutions,234053.75,10 November 2025,3623
INV152541,Open spaces management - region 1,CITYWIDE SERVICE SOLUTIONS PTY LTD,232593.71,02 July 2025,3676
INV152542,Management of Active Melbourne recreation facilities,Victorian YMCA Community Programming Pty Ltd (AU),230453.62 AUD,02/04/2028,3615
INV152543,Integrated security services,National  Protective  Services  Pty  Ltd,"$92,257.92",07/06/2029,3686
INV152544,Open spaces management - region 1,Citywide Service Solutions Pty Ltd,"$22,022.59",14 July 2027,3676
INV152545,Integrated security services,National Protective Services Pty Ltd,161447.7,28/06/29, 
INV152546,Management of Active Melbourne recreation facilities,Victorian YMCA Community Programming Pty. Ltd.,63693.69,24-Mar-2029,3615
INV152547,Open spaces management - region 1,Citywide Service Solutions Pty Ltd,"$80,777.09",25/04/07,3676
INV152548,Street cleaning,Spotless Facility Services P/L,"$35,834.72",16-Sep-2027,3669
INV152549,Building cleaning services,Menzies International (Aust) Pty Ltd,135759.93,11/01/2028,3634
INV152550,Graffiti management and pressure cleaning services,Calcorp Services Pty Ltd,0.1m,04-Nov-2026,3668
INV152551,Building maintenance services,Programmed Facility Management Pty Ltd,0.0m,08/05/2027,3630
INV152552,Waste management services,Cleanaway Waste Management Limited (AU),0.1m,24/04/2026,3556
INV152553,Vehicle tow away and impound services,NATIONWIDE TOWING SERVICES,0.2m,2028-09-01,3585
INV152554,Open spaces management - region 1,Citywide Service Solutions Pty Ltd (AU),"$146,230.93",25 December 2028,3676
INV152555,Open spaces management - region 1,Citywide  Service  Solutions  Pty  Ltd,0.2m,09-Nov-2028, 
INV152556,Street cleaning,Spotless Facility Services P/L,58860.57,11/10/2028,3669
INV152557,Waste management services,CleanawayWasteManagementLimited,130917.54,06 July 2028,3556
INV152558,Management of Active Melbourne recreation facilities,Victorian YMCA Communi,167757.8,27 April 2026,3615
INV152559,Building cleaning services,Menzies International (Aust) Pty Ltd,174151.76,22 January 2028,3634
INV152560,Graffiti management and pressure cleaning services,Calcorp  Services  Pty  Ltd,239389.24,19 December 2028,3668
INV152561,Integrated security services,MENZIES INTERNATIONAL (AUST) PTY LTD,0.1m,12/06/2026,3634
INV152562,Street cleaning,Spotless Facility Services Pty Ltd,54992.61 AUD,13-Jun-2025,3669
INV152563,Civil infrastructure services,Citywide Service Solutions Pty Ltd (AUS),"$166,881.23",2027-09-30,3665
INV152564,Building cleaning services,Menzies International (Aust) Pty Ltd,196592.85,27/02/2027,3634
INV152565,Building cleaning services,Menzies International (Aust) Pty Ltd (AUS),"$73,219.38",05-Nov-2028,3634
INV152566,Graffiti management and pressure cleaning services,Calcorp Services Pty Ltd (AUS),"$195,856.08",07 September 2029,3668
INV152567,Street cleaning,Spotless,0.2m,17 November 2026,3669
INV152568,Building cleaning services,menzies international (aust) pty ltd,93762.44 AUD,2029-05-25,3634
INV152569,Melbourne Town Hall venue management,Showtime Event Group Pty Ltd (AU),35013.27 AUD,27/12/23,3670
INV152570,Vehicle tow away and impound services,NATIONWIDE TOWING SERVICES,2301.49,12/06/2026,3585
INV152571,Tree management maintenance services,Citgwide Service Solutions Pty Ltd,"$5,558.76",16/09/2029, 
INV152572,Street cleaning,Spotless Facility Services Pty Ltd,151767.04 AUD,2029-03-25,3669
INV152573,Open spaces management - region 2,SERCO,136270.98,25/01/2028,3677
INV152574,Tree management maintenance services,Citywide Service Soldtions Pty Ltd,37023.16 AUD,2025-01-29,3678
INV152575,Vehicle tow away and impound services,Nationwide Touing Services,31164.84 AUD,17-Jul-2027,3585
INV152576,Graffiti management and pressure cleaning services,CALCORP SERVICES PTY LTD,"$239,362.44",03/10/2025,3668
INV152577,Waste management services,cleanaway waste management limited,4436.1,07-Nov-2027,3556
INV152578,Open spaces management - region 1,Citywide Service Solutions Pty Ltd (AU),"$143,905.57",24 August 2025,3678
INV152579,Waste management services,Cleanaway Waste Mgmt Limited,37237.8 AUD,2026-07-18,3556
INV152580,Vehicle tow away and impound services,Nationwide  Towing  Services,164070.7 AUD,2025-02-04,3585
INV152581,Building maintenance services,Programmed Facility Mgmt Pty Ltd,44224.3,28/03/2029,3630
INV152582,Building cleaning services,Menzies International (Aust) Pty Ltd,"$73,144.35",25/12/21, 
INV152583,Building cleaning services,Menzies International (Aust) Pty Ltd,0.2m,06/03/2028,3634
INV152584,Tree management maintenance services,citywide service solutions pty ltd,"$24,703.34",25/01/2029,3678
INV152585,Parking technology services,Reino International Pty. Ltd. T/A Duncan Solutions,71585.62,28 November 2027,3623
INV152586,Waste management services,CleanawayWasteManagementLimited,115732.49 AUD,21 August 2028,3556
INV152587,Civil infrastructure services,citywide Service Solutions Pty Ltd,128796.49 AUD,20-Sep-2026,3665
INV152588,Tree management maintenance services,Citywide Service Solutions Pty Ltd,111806.36,26/06/14,3678
INV152589,Management of Active Melbourne recreation facilities,Victorian YMCA Communi,107413.99 AUD,2029-07-13,3615
INV152590,Building maintenance services,Programmed Facility Management Pty Ltd,228275.17,14/05/2029,3630
INV152591,Waste management services,Cleanaway Waste Management Limited (AUS),176079.23 AUD,12/02/2027,3556
INV152592,Integrated security services,National Protective Services P/L,107880.5,07/11/2026,3686
INV152593,Open spaces management - region 1,Citywide Service Solutions Pty. Ltd.,62314.0 AUD,04 June 2029,3676
INV152594,Parking technology services,Reino,0.0m,30 August 2027,3623
INV152595,Building cleaning services,MenziesInternational(Aust)PtyLtd,83945.79 AUD,2028-11-13,3634
INV152596,Integrated security services,National Protective Services P/L,85365.82,2025-04-27,3686
INV152597,Waste management services,Cleanaway Waste Management Limited,217149.68,29-Mar-2028,3556
INV152598,Building maintenance services,Programmed  Facility  Management  Pty  Ltd,0.0m,28-Feb-2027,3630
INV152599,Vehicle tow away and impound services,Nationwide Towing Services,203245.24,2029-02-06,3585
INV152600,Vehicle tow away and impound services,Nationwide Towing Services (AUS),0.2m,06-Jun-2029,3585
INV152601,Graffiti management and pressure cleaning services,Calcorp Serv,77885.49,20-Apr-2027,3668
INV152602,Building cleaning services,MENZIES INTERNATIONAL (AUST) PTY LTD,0.2m,19/05/2025,3634
INV152603,Vehicle tow away and impound services,NationwideTowingServices,"$194,411.88",16/08/2026,3585
INV152604,Building cleaning services,Menzies International (Aust) Pty Ltd (AU),193062.44,06/12/2028,3634
INV152605,Parking technology services,Reino International Pty Ltd T/A Duncan Solutions (AUS),0.0m,29/08/11,3623
INV152606,Tree management maintenance services,Menzies  International  (Aust)  Pty  Ltd,0.2m,2026-02-03,3634
INV152607,Waste management services,cleanaway waste management limited,0.2m,25/02/05,3556
INV152608,Vehicle tow away and impound services,rationwide Towing Services,"$224,003.57",02/04/2025,3585
INV152609,Building maintenance services,Programmed Facility Mgmt Pty Ltd,2477.35,25-Nov-2028,3630
INV152610,Civil infrastructure services,CitywideServiceSolutionsPtyLtd,190833.52,05/05/2028,3665
INV152611,Waste management services,Cleanaway Waste M,145735.69 AUD,28/08/2026,3556
INV152612,Parking technology services,Reino International Pty. Ltd. T/A Duncan Solutions,"$87,754.01",12 September 2028,3623
INV152613,Civil infrastructure services,Citywide Service Solutions Pty Ltd,0.1m,14/08/2025,3665
INV152614,Management of Active Melbourne recreation facilities,victorian ymca community programming pty ltd,222142.27,02/05/2025,3615
INV152615,Building cleaning services,Menzies Internatio,9567.36,07 September 2027,3634
INV152616,Building cleaning services,Menzies International (Aust) Pty. Ltd.,245611.11,28 January 2027, 
INV152617,Open spaces management - region 1,Citywide Service Solutions Pty Ltd (AUS),181036.2 AUD,18-May-2029,3676
INV152618,Waste management services,CleanawayWasteManagementLimited,"$185,963.22",23/05/2025,3556
INV152619,Management of Active Melbourne recreation facilities,Victorian YMCA Community Programming Pty Ltd (AUS),225818.1,30/01/2028,3615
INV152620,Graffiti management and pressure cleaning services,Calcorp  Services  Pty  Ltd,192882.12,20-Mar-2025,3668
INV152621,Open spaces management - region 1,Citywide Service Solutions Pty. Ltd.,139248.92 AUD,29/11/04,3676
INV152622,Civil infrastructure services,Citywide Service Solutions P/L,217778.15,30-Dec-2025,3665
INV152623,Parking technology services,Reino International Pty Ltd T/A Duncan Solutions,60486.07,23/03/2028,3623
INV152624,Civil infrastructure services,CITYWIDE SERVICE SOLUTIONS PTY LTD,0.0m,05/07/2025,3665
INV152625,Melbourne Town Hall venue management,Showtime Event Group Pty Ltd,10882.78,19/09/2027,3670
INV152626,Building cleaning services,MenziesInternational(Aust)PtyLtd,0.0m,27/07/06,3634
INV152627,Management of Active Melbourne recreation facilities,VICTORIAN YMCA COMMUNITY PROGRAMMING PTY LTD,"$135,704.83",11-Feb-2028,3615
INV152628,Waste management services,Cleanaway Waste Management Limited (AU),241968.96,28/02/29,3556
INV152629,Open spaces management - region 1,Menzies Int’l (Aust) Pty Ltd,35047.67,30/09/2026,3634
INV152630,Building cleaning services,Menzies  International  (Aust)  Pty  Ltd,126447.39 AUD,25/12/13,3634
INV152631,Graffiti management and pressure cleaning services,Calcorp Services Pty Ltd (AUS),2939.36,2029-05-20,3668
INV152632,Graffiti management and pressure cleaning services,Calcorp Serv,184927.18,22/01/2028,3668
INV152633,Open spaces management - region 1,Citywide,"$182,461.34",28 September 2029,3676
INV152634,Open spaces management - region 2,SERCO (AUS),"$89,525.96",10/02/2025,3677
INV152635,Graffiti management and pressure cleaning services,calcorp services pty ltd,145110.51,18-Jan-2027,3668
INV152636,Street cleaning,Cleanaway Waste Management Limited,"$76,851.05",13/01/2028,3556
INV152637,Melbourne Town Hall venue management,Showtime Event Group Pty Ltd,228051.78,04/12/2025, 
INV152638,Tree management maintenance services,Citywide Sesvice Solutions Pty Ltd,201410.75 AUD,16 November 2028,3678
INV152639,Management of Active Melbourne recreation facilities,Victorian YMCA Community Programming Pty Ltd,200671.53 AUD,26/07/31,3615
INV152640,Graffiti management and pressure cleaning services,Calcorp Services Pty Ltd (AU),0.2m,2026-08-13,3668
INV152641,Open spaces management - region 2,SERCw,189610.44,27/09/12,3677
INV152642,Graffiti management and pressure cleaning services,CalcorpServicesPtyLtd,"$201,977.02",2026-08-03,3668
INV152643,Melbourne Town Hall venue management,Showtime Event Group Pty Ltd (AU),0.2m,27/07/31,3670
INV152644,Integrated security services,National Protective Services Pty Ltd (AU),49428.86,26-Oct-2028,3686
INV152645,Graffiti management and pressure cleaning services,Calcorp ServicesnPty Ltd,145370.89,19/09/2025, 
INV152646,Integrated security services,Nationwide  Towing  Services,138283.11 AUD,29/12/2027,3585
INV152647,Open spaces management - region 2,SERCO (AU),194128.69,29 June 2029, 
INV152648,Parking technology services,Reino,249514.89,04/03/2026,3623
INV152649,Open spaces management - region 2,serco,102651.76,06 May 2026,3677
INV152650,Vehicle tow away and impound services,Nationwide  Towing  Services,43102.39 AUD,2028-09-26,3585
INV152651,Graffiti management and pressure cleaning services,Calcorp Services Pty Ltd (AU),57480.46,2026-07-17,3668
INV152652,Street cleaning,Spotless Facility Servikes Pty Ltd,71392.62,06/11/2028,3669
INV152653,Waste management services,Cleanaway Waste Mgmt Limited,177104.78,22/05/2028,3556
INV152654,Tree management maintenance services,CITYWIDE SERVICE SOLUTIONS PTY LTD,0.2m,25/04/2025,3678
INV152655,Building cleaning services,Menzies Internatio,0.0m,2028-11-15,3634
INV152656,Waste management services,Cleanaway Waste Management Ltd,54402.53 AUD,25/12/2027,3556
INV152657,Building cleaning services,Menzies  International  (Aust)  Pty  Ltd,0.0m,21 August 2026,3634
INV152658,Management of Active Melbourne recreation facilities,Menzies International (Aust) Pty Ltd,126643.79,2028-03-29,3634
INV152659,Waste management services,Cleanaway Waste Management Limited (AUS),88262.68,2027-05-19,3556
INV152660,Open spaces management - region 2,Serco,88866.52,07/11/2027,3677
INV152661,Civil infrastructure services,Citywide  Service  Solutions  Pty  Ltd,209295.62 AUD,2027-08-08,3665
INV152662,Tree management maintenance services,Citywide Service Solutions Pty Ltd,0.2m,20/05/2027,3678
INV152663,Open spaces management - region 2,SERCO (AU),0.2m,05/11/2029,3677
INV152664,Graffiti management and pressure cleaning services,Calcorp Services P/L,93812.01,29/11/2027,3668
INV152665,Management of Active Melbourne recreation facilities,Victorian,169426.2,04 December 2025,3615
INV152666,Integrated security services,National Protective Services Pty. Ltd.,163214.91 AUD,2027-04-15,3686
INV152667,Open spaces management - region 1,Citywide Service Solutions P/L,177071.68,27/01/20,3676
INV152668,Building maintenance services,Spotless Facility Services Pty Ltd,150349.65,2027-04-11,3669
INV152669,Graffiti management and pressure cleaning services,Calcorp Serv,"$127,388.35",2025-11-24,3668
INV152670,Vehicle tow away and impound services,Nationwide Towing Services,230211.17 AUD,30/04/2028,3585
INV152671,Parking technology services,Reino Int’l Pty Ltd T/A Duncan Solutions,165914.62 AUD,21/02/2025,3623
INV152672,Civil infrastructure services,Citywide Service Solutions Pty. Ltd.,41387.25,2029-07-29,3665
INV152673,Integrated security services,NATIONAL PROTECTIVE SERVICES PTY LTD,49970.79 AUD,14-Mar-2028,3686
INV152674,Management of Active Melbourne recreation facilities,Victorian Ymca Community Programming Pty Ltd,98711.13,14/12/2028,3615
INV152675,Building cleaning services,Spotless FacilityrServices Pty Ltd,"$152,044.91",29/06/11,3669
INV152676,Building cleaning services,Menzies International (Aust) Pty Ltd,,04/05/2027,3634
INV152677,Parking technology services,Reino International Pty Ltd T/A Duncan Solutions,77654.89 AUD,05-Jan-2027,3623
INV152678,Parking technology services,Reino International Pty. Ltd. T/A Duncan Solutions,"$206,426.42",26-Jul-2027,3623
INV152679,Tree management maintenance services,Citywide Service ,234250.46 AUD,06/06/2028,3678
INV152680,Vehicle tow away and impound services,Nationwide Towing Services (AUS),0.2m,28-Aug-2028,3585
INV152681,Civil infrastructure services,Citywide Service Solutions Pty Ltd (AU),72705.58,07/01/2026,3665
INV152682,Graffiti management and pressure cleaning services,Calcorp Services Pty Ltd,53020.88,04/04/2025,3668
INV152683,Civil infrastructure services,Citywide Service Solutions Pty Ltd (AUS),166348.65,24/01/2025,3665
INV152684,Open spaces management - region 2,SERCO (AU),"$166,526.63",2025-07-03,3677
INV152685,Building maintenance services,Programmed  Facility  Management  Pty  Ltd,95773.11,14 July 2025,3630
INV152686,Tree management maintenance services,Citywide Service Solutions Pty Ltd (AU),"$125,334.71",25/10/20,3678
INV152687,Open spaces management - region 1,Citywide Service Solutions Pty Ltd,134721.23 AUD,21/10/2025,3676
INV152688,Street cleaning,Spotless  Facility  Services  Pty  Ltd,48908.56 AUD,15/03/2026,3669
INV152689,Integrated security services,NationalProtectiveServicesPtyLtd,77961.39 AUD,23-Jun-2025,3686
INV152690,Melbourne Town Hall venue management,ShowtimeEventGroupPtyLtd,162118.59,24/03/2027,3670
INV152691,Tree management maintenance services,Citywide Service ,42936.4 AUD,01/05/2028,3678
INV152692,Parking technology services,REINO INTERNATIONAL PTY LTD T/A DUNCAN SOLUTIONS,"$91,850.44",02 February 2025,3623
INV152693,Integrated security services,National Protective Services Pty Ltg,0.1m,20-Jun-2026,3686
INV152694,Civil infrastructure services,citywide service solutions pty ltd,231309.08,16 January 2029,3665
INV152695,Melbourne Town Hall venue management,Showtime Event Group Pty Ltd,"$51,947.51",05/04/2027,3670
INV152696,Open spaces management - region 1,CitywideServiceSolutionsPtyLtd,"$201,520.85",30/09/2028,3676
INV152697,Parking technology services,Reino International P/L T/A Duncan Solutions,"$2,376.24",12/07/2026,3623
INV152698,Building maintenance services,Programmed Facility Management Pty Ltd,198504.58,20/03/2027,3630
INV152699,Building maintenance services,Programmed Facility Management Pty Ltd (AUS),0.1m,02 October 2028,3630
INV152700,Open spaces management - region 1,Citywide  Service  Solutions  Pty  Ltd,203913.3,03-Mar-2029,3676
INV152701,Street cleaning,Spotless Facility,2618.5,15/10/2025,3669
INV152702,Vehicle tow away and impound services,Nationwide Towing Services,"$47,550.85",28/04/30,3585
INV152703,Civil infrastructure services,Citywide,0.2m,28/12/02,3665
INV152704,Building cleaning services,menzies international (aust) pty ltd,0.1m,25/05/2025,3634
INV152705,Open spaces management - region 1,Citywide  Service  Solutions  Pty  Ltd,0.1m,27-Jun-2029,3676
INV152706,Parking technology services,Reino International Pty Ltd T/A Duncan Solutions,0.1m,17/02/2026,3623
INV152707,Open spaces management - region 2,SERCO,0.2m,27/12/24,3677
INV152708,Tree management maintenance services,Citywike Service Solutions Pty Ltd,"$142,611.27",09/12/2027,3678
INV152709,Vehicle tow away and impound services,Nationwide Towing Services (AUS),18088.16,12/06/2025,3585
INV152710,Open spaces management - region 2,SERCO,207137.06,05-May-2025,3677
INV152711,Street cleaning,Spotless Facility Services Pty. Ltd.,0.1m,28/03/2025,3669
INV152712,Integrated security services,NationalProtectiveServicesPtyLtd,0.2m,09 April 2027,3686
INV152713,Building cleaning services,Menzies Int’l (Aust) Pty Ltd,0.1m,28/03/2026,3634
INV152714,Building cleaning services,Menzies Intl (Aust) Pty Ltd,"$136,739.85",26-Mar-2028,3634
INV152715,Graffiti management and pressure cleaning services,Calcorp Services Pty Ltd (AU),145120.77 AUD,09 July 2025,3668
INV152716,Melbourne Town Hall venue management,Showtime  Event  Group  Pty  Ltd,232463.51,21 November 2025,3670
INV152717,Tree management maintenance services,citywide service solutions pty ltd,"$79,772.38",2026-06-13,3678
INV152718,Open spaces management - region 2,SERCO,5963.49,28/03/14,3677
INV152719,Management of Active Melbourne recreation facilities,VICTORIAN YMCA COMMUNITY PROGRAMMING PTY LTD,"$136,412.9",15-Sep-2027,3615
INV152720,Building cleaning services,Menzies Internatio,0.2m,06 May 2026,3634
INV152721,Integrated security services,National Protectiv,0.0m,14 June 2028,3686
INV152722,Graffiti management and pressure cleaning services,Calcorp Services Pty Ltd,203425.77,10 August 2025,3668
INV152723,Parking technology services,ReinoInternationalPtyLtdT/ADuncanSolutions,"$191,808.27",26-Jan-2027,3623
INV152724,Civil infrastructure services,Citywide  Service  Solutions  Pty  Ltd,69266.94,27/08/06,3665
INV152725,Open spaces management - region 1,Citywide,15337.17 AUD,16/12/2029,3676
INV152726,Tree management maintenance services,Citywide Service Solutions Pty Ltd,8937.62,12/05/2029,3678
INV152727,Civil infrastructure services,Citywide Service ,"$155,922.69",2027-01-06,3665
INV152728,Street cleaning,SPOTLESS FACILITY SERVICES PTY LTD,84647.64,24/08/2027,3669
INV152729,Waste management services,CLEANAWAY WASTE MANAGEMENT LIMITED,52852.68 AUD,2026-08-20,3556
INV152730,Vehicle tow away and impound services,Nationwide Towing Services (AU),75073.46 AUD,09/12/2028,3585
INV152731,Integrated security services,National Protective Services Pty Ltd (AUS),149675.47 AUD,02/12/2026,3686
INV152732,Management of Active Melbourne recreation facilities,Victorian YMCA Community Programming Pty Ltd,114610.05,11/09/2027,3615
INV152733,Building cleaning services,Menzies  International  (Aust)  Pty  Ltd,"$33,648.98",07/06/2027,3634
INV152734,Building cleaning services,Menzies  International  (Aust)  Pty  Ltd,223015.05 AUD,2029-09-21,3634
INV152735,Melbourne Town Hall venue management,Showtime,"$87,038.4",29/06/27,3670
INV152736,Building cleaning services,Menzies International (Aust) Pty. Ltd.,0.1m,13-May-2028,3634
INV152737,Tree management maintenance services,Citywide Service Solutions Pty Ltd (AU),0.0m,12 May 2027,3678
INV152738,Melbourne Town Hall venue management,Showtime Event Group Pty Ltd,0.2m,20/03/2026,3670
INV152739,Melbourne Town Hall venue management,Programmed Facility Management P/L,131377.87,02-Jul-2027,3630
INV152740,Open spaces management - region 2,Serco,170434.73,05/01/2025,3677
INV152741,Vehicle tow away and impound services,Nationwide,0.1m,2027-08-24,3585
INV152742,Waste management services,Cleanaway  Waste  Management  Limited,210005.85,15/05/2027,3556
INV152743,Civil infrastructure services,Citywide Service Solutions P/L,198328.81,21/03/2029,3665
INV152744,Building cleaning services,MenziesInternational(Aust)PtyLtd,0.1m,2025-06-12,3634
INV152745,Civil infrastructure services,Spotless Facility Services Pty Ltd,196928.37,2027-05-04,3669
INV152746,Building cleaning services,Menzies Int’l (Aust) Pty Ltd,0.2m,29/01/01,3634
INV152747,Civil infrastructure services,Citywide Service Solutions Pty Ltd,"$175,102.75",08-Oct-2028,3665
INV152748,Tree management maintenance services,Citywide Service Solutions Pty Ltd (AUS),14097.09 AUD,01/03/2026,3678
INV152749,Vehicle tow away and impound services,Nationwide Towing Services,220372.49,15/05/2026,3585
INV152750,Civil infrastructure services,Citywide Service Solutions Pty Ltd,9852.59,15/12/2029,3665
INV152751,Graffiti management and pressure cleaning services,Calcorp Services Pty Ltd,145748.48,2026-04-19,3668
INV152752,Melbourne Town Hall venue management,showtime event group pty ltd,77243.63,2025-12-04,3670
INV152753,Graffiti management and pressure cleaning services,Calcorp Serv,153302.18,2029-10-12, 
INV152754,Building maintenance services,Showtime Event Group Pty Ltd,211260.53 AUD,28/09/01,3670
INV152755,Building maintenance services,Programmed Facility Management P/L,76426.46,08/06/2025,3630
INV152756,Tree management maintenance services,citywide service solutions pty ltd,88225.76,14/04/2027,3678
INV152757,Integrated security services,NATIONAL PROTECTIVE SERVICES PTY LTD,85793.88 AUD,08/09/2028,3686
INV152758,Building cleaning services,Menzies Internatio,0.1m,29-Jul-2027,3634
INV152759,Open spaces management - region 1,Citywide Service Solutions Pty Ltd,230903.23,2028-07-21,3676
INV152760,Building maintenance services,Programmed Facility Management P/L,0.1m,25/10/03,3630
INV152761,Graffiti management and pressure cleaning services,Calcorp Services Pty Ltd,149893.41,,3668
INV152762,Open spaces management - region 2,Serco,0.2m,08/09/2026, 
INV152763,Civil infrastructure services,Citywide Service SolutionssPty Ltd,0.2m,2028-07-27,3665
INV152764,Waste management services,Cleanaway Waste Management Limited (AU),68596.95,08/01/2029,3556
INV152765,Management of Active Melbourne recreation facilities,Victorian YMCA Community Programming Pty Ltd,161736.81 AUD,11-Mar-2029,3615
INV152766,Street cleaning,Calcorp vervices Pty Ltd,"$61,051.28",12/05/2026,3668
INV152767,Street cleaning,SpotlessFacilityServicesPtyLtd,0.2m,13 August 2029,3669
INV152768,Vehicle tow away and impound services,nationwide towing services,"$54,114.92",10/03/2026,3585
INV152769,Waste management services,Cleanaway Waste Mgmt Limited,239108.19,2029-08-21,3556
INV152770,Open spaces management - region 2,SERCO,"$136,275.88",26/07/2029,3677
INV152771,Open spaces management - region 2,SERCO,109880.39,02/02/2028,3677
INV152772,Vehicle tow away and impound services,Nationwide Towing Services (AUS),62358.85 AUD,28/04/16,3585
INV152773,Melbourne Town Hall venue management,Showtime Event Group Pty Ltd,0.2m,31/08/2026,3670
INV152774,Building maintenance services,Programmed Facility Management Pty Ltd (AU),230125.06 AUD,28/10/18,3630
INV152775,Vehicle tow away and impound services,NationwideTowingServices,"$144,215.26",16/07/2027,3585
INV152776,Open spaces management - region 1,Citywide Service Solutions Pty Ltd (AUS),41176.54 AUD,2026-08-08,3676
INV152777,Vehicle tow away and impound services,MENZIES INTERNATIONAL (AUST) PTY LTD,156854.23,27/03/31,3634
INV152778,Building cleaning services,Menzies International (Aust) Pty Ltd,183631.77 AUD,30 October 2026,3634
INV152779,Management of Active Melbourne recreation facilities,CitywideServiceSolutionsPtyLtd,115873.61 AUD,09-Apr-2028,3678
INV152780,Management of Active Melbourne recreation facilities,SERCO (AU),91150.02,2028-05-19,3677
INV152781,Waste management services,CLEANAWAY WASTE MANAGEMENT LIMITED,0.2m,22/01/2028,3556
INV152782,Management of Active Melbourne recreation facilities,victorian ymca community programming pty ltd,148657.6,05-Jun-2026,3615
INV152783,Civil infrastructure services,Citywide  Service  Solutions  Pty  Ltd,191259.28,05/11/2029,3665
INV152784,Building maintenance services,Programmed Facility Management Pty Ltd (AUS),,2027-01-10,3630
INV152785,Street cleaning,SpotlessFacilityServicesPtyLtd,50667.15,20 November 2029,3669
INV152786,Integrated security services,National,"$203,755.3",25/06/17,3686
INV152787,Tree management maintenance services,PROGRAMMED FACILITY MANAGEMENT PTY LTD,82267.77 AUD,27/02/2025,3630
INV152788,Waste management services,Cleanaway Waste Management Limited (AUS),10523.89 AUD,09-May-2028,3556
INV152789,Open spaces management - region 1,Citywide Service Solutions Pty Lsd,78463.02,25/03/2026,3676
INV152790,Melbourne Town Hall venue management,Showtime Event Group Pty Ltd (AUS),127120.8 AUD,05/09/2026,3670
INV152791,Tree management maintenance services,Citywide Service Solutions Pty Ltd (AUS),"$193,243.18",30/04/2028,3678
INV152792,Street cleaning,SPOTLESS FACILITY SERVICES PTY LTD,120242.67 AUD,20/06/2028,3669
INV152793,Parking technology services,Reino International Pty Ltd T/A Duncan Solutions,196977.26,2027-05-07,3623
INV152794,Integrated security services,National Protective Services Pty Ltd,"$46,360.56",14/03/2028,3686
INV152795,Building cleaning services,Menzies  International  (Aust)  Pty  Ltd,144268.45,2028-07-20,3634
INV152796,Building maintenance services,Programmed,239393.64 AUD,31 October 2025,3630
INV152797,Graffiti management and pressure cleaning services,Calcorp Services Pty Ltd,"$215,127.17",03/03/2025,3668
INV152798,Tree management maintenance services,Citywide Service Solutions Pty Ltd (AUS),0.2m,12 June 2029,3678
INV152799,Management of Active Melbourne recreation facilities,victorian ymca community programming pty ltd,"$85,953.11",25 March 2028,3615
INV152800,Integrated security services,NATIONAL PROTECTIVE SERVICES PTY LTD,152739.66,2026-04-12,3686
INV152801,Street cleaning,Victorian YMCA Community Prograyming Pty Ltd,177232.51,15/04/2025,3615
INV152802,Waste management services,Cleanaway Waste Management Limited (AUS),0.1m,02-Feb-2026,3556
INV152803,Waste management services,Cleanaway Waste Management Limited,0.0m,28/03/2029, 
INV152804,Integrated security services,National Protective Services Pty Ltd,89086.4,2028-12-21,3686
INV152805,Integrated security services,National Protectiv,0.1m,2028-01-02,3686
INV152806,Street cleaning,Spotless Facility Services Pty Ltd,0.2m,16 December 2029,3669
INV152807,Waste management services,Cleanaway Waste Mgmt Limited,"$177,986.94",27/01/2025,3556
INV152808,Melbourne Town Hall venue management,Showtime Event Group Pty Ltd,0.1m,06/07/2029,3670
INV152809,Parking technology services,Reino International P/L T/A Duncan Solutions,72496.1,,3623
INV152810,Parking technology services,Reino  International  Pty  Ltd  T/A  Duncan  Solutions,0.0m,20 October 2026,3623
INV152811,Street cleaning,Spotless Facility Services Pty Ltd,161166.89,15/02/2025,3669
INV152812,Building cleaning services,Menzies  International  (Aust)  Pty  Ltd,162817.87 AUD,09-Feb-2029,3634
INV152813,Open spaces management - region 1,Citywide Service Solutions P/L,"$222,700.43",2027-10-02,3676
INV152814,Vehicle tow away and impound services,Nationwide Towing Services (AU),0.1m,2027-03-10,3585
INV152815,Vehicle tow away and impound services,NationwideTowingServices,0.2m,2029-01-11,3585
INV152816,Open spaces management - region 1,Citywide Service Solutions Pty Ltd (AUS),"$162,830.67",29/03/05,3665
INV152817,Tree management maintenance services,Citywide Service Solutions Pty Ltd (AUS),235558.7 AUD,19-Oct-2028,3678
INV152818,Waste management services,Cleanaway Waste Management LTD,0.1m,2027-01-23,3556
INV152819,Graffiti management and pressure cleaning services,Calcorp Services Pty Ltd,67604.59,2026-03-14,3668
INV152820,Management of Active Melbourne recreation facilities,victorian ymca community programming pty ltd,0.1m,2027-04-10,3615
INV152821,Building cleaning services,Menzies,63534.2 AUD,10/08/2027,3634
INV152822,Parking technology services,Reino International Pty Ltd T/A Duncan Solutions,158659.79,18/07/2027,3623
INV152823,Parking technology services,Reino International P/L T/A Duncan Solutions,111115.32,31/05/2029,3623
INV152824,Vehicle tow away and impound services,Nationwide Towing Services,127190.72,13/04/2028,3585
INV152825,Integrated security services,National Protectiv,"$217,743.95",07/12/2029,3686
INV152826,Building maintenance services,programmed facility management pty ltd,25037.5,2027-08-28,3630
INV152827,Building maintenance services,Programmed,0.1m,2028-05-09,3630
INV152828,Tree management maintenance services,Citywide Service Solutions Pty Ltd,18139.49,25/05/13, 
INV152829,Building maintenance services,ProgrammedFacilityManagementPtyLtd,184445.78,09/07/2025,3630
INV152830,Tree management maintenance services,Citywide Service Solutions Pty Ltd,163328.25,25/03/15,3678
INV152831,Parking technology services,Reino International Pty Ltd T/A Duncan Solutions (AUS),0.1m,2029-08-30,3623
INV152832,Building cleaning services,Menzies  International  (Aust)  Pty  Ltd,176059.05,2025-01-21,3634
INV152833,Waste management services,Cleanaway Waste Management LTD,172691.28,27/12/27,3556
INV152834,Street cleaning,Citywide Service Solutions Pty Ltd,245002.25,25/07/03,3676
INV152835,Building maintenance services,Programmed Facility Mgmt Pty Ltd,"$134,817.03",30-Oct-2027,3630
INV152836,Civil infrastructure services,Citywide Service Solutions P/L,20490.06 AUD,2028-08-20,3665
INV152837,Waste management services,Cleanaway WastehManagement Limited,147155.86,11/11/2029,3556
INV152838,Building cleaning services,MenziesInternational(Aust)PtyLtd,0.1m,2027-11-21,3634
INV152839,Graffiti management and pressure cleaning services,Calcorp Services Pty. Ltd.,0.1m,29 November 2026,3668
INV152840,Vehicle tow away and impound services,Nationwide Towing Servicks,202124.6 AUD,07/01/2026,3585
INV152841,Management of Active Melbourne recreation facilities,victorian ymca community programming pty ltd,204646.46,29/08/13, 
INV152842,Parking technology services,Reino International Pty. Ltd. T/A Duncan Solutions,0.2m,2027-04-01,3623
INV152843,Street cleaning,SpotlessFacilityServicesPtyLtd,0.1m,01/02/2027,3669
INV152844,Open spaces management - region 1,Citywide Service Solutions Pty Ltd (AU),40594.76,26-Nov-2026,3676
INV152845,Integrated security services,National Protective Services Pty Ltd (AU),188777.47 AUD,26/09/21,3686
INV152846,Street cleaning,Spotless,0.2m,29-Jun-2026,3669
INV152847,Open spaces management - region 2,SERCO,19510.84,26/03/21,3677
INV152848,Integrated security services,National Protective Services Pty Ltd (AUS),0.0m,29/11/25,3686
INV152849,Civil infrastructure services,Citywide,0.1m,06/04/2026,3665
INV152850,Building maintenance services,ProgrammedFacilityManagementPtyLtd,89654.72,2029-07-02,3630
INV152851,Melbourne Town Hall venue management,SHOWTIME EVENT GROUP PTY LTD,0.0m,2025-10-11,3670
INV152852,Vehicle tow away and impound services,Nationwide Towing Services,"$105,088.39",09 December 2028,3585
INV152853,Building maintenance services,Showtime Event Group P/L,210396.27 AUD,31-Oct-2025,3670
INV152854,Open spaces management - region 2,SERCO (AU),184489.89 AUD,25/07/31,3677
INV152855,Open spaces management - region 1,CITYWIDE SERVICE SOLUTIONS PTY LTD,234012.7,2025-04-02,3676
INV152856,Graffiti management and pressure cleaning services,Calcorp Services Pty Ltd,41597.22 AUD,17 May 2026,3668
INV152857,Tree management maintenance services,Citywide Service Solutions Pty. Ltd.,"$77,961.62",28/04/2026,3678
INV152858,Vehicle tow away and impound services,Nationwide,156079.17,28 December 2025,3585
INV152859,Parking technology services,REINO INTERNATIONAL PTY LTD T/A DUNCAN SOLUTIONS,"$193,534.35",20-Oct-2027,3623
INV152860,Building maintenance services,PROGRAMMED FACILITY MANAGEMENT PTY LTD,106774.84,09 June 2027,3630
INV152861,Management of Active Melbourne recreation facilities,Victorian YMCA Communi,0.1m,22 September 2025,3615
INV152862,Street cleaning,SpotlessFacilityServicesPtyLtd,120114.65,07/08/2028,3669
INV152863,Melbourne Town Hall venue management,ShowtimeEventGroupPtyLtd,191928.85 AUD,28/05/23,3670
INV152864,Graffiti management and pressure cleaning services,Calcorp Services Pty Ltd,0.1m,2026-02-04,3668
INV152865,Open spaces management - region 2,Serco,169461.71,28/10/15,3677
INV152866,Melbourne Town Hall venue management,Showtime,"$5,581.62",27/09/18,3670
INV152867,Building maintenance services,Programmed Facility Management Pty Ltd (AU),"$164,977.85",13-Oct-2025, 
INV152868,Integrated security services,National Protective Services Pty Ltd,127066.12 AUD,23 November 2027,3686
INV152869,Building maintenance services,Programmed Facility Management Pty Ltd,41840.38,07 February 2028,3630
INV152870,Vehicle tow away and impound services,NationwideTowingServices,0.2m,27 January 2026, 
INV152871,Integrated security services,NATIONAL PROTECTIVE SERVICES PTY LTD,"$52,937.97",2026-11-20,3686
INV152872,Management of Active Melbourne recreation facilities,Victorian YMCA Community Programming Pty Ltd (AU),153098.32 AUD,15/12/2027,3615
INV152873,Street cleaning,Spotless Facility Services Pty Ltd,144365.79 AUD,28/03/2029,3669
INV152874,Building maintenance services,Programmed  Facility  Management  Pty  Ltd,"$117,516.97",25-Apr-2025,3630
INV152875,Management of Active Melbourne recreation facilities,SERCO,125867.84,07 July 2029,3677
INV152876,Management of Active Melbourne recreation facilities,Victorian YMCA Community Programming Pty Lrd,"$164,595.06",19-Oct-2027,3615
INV152877,Open spaces management - region 1,Citywide Service Solutions Pty Ltd (AU),152129.96,26/05/08,3676
INV152878,Parking technology services,reino international pty ltd t/a duncan solutions,168736.16 AUD,11/03/2029,3623
INV152879,Tree management maintenance services,citywide service solutions pty ltd,"$21,485.03",25 December 2029,3678
INV152880,Waste management services,CleanawayWasteManagementLimited,"$196,425.88",27/04/05,3556
INV152881,Melbourne Town Hall venue management,Showtime Event Group Pty Ltd,229206.02,24-Dec-2028,3670
INV152882,Parking technology services,Reino International Pty Ltd T/A Duncan Solutions,174836.14 AUD,27/10/28,3623
INV152883,Waste management services,Cleanaway Waste Management Limited,83809.56,2026-12-02,3556
INV152884,Tree management maintenance services,Citywide Service Solutions Pty Ltd (AUS),249822.22 AUD,2026-06-26,3678
INV152885,Open spaces management - region 1,Citywide,"$233,098.7",15/12/2027, 
INV152886,Graffiti management and pressure cleaning services,Calcorp Services Pty Ltd (AU),9539.14,02/04/2028,3668
INV152887,Open spaces management - region 2,SERCO,43384.33,27/03/21,3677
INV152888,Building cleaning services,Menzies International (Aust) Pty Ltd,0.0m,25/09/05,3634
INV152889,Tree management maintenance services,Citywide Service Solutions Pty Ltd,179319.68,07/12/2028,3678
INV152890,Tree management maintenance services,Citywide Service ,0.1m,09/07/2025,3678
INV152891,Melbourne Town Hall venue management,Showtime Event Group Pty. Ltd.,0.0m,29/11/05,3670
INV152892,Graffiti management and pressure cleaning services,Calcorp Services Pty Ltd (AU),58145.41,29/10/09,3668
INV152893,Management of Active Melbourne recreation facilities,Victorian YMCA Community Programming Pty Ltd,"$188,677.08",27/12/15,3615
INV152894,Street cleaning,spotless facility services pty ltd,115269.27,27/10/2025,3669
INV152895,Building maintenance services,Programmed Facility Management Pty. Ltd.,161760.32 AUD,04-Jun-2028,3630
INV152896,Open spaces management - region 2,SERCg,195390.5,27/05/22,3677
INV152897,Parking technology services,REINO INTERNATIONAL PTY LTD T/A DUNCAN SOLUTIONS,"$40,833.97",13/11/2025,3623
INV152898,Vehicle tow away and impound services,Nationwide,55519.97,29/06/19,3585
INV152899,Parking technology services,Showtime Event Group Pty. Ltd.,240875.15,25/07/03,3670
INV152900,Civil infrastructure services,Calcorp  Services  Pty  Ltd,0.2m,27-May-2029,3668
INV152901,Waste management services,Cleanaway Waste Management Limited (AU),"$177,820.82",15/03/2028,3556
INV152902,Graffiti management and pressure cleaning services,Calcorp Services Pty Ltd,"$242,127.64",2027-09-07,3668
INV152903,Street cleaning,Spotless Facility Services Pty. Ltd.,"$44,295.74",04-Aug-2027,3669
INV152904,Melbourne Town Hall venue management,Showtime,141487.05,25/05/28,3670
INV152905,Civil infrastructure services,Citywide Service Solutions P/L,58530.61 AUD,10/05/2027,3665
INV152906,Melbourne Town Hall venue management,showtime event group pty ltd,135291.06,21/02/2029,3670
INV152907,Building maintenance services,Programmed Facility Management P/L,"$167,739.84",08/02/2027,3630
INV152908,Melbourne Town Hall venue management,Showtime Event Grour Pty Ltd,18209.15,13/03/2025,3670
INV152909,Open spaces management - region 1,Citywide,54528.14,09-Sep-2027,3676
INV152910,Vehicle tow away and impound services,Victorian YMCA Community Programming Pty Ltd,80311.95,05 June 2026,3615
INV152911,Open spaces management - region 2,serco,"$248,071.81",28/04/14,3677
INV152912,Open spaces management - region 2,Serco,239724.67 AUD,08/07/2027,3677
INV152913,Open spaces management - region 2,Serco,123532.24,05/06/2029,3677
INV152914,Parking technology services,Reino International Pty Ltd T/A Duncan Solutions,0.2m,31/10/2027,3623
INV152915,Open spaces management - region 2,SERCO,142328.65,07/08/2028,3677
INV152916,Building maintenance services,ProgrammedFacilityManagementPtyLtd,"$223,258.06",21 January 2028,3630
INV152917,Waste management services,Cleanoway Waste Management Limited,0.0m,09/10/2027,3556
INV152918,Waste management services,Nationwide  Towing  Services,"$115,808.5",2028-12-05,3585
INV152919,Building maintenance services,PROGRAMMED FACILITY MANAGEMENT PTY LTD,61397.52,2027-08-16,3630
INV152920,Integrated security services,National Protective Services P/L,193392.99,2029-11-18,3686
INV152921,Open spaces management - region 1,Citywide Service Solutions Pty Ltd,37225.5 AUD,04/03/2026,3676
INV152922,Waste management services,CleanawayWasteManagementLimited,58860.77,22-Apr-2028,3556
INV152923,Melbourne Town Hall venue management,SHOWTIME EVENT GROUP PTY LTD,"$186,649.56",2029-12-23,3670
INV152924,Graffiti management and pressure cleaning services,Calcorp Services Pty Ltd,243644.08,15-Sep-2027,3668
INV152925,Vehicle tow away and impound services,Nwtionwide Towing Services,"$9,026.31",17/09/2026,3585
INV152926,Vehicle tow away and impound services,nationwide towing services,164739.2,25-Oct-2027,3585
INV152927,Open spaces management - region 1,Citywide  Service  Solutions  Pty  Ltd,4959.21 AUD,12-Aug-2027,3676
INV152928,Parking technology services,REINO INTERNATIONAL PTY LTD T/A DUNCAN SOLUTIONS,"$230,967.78",11-Feb-2025,3623
INV152929,Graffiti management and pressure cleaning services,calcorp services pty ltd,52954.01,23 July 2029,3668
INV152930,Tree management maintenance services,Citywide Service Solutions P/L,0.0m,24 January 2027,3678
INV152931,Building cleaning services,Menzies  International  (Aust)  Pty  Ltd,0.2m,10 April 2026,3634
INV152932,Street cleaning,Spotless  Facility  Services  Pty  Ltd,112022.8 AUD,11 February 2027,3669
INV152933,Tree management maintenance services,Citywide Service Solutions P/L,"$150,460.32",2025-01-08,3678
INV152934,Open spaces management - region 1,Citywide  Service  Solutions  Pty  Ltd,184371.23,27/09/18,3676
INV152935,Vehicle tow away and impound services,Nationwide To,"$72,621.38",07-Jul-2028,3585
INV152936,Open spaces management - region 2,SERCO,0.1m,25/09/07,3677
INV152937,Melbourne Town Hall venue management,Showtime,0.2m,10/12/2028,3670
INV152938,Graffiti management and pressure cleaning services,Calcorp Services Pty Ltf,50668.42 AUD,09/02/2027,3668
INV152939,Parking technology services,Reino International Pty Ltd T/A Duncan Solutions,60925.43,01 August 2028,3623
INV152940,Civil infrastructure services,CitywideeService Solutions Pty Ltd,"$172,323.27",21-Feb-2027,3665
INV152941,Vehicle tow away and impound services,National Protectiv,33272.95,03/06/2025,3686
INV152942,Street cleaning,Spotless  Facility  Services  Pty  Ltd,138047.48,13 June 2029,3669
INV152943,Building maintenance services,Programmed  Facility  Management  Pty  Ltd,35017.4,18-Oct-2025,3630
INV152944,Graffiti management and pressure cleaning services,Calcorp,0.1m,25/09/24,3668
INV152945,Parking technology services,Reino International Pty Ltd T/A Duncan Solutions,61887.37,12/11/2029,3623
INV152946,Open spaces management - region 2,SERCO,44687.66 AUD,07-Aug-2028,3677
INV152947,Street cleaning,Spotless,0.2m,29/10/26,3669
INV152948,Building maintenance services,SPOTLESS FACILITY SERVICES PTY LTD,234979.47,26/10/03,3669
INV152949,Vehicle tow away and impound services,Nationwide Towing Services,72034.27,11-Dec-2025,3585
INV152950,Vehicle tow away and impound services,Nationwide Towing Services,55590.07 AUD,2029-04-09,3585
INV152951,Graffiti management and pressure cleaning services,Calcorp Services Pty Lti,168495.35 AUD,27/08/04,3668
INV152952,Vehicle tow away and impound services,Nationwide Towing Services (AUS),225704.83,18/08/2026,3585
INV152953,Building cleaning services,Victorian YMCA Community Programming Pty. Ltd.,"$114,445.27",16 August 2029,3615
INV152954,Management of Active Melbourne recreation facilities,Victorian YMCA Communi,198111.21,15 September 2028,3615
INV152955,Waste management services,Cleanaway Waste Management Limited (AU),244060.69,30/03/2029,3556
INV152956,Tree management maintenance services,Citywide Service ,154616.55,28/09/26,3678
INV152957,Open spaces management - region 2,serco,182495.16,22 January 2025,3677
INV152958,Tree management maintenance services,Citywide Service Solutions Pty. Ltd.,"$205,792.43",21/10/2028,3678
INV152959,Parking technology services,Reino  International  Pty  Ltd  T/A  Duncan  Solutions,112627.9,05/11/2029,3623
INV152960,Parking technology services,Reino Int’l Pty Ltd T/A Duncan Solutions,0.0m,28-Aug-2026,3623
INV152961,Open spaces management - region 2,SERCO,"$87,376.77",28/11/28,3677
INV152962,Street cleaning,SpotlessFacilityServicesPtyLtd,87026.32,2027-08-10,3669
INV152963,Vehicle tow away and impound services,nationwide towing services,0.2m,15 June 2026,3585
INV152964,Civil infrastructure services,CITYWIDE SERVICE SOLUTIONS PTY LTD,135750.13,23/04/2028,3665
INV152965,Building maintenance services,Programmed,"$120,507.54",2028-12-02,3630
INV152966,Integrated security services,national protective services pty ltd,64368.38 AUD,14 October 2025,3686
INV152967,Building maintenance services,Programmed Facility Management Pty Ltd,41504.03,23 January 2028,3630
INV152968,Graffiti management and pressure cleaning services,Calcorp Serv,236677.95,05/02/2027,3668
INV152969,Tree management maintenance services,Citywide,"$41,021.11",29/05/12,3678
INV152970,Melbourne Town Hall venue management,SHOWTIME EVENT GROUP PTY LTD,,27/08/26, 
INV152971,Building cleaning services,MenziesInternational(Aust)PtyLtd,52694.96 AUD,2028-04-27,3634
INV152972,Building cleaning services,Menzies Int’l (Aust) Pty Ltd,217304.88,14-Jan-2026,3634
INV152973,Open spaces management - region 2,SERCO,194239.2 AUD,01-Feb-2026,3677
INV152974,Open spaces management - region 1,Citywide Service Solutions Pty Ltd,46786.66 AUD,15/11/2026,3676
INV152975,Building maintenance services,PROGRAMMED FACILITY MANAGEMENT PTY LTD,"$211,082.2",19/09/2029,3630
INV152976,Street cleaning,SPOTLESS FACILITY SERVICES PTY LTD,110247.53 AUD,26/02/2029,3669
INV152977,Vehicle tow away and impound services,Nationwide Towing Services (AUS),0.1m,26/04/13,3585
INV152978,Graffiti management and pressure cleaning services,Calcorp Services Pty Ltd,85912.33,30/05/2025,3668
INV152979,Open spaces management - region 2,Cleanaway  Waste  Management  Limited,196048.16 AUD,26/09/06,3556
INV152980,Graffiti management and pressure cleaning services,CalcorpServicesPtyLtd,"$185,399.03",04-Feb-2028,3668
INV152981,Building maintenance services,Programmed Facility Management yty Ltd,"$233,616.4",2029-04-11,3630
INV152982,Open spaces management - region 2,SERCt,0.1m,2027-10-12,3677
INV152983,Integrated security services,National Protective Services Pty. Ltd.,0.1m,27/06/20,3686
INV152984,Open spaces management - region 2,SERCO,89229.9,28-Jun-2027,3677
INV152985,Building maintenance services,Prdgrammed Facility Management Pty Ltd,"$120,068.8",28/10/09,3630
INV152986,Graffiti management and pressure cleaning services,CalcorpServicesPtyLtd,234447.75,14-May-2028,3668
INV152987,Waste management services,Cleanaway Waste Mayagement Limited,18259.38 AUD,28/05/28,3556
INV152988,Waste management services,CLEANAWAY WASTE MANAGEMENT LIMITED,36923.01,22 May 2029,3556
INV152989,Building maintenance services,Programmed Facility,0.1m,2029-07-13,3630
INV152990,Open spaces management - region 1,Citywide Service Solutions P/L,105009.18 AUD,27/10/2028,3676
INV152991,Parking technology services,reino international pty ltd t/a duncan solutions,47767.27,28/01/14,3623
INV152992,Parking technology services,Reino International Pty Ltd T/A Duncan Solutions,0.1m,10/02/2028,3623
INV152993,Vehicle tow away and impound services,NationwideTowingServices,0.2m,2026-02-27,3585
INV152994,Street cleaning,National  Protective  Services  Pty  Ltd,125569.63 AUD,20 May 2028,3686
INV152995,Management of Active Melbourne recreation facilities,Victorian  YMCA  Community  Programming  Pty  Ltd,186352.27,11-Jan-2027,3615
INV152996,Vehicle tow away and impound services,NationwideTowingServices,"$120,368.53",12/08/2025,3585
INV152997,Parking technology services,Reino International P/L T/A Duncan Solutions,84835.77,22/02/2027,3623
INV152998,Tree management maintenance services,Citywide Service Solutions Pty. Ltd.,37166.28 AUD,17-Jan-2026,3678
INV152999,Street cleaning,Spotless Facility Services Pty Ltd,57039.85,2029-01-20,3669
INV153000,Vehicle tow away and impound services,NATIONWIDE TOWING SERVICES,"$158,286.66",24 December 2026,3585
