InvoiceID,ContractTitle,Provider,InvoiceAmount,InvoiceDate,ContractNumber
INV341001,Parking technology services,Reino International Pty Ltd T/A Duncan Solutions (AUS),243998.88 AUD,31-May-2026,3623
INV341002,Waste management services,Cleanaway Waste Management Ltd,,07/01/2028,3556
INV341003,Street cleaning,SERCO,202976.12,02-Oct-2025,3677
INV341004,Tree management maintenance services,Citywide Service Solutions Pty. Ltd.,"$198,963.16",02/12/2028,3678
INV341005,Building cleaning services,Menzies International (Aust) Pty Ltd (AUS),"$10,561.23",31 May 2026,3634
INV341006,Building cleaning services,Menzies International (Aust) Pty Ltd (AU),0.1m,29/04/2025,3634
INV341007,Melbourne Town Hall venue management,Showtime Event Group Ptu Ltd,0.2m,03/06/2029,3670
INV341008,Waste management services,Cleanaway  Waste  Management  Limited,200265.27,2028-09-05,3556
INV341009,Vehicle tow away and impound services,Nationwide Towing Services,"$223,586.22",19 December 2025,3585
INV341010,Graffiti management and pressure cleaning services,Calcorp  Services  Pty  Ltd,93862.83 AUD,08/06/2029,3668
INV341011,Open spaces management - region 2,SERCO (AUS),"$103,907.88",24-Jun-2028,3677
INV341012,Open spaces management - region 2,serco,0.1m,29 October 2025,3677
INV341013,Open spaces management - region 1,Citywide Service Solutions Pty. Ltd.,221408.7,2028-07-24,3676
INV341014,Open spaces management - region 2,SERcO,86839.64,26/07/16,3677
INV341015,Melbourne Town Hall venue management,ShowtimeEventGroupPtyLtd,131930.97,02-Apr-2026,3670
INV341016,Vehicle tow away and impound services,nationwide towing services,"$134,101.55",29-Aug-2026,3585
INV341017,Melbourne Town Hall venue management,Reino International Pty Ltd T/A Duncan Solutions,0.2m,28-Feb-2027,3623
INV341018,Waste management services,Cleanaway Waste Management Limited,81445.78 AUD,30-Aug-2026,3556
INV341019,Tree management maintenance services,Citywide Service Solutions Pty Ltd,0.1m,26 April 2025,3678
INV341020,Civil infrastructure services,CITYWIDE SERVICE SOLUTIONS PTY LTD,"$23,803.25",2027-11-27,3665
INV341021,Building cleaning services,Menzies,91823.08,2026-04-02, 
INV341022,Waste management services,Cleanaway Waste Management LTD,136813.13,16-Jul-2025,3556
INV341023,Tree management maintenance services,CITYWIDE SERVICE SOLUTIONS PTY LTD,"$71,204.57",19-Oct-2027,3678
INV341024,Parking technology services,ReinoInternationalPtyLtdT/ADuncanSolutions,0.2m,11/05/2029,3623
INV341025,Parking technology services,Reino International Pty Ltd T/A Duncan Solutions,159769.71 AUD,31/07/2029,3623
INV341026,Vehicle tow away and impound services,Nationwide To,64844.53 AUD,02 December 2025, 
INV341027,Street cleaning,SpotlessFacilityServicesPtyLtd,43400.58 AUD,12/10/2026,3669
INV341028,Open spaces management - region 1,Citywide,"$192,309.24",30/10/2028,3676
INV341029,Waste management services,Cleanaway Waste Management Limited (AUS),157155.95,12/01/2028,3556
INV341030,Open spaces management - region 2,Serco,113252.18,09 October 2029,3677
INV341031,Open spaces management - region 2,SERCO,"$79,400.36",26/03/15,3677
INV341032,Integrated security services,National Protective Services P/L,214869.19,17/04/2026,3686
INV341033,Open spaces management - region 1,CitywideServiceSolutionsPtyLtd,0.2m,16-Jan-2027,3676
INV341034,Graffiti management and pressure cleaning services,calcorp services pty ltd,158328.71,23/03/2027,3668
INV341035,Waste management services,Cleanaway Waste Management Limited,123405.06,06-Oct-2027,3556
INV341036,Parking technology services,Reino International Pty. Ltd. T/A Duncan Solutions,186578.37,2027-12-27,3623
INV341037,Building maintenance services,Citywide Service Solutions Pty Ltd,"$140,957.26",14/07/2027,3665
INV341038,Building maintenance services,Programmed Facility Management Pty Ltd,"$199,550.53",2028-01-31,3630
INV341039,Open spaces management - region 1,Citywide Service Solutions Pty Ltd (AUS),"$92,573.66",09-Jul-2028,3676
INV341040,Integrated security services,National Protective Services Pty Ltd,43841.5 AUD,20 March 2027,3686
INV341041,Building cleaning services,Menzies International (Aust) Pty Ltd,0.2m,27/05/2029,3634
INV341042,Parking technology services,Reino,0.2m,25/10/05,3623
INV341043,Building cleaning services,Menzies International (Aust) Pty Ltd (AU),0.2m,27/02/07,3634
INV341044,Management of Active Melbourne recreation facilities,Victorian YMCA Community Programming Pty Ltd,103754.68,08/05/2029,3615
INV341045,Management of Active Melbourne recreation facilities,Victorian Ymca Community Programming Pty Ltd,0.2m,09 December 2029,3615
INV341046,Management of Active Melbourne recreation facilities,Victorian Ymca Community Programming Pty Ltd,31745.64,26/06/13,3615
INV341047,Tree management maintenance services,Citywide  Service  Solutions  Pty  Ltd,206943.99,10/12/2026,3678
INV341048,Graffiti management and pressure cleaning services,Calcorp  Services  Pty  Ltd,0.2m,09-Aug-2028,3668
INV341049,Integrated security services,National Protective Services Pty Ltd (AU),"$248,665.92",25/01/29,3686
INV341050,Building cleaning services,MENZIES INTERNATIONAL (AUST) PTY LTD,25091.22 AUD,17 September 2029,3634
INV341051,Street cleaning,Spotless Facility,210407.6,27/06/23,3669
INV341052,Open spaces management - region 2,MenziesInternational(Aust)PtyLtd,158726.39,07/07/2027, 
INV341053,Graffiti management and pressure cleaning services,Calcorp Services Pty Ltd,61298.91,28/02/2026,3668
INV341054,Open spaces management - region 2,serco,134869.65,18-Aug-2029,3677
INV341055,Waste management services,Cleanaway Waste Management Limited (AUS),87982.31 AUD,25-Nov-2026,3556
INV341056,Waste management services,Cleanaway Waste M,9986.17,25/05/15,3556
INV341057,Open spaces management - region 1,Citywide Service Solutions Pty Ltd (AU),145043.01,25-Jul-2026,3676
INV341058,Integrated security services,National Protective Services Pty Ltd,224692.15,29/10/04,3686
INV341059,Vehicle tow away and impound services,Nationwide Towing Services (AU),"$74,438.22",2025-04-17,3585
INV341060,Street cleaning,Spotless Facility Services Pty Ltd (AUS),150754.35,12/10/2029,3669
INV341061,Vehicle tow away and impound services,Nationwide  Towing  Services,0.2m,08 October 2028,3585
INV341062,Melbourne Town Hall venue management,Showtime Event Group Pty Ltd (AU),"$75,948.91",10/11/2025,3670
INV341063,Graffiti management and pressure cleaning services,Calcorp Services Pty Ltd (AUS),0.2m,27/11/08,3668
INV341064,Building cleaning services,Menzies International (Aust) Pty. Ltd.,0.1m,07 January 2029,3634
INV341065,Civil infrastructure services,Citywide Service Solutions P/L,215001.07 AUD,07/04/2028,3665
INV341066,Civil infrastructure services,citywide service solutions pty ltd,157940.52,2029-07-30,3665
INV341067,Street cleaning,Spotless Facility Services Pty Ltd,0.0m,29/04/28, 
INV341068,Building cleaning services,Menzies International (Aust) Pty Ltd,"$40,771.37",15/11/2025,3634
INV341069,Management of Active Melbourne recreation facilities,Victorian YMCA Community Programming Pty Ltd,66663.6 AUD,25/11/2027,3615
INV341070,Open spaces management - region 2,SERCO,142088.86 AUD,25 April 2029,3677
INV341071,Vehicle tow away and impound services,Nationwide Towing dervices,61377.79,02/06/2029,3585
INV341072,Melbourne Town Hall venue management,Showtime Event,51553.4 AUD,12 September 2025,3670
INV341073,Open spaces management - region 1,Citywide Service Solutions Pty. Ltd.,"$54,255.1",2028-07-13,3676
INV341074,Building maintenance services,Programmed Facility Management P/L,168396.45,26/05/20,3630
INV341075,Tree management maintenance services,Cetywide Service Solutions Pty Ltd,106036.54 AUD,29/10/06,3678
INV341076,Management of Active Melbourne recreation facilities,showtime event group pty ltd,92435.47,18 March 2026,3670
INV341077,Tree management maintenance services,Citywide Service ,213074.98,2027-09-24,3678
INV341078,Management of Active Melbourne recreation facilities,Victorian YMCA Community Programming Pty Ltd,0.2m,,3615
INV341079,Waste management services,CLEANAWAY WASTE MANAGEMENT LIMITED,99133.86,2028-08-06,3556
INV341080,Melbourne Town Hall venue management,Showtime  Event  Group  Pty  Ltd,"$34,151.4",26-Oct-2025,3670
INV341081,Parking technology services,Reino International Pty Ltd T/A Duncan Solutions,"$20,033.78",29-Jul-2028, 
INV341082,Civil infrastructure services,CitywideServiceSolutionsPtyLtd,"$227,934.44",25 November 2027,3665
INV341083,Open spaces management - region 2,SERCO,0.2m,08/09/2029,3677
INV341084,Civil infrastructure services,Citywide Service Solutions Pty Ltd,71623.93 AUD,13/11/2029,3665
INV341085,Integrated security services,National Protective Services Pty Ltd (AUS),0.2m,09-Nov-2028,3686
INV341086,Building cleaning services,Menzies International (Aust) Pty Ltd,87932.91,30-Jul-2027,3634
INV341087,Vehicle tow away and impound services,NATIONWIDE TOWING SERVICES,"$186,582.26",18 November 2026,3585
INV341088,Waste management services,CALCORP SERVICES PTY LTD,"$127,676.05",,3668
INV341089,Street cleaning,SpotlessFacilityServicesPtyLtd,0.2m,2026-06-20,3669
INV341090,Street cleaning,Spotless Facility Services Pty Ltd,238360.94,2026-08-28, 
INV341091,Civil infrastructure services,Citywide Service Solutions Pty Ltd,"$199,553.63",11-Aug-2026,3665
INV341092,Graffiti management and pressure cleaning services,Calcorp Serv,2907.64,28/07/31,3668
INV341093,Melbourne Town Hall venue management,showtime event group pty ltd,89138.52,25-Dec-2028,3670
INV341094,Management of Active Melbourne recreation facilities,Victorian YMCA Community Programming Pty Ltd,149838.71,28/06/30,3615
INV341095,Building maintenance services,Programmed Facility Management Pty Ltd,"$226,232.48",03 November 2029,3630
INV341096,Graffiti management and pressure cleaning services,Calcorp Services Pto Ltd,147938.74,17/03/2029,3668
INV341097,Integrated security services,National Protective Services Pty Ltd,158520.5 AUD,13 April 2029,3686
INV341098,Integrated security services,NationalProtectiveServicesPtyLtd,24925.21,22 August 2026,3686
INV341099,Integrated security services,national protective services pty ltd,104994.28,26/12/07,3686
INV341100,Open spaces management - region 1,Citywide Service Solutions Pty Ltd,"$91,895.17",06-Mar-2029,3676
INV341101,Graffiti management and pressure cleaning services,Calcorp Services P/L,39810.0 AUD,2027-05-31,3668
INV341102,Integrated security services,National,58923.83,09-Apr-2029,3686
INV341103,Civil infrastructure services,Citywide Service Solutions Pty Ltd,212962.81,24/02/2026,3665
INV341104,Integrated security services,National Protective Services Pty Ltd,68063.88 AUD,25/10/2029, 
INV341105,Building maintenance services,Programmed Facility Management Pty Ltd (AU),0.1m,10 June 2026,3630
INV341106,Civil infrastructure services,Citywide Service Solutions Pta Ltd,138764.41,25/09/24,3665
INV341107,Civil infrastructure services,Citywide Service Solutions Pty Ltd (AUS),72382.56,2028-07-30,3665
INV341108,Civil infrastructure services,Citywide Service ,55757.62,30 November 2028,3665
INV341109,Vehicle tow away and impound services,Nationwide Towing Services (AU),244306.69 AUD,12 January 2029,3585
INV341110,Vehicle tow away and impound services,Nationwide,170905.75 AUD,25-Jun-2028,3585
INV341111,Integrated security services,National Protective Services P/L,14428.24,05/05/2027,3686
INV341112,Integrated security services,NATIONAL PROTECTIVE SERVICES PTY LTD,30787.46 AUD,08 June 2027, 
INV341113,Open spaces management - region 2,SERCO,35945.94,10 December 2025,3677
INV341114,Vehicle tow away and impound services,NationwideTowingServices,30496.28 AUD,28/10/03,3585
INV341115,Tree management maintenance services,Citywide,150645.03 AUD,28/05/26,3678
INV341116,Building cleaning services,Menzies International (Aust) Pty Ltd (AUS),184671.48,2028-10-24,3634
INV341117,Graffiti management and pressure cleaning services,Calcorp  Services  Pty  Ltd,239274.66,21/04/2025,3668
INV341118,Building maintenance services,Programmed,"$161,373.65",20/07/2025,3630
INV341119,Waste management services,Cleanaway  Waste  Management  Limited,"$206,333.28",15/02/2028,3556
INV341120,Civil infrastructure services,Citywide Service ,16725.68 AUD,26/03/20,3665
INV341121,Open spaces management - region 2,SERCO,114856.0,25/03/09,3677
INV341122,Open spaces management - region 2,SERpO,206806.2,13-Nov-2028, 
INV341123,Building cleaning services,Menzies Intl (Aust) Pty Ltd,37492.09,29/10/13,3634
INV341124,Open spaces management - region 1,Citywide Service ,0.2m,30-May-2028,3676
INV341125,Open spaces management - region 1,Citywide Service Solutions Pty Ltd (AUS),33666.35,23-Dec-2028,3676
INV341126,Graffiti management and pressure cleaning services,Calcorp Services Pty Ltd,13286.48,17 January 2026,3668
INV341127,Management of Active Melbourne recreation facilities,Victorian YMCA Community Programming Pty Ltd (AU),174659.43,01 June 2027,3615
INV341128,Melbourne Town Hall venue management,Showtime Event Group Pty. Ltd.,171951.17,2029-05-29,3670
INV341129,Parking technology services,Reino International Pty. Ltd. T/A Duncan Solutions,"$122,063.58",2025-12-15,3623
INV341130,Waste management services,cleanaway waste management limited,0.2m,25/04/10,3556
INV341131,Vehicle tow away and impound services,Nationwide Towing Services (AUS),0.0m,03/06/2028,3585
INV341132,Building cleaning services,Menzies International (Aust) Pty. Ltd.,148747.94,19 February 2026,3634
INV341133,Street cleaning,Spotless Facilbty Services Pty Ltd,206783.37,2026-07-23,3669
INV341134,Building cleaning services,Menzies International (Aust) Pty Ltd,45653.33,29 July 2027,3634
INV341135,Management of Active Melbourne recreation facilities,Victorian YMCA Community Programming Pty. Ltd.,0.2m,2026-01-14,3615
INV341136,Management of Active Melbourne recreation facilities,Victorian YMCA Communi,0.0m,17/04/2027,3615
INV341137,Melbourne Town Hall venue management,Showtime,"$117,345.27",05/05/2025,3670
INV341138,Management of Active Melbourne recreation facilities,Victorian YMCA Community Programming Pty Ltd,190342.69,29/07/2028,3615
INV341139,Management of Active Melbourne recreation facilities,Victorian YMCA Community Programming Pty Ltd,146717.76,27/06/2025,3615
INV341140,Building maintenance services,Programmed Facility Management Pty Ltd,96572.35,18 February 2025,3630
INV341141,Street cleaning,Spotless Facility Services Pty Ltd,0.2m,11/10/2025,3669
INV341142,Vehicle tow away and impound services,Nationwide Towing Services (AU),145513.67,04 September 2025,3585
INV341143,Building cleaning services,Menzies International (Aust) Pty Ltd (AUS),0.2m,01/07/2029,3634
INV341144,Civil infrastructure services,Citywide Service Solutions Pty Ltd,"$56,859.89",22-Aug-2025,3665
INV341145,Street cleaning,Spotless Facility Services Pty. Ltd.,0.2m,29/05/06, 
INV341146,Melbourne Town Hall venue management,Citywide Service Solutions Pty Ltd (AUS),"$134,854.92",2025-04-10,3665
INV341147,Management of Active Melbourne recreation facilities,VICTORIAN YMCA COMMUNITY PROGRAMMING PTY LTD,18849.51,30-Mar-2025,3615
INV341148,Graffiti management and pressure cleaning services,Calclrp Services Pty Ltd,0.1m,28 February 2026,3668
INV341149,Parking technology services,Reino InternationalsPty Ltd T/A Duncan Solutions,121357.29,2027-05-17,3623
INV341150,Civil infrastructure services,CITYWIDE SERVICE SOLUTIONS PTY LTD,218440.88,15 February 2025,3665
INV341151,Building maintenance services,Programmed  Facility  Management  Pty  Ltd,0.1m,28/02/20, 
INV341152,Open spaces management - region 1,Citywide Service ,"$111,646.82",25/07/10,3676
INV341153,Melbourne Town Hall venue management,Citywide Service Solutions Pty Ltd (AU),48765.49 AUD,31/10/2025,3676
INV341154,Tree management maintenance services,citywide service solutions pty ltd,165431.74,27/11/06,3678
INV341155,Building maintenance services,Programmed Facility Management P/L,0.2m,18/11/2029,3630
INV341156,Vehicle tow away and impound services,NationwideTowingServices,246128.46,27/12/20,3585
INV341157,Civil infrastructure services,Citywide Service Solutions Pty. Ltd.,"$89,923.82",10 November 2029,3665
INV341158,Waste management services,Cleanaway Waste Management Limited,187039.64,25/10/2029,3556
INV341159,Integrated security services,National Protective Services Pty Ltd (AU),56164.1,29/11/2025,3686
INV341160,Parking technology services,Reino Intl Pty Ltd T/A Duncan Solutions,0.2m,20-Jun-2029,3623
INV341161,Tree management maintenance services,Calcorp Services Pty. Ltd.,"$212,993.05",28/08/21,3668
INV341162,Waste management services,Cleanaway Waste Mgmt Limited,72822.82,27 December 2029,3556
INV341163,Street cleaning,Citywide Service Solutiona Pty Ltd,105669.83,01/01/2026,3665
INV341164,Management of Active Melbourne recreation facilities,Victorian  YMCA  Community  Programming  Pty  Ltd,0.2m,29/05/15,3615
INV341165,Vehicle tow away and impound services,Natiynwide Towing Services,210870.13,2028-03-19,3585
INV341166,Integrated security services,Programmed Facility Management Pty Ltd (AUS),152513.2,14/05/2028,3630
INV341167,Melbourne Town Hall venue management,Showtime  Event  Group  Pty  Ltd,0.2m,2029-10-26,3670
INV341168,Building cleaning services,Menzies International (Aust) P/L,"$174,753.7",16 July 2027,3634
INV341169,Tree management maintenance services,Showtime Event Group Pty. Ltd.,95686.63 AUD,20 April 2025,3670
INV341170,Building cleaning services,Menzies,177991.94,28/10/26,3634
INV341171,Parking technology services,Reino,0.0m,24/07/2025,3623
INV341172,Street cleaning,spotless facility services pty ltd,52102.15,26/09/19,3669
INV341173,Vehicle tow away and impound services,Nationwide,87202.3,2028-09-24,3585
INV341174,Tree management maintenance services,CITYWIDE SERVICE SOLUTIONS PTY LTD,"$236,483.08",29-Jan-2025,3678
INV341175,Vehicle tow away and impound services,Nationwide To,49537.51,27/07/04,3585
INV341176,Parking technology services,Reino,15027.77,09 June 2027,3623
INV341177,Graffiti management and pressure cleaning services,Calcorp Services P/L,214734.93,2026-01-21,3668
INV341178,Management of Active Melbourne recreation facilities,Victorian,215504.74,15/03/2025,3615
INV341179,Building cleaning services,Menzies International (Aust) Pty Ltd,171222.4 AUD,08/12/2027,3634
INV341180,Building cleaning services,MENZIES INTERNATIONAL (AUST) PTY LTD,"$204,224.36",25/04/11,3634
INV341181,Building maintenance services,Programmed Facility Management Pty Ltd (AU),196553.93,26-Feb-2026,3630
INV341182,Building maintenance services,programmed facility management pty ltd,241225.58,11 June 2028,3630
INV341183,Vehicle tow away and impound services,Nationwide Towing Services,0.1m,25/04/2028,3585
INV341184,Graffiti management and pressure cleaning services,Calcorp Services Pty Ltd,"$16,993.21",18 August 2028,3668
INV341185,Civil infrastructure services,Citywide Service Solutions Pty Ltd (AUS),69429.78 AUD,05 August 2027,3665
INV341186,Open spaces management - region 2,SERCO,0.2m,25/07/21,3677
INV341187,Civil infrastructure services,Citywide Service Solutions Pty Ltd (AUS),74881.65,2025-04-18,3665
INV341188,Vehicle tow away and impound services,Nationwide Towing Services,182161.23 AUD,29/10/2028,3585
INV341189,Building maintenance services,PROGRAMMED FACILITY MANAGEMENT PTY LTD,"$197,191.45",25/10/09, 
INV341190,Vehicle tow away and impound services,nationwide towing services,0.2m,03/04/2029,3585
INV341191,Open spaces management - region 2,Serco,225467.12,2028-02-05,3677
INV341192,Civil infrastructure services,Citywide Service Solutions Pty Ltd (AUS),188326.24,15 May 2027,3665
INV341193,Vehicle tow away and impound services,Nationwide To,0.1m,25/02/21,3585
INV341194,Management of Active Melbourne recreation facilities,victorian ymca community programming pty ltd,0.0m,12-Aug-2028,3615
INV341195,Building cleaning services,Menzies International (Aust) Pty Ltd,"$240,185.6",24-Dec-2027,3634
INV341196,Open spaces management - region 1,Citywide,126478.31,30-Aug-2028,3676
INV341197,Street cleaning,spotless facility services pty ltd,143598.15 AUD,02/12/2029,3669
INV341198,Street cleaning,Spotless Facility Services Pty. Ltd.,"$44,736.32",2025-03-31,3669
INV341199,Melbourne Town Hall venue management,SHOWTIME EVENT GROUP PTY LTD,"$237,481.66",17 October 2025,3670
INV341200,Graffiti management and pressure cleaning services,Calcorp,"$123,874.16",15-Jan-2028,3668
INV341201,Tree management maintenance services,Citywide,"$67,492.25",27-Nov-2029,3678
INV341202,Waste management services,Cleanaway Waste M,"$203,211.32",12-Sep-2026,3556
INV341203,Building maintenance services,Programmed,0.2m,23-Oct-2028,3630
INV341204,Parking technology services,Reino International Pty Ltd T/A Dunaan Solutions,60516.1,27/01/01,3623
INV341205,Open spaces management - region 2,SERCO (AU),"$101,225.07",05/01/2029,3677
INV341206,Melbourne Town Hall venue management,Showtime Event,135043.1,03/02/2025,3670
INV341207,Parking technology services,Reino International Pty ,"$28,530.15",20/02/2025,3623
INV341208,Parking technology services,reino international pty ltd t/a duncan solutions,61653.21 AUD,04 January 2025,3623
INV341209,Integrated security services,National Protective Services P/L,34261.02,06/10/2025,3686
INV341210,Tree management maintenance services,Citywide  Service  Solutions  Pty  Ltd,"$2,374.98",15/04/2029,3678
INV341211,Building maintenance services,Programmed Facility Management Pty Ltd (AUS),207697.12,30 January 2029,3630
INV341212,Parking technology services,Reino International P/L T/A Duncan Solutions,139485.57 AUD,01 April 2029,3623
INV341213,Graffiti management and pressure cleaning services,Calcorp Services Pty wtd,0.1m,16/06/2026,3668
INV341214,Vehicle tow away and impound services,Nationwide,0.2m,06 November 2029,3585
INV341215,Tree management maintenance services,Citywide Service Solutions Pty Ltd,230815.62,11 August 2025,3678
INV341216,Open spaces management - region 2,Citywide  Service  Solutions  Pty  Ltd,0.1m,29/11/28,3665
INV341217,Building maintenance services,Programmed Facility Management Pty Ltd (AUS),114935.69 AUD,09-Sep-2025,3630
INV341218,Open spaces management - region 2,SERCO,0.2m,2026-12-02,3677
INV341219,Civil infrastructure services,cleanaway waste management limited,16110.73,17-Feb-2027,3556
INV341220,Waste management services,Cleanaway  Waste  Management  Limited,76238.13,29/06/26, 
INV341221,Waste management services,Cleanaway,201157.15,2028-10-05,3556
INV341222,Building maintenance services,Programmed,227453.87 AUD,22 July 2028,3630
INV341223,Open spaces management - region 1,Citywide  Service  Solutions  Pty  Ltd,"$184,819.1",06 April 2029,3676
INV341224,Open spaces management - region 2,SERCO,"$4,234.43",14-Sep-2026,3677
INV341225,Street cleaning,Spotless Facility Services Pty Ltd,165302.42 AUD,25/12/2028,3669
INV341226,Parking technology services,National Protective Services Pty Ltd (AU),"$185,302.23",04 March 2029,3686
INV341227,Management of Active Melbourne recreation facilities,victorian ymca community programming pty ltd,0.2m,2029-01-23,3615
INV341228,Building cleaning services,Menzies International (Aust) Pty Ltd,114285.28 AUD,29/01/16,3634
INV341229,Melbourne Town Hall venue management,Showtime Event Group P/L,196585.56,29/02/22,3670
INV341230,Management of Active Melbourne recreation facilities,Victorian YMCA Community Programming Pty Ltd (AUS),219021.89,26/04/19,3615
INV341231,Building maintenance services,Programmed,"$186,814.03",22 March 2029,3630
INV341232,Open spaces management - region 1,Citywide Service Solutions P/L,76734.44,28/12/01,3676
INV341233,Parking technology services,Reino enternational Pty Ltd T/A Duncan Solutions,43439.19 AUD,05-May-2029,3623
INV341234,Building maintenance services,Programmed Facility Mgmt Pty Ltd,135309.28,2029-08-17,3630
INV341235,Street cleaning,spotless facility services pty ltd,0.0m,19 November 2029,3669
INV341236,Integrated security services,National  Protective  Services  Pty  Ltd,188839.31,27/11/28,3686
INV341237,Open spaces management - region 1,CITYWIDE SERVICE SOLUTIONS PTY LTD,194946.69,2025-03-11,3676
INV341238,Building cleaning services,Menzies International (Aust) Pty Ltd (AUS),24181.45,2028-10-02,3634
INV341239,Waste management services,Cleanaway Waste Management Limited (AUS),0.2m,08/08/2026, 
INV341240,Open spaces management - region 2,SERCO,,28/02/12,3677
INV341241,Open spaces management - region 1,Citywide Service Solutions Pty. Ltd.,78724.49,29/09/2028,3676
INV341242,Building maintenance services,Programmed Facility Management Pty Ltd,0.1m,26/09/2025,3630
INV341243,Building maintenance services,Programmed Facility Management Pty Ltj,0.2m,03/02/2026, 
INV341244,Building cleaning services,Menzies Int’l (Aust) Pty Ltd,189213.83,22 November 2025,3634
INV341245,Integrated security services,National Protective Services Pty. Ltd.,157507.47 AUD,28/02/29,3686
INV341246,Integrated security services,National Protective Services Pty. Ltd.,164358.86,10 November 2027,3686
INV341247,Waste management services,cleanaway waste management limited,65374.92,28-Feb-2029,3556
INV341248,Open spaces management - region 2,SlRCO,0.1m,2025-02-25,3677
INV341249,Civil infrastructure services,Citywide Service Solutions P/L,0.2m,10/10/2025,3665
INV341250,Vehicle tow away and impound services,Nationwide To,0.2m,06 January 2028,3585
INV341251,Vehicle tow away and impound services,nationwide towing services,128814.95,03 September 2029,3585
INV341252,Vehicle tow away and impound services,Nationwide To,113018.74,2025-06-09,3585
INV341253,Tree management maintenance services,Citywide Service ,44807.0,24 April 2027,3678
INV341254,Building cleaning services,Menzies,0.0m,03 June 2026,3634
INV341255,Open spaces management - region 1,Citywide  Service  Solutions  Pty  Ltd,0.1m,2027-05-05,3676
INV341256,Waste management services,Cleanaway Waste Management Limited,121421.79,11/04/2027,3556
INV341257,Waste management services,Cleanaway Waste Management Limited,76697.25,30-Nov-2025,3556
INV341258,Street cleaning,Spotless Facilety Services Pty Ltd,"$225,409.23",16/04/2026,3669
INV341259,Graffiti management and pressure cleaning services,Calcorp Services Pty Ltd,0.2m,2026-11-24,3668
INV341260,Civil infrastructure services,Citywide Service Solutions Pty. Ltd.,217749.68 AUD,26/12/03,3665
INV341261,Civil infrastructure services,CitywideServiceSolutionsPtyLtd,0.0m,10-Aug-2025,3665
INV341262,Waste management services,Cleanaway Waste Management Limhted,204777.16 AUD,2026-11-05,3556
INV341263,Civil infrastructure services,Cisywide Service Solutions Pty Ltd,173226.4,29/11/28,3665
INV341264,Vehicle tow away and impound services,Nationwide Towing uervices,"$205,954.88",11 December 2029,3585
INV341265,Street cleaning,Nationwide Towing Services,87657.16,20 June 2027,3585
INV341266,Vehicle tow away and impound services,Nationwide To,168907.02,28 July 2027,3585
INV341267,Waste management services,CLEANAWAY WASTE MANAGEMENT LIMITED,"$168,173.03",31/05/2026,3556
INV341268,Waste management services,Cleanaway Waste Management Limited (AU),160246.51,08/08/2025,3556
INV341269,Vehicle tow away and impound services,NationwideTowingServices,"$101,360.14",29/07/15,3585
INV341270,Management of Active Melbourne recreation facilities,Victorian YMCA Community Programming Pwy Ltd,0.2m,28/04/15,3615
INV341271,Street cleaning,Spotless Facility Services Pty Ltd,0.1m,17/09/2028,3669
INV341272,Civil infrastructure services,SHOWTIME EVENT GROUP PTY LTD,0.0m,27/09/03,3670
INV341273,Waste management services,Cleanaway  Waste  Management  Limited,3784.26 AUD,26/12/2028,3556
INV341274,Integrated security services,National Protective Services Pty Ltd (AUS),137806.55,2025-11-23,3686
INV341275,Vehicle tow away and impound services,NationwideTowingServices,,2028-03-08,3585
INV341276,Melbourne Town Hall venue management,Showtime Event,0.1m,29/06/05,3670
INV341277,Open spaces management - region 1,Citywide Service Solutions Pty Ltd,"$189,476.27",30 September 2026,3676
INV341278,Street cleaning,Spotless,26025.41,14-Nov-2027,3669
INV341279,Management of Active Melbourne recreation facilities,Victorian YMCA Community Programming Pty Ltd (AUS),229455.1 AUD,28/01/09,3615
INV341280,Civil infrastructure services,Citywide Service Solutions P/L,,04/02/2028,3665
INV341281,Management of Active Melbourne recreation facilities,VICTORIAN YMCA COMMUNITY PROGRAMMING PTY LTD,88067.75,03/07/2026,3615
INV341282,Waste management services,Cleanaway  Waste  Management  Limited,71456.97 AUD,30/07/2026,3556
INV341283,Tree management maintenance services,citywide service solutions pty ltd,0.2m,15 September 2029,3678
INV341284,Vehicle tow away and impound services,Nationwide Towing Services (AUS),0.1m,16/08/2025,3585
INV341285,Open spaces management - region 1,Citywide Service Solutions Pty Ltd,143469.65,12 May 2028,3676
INV341286,Tree management maintenance services,Citywide Service ,0.2m,06/06/2025,3678
INV341287,Graffiti management and pressure cleaning services,calcorp services pty ltd,"$103,582.85",24 August 2029,3668
INV341288,Open spaces management - region 2,Calcorp  Services  Pty  Ltd,0.1m,27/10/2029,3668
INV341289,Melbourne Town Hall venue management,ShowtimeEventGroupPtyLtd,238441.5 AUD,2029-11-22,3670
INV341290,Building maintenance services,Programmed Facility Management Pty Ltd (AU),57437.3,15/04/2029,3630
INV341291,Vehicle tow away and impound services,Nationwide Towing Services (AU),105679.37 AUD,31/08/2028,3585
INV341292,Management of Active Melbourne recreation facilities,Victorian YMCA Community Programming P/L,72077.2,04-May-2025,3615
INV341293,Integrated security services,National Protective Services Pty. Ltd.,238375.15 AUD,30-Apr-2025,3686
INV341294,Tree management maintenance services,CitywideServiceSolutionsPtyLtd,198755.95 AUD,28/05/08,3678
INV341295,Graffiti management and pressure cleaning services,Showtime,167488.13,23-Aug-2025, 
INV341296,Open spaces management - region 1,Citywide Service Solutions Pty Lth,0.2m,07/01/2025,3676
INV341297,Vehicle tow away and impound services,Nationwide  Towing  Services,0.2m,06-Aug-2027,3585
INV341298,Building cleaning services,Menzies International (tust) Pty Ltd,189059.75,03/11/2029,3634
INV341299,Graffiti management and pressure cleaning services,Calcorp Services Pty Ltd (AUS),"$84,068.11",13-Apr-2027,3668
INV341300,Waste management services,Cleanaway  Waste  Management  Limited,0.0m,08-Aug-2029,3556
INV341301,Graffiti management and pressure cleaning services,Calcorp Services Pty Ltd (AU),149048.19 AUD,02-Jul-2029,3668
INV341302,Building cleaning services,Menzies,194814.28 AUD,31-Aug-2029,3634
INV341303,Graffiti management and pressure cleaning services,Calcorp Services Pty Ltd,0.1m,19/10/2026,3668
INV341304,Building cleaning services,Menzfes International (Aust) Pty Ltd,0.0m,2025-11-06,3634
INV341305,Tree management maintenance services,Citywide Service Solutions Pty Ltd,0.2m,12/03/2028,3678
INV341306,Vehicle tow away and impound services,NATIONWIDE TOWING SERVICES,134849.87,06/11/2028,3585
INV341307,Waste management services,Cleanaway  Waste  Management  Limited,33126.79,07/08/2029,3556
INV341308,Waste management services,Cleanaway Waste Management Limited,200400.74,22 October 2029,3556
INV341309,Building maintenance services,Programmed Facility Management Pty. Ltd.,162884.66,30-Sep-2026,3630
INV341310,Street cleaning,SPOTLESS FACILITY SERVICES PTY LTD,0.1m,30 September 2028,3669
INV341311,Melbourne Town Hall venue management,Showtime Event Group Pty Ltd,26386.63 AUD,08 July 2027,3670
INV341312,Open spaces management - region 1,SERCO,13175.03,2029-03-17,3677
INV341313,Vehicle tow away and impound services,Nationwide Towing Services (AU),0.2m,13 January 2026,3585
INV341314,Tree management maintenance services,Citywide Service Solutions P/L,104422.16 AUD,24/04/2027,3678
INV341315,Building maintenance services,Programmed Facility Management Pty Ltd,0.2m,24 April 2025,3630
INV341316,Parking technology services,Reino Intl Pty Ltd T/A Duncan Solutions,"$124,207.3",27 May 2025,3623
INV341317,Building maintenance services,Programmed Facility Manqgement Pty Ltd,131009.62 AUD,29/07/2029,3630
INV341318,Vehicle tow away and impound services,nationwide towing services,155408.71,28-Jun-2027, 
INV341319,Open spaces management - region 1,Citywide  Service  Solutions  Pty  Ltd,0.1m,29/08/03,3676
INV341320,Integrated security services,Menzies,"$53,038.28",23-Oct-2029,3634
INV341321,Building cleaning services,Menzies International (Aust) Pty Ltd,20659.73,03 June 2026,3634
INV341322,Building maintenance services,Programmed Facility Management Pty Ltd,167360.09,27/10/17,3630
INV341323,Open spaces management - region 1,CitywideServiceSolutionsPtyLtd,"$94,124.86",09/11/2028,3676
INV341324,Management of Active Melbourne recreation facilities,Victorian YMCA Community Programming Pty Ltd (AUS),"$211,363.8",12/01/2028,3615
INV341325,Street cleaning,Spotless Facility Services P/L,0.1m,2026-08-06,3669
INV341326,Parking technology services,Reino Intl Pty Ltd T/A Duncan Solutions,75303.53,04-Aug-2028,3623
INV341327,Open spaces management - region 1,Citywide,106509.88 AUD,27/05/09,3676
INV341328,Street cleaning,Spotless Facility Services P/L,0.2m,29/09/2025,3669
INV341329,Tree management maintenance services,Citywide Service Solutions Pky Ltd,19714.55,28/05/31,3678
INV341330,Street cleaning,Spotless Facility Services Pty Ltd,"$19,456.11",27/01/12,3669
INV341331,Management of Active Melbourne recreation facilities,Viotorian YMCA Community Programming Pty Ltd,49270.33,28/06/24,3615
INV341332,Waste management services,Cleanaway Waste Mgmt Limited,"$221,525.27",01 September 2029,3556
INV341333,Open spaces management - region 2,Reino International Pty Ltd T/A Duncan Solutions,352.26,2029-04-03,3623
INV341334,Melbourne Town Hall venue management,Showtime Event Group Pty Ltd (AUS),0.2m,25/09/2028,3670
INV341335,Building cleaning services,Menzies International (Aust) Pty. Ltd.,48501.67,29/04/29,3634
INV341336,Open spaces management - region 2,SERCO,"$179,626.69",2026-12-12,3677
INV341337,Melbourne Town Hall venue management,Calcorp Services Pty Ltd,"$127,524.54",23-Oct-2026,3668
INV341338,Vehicle tow away and impound services,Nationwide,"$50,941.88",2029-07-14,3585
INV341339,Civil infrastructure services,Citywide Service Solutions Pty Ltd (AUS),0.2m,14 November 2028,3665
INV341340,Civil infrastructure services,Cetywide Service Solutions Pty Ltd,0.2m,2027-12-26,3665
INV341341,Melbourne Town Hall venue management,Showtime Event,186060.04 AUD,23 August 2029,3670
INV341342,Parking technology services,Reino  International  Pty  Ltd  T/A  Duncan  Solutions,0.2m,06-Sep-2025,3623
INV341343,Civil infrastructure services,ReinoInternationalPtyLtdT/ADuncanSolutions,"$241,728.77",2029-09-16,3623
INV341344,Open spaces management - region 2,serco,0.2m,29/09/08,3677
INV341345,Waste management services,CLEANAWAY WASTE MANAGEMENT LIMITED,"$87,309.84",18-Oct-2026,3556
INV341346,Melbourne Town Hall venue management,Showtime,52476.26,13-Jul-2026,3670
INV341347,Civil infrastructure services,Citywide Service Solutions Pty Ltd (AUS),178403.02,2029-08-27,3665
INV341348,Parking technology services,Reino International Pty Ltd T/A Duncan Solutions,198274.29,12-Jul-2025,3623
INV341349,Building cleaning services,Menzies Internatio,14698.27 AUD,02 January 2025,3634
INV341350,Management of Active Melbourne recreation facilities,Victorian YMCA Communi,160985.84 AUD,18-Apr-2025,3615
INV341351,Integrated security services,National  Protective  Services  Pty  Ltd,226964.0,25/11/28,3686
INV341352,Tree management maintenance services,Citywide Service Solutions Pty Ltd,0.1m,18/09/2025,3665
INV341353,Management of Active Melbourne recreation facilities,Victorian YMCA Community Programming Pty Ltd (AUS),"$197,642.39",28/12/2026, 
INV341354,Management of Active Melbourne recreation facilities,VictorianYMCACommunityProgrammingPtyLtd,0.1m,25/03/09,3615
INV341355,Vehicle tow away and impound services,nationwide towing services,0.1m,25/06/2025,3585
INV341356,Management of Active Melbourne recreation facilities,Victorian YMCA Community Programming P/L,0.2m,08/09/2028,3615
INV341357,Graffiti management and pressure cleaning services,Citywide Service Solutions Pty Ltd,77814.88 AUD,31 August 2026,3678
INV341358,Tree management maintenance services,Citywide Service Solutions Pty. Ltd.,92046.03,20 June 2027,3678
INV341359,Civil infrastructure services,citywide service solutions pty ltd,109040.38,11-Mar-2026,3665
INV341360,Open spaces management - region 1,CitywideServiceSolutionsPtyLtd,183973.69,22-May-2025,3676
INV341361,Civil infrastructure services,Citywide Sedvice Solutions Pty Ltd,0.2m,22 February 2027,3665
INV341362,Graffiti management and pressure cleaning services,Calcorp Services Pty Ltd,0.1m,12/09/2027,3668
INV341363,Vehicle tow away and impound services,Nationwide To,0.1m,24 December 2029,3585
INV341364,Street cleaning,Spotless Facility Services P/L,0.1m,09/03/2028,3669
INV341365,Open spaces management - region 2,SERCO,"$93,427.17",13-Oct-2027,3677
INV341366,Vehicle tow away and impound services,NationwideTowingServices,0.1m,2028-05-03,3585
INV341367,Building maintenance services,Programmed Facility Management P/L,"$120,041.52",22-Jun-2026,3630
INV341368,Open spaces management - region 2,serco,91997.3 AUD,23 January 2027,3677
INV341369,Street cleaning,Spotless Facility Services Pty Ltd (AU),76420.46,06 April 2027,3669
INV341370,Melbourne Town Hall venue management,ShowtimeEventGroupPtyLtd,0.2m,17 June 2027,3670
INV341371,Street cleaning,Spotless Facility Services Pty Ltd,"$65,504.4",2026-06-10,3669
INV341372,Management of Active Melbourne recreation facilities,VICTORIAN YMCA COMMUNITY PROGRAMMING PTY LTD,0.1m,23/03/2025,3615
INV341373,Parking technology services,Reino International Pty. Ltd. T/A Duncan Solutions,"$74,832.78",04/05/2027,3623
INV341374,Integrated security services,National Protective Services Pty Ltd,0.2m,22-Jun-2028,3686
INV341375,Parking technology services,Reino International Pty Ltd T/A Duncan Solutions (AUS),102733.15,21 February 2029,3623
INV341376,Building maintenance services,programmed facility management pty ltd,0.0m,31-Mar-2028,3630
INV341377,Waste management services,Cleanaway Waste Management Limited,0.2m,29/04/30,3556
INV341378,Parking technology services,Reino International Pty ,"$5,753.85",02/06/2029,3623
INV341379,Parking technology services,Reino,51198.12,28/12/15,3623
INV341380,Open spaces management - region 1,Citywide Service ,0.2m,2028-08-11,3676
INV341381,Integrated security services,SPOTLESS FACILITY SERVICES PTY LTD,204657.62,15 July 2027,3669
INV341382,Street cleaning,SPOTLESS FACILITY SERVICES PTY LTD,0.2m,10/01/2026,3669
INV341383,Parking technology services,Reino International Pty Ltd T/A Duncan Solutions (AUS),56892.57,2029-01-24,3623
INV341384,Graffiti management and pressure cleaning services,CALCORP SERVICES PTY LTD,"$174,265.41",09 January 2027,3668
INV341385,Building maintenance services,Programmed Facility Management Pty Ltd (AU),0.1m,24/01/2025,3630
INV341386,Graffiti management and pressure cleaning services,Calcorp,0.2m,12 October 2029,3668
INV341387,Open spaces management - region 1,Citywide Service Solutions Pty Ltd,223512.13 AUD,2026-11-15,3676
INV341388,Melbourne Town Hall venue management,showtime event group pty ltd,19592.85,22-Aug-2026,3670
INV341389,Melbourne Town Hall venue management,Showtime Event Group Pty Ltd (AUS),57502.13 AUD,11-Aug-2029,3670
INV341390,Waste management services,Menzies Intl (Aust) Pty Ltd,53075.8 AUD,08 December 2028,3634
INV341391,Building cleaning services,Menzies International (Aust) Pty Ltd,0.1m,26/08/13,3634
INV341392,Street cleaning,Spotless Facility Services Pty Ltd (AU),25156.51,17/12/2027,3669
INV341393,Building maintenance services,Programmed Facility Management Pty Ltd,56347.0,28/06/2028,3630
INV341394,Building maintenance services,Programmed Facility Management Pty Ltd,31285.82,08 August 2029,3630
INV341395,Melbourne Town Hall venue management,SHOWTIME EVENT GROUP PTY LTD,214720.42 AUD,26/03/2025,3670
INV341396,Melbourne Town Hall venue management,Spotless Facility Services Pty Ltd,"$112,449.98",16 July 2029,3669
INV341397,Waste management services,Cleanaway WastesManagement Limited,228247.55 AUD,20-Mar-2029,3556
INV341398,Waste management services,Cleanaway Waste Management Ltd,202652.84,11/11/2026,3556
INV341399,Integrated security services,Citywide Service Solutions P/L,246180.83,09 August 2028,3676
INV341400,Management of Active Melbourne recreation facilities,Victorian YMCA Community Programming Pty Ltd,162864.79 AUD,14-Jan-2026,3615
INV341401,Civil infrastructure services,CITYWIDE SERVICE SOLUTIONS PTY LTD,0.1m,2028-06-16, 
INV341402,Building maintenance services,Programmed,218990.95 AUD,15/04/2028,3630
INV341403,Tree management maintenance services,CITYWIDE SERVICE SOLUTIONS PTY LTD,0.1m,30 August 2029,3678
INV341404,Management of Active Melbourne recreation facilities,Victorian YMCA Community Programming Pty Ltd (AUS),158907.99 AUD,2029-12-22,3615
INV341405,Open spaces management - region 1,Citywide Service Sslutions Pty Ltd,"$123,837.12",07-Jul-2027,3676
INV341406,Melbourne Town Hall venue management,showtime event group pty ltd,154700.68 AUD,2028-07-26,3670
INV341407,Tree management maintenance services,Citywide Service Solutions Pty. Ltd.,0.1m,03/09/2027,3678
INV341408,Tree management maintenance services,Citywide Service Solutions Pty Ltd,0.1m,29/12/13,3678
INV341409,Integrated security services,national protective services pty ltd,188651.69 AUD,01 September 2025,3686
INV341410,Integrated security services,National Protective Services Pty Ltd,0.0m,2025-05-16,3686
INV341411,Waste management services,Cleanaway Waste Management Limited (AUS),113360.26 AUD,26/06/2027,3556
INV341412,Open spaces management - region 2,SERCO,130957.11 AUD,27/08/01,3677
INV341413,Waste management services,Cleanaway Waste Management Limited,238904.94,13/05/2026,3556
INV341414,Building cleaning services,Menzies International (Aust) Pty Ltd (AU),99168.9,29/12/24,3634
INV341415,Open spaces management - region 2,SERCO (AUS),"$175,384.53",2027-05-12,3677
INV341416,Open spaces management - region 2,SEcCO,119805.4 AUD,06 September 2028,3677
INV341417,Melbourne Town Hall venue management,Showtime Event Group Pty Ltd,150047.98 AUD,04/04/2025,3670
INV341418,Street cleaning,Spotless Facility Services Pty. Ltd.,65462.87,29/07/31,3669
INV341419,Integrated security services,National  Protective  Services  Pty  Ltd,53143.26 AUD,26/08/12,3686
INV341420,Integrated security services,National Protective Services P/L,35472.41,25-Apr-2027,3686
INV341421,Open spaces management - region 1,citywide service solutions pty ltd,239738.6 AUD,29/07/02,3676
INV341422,Open spaces management - region 1,Citywide Service Solutions P/L,244726.57 AUD,11-Sep-2027,3676
INV341423,Vehicle tow away and impound services,Nationwide Towing Servives,"$63,141.68",13 December 2026,3585
INV341424,Parking technology services,Reino,0.2m,26/08/13,3623
INV341425,Waste management services,Cleanaway Waste Management Ltd,0.2m,22/11/2028,3556
INV341426,Open spaces management - region 2,SERCO,0.1m,09 April 2025,3677
INV341427,Vehicle tow away and impound services,NATIONWIDE TOWING SERVICES,"$67,305.16",01/10/2025,3585
INV341428,Building maintenance services,programmed facility management pty ltd,60729.9,22 May 2026,3630
INV341429,Vehicle tow away and impound services,Nationwide Towing Services,124013.24,26/08/28,3585
INV341430,Graffiti management and pressure cleaning services,calcorp services pty ltd,213570.39,26/03/30,3668
INV341431,Building maintenance services,Programmed Facility Management Pty Ltd (AU),135655.57 AUD,14 January 2029,3630
INV341432,Open spaces management - region 1,Citywide Service Solutions Pty Ltd,239410.53 AUD,2026-01-27,3676
INV341433,Tree management maintenance services,Citywide Service Solutions P/L,22886.15 AUD,2025-03-07,3678
INV341434,Melbourne Town Hall venue management,Showtime Event Group Pty Ltd,161944.56 AUD,15-Dec-2026,3670
INV341435,Graffiti management and pressure cleaning services,CalcorpServicesPtyLtd,173227.57 AUD,29/11/23,3668
INV341436,Civil infrastructure services,Showtime Event Group Pty Ltd (AUS),146858.5,28/11/2028,3670
INV341437,Integrated security services,National  Protective  Services  Pty  Ltd,104066.38 AUD,02 January 2027,3686
INV341438,Open spaces management - region 2,SERCO (AU),203819.04,02/07/2029,3677
INV341439,Street cleaning,Spotless Facility Services Pty Ltd,223343.42 AUD,26/11/04,3669
INV341440,Tree management maintenance services,Citywide Service Solutions Pty. Ltd.,"$55,033.07",05/06/2026, 
INV341441,Management of Active Melbourne recreation facilities,Victorian YMCA Community Programming Pty. Ltd.,0.1m,10-Jan-2025,3615
INV341442,Waste management services,Cleanaway  Waste  Management  Limited,"$123,661.13",11 January 2025,3556
INV341443,Melbourne Town Hall venue management,ShowtimeEventGroupPtyLtd,0.0m,11/10/2025,3670
INV341444,Building cleaning services,MENZIES INTERNATIONAL (AUST) PTY LTD,64302.98 AUD,2029-02-18,3634
INV341445,Open spaces management - region 1,Citywide Service Solutilns Pty Ltd,0.2m,04/06/2025,3676
INV341446,Civil infrastructure services,CITYWIDE SERVICE SOLUTIONS PTY LTD,76109.15 AUD,15/05/2028,3665
INV341447,Parking technology services,Reino International Pty Ltd T/A Duncan Solutions,80084.52,28/07/01,3623
INV341448,Building cleaning services,menzies international (aust) pty ltd,155627.0,08/11/2029,3634
INV341449,Management of Active Melbourne recreation facilities,Victorian YMCA Community Programming Pty Ltd (AUS),0.2m,30/04/2026,3615
INV341450,Civil infrastructure services,Citywide Service Solutions Pty. Ltd.,0.2m,26/09/08,3665
INV341451,Integrated security services,National Protective Services P/L,88433.16,28 June 2027,3686
INV341452,Building maintenance services,Programmed Facility Management P/L,86217.32 AUD,2026-09-25,3630
INV341453,Tree management maintenance services,Citywide Service Solutions Pty Ltd,175816.33,23/11/2026,3678
INV341454,Tree management maintenance services,Citywide Service Solutions Pty Ltd (AU),165538.31 AUD,16/11/2025,3678
INV341455,Waste management services,Cleanaway Waste Mbnagement Limited,0.1m,18-Sep-2029, 
INV341456,Tree management maintenance services,Citywide Service Solutions Pty Ltd (AU),160827.5 AUD,07 March 2029,3678
INV341457,Integrated security services,National,146725.56,30/10/2029,3686
INV341458,Integrated security services,NATIONAL PROTECTIVE SERVICES PTY LTD,0.2m,2025-07-11,3686
INV341459,Management of Active Melbourne recreation facilities,Victorian YMCA Community Programming Pty Ltd,219337.97 AUD,13/02/2027,3615
INV341460,Melbourne Town Hall venue management,Showtime Event Group Pty Ltd,158815.45,14/07/2026,3670
INV341461,Building maintenance services,Programmed Facility Management Pty Ltd,"$104,264.8",2029-11-17,3630
INV341462,Street cleaning,Spotless Facility Services Pty Ltd,25975.43,13-Jan-2029,3669
INV341463,Building cleaning services,Menzies Intdrnational (Aust) Pty Ltd,"$97,505.85",02/01/2027,3634
INV341464,Melbourne Town Hall venue management,Showtime Event GroupsPty Ltd,244822.62,15-Nov-2026,3670
INV341465,Vehicle tow away and impound services,Nationwide Towing Services,90370.55 AUD,17/10/2027,3585
INV341466,Parking technology services,Reino,"$82,608.53",05/12/2025,3623
INV341467,Street cleaning,Spotless Facility Services Pty Ltd,244305.9,14/03/2029,3669
INV341468,Graffiti management and pressure cleaning services,CalcorpServicesPtyLtd,111406.42,27/06/24,3668
INV341469,Building cleaning services,Menzies International (Aust) Pty Ltd,105571.83 AUD,24/06/2026,3634
INV341470,Vehicle tow away and impound services,Nationwide  Towing  Services,0.1m,01/05/2029, 
INV341471,Management of Active Melbourne recreation facilities,victorian ymca community programming pty ltd,133924.22,28/05/31, 
INV341472,Vehicle tow away and impound services,Nationlide Towing Services,58821.71 AUD,23-Nov-2025,3585
INV341473,Waste management services,CLEANAWAY WASTE MANAGEMENT LIMITED,20763.64,04/10/2025,3556
INV341474,Graffiti management and pressure cleaning services,calcorp services pty ltd,188316.15 AUD,27/08/30,3668
INV341475,Integrated security services,NationalProtectiveServicesPtyLtd,0.0m,13 December 2025,3686
INV341476,Graffiti management and pressure cleaning services,Calcorp Serv,221497.11 AUD,26/10/18,3668
INV341477,Civil infrastructure services,citywide service solutions pty ltd,78877.06,2026-01-18,3665
INV341478,Graffiti management and pressure cleaning services,Calcorp Services Pty Ltd (AUS),163939.13,04 June 2028,3668
INV341479,Building cleaning services,Menzies International (Aust) Pty Ltd (AUS),95078.57,27/01/21,3634
INV341480,Open spaces management - region 2,Serco,217942.32,16 August 2028,3677
INV341481,Building maintenance services,Programmed Facility Management Pty Ltd (AUS),0.2m,2026-01-22,3630
INV341482,Parking technology services,Reino  International  Pty  Ltd  T/A  Duncan  Solutions,2503.24,30-Sep-2025,3623
INV341483,Integrated security services,National Protectiv,63494.31,29/08/13,3686
INV341484,Civil infrastructure services,Citywide Service Solutions Pty Ltd (AU),15946.96,28/08/2029,3665
INV341485,Parking technology services,Reino International Pty. Ltd. T/A Duncan Solutions,187267.6,18/02/2027,3623
INV341486,Street cleaning,SPOTLESS FACILITY SERVICES PTY LTD,112995.81,2028-01-13,3669
INV341487,Civil infrastructure services,Citywide Service Solutions Pty Ltd (AU),"$91,759.04",06/10/2028,3665
INV341488,Building maintenance services,Programmed Facility Management Pty Ltd,160916.66,28/04/17,3630
INV341489,Tree management maintenance services,Citywide Servvce Solutions Pty Ltd,0.1m,29/08/2027,3678
INV341490,Tree management maintenance services,Citywide Service Solutions Pty Ltd,"$248,589.84",12/10/2028,3678
INV341491,Management of Active Melbourne recreation facilities,Victorian YMCA Community Programming Pty Ltd,51991.58,2025-06-23,3615
INV341492,Civil infrastructure services,citywide service solutions pty ltd,0.1m,01/02/2025,3665
INV341493,Open spaces management - region 2,Serco,"$123,387.05",08/05/2025,3677
INV341494,Open spaces management - region 2,SERCO,78435.06,2026-12-24,3677
INV341495,Open spaces management - region 2,SERCO,11763.71,10 August 2025,3677
INV341496,Graffiti management and pressure cleaning services,Calcorp Services Pty Ltd (AU),0.0m,,3668
INV341497,Vehicle tow away and impound services,nationwide towing services,"$12,325.78",10/09/2027,3585
INV341498,Street cleaning,Spotless Facility Services Pty Ltd (AUS),193485.29 AUD,23/12/2026,3669
INV341499,Tree management maintenance services,CITYWIDE SERVICE SOLUTIONS PTY LTD,43532.01,2026-09-11,3678
INV341500,Street cleaning,Spotless Facility Services Pty Ltd (AUS),"$18,086.57",2025-11-05,3669
INV341501,Waste management services,cleanaway waste management limited,"$106,339.59",12 September 2026,3556
INV341502,Street cleaning,Spotless Facility,60920.71,05/07/2027,3669
INV341503,Open spaces management - region 2,SERCO,"$91,238.74",26/08/10,3677
INV341504,Open spaces management - region 2,SERCO,123030.81,2027-09-27,3677
INV341505,Melbourne Town Hall venue management,Showtime Event Group Pty Ltd (AUS),116106.08 AUD,18 November 2026,3670
INV341506,Vehicle tow away and impound services,Nationwide To,48011.46 AUD,14 June 2026,3585
INV341507,Parking technology services,Reino,14725.89,10-Aug-2029,3623
INV341508,Open spaces management - region 1,Citywide,221952.46,08/09/2027,3676
INV341509,Parking technology services,Reino International P/L T/A Duncan Solutions,227641.67,27-Jun-2027,3623
INV341510,Open spaces management - region 1,Citywide  Service  Solutions  Pty  Ltd,"$46,328.07",17 October 2026,3676
INV341511,Vehicle tow away and impound services,Nationwide Towing Services (AU),0.2m,19/06/2028,3585
INV341512,Integrated security services,NationalProtectiveServicesPtyLtd,221019.4 AUD,09-Aug-2028,3686
INV341513,Management of Active Melbourne recreation facilities,Victorian  YMCA  Community  Programming  Pty  Ltd,98447.41,28-Oct-2027,3615
INV341514,Tree management maintenance services,Citywide  Service  Solutions  Pty  Ltd,25997.55,2026-04-01,3678
INV341515,Melbourne Town Hall venue management,Showtime Event Group Pty Ltd,"$90,153.04",25 June 2026,3670
INV341516,Graffiti management and pressure cleaning services,Calcorp Services P/L,139544.56,08/10/2028,3668
INV341517,Management of Active Melbourne recreation facilities,Victorian YMCA Community Programming Pty Ltd (AUS),96126.77,25 September 2026, 
INV341518,Melbourne Town Hall venue management,Showtime Event Group Pty Ltd (AU),0.0m,30-Oct-2026,3670
INV341519,Parking technology services,Reino International Pty Ltd T/A Duncan Solutions,79957.14 AUD,08 February 2027,3623
INV341520,Building maintenance services,programmed facility management pty ltd,168688.28,17/09/2025,3630
INV341521,Building maintenance services,Programmed  Facility  Management  Pty  Ltd,173377.27,16 November 2025,3630
INV341522,Civil infrastructure services,Citywide Service ,124106.44,25/04/30,3665
INV341523,Graffiti management and pressure cleaning services,CalcorpServicesPtyLtd,26639.78 AUD,09 February 2026,3668
INV341524,Building maintenance services,Programmed Facility Management Pty Ltd (AUS),61283.13,26/06/26,3630
INV341525,Civil infrastructure services,Citywide Service Solutions Pty Ltd (AU),0.1m,29/01/14, 
INV341526,Civil infrastructure services,Citywide Service Solutions Pty Ltd,157145.02,26/02/17,3665
INV341527,Melbourne Town Hall venue management,Showtime Event Group Pty Ltd,"$183,761.89",08 February 2028,3670
INV341528,Management of Active Melbourne recreation facilities,Victorian YMCA Community Programming Pty Ltd,"$121,347.33",16 February 2027,3615
INV341529,Building cleaning services,MenziesInternational(Aust)PtyLtd,"$205,198.64",21-Sep-2026,3634
INV341530,Management of Active Melbourne recreation facilities,Victorian YMCA Community Programming P/L,175361.19 AUD,23-Apr-2028,3615
INV341531,Melbourne Town Hall venue management,Showeime Event Group Pty Ltd,103337.22 AUD,07 November 2026,3670
INV341532,Building maintenance services,Programmed Facility Management Pty Ltd (AU),"$202,783.85",27/07/2027,3630
INV341533,Open spaces management - region 1,Citywide Service ,170797.08,29 July 2025,3676
INV341534,Building maintenance services,Programmed Facility Mgmt Pty Ltd,67978.7,19/02/2029,3630
INV341535,Open spaces management - region 1,Citywide Service Solutions Pty Ltd,"$16,023.65",10-Jul-2026,3676
INV341536,Building cleaning services,MenziesInternational(Aust)PtyLtd,230777.04,20 June 2028,3634
INV341537,Civil infrastructure services,Citywide,24672.98,03 December 2029,3665
INV341538,Building cleaning services,Menzies International (Aust) Pty. Ltd.,"$151,585.44",01/02/2027,3634
INV341539,Waste management services,Cleanaway Waste Management LTD,172671.84,17/05/2027,3556
INV341540,Melbourne Town Hall venue management,Showtime Event Group Pty Ltd (AUS),235352.36,17-Aug-2027,3670
INV341541,Integrated security services,National,0.2m,2029-11-22,3686
INV341542,Integrated security services,National Protectiv,0.2m,27/06/2026,3686
INV341543,Building maintenance services,ProgrammedFacilityManagementPtyLtd,"$33,537.02",22 September 2027,3630
INV341544,Open spaces management - region 2,SERCO,"$122,767.24",26 August 2025,3677
INV341545,Civil infrastructure services,Citywide Service Solutions Pty Ltd (AU),35826.66 AUD,29/08/11,3665
INV341546,Parking technology services,Reino Intl Pty Ltd T/A Duncan Solutions,229587.6,25/06/2026,3623
INV341547,Civil infrastructure services,Citywide Service Solutions P/L,76299.49,23 January 2025,3665
INV341548,Street cleaning,Spotless  Facility  Services  Pty  Ltd,8275.38 AUD,31-Oct-2028,3669
INV341549,Open spaces management - region 1,Citywide Service Solutions P/L,0.2m,,3676
INV341550,Vehicle tow away and impound services,NATIONWIDE TOWING SERVICES,"$175,473.22",26 July 2027,3585
INV341551,Melbourne Town Hall venue management,Showtime Event Group Pty. Ltd.,84377.93,28 September 2029,3670
INV341552,Building cleaning services,Menzies International (Aust) Pty Ltd,"$207,569.81",18-Feb-2027,3634
INV341553,Graffiti management and pressure cleaning services,SERCO (AUS),216637.15,29/12/05,3677
INV341554,Open spaces management - region 2,SERCO,195911.21,26/02/10,3677
INV341555,Parking technology services,ReinoInternationalPtyLtdT/ADuncanSolutions,138171.96 AUD,22 December 2026,3623
INV341556,Building cleaning services,Menzies,0.0m,20/06/2026,3634
INV341557,Street cleaning,SpotlessFacilityServicesPtyLtd,24091.66,15/12/2026,3669
INV341558,Waste management services,Cleanaway Waste Mgmt Limited,11409.51,21 February 2026,3556
INV341559,Parking technology services,Reino International Pty Ltd T/A Duncan Solutions,"$162,880.68",29/05/14,3623
INV341560,Vehicle tow away and impound services,Nationwide  Towing  Services,89123.01,25/06/20,3585
INV341561,Street cleaning,Spotless Facility Services Pty Ltd,196724.09 AUD,18 April 2027,3669
INV341562,Vehicle tow away and impound services,SEhCO,156055.58,07/01/2027,3677
INV341563,Open spaces management - region 2,SERCO,0.2m,25/06/23,3677
INV341564,Integrated security services,National,"$123,838.7",11/05/2028,3686
INV341565,Building maintenance services,Programmed Facility Management Pty Ltd,0.1m,25/04/21,3630
INV341566,Parking technology services,Reino International Pty Ltd T/A Duncan Solutions,47114.99,2027-08-25,3623
INV341567,Tree management maintenance services,Citywide Service Solutions Pty Ltd (AU),"$14,385.46",26/04/23,3678
INV341568,Integrated security services,national protective services pty ltd,133790.24 AUD,12-Jan-2025,3686
INV341569,Integrated security services,national protective services pty ltd,0.1m,28/12/21,3686
INV341570,Building maintenance services,Programmed Facility Management Pty Ltd,"$47,143.48",27/06/2026,3630
INV341571,Graffiti management and pressure cleaning services,Calcorp Services Pty Ltd (AUS),0.0m,2028-09-12,3668
INV341572,Civil infrastructure services,CitywideServiceSolutionsPtyLtd,113540.23,18/01/2028,3665
INV341573,Open spaces management - region 2,SERCo,0.2m,03/06/2027,3677
INV341574,Street cleaning,Spotless Facility Services Pty. Ltd.,"$177,415.74",03 November 2025, 
INV341575,Open spaces management - region 1,citywide service solutions pty ltd,0.2m,27/11/2029,3676
INV341576,Tree management maintenance services,Citywide Service Solutions Pty Ltd,231636.99 AUD,25/06/2027,3678
INV341577,Parking technology services,Reino International Pty Ltd T/A Duncan Solutions (AUS),148828.63,22/07/2028,3623
INV341578,Integrated security services,NATIONAL PROTECTIVE SERVICES PTY LTD,219056.22,28-Jan-2029,3686
INV341579,Parking technology services,Reino International Pty Ltd T/A Duncan Solutions,"$26,613.49",10 May 2026,3623
INV341580,Vehicle tow away and impound services,nationwide towing services,"$106,535.83",25/09/28,3585
INV341581,Integrated security services,national protective services pty ltd,0.2m,25 January 2029,3686
INV341582,Civil infrastructure services,Citywide Service Solutions Pty. Ltd.,121805.36 AUD,05/08/2027,3665
INV341583,Management of Active Melbourne recreation facilities,victorian ymca community programming pty ltd,236740.25 AUD,04-Jul-2028,3615
INV341584,Building cleaning services,Menzies International (Aust) Pty Lqd,155446.82,17/06/2028,3634
INV341585,Integrated security services,National Protective Services Pty. Ltd.,46028.33,20/05/2028,3686
INV341586,Open spaces management - region 1,Citywide  Service  Solutions  Pty  Ltd,36406.59,15-Aug-2027,3676
INV341587,Parking technology services,Showtime Event Group P/L,"$161,707.5",11/01/2025,3670
INV341588,Integrated security services,NATIONAL PROTECTIVE SERVICES PTY LTD,"$8,335.45",28/12/07,3686
INV341589,Building maintenance services,Programmed Facility Management Pty. Ltd.,0.2m,10/10/2027,3630
INV341590,Street cleaning,Spotless Facility Services Pty Ltd (AU),245541.13 AUD,2027-12-17,3669
INV341591,Building cleaning services,Menzies International (Aust) Pty Ltd (AUS),49236.54,08/05/2027,3634
INV341592,Melbourne Town Hall venue management,Showtime Event Group P/L,0.1m,04 July 2027,3670
INV341593,Street cleaning,spotless facility services pty ltd,0.0m,03/11/2026,3669
INV341594,Open spaces management - region 1,Citywide Service ,5194.04 AUD,20 July 2027,3676
INV341595,Graffiti management and pressure cleaning services,Calcorp Sxrvices Pty Ltd,31319.83,2027-12-23,3668
INV341596,Street cleaning,Spotless Facility Services Pty Ltd,"$34,909.6",28/03/2026,3669
INV341597,Graffiti management and pressure cleaning services,CALCORP SERVICES PTY LTD,"$5,100.71",28/01/2025,3668
INV341598,Building cleaning services,Menzies International (Aust) Pty. Ltd.,138715.61 AUD,25/08/2029,3634
INV341599,Civil infrastructure services,citywide service solutions pty ltd,"$221,270.45",21/02/2029,3665
INV341600,Graffiti management and pressure cleaning services,Calcorp,"$30,572.88",16/06/2026,3668
INV341601,Waste management services,Cleanaway Waste Management Ltd,132468.43,03/02/2027,3556
INV341602,Street cleaning,Citywide Service ,103099.65,24/12/2025,3678
INV341603,Integrated security services,National Protective Services Pty Ltd,112584.48,03 June 2029,3686
INV341604,Waste management services,Cleanaway Waste Management Ltd,225928.07,18/04/2025,3556
INV341605,Open spaces management - region 1,Citywide  Service  Solutions  Pty  Ltd,190614.42 AUD,25/05/10,3676
INV341606,Building maintenance services,Programmed  Facility  Management  Pty  Ltd,"$172,470.93",19/11/2027,3630
INV341607,Graffiti management and pressure cleaning services,Calcorp Services Pty Ltd,"$66,569.24",29/09/20,3668
INV341608,Vehicle tow away and impound services,Nationwide Towing Services,"$96,336.35",19 August 2028,3585
INV341609,Melbourne Town Hall venue management,Showtime Event Group Pty. Ltd.,55878.08,2029-08-16,3670
INV341610,Waste management services,Cleanaway Waste M,"$217,936.33",28/05/23,3556
INV341611,Building maintenance services,ProgrammedFacilityManagementPtyLtd,0.2m,28 December 2029,3630
INV341612,Melbourne Town Hall venue management,Showtime,109946.88,2029-11-12,3670
INV341613,Graffiti management and pressure cleaning services,Calcorp Services Pty Ltd,199811.91,,3668
INV341614,Open spaces management - region 2,SERCu,35168.45,21-Oct-2026,3677
INV341615,Open spaces management - region 1,Citywide Service Solutions Pty Ltd,183150.59 AUD,21 January 2028,3676
INV341616,Parking technology services,Reino International Pty Ltd T/A Duncan Solutions (AUS),114616.83,09/02/2028,3623
INV341617,Management of Active Melbourne recreation facilities,Victorian YMoA Community Programming Pty Ltd,127790.57 AUD,28/09/2025,3615
INV341618,Waste management services,Cleanaway Waste Management Limited (AU),"$217,045.22",20/04/2026,3556
INV341619,Parking technology services,Reino International Pty Ltd T/A Duncan Solutions,224297.23 AUD,26/01/04,3623
INV341620,Parking technology services,Reino International Pty ,,16 February 2029,3623
INV341621,Integrated security services,National Protective Services Pty Ltd (AU),0.2m,28/06/22,3686
INV341622,Civil infrastructure services,CITYWIDE SERVICE SOLUTIONS PTY LTD,0.2m,2026-05-26,3665
INV341623,Building maintenance services,Programmed Facility Management Pty Ltd (AUS),174013.84,27/07/02,3630
INV341624,Vehicle tow away and impound services,Nationwide Towing Services (AUS),"$9,136.74",2027-05-22,3585
INV341625,Vehicle tow away and impound services,Nationwide Towing Services,158936.99,08/11/2028,3585
INV341626,Building cleaning services,Menzies  International  (Aust)  Pty  Ltd,0.2m,25-Aug-2028,3634
INV341627,Tree management maintenance services,CITYWIDE SERVICE SOLUTIONS PTY LTD,83853.49,22-Feb-2028,3678
INV341628,Parking technology services,Reino International Pty Ltd T/A Duncan Solutions (AU),127984.48 AUD,14/06/2025,3623
INV341629,Parking technology services,Reino International Pty Ltd T/A Duncan Solutions (AUS),0.1m,12/04/2027,3623
INV341630,Melbourne Town Hall venue management,Showtime Event Group Pty. Ltd.,68383.02,28 February 2029,3670
INV341631,Melbourne Town Hall venue management,Showtime Event Group Pty Ltd (AU),75744.96 AUD,11/09/2025,3670
INV341632,Open spaces management - region 1,Citywide Service Solutions Pty Ltd,132387.35,2029-06-24,3676
INV341633,Graffiti management and pressure cleaning services,Citywide Service Solutions Pty Ltd,179579.24 AUD,2027-05-26,3665
INV341634,Waste management services,CleanawayWasteManagementLimited,63714.9,30 March 2027,3556
INV341635,Tree management maintenance services,CITYWIDE SERVICE SOLUTIONS PTY LTD,2557.26 AUD,26-Sep-2029,3678
INV341636,Parking technology services,Reino International Pty Ltd T/A Duncan Solutions,235763.55,08/01/2026,3623
INV341637,Vehicle tow away and impound services,Nationwide Towing Services,188386.66,17/11/2027,3585
INV341638,Integrated security services,national protective services pty ltd,173038.98,01-Apr-2028,3686
INV341639,Building cleaning services,Menzies Internatio,"$193,390.99",13 December 2025,3634
INV341640,Building cleaning services,MenziesInternational(Aust)PtyLtd,123583.28,19-Feb-2026,3634
INV341641,Civil infrastructure services,Citywide Service Solutions Pty. Ltd.,60561.94,2029-04-26, 
INV341642,Melbourne Town Hall venue management,Showtime Event Group Pty Ltd (AU),106555.09,25-Oct-2029,3670
INV341643,Graffiti management and pressure cleaning services,Calcorp Services P/L,149154.82,29/05/20,3668
INV341644,Graffiti management and pressure cleaning services,CALCORP SERVICES PTY LTD,125088.96,13/02/2027,3668
INV341645,Civil infrastructure services,Citywide,"$189,623.26",30-Oct-2026,3665
INV341646,Vehicle tow away and impound services,Nationwide Towing Services (AUS),172079.53,21/01/2026,3585
INV341647,Parking technology services,Reino International Pty Ltd T/A Duncan Solutions,"$194,622.54",22/03/2029,3623
INV341648,Open spaces management - region 2,SERCO,"$237,112.74",06/03/2029,3677
INV341649,Parking technology services,Reino International Pty Ltd T/A Duncan Solutitns,39098.98,12 June 2029,3623
INV341650,Open spaces management - region 2,SERCO (AU),226572.22 AUD,30-Mar-2029,3677
INV341651,Open spaces management - region 2,SERCO,35597.42,27/07/2025,3677
INV341652,Tree management maintenance services,Citywide  Service  Solutions  Pty  Ltd,0.2m,13/03/2029,3678
INV341653,Integrated security services,National Protective Services Pty Ltd,0.1m,27/11/27,3686
INV341654,Integrated security services,National Protective Services Pty Ltd (AUS),198160.09 AUD,26/12/05,3686
INV341655,Street cleaning,Spotless Facility Services P/L,46772.65,2028-09-17,3669
INV341656,Graffiti management and pressure cleaning services,Calcorp Services Pty Ltd (AUS),0.2m,2029-07-30,3668
INV341657,Graffiti management and pressure cleaning services,CALCORP SERVICES PTY LTD,167359.37,2027-11-10,3668
INV341658,Open spaces management - region 1,Calcorp Services P/L,240837.53,2025-09-13,3668
INV341659,Open spaces management - region 1,CitywideServiceSolutionsPtyLtd,0.2m,29/05/2027,3676
INV341660,Street cleaning,Spotless Facility Services Pty. Ltd.,"$9,561.25",29/08/09,3669
INV341661,Waste management services,cleanaway waste management limited,7811.43,27/06/2027,3556
INV341662,Melbourne Town Hall venue management,Showtime Event Group Pty Ltd,0.2m,25/06/13,3670
INV341663,Waste management services,cleanaway waste management limited,73993.18,,3556
INV341664,Building cleaning services,Menzies International (Aust) Pty. Ltd.,"$135,545.45",03/10/2029,3634
INV341665,Management of Active Melbourne recreation facilities,Victorian YMCA Community Programming Pty. Ltd.,0.1m,09/03/2029,3615
INV341666,Vehicle tow away and impound services,Nationwide Towing Services,237497.59 AUD,28/03/06,3585
INV341667,Waste management services,CLEANAWAY WASTE MANAGEMENT LIMITED,121001.5 AUD,07-Jun-2028,3556
INV341668,Waste management services,CleanawayWasteManagementLimited,147777.36,24/09/2025,3556
INV341669,Open spaces management - region 2,SERCO,"$28,283.29",17-Feb-2026,3677
INV341670,Tree management maintenance services,citywide service solutions pty ltd,30283.91 AUD,01 March 2026,3678
INV341671,Parking technology services,Reino International Pty ,0.0m,24-Sep-2029,3623
INV341672,Open spaces management - region 1,Citywide Service Solutions Pty. Ltd.,0.2m,28/08/24, 
INV341673,Building maintenance services,Pbogrammed Facility Management Pty Ltd,"$159,870.61",2025-02-02,3630
INV341674,Civil infrastructure services,Citywide Service Solutions Pty. Ltd.,0.2m,01-Aug-2028,3665
INV341675,Waste management services,Cleanaway  Waste  Management  Limited,0.2m,07-Feb-2029,3556
INV341676,Building maintenance services,Programmed Facility Management Pty Ltd (AU),194609.16,20/01/2029,3630
INV341677,Waste management services,Cleanaway Waste Management Limited,159643.77,27/06/12,3556
INV341678,Melbourne Town Hall venue management,Showtime Event Group Pty Ltd (AU),182179.89 AUD,05/03/2026, 
INV341679,Civil infrastructure services,Citywide Service ,"$27,730.34",25/12/08,3665
INV341680,Building cleaning services,Menzies  International  (Aust)  Pty  Ltd,117377.92,28 September 2028,3634
INV341681,Tree management maintenance services,Citywide  Service  Solutions  Pty  Ltd,20589.47 AUD,25/10/17,3678
INV341682,Civil infrastructure services,Citywide Service Solutions Pty Ltd,0.1m,25 January 2026,3665
INV341683,Integrated security services,national protective services pty ltd,145882.24,24-Sep-2026,3686
INV341684,Management of Active Melbourne recreation facilities,Victorian YMCA CommunitytProgramming Pty Ltd,0.2m,27/08/2025,3615
INV341685,Integrated security services,National Protective Services Pty Ltd (AU),197478.21,28/09/19,3686
INV341686,Melbourne Town Hall venue management,Showtime Event Group Pty Ltd,0.2m,20/04/2027,3670
INV341687,Graffiti management and pressure cleaning services,Calcorp Services Pty Ltd,72331.23,16 August 2029, 
INV341688,Open spaces management - region 1,Citywide Service Solutions Pty Ltd (AU),6832.54,06/04/2025,3676
INV341689,Civil infrastructure services,Citywide Service Solutions Pty Ltd (AUS),0.1m,13 August 2025,3665
INV341690,Civil infrastructure services,Citywide Service Solutions Pty. Ltd.,103220.24 AUD,24/01/2029,3665
INV341691,Building cleaning services,Menzies International (Aust) Pty Ltd,97651.66 AUD,23/06/2029,3634
INV341692,Parking technology services,Reino Intl Pty Ltd T/A Duncan Solutions,40818.75,27/03/31,3623
INV341693,Tree management maintenance services,citywide service solutions pty ltd,94476.27,02 March 2029,3678
INV341694,Waste management services,Cleanaway Waste Management Limited (AUS),11887.63,01/04/2029,3556
INV341695,Building cleaning services,Menzies  International  (Aust)  Pty  Ltd,164419.33 AUD,19-Oct-2027,3634
INV341696,Street cleaning,Spotless,0.0m,11/05/2028,3669
INV341697,Civil infrastructure services,Citywide Service Solutions Pty Ltd (AUS),91700.4,27/07/01,3665
INV341698,Street cleaning,Spotless Facility Services Pty. Ltd.,28710.21,25/06/30,3669
INV341699,Open spaces management - region 1,Citywide,234180.34,09/03/2026,3676
INV341700,Parking technology services,ReinoInternationalPtyLtdT/ADuncanSolutions,0.1m,13 August 2027,3623
INV341701,Open spaces management - region 1,victorian ymca community programming pty ltd,203621.53,13-May-2029,3615
INV341702,Management of Active Melbourne recreation facilities,Victorian YMCA Community Programming Pty Ltd,169652.94,2025-10-05, 
INV341703,Civil infrastructure services,Citywide,109754.76,14/04/2029,3665
INV341704,Open spaces management - region 2,serco,207292.17 AUD,04/12/2025,3677
INV341705,Parking technology services,Reino Intl Pty Ltd T/A Duncan Solutions,191194.87 AUD,13 December 2029, 
INV341706,Civil infrastructure services,Citywide,125240.5 AUD,25/03/17,3665
INV341707,Open spaces management - region 2,ShRCO,199063.9,27/06/2027,3677
INV341708,Waste management services,Cleanaway Waste Management Limited (AUS),"$193,674.97",13 June 2025,3556
INV341709,Vehicle tow away and impound services,NATIONWIDE TOWING SERVICES,1949.15 AUD,04 July 2029,3585
INV341710,Integrated security services,National Protective Services Pty Ltd,204449.41 AUD,28 February 2025,3686
INV341711,Open spaces management - region 2,Serco,66789.02,01/09/2028, 
INV341712,Vehicle tow away and impound services,NATIONWIDE TOWING SERVICES,"$106,285.74",2028-11-04,3585
INV341713,Building cleaning services,Menzies International (Aust) Pty Ltd,25893.1,2027-10-26,3634
INV341714,Building cleaning services,Menzies International (Aust) Pty. Ltd.,0.1m,26 July 2029,3634
INV341715,Parking technology services,Reino International Pty Ltd T/A Duncan Solutions (AUS),66564.61,28/07/13,3623
INV341716,Integrated security services,NationalProtectiveServicesPtyLtd,26383.0 AUD,2029-06-11,3686
INV341717,Building cleaning services,MENZIES INTERNATIONAL (AUST) PTY LTD,27500.33,07/10/2029,3634
INV341718,Vehicle tow away and impound services,Nationwide Towing Services (AUS),"$78,637.73",01/12/2027,3585
INV341719,Parking technology services,Reino Intl Pty Ltd T/A Duncan Solutions,0.2m,21/05/2027,3623
INV341720,Management of Active Melbourne recreation facilities,Victorian YMCA CommunityrProgramming Pty Ltd,192575.5,2026-12-26,3615
INV341721,Street cleaning,SpotlessFacilityServicesPtyLtd,214719.02,25/10/2028,3669
INV341722,Civil infrastructure services,Citywide Service Solutions Pty Ltd (AU),112196.91,23/03/2027, 
INV341723,Open spaces management - region 2,SERCO,0.1m,2028-06-02,3677
INV341724,Civil infrastructure services,CITYWIDE SERVICE SOLUTIONS PTY LTD,0.0m,08/04/2026,3665
INV341725,Parking technology services,Reino International Pty. Ltd. T/A Duncan Solutions,87358.34,2027-06-10,3623
INV341726,Waste management services,Cleanaway Waste Management Limited (AUS),148796.9 AUD,04 June 2028,3556
INV341727,Building cleaning services,Menzies International (Aust) Pty Ltd,0.2m,2027-07-24,3634
INV341728,Street cleaning,SpotlessFacilityServicesPtyLtd,"$118,650.05",31/07/2025,3669
INV341729,Tree management maintenance services,Citywide Service Solutions Pty Ltd,173430.38 AUD,26/10/09,3678
INV341730,Waste management services,Cleanaway Waste Management Limited,164442.62,07 January 2028,3556
INV341731,Building maintenance services,Prodrammed Facility Management Pty Ltd,0.0m,2029-11-19,3630
INV341732,Graffiti management and pressure cleaning services,Calcorp Services Pty. Ltd.,126576.47,28 January 2029,3668
INV341733,Building maintenance services,ProgrammedFacilityManagementPtyLtd,133397.32 AUD,30 January 2027,3630
INV341734,Building maintenance services,Programmed Facility Management Pty. Ltd.,"$210,356.5",28/08/2028, 
INV341735,Building cleaning services,Menzies  International  (Aust)  Pty  Ltd,185982.68,16/09/2026,3634
INV341736,Parking technology services,Reino International Pty Ltd T/A Duncan Solutions (AU),43362.28 AUD,2029-07-27,3623
INV341737,Waste management services,CleanawayWasteManagementLimited,10727.1,05/02/2029,3556
INV341738,Management of Active Melbourne recreation facilities,Victorian YMCA Community Programming Pty. Ltd.,212876.62,29/11/29,3615
INV341739,Melbourne Town Hall venue management,Showtime Event Group Pty Ltd,113636.08 AUD,25/12/29,3670
INV341740,Open spaces management - region 2,SERCO,44943.46,2029-05-02,3677
INV341741,Tree management maintenance services,CitywideServiceSolutionsPtyLtd,0.1m,2029-07-16,3678
INV341742,Waste management services,Cleanaway Waste Management Limited,75573.52 AUD,12/02/2025,3556
INV341743,Civil infrastructure services,Citywide Service Solutions Pty Ltd,0.1m,28/08/12,3665
INV341744,Parking technology services,Reino,0.1m,26 June 2029,3623
INV341745,Open spaces management - region 1,Citywide Service Solutions pty Ltd,142065.33 AUD,16/11/2029,3676
INV341746,Waste management services,Reino,0.1m,28/09/16,3623
INV341747,Building cleaning services,Menzies  International  (Aust)  Pty  Ltd,224207.35,25/07/11,3634
INV341748,Integrated security services,National Protective Services Pty. Ltd.,125127.81,20 October 2026,3686
INV341749,Integrated security services,Nationwide,0.2m,25/09/10,3585
INV341750,Street cleaning,Citywide  Service  Solutions  Pty  Ltd,88994.61,2028-04-21,3678
INV341751,Building maintenance services,Programmed Facility Management Pty Ltd,175074.99,25/12/11,3630
INV341752,Building cleaning services,Menzies International (Aust) Pty Ltd (AU),"$167,612.3",2026-06-10, 
INV341753,Open spaces management - region 2,SERCO (AU),63945.49 AUD,15/04/2029,3677
INV341754,Integrated security services,National Protective Services Pty. Ltd.,105664.99 AUD,15/01/2026,3686
INV341755,Street cleaning,Spotless Facility Services Pty Ltd (AU),"$152,121.25",11/07/2025,3669
INV341756,Management of Active Melbourne recreation facilities,Victorian YMCA Community Programming Pty Ltd,184405.53,18 July 2025,3615
INV341757,Integrated security services,National Protective Services Pty. Ltd.,0.0m,2028-03-07,3686
INV341758,Tree management maintenance services,Citywide  Service  Solutions  Pty  Ltd,0.2m,26 August 2029, 
INV341759,Waste management services,Cleanaway  Waste  Management  Limited,0.2m,12/07/2029,3556
INV341760,Management of Active Melbourne recreation facilities,Victorian YMCA Community Programming Pty Ltd (AUS),26209.66,20-May-2025,3615
INV341761,Building maintenance services,Programmed Facility Mgmt Pty Ltd,"$53,720.66",23/12/2027,3630
INV341762,Street cleaning,Spotlwss Facility Services Pty Ltd,81877.8 AUD,01/09/2025,3669
INV341763,Graffiti management and pressure cleaning services,CALCORP SERVICES PTY LTD,231714.8,28/04/28,3668
INV341764,Integrated security services,National Protective Services Pty Ltd,0.2m,13 May 2027,3686
INV341765,Management of Active Melbourne recreation facilities,Victorian YMCA Community Programming Pty Ltd (AU),"$17,991.22",20/11/2028,3615
INV341766,Parking technology services,Reino  International  Pty  Ltd  T/A  Duncan  Solutions,0.1m,27/04/25,3623
INV341767,Civil infrastructure services,CITYWIDE SERVICE SOLUTIONS PTY LTD,0.1m,04 March 2026,3665
INV341768,Graffiti management and pressure cleaning services,Calcorp Services Pty Ltd (AUS),19944.28 AUD,01/07/2028,3668
INV341769,Melbourne Town Hall venue management,showtime event group pty ltd,95226.1,27/07/2029,3670
INV341770,Melbourne Town Hall venue management,Showtime  Event  Group  Pty  Ltd,219160.55 AUD,29/02/16,3670
INV341771,Management of Active Melbourne recreation facilities,Victorian  YMCA  Community  Programming  Pty  Ltd,188616.75,24 April 2029,3615
INV341772,Vehicle tow away and impound services,Nationwide Towing Services,171699.43,03-Aug-2026,3585
INV341773,Building maintenance services,ProgrammedFacilityManagementPtyLtd,"$79,441.9",14 July 2027,3630
INV341774,Street cleaning,Spotless Facility Services Pty Ltd,56493.66,25 February 2026,3669
INV341775,Tree management maintenance services,Citywide Service Solutions Pty Ltd,225241.92,2027-04-20,3678
INV341776,Tree management maintenance services,CITYWIDE SERVICE SOLUTIONS PTY LTD,151386.05 AUD,13/01/2027,3678
INV341777,Vehicle tow away and impound services,nationwide towing services,133616.3 AUD,2028-07-14,3585
INV341778,Open spaces management - region 1,CitywideServiceSolutionsPtyLtd,"$44,860.13",09-Feb-2026,3676
INV341779,Street cleaning,SPOTLESS FACILITY SERVICES PTY LTD,209573.44 AUD,30 May 2028,3669
INV341780,Vehicle tow away and impound services,Nationwide,"$76,314.9",24-Feb-2025,3585
INV341781,Building maintenance services,ProgrammedFacilityManagementPtyLtd,107912.06 AUD,26/01/21,3630
INV341782,Building maintenance services,Programmed Facility,0.1m,17/03/2028,3630
INV341783,Building cleaning services,MENZIES INTERNATIONAL (AUST) PTY LTD,143003.82 AUD,2027-01-08,3634
INV341784,Graffiti management and pressure cleaning services,Calcorp Services Pty Ltd,70403.27,25/08/19,3668
INV341785,Parking technology services,Reino International P/L T/A Duncan Solutions,23060.1,08/03/2026,3623
INV341786,Waste management services,CLEANAWAY WASTE MANAGEMENT LIMITED,0.2m,09/11/2029,3556
INV341787,Melbourne Town Hall venue management,Showtime EventfGroup Pty Ltd,0.1m,2026-02-28,3670
INV341788,Vehicle tow away and impound services,Nationwide Towing Services,119436.77,05/12/2029,3585
INV341789,Waste management services,cleanaway waste management limited,"$155,530.96",2026-03-25,3556
INV341790,Open spaces management - region 2,SERCO,118089.9,14/04/2026,3677
INV341791,Tree management maintenance services,Citywide Service Solutions Pty. Ltd.,98308.99,28/02/22, 
INV341792,Open spaces management - region 1,Citywide,"$211,430.32",2027-12-16,3676
INV341793,Open spaces management - region 2,SERCO,44415.86 AUD,08 February 2027,3677
INV341794,Management of Active Melbourne recreation facilities,VictorianYMCACommunityProgrammingPtyLtd,83887.38 AUD,23 September 2027,3615
INV341795,Building cleaning services,menzies international (aust) pty ltd,245359.71,27/01/08,3634
INV341796,Melbourne Town Hall venue management,Showtime Event Group P/L,165848.26 AUD,02/06/2028,3670
INV341797,Street cleaning,Spotless  Facility  Services  Pty  Ltd,0.1m,26/02/20,3669
INV341798,Open spaces management - region 1,Citywide Service Solutions P/L,"$32,066.08",27/11/29,3676
INV341799,Civil infrastructure services,Citywide Service Solutions P/L,0.1m,2025-01-25,3665
INV341800,Building cleaning services,Menzies International (Aust) Pty Ltd,165411.64,27/09/07,3634
INV341801,Integrated security services,Citywide  Service  Solutions  Pty  Ltd,0.1m,16/07/2029, 
INV341802,Building cleaning services,Menzies,77555.76,28/11/02,3634
INV341803,Building cleaning services,Menzies International (Aust) Pty Ltd,0.1m,09 March 2029,3634
INV341804,Parking technology services,Reino International Pty Ltd T/A Duncan Solutions (AUS),53806.97,27/07/22,3623
INV341805,Open spaces management - region 2,SERCO,20443.18 AUD,02 August 2027,3677
INV341806,Integrated security services,National Protective Services Pty Ltd,32383.04 AUD,15 November 2028,3686
INV341807,Management of Active Melbourne recreation facilities,Victorian Ymca Community Programming Pty Ltd,153741.38 AUD,04-Sep-2027,3615
INV341808,Open spaces management - region 2,SERCO,246437.42 AUD,2025-02-20,3677
INV341809,Street cleaning,SPOTLESS FACILITY SERVICES PTY LTD,0.1m,2028-01-18,3669
INV341810,Street cleaning,Spotless Facility Services P/L,"$122,042.25",06/10/2028,3669
INV341811,Vehicle tow away and impound services,Natlonwide Towing Services,"$128,317.45",25/10/26,3585
INV341812,Integrated security services,National Prjtective Services Pty Ltd,186744.09,2026-01-03,3686
INV341813,Open spaces management - region 1,CitywideServiceSolutionsPtyLtd,0.2m,04/10/2027,3676
INV341814,Graffiti management and pressure cleaning services,CalcorpServicesPtyLtd,"$92,727.35",14/04/2029,3668
INV341815,Parking technology services,Reino International Pty Ltd T/A Duncan Solutions,51147.32 AUD,06-Oct-2029,3623
INV341816,Open spaces management - region 1,CitywideServiceSolutionsPtyLtd,0.2m,21/01/2027,3676
INV341817,Integrated security services,National Protective Services Pty Ltd,"$44,005.94",30/04/2026,3686
INV341818,Tree management maintenance services,Citywide Service Solutions Pty. Ltd.,,28/09/01,3678
INV341819,Street cleaning,spotless facility services pty ltd,230777.36,09 November 2028, 
INV341820,Parking technology services,Reino International Pty Ltd T/A Duncan Solutions (AUS),193083.43 AUD,06/09/2028,3623
INV341821,Vehicle tow away and impound services,Nationwide Towing Services (AUS),158890.88,18 November 2028,3585
INV341822,Waste management services,CleanawayWasteManagementLimited,173164.73,25-Jun-2028,3556
INV341823,Melbourne Town Hall venue management,Showtime Event Group Pty Ltd,15530.55,29/05/19,3670
INV341824,Building maintenance services,ProgrammedFacilityManagementPtyLtd,0.1m,28/02/25, 
INV341825,Building maintenance services,programmed facility management pty ltd,0.2m,06/04/2026,3630
INV341826,Street cleaning,Spotless Facility Services Pty Ltd (AU),0.0m,27 August 2025,3669
INV341827,Management of Active Melbourne recreation facilities,Victorian YMCA Comvunity Programming Pty Ltd,0.2m,15 June 2026,3615
INV341828,Waste management services,Cleanaway  Waste  Management  Limited,"$248,558.89",2029-03-16,3556
INV341829,Integrated security services,Nqtional Protective Services Pty Ltd,,22/04/2029,3686
INV341830,Melbourne Town Hall venue management,Showtime  Event  Group  Pty  Ltd,167376.66,25/11/05,3670
INV341831,Melbourne Town Hall venue management,Showtime Event Group P/L,"$219,032.61",2028-02-24,3670
INV341832,Open spaces management - region 2,Serco,"$224,750.97",25/12/30,3677
INV341833,Building cleaning services,Menzies  International  (Aust)  Pty  Ltd,190127.35,23 March 2025,3634
INV341834,Tree management maintenance services,Citywide Service Solutions Pty Ltd,"$77,153.5",26/12/17,3678
INV341835,Waste management services,Cleanaway Waste Management Limited (AUS),"$79,920.01",11 October 2027,3556
INV341836,Open spaces management - region 2,SERCO,61448.74,26/10/21,3677
INV341837,Building cleaning services,Menzies International (Aust) P/L,229842.93,11 September 2027,3634
INV341838,Waste management services,CLEANAWAY WASTE MANAGEMENT LIMITED,0.2m,07-Oct-2029,3556
INV341839,Parking technology services,Reino International Pty. Ltd. T/A Duncan Solutions,"$72,936.7",2026-09-12,3623
INV341840,Civil infrastructure services,Citywide Service Solutions Pty Ltd,58609.84 AUD,22/05/2026,3665
INV341841,Building cleaning services,Menzies Intl (Aust) Pty Ltd,0.2m,17 December 2028,3634
INV341842,Waste management services,Cleanaway Waste Management Limited,247206.17,17-Mar-2027,3556
INV341843,Management of Active Melbourne recreation facilities,VICTORIAN YMCA COMMUNITY PROGRAMMING PTY LTD,0.2m,09/07/2025,3615
INV341844,Integrated security services,National Protective Services Pty Ltd,150442.86,29 November 2029,3686
INV341845,Open spaces management - region 2,SERCO,0.1m,17/03/2029, 
INV341846,Building cleaning services,Menzies Intl (Aust) Pty Ltd,0.1m,28/11/2025,3634
INV341847,Management of Active Melbourne recreation facilities,Victorian  YMCA  Community  Programming  Pty  Ltd,"$57,151.41",22 March 2025,3615
INV341848,Street cleaning,Spotless,5032.65,25/03/07,3669
INV341849,Melbourne Town Hall venue management,Showtime Event Group Pty Ltd,115381.3 AUD,03-Dec-2025,3670
INV341850,Integrated security services,National Protective Services Pty Ltd (AU),11133.01,26/12/2026,3686
INV341851,Building cleaning services,Menzies Internatio,0.1m,12/05/2025, 
INV341852,Building maintenance services,Programmed Facility,127190.56 AUD,19-Jun-2025,3630
INV341853,Open spaces management - region 2,SERCO (AUS),"$241,260.46",03-Jan-2028,3677
INV341854,Parking technology services,Reino International Pty Ltd T/A Duncan Solutions (AUS),0.2m,07-May-2029,3623
INV341855,Building cleaning services,Menzies International (Aust) Pby Ltd,36084.74,27/06/19,3634
INV341856,Tree management maintenance services,CITYWIDE SERVICE SOLUTIONS PTY LTD,171905.49,2028-02-03,3678
INV341857,Management of Active Melbourne recreation facilities,Victorian YMCA Community Programming Pty Ltd (AUS),"$53,980.72",09/06/2025,3615
INV341858,Civil infrastructure services,Menzies International (Aust) Pty Ltd,17395.15,20/10/2027,3634
INV341859,Waste management services,CleanawayWasteManagementLimited,54590.89 AUD,25/08/28,3556
INV341860,Waste management services,Cleanaway Waste Management Ltd,179267.87,29/07/2027,3556
INV341861,Building maintenance services,Programmed Facility Management Pty Ltd,0.0m,05-Jul-2027,3630
INV341862,Open spaces management - region 1,citywide service solutions pty ltd,"$24,578.66",01/05/2025,3676
INV341863,Graffiti management and pressure cleaning services,Calcorp,34034.14 AUD,25 August 2029,3668
INV341864,Waste management services,Cleanaway Waste M,0.0m,29/08/18,3556
INV341865,Parking technology services,Reino International Pty Ltd T/A Duncan Solutions,239086.8 AUD,15 August 2027,3623
INV341866,Civil infrastructure services,Citywide Service Solutions Pty Ltd (AUS),"$191,066.51",28/01/2029,3665
INV341867,Open spaces management - region 1,Citywide Service Solutions Pty Ltd,"$170,543.16",2026-04-15,3676
INV341868,Melbourne Town Hall venue management,Showtime Event Group Pty Ltd,"$77,297.88",25/11/19,3670
INV341869,Building maintenance services,Programmed  Facility  Management  Pty  Ltd,"$235,289.14",28/11/22,3630
INV341870,Parking technology services,Reino International Pty ,123796.13,26/05/21,3623
INV341871,Graffiti management and pressure cleaning services,Calcorp  Services  Pty  Ltd,"$51,689.37",14/12/2028,3668
INV341872,Management of Active Melbourne recreation facilities,Victorian  YMCA  Community  Programming  Pty  Ltd,"$249,410.36",28/08/09,3615
INV341873,Open spaces management - region 1,Citywide Scrvice Solutions Pty Ltd,0.2m,29/01/18,3676
INV341874,Parking technology services,Reino,6497.65 AUD,02/07/2025,3623
INV341875,Open spaces management - region 2,SERCO (AU),127536.33,2025-03-25,3677
INV341876,Parking technology services,ReinoInternationalPtyLtdT/ADuncanSolutions,151566.26 AUD,04 March 2029,3623
INV341877,Civil infrastructure services,Citywide Service Solutions P/L,132115.47,25/01/16,3665
INV341878,Integrated security services,National Protective Services P/L,"$242,125.62",20-Dec-2028,3686
INV341879,Parking technology services,Reino  International  Pty  Ltd  T/A  Duncan  Solutions,0.2m,26/12/07,3623
INV341880,Open spaces management - region 1,CITYWIDE SERVICE SOLUTIONS PTY LTD,22459.21 AUD,13-Apr-2025,3676
INV341881,Management of Active Melbourne recreation facilities,Victorian YMCA Communi,"$24,807.59",13/07/2025,3615
INV341882,Street cleaning,Spotless Facility Services Pty Ltd,0.2m,25/03/19,3669
INV341883,Melbourne Town Hall venue management,Showtime Event Group Pty. Ltd.,0.1m,04 February 2028,3670
INV341884,Civil infrastructure services,Citywide Service Solutions P/L,0.0m,26/02/12,3665
INV341885,Civil infrastructure services,Citywide,233521.17,09-Mar-2026,3665
INV341886,Melbourne Town Hall venue management,Victorian YMCA Community Programming Pty. Ltd.,182494.07,03 April 2027,3615
INV341887,Integrated security services,NationalProtectiveServicesPtyLtd,"$140,219.36",24/04/2026,3686
INV341888,Building maintenance services,Programmed Facility Management Pty Ltd,0.0m,14-Dec-2025,3630
INV341889,Street cleaning,Spotless Facility Services Pty Ltd (AU),58336.0 AUD,05-Mar-2025,3669
INV341890,Melbourne Town Hall venue management,Showtime Event Group Pty Ltd (AUS),"$186,623.61",28/04/04, 
INV341891,Parking technology services,Reino International Pty. Ltd. T/A Duncan Solutions,134520.81,10/02/2028,3623
INV341892,Tree management maintenance services,Citywide,43926.56 AUD,25 August 2029,3678
INV341893,Open spaces management - region 2,SERCO (AUS),"$148,979.03",16 February 2025,3677
INV341894,Tree management maintenance services,Citywide Service Solutions Pty Ltd (AU),"$209,802.02",29-Aug-2028,3678
INV341895,Civil infrastructure services,Citywide Service Solutions Pty Ltd,211553.7,27/04/25,3665
INV341896,Parking technology services,Reino International Pty ,0.0m,15/01/2028,3623
INV341897,Integrated security services,National Protective Services Pty Ltd,51560.98 AUD,2029-05-21,3686
INV341898,Building maintenance services,Programmhd Facility Management Pty Ltd,"$211,948.32",23/08/2026, 
INV341899,Tree management maintenance services,Citywide Service Solutions Pty Ltd,"$164,571.47",10/05/2029,3678
INV341900,Melbourne Town Hall venue management,Showtime Event Group Pty Ltd (AUS),30278.87,2026-01-20, 
INV341901,Civil infrastructure services,Citywide Service Solutions Pty Ltd,164164.64,27/03/19,3665
INV341902,Graffiti management and pressure cleaning services,Calcorp Services Pty. Ltd.,92239.79,27/11/04,3668
INV341903,Building cleaning services,Menzies Internatio,174899.05 AUD,16/03/2026,3634
INV341904,Waste management services,Cleanaway Waste Management Ltd,117603.63 AUD,28/11/26,3556
INV341905,Vehicle tow away and impound services,nationwide towing services,0.1m,26/08/2026,3585
INV341906,Building maintenance services,Programmed Facility Management Pty. Ltd.,52262.11 AUD,2029-05-20,3630
INV341907,Vehicle tow away and impound services,Nationwide,207851.92 AUD,06 May 2029,3585
INV341908,Vehicle tow away and impound services,Nationwide Towing Services,0.0m,29/05/2025,3585
INV341909,Tree management maintenance services,CITYWIDE SERVICE SOLUTIONS PTY LTD,0.2m,03/03/2026,3678
INV341910,Open spaces management - region 2,SERCO (AU),0.1m,2027-11-27,3677
INV341911,Waste management services,Cleanaway Waste Management Limited,"$111,781.63",26/07/2026,3556
INV341912,Graffiti management and pressure cleaning services,Calcorp Services Pty Ltd,"$39,620.38",07-Mar-2028,3668
INV341913,Open spaces management - region 2,serco,218336.81,2029-05-04,3677
INV341914,Graffiti management and pressure cleaning services,CALCORP SERVICES PTY LTD,116753.3,07-Nov-2027,3668
INV341915,Melbourne Town Hall venue management,Showyime Event Group Pty Ltd,72841.99 AUD,09/04/2027,3670
INV341916,Open spaces management - region 1,citywide service solutions pty ltd,126255.76 AUD,2026-05-31,3676
INV341917,Open spaces management - region 2,Serco,"$169,835.47",10 August 2026,3677
INV341918,Open spaces management - region 1,Citywipe Service Solutions Pty Ltd,72589.38 AUD,26/04/15,3676
INV341919,Waste management services,Cleanaway Waste Management LTD,0.1m,28/05/04,3556
INV341920,Melbourne Town Hall venue management,Showtime Event Group Pty Ltd,140805.04 AUD,2025-02-24,3670
INV341921,Civil infrastructure services,Citywide Service Solutions Pty Ltd,237069.61 AUD,03/05/2026,3665
INV341922,Melbourne Town Hall venue management,Showtime Event Group Pty Ltd (AUS),192926.76 AUD,01/02/2025,3670
INV341923,Parking technology services,Reino International P/L T/A Duncan Solutions,"$36,332.75",2025-10-10,3623
INV341924,Street cleaning,SPOTLESS FACILITY SERVICES PTY LTD,0.1m,20/03/2028,3669
INV341925,Open spaces management - region 1,Citywide,"$2,574.61",12/02/2029,3676
INV341926,Management of Active Melbourne recreation facilities,Victorian YMCA Communi,0.1m,20-Feb-2027,3615
INV341927,Open spaces management - region 1,CitywideServiceSolutionsPtyLtd,222067.76,19/10/2028,3676
INV341928,Street cleaning,Spotless Facility Services jty Ltd,106504.13,04 January 2028,3669
INV341929,Graffiti management and pressure cleaning services,Calcorp Services Pty Ltd (AU),109728.85,30/12/2028,3668
INV341930,Graffiti management and pressure cleaning services,Calcorp,49898.94,14 September 2027,3668
INV341931,Open spaces management - region 2,SERCO,123483.29,22 April 2026,3677
INV341932,Tree management maintenance services,Citywide Service Solutions Pty. Ltd.,150671.33,15 October 2027,3678
INV341933,Graffiti management and pressure cleaning services,Calcorp Services P/L,168873.9 AUD,2027-09-28,3668
INV341934,Open spaces management - region 2,SERCO,0.2m,14 June 2027,3677
INV341935,Integrated security services,NATIONAL PROTECTIVE SERVICES PTY LTD,8402.34,15 February 2029,3686
INV341936,Management of Active Melbourne recreation facilities,Victorian YMCA Community Programming Pty Ltd,29139.92,25-Oct-2025,3615
INV341937,Civil infrastructure services,Citywide  Service  Solutions  Pty  Ltd,165115.14 AUD,2027-04-24,3665
INV341938,Building cleaning services,Menzies International (Aust) Pty Ltd,54841.55 AUD,26/12/10,3634
INV341939,Parking technology services,Reino,3377.85 AUD,15/10/2026,3623
INV341940,Street cleaning,Spotless Facility Services PtysLtd,37471.06,27/05/23,3669
INV341941,Parking technology services,REINO INTERNATIONAL PTY LTD T/A DUNCAN SOLUTIONS,105279.68,04/04/2029,3623
INV341942,Open spaces management - region 1,Citywide,4192.26 AUD,04/01/2025,3676
INV341943,Open spaces management - region 1,Reino International Pty Ltd T/A Duncan Solucions,"$222,556.88",2026-08-18,3623
INV341944,Street cleaning,spotless facility services pty ltd,90066.04,2027-08-10,3669
INV341945,Civil infrastructure services,Citywide Service Solutions Pty Ltd,"$151,631.15",21/05/2028,3665
INV341946,Open spaces management - region 2,SERCO,"$187,563.32",2028-05-19,3677
INV341947,Open spaces management - region 1,Citywide Service ,163985.05,18/11/2026,3676
INV341948,Management of Active Melbourne recreation facilities,Victorian YMCA Community Programming Pty Ltd (AU),135371.62,28/08/16,3615
INV341949,Graffiti management and pressure cleaning services,Calcorp Serv,0.1m,07/01/2026,3668
INV341950,Graffiti management and pressure cleaning services,Calcorp Services Pty Ltd (AUS),111111.43 AUD,16 June 2027,3668
INV341951,Civil infrastructure services,CITYWIDE SERVICE SOLUTIONS PTY LTD,"$60,335.52",27/11/08,3665
INV341952,Graffiti management and pressure cleaning services,Calcorp Services Pty Ltd (AU),"$85,674.28",26/11/12,3668
INV341953,Tree management maintenance services,Citywide Service Solutions Pty Ltd (AUS),154462.1,22-Sep-2028,3678
INV341954,Open spaces management - region 1,Calcorp Services Pty Ltd,0.1m,02 February 2025,3668
INV341955,Building cleaning services,Menzies International (Aust) Pty Ltd (AUS),190938.1 AUD,08/10/2029,3634
INV341956,Building cleaning services,Menzies International (Aust) Pty Ltd,"$219,619.23",10 May 2026,3634
INV341957,Management of Active Melbourne recreation facilities,Victorian YMCA Communi,55346.97 AUD,25/12/18,3615
INV341958,Melbourne Town Hall venue management,SHOWTIME EVENT GROUP PTY LTD,216902.78 AUD,19/02/2025,3670
INV341959,Civil infrastructure services,Citywide Service Solutions Pty Ltd (AUS),232558.58,02/07/2029,3665
INV341960,Parking technology services,Reino International Pty Ltd T/A Duncan Solutions (AUS),"$147,378.24",01 December 2028,3623
INV341961,Graffiti management and pressure cleaning services,CalcorpServicesPtyLtd,92353.0 AUD,08-Oct-2029,3668
INV341962,Graffiti management and pressure cleaning services,Calcorp Services Pty Ltd,37374.3,23/04/2025,3668
INV341963,Building cleaning services,Menzies Int’l (Aust) Pty Ltd,107069.86,15-Jun-2027,3634
INV341964,Graffiti management and pressure cleaning services,Calcorp Servicds Pty Ltd,"$203,777.7",05 December 2028, 
INV341965,Integrated security services,national protective services pty ltd,81537.54,2027-02-05,3686
INV341966,Open spaces management - region 2,SERCO (AUS),130556.1 AUD,13/05/2026,3677
INV341967,Street cleaning,CalcorpServicesPtyLtd,0.2m,12/01/2026,3668
INV341968,Waste management services,Cleanaway  Waste  Management  Limited,"$17,381.24",03/03/2028, 
INV341969,Integrated security services,NATIONAL PROTECTIVE SERVICES PTY LTD,0.2m,25/01/30,3686
INV341970,Street cleaning,Spotless Facility Services P/L,99216.15,29/11/2029,3669
INV341971,Open spaces management - region 2,SERCO,0.1m,07-Jul-2028,3677
INV341972,Open spaces management - region 1,Citywide Service Solutions Pty Ltd,"$113,034.22",2028-05-09,3676
INV341973,Graffiti management and pressure cleaning services,Calcorp Serv,0.1m,22-Jul-2026,3668
INV341974,Open spaces management - region 2,SERCO,1329.72,01-Mar-2026,3677
INV341975,Graffiti management and pressure cleaning services,calcorp services pty ltd,0.2m,13 February 2027,3668
INV341976,Open spaces management - region 2,SERCO,149124.9 AUD,21-Oct-2029,3677
INV341977,Civil infrastructure services,Citywide Service Solutions Pty Ltd (AU),79135.56,16/02/2026,3665
INV341978,Building maintenance services,PROGRAMMED FACILITY MANAGEMENT PTY LTD,249588.75 AUD,14-Nov-2027,3630
INV341979,Tree management maintenance services,Citywide Service Solutions P/L,239832.0,12-Aug-2029,3678
INV341980,Tree management maintenance services,Citywide Service Solutions Pty Ltd,"$160,867.69",28 January 2026,3678
INV341981,Vehicle tow away and impound services,Nationwide Towing Services (AU),0.2m,30/12/2029,3585
INV341982,Open spaces management - region 2,SERCO,0.2m,18/11/2029,3677
INV341983,Parking technology services,Reino Int’l Pty Ltd T/A Duncan Solutions,241196.26,03/03/2028,3623
INV341984,Melbourne Town Hall venue management,Showtime  Event  Group  Pty  Ltd,135508.33 AUD,19 May 2028,3670
INV341985,Open spaces management - region 2,SERCO,"$66,586.57",03/11/2026,3677
INV341986,Open spaces management - region 2,SERCO,0.0m,08/04/2026,3677
INV341987,Parking technology services,Reino International Pty Ltd T/A Duncan Solutions,0.1m,26/06/30,3623
INV341988,Open spaces management - region 1,Nationwide Towing Servicec,240853.91 AUD,15/03/2027,3585
INV341989,Building cleaning services,Menzies Intl (Aust) Pty Ltd,98850.78,19-Jan-2029,3634
INV341990,Building cleaning services,Menzies International (Aust) P/L,"$103,186.91",22 July 2029, 
INV341991,Open spaces management - region 2,SERCO,162701.98 AUD,25/07/08,3677
INV341992,Tree management maintenance services,Citywide Service Solutions Pty Ltd,0.1m,28/07/30,3678
INV341993,Open spaces management - region 1,CitywideServiceSolutionsPtyLtd,"$18,954.61",2028-01-08,3676
INV341994,Building maintenance services,ProgrammedFacilityManagementPtyLtd,74537.69,2028-08-27,3630
INV341995,Integrated security services,National Protective Services Pty Ltd,176062.23,13 January 2026,3686
INV341996,Management of Active Melbourne recreation facilities,Victorian YMCA Community Programming Pty. Ltd.,86405.72 AUD,2029-07-31,3615
INV341997,Graffiti management and pressure cleaning services,calcorp services pty ltd,227034.42,24-Nov-2027,3668
INV341998,Management of Active Melbourne recreation facilities,VICTORIAN YMCA COMMUNITY PROGRAMMING PTY LTD,165363.91 AUD,15/07/2029,3615
INV341999,Integrated security services,National Protective Services Pty Ltd,82929.7 AUD,28/03/2025,3686
INV342000,Open spaces management - region 1,Citywide Service Solutions Pty Ltd (AUS),0.2m,2027-06-06, 
