InvoiceID,ContractTitle,Provider,InvoiceAmount,InvoiceDate,ContractNumber
INV105001,Open spaces management - region 1,Citywide Service ,"$211,062.51",16/12/2025,3676
INV105002,Street cleaning,SpotlessFacilityServicesPtyLtd,172669.43,24/01/2027,3669
INV105003,Management of Active Melbourne recreation facilities,Victorian  YMCA  Community  Programming  Pty  Ltd,"$80,409.54",09/05/2029,3615
INV105004,Tree management maintenance services,Citywide Service Solutions Pty Ltd,0.2m,,3678
INV105005,Building maintenance services,Programmed,186037.31,05-Apr-2029,3630
INV105006,Graffiti management and pressure cleaning services,CalcorpServicesPtyLtd,"$149,968.52",29 December 2028,3668
INV105007,Open spaces management - region 1,Citywide Service Solutions Pty Ltd (AUS),111205.63,04/03/2029,3676
INV105008,Management of Active Melbourne recreation facilities,Victorian,0.2m,15-Dec-2026,3615
INV105009,Civil infrastructure services,Citywide Service Solutions Pty. Ltd.,100919.15,20/10/2026,3665
INV105010,Street cleaning,SPOTLESS FACILITY SERVICES PTY LTD,172394.18,25/09/18,3669
INV105011,Building maintenance services,Programmed Facility,183462.37 AUD,,3630
INV105012,Vehicle tow away and impound services,Nationwide Towing Services,"$113,194.35",11/06/2029,3585
INV105013,Civil infrastructure services,Citywide Service ,236120.18 AUD,2028-11-11,3665
INV105014,Waste management services,Cleanaway Waste Management Ltd,139221.45,2029-07-16,3556
INV105015,Graffiti management and pressure cleaning services,Menzies  International  (Aust)  Pty  Ltd,"$100,430.05",12 December 2025, 
INV105016,Vehicle tow away and impound services,Nationwide To,226307.04,13 April 2025,3585
INV105017,Graffiti management and pressure cleaning services,CalcorpServicesPtyLtd,156580.31 AUD,10 June 2028,3668
INV105018,Integrated security services,National Protective Services Pty Ltd,47313.31,20/02/2025,3686
INV105019,Street cleaning,Spotless Facility Services Pty Ltd,"$80,468.22",23/07/2027,3669
INV105020,Vehicle tow away and impound services,Nationwide To,"$1,630.34",29 August 2025,3585
INV105021,Waste management services,CleanawayWasteManagementLimited,220351.38,29/09/28,3556
INV105022,Vehicle tow away and impound services,nationwide towing services,"$93,688.42",16 May 2029,3585
INV105023,Tree management maintenance services,Citywide  Service  Solutions  Pty  Ltd,0.1m,13/11/2028,3678
INV105024,Management of Active Melbourne recreation facilities,victorian ymca community programming pty ltd,214326.13 AUD,13 January 2028,3615
INV105025,Civil infrastructure services,Citywide Service Solutions Pty Ltd,204984.04,2029-06-03,3665
INV105026,Civil infrastructure services,CitywideServiceSolutionsPtyLtd,62885.45,15/12/2025,3665
INV105027,Tree management maintenance services,CITYWIDE SERVICE SOLUTIONS PTY LTD,105592.28 AUD,09-Nov-2026,3678
INV105028,Parking technology services,Reino International Pty ,51854.76,16/10/2027,3623
INV105029,Melbourne Town Hall venue management,Showtime Event Group Pty Ltd (AU),"$143,682.98",25/10/16,3670
INV105030,Waste management services,Cleanaway  Waste  Management  Limited,123216.51,28/08/23,3556
INV105031,Melbourne Town Hall venue management,ShowtimeEventGroupPtyLtd,152915.7 AUD,2028-08-08,3670
INV105032,Street cleaning,Spotless Facility Services Pty Ltd (AU),"$138,616.56",21 September 2027,3669
INV105033,Melbourne Town Hall venue management,Showtime  Event  Group  Pty  Ltd,"$117,297.31",23-Mar-2029,3670
INV105034,Integrated security services,national protective services pty ltd,0.2m,26/05/2026,3686
INV105035,Vehicle tow away and impound services,NATIONWIDE TOWING SERVICES,210973.88,17-Nov-2029,3585
INV105036,Integrated security services,National Protective Services Pty Ltd (AUS),227818.29,03 May 2027,3686
INV105037,Waste management services,cleanaway waste management limited,80422.93,21-Aug-2029,3556
INV105038,Melbourne Town Hall venue management,Showtime Event Group P/L,142040.76 AUD,06/03/2029,3670
INV105039,Building cleaning services,Menzies International (Aust) Pty. Ltd.,0.1m,17/03/2026,3634
INV105040,Building cleaning services,Menzies International (Aust) jty Ltd,"$102,170.24",23-May-2025,3634
INV105041,Building cleaning services,Menzies Internatio,64810.28,26 March 2028,3634
INV105042,Open spaces management - region 1,Citywide  Service  Solutions  Pty  Ltd,0.1m,25 February 2026,3676
INV105043,Graffiti management and pressure cleaning services,CALCORP SERVICES PTY LTD,212105.27 AUD,27/09/18,3668
INV105044,Parking technology services,Reino International Pty LtdvT/A Duncan Solutions,"$27,219.64",28/06/08,3623
INV105045,Building maintenance services,Programmed Facility Management Pty Ltd,211959.44,2028-03-24,3630
INV105046,Graffiti management and pressure cleaning services,Calcorp Serv,0.1m,11-Mar-2029,3668
INV105047,Open spaces management - region 2,SERCO (AUS),"$57,261.11",06-Apr-2028, 
INV105048,Melbourne Town Hall venue management,ShowtimeEventGroupPtyLtd,72332.85 AUD,2026-07-24,3670
INV105049,Building cleaning services,Menzies International (Aust) Pty Ltd,0.1m,07/10/2025,3634
INV105050,Open spaces management - region 2,SERCO,"$194,696.14",22 July 2025,3677
INV105051,Open spaces management - region 1,Cleanaway Waste Management Limited (AU),204564.81,16/04/2028,3556
INV105052,Open spaces management - region 2,xERCO,18247.0,13 January 2028,3677
INV105053,Graffiti management and pressure cleaning services,Calcorp Services Pty Ltd,157718.24,18/11/2027,3668
INV105054,Open spaces management - region 2,Serco,"$140,628.22",24/01/2025,3677
INV105055,Integrated security services,NATIONAL PROTECTIVE SERVICES PTY LTD,0.1m,2028-11-09, 
INV105056,Parking technology services,Reino Intl Pty Ltd T/A Duncan Solutions,53722.45 AUD,31/08/2027,3623
INV105057,Building maintenance services,programmed facility management pty ltd,0.2m,26/03/31,3630
INV105058,Vehicle tow away and impound services,Nationwide Towing Services,1592.51,2029-07-18,3585
INV105059,Open spaces management - region 1,Citywide  Service  Solutions  Pty  Ltd,47376.39 AUD,25/02/21,3676
INV105060,Waste management services,Cleanaway Waste Management Limited,47465.53 AUD,2029-03-11, 
INV105061,Building maintenance services,ProgrammedFacilityManagementPtyLtd,17808.69,21 February 2025,3630
INV105062,Street cleaning,Spotless Facility Services Pty Ltd (AU),61978.9 AUD,24/03/2025,3669
INV105063,Open spaces management - region 2,SERCO,0.1m,2026-01-04,3677
INV105064,Tree management maintenance services,CitywideServiceSolutionsPtyLtd,78872.12,10-Jul-2027,3678
INV105065,Vehicle tow away and impound services,nationwide towing services,195641.79,23/06/2025,3585
INV105066,Tree management maintenance services,Citywide  Service  Solutions  Pty  Ltd,0.2m,11/10/2029,3678
INV105067,Management of Active Melbourne recreation facilities,Victorian YMCA Community Programming Pty. Ltd.,0.2m,20/05/2025,3615
INV105068,Civil infrastructure services,CitywideServiceSolutionsPtyLtd,154695.48 AUD,2025-02-09,3665
INV105069,Management of Active Melbourne recreation facilities,Victorian YMCA Communi,"$17,449.77",26/03/04,3615
INV105070,Management of Active Melbourne recreation facilities,Victorian YMCA Community Programming Pty Ltd,,14-Apr-2025,3615
INV105071,Street cleaning,spotless facility services pty ltd,132952.13,2026-11-23,3669
INV105072,Melbourne Town Hall venue management,Showtime  Event  Group  Pty  Ltd,76421.9 AUD,21 June 2028,3670
INV105073,Parking technology services,Reino International Pty Ltd T/A Duncan Solutions,206130.0,15/09/2027,3623
INV105074,Waste management services,Cleanaway Waste Mgmt Limited,0.1m,28 March 2026,3556
INV105075,Management of Active Melbourne recreation facilities,Victorian  YMCA  Community  Programming  Pty  Ltd,104526.13,29/04/20,3615
INV105076,Open spaces management - region 1,Citywide Service Solutions Pty. Ltd.,242084.23,25-Jun-2029,3676
INV105077,Street cleaning,Spotless Fatility Services Pty Ltd,58349.8,25/09/23,3669
INV105078,Waste management services,CleanawayWasteManagementLimited,0.1m,16/09/2029, 
INV105079,Street cleaning,spotless facility services pty ltd,101298.88,25/07/31,3669
INV105080,Parking technology services,Reino International Pty Ltd T/A Duncan Solutions,0.0m,2028-04-22,3623
INV105081,Open spaces management - region 2,SEzCO,0.1m,2027-11-05,3677
INV105082,Open spaces management - region 2,SERCO,147195.65,19 March 2027,3677
INV105083,Tree management maintenance services,Cleanaway Waste Management Limited (AU),34802.29,03/03/2028,3556
INV105084,Tree management maintenance services,Citywide Service ,"$38,427.19",26 May 2029,3678
INV105085,Melbourne Town Hall venue management,Showtime Event Group Pty Ltd (AU),"$9,746.58",09/10/2029,3670
INV105086,Building maintenance services,ProgrammedFacilityManagementPtyLtd,0.2m,2027-08-05,3630
INV105087,Building cleaning services,Menzies,"$38,214.86",21-Jun-2029,3634
INV105088,Building maintenance services,Programmed Facility Management Pty Ltd,27840.83 AUD,11/10/2028,3630
INV105089,Street cleaning,Spotless,"$19,609.67",2025-08-18,3669
INV105090,Tree management maintenance services,Citywide Service Solutions Pty Ltd,163103.77,29/02/08,3678
INV105091,Graffiti management and pressure cleaning services,Spotless Facility Services Pty Ltd,0.1m,30 May 2026,3669
INV105092,Building maintenance services,Programmed Facility Management Pty Ltd,168723.1,2026-11-13,3630
INV105093,Open spaces management - region 1,CitywidemService Solutions Pty Ltd,25917.5 AUD,27-May-2025,3676
INV105094,Building maintenance services,Programmed Facility,141301.2 AUD,14 April 2025,3630
INV105095,Integrated security services,National Protective Services Pty Ltd (AUS),66962.77,27/08/2028,3686
INV105096,Building maintenance services,ProgrammedFacilityManagementPtyLtd,"$234,775.18",16-Sep-2027,3630
INV105097,Integrated security services,National Protective Services Pty Ltd (AUS),163602.03,04/08/2026,3686
INV105098,Open spaces management - region 1,Citywide Service Solutions Pty Ltd,0.2m,28/01/25,3676
INV105099,Waste management services,Cleanaway Waste M,242431.64,27/08/24,3556
INV105100,Graffiti management and pressure cleaning services,CalcorpServicesPtyLtd,225492.12,27/07/2026,3668
INV105101,Open spaces management - region 2,Menzies International (Aust) Pty Ltd (AUS),181781.23,20-Feb-2026,3634
INV105102,Vehicle tow away and impound services,Nationwode Towing Services,"$24,835.27",26/11/27,3585
INV105103,Open spaces management - region 2,SERCO,100629.87,20-Jul-2026,3677
INV105104,Building cleaning services,Menzies International (Aust) Pty Ltd (AU),342.56,2028-12-03,3634
INV105105,Open spaces management - region 1,Citywide Service ,"$112,417.1",28/11/2026,3676
INV105106,Waste management services,Cleanaway,"$1,309.55",27/03/05,3556
INV105107,Open spaces management - region 1,CITYWIDE SERVICE SOLUTIONS PTY LTD,214221.17 AUD,13-Sep-2025,3676
INV105108,Integrated security services,NationalProtectiveServicesPtyLtd,139164.62 AUD,28/08/15,3686
INV105109,Melbourne Town Hall venue management,Showtime,2933.28 AUD,15 May 2025,3670
INV105110,Open spaces management - region 1,CITYWIDE SERVICE SOLUTIONS PTY LTD,57067.4,28/11/14,3678
INV105111,Open spaces management - region 1,CitywidebService Solutions Pty Ltd,"$6,326.91",13-Jun-2028,3676
INV105112,Management of Active Melbourne recreation facilities,VICTORIAN YMCA COMMUNITY PROGRAMMING PTY LTD,8020.66,03-Feb-2028,3615
INV105113,Building cleaning services,Menzies International (Aust) Pty. Ltd.,"$184,977.39",27/04/29,3634
INV105114,Melbourne Town Hall venue management,Showtime Event,81662.09,2028-12-26,3670
INV105115,Building cleaning services,Menzies International (Aust) Pty Ltd (AUS),164466.26,10/06/2028,3634
INV105116,Vehicle tow away and impound services,Nationwide Towing Services,167766.72,22 November 2029,3585
INV105117,Waste management services,Cleanaway Waste Mgmt Limited,23189.57 AUD,06-Oct-2029,3556
INV105118,Street cleaning,SpotlessFacilityServicesPtyLtd,"$49,680.76",22 February 2027,3669
INV105119,Building maintenance services,Programmed Facility Mgmt Pty Ltd,130607.28 AUD,14-Nov-2028,3630
INV105120,Waste management services,Cleanaway Waste Management Limited (AUS),"$31,711.87",08/08/2025,3556
INV105121,Melbourne Town Hall venue management,Showtime Event Group Pty. Ltd.,17662.85,24/10/2027,3670
INV105122,Street cleaning,Spotless Facility Services Pty Ltd (AUS),44459.69,01/07/2026,3669
INV105123,Parking technology services,ReinoInternationalPtyLtdT/ADuncanSolutions,110581.75 AUD,20 October 2027,3623
INV105124,Building cleaning services,MENZIES INTERNATIONAL (AUST) PTY LTD,175597.0,22 October 2028,3634
INV105125,Management of Active Melbourne recreation facilities,Victorian YMCA Communi,26471.37,2029-07-22,3615
INV105126,Civil infrastructure services,Citywide Service Solutions Pty Ltd,0.1m,08 May 2029,3665
INV105127,Waste management services,Cleanaway Waste Management Limited,0.0m,27/08/27,3556
INV105128,Street cleaning,spotless facility services pty ltd,"$199,528.67",2027-01-29,3669
INV105129,Building maintenance services,Programmed Facility Management Pty Ltd,0.1m,16-Jul-2027,3630
INV105130,Civil infrastructure services,Citywide  Service  Solutions  Pty  Ltd,"$156,553.8",29 March 2029,3665
INV105131,Building maintenance services,Programmed Facility Management Pty. Ltd.,247970.34 AUD,2028-02-09,3630
INV105132,Management of Active Melbourne recreation facilities,Victorian  YMCA  Community  Programming  Pty  Ltd,224486.96,11-May-2029,3615
INV105133,Civil infrastructure services,citywide service solutions pty ltd,244198.26,30/06/2026,3665
INV105134,Vehicle tow away and impound services,Nationwide Towing Services (AUS),148890.95 AUD,29/06/09,3585
INV105135,Civil infrastructure services,Citywide  Service  Solutions  Pty  Ltd,217695.42,05/12/2026,3665
INV105136,Integrated security services,National Protectiv,0.2m,2028-05-27,3686
INV105137,Integrated security services,National Protective Services Pty Ltd (AU),"$150,118.51",28/06/2027,3686
INV105138,Graffiti management and pressure cleaning services,Calcorp Services Pty Ltd,82104.89,27/07/25,3668
INV105139,Parking technology services,Reino International Pty Ltd T/A Duncan Solutions (AUS),"$160,908.04",11 November 2025,3623
INV105140,Parking technology services,Reino International Pty Ltd T/A Duncan Solutions,"$176,066.46",25/10/2027,3623
INV105141,Street cleaning,Spotless Facility Servpces Pty Ltd,231413.78 AUD,15/01/2029,3669
INV105142,Street cleaning,Spotless Facility Services Pty Ltd (AUS),235146.59 AUD,10/07/2025,3669
INV105143,Waste management services,tleanaway Waste Management Limited,14927.34,03-Jul-2028,3556
INV105144,Management of Active Melbourne recreation facilities,Victorian YMCA Community Programhing Pty Ltd,247301.13 AUD,2027-12-31,3615
INV105145,Waste management services,Cleanaway Waste Management Limited,52681.57 AUD,2026-08-06, 
INV105146,Street cleaning,Smotless Facility Services Pty Ltd,0.2m,08-Feb-2029,3669
INV105147,Civil infrastructure services,Citywide Service Solutions Pty Ltd,,26/04/24,3665
INV105148,Graffiti management and pressure cleaning services,calcorp services pty ltd,140183.4,2028-11-25,3668
INV105149,Street cleaning,Spotless,"$247,801.02",04/09/2026,3669
INV105150,Open spaces management - region 2,SERCO,5844.77,28/09/05,3677
INV105151,Graffiti management and pressure cleaning services,Calcorp  Services  Pty  Ltd,61211.28,25-Apr-2026,3668
INV105152,Management of Active Melbourne recreation facilities,victorian ymca community programming pty ltd,0.2m,2028-10-30,3615
INV105153,Open spaces management - region 2,SERCO,0.1m,2025-05-19,3677
INV105154,Civil infrastructure services,Citywide Service Solutions Pty. Ltd.,35059.36 AUD,21 February 2029,3665
INV105155,Integrated security services,National Protective Services Pty Ltd (AUS),,2025-08-07,3686
INV105156,Graffiti management and pressure cleaning services,Calcorp Services Pty Ltd,"$205,811.4",18/12/2029,3668
INV105157,Integrated security services,National Protective Services Pty. Ltd.,"$127,342.72",08-Mar-2025,3686
INV105158,Civil infrastructure services,CITYWIDE SERVICE SOLUTIONS PTY LTD,224536.74,29/10/27,3665
INV105159,Building cleaning services,MENZIES INTERNATIONAL (AUST) PTY LTD,48091.88 AUD,08/11/2025,3634
INV105160,Parking technology services,reino international pty ltd t/a duncan solutions,92929.88 AUD,01-Jan-2027,3623
INV105161,Vehicle tow away and impound services,Nationwide Towing Services,14910.26,2028-04-19,3585
INV105162,Open spaces management - region 1,CitywideServiceSolutionsPtyLtd,121551.56,02 April 2029,3676
INV105163,Tree management maintenance services,Cleanaway Waste Management LTD,0.1m,24/05/2026,3556
INV105164,Building cleaning services,MenziesInternational(Aust)PtyLtd,"$220,685.09",25/09/16,3634
INV105165,Open spaces management - region 2,SERCO,248666.03 AUD,19/07/2025,3677
INV105166,Civil infrastructure services,Citywide Servpce Solutions Pty Ltd,"$209,398.3",06 February 2027,3665
INV105167,Street cleaning,spotless facility services pty ltd,116880.54,02 February 2029,3669
INV105168,Building cleaning services,Menzies International (Aust) Pty Ltd (AUS),200752.23,15-Aug-2026,3634
INV105169,Tree management maintenance services,Citywide Service Solutions Pty Ltd,0.1m,21/01/2025,3678
INV105170,Waste management services,CLEANAWAY WASTE MANAGEMENT LIMITED,"$72,272.49",2028-10-16,3556
INV105171,Vehicle tow away and impound services,Nationwide,198755.27,28/01/21,3585
INV105172,Melbourne Town Hall venue management,Showtime Event Group Pty Ltd (AU),167349.96 AUD,24/05/2028,3670
INV105173,Open spaces management - region 1,citywide service solutions pty ltd,16986.37,05/10/2028,3676
INV105174,Street cleaning,Spotless  Facility  Services  Pty  Ltd,75095.24,07-Dec-2026,3669
INV105175,Integrated security services,Citywide Service Solutions Pty Ltd,0.2m,06 December 2027,3676
INV105176,Graffiti management and pressure cleaning services,Calcorp Services Pty Ltd (AU),117365.42,05/02/2025,3668
INV105177,Integrated security services,National Protective Services Pty. Ltd.,"$3,194.27",26/10/08,3686
INV105178,Open spaces management - region 1,Citywide Service Solutions Pty Ltd,"$55,832.63",21-Dec-2028,3676
INV105179,Building maintenance services,Programmed Facility,29069.34,19/12/2028,3630
INV105180,Street cleaning,Spotless Facility,1615.54 AUD,2026-07-23,3669
INV105181,Open spaces management - region 2,SERCO,0.1m,28/04/20,3677
INV105182,Tree management maintenance services,Citywide  Service  Solutions  Pty  Ltd,0.1m,29/05/10,3678
INV105183,Street cleaning,Spotless Facility Services Pty Ltd,124849.29,16/10/2027,3669
INV105184,Melbourne Town Hall venue management,Showtime Event Group Pty Ltd,212118.75,06 September 2028,3670
INV105185,Parking technology services,Reino  International  Pty  Ltd  T/A  Duncan  Solutions,"$6,009.99",10/07/2029,3623
INV105186,Open spaces management - region 2,SERCO (AU),54934.42 AUD,27/07/12,3677
INV105187,Street cleaning,Spotless Flcility Services Pty Ltd,207237.34 AUD,10 February 2028,3669
INV105188,Street cleaning,Spotless Facility Services Pty. Ltd.,59319.66,01/07/2029,3669
INV105189,Open spaces management - region 1,Citywide Service Solutions Pty Ltd,124848.73 AUD,2027-09-12,3676
INV105190,Vehicle tow away and impound services,Nationwide Towing Servipes,39617.08,2028-07-22,3585
INV105191,Tree management maintenance services,Citywide Service Solutions Pty Ltd (AUS),51064.1,03/07/2026,3678
INV105192,Parking technology services,Reino International P/L T/A Duncan Solutions,228957.54 AUD,25/11/2029,3623
INV105193,Management of Active Melbourne recreation facilities,National Protective Services Pty Ltd,"$12,193.66",13/09/2028,3686
INV105194,Civil infrastructure services,CitywideServiceSolutionsPtyLtd,"$175,346.19",25/11/2026,3665
INV105195,Vehicle tow away and impound services,Nationwide Towing Services (AUS),150533.18,21/06/2025,3585
INV105196,Open spaces management - region 2,SERCO,204622.54,29/02/15, 
INV105197,Vehicle tow away and impound services,Nationwide  Towing  Services,128216.0 AUD,26/09/2029,3585
INV105198,Waste management services,CleanawayWasteManagementLimited,168571.17 AUD,15/06/2025,3556
INV105199,Street cleaning,Spotless Facility Services Pty Ltd,"$219,417.8",22-Jul-2026,3669
INV105200,Street cleaning,Spotless  Facility  Services  Pty  Ltd,"$216,353.71",03-Jul-2028,3669
INV105201,Building cleaning services,Menzies Int’l (Aust) Pty Ltd,"$243,910.67",10-Jul-2026,3634
INV105202,Building cleaning services,Menzies International (Aust) P/L,"$108,994.75",2027-01-13,3634
INV105203,Vehicle tow away and impound services,Nationcide Towing Services,205033.08,27/10/18,3585
INV105204,Melbourne Town Hall venue management,Showtime Event Group Pty. Ltd.,57196.38,09-Jun-2028,3670
INV105205,Parking technology services,Citywide Service Solutions Pty Ltd (AUS),"$183,443.54",2025-09-07,3678
INV105206,Open spaces management - region 2,serco,225674.07,26 December 2025,3677
INV105207,Management of Active Melbourne recreation facilities,Victorian YMCA Community Programming Pty. Ltd.,83222.03,22-Feb-2026,3615
INV105208,Waste management services,Cleanaway Waste Management Ltd,226195.53,25/04/27,3556
INV105209,Building cleaning services,Menziec International (Aust) Pty Ltd,147159.39 AUD,14 July 2025,3634
INV105210,Integrated security services,National Protectiv,195366.42,19/11/2029,3686
INV105211,Open spaces management - region 1,Citywide Service Solutions P/L,"$130,214.49",18 March 2029,3676
INV105212,Open spaces management - region 1,CITYWIDE SERVICE SOLUTIONS PTY LTD,12244.62 AUD,31/07/2029,3676
INV105213,Waste management services,Cleanaway  Waste  Management  Limited,192903.43,26/12/03,3556
INV105214,Graffiti management and pressure cleaning services,SpotlessFacilityServicesPtyLtd,217781.85,2026-03-26,3669
INV105215,Civil infrastructure services,Citywide Service Solutions Pty Ltd (AU),50005.81,26-Apr-2026,3665
INV105216,Street cleaning,Spotless Facility Services Pty Ltd (AU),"$186,405.71",02/02/2028,3669
INV105217,Integrated security services,National,187397.86 AUD,06/01/2029,3686
INV105218,Tree management maintenance services,Citywide Service Solutions Pty. Ltd.,78973.77,14/06/2029,3678
INV105219,Vehicle tow away and impound services,Nationwide  Towing  Services,28734.15 AUD,25/03/17,3585
INV105220,Management of Active Melbourne recreation facilities,Victorian YMCA Community Programming Pty Ltd,48784.33,2027-08-20,3615
INV105221,Waste management services,Cleanaway Waste Management Limited,95439.42,26/08/16,3556
INV105222,Vehicle tow away and impound services,Nationwide Towing Services (AU),"$173,382.86",27/06/23,3585
INV105223,Integrated security services,National  Protective  Services  Pty  Ltd,129711.88 AUD,25/06/19,3686
INV105224,Tree management maintenance services,CitywideServiceSolutionsPtyLtd,51058.62 AUD,27/12/23,3678
INV105225,Management of Active Melbourne recreation facilities,Victorian YMCA Community Programming Pty Ltd (AUS),0.1m,10 December 2026,3615
INV105226,Building cleaning services,Menzies Internatio,170177.62 AUD,08 March 2028,3634
INV105227,Melbourne Town Hall venue management,Showtime Event hroup Pty Ltd,134284.82,10/10/2025,3670
INV105228,Integrated security services,National Protective Services Pty Ltd (AU),"$44,530.05",26/12/01,3686
INV105229,Open spaces management - region 2,serco,113261.28,04-Jun-2025,3677
INV105230,Waste management services,Cleanaway Waste Management Ltd,0.1m,27/03/18,3556
INV105231,Waste management services,CleanawayWasteManagementLimited,162629.19,18/11/2028, 
INV105232,Management of Active Melbourne recreation facilities,Victokian YMCA Community Programming Pty Ltd,165142.4,28/07/08,3615
INV105233,Civil infrastructure services,Citywide Service Solutions P/L,110787.2,18/09/2025,3665
INV105234,Integrated security services,National Protective Segvices Pty Ltd,176193.15,03/07/2029,3686
INV105235,Melbourne Town Hall venue management,Showtime Event,91436.13,26/06/19,3670
INV105236,Civil infrastructure services,CITYWIDE SERVICE SOLUTIONS PTY LTD,"$94,544.26",14/12/2027,3665
INV105237,Vehicle tow away and impound services,Nationwide  Towing  Services,198463.21,28/09/24,3585
INV105238,Building maintenance services,Programmed Facility Management Pty Ltd (AU),"$92,735.22",26/07/19,3630
INV105239,Waste management services,Cleanaway Waste Management Limited (AUS),199752.09,10/06/2028,3556
INV105240,Management of Active Melbourne recreation facilities,Victorian YMCA Community Programming P/L,221829.0,2026-09-28,3615
INV105241,Vehicle tow away and impound services,Nationwide Towing Services,121701.2,17/09/2026,3585
INV105242,Open spaces management - region 1,Citywide Service Solutions Pty Ltd,0.1m,31-Oct-2027, 
INV105243,Open spaces management - region 1,Citywpde Service Solutions Pty Ltd,0.1m,2025-02-27,3676
INV105244,Management of Active Melbourne recreation facilities,Victorian  YMCA  Community  Programming  Pty  Ltd,155946.86,22/12/2025,3615
INV105245,Building maintenance services,Programmed  Facility  Management  Pty  Ltd,244999.11 AUD,2025-07-03,3630
INV105246,Open spaces management - region 1,Citywide  Service  Solutions  Pty  Ltd,0.2m,02/04/2028,3676
INV105247,Open spaces management - region 1,Citywide,8805.76,07 August 2027,3676
INV105248,Building cleaning services,menzies international (aust) pty ltd,26510.93,20-Feb-2028,3634
INV105249,Parking technology services,Reino  International  Pty  Ltd  T/A  Duncan  Solutions,109495.76 AUD,27/03/12,3623
INV105250,Management of Active Melbourne recreation facilities,Victorian YMCA Community Programming Pty Ltd (AUS),42503.28 AUD,16/05/2027,3615
INV105251,Civil infrastructure services,Citywide Service wolutions Pty Ltd,111679.2 AUD,14-Feb-2025,3665
INV105252,Civil infrastructure services,Citywide Service Solutions Pty Ltd,230694.12,16-Jan-2028,3665
INV105253,Integrated security services,National Protective Services Pty Ltd,201378.3,04 June 2027,3686
INV105254,Civil infrastructure services,Citywide Service Solutions Pty Ltd (AUS),0.2m,22/02/2026,3665
INV105255,Melbourne Town Hall venue management,Showtime Event Group Pty Ltd,0.1m,05/10/2025,3670
INV105256,Graffiti management and pressure cleaning services,Calcorp Services Pty Ltd,"$249,800.35",11/02/2029,3668
INV105257,Street cleaning,Spotless  Facility  Services  Pty  Ltd,222602.64 AUD,2025-11-21, 
INV105258,Integrated security services,National  Protective  Services  Pty  Ltd,208966.39 AUD,17-Aug-2029,3686
INV105259,Building cleaning services,MENZIES INTERNATIONAL (AUST) PTY LTD,168713.04,27 June 2028,3634
INV105260,Tree management maintenance services,Citywide Service Solutions Pty. Ltd.,42434.86,,3678
INV105261,Tree management maintenance services,Citywide Service Solutions P/L,187573.81,08/10/2025,3678
INV105262,Building cleaning services,Menzies International (Avst) Pty Ltd,0.1m,2029-02-25,3634
INV105263,Building cleaning services,Menzies International (Aust) Pty Ltd,"$158,947.72",27/08/2025,3634
INV105264,Civil infrastructure services,Citywide,73298.13,10 July 2027,3665
INV105265,Tree management maintenance services,citywide service solutions pty ltd,0.2m,27/04/25,3678
INV105266,Melbourne Town Hall venue management,Showtime Event Group Pty Ltd,0.2m,27 February 2028,3670
INV105267,Waste management services,Cleanaway Waste Management Limited,200677.64,07/08/2027,3556
INV105268,Open spaces management - region 2,SERmO,0.2m,01 January 2027,3677
INV105269,Civil infrastructure services,Citywide Service Solutions P/L,221912.14,2028-07-08,3665
INV105270,Melbourne Town Hall venue management,Showtime Event Group Pty Ltd,"$110,739.03",29 June 2027,3670
INV105271,Open spaces management - region 2,SERCO (AU),38877.08,28-Oct-2029,3677
INV105272,Graffiti management and pressure cleaning services,Calcorp Services Pty Ltd,85261.05,12 September 2028,3668
INV105273,Open spaces management - region 1,Citywide Serbice Solutions Pty Ltd,,10-May-2025,3676
INV105274,Open spaces management - region 1,Citywide  Service  Solutions  Pty  Ltd,84414.58 AUD,09 November 2028,3676
INV105275,Waste management services,Cleanaway Waste Management Limited,56595.81,11 November 2025,3556
INV105276,Parking technology services,Reino  International  Pty  Ltd  T/A  Duncan  Solutions,132531.85,2026-04-11,3623
INV105277,Graffiti management and pressure cleaning services,Calcorp,58626.34,26 October 2026,3668
INV105278,Civil infrastructure services,Citywide Service Solutions Pty Ltd (AU),0.1m,2026-02-09,3665
INV105279,Civil infrastructure services,Citywide Service Solutions Pty. Ltd.,"$141,490.07",25/08/29,3665
INV105280,Tree management maintenance services,Citywide Service ,0.1m,05/06/2026,3678
INV105281,Open spaces management - region 2,SERCO,85599.82,2028-03-05,3677
INV105282,Open spaces management - region 1,citywide service solutions pty ltd,0.0m,28/08/20,3676
INV105283,Building cleaning services,MenziesInternational(Aust)PtyLtd,88138.56 AUD,2029-03-09,3634
INV105284,Integrated security services,National,"$73,093.34",02-Aug-2027,3686
INV105285,Civil infrastructure services,Citywide Service Solutions Pty Ltd,235479.73 AUD,2027-01-17, 
INV105286,Graffiti management and pressure cleaning services,Calcorp Serv,211465.3,29/02/01,3668
INV105287,Civil infrastructure services,citywide service solutions pty ltd,"$4,890.41",17-Jul-2025,3665
INV105288,Building maintenance services,Programmed Facility Mgmt Pty Ltd,"$24,494.9",22 December 2027,3630
INV105289,Open spaces management - region 2,pERCO,0.2m,28 October 2029,3677
INV105290,Building cleaning services,Menzies Internatio,180674.52,27/05/2028, 
INV105291,Melbourne Town Hall venue management,Showtime Event Group P/L,0.1m,2029-02-14,3670
INV105292,Street cleaning,Spotless Facility,116718.14,19/04/2029,3669
INV105293,Graffiti management and pressure cleaning services,Calcorp Services Pty Ltd (AUS),180248.03,2027-01-09,3668
INV105294,Tree management maintenance services,Citywide Service Solutions Pty Ltd,0.1m,28/04/21,3678
INV105295,Open spaces management - region 2,National Protectiv,"$193,257.76",27/12/10,3686
INV105296,Parking technology services,Reino International Pty Ltd T/A Duncan Solutions,170343.48,22-Sep-2029,3623
INV105297,Open spaces management - region 1,citywide service solutions pty ltd,215875.24 AUD,21 September 2026, 
INV105298,Civil infrastructure services,Citywide Service Solutions Pty Ltd,158265.14,25-Dec-2026,3665
INV105299,Melbourne Town Hall venue management,Showtime  Event  Group  Pty  Ltd,"$126,906.47",2026-04-08, 
INV105300,Management of Active Melbourne recreation facilities,VictorianYMCACommunityProgrammingPtyLtd,235348.79,2029-03-29,3615
INV105301,Street cleaning,spotless facility services pty ltd,161716.1,25/02/17,3669
INV105302,Melbourne Town Hall venue management,showtime event group pty ltd,239014.95,28/09/25,3670
INV105303,Vehicle tow away and impound services,Nationwide Towing Services,51007.56 AUD,2027-08-29,3585
INV105304,Management of Active Melbourne recreation facilities,victorian ymca community programming pty ltd,0.2m,02/04/2029,3615
INV105305,Building maintenance services,ProgrammedFacilityManagementPtyLtd,193194.21,31/08/2028,3630
INV105306,Waste management services,Cleanaway Waste Management Limited (AU),158579.03,29/09/12,3556
INV105307,Open spaces management - region 1,Citywide Service Solutions Pty Ltd,154706.47,20/02/2029,3676
INV105308,Vehicle tow away and impound services,Nationwide Towing Services,178792.22,05/06/2028,3585
INV105309,Open spaces management - region 2,SERCO (AU),"$6,349.93",18/03/2025, 
INV105310,Vehicle tow away and impound services,Nationwide Towing Services (AU),157881.99,06/11/2026,3585
INV105311,Management of Active Melbourne recreation facilities,Victorian Ymca Community Programming Pty Ltd,136151.95 AUD,05-Jul-2028,3615
INV105312,Building maintenance services,Programmed Facility Management Pty Ltd (AU),149189.33,01-Jun-2026,3630
INV105313,Waste management services,Cleanaway Waste Management Limited (AU),15553.19 AUD,2027-09-24,3556
INV105314,Vehicle tow away and impound services,Nationwide Towing Services (AU),"$95,917.88",2029-09-09, 
INV105315,Vehicle tow away and impound services,nationwide towing services,207418.93 AUD,2027-02-10,3585
INV105316,Melbourne Town Hall venue management,showtime event group pty ltd,"$208,482.19",08/09/2029, 
INV105317,Tree management maintenance services,CITYWIDE SERVICE SOLUTIONS PTY LTD,0.2m,13 October 2025,3678
INV105318,Building maintenance services,Programmed  Facility  Management  Pty  Ltd,150479.4,28/11/13,3630
INV105319,Waste management services,cleanaway waste management limited,196173.02 AUD,23-Oct-2029,3556
INV105320,Building cleaning services,Menzies Int’l (Aust) Pty Ltd,11389.11,02-Oct-2025,3634
INV105321,Management of Active Melbourne recreation facilities,CITYWIDE SERVICE SOLUTIONS PTY LTD,218586.13 AUD,2026-04-22,3678
INV105322,Open spaces management - region 2,SERCO,136528.85 AUD,22-Mar-2029,3677
INV105323,Integrated security services,National Protective Services Pty Ltd (AU),37682.85,01/10/2027,3686
INV105324,Management of Active Melbourne recreation facilities,Victorian  YMCA  Community  Programming  Pty  Ltd,200506.87,22 February 2028,3615
INV105325,Street cleaning,Spotless Facility Services P/L,201411.41 AUD,2025-03-30,3669
INV105326,Vehicle tow away and impound services,Nationwide Towing Services,"$73,473.92",18/05/2028,3585
INV105327,Melbourne Town Hall venue management,Showtime  Event  Group  Pty  Ltd,0.0m,05/06/2025,3670
INV105328,Building maintenance services,Programmed Facility Management Pty. Ltd.,219719.73 AUD,27/06/03, 
INV105329,Melbourne Town Hall venue management,Showtime Event Group Pty Ltd,0.2m,28/09/2027,3670
INV105330,Civil infrastructure services,Citywide Service Solutions Pty. Ltd.,0.0m,27/07/2028,3665
INV105331,Open spaces management - region 1,Citywide Service Solutions Pty Ltd,"$173,568.49",17 March 2028,3676
INV105332,Parking technology services,Reino Intl Pty Ltd T/A Duncan Solutions,56415.73,2027-03-27,3623
INV105333,Parking technology services,Reino Internacional Pty Ltd T/A Duncan Solutions,0.2m,28/07/27,3623
INV105334,Melbourne Town Hall venue management,Menzies International (Austp Pty Ltd,"$183,820.65",2026-07-03,3634
INV105335,Civil infrastructure services,CITYWIDE SERVICE SOLUTIONS PTY LTD,17815.11,07-May-2029,3665
INV105336,Building maintenance services,Programmed Facility Management P/L,25099.2 AUD,19/03/2029,3630
INV105337,Open spaces management - region 2,serco,163288.85,14 November 2028,3677
INV105338,Open spaces management - region 2,SERCO,91703.84,20/05/2027,3677
INV105339,Open spaces management - region 2,SERCO (AUS),25371.2,15 September 2028,3677
INV105340,Melbourne Town Hall venue management,Showtime,51920.26 AUD,25/12/2028,3670
INV105341,Vehicle tow away and impound services,Nationwide  Towing  Services,"$133,385.18",2029-08-01,3585
INV105342,Melbourne Town Hall venue management,Showtime Event Group Pty Ltd,193752.69 AUD,2027-03-23,3670
INV105343,Building cleaning services,Menzies International (Aust) Pty Ltd,110892.74,27 September 2027,3634
INV105344,Graffiti management and pressure cleaning services,Calcorp Services Pty Ltd,242688.43,2026-02-21,3668
INV105345,Open spaces management - region 2,SERCu,166331.71 AUD,07 November 2026,3677
INV105346,Tree management maintenance services,Citywide Service Solutions P/L,"$31,363.12",24 June 2026,3678
INV105347,Waste management services,Cleanaway Waste Management Limited,189784.85,18-Dec-2028,3556
INV105348,Integrated security services,NATIONAL PROTECTIVE SERVICES PTY LTD,0.2m,31/07/2027,3686
INV105349,Graffiti management and pressure cleaning services,Calcorp Services Pty Ltd,"$164,892.37",25-May-2026,3668
INV105350,Open spaces management - region 1,CITYWIDE SERVICE SOLUTIONS PTY LTD,46835.27,13-Feb-2029,3676
INV105351,Parking technology services,REINO INTERNATIONAL PTY LTD T/A DUNCAN SOLUTIONS,"$196,239.47",27/11/13,3623
INV105352,Graffiti management and pressure cleaning services,REINO INTERNATIONAL PTY LTD T/A DUNCAN SOLUTIONS,124060.96,2028-04-29,3623
INV105353,Civil infrastructure services,Citywide Service Solutions Pty Ltd,224637.76,26/06/07,3665
INV105354,Open spaces management - region 2,serco,141657.1,08/05/2028,3677
INV105355,Melbourne Town Hall venue management,Showtime Event Group Pty Ltd,136683.37,28 February 2027,3670
INV105356,Melbourne Town Hall venue management,ShowtimewEvent Group Pty Ltd,"$64,470.12",27/07/02,3670
INV105357,Waste management services,Cleanaway Waste Management Limited (AU),154894.38 AUD,02/06/2027,3556
INV105358,Open spaces management - region 1,Citcwide Service Solutions Pty Ltd,"$38,531.58",26/08/09,3676
INV105359,Open spaces management - region 2,serco,87030.9 AUD,2025-05-29,3677
INV105360,Street cleaning,Spotless Facility Services Pty Ltd,114293.48,14-Aug-2025,3669
INV105361,Open spaces management - region 2,Serco,0.0m,04 December 2026,3677
INV105362,Melbourne Town Hall venue management,Programmed Facility Mgmt Pty Ltd,28047.78,08-Apr-2025,3630
INV105363,Building cleaning services,Menzies Internatio,"$200,401.79",2025-02-19,3634
INV105364,Melbourne Town Hall venue management,ShowtimeEventGroupPtyLtd,249036.98,30/01/2026,3670
INV105365,Open spaces management - region 2,SERCO,41894.28 AUD,03/11/2026,3677
INV105366,Building maintenance services,PROGRAMMED FACILITY MANAGEMENT PTY LTD,13443.74 AUD,23-Nov-2028,3630
INV105367,Tree management maintenance services,citywide service solutions pty ltd,244532.14,25/10/2027,3678
INV105368,Tree management maintenance services,Citywide Service Solutions Pty Ltd,111747.88,2025-10-28,3678
INV105369,Open spaces management - region 1,CITYWIDE SERVICE SOLUTIONS PTY LTD,131637.88,18-Feb-2029,3676
INV105370,Tree management maintenance services,Citywide Service Solutions Pty. Ltd.,37713.57,04/05/2026,3678
INV105371,Building maintenance services,Programmed Facility Management Pty Ltd (AUS),127990.15,28/02/09,3630
INV105372,Building cleaning services,Menzies International (Aust) Pty Ltd,179114.7,27/05/13,3634
INV105373,Integrated security services,National Protective Services Pty Ltd,0.2m,02-Feb-2029,3686
INV105374,Melbourne Town Hall venue management,Showtime Event Group Pty Ltd,239418.96,14 March 2025,3670
INV105375,Graffiti management and pressure cleaning services,Calcorp,0.1m,28/10/2028,3668
INV105376,Management of Active Melbourne recreation facilities,victorian ymca community programming pty ltd,"$49,869.02",14/09/2026,3615
INV105377,Building cleaning services,Menzies International (Aust) Pty Ltd (AU),97918.18,29/04/11,3634
INV105378,Waste management services,Cleanaway Waste Management Limited,94299.01,31-Oct-2026,3556
INV105379,Open spaces management - region 2,SERCO (AUS),233875.23 AUD,2027-04-21,3677
INV105380,Tree management maintenance services,Citywide Service Solutions Pty Ltd,63610.51,19-Aug-2026,3678
INV105381,Open spaces management - region 2,SERCO,"$202,778.34",27/06/15,3677
INV105382,Civil infrastructure services,Citywide Service Solutions P/L,0.1m,12/03/2027,3665
INV105383,Waste management services,Cleanaway,"$49,687.21",,3556
INV105384,Open spaces management - region 2,SyRCO,195622.48 AUD,17/07/2026,3677
INV105385,Parking technology services,Reino International Pty Ltd T/A Duncan Solutions,65747.56,29/07/26,3623
INV105386,Open spaces management - region 2,serco,49610.69,26/11/21,3677
INV105387,Building cleaning services,Menzies International (Aust) Pty Ltd (AUS),53627.05 AUD,2025-12-10,3634
INV105388,Building cleaning services,Menzies International (Aust) Pty Ltd,0.1m,01-Dec-2026,3634
INV105389,Open spaces management - region 1,Citywide Service Solutions Pty Ltd (AUS),174998.62,25 October 2029,3676
INV105390,Civil infrastructure services,citywide service solutions pty ltd,,2025-10-01,3665
INV105391,Street cleaning,Spotless Facility Services Pty Ltd,0.1m,20-Oct-2028,3669
INV105392,Integrated security services,National,155707.96 AUD,29/01/19,3686
INV105393,Melbourne Town Hall venue management,Showtime Event Group Pty Ltd,240271.34,13 September 2025,3670
INV105394,Management of Active Melbourne recreation facilities,Victorian YMCA Community Programming Pty Ltd (AUS),245538.88 AUD,15-May-2029,3615
INV105395,Integrated security services,National Protective Services Pty Ltd,11751.42,2029-08-08,3686
INV105396,Management of Active Melbourne recreation facilities,VICTORIAN YMCA COMMUNITY PROGRAMMING PTY LTD,,11-Jul-2028,3615
INV105397,Building maintenance services,programmed facility management pty ltd,0.2m,2027-10-22,3630
INV105398,Open spaces management - region 2,SERCO (AUS),0.2m,26/02/14,3677
INV105399,Waste management services,Cleanaway Waste Management Limited (AU),163807.86,25/12/27,3556
INV105400,Waste management services,Nationwide,0.2m,20-Sep-2028,3585
INV105401,Integrated security services,National Protective Services Pty Ltd,175715.62,2027-07-24, 
INV105402,Building cleaning services,menzies international (aust) pty ltd,91231.46,07/09/2028,3634
INV105403,Open spaces management - region 1,Citywide Service Solutions Pty Ltd,188564.93,14-Nov-2028,3676
INV105404,Tree management maintenance services,Citywide Service Solutions Pty Ltd (AU),"$189,972.7",22-Sep-2027,3678
INV105405,Vehicle tow away and impound services,Nationwide Towing Services,0.1m,02 March 2028,3585
INV105406,Street cleaning,Spotless,245196.51,18/08/2028,3669
INV105407,Integrated security services,NATIONAL PROTECTIVE SERVICES PTY LTD,"$15,369.94",28/05/16,3686
INV105408,Tree management maintenance services,Citywide Service Solutions Pty Ltd,0.2m,01/04/2027,3678
INV105409,Parking technology services,Reino International Pty Ltd T/A Duncan Solutions (AU),161600.4,06/01/2026,3623
INV105410,Tree management maintenance services,CitywideServiceSolutionsPtyLtd,68872.81 AUD,31 March 2029,3678
INV105411,Tree management maintenance services,Citywide Service Solutions Pty Ltd,0.2m,27/04/11,3678
INV105412,Civil infrastructure services,Citywide  Service  Solutions  Pty  Ltd,166004.39 AUD,25/06/12,3665
INV105413,Graffiti management and pressure cleaning services,CalcorpServicesPtyLtd,46833.8 AUD,10/03/2028,3668
INV105414,Integrated security services,National Protective Services Pty Ltd,0.2m,01/09/2025,3686
INV105415,Building maintenance services,Programmed Facility Management P/L,33860.04 AUD,10/04/2025,3630
INV105416,Open spaces management - region 1,CitywideServiceSolutionsPtyLtd,98675.1 AUD,23/02/2029,3676
INV105417,Open spaces management - region 2,serco,30338.94,13 July 2026, 
INV105418,Street cleaning,SPOTLESS FACILITY SERVICES PTY LTD,235163.63,20/09/2027,3669
INV105419,Open spaces management - region 1,Citywide Service ,0.2m,29/05/13,3676
INV105420,Graffiti management and pressure cleaning services,Calcorp Services Pty Ltd (AUS),75153.27,2025-07-05,3668
INV105421,Civil infrastructure services,Victorian,"$112,965.51",24-Jun-2029,3615
INV105422,Parking technology services,Reino International Pty Ltd T/A Duncan Solutions,0.2m,2025-06-03,3623
INV105423,Building maintenance services,Programmed Facility Management Pty Ltd,234831.1 AUD,29/06/08,3630
INV105424,Parking technology services,REINO INTERNATIONAL PTY LTD T/A DUNCAN SOLUTIONS,105591.57,08 October 2026,3623
INV105425,Vehicle tow away and impound services,Nationwide Towing Services (AUS),73701.48,16/11/2025,3585
INV105426,Building cleaning services,Menzies,183920.83,19-Oct-2025,3634
INV105427,Graffiti management and pressure cleaning services,Calcorp Services Pty Ltd,"$152,407.17",2027-04-18,3668
INV105428,Street cleaning,Spotless  Facility  Services  Pty  Ltd,219624.18,26/05/27,3669
INV105429,Melbourne Town Hall venue management,Showtime  Event  Group  Pty  Ltd,89360.62 AUD,20 October 2027,3670
INV105430,Vehicle tow away and impound services,MenziesInternational(Aust)PtyLtd,161040.84,10/04/2026,3634
INV105431,Waste management services,National Protective Services Pty Ltd (AUS),108615.06 AUD,2029-09-11, 
INV105432,Open spaces management - region 1,Citywide Service Solutions P/L,112966.69 AUD,2026-04-06,3676
INV105433,Parking technology services,Reino International Pty Ltd T/A Duncan Solutions (AU),151490.63 AUD,29/11/03,3623
INV105434,Building maintenance services,Programmed Facility Mancgement Pty Ltd,41857.96 AUD,16/03/2027,3630
INV105435,Building cleaning services,Menzies International (Aust) Pty. Ltd.,90275.54 AUD,14/01/2025,3634
INV105436,Open spaces management - region 1,CitywideServiceSolutionsPtyLtd,242223.9 AUD,01-Mar-2028,3676
INV105437,Open spaces management - region 1,Citywide Service Solutions Pty Ltd (AUS),"$97,669.97",12/09/2027,3676
INV105438,Tree management maintenance services,CITYWIDE SERVICE SOLUTIONS PTY LTD,214934.25,07-Mar-2026,3678
INV105439,Management of Active Melbourne recreation facilities,Victorian YMCA Community Programming Pty Ltd (AU),124953.34 AUD,2029-01-05,3615
INV105440,Street cleaning,Spotless Facility,67929.37 AUD,05 April 2025,3669
INV105441,Civil infrastructure services,Citywide Service Solutions Pty Ltd,139102.6,2027-02-02,3665
INV105442,Waste management services,CleanawayWasteManagementLimited,"$241,635.33",30-Mar-2028,3556
INV105443,Parking technology services,Reino International Pty. Ltd. T/A Duncan Solutions,226742.01,29/05/2028,3623
INV105444,Management of Active Melbourne recreation facilities,Victorian YMCA Community Programming P/L,0.1m,26/08/11,3615
INV105445,Street cleaning,Spotless Facility,"$19,784.84",31 December 2029,3669
INV105446,Integrated security services,National Protective Services Pty Ltb,0.2m,29/10/2025,3686
INV105447,Street cleaning,Spotless Facility Services Pty Ltd,191382.94 AUD,11/02/2027,3669
INV105448,Building maintenance services,Programmed Facility Management Pty. Ltd.,"$160,620.76",25/05/21,3630
INV105449,Building cleaning services,Menzies Internatponal (Aust) Pty Ltd,107784.03,26/10/02,3634
INV105450,Civil infrastructure services,Citywide Service ,46456.6,24 June 2027,3665
INV105451,Civil infrastructure services,Citywide Service Solutions Pty Ltd,0.2m,18/10/2029,3665
INV105452,Street cleaning,Spotless,"$242,327.15",26/08/2027,3669
INV105453,Integrated security services,National Protective Services Pty Ltd (AUS),148244.5 AUD,04/05/2028,3686
INV105454,Graffiti management and pressure cleaning services,Calcorp Sbrvices Pty Ltd,0.2m,06/06/2026,3668
INV105455,Parking technology services,Reino International Pty Ltd T/A Duncan Solutions,142471.52,03/06/2029,3623
INV105456,Open spaces management - region 1,citywide service solutions pty ltd,60463.43,07 April 2028,3676
INV105457,Street cleaning,Spotless Facility,64771.1,16 October 2026,3669
INV105458,Building cleaning services,Menzies  International  (Aust)  Pty  Ltd,133704.83,2025-12-12,3634
INV105459,Civil infrastructure services,Citywide Service Solutions P/L,243709.73,01 August 2028,3665
INV105460,Melbourne Town Hall venue management,Showtime Event,"$234,022.31",26/04/19,3670
INV105461,Open spaces management - region 1,CITYWIDE SERVICE SOLUTIONS PTY LTD,19608.2,09/09/2028,3676
INV105462,Melbourne Town Hall venue management,Showtime  Event  Group  Pty  Ltd,117933.26 AUD,29/08/02,3670
INV105463,Management of Active Melbourne recreation facilities,victorian ymca community programming pty ltd,"$34,863.29",11/12/2028,3615
INV105464,Civil infrastructure services,Citywide Service Solutions Pty. Ltd.,243456.52,27/11/29,3665
INV105465,Parking technology services,Reino International Pty Ltd T/A Duncan Solutions (AU),0.2m,01/12/2026,3623
INV105466,Open spaces management - region 2,SERCO,0.0m,02 July 2025,3677
INV105467,Open spaces management - region 1,Citywide Service Solutions Pty Ltd,49900.35 AUD,04-Dec-2028,3676
INV105468,Street cleaning,Spotless Facility Services Pty. Ltd.,"$125,035.41",23/04/2028,3669
INV105469,Vehicle tow away and impound services,Nationwide Towing Services (AU),112043.47 AUD,31/05/2028,3585
INV105470,Building cleaning services,menzies international (aust) pty ltd,928.26,16-Nov-2028,3634
INV105471,Open spaces management - region 2,SERCO,0.2m,09/03/2029,3677
INV105472,Graffiti management and pressure cleaning services,Calcorp Serv,147342.96,27/07/05,3668
INV105473,Tree management maintenance services,REINO INTERNATIONAL PTY LTD T/A DUNCAN SOLUTIONS,"$145,683.72",26/05/24,3623
INV105474,Parking technology services,Reino International P/L T/A Duncan Solutions,168533.09 AUD,08/04/2025,3623
INV105475,Parking technology services,Reino International Pty Ltd T/A Duncan Solutions,"$31,097.79",17/10/2028,3623
INV105476,Street cleaning,SpotlessFacilityServicesPtyLtd,"$143,425.98",2025-02-02,3669
INV105477,Vehicle tow away and impound services,Nationwide Towing Services,"$129,180.1",13/01/2028,3585
INV105478,Tree management maintenance services,CitywideServiceSolutionsPtyLtd,50989.25,28-May-2026,3678
INV105479,Integrated security services,National Protective Services Pty. Ltd.,241148.18,19/03/2029, 
INV105480,Vehicle tow away and impound services,NationwideTowingServices,193866.55,2027-07-22,3585
INV105481,Building cleaning services,Menzies International (Aust) Pty. Ltd.,74317.87 AUD,15 November 2025,3634
INV105482,Graffiti management and pressure cleaning services,Spotless Facility Services Pty Ltd,0.2m,14/04/2026,3669
INV105483,Street cleaning,Spotless Facility Services P/L,175912.48,04 August 2029,3669
INV105484,Open spaces management - region 1,Citywide Service Solutions Pty Ltf,1766.79,2028-09-27,3676
INV105485,Graffiti management and pressure cleaning services,Calcorp Services P/L,77756.45,26/01/18,3668
INV105486,Open spaces management - region 2,SERCO (AU),108637.45,08-Jul-2027,3677
INV105487,Building cleaning services,Menzies International (Aust) Pty. Ltd.,125743.05,12/03/2025,3634
INV105488,Open spaces management - region 1,CITYWIDE SERVICE SOLUTIONS PTY LTD,"$208,753.16",17 October 2025,3676
INV105489,Melbourne Town Hall venue management,Showtime Event Group Pty Ltd (AU),"$209,002.38",06 September 2029,3670
INV105490,Parking technology services,Reino International Pty Ltd T/A Duncan Solutions (AUS),225165.9,27/01/16,3623
INV105491,Street cleaning,Spotless Facility Servicen Pty Ltd,109170.61 AUD,26/08/07,3669
INV105492,Parking technology services,Reino  International  Pty  Ltd  T/A  Duncan  Solutions,0.1m,2025-03-06,3623
INV105493,Street cleaning,Spotless Facility Services Pty Ltd (AU),151209.39,21 February 2027,3669
INV105494,Vehicle tow away and impound services,cleanaway waste management limited,"$111,587.36",18 May 2027,3556
INV105495,Integrated security services,National Protective Services P/L,81637.6,18-Dec-2026,3686
INV105496,Parking technology services,Reino Intl Pty Ltd T/A Duncan Solutions,160404.56 AUD,15-Oct-2028,3623
INV105497,Building cleaning services,Menzies Intl (Aust) Pty Ltd,185646.11 AUD,25/03/03,3634
INV105498,Civil infrastructure services,Citywide Service Solutions Pty Ltd (AU),"$207,959.88",09/09/2028,3665
INV105499,Melbourne Town Hall venue management,Showtime Event Group Pty Ltd,403.55,02/06/2028,3670
INV105500,Management of Active Melbourne recreation facilities,VictorianYMCACommunityProgrammingPtyLtd,0.1m,2027-09-30, 
INV105501,Integrated security services,National Protectiv,72648.26,12 November 2028,3686
INV105502,Building cleaning services,Menzies International (Aust) Pty Ltd (AU),166433.13 AUD,29/05/04,3634
INV105503,Building maintenance services,ProgrammedFacilityManagementPtyLtd,"$209,858.43",25/09/08,3630
INV105504,Graffiti management and pressure cleaning services,CalcorpServicesPtyLtd,229527.43,17-Feb-2027,3668
INV105505,Tree management maintenance services,Citywide Service ,0.0m,27 April 2028,3678
INV105506,Waste management services,cleanaway waste management limited,"$148,013.37",27-Apr-2026,3556
INV105507,Tree management maintenance services,Citywide Service Solutions Pty Ltd (AUS),47830.76,06-Oct-2025,3678
INV105508,Parking technology services,National Protective Services Pty Ltd,47276.71 AUD,27-Dec-2025,3686
INV105509,Waste management services,Cleanaway Waste M,,08 August 2026,3556
INV105510,Open spaces management - region 1,Citywide Service Solutfons Pty Ltd,0.1m,2027-07-30,3676
INV105511,Building maintenance services,Programmed Facility ManagementtPty Ltd,0.1m,28/08/26,3630
INV105512,Graffiti management and pressure cleaning services,Calcorp Services Pty Ltd,132796.93 AUD,25/11/05,3668
INV105513,Melbourne Town Hall venue management,Showtime Event Group Pty Ltd (AU),"$145,766.99",18 July 2026,3670
INV105514,Melbourne Town Hall venue management,Showtime Event Grouv Pty Ltd,99589.69,28/04/2029,3670
INV105515,Management of Active Melbourne recreation facilities,VICTORIAN YMCA COMMUNITY PROGRAMMING PTY LTD,35867.39,2029-01-04,3615
INV105516,Open spaces management - region 2,SERCO,"$117,751.31",28/04/2025,3677
INV105517,Management of Active Melbourne recreation facilities,Victorian Ymca Community Programming Pty Ltd,46407.45,05/02/2027,3615
INV105518,Street cleaning,Spotless Facility,213863.54 AUD,13 July 2029,3669
INV105519,Tree management maintenance services,CITYWIDE SERVICE SOLUTIONS PTY LTD,3386.55,21/01/2029,3678
INV105520,Parking technology services,ReinoInternationalPtyLtdT/ADuncanSolutions,180540.82 AUD,29 April 2027,3623
INV105521,Open spaces management - region 1,citywide service solutions pty ltd,148656.67 AUD,10/11/2026,3676
INV105522,Open spaces management - region 1,Citywide Service ,220400.36,19-Dec-2027,3676
INV105523,Management of Active Melbourne recreation facilities,Victorian YMCA Community Programming P/L,172984.86,2026-11-07,3615
INV105524,Integrated security services,National Protective Services Pty. Ltd.,106849.17,28/01/2029,3686
INV105525,Integrated security services,National  Protective  Services  Pty  Ltd,63839.3 AUD,26/10/16,3686
INV105526,Tree management maintenance services,Nationwide Towing Services,"$205,095.26",02/05/2027,3585
INV105527,Civil infrastructure services,Citywide Service Solutions P/L,53787.86,30/04/2029,3665
INV105528,Vehicle tow away and impound services,Nationwide Towing Services (AU),"$29,975.46",20 January 2028,3585
INV105529,Building maintenance services,PROGRAMMED FACILITY MANAGEMENT PTY LTD,128625.86,09 September 2029,3630
INV105530,Graffiti management and pressure cleaning services,CalcorpServicesPtyLtd,240770.71,10/02/2026,3668
INV105531,Tree management maintenance services,Citywide Service Solutions Pty Ltd,245262.4,22/09/2028,3678
INV105532,Open spaces management - region 2,Citywide Service ,"$80,146.11",29/08/24,3665
INV105533,Open spaces management - region 1,Citywide Service Solutions Pty Ltd,"$109,496.82",29 November 2028,3676
INV105534,Open spaces management - region 2,SERCg,244889.04 AUD,21/02/2026,3677
INV105535,Waste management services,Cleanaway Waste Management Ltd,0.2m,18-Jan-2027,3556
INV105536,Management of Active Melbourne recreation facilities,Victorian YMCA Community Programming Pty Ltd,38406.39,15 March 2025,3615
INV105537,Graffiti management and pressure cleaning services,CalcorpServicesPtyLtd,108652.88,10 May 2026,3668
INV105538,Management of Active Melbourne recreation facilities,VictorianqYMCA Community Programming Pty Ltd,236342.98 AUD,07/04/2027,3615
INV105539,Open spaces management - region 2,SERCO,,16/07/2027,3677
INV105540,Tree management maintenance services,CitywideServiceSolutionsPtyLtd,90466.95,31/05/2027,3678
INV105541,Melbourne Town Hall venue management,SHOWTIME EVENT GROUP PTY LTD,111965.62,2027-11-06,3670
INV105542,Open spaces management - region 2,SERCO,"$121,122.3",08/05/2026,3677
INV105543,Building maintenance services,Programmed,0.0m,2028-11-19,3630
INV105544,Tree management maintenance services,CITYWIDE SERVICE SOLUTIONS PTY LTD,170548.67 AUD,28/04/17,3678
INV105545,Open spaces management - region 1,Citywide Service Solutions Pty Ltd,95223.35 AUD,03/01/2028,3676
INV105546,Open spaces management - region 2,SERCO,"$169,219.86",29/09/23,3677
INV105547,Waste management services,CLEANAWAY WASTE MANAGEMENT LIMITED,82443.17 AUD,27/09/13,3556
INV105548,Melbourne Town Hall venue management,Showtime Event Group Pty Ltd (AU),199602.72,27-Oct-2028,3670
INV105549,Open spaces management - region 2,SERCO,165658.09,07/11/2025, 
INV105550,Civil infrastructure services,Citywide,249641.35 AUD,29/12/01,3665
INV105551,Building maintenance services,Programmed Facility Management Pty Ltd,"$159,970.13",26/11/05,3630
INV105552,Building maintenance services,Programmed Faculity Management Pty Ltd,82627.04,11 October 2029,3630
INV105553,Civil infrastructure services,Citywide Service Solutions Pty Ltd (AU),174978.74 AUD,2029-02-15,3665
INV105554,Open spaces management - region 2,SERCO,71079.06,14 November 2029,3677
INV105555,Waste management services,Cleanaway Waste Management Ltd,211657.1,07-Apr-2026,3556
INV105556,Building maintenance services,programmed facility management pty ltd,199542.97 AUD,18 October 2026,3630
INV105557,Vehicle tow away and impound services,Nationwide To,"$81,240.99",19/05/2028,3585
INV105558,Building cleaning services,Menzies Internatio,38468.78,26/12/12,3634
INV105559,Tree management maintenance services,Citywide Service ,0.2m,25/02/20,3678
INV105560,Graffiti management and pressure cleaning services,Calcorp Services Pty Ltd,3399.51,27/09/13,3668
INV105561,Open spaces management - region 2,pERCO,248497.4,20/06/2029,3677
INV105562,Melbourne Town Hall venue management,Showtime Event Group Pty Ltd,20471.6,2025-02-23,3670
INV105563,Open spaces management - region 2,serco,212667.95,29/01/29,3677
INV105564,Graffiti management and pressure cleaning services,CalcorpServicesPtyLtd,"$195,692.53",2027-01-07,3668
INV105565,Building cleaning services,Menzies Internatio,61062.71,27/01/02,3634
INV105566,Tree management maintenance services,Citywide Service Solutions Pty Ltd (AU),115795.56 AUD,11/08/2029,3678
INV105567,Management of Active Melbourne recreation facilities,Victorian YMCA Community Programming Pty. Ltd.,37524.8,28/05/2027,3615
INV105568,Graffiti management and pressure cleaning services,Calcorp,205117.32,08-Dec-2029,3668
INV105569,Civil infrastructure services,Citywide Service Solutions Pty. Ltd.,31472.98 AUD,31-May-2027,3665
INV105570,Graffiti management and pressure cleaning services,Calcorp  Services  Pty  Ltd,143371.73 AUD,2027-03-30, 
INV105571,Waste management services,Cleanaway Waste Management Limited (AUS),116523.52,07 November 2029, 
INV105572,Building maintenance services,Programmed  Facility  Management  Pty  Ltd,21363.42,08-May-2029,3630
INV105573,Parking technology services,Reino Intl Pty Ltd T/A Duncan Solutions,0.2m,2027-11-01,3623
INV105574,Open spaces management - region 2,Serco,"$21,906.66",2028-05-12,3677
INV105575,Civil infrastructure services,Citywide,197828.35,27 July 2026,3665
INV105576,Parking technology services,Reino Int’l Pty Ltd T/A Duncan Solutions,0.0m,29-Mar-2029,3623
INV105577,Open spaces management - region 2,SERCO,0.2m,21 July 2025,3677
INV105578,Integrated security services,National Protective Services Pty Ltd (AUS),156952.96,18/10/2028,3686
INV105579,Building cleaning services,Menzies International (Aust) Pty Ltd,26868.32,2027-07-12,3634
INV105580,Building cleaning services,Menzies International (Aust) Pty Ltd,247793.55 AUD,14 October 2026,3634
INV105581,Building maintenance services,PROGRAMMED FACILITY MANAGEMENT PTY LTD,69591.32,29/04/17,3630
INV105582,Vehicle tow away and impound services,nationwide towing services,223803.13,01/02/2025,3585
INV105583,Street cleaning,Spotless Facility Services Pty Ltd (AU),231996.15 AUD,25/10/16, 
INV105584,Street cleaning,Spotless Facility,1426.78,09/01/2027,3669
INV105585,Tree management maintenance services,Citywide Service Solutions Pty Ltd (AU),177327.78 AUD,01/01/2026,3678
INV105586,Graffiti management and pressure cleaning services,Calcorp Services P/L,82179.72 AUD,2025-07-14,3668
INV105587,Waste management services,Cleanwway Waste Management Limited,"$241,135.81",29/08/07, 
INV105588,Street cleaning,Spotless Facility Services Pty Ltd (AUS),186973.34 AUD,16 August 2025,3669
INV105589,Graffiti management and pressure cleaning services,Calcorp Services Pty Ltd,"$134,239.83",29/07/09,3668
INV105590,Management of Active Melbourne recreation facilities,Victorian YMyA Community Programming Pty Ltd,235879.57,16-Oct-2028,3615
INV105591,Civil infrastructure services,CitywideServiceSolutionsPtyLtd,81525.81,14 December 2026,3665
INV105592,Open spaces management - region 2,SERCO,0.1m,29/01/03,3677
INV105593,Waste management services,Cleanaway  Waste  Management  Limited,176189.14,13/09/2025,3556
INV105594,Open spaces management - region 1,Citywide  Service  Solutions  Pty  Ltd,0.0m,25-Oct-2027,3676
INV105595,Management of Active Melbourne recreation facilities,Victorian  YMCA  Community  Programming  Pty  Ltd,100533.36,15 December 2029,3615
INV105596,Management of Active Melbourne recreation facilities,Victorian YMCA Community Programming Pty Ltd (AUS),62665.02,20 December 2027,3615
INV105597,Melbourne Town Hall venue management,Showtime Event Group Pty Ltd (AUS),0.2m,16 September 2027,3670
INV105598,Management of Active Melbourne recreation facilities,Victorian YMCA Community Programming Pty Ltd,170846.07 AUD,09/07/2025,3615
INV105599,Integrated security services,National Protective Services Pty Ltd (AU),0.0m,2027-07-31,3686
INV105600,Building maintenance services,Programmed Facility Management Pty. Ltd.,"$114,862.04",16 August 2029,3630
INV105601,Graffiti management and pressure cleaning services,Calcorp Services Pty Ltd,"$244,066.18",26/02/22,3668
INV105602,Waste management services,Cleanaway Waste Management Limited (AUS),247341.36,09/02/2029,3556
INV105603,Building cleaning services,MENZIES INTERNATIONAL (AUST) PTY LTD,0.1m,08-Jun-2026,3634
INV105604,Open spaces management - region 1,Citywide Service Solutions Pty Ltd,0.1m,23-Nov-2025,3676
INV105605,Civil infrastructure services,Citywide,126700.21 AUD,29/06/11, 
INV105606,Building maintenance services,Programmed Facility Management Pty Ltd,106571.14 AUD,28-Nov-2026,3630
INV105607,Building cleaning services,Menzies International (Aust) Pty Ltd,159004.83,22-Oct-2025,3634
INV105608,Parking technology services,ReinoInternationalPtyLtdT/ADuncanSolutions,"$34,831.86",29/09/30,3623
INV105609,Parking technology services,Cleanaway Waste M,0.2m,2025-01-23,3556
INV105610,Street cleaning,Spotless Facility Services Pty Ltd,106349.68,26/04/30,3669
INV105611,Civil infrastructure services,Citywide Service Solutions P/L,0.1m,06-Aug-2029,3665
INV105612,Integrated security services,National Protective Services Pty Ltd,83888.72,03/11/2025,3686
INV105613,Vehicle tow away and impound services,NATIONWIDE TOWING SERVICES,223926.14,20/04/2027,3585
INV105614,Graffiti management and pressure cleaning services,Calcorp Services P/L,"$84,168.72",25 August 2029,3668
INV105615,Management of Active Melbourne recreation facilities,Victorian YMCA Community Programming Pty Ltd,0.0m,26/08/22,3615
INV105616,Tree management maintenance services,Citywide Service Solutions Pty Ltd,0.2m,28/06/19,3678
INV105617,Graffiti management and pressure cleaning services,Calcorp Services Pty Ltd,"$112,618.02",25/03/30,3668
INV105618,Civil infrastructure services,Citywide Service Solutions Pty Ltd,244089.42,2028-01-17,3665
INV105619,Street cleaning,Spotless Facility Services Pty. Ltd.,93518.17,02/05/2029,3669
INV105620,Integrated security services,National Protective Servbces Pty Ltd,236630.47 AUD,09 December 2026,3686
INV105621,Building cleaning services,Menzies,0.2m,25/12/12,3634
INV105622,Management of Active Melbourne recreation facilities,Victorian YMCA Community Programming Pty Ltd,172971.89 AUD,14 January 2028,3615
INV105623,Integrated security services,National Protective Services Pty Ltd (AUS),0.2m,26/01/01,3686
INV105624,Waste management services,Cleanaway Waste Mgmt Limited,96275.61,22-Oct-2025,3556
INV105625,Parking technology services,Reino Int’l Pty Ltd T/A Duncan Solutions,0.1m,2025-03-20,3623
INV105626,Management of Active Melbourne recreation facilities,Victorian YMCA Community Programming Pty. Ltd.,196960.57,12 March 2027,3615
INV105627,Building cleaning services,Menzies International (Aust) Pty Ltd (AU),,11/10/2028,3634
INV105628,Street cleaning,SPOTLESS FACILITY SERVICES PTY LTD,0.1m,12/10/2025,3669
INV105629,Vehicle tow away and impound services,Nationwide  Towing  Services,"$57,207.08",2026-11-29,3585
INV105630,Melbourne Town Hall venue management,showtime event group pty ltd,65705.92,,3670
INV105631,Integrated security services,National,242280.13,23-Feb-2027,3686
INV105632,Parking technology services,Reino International Pty Ltd T/A Duncan Solutions,196712.8 AUD,25/08/28,3623
INV105633,Integrated security services,National Protective Services PtybLtd,28196.67,28/11/14,3686
INV105634,Street cleaning,spotless facility services pty ltd,"$130,405.02",01 September 2028, 
INV105635,Civil infrastructure services,Citywide Service Solutions Pty Ltd,0.2m,18 August 2029,3665
INV105636,Street cleaning,Spotless Facility Services Pty Ltd,97631.9 AUD,24/07/2025,3669
INV105637,Waste management services,Cleanaway Waste Management Limited,191881.76,2028-07-06,3556
INV105638,Building maintenance services,Programmed Facility,"$25,835.31",01/11/2027,3630
INV105639,Open spaces management - region 1,Citywide Service Solutions Pty Ltd,99640.45,24-May-2025,3676
INV105640,Integrated security services,National  Protective  Services  Pty  Ltd,186424.19,23/05/2028,3686
INV105641,Street cleaning,Spotless Facility Services Pty Ltd (AU),103047.58,29/09/28,3669
INV105642,Civil infrastructure services,citywide service solutions pty ltd,"$115,175.05",22/02/2028,3665
INV105643,Building maintenance services,Programmed Facility Management P/L,"$9,805.14",28/03/30,3630
INV105644,Building cleaning services,Menzies International (Aust) Pty Ltd,0.2m,2027-10-04,3634
INV105645,Vehicle tow away and impound services,Nationwide To,"$53,644.48",06 May 2026, 
INV105646,Melbourne Town Hall venue management,Showtime  Event  Group  Pty  Ltd,176300.45,25-Feb-2029,3670
INV105647,Street cleaning,spotless facility services pty ltd,67221.63 AUD,12/08/2029,3669
INV105648,Building cleaning services,Menzies International (Aust) Pty Ltd,"$33,309.0",2026-10-03, 
INV105649,Open spaces management - region 2,Serco,187725.89,2026-07-08,3677
INV105650,Street cleaning,Spotless Facility Services Pty Ltd,30953.06,16/06/2025,3669
INV105651,Vehicle tow away and impound services,Nationwide  Towing  Services,32981.15 AUD,2025-11-03,3585
INV105652,Melbourne Town Hall venue management,Showtime Event Group Pty Ltd,64495.25 AUD,22/05/2026,3670
INV105653,Melbourne Town Hall venue management,Showtime Event Group Pty Ltd (AU),193894.67 AUD,2026-03-22,3670
INV105654,Management of Active Melbourne recreation facilities,Nationwide To,0.2m,21/02/2027,3585
INV105655,Tree management maintenance services,Citywide  Service  Solutions  Pty  Ltd,179581.68 AUD,02-Jul-2027,3678
INV105656,Vehicle tow away and impound services,NATIONWIDE TOWING SERVICES,"$4,790.01",02/03/2025,3585
INV105657,Civil infrastructure services,CITYWIDE SERVICE SOLUTIONS PTY LTD,70827.65,20 December 2027,3665
INV105658,Integrated security services,National Protective Services Pty Ltd,241513.71,04/10/2029,3686
INV105659,Street cleaning,Spotless Facility Services Pty Ltd,"$179,050.93",2028-05-18,3669
INV105660,Civil infrastructure services,Citywide Service Solutions Pty Ltd,161251.49,27/03/2026,3665
INV105661,Waste management services,Cleanaway Waste Management Limited,,25/01/2027,3556
INV105662,Tree management maintenance services,CitywideServiceSolutionsPtyLtd,65729.73 AUD,07/02/2025,3678
INV105663,Vehicle tow away and impound services,Nationwide Towing Services (AU),0.2m,07 December 2025,3585
INV105664,Graffiti management and pressure cleaning services,CalcorpServicesPtyLtd,231482.75,25/10/09,3668
INV105665,Parking technology services,Spotless Facility Services P/L,131837.73 AUD,29/04/16,3669
INV105666,Street cleaning,Spotless Facility Services Pty. Ltd.,188858.28,04/02/2025,3669
INV105667,Open spaces management - region 2,SERCO,"$209,792.08",03 October 2025,3677
INV105668,Vehicle tow away and impound services,Nationwide Towing Services,"$171,396.34",29/05/27,3585
INV105669,Melbourne Town Hall venue management,Showtime Event Group Pty Ltd,179835.93 AUD,18-May-2028,3670
INV105670,Vehicle tow away and impound services,Nationwide Towing Services,82988.48,01-Aug-2029,3585
INV105671,Management of Active Melbourne recreation facilities,Vicnorian YMCA Community Programming Pty Ltd,0.2m,09-Jun-2028,3615
INV105672,Integrated security services,National Protectiv,0.2m,27/03/31,3686
INV105673,Open spaces management - region 1,Citywide Service Solutions Pty Ltd (AU),187122.72,2026-11-09,3676
INV105674,Graffiti management and pressure cleaning services,calcorp services pty ltd,"$32,855.74",04 July 2027,3668
INV105675,Vehicle tow away and impound services,NATIONWIDE TOWING SERVICES,80829.84,12/05/2026,3585
INV105676,Building cleaning services,Menzies International (Aust) Pty Ltd (AU),148321.87 AUD,09-Jul-2029,3634
INV105677,Civil infrastructure services,citywide service solutions pty ltd,212094.48,20 August 2026,3665
INV105678,Melbourne Town Hall venue management,Showtime Event Group Pty Ltd,171789.66,28/01/12,3670
INV105679,Melbourne Town Hall venue management,Showtime Event Group Pty Ltd,106819.22,29/11/02,3670
INV105680,Civil infrastructure services,National Protective Services Pty Ltd (AUS),231962.05 AUD,2029-12-23,3686
INV105681,Management of Active Melbourne recreation facilities,Victorian YMCA Community Programming Pty Ltd,204166.23 AUD,2025-11-24,3615
INV105682,Graffiti management and pressure cleaning services,Calcorp Services Pty Ltd (AUS),148340.08 AUD,21/06/2029,3668
INV105683,Open spaces management - region 2,SERCO (AUS),119641.26,19/03/2027,3677
INV105684,Graffiti management and pressure cleaning services,Calcorp Services P/L,"$163,125.62",30 October 2028,3668
INV105685,Vehicle tow away and impound services,Nationwide Towing Services (AU),"$3,225.81",2027-11-13,3585
INV105686,Open spaces management - region 2,ShRCO,0.0m,29/11/10,3677
INV105687,Tree management maintenance services,PROGRAMMED FACILITY MANAGEMENT PTY LTD,"$2,544.49",27 June 2025,3630
INV105688,Integrated security services,National Protective Services Pty. Ltd.,0.1m,23/05/2026,3686
INV105689,Open spaces management - region 1,CitywideServiceSolutionsPtyLtd,"$249,298.37",06/12/2026,3676
INV105690,Graffiti management and pressure cleaning services,Calcorp Services Pty Ltd,246742.02,24 March 2028,3668
INV105691,Management of Active Melbourne recreation facilities,victorian ymca community programming pty ltd,"$23,791.86",2028-09-25,3615
INV105692,Building cleaning services,Menzies Internativnal (Aust) Pty Ltd,39355.79,27/09/2026,3634
INV105693,Management of Active Melbourne recreation facilities,Victorian,89253.24 AUD,25/03/2027, 
INV105694,Building maintenance services,Programmed Facility Mgmt Pty Ltd,16732.82 AUD,11/05/2029,3630
INV105695,Building maintenance services,Programmed Flcility Management Pty Ltd,217587.61,23/06/2026,3630
INV105696,Civil infrastructure services,Citywide Service Solutions Pty Ltd (AU),45051.64 AUD,07/09/2026,3665
INV105697,Civil infrastructure services,Citywide Service Solutions Pty Ltd,27188.69 AUD,02 February 2025,3665
INV105698,Tree management maintenance services,Spotless Facility Services Pty Ltd,0.2m,2028-01-14,3669
INV105699,Civil infrastructure services,Citywide,195925.42,04-Oct-2028,3665
INV105700,Building cleaning services,Menzies International (Aust) Pty Ltd,106805.19,01/05/2026,3634
INV105701,Melbourne Town Hall venue management,Showtime Event Group Pty Ltd (AU),27535.09,28 October 2026,3670
INV105702,Street cleaning,Serco,0.0m,24/08/2025,3677
INV105703,Graffiti management and pressure cleaning services,Calcorp Services Pty Ltd,0.0m,16-Aug-2029,3668
INV105704,Graffiti management and pressure cleaning services,Calcorp,75826.99,05/02/2025,3668
INV105705,Building maintenance services,Programmed Facility Management Pty Ltd,0.0m,03/10/2026,3630
INV105706,Graffiti management and pressure cleaning services,Calcorp Services Pty Ltd,"$204,591.99",28/10/04,3668
INV105707,Integrated security services,National Protective Services Pty Ltd,193492.07 AUD,2025-06-30, 
INV105708,Integrated security services,National  Protective  Services  Pty  Ltd,80314.44 AUD,16 January 2028,3686
INV105709,Melbourne Town Hall venue management,Showtime Event Group Pty Lyd,4303.63 AUD,10-Oct-2029,3670
INV105710,Tree management maintenance services,Citywide Service Solutions Pty Ltd (AUS),"$149,470.13",,3678
INV105711,Melbourne Town Hall venue management,ShowtimeEventGroupPtyLtd,"$204,864.5",21/09/2026,3670
INV105712,Vehicle tow away and impound services,NATIONWIDE TOWING SERVICES,99194.41,21-Dec-2028,3585
INV105713,Graffiti management and pressure cleaning services,Calcorp Services P/L,54315.06 AUD,05/09/2028,3668
INV105714,Open spaces management - region 2,SERCO,22656.44,03-Apr-2027,3677
INV105715,Melbourne Town Hall venue management,Showtime Event Group Pty Ltd (AUS),149225.28,29/09/26,3670
INV105716,Tree management maintenance services,Citywide Service Solutiows Pty Ltd,0.2m,2026-09-06,3678
INV105717,Graffiti management and pressure cleaning services,Calcorp Services PtyfLtd,37800.53 AUD,20 March 2027,3668
INV105718,Graffiti management and pressure cleaning services,CalcorpServicesPtyLtd,43051.95 AUD,18/07/2025,3668
INV105719,Building maintenance services,Pcogrammed Facility Management Pty Ltd,82558.6,04 November 2025,3630
INV105720,Building cleaning services,Menzies International (Aust) Pty Ltd (AU),91859.57,08 April 2029,3634
INV105721,Building maintenance services,Programmed Facility Management Pty Ltd,114529.13 AUD,29/05/2027,3630
INV105722,Building maintenance services,Programmed Facility Management Pty Ltd,14182.78,10/10/2029,3630
INV105723,Vehicle tow away and impound services,Nationwide Towing Services,0.1m,2028-07-18,3585
INV105724,Graffiti management and pressure cleaning services,Calcorp Services P/L,66948.54,2025-05-16,3668
INV105725,Open spaces management - region 2,SERCO,0.1m,27/09/27,3677
INV105726,Integrated security services,National,48349.48,01 January 2027,3686
INV105727,Street cleaning,Spotless  Facility  Services  Pty  Ltd,29385.76,15/12/2027,3669
INV105728,Street cleaning,Spotless Facility Services Pty Ltd,0.2m,04/12/2027,3669
INV105729,Graffiti management and pressure cleaning services,Calcorp,228148.91,22-Mar-2026,3668
INV105730,Waste management services,Cleanaway Waste Management LTD,0.0m,26/04/2027,3556
INV105731,Waste management services,CleanawayWasteManagementLimited,0.0m,12/04/2026,3556
INV105732,Integrated security services,National Protective Services Pty Ltd,0.1m,20/02/2026,3686
INV105733,Melbourne Town Hall venue management,ShowtimeEventGroupPtyLtd,243431.21,22/11/2026,3670
INV105734,Vehicle tow away and impound services,Nationwide Towing Services,172314.26 AUD,2027-09-17,3585
INV105735,Management of Active Melbourne recreation facilities,Victorian Ymca Community Programming Pty Ltd,103116.65,12-Sep-2027,3615
INV105736,Integrated security services,National xrotective Services Pty Ltd,"$83,151.45",2029-08-12,3686
INV105737,Building maintenance services,Programmed Facility Management Pty. Ltd.,115862.51,25-Jun-2027,3630
INV105738,Building cleaning services,Menzies International (Aust) Pty Ltd,0.2m,2029-07-30,3634
INV105739,Open spaces management - region 1,Citywide Service Solutions Pty Ltd,54227.87,27/01/25,3676
INV105740,Melbourne Town Hall venue management,Showtime Event,179291.51 AUD,2026-06-07,3670
INV105741,Building maintenance services,PROGRAMMED FACILITY MANAGEMENT PTY LTD,"$53,948.35",2026-07-26,3630
INV105742,Integrated security services,National Protective Services Pty Ltd (AUS),141417.41,25/11/05,3686
INV105743,Waste management services,Cleanaway Waste Mgmt Limited,101167.01 AUD,18/09/2027,3556
INV105744,Civil infrastructure services,CITYWIDE SERVICE SOLUTIONS PTY LTD,202618.15,27/07/15,3665
INV105745,Graffiti management and pressure cleaning services,CalcorpServicesPtyLtd,0.0m,17 April 2025,3668
INV105746,Vehicle tow away and impound services,NATIONWIDE TOWING SERVICES,0.1m,21/09/2027,3585
INV105747,Street cleaning,CitywideServiceSolutionsPtyLtd,0.1m,03/11/2026,3678
INV105748,Civil infrastructure services,Programmed  Facility  Management  Pty  Ltd,0.2m,28/01/05,3630
INV105749,Civil infrastructure services,Citywide Service Solutions Pty Ltd,0.1m,14/08/2025,3665
INV105750,Tree management maintenance services,Citywide  Service  Solutions  Pty  Ltd,"$140,981.3",22/12/2026,3678
INV105751,Civil infrastructure services,CitywideServiceSolutionsPtyLtd,24531.45,26/09/15,3665
INV105752,Building maintenance services,Programped Facility Management Pty Ltd,93941.95 AUD,24-Mar-2028,3630
INV105753,Waste management services,Cleanaway Waste Management Limited,0.2m,08/12/2025,3556
INV105754,Graffiti management and pressure cleaning services,Calcorp Serv,125763.53,2026-08-15,3668
INV105755,Tree management maintenance services,citywide service solutions pty ltd,76060.73,2025-10-12,3678
INV105756,Street cleaning,Spotless,0.1m,16 November 2028,3669
INV105757,Building cleaning services,MENZIES INTERNATIONAL (AUST) PTY LTD,151833.05,06 October 2029,3634
INV105758,Tree management maintenance services,Citywide Service ,$719.65,2026-12-06,3678
INV105759,Building maintenance services,PROGRAMMED FACILITY MANAGEMENT PTY LTD,72353.87,27/06/11,3630
INV105760,Parking technology services,Reino International Pty Ltd T/A Duncan Solutions (AUS),"$222,307.08",23/12/2029,3623
INV105761,Graffiti management and pressure cleaning services,Calcorp Services Pty. Ltd.,175747.83,25/06/03,3668
INV105762,Tree management maintenance services,Citywide Service ,110046.55,09 March 2028,3678
INV105763,Waste management services,Cleanaway Waste Management Limited (AU),210821.34 AUD,15/09/2026,3556
INV105764,Parking technology services,Reino Int’l Pty Ltd T/A Duncan Solutions,247188.43,13 May 2029,3623
INV105765,Parking technology services,Reino Icternational Pty Ltd T/A Duncan Solutions,68469.58,28/04/2027, 
INV105766,Parking technology services,reino international pty ltd t/a duncan solutions,10032.79,2028-03-17,3623
INV105767,Parking technology services,Reino International Pty Ltd T/A Duncan Solutions (AUS),40919.2,16/09/2029,3623
INV105768,Tree management maintenance services,Citywide,0.1m,16 August 2029,3678
INV105769,Open spaces management - region 2,SERCO,"$227,986.12",06-Jul-2029,3677
INV105770,Integrated security services,National Protective Services Pty Ltd (AU),143797.97,2026-11-22,3686
INV105771,Open spaces management - region 1,Citywide  Service  Solutions  Pty  Ltd,72061.61,29/01/06,3676
INV105772,Building maintenance services,ProgrammedFacilityManagementPtyLtd,0.2m,2025-03-22,3630
INV105773,Tree management maintenance services,CITYWIDE SERVICE SOLUTIONS PTY LTD,26908.73 AUD,28/04/13,3678
INV105774,Building maintenance services,Programmed Facility Management Pty Ltd (AUS),155611.98,24 December 2026,3630
INV105775,Waste management services,Cleanaway Waste Management Limited,"$86,632.06",29/02/19,3556
INV105776,Street cleaning,SPOTLESS FACILITY SERVICES PTY LTD,36503.64,17-Mar-2029,3669
INV105777,Building cleaning services,Menzies International (Aust) P/L,"$47,082.83",17/04/2029,3634
INV105778,Graffiti management and pressure cleaning services,Calcorp Serv,125569.28,10-Jun-2027, 
INV105779,Graffiti management and pressure cleaning services,CALCORP SERVICES PTY LTD,166697.88 AUD,15/04/2029,3668
INV105780,Street cleaning,Spotless Facility Services P/L,212642.93,2027-04-11,3669
INV105781,Melbourne Town Hall venue management,Showtime  Event  Group  Pty  Ltd,153944.93 AUD,02/09/2025,3670
INV105782,Street cleaning,Programmed Facility Management P/L,230851.17,03 February 2027,3630
INV105783,Civil infrastructure services,Citywide Service Solutions Pty Lwd,0.1m,09/07/2028,3665
INV105784,Building cleaning services,Menzies Int’l (Aust) Pty Ltd,105887.17 AUD,2027-03-29,3634
INV105785,Civil infrastructure services,Citywide,111392.26,18-Jan-2026,3665
INV105786,Tree management maintenance services,Citywide Service Solutions Pty Ltd (AU),152164.01 AUD,14-Jun-2029,3678
INV105787,Open spaces management - region 2,SERCO (AUS),"$117,220.5",27 March 2027,3677
INV105788,Building maintenance services,Programmed Facility Management Ppy Ltd,126029.07 AUD,03/03/2027,3630
INV105789,Open spaces management - region 1,Citywide,241975.55,27 May 2026,3676
INV105790,Management of Active Melbourne recreation facilities,Victorian YMCA Community Programming Pty Ltd (AUS),194765.88,22-Mar-2026,3615
INV105791,Vehicle tow away and impound services,Nationwide Towing Services (AUS),144026.95,23-Jan-2028,3585
INV105792,Open spaces management - region 1,Citywide Service Solutions Pty Ltd,0.0m,04/08/2025,3676
INV105793,Waste management services,Cleanaway  Waste  Management  Limited,6425.01 AUD,2029-01-08,3556
INV105794,Open spaces management - region 2,SERCO,37921.3 AUD,30 October 2027,3677
INV105795,Open spaces management - region 2,SERCO,"$196,009.29",06/09/2026,3677
INV105796,Management of Active Melbourne recreation facilities,VictorianYMCACommunityProgrammingPtyLtd,148317.66,22 July 2026,3615
INV105797,Building cleaning services,Menzies International (Aust) P/L,175001.44,16-Apr-2029,3634
INV105798,Building cleaning services,MenziesInternational(Aust)PtyLtd,202785.14,27/07/01,3634
INV105799,Street cleaning,Spotless Facility Services Pty Ltd (AU),0.1m,2028-04-25,3669
INV105800,Parking technology services,ReinoInternationalPtyLtdT/ADuncanSolutions,13139.66,25 February 2029,3623
INV105801,Vehicle tow away and impound services,Nationwide Towing Services,0.1m,28/09/2026, 
INV105802,Vehicle tow away and impound services,Nationwide  Towing  Services,238349.36,25/12/24,3585
INV105803,Graffiti management and pressure cleaning services,Calcorp Services P/L,243570.23,27/07/15,3668
INV105804,Melbourne Town Hall venue management,Showtime Event Group Pty Ltd (AUS),156406.03,29/03/2026,3670
INV105805,Waste management services,Cleanaway  Waste  Management  Limited,3082.88,26-Dec-2029,3556
INV105806,Street cleaning,Spotless Facility Services Pty Ltd (AUS),"$156,575.12",09 February 2027,3669
INV105807,Open spaces management - region 2,SERCO,206837.15 AUD,2025-09-04,3677
INV105808,Vehicle tow away and impound services,Nationwide,"$205,004.86",2029-09-03,3585
INV105809,Tree management maintenance services,Citywide Service Solutions Pty. Ltd.,"$194,755.58",26/04/13,3678
INV105810,Vehicle tow away and impound services,Nationwide Towing Services,146623.1,14 February 2025,3585
INV105811,Parking technology services,REINO INTERNATIONAL PTY LTD T/A DUNCAN SOLUTIONS,843.76,2026-06-11,3623
INV105812,Building maintenance services,programmed facility management pty ltd,220208.11 AUD,17 May 2025,3630
INV105813,Street cleaning,Spotless Facility Services Pty Ltd (AU),135604.54,28 March 2025,3669
INV105814,Building maintenance services,programmed facility management pty ltd,"$75,329.16",28/08/2027,3630
INV105815,Management of Active Melbourne recreation facilities,Victorian YMCA Community Programming Pty Ltd,0.1m,01-Apr-2025,3615
INV105816,Melbourne Town Hall venue management,Showtime Event Group P/L,77563.25,18/01/2027, 
INV105817,Management of Active Melbourne recreation facilities,Victorian YMCA Communi,103428.97 AUD,07/08/2026,3615
INV105818,Street cleaning,Spotless Facility Services P/L,150853.68,08 December 2025,3669
INV105819,Open spaces management - region 2,SERCO,95389.95,25/05/09,3677
INV105820,Graffiti management and pressure cleaning services,Calcorp Serv,0.2m,2025-01-02,3668
INV105821,Open spaces management - region 1,Citywide Service Solutions Pty Ltd,"$11,365.67",2026-09-30,3676
INV105822,Civil infrastructure services,Citywide  Service  Solutions  Pty  Ltd,,26/03/15,3665
INV105823,Parking technology services,Reino International Pty Ltd T/A Duncan Solutions,"$56,969.88",29-Nov-2025,3623
INV105824,Street cleaning,spotless facility services pty ltd,"$129,994.89",28 January 2029,3669
INV105825,Open spaces management - region 2,SERCO,0.1m,25/10/25,3677
INV105826,Melbourne Town Hall venue management,Showtime Event,1460.46,2028-02-06,3670
INV105827,Building maintenance services,Programmed Facility Management Pty Ltd,0.2m,2029-03-05,3630
INV105828,Vehicle tow away and impound services,Nationwide Towing Services,0.2m,11 May 2028,3585
INV105829,Open spaces management - region 1,Citywide Service Solutions Pty Ltd,104419.83,27-Jan-2028,3676
INV105830,Tree management maintenance services,CitywideServiceSolutionsPtyLtd,"$54,041.07",28/07/29,3678
INV105831,Civil infrastructure services,Citywide Service Solutions Pty. Ltd.,106170.76,10/07/2028,3665
INV105832,Melbourne Town Hall venue management,Showtime Event Group Pty Ltd (AUS),101011.59 AUD,08/08/2027,3670
INV105833,Tree management maintenance services,Citywide Service Solutions Pty Ltd (AU),34439.83,12/04/2027,3678
INV105834,Waste management services,cleanaway waste management limited,222783.97 AUD,2027-09-02,3556
INV105835,Melbourne Town Hall venue management,Showtime Event Group Pty Ltd (AUS),166608.86,24/04/2025,3670
INV105836,Building cleaning services,Menzies International (Aust) Pty Ltd (AU),0.1m,11/02/2029,3634
INV105837,Vehicle tow away and impound services,NationwideTowingServices,193221.95,08 June 2026,3585
INV105838,Vehicle tow away and impound services,Nationwide Towing Services (AU),0.1m,28/08/2026,3585
INV105839,Open spaces management - region 1,Citywide,,02 March 2028,3676
INV105840,Melbourne Town Hall venue management,Showtime  Event  Group  Pty  Ltd,97868.54 AUD,22-Feb-2027,3670
INV105841,Open spaces management - region 2,SERCO,0.2m,28/12/2029,3677
INV105842,Waste management services,Cleanaway,0.1m,14/09/2028,3556
INV105843,Waste management services,Cleanaway Wacte Management Limited,46640.43,03-Jan-2026,3556
INV105844,Building cleaning services,Menzies International (Aust) Pty Ltd,201870.79,,3634
INV105845,Management of Active Melbourne recreation facilities,National Protective Services Pty Ltd,"$104,246.93",11/11/2026,3686
INV105846,Civil infrastructure services,Citywide Service Solutions Pty Ltd (AU),169140.02 AUD,25 December 2026,3665
INV105847,Integrated security services,National trotective Services Pty Ltd,164152.7,18/09/2025,3686
INV105848,Street cleaning,SPOTLESS FACILITY SERVICES PTY LTD,0.0m,04-Jun-2025,3669
INV105849,Building maintenance services,Programmed  Facility  Management  Pty  Ltd,86803.77 AUD,29/05/2026,3630
INV105850,Building maintenance services,Programmed Facility Management Pty Ltd (AU),182231.8,10-Aug-2028,3630
INV105851,Melbourne Town Hall venue management,Showtime,148165.82,13/09/2025,3670
INV105852,Graffiti management and pressure cleaning services,Calcorp Services Pty Ltd,67524.31,26/04/25,3668
INV105853,Integrated security services,National  Protective  Services  Pty  Ltd,225496.95,18/09/2026,3686
INV105854,Melbourne Town Hall venue management,Showtime Event Group Pty Ltd,64180.52 AUD,28/05/2027,3670
INV105855,Parking technology services,Reino Int’l Pty Ltd T/A Duncan Solutions,216885.54,2027-06-16,3623
INV105856,Building maintenance services,Programmed Facility Management P/L,50648.16,2026-10-29,3630
INV105857,Waste management services,Cleanaway Waste Management Limited (AUS),196453.57,16/09/2027,3556
INV105858,Waste management services,Cleanaway Waste Management Limited,11302.93 AUD,21/02/2027,3556
INV105859,Vehicle tow away and impound services,Nationwide Towing Services (AU),194983.82,29-Aug-2027,3585
INV105860,Building cleaning services,Menzies International (Aust) Pty Ltd (AU),0.1m,26/03/11,3634
INV105861,Management of Active Melbourne recreation facilities,Victorian YMCA Community Programming Pty Ltd,96834.22,24-Sep-2029,3615
INV105862,Street cleaning,Spotless,0.1m,08/03/2028,3669
INV105863,Waste management services,CLEANAWAY WASTE MANAGEMENT LIMITED,202905.12 AUD,15 July 2026,3556
INV105864,Civil infrastructure services,Citywide Service ,203156.68 AUD,2026-11-25,3665
INV105865,Parking technology services,Reino International Pty. Ltd. T/A Duncan Solutions,174751.75 AUD,08/01/2028, 
INV105866,Building maintenance services,Programmed FacilityyManagement Pty Ltd,0.2m,2029-11-03,3630
INV105867,Building cleaning services,MenziesInternational(Aust)PtyLtd,127924.75,10-May-2029,3634
INV105868,Open spaces management - region 2,SERCO,231972.71 AUD,25 December 2026,3677
INV105869,Parking technology services,Citywide Service Solutions Pty Ltd,"$150,477.61",15 September 2028,3678
INV105870,Civil infrastructure services,Citywide Service Solutions Pty Ltd,107486.11,2027-04-12,3665
INV105871,Management of Active Melbourne recreation facilities,Victorian YMCA Community Programming Pty Ltd (AUS),"$164,819.8",24-Oct-2025,3615
INV105872,Vehicle tow away and impound services,Nationwide To,14096.1,03-Jun-2026,3585
INV105873,Graffiti management and pressure cleaning services,Calcorp Serv,0.2m,14 May 2025,3668
INV105874,Building maintenance services,Programmed Facility,236391.29,02/09/2028,3630
INV105875,Building maintenance services,Programmed  Facility  Management  Pty  Ltd,32769.52,08/12/2025,3630
INV105876,Open spaces management - region 1,Citywide Service Solutions P/L,19949.98,12-May-2027,3676
INV105877,Integrated security services,National Protective Services P/L,"$209,596.67",27/09/01,3686
INV105878,Street cleaning,Spotless Facility Services Pty Ltd,225685.03,29/10/01,3669
INV105879,Street cleaning,SpotlessFacilityServicesPtyLtd,"$28,550.33",09/02/2029,3669
INV105880,Melbourne Town Hall venue management,Showtime,64343.84,14 August 2025,3670
INV105881,Tree management maintenance services,Citywide Service Solutions P/L,89897.08 AUD,2027-09-02,3678
INV105882,Building cleaning services,Menzies International (Aust) Pty Ltd,"$176,327.13",02-Nov-2027,3634
INV105883,Building cleaning services,Showtime,0.2m,23-Jul-2027,3670
INV105884,Graffiti management and pressure cleaning services,CalcorpServicesPtyLtd,201277.93 AUD,20 April 2028,3668
INV105885,Integrated security services,NATIONAL PROTECTIVE SERVICES PTY LTD,118198.84 AUD,29/05/2026,3686
INV105886,Melbourne Town Hall venue management,showtime event group pty ltd,169450.5,02/03/2027,3670
INV105887,Parking technology services,Reino International Pty Ltd T/A Duncan Solutions,167800.18,29 October 2029,3623
INV105888,Building cleaning services,Menzies International (Aust) Pty Ltd (AU),0.0m,06 February 2026,3634
INV105889,Tree management maintenance services,Citywide Service Solutions Pty Ltd,6775.66 AUD,27-Jul-2025, 
INV105890,Building cleaning services,Menzies Intl (Aust) Pty Ltd,209620.18,21/05/2028,3634
INV105891,Melbourne Town Hall venue management,ShowtimeEventGroupPtyLtd,0.2m,25/08/2028,3670
INV105892,Graffiti management and pressure cleaning services,Calcorp Services Pty Ltd,137986.77,26 October 2025,3668
INV105893,Integrated security services,National Pwotective Services Pty Ltd,0.0m,16/07/2027,3686
INV105894,Waste management services,Cleanaway Waste Mgmt Limited,34824.15 AUD,24/11/2025,3556
INV105895,Graffiti management and pressure cleaning services,Calcorp Services P/L,35159.3,2025-05-20,3668
INV105896,Management of Active Melbourne recreation facilities,Victorian,169114.31 AUD,2029-06-06,3615
INV105897,Graffiti management and pressure cleaning services,Calcorp Serv,0.1m,14/08/2025,3668
INV105898,Civil infrastructure services,Citywide Service Solutions Pty Ltd (AU),"$109,311.7",29/01/06,3665
INV105899,Tree management maintenance services,Citywide Service Solutions Pty Ltd (AUS),75014.38,07/03/2029,3678
INV105900,Vehicle tow away and impound services,Nationwide,194893.05,28/05/17,3585
INV105901,Street cleaning,SpotlessFacilityServicesPtyLtd,22858.64 AUD,06-Aug-2025,3669
INV105902,Tree management maintenance services,CITYWIDE SERVICE SOLUTIONS PTY LTD,"$23,676.89",16 March 2026,3678
INV105903,Waste management services,Cleanaway Waste Mgmt Limited,191195.66 AUD,24-May-2025,3556
INV105904,Open spaces management - region 1,CITYWIDE SERVICE SOLUTIONS PTY LTD,176162.26,13/04/2027,3676
INV105905,Integrated security services,National Protective Services Pty Ltd (AUS),231097.7,23/05/2025,3686
INV105906,Street cleaning,Spotless Facility Services Pty Ltd,63022.31,2026-09-02,3669
INV105907,Open spaces management - region 2,SERCO,249247.11,27/06/2026,3677
INV105908,Graffiti management and pressure cleaning services,Calcorp Services Pty Ltd,102638.89,09 August 2027, 
INV105909,Management of Active Melbourne recreation facilities,Victorian YMCA Community Programming Pty Ltd (AUS),63046.67 AUD,07-May-2028,3615
INV105910,Integrated security services,NATIONAL PROTECTIVE SERVICES PTY LTD,229748.06 AUD,29/10/2028,3686
INV105911,Building maintenance services,PROGRAMMED FACILITY MANAGEMENT PTY LTD,"$243,539.83",14/08/2026,3630
INV105912,Building cleaning services,Menzies Intl (Aust) Pty Ltd,"$215,179.97",06/09/2025,3634
INV105913,Graffiti management and pressure cleaning services,CALCORP SERVICES PTY LTD,221451.82 AUD,23 October 2028,3668
INV105914,Building maintenance services,Programmed Facility Management Pty Ltd,0.1m,27 November 2025,3630
INV105915,Building cleaning services,Menzies Int’l (Aust) Pty Ltd,149315.74 AUD,13-Jan-2025,3634
INV105916,Waste management services,Cleanaway Waste Management Limited (AUS),"$124,824.74",2028-06-29,3556
INV105917,Open spaces management - region 2,SERCO,"$118,010.62",21 July 2028,3677
INV105918,Open spaces management - region 2,SERCO,"$190,134.3",12/10/2027,3677
INV105919,Open spaces management - region 2,SERCO (AUS),15286.79,22 August 2028,3677
INV105920,Waste management services,CleanawayWasteManagementLimited,47581.79,14 February 2026,3556
INV105921,Open spaces management - region 2,SERCO,0.1m,20/03/2029,3677
INV105922,Civil infrastructure services,Citywide Service Solutions Pty Ltd (AUS),142217.25 AUD,29/07/18,3665
INV105923,Tree management maintenance services,CITYWIDE SERVICE SOLUTIONS PTY LTD,0.0m,28/06/29,3678
INV105924,Open spaces management - region 2,SERCO (AU),59975.29 AUD,23/12/2026,3677
INV105925,Parking technology services,Reino International Pty Ltd T/A Duncan Solutions,"$10,596.84",25/09/04,3623
INV105926,Street cleaning,Spotlesl Facility Services Pty Ltd,130546.51,24-May-2025,3669
INV105927,Melbourne Town Hall venue management,ShowtimeEventGroupPtyLtd,6028.46 AUD,22-Apr-2027,3670
INV105928,Waste management services,Cleanaway Waste Management Limited,44648.14 AUD,2025-10-24,3556
INV105929,Tree management maintenance services,Citywide Service Solutions Pty Ltd (AUS),224860.36,28/10/28,3665
INV105930,Management of Active Melbourne recreation facilities,Victorian,167831.24,02-Aug-2029,3615
INV105931,Tree management maintenance services,Citywide Service Solutions P/L,191982.66,12/10/2026,3678
INV105932,Vehicle tow away and impound services,Nationwide Towing Services,81554.87,26/08/17,3585
INV105933,Open spaces management - region 2,SERCO,"$162,769.04",29/07/06,3677
INV105934,Vehicle tow away and impound services,Nationwide To,"$241,916.38",07/07/2027,3585
INV105935,Open spaces management - region 1,citywide service solutions pty ltd,139628.9 AUD,14 August 2026,3676
INV105936,Open spaces management - region 1,Citywide Service Solutioks Pty Ltd,89410.87,18/01/2026,3676
INV105937,Vehicle tow away and impound services,Nationwide  Towing  Services,"$21,888.79",24/02/2029,3585
INV105938,Vehicle tow away and impound services,Nationwide To,166371.87,09/05/2029,3585
INV105939,Street cleaning,Spotless Facility Services Pty Ltd,136922.5,02-Feb-2028,3669
INV105940,Management of Active Melbourne recreation facilities,VICTORIAN YMCA COMMUNITY PROGRAMMING PTY LTD,1672.22,28-Oct-2029,3615
INV105941,Waste management services,CleanawayWasteManagementLimited,208736.68,2029-08-31,3556
INV105942,Street cleaning,SpotlessFacilityServicesPtyLtd,113747.25 AUD,2029-09-19,3669
INV105943,Open spaces management - region 1,Citywide Service ,63193.4 AUD,23-Jul-2025,3676
INV105944,Open spaces management - region 1,Citywide Service Solutions Pty Ltd,127550.46,09 August 2029,3676
INV105945,Vehicle tow away and impound services,Nationwide To,"$17,735.3",05/08/2026,3585
INV105946,Waste management services,Cleanaway Waste Management Limited,207322.33 AUD,12-Dec-2025,3556
INV105947,Building maintenance services,Programmed Facility Management Pty. Ltd.,39689.31,11/01/2025,3630
INV105948,Street cleaning,Spotless Facility Services Pty Ltd,75234.77 AUD,01/09/2027,3669
INV105949,Graffiti management and pressure cleaning services,Calcorp,$874.78,24-Jun-2027,3668
INV105950,Street cleaning,Spotless  Facility  Services  Pty  Ltd,146975.1,29/12/05,3669
INV105951,Integrated security services,Menzies Intl (Aust) Pty Ltd,"$170,274.17",2029-03-15,3634
INV105952,Tree management maintenance services,CITYWIDE SERVICE SOLUTIONS PTY LTD,177510.62,12-Aug-2027,3678
INV105953,Building cleaning services,Menzies International (Aust) Pty Ltd,192280.29,14/05/2025,3634
INV105954,Tree management maintenance services,Citywide Service Solutions P/L,190797.81,31-Aug-2028,3678
INV105955,Building maintenance services,Programmed Facility Manaaement Pty Ltd,0.2m,2027-12-08,3630
INV105956,Waste management services,CleanawayWasteManagementLimited,52768.11,11/04/2026,3556
INV105957,Integrated security services,National Protective Services Pty Ltd,"$210,054.69",04/05/2027,3686
INV105958,Waste management services,Cleanaway Waste M,111975.27,05-Sep-2028,3556
INV105959,Open spaces management - region 1,Citywide Service Solutions Pty Ltd,226101.05,28/12/2025,3676
INV105960,Vehicle tow away and impound services,Nationwide  Towing  Services,"$226,967.06",2025-09-12,3585
INV105961,Open spaces management - region 2,SERCO,53090.85,20-Oct-2027,3677
INV105962,Vehicle tow away and impound services,Nationwide To,"$182,023.58",2025-02-14,3585
INV105963,Open spaces management - region 2,SERCO,222314.25,25/10/22,3677
INV105964,Open spaces management - region 1,Citywide Service eolutions Pty Ltd,183925.3 AUD,2029-01-27,3676
INV105965,Melbourne Town Hall venue management,Showtimw Event Group Pty Ltd,156733.77 AUD,11 April 2025,3670
INV105966,Tree management maintenance services,citywide service solutions pty ltd,147875.88,15 August 2027,3678
INV105967,Management of Active Melbourne recreation facilities,victorian ymca community programming pty ltd,0.0m,25/05/09,3615
INV105968,Integrated security services,NationalProtectiveServicesPtyLtd,83834.04,2028-03-06,3686
INV105969,Melbourne Town Hall venue management,Showtime Event,0.1m,20-Jun-2028, 
INV105970,Civil infrastructure services,citywide service solutions pty ltd,20648.5 AUD,24/11/2025,3665
INV105971,Civil infrastructure services,CitywideServiceSolutionsPtyLtd,138736.61,2029-09-07, 
INV105972,Integrated security services,National Proiective Services Pty Ltd,0.1m,09/04/2026,3686
INV105973,Melbourne Town Hall venue management,Nationwide Towing Services (AUS),186960.49,30 July 2025,3585
INV105974,Open spaces management - region 1,Citywide Service Solutions P/L,241542.51,06/02/2026,3676
INV105975,Open spaces management - region 1,Citywide Service Solutions Pty. Ltd.,144697.1 AUD,13/01/2029,3676
INV105976,Waste management services,cleanaway waste management limited,129660.38,22/03/2025,3556
INV105977,Open spaces management - region 1,Citywide Service Solutions Pty Ltd (AU),0.1m,20/07/2027,3676
INV105978,Melbourne Town Hall venue management,Showtime Event Group Pty Ltd (AU),"$173,577.89",20/07/2026, 
INV105979,Management of Active Melbourne recreation facilities,Victorian YMCA Community Programming Pty Ltd (AUS),83110.89 AUD,15-Mar-2029,3615
INV105980,Building maintenance services,Programmed Facility Mgmt Pty Ltd,0.2m,11/09/2029,3630
INV105981,Waste management services,cleanaway waste management limited,"$184,355.28",16/02/2029,3556
INV105982,Management of Active Melbourne recreation facilities,Victorian YMCA Communi,234423.12,10-Nov-2028,3615
INV105983,Tree management maintenance services,Citywide Service Solutions Pty Ltd,0.0m,25/09/2029, 
INV105984,Melbourne Town Hall venue management,Showtime Event Group Pty Ltd,"$194,145.33",28/11/09,3670
INV105985,Vehicle tow away and impound services,NationwideTowingServices,75363.63,09-Nov-2026, 
INV105986,Vehicle tow away and impound services,Nationwide Towing Services,124249.16,24 June 2029,3585
INV105987,Vehicle tow away and impound services,Nationwide mowing Services,0.2m,26/11/13,3585
INV105988,Civil infrastructure services,Citywide Service Solutions Pty Ltd,153822.61,06-Aug-2026,3665
INV105989,Melbourne Town Hall venue management,Showtime Event Group Pty Ltd,96694.46,22 June 2029,3670
INV105990,Building maintenance services,Programmed Facility Manygement Pty Ltd,"$107,516.58",05-Nov-2029,3630
INV105991,Street cleaning,SPOTLESS FACILITY SERVICES PTY LTD,"$28,981.51",16/10/2027,3669
INV105992,Open spaces management - region 1,Citywide Service Solutions Pty Ltd,0.0m,18/10/2028,3676
INV105993,Tree management maintenance services,Citywide Service Solutions Pty Ltd (AUS),0.2m,15-Sep-2027,3678
INV105994,Melbourne Town Hall venue management,Showtime Event Group Pty Ltd,0.2m,24/03/2029,3670
INV105995,Building cleaning services,Menzies Int’l (Aust) Pty Ltd,"$79,406.67",02 January 2028,3634
INV105996,Parking technology services,Reino Intl Pty Ltd T/A Duncan Solutions,232274.93 AUD,19 December 2027, 
INV105997,Tree management maintenance services,Citywide Service ,"$137,075.06",27/05/03,3678
INV105998,Waste management services,Cleanaway Waste Management Ltd,157486.08,2025-11-06,3556
INV105999,Building cleaning services,Menzies International (Aust) Pty Ltd,87329.08,26/07/2025, 
INV106000,Integrated security services,National Protective Services Pty Ltd,21475.87,27/03/2025,3686
