InvoiceID,ContractTitle,Provider,InvoiceAmount,InvoiceDate,ContractNumber
INV54001,Open spaces management - region 2,SERCO,17973.61 AUD,27/10/2029,3677
INV54002,Vehicle tow away and impound services,Nationwide Towing Services,0.0m,16 January 2025,3585
INV54003,Integrated security services,national protective services pty ltd,185596.31,10/06/2025,3686
INV54004,Waste management services,Cleanaway  Waste  Management  Limited,"$37,029.48",2025-12-13,3556
INV54005,Civil infrastructure services,CitywideServiceSolutionsPtyLtd,173210.01,04/01/2029,3665
INV54006,Building maintenance services,Programmed Facility Management Pty Ltd,"$2,887.36",12 January 2025,3630
INV54007,Management of Active Melbourne recreation facilities,VictorianYMCACommunityProgrammingPtyLtd,141688.39,2029-08-09,3615
INV54008,Open spaces management - region 1,Citywide,198487.7,06/11/2025,3676
INV54009,Management of Active Melbourne recreation facilities,Victorian Ymca Community Programming Pty Ltd,119399.27 AUD,26-Nov-2029,3615
INV54010,Graffiti management and pressure cleaning services,Calcorp Services Pty Ltd,153852.26,11-Feb-2027,3668
INV54011,Waste management services,Cleanaway Waste Management LTD,188746.92 AUD,05/06/2027,3556
INV54012,Parking technology services,Reino International Pty Ltd T/A Duncan Solutions,0.1m,2028-07-21,3623
INV54013,Street cleaning,Spotless Facility ServiceswPty Ltd,0.1m,08/09/2026,3669
INV54014,Management of Active Melbourne recreation facilities,victorian ymca community programming pty ltd,0.2m,05 December 2027,3615
INV54015,Melbourne Town Hall venue management,Showtime Event Group P/L,,02/05/2027,3670
INV54016,Building maintenance services,Prografmed Facility Management Pty Ltd,96062.65 AUD,2028-11-24,3630
INV54017,Graffiti management and pressure cleaning services,Citywide Service Solutions P/L,103014.0,14 January 2026,3676
INV54018,Integrated security services,national protective services pty ltd,"$186,257.42",28-May-2027,3686
INV54019,Parking technology services,Reino International Pty Ltd T/A Duncan Solutions,0.2m,09 January 2025,3623
INV54020,Parking technology services,Reino International Pty Ltd T/A Duncan Solutions (AU),131419.12 AUD,27/03/18,3623
INV54021,Graffiti management and pressure cleaning services,Calcorp Services P/L,37717.86 AUD,14/10/2026,3668
INV54022,Open spaces management - region 2,SERCO,,,3677
INV54023,Management of Active Melbourne recreation facilities,Victorian YMCA Community Programming Pty Ltd,193227.54 AUD,07/05/2025,3615
INV54024,Open spaces management - region 1,Citywide  Service  Solutions  Pty  Ltd,"$37,084.17",2027-01-01,3676
INV54025,Parking technology services,Reino International Pty. Ltd. T/A Duncan Solutions,12374.98,25/09/2026,3623
INV54026,Civil infrastructure services,Citywide Service Solutions Pty Ltd (AUS),189555.07,24/06/2027,3665
INV54027,Street cleaning,Spotless Facility Services Pty. Ltd.,2332.6,14/03/2026,3669
INV54028,Tree management maintenance services,Citywide  Service  Solutions  Pty  Ltd,"$108,973.44",26/05/01, 
INV54029,Vehicle tow away and impound services,Nationwide Towing Services,235958.41,27/07/08,3585
INV54030,Melbourne Town Hall venue management,Showtime Event Group Pty Ltd (AUS),245353.5,11 August 2025,3670
INV54031,Parking technology services,Reino International Pty Ltd T/A Duncan Solutions (AUS),174140.71 AUD,22/10/2029,3623
INV54032,Tree management maintenance services,Citywide Service ,92202.68 AUD,2028-11-04,3678
INV54033,Civil infrastructure services,Citywide Service Solutions Pty Ltd (AUS),0.1m,2026-06-03,3665
INV54034,Integrated security services,National Protectiv,1688.09,21/08/2028,3686
INV54035,Tree management maintenance services,Citywide Service ,78906.59 AUD,2029-09-13,3678
INV54036,Waste management services,Cleanaway Waste Management Limited,"$206,692.69",03-Sep-2027,3556
INV54037,Tree management maintenance services,Citywide Service Solutions Pty. Ltd.,0.1m,11 September 2027,3678
INV54038,Waste management services,Cleanaway,"$244,137.91",25-Sep-2029,3556
INV54039,Waste management services,Cleanaway Waste Mgmt Limited,0.0m,2026-01-09,3556
INV54040,Waste management services,Cleanaway Waste Management Ltd,151737.3,2027-05-19,3556
INV54041,Building maintenance services,ProgrammedFacilityManagementPtyLtd,179222.91,2025-07-30,3630
INV54042,Open spaces management - region 2,SERCO,0.2m,25 November 2029,3677
INV54043,Building cleaning services,Menzies Int’l (Aust) Pty Ltd,13805.73 AUD,29/04/2025,3634
INV54044,Waste management services,Cleanaway Waste Mgmt Limited,123942.11,06/10/2026, 
INV54045,Management of Active Melbourne recreation facilities,Victorian YMCA Community Programming Pty Ltd,0.2m,07 February 2029, 
INV54046,Street cleaning,SpotlessFacilityServicesPtyLtd,"$207,063.35",04 September 2028,3669
INV54047,Vehicle tow away and impound services,Nationwide Towing Services (AUS),195213.51,19 September 2029,3585
INV54048,Vehicle tow away and impound services,Calcorp  Services  Pty  Ltd,0.1m,05 February 2027,3668
INV54049,Street cleaning,Spotless Facility,0.2m,27/01/12, 
INV54050,Vehicle tow away and impound services,Nationwide Towing Services (AU),134471.59 AUD,26/03/09,3585
INV54051,Integrated security services,National,83685.2,14-Jun-2025, 
INV54052,Parking technology services,Reino International Pty Ltd T/A Duncan Solutions (AUS),99884.41,03-Aug-2025,3623
INV54053,Integrated security services,National Protective Services P/L,"$167,214.43",09-Aug-2027,3686
INV54054,Management of Active Melbourne recreation facilities,VictorianYMCACommunityProgrammingPtyLtd,204342.53,19/01/2025,3615
INV54055,Waste management services,Cleanaway Waste Management Ltd,131473.04,26/06/22,3556
INV54056,Management of Active Melbourne recreation facilities,Victorian YMCA Communi,249876.39 AUD,10/12/2028,3615
INV54057,Tree management maintenance services,Citywide,157637.64 AUD,11/11/2028,3678
INV54058,Open spaces management - region 1,CITYWIDE SERVICE SOLUTIONS PTY LTD,4022.05 AUD,28/05/04,3676
INV54059,Building maintenance services,programmed facility management pty ltd,0.2m,25/07/21, 
INV54060,Tree management maintenance services,Citywide Service Solutions Pty Ltd,96625.57 AUD,25/02/2029, 
INV54061,Tree management maintenance services,CitywideServiceSolutionsPtyLtd,"$41,084.52",16 May 2028,3678
INV54062,Graffiti management and pressure cleaning services,Calcorp Serv,0.0m,2027-01-10,3668
INV54063,Graffiti management and pressure cleaning services,CALCORP SERVICES PTY LTD,1304.94 AUD,20-Oct-2029,3668
INV54064,Graffiti management and pressure cleaning services,Calcorp Services Pty Ltd (AU),,11 March 2029,3668
INV54065,Integrated security services,National  Protective  Services  Pty  Ltd,"$76,436.41",30-Sep-2029,3686
INV54066,Waste management services,Cleanaway Waste Mgmt Limited,"$60,426.54",11-Aug-2025,3556
INV54067,Melbourne Town Hall venue management,Showtime Event Group Pty Ltd,244396.99,28/09/08,3670
INV54068,Open spaces management - region 2,serco,210911.78 AUD,15/03/2027,3677
INV54069,Graffiti management and pressure cleaning services,Cklcorp Services Pty Ltd,"$204,065.62",10/10/2026,3668
INV54070,Building cleaning services,SERCO,"$161,371.06",28/12/11, 
INV54071,Tree management maintenance services,Citywide Service Solutions Pty Ltd (AUS),68189.4 AUD,2027-09-01,3678
INV54072,Civil infrastructure services,Citywide Service Solutions Pty Ltd,"$143,104.37",2028-12-15,3665
INV54073,Waste management services,CleanawayWasteManagementLimited,61157.05 AUD,18/09/2029,3556
INV54074,Building maintenance services,Programmed Facility Management Pty. Ltd.,137676.78,06/11/2025,3630
INV54075,Street cleaning,SpotlessFacilityServicesPtyLtd,139910.81,26/06/26,3669
INV54076,Tree management maintenance services,Citywide Service ,139001.82 AUD,2026-03-09,3678
INV54077,Parking technology services,Reino Intl Pty Ltd T/A Duncan Solutions,"$208,020.74",07/09/2025,3623
INV54078,Vehicle tow away and impound services,Nationwide Towing Services (AUS),0.0m,28/05/02, 
INV54079,Civil infrastructure services,Citywide Service Solutions Pty Ltd,0.2m,26/03/16,3665
INV54080,Open spaces management - region 2,SERCO,207511.19,13-Aug-2027,3677
INV54081,Integrated security services,National Protectiv,"$111,935.21",27/09/29,3686
INV54082,Integrated security services,NationalProtectiveServicesPtyLtd,0.0m,2026-05-29, 
INV54083,Waste management services,cleanaway waste management limited,0.1m,2025-07-30,3556
INV54084,Tree management maintenance services,Citywide Service Solutions Pty. Ltd.,38878.58 AUD,29/10/2025,3678
INV54085,Integrated security services,National Protectiv,107183.34,2026-07-13,3686
INV54086,Building maintenance services,Programmed Facility Management Pty. Ltd.,"$99,129.11",11/11/2026,3630
INV54087,Civil infrastructure services,Citywide Service Solutions Pty Ltd,64240.8,08 October 2026,3665
INV54088,Graffiti management and pressure cleaning services,Calcorp Serv,13151.9,10-Mar-2027,3668
INV54089,Open spaces management - region 1,Citywide Service Solutions Pty Ltd,84474.16 AUD,24/10/2027,3676
INV54090,Parking technology services,ReinoInternationalPtyLtdT/ADuncanSolutions,"$169,847.13",27/11/27,3623
INV54091,Street cleaning,Citywide Service Solutions Pty Ltd (AUS),227789.75 AUD,26 July 2025,3678
INV54092,Integrated security services,National Protective Services P/L,172762.79,16/01/2027,3686
INV54093,Melbourne Town Hall venue management,Showtime Event Group Pty Ltd (AU),51955.73 AUD,01/02/2026,3670
INV54094,Open spaces management - region 2,Programmed Facility,0.1m,26/04/28,3630
INV54095,Management of Active Melbourne recreation facilities,Victorian YMCA Community Programming P/L,153221.46 AUD,2027-04-17,3615
INV54096,Civil infrastructure services,Citywide Service Solutions P/L,177441.88,01 October 2029,3665
INV54097,Street cleaning,Spotless Facility Services Pty Ltd,112178.64,22/05/2027,3669
INV54098,Graffiti management and pressure cleaning services,Calcorp Services Pty Ltd,208128.26,29/10/18,3668
INV54099,Civil infrastructure services,Cgtywide Service Solutions Pty Ltd,0.0m,23-Feb-2025, 
INV54100,Building cleaning services,Menzies International (Aust) Pty Ltd,61336.8,20/05/2029,3634
INV54101,Tree management maintenance services,Citywide Service ,90325.76 AUD,2028-04-18, 
INV54102,Melbourne Town Hall venue management,Showtime Event Group Pty Ltd,130707.28,2029-03-24,3670
INV54103,Building cleaning services,MenziesInternational(Aust)PtyLtd,223055.19,07-Dec-2029,3634
INV54104,Civil infrastructure services,Citywide Service Solutions Pty Ltd (AU),241062.07,05-Jun-2029,3665
INV54105,Integrated security services,National,0.1m,30-Aug-2027,3686
INV54106,Graffiti management and pressure cleaning services,Calcorp Services P/L,71434.87 AUD,26/12/25,3668
INV54107,Civil infrastructure services,Citywide Service Solitions Pty Ltd,"$121,004.43",2029-12-15,3665
INV54108,Waste management services,Cleanaway Waste M,"$143,159.45",17/07/2028,3556
INV54109,Management of Active Melbourne recreation facilities,Victorian Ymca Community Programming Pty Ltd,166885.74,14/01/2025,3615
INV54110,Management of Active Melbourne recreation facilities,victorian ymca community programming pty ltd,"$115,086.47",05/12/2025,3615
INV54111,Open spaces management - region 2,SERCO,249573.61,13/12/2025,3677
INV54112,Vehicle tow away and impound services,Nationwide Towing Services,33473.97,27/06/2029,3585
INV54113,Vehicle tow away and impound services,NATIONWIDE TOWING SERVICES,53743.34 AUD,09-Mar-2028,3585
INV54114,Open spaces management - region 1,Citywide Service Solutions Pty Ltd (AU),146488.7 AUD,22/07/2029,3676
INV54115,Management of Active Melbourne recreation facilities,Victorian YMCA Community Programming Pty Ltd (AU),0.1m,18/09/2028,3615
INV54116,Building cleaning services,NATIONWIDE TOWING SERVICES,17462.98,2025-02-18,3585
INV54117,Building maintenance services,Programmed Facility Mgmt Pty Ltd,178886.0,19 December 2025,3630
INV54118,Integrated security services,national protective services pty ltd,"$116,879.1",2027-07-26,3686
INV54119,Management of Active Melbourne recreation facilities,Victorian YMCA Community Prograkming Pty Ltd,"$224,300.88",12/10/2025,3615
INV54120,Open spaces management - region 1,citywide service solutions pty ltd,133924.89,12/04/2029,3676
INV54121,Civil infrastructure services,Citywide,56363.57,06/05/2028,3665
INV54122,Vehicle tow away and impound services,Nationwide Towing Services (AUS),0.0m,30-Jan-2028,3585
INV54123,Management of Active Melbourne recreation facilities,Victorian  YMCA  Community  Programming  Pty  Ltd,"$139,222.72",27/10/14,3615
INV54124,Civil infrastructure services,CITYWIDE SERVICE SOLUTIONS PTY LTD,0.1m,25/08/28,3665
INV54125,Management of Active Melbourne recreation facilities,Victorian YMCA Community Programming P/L,"$219,854.17",25/12/2025,3615
INV54126,Tree management maintenance services,CitywideServiceSolutionsPtyLtd,189746.55,19 July 2028,3678
INV54127,Melbourne Town Hall venue management,Showtime Event Group Pty Ltd (AU),223492.77,27/06/26,3670
INV54128,Street cleaning,Spotless,,2027-02-21,3669
INV54129,Open spaces management - region 2,wERCO,0.2m,23/02/2027,3677
INV54130,Civil infrastructure services,Citywide Service ,1224.15,2025-08-09,3665
INV54131,Parking technology services,ReinoInternationalPtyLtdT/ADuncanSolutions,30292.96,01/06/2028,3623
INV54132,Building cleaning services,Menzies International (Aust) Pty Ltd,13031.92,2028-07-29,3634
INV54133,Street cleaning,SpotlessFacilityServicesPtyLtd,243283.03,29 January 2026,3669
INV54134,Integrated security services,National Protective Services Pty Ltd,"$65,408.4",2027-10-28,3686
INV54135,Building maintenance services,PROGRAMMED FACILITY MANAGEMENT PTY LTD,166418.41,04/03/2026,3630
INV54136,Parking technology services,Reino International Pty Ltd T/A Duncan Solutions,"$249,296.14",25 March 2029,3623
INV54137,Tree management maintenance services,Citywide Service Solutions Pty Ltd,27085.13 AUD,18/07/2025,3678
INV54138,Graffiti management and pressure cleaning services,Calcorp Services Pty Ltd (AUS),"$97,548.23",06/05/2027,3668
INV54139,Tree management maintenance services,CitywideServiceSolutionsPtyLtd,0.1m,01/06/2029,3678
INV54140,Vehicle tow away and impound services,Nationwide To,217562.84 AUD,10/12/2029,3585
INV54141,Building maintenance services,Programmed Facility Mgmt Pty Ltd,"$219,133.32",28-Jul-2025,3630
INV54142,Waste management services,Cleanaway Waste Managemhnt Limited,"$30,214.34",05/01/2027,3556
INV54143,Civil infrastructure services,Citywide Service Solutions Pty. Ltd.,242949.17,25/11/19,3665
INV54144,Open spaces management - region 2,hERCO,194301.65 AUD,2025-01-19,3677
INV54145,Civil infrastructure services,Citywide Service ,0.0m,24-Dec-2026,3665
INV54146,Parking technology services,Reino International Pty Ltd T/A Duncan Solutions (AUS),79959.17,01/02/2028,3623
INV54147,Open spaces management - region 2,SERCO,0.1m,2028-07-16,3677
INV54148,Waste management services,Cleanaway Waste Management Limited (AUS),79142.72,09/06/2027,3556
INV54149,Management of Active Melbourne recreation facilities,Victorian YMCA Community Programming Pty Ltd (AUS),9407.84,2025-11-27,3615
INV54150,Melbourne Town Hall venue management,SHOWTIME EVENT GROUP PTY LTD,164325.44,04 June 2026,3670
INV54151,Melbourne Town Hall venue management,Showtime Event Group Pty Ltd (AU),"$179,655.79",27 August 2029,3670
INV54152,Parking technology services,Reino International Pty Ltd T/A Duncan Solutions (AU),171297.03,2027-01-10,3623
INV54153,Open spaces management - region 1,Citywide Service Sojutions Pty Ltd,28964.64,24-Sep-2028,3676
INV54154,Waste management services,Cleanaway Waste Management Limited (AU),"$212,137.79",09 January 2028,3556
INV54155,Building cleaning services,MENZIES INTERNATIONAL (AUST) PTY LTD,"$208,272.32",17 August 2025,3634
INV54156,Open spaces management - region 2,SERCO,"$243,716.07",21/11/2025,3677
INV54157,Street cleaning,Spotless Facility Services Pty Ltd,78964.48 AUD,28/06/2028,3669
INV54158,Graffiti management and pressure cleaning services,CALCORP SERVICES PTY LTD,198710.65,29-Oct-2029,3668
INV54159,Melbourne Town Hall venue management,Showtime Event Group Pty Ltd,"$122,674.81",13/05/2028,3670
INV54160,Building maintenance services,Programmed Facility Management Pty Ltd (AUS),"$206,048.08",15/11/2028,3630
INV54161,Street cleaning,Spotless Facility Services P/L,58713.44,10/03/2028,3669
INV54162,Tree management maintenance services,uitywide Service Solutions Pty Ltd,62629.14,16/06/2027,3678
INV54163,Waste management services,Cleanaway  Waste  Management  Limited,216624.56 AUD,2025-09-02,3556
INV54164,Graffiti management and pressure cleaning services,Calcorp,140763.92,2028-05-10,3668
INV54165,Open spaces management - region 2,serco,0.0m,05/02/2029,3677
INV54166,Integrated security services,national protective services pty ltd,156690.6,28/05/03,3686
INV54167,Building maintenance services,Programmed Facility Management Pty Ltd (AUS),25251.86,19/10/2025,3630
INV54168,Civil infrastructure services,CITYWIDE SERVICE SOLUTIONS PTY LTD,134153.73 AUD,15-Oct-2027,3665
INV54169,Street cleaning,SPOTLESS FACILITY SERVICES PTY LTD,61394.67,10/04/2029, 
INV54170,Open spaces management - region 1,Citywide Service Solutions Pty Ltd,76192.05,08-Feb-2028,3676
INV54171,Waste management services,CLEANAWAY WASTE MANAGEMENT LIMITED,127059.11 AUD,31-May-2027,3556
INV54172,Waste management services,Cleanaway Waste Management Limited,46211.77 AUD,29/07/2026,3556
INV54173,Civil infrastructure services,Citywide Service Solutions Pty. Ltd.,0.2m,21/06/2025,3665
INV54174,Street cleaning,Spotless Facility Services P/L,"$20,254.97",26/12/15,3669
INV54175,Open spaces management - region 2,National,"$126,452.6",07-Oct-2029,3686
INV54176,Management of Active Melbourne recreation facilities,VictorianYMCACommunityProgrammingPtyLtd,41850.48 AUD,17 November 2025,3615
INV54177,Building maintenance services,Programmed Facility Management Pty. Ltd.,0.1m,2026-01-07, 
INV54178,Tree management maintenance services,Citywide Servine Solutions Pty Ltd,0.1m,2025-05-24, 
INV54179,Tree management maintenance services,Citywide,"$130,990.43",28/02/2028,3678
INV54180,Vehicle tow away and impound services,Nationwide Towing Services (AUS),0.1m,2025-03-29,3585
INV54181,Integrated security services,National Protective Services P/L,"$104,193.02",14 February 2026,3686
INV54182,Graffiti management and pressure cleaning services,Calcorp,175305.82,2025-07-28,3668
INV54183,Waste management services,CLEANAWAY WASTE MANAGEMENT LIMITED,92448.79,01-Feb-2029,3556
INV54184,Civil infrastructure services,Citywide Service Solutions P/L,"$133,745.36",16/04/2025,3665
INV54185,Building cleaning services,Menzies International (Aust) Pty Ltd (AUS),"$217,314.77",06 November 2026,3634
INV54186,Melbourne Town Hall venue management,SPOTLESS FACILITY SERVICES PTY LTD,17870.9 AUD,26/11/19,3669
INV54187,Graffiti management and pressure cleaning services,Calcorp Services Pty Ltd,0.1m,05/06/2028,3668
INV54188,Building maintenance services,Programmed Facility Management Pty Ltd (AUS),248953.57,27/03/07,3630
INV54189,Management of Active Melbourne recreation facilities,victorian ymca community programming pty ltd,217617.49,05-Mar-2026,3615
INV54190,Integrated security services,National Protective Services P/L,"$6,481.26",09/09/2026,3686
INV54191,Tree management maintenance services,Citywide Service Solutions Pty Ltd,0.1m,2025-07-12,3678
INV54192,Open spaces management - region 1,Citywide Service Solutions Pty Ltd,,21 October 2025,3676
INV54193,Open spaces management - region 1,Citywide Service Solutions Pty Ltd (AUS),200450.81 AUD,2026-12-07,3676
INV54194,Open spaces management - region 1,CitywideServiceSolutionsPtyLtd,208365.62,29/09/2026,3676
INV54195,Open spaces management - region 1,Citywide,"$118,377.32",26-Dec-2028,3676
INV54196,Waste management services,Programmed Facility Management Pty Ltd (AU),0.2m,2025-02-16,3630
INV54197,Parking technology services,Reino InternationalaPty Ltd T/A Duncan Solutions,"$196,499.74",2028-03-18, 
INV54198,Integrated security services,National Protective Services P/L,212726.89,2026-02-07,3686
INV54199,Building cleaning services,menzies international (aust) pty ltd,213460.76 AUD,21/02/2028,3634
INV54200,Civil infrastructure services,CitywideServiceSolutionsPtyLtd,197535.22,01-Jan-2029,3665
INV54201,Waste management services,CleanawayWasteManagementLimited,42360.17 AUD,30 March 2028,3556
INV54202,Open spaces management - region 1,Citywide Servicb Solutions Pty Ltd,150074.13,30/12/2025,3676
INV54203,Open spaces management - region 1,CITYWIDE SERVICE SOLUTIONS PTY LTD,151558.26,25/10/25,3676
INV54204,Melbourne Town Hall venue management,Showtime Event Group Pty Ltd,189633.64,28/07/07,3670
INV54205,Building cleaning services,menzies international (aust) pty ltd,0.2m,20 October 2028,3634
INV54206,Parking technology services,Reino International Pty. Ltd. T/A Duncan Solutions,14854.63,2028-02-14,3623
INV54207,Tree management maintenance services,citywide service solutions pty ltd,41185.86,16 November 2028,3678
INV54208,Melbourne Town Hall venue management,Showtime  Event  Group  Pty  Ltd,"$215,834.6",07 February 2026,3670
INV54209,Graffiti management and pressure cleaning services,Calcorp Services Pty Ltd,150676.56 AUD,21/03/2025,3668
INV54210,Melbourne Town Hall venue management,showtime event group pty ltd,"$98,744.43",10/11/2026,3670
INV54211,Graffiti management and pressure cleaning services,Calcorp Services P/L,"$204,242.89",28-Apr-2027,3668
INV54212,Graffiti management and pressure cleaning services,Calcorp,89774.47,19/03/2028,3668
INV54213,Management of Active Melbourne recreation facilities,Victorian YMCA Community Programming Pty Ltd,2447.93,05 July 2029,3615
INV54214,Open spaces management - region 2,SERCO,234323.94,29/09/16,3677
INV54215,Management of Active Melbourne recreation facilities,Victorian,0.2m,17/10/2029,3615
INV54216,Open spaces management - region 1,CitywideServiceSolutionsPtyLtd,"$161,800.77",28/04/06,3676
INV54217,Open spaces management - region 1,Citywide Service Solutions Pty Ltd (AUS),118565.88,25/05/2027,3676
INV54218,Open spaces management - region 1,Citywide Service Solutions Pty Ltd (AUS),202753.92 AUD,26-Jan-2026,3676
INV54219,Tree management maintenance services,Citywide Service Solutions Pty Ltd,0.2m,13-Apr-2027,3678
INV54220,Waste management services,Cleanaway Waste Management Limited,0.2m,25-Dec-2025,3556
INV54221,Open spaces management - region 2,Citywide Service Solutions Pty Ltd (AUS),"$126,678.33",2025-06-28,3678
INV54222,Tree management maintenance services,Citywide Service Solutions Pty Ltd,43727.66 AUD,01-Apr-2026,3678
INV54223,Street cleaning,Spotless Facility Services Pty Ltd,124690.63 AUD,23-Jul-2028,3669
INV54224,Parking technology services,Reino International Pty Ltd T/A Duncan Solutions,"$139,917.67",19/05/2026,3623
INV54225,Building cleaning services,Menzies International (Aust) Pty Ltd (AU),26048.96,2029-08-20,3634
INV54226,Management of Active Melbourne recreation facilities,Victorian YMCA Communi,246942.88,2029-11-09,3615
INV54227,Open spaces management - region 2,National Protective Services Pty. Ltd.,0.2m,18/10/2028,3686
INV54228,Street cleaning,Spotless Facility Services P/L,172709.82,25-Dec-2028,3669
INV54229,Waste management services,cleanaway waste management limited,27528.83 AUD,04 April 2028,3556
INV54230,Melbourne Town Hall venue management,SHOWTIME EVENT GROUP PTY LTD,"$200,914.69",09/08/2025,3670
INV54231,Street cleaning,Victorian YMCA Communi,"$145,239.7",22-May-2028,3615
INV54232,Open spaces management - region 1,Citywide Service Solutions Pty Ltd,208221.0 AUD,13 February 2027,3676
INV54233,Civil infrastructure services,Citywide Service ,"$215,074.09",2027-03-19,3665
INV54234,Waste management services,Cleanaway Waste Mgmt Limited,"$106,606.74",2028-10-10,3556
INV54235,Building maintenance services,Programmed Facility Management Pty Ltd (AU),24609.7,13-Dec-2025,3630
INV54236,Parking technology services,Reino  International  Pty  Ltd  T/A  Duncan  Solutions,0.2m,2027-06-18,3623
INV54237,Graffiti management and pressure cleaning services,Calcorp Services P/L,0.1m,21 October 2028, 
INV54238,Parking technology services,REINO INTERNATIONAL PTY LTD T/A DUNCAN SOLUTIONS,"$231,957.67",28/02/16,3623
INV54239,Management of Active Melbourne recreation facilities,Citywide Service Solutions Pty Ltd,0.2m,23/05/2029,3676
INV54240,Management of Active Melbourne recreation facilities,Victorian YMCA Commusity Programming Pty Ltd,6781.22,01 October 2026,3615
INV54241,Tree management maintenance services,Citywide Service Solutions Pty Ltd,131176.5 AUD,19 June 2029,3678
INV54242,Parking technology services,Reino International Pty. Ltd. T/A Duncan Solutions,0.2m,02-Apr-2025,3623
INV54243,Open spaces management - region 1,Citywide Service Solutions Pty. Ltd.,215134.47,13/10/2025,3676
INV54244,Street cleaning,spotless facility services pty ltd,85283.32 AUD,27/03/13,3669
INV54245,Melbourne Town Hall venue management,Showtime Event Group Pty Ltd,0.2m,2027-07-04,3670
INV54246,Management of Active Melbourne recreation facilities,VictorianYMCACommunityProgrammingPtyLtd,221809.45,15/06/2026,3615
INV54247,Street cleaning,Spotless  Facility  Services  Pty  Ltd,132553.67,06 October 2027,3669
INV54248,Street cleaning,SpotlessFacilityServicesPtyLtd,163463.59,27/01/12,3669
INV54249,Integrated security services,National Protectiv,79347.26 AUD,29/09/2028, 
INV54250,Management of Active Melbourne recreation facilities,Victorian Ymca Community Programming Pty Ltd,222057.89,27/02/01,3615
INV54251,Building maintenance services,PROGRAMMED FACILITY MANAGEMENT PTY LTD,136824.15 AUD,28/01/22,3630
INV54252,Open spaces management - region 1,CitywideServiceSolutionsPtyLtd,"$83,414.52",25/09/2026,3676
INV54253,Waste management services,Cleanaway  Waste  Management  Limited,104033.61,20 March 2029,3556
INV54254,Melbourne Town Hall venue management,Showtime  Event  Group  Pty  Ltd,238424.05 AUD,2027-10-01,3670
INV54255,Parking technology services,Reino International P/L T/A Duncan Solutions,"$27,638.48",11 October 2028,3623
INV54256,Management of Active Melbourne recreation facilities,Citywide Service Solutions Pty Ltd,4780.27,2027-05-03,3678
INV54257,Tree management maintenance services,Citywide,15580.59,2029-05-14,3678
INV54258,Vehicle tow away and impound services,Nationwide Towing Services (AUS),104288.81 AUD,19/02/2028,3585
INV54259,Tree management maintenance services,Citywide Service Solutions Pty Ltd (AU),244127.74,02/12/2027,3678
INV54260,Open spaces management - region 2,SERCO,177050.54,24-Jun-2025,3677
INV54261,Management of Active Melbourne recreation facilities,Victorian,7451.34,28/06/11,3615
INV54262,Graffiti management and pressure cleaning services,Calcorp Services Pty Ltd,131517.88,29/09/03,3668
INV54263,Building cleaning services,Menzies International (Aust) Pty Ltd,0.1m,09/11/2027,3634
INV54264,Street cleaning,Spotless Facility Services P/L,83656.92,22 May 2025,3669
INV54265,Tree management maintenance services,Citywide Service Solutions Pty. Ltd.,243614.46,2029-01-06,3678
INV54266,Civil infrastructure services,Citywide Service Solutions Pty. Ltd.,0.0m,21/05/2029,3665
INV54267,Parking technology services,Reino International Pty Ltd T/A Duncan Solutions (AUS),190458.19,2029-09-30,3623
INV54268,Graffiti management and pressure cleaning services,CalcorpServicesPtyLtd,116531.73,22 March 2029,3668
INV54269,Open spaces management - region 1,citywide service solutions pty ltd,0.2m,11/05/2028, 
INV54270,Graffiti management and pressure cleaning services,Calcorp Services Pty Ltd (AU),"$191,824.62",25/11/14,3668
INV54271,Civil infrastructure services,citywide service solutions pty ltd,202851.44,2025-05-12,3665
INV54272,Graffiti management and pressure cleaning services,Calcorp Services Pty. Ltd.,90322.18,29/09/2026,3668
INV54273,Building maintenance services,calcorp services pty ltd,42689.82,29/03/15,3668
INV54274,Tree management maintenance services,Citywide Service Solutions Pty Ltd,"$135,455.14",02/12/2026,3678
INV54275,Vehicle tow away and impound services,Nationwide Towing Services,"$4,403.17",07/09/2027,3585
INV54276,Open spaces management - region 1,SEsCO,"$146,118.88",25/10/15,3677
INV54277,Waste management services,Cleanaway Waste Management LTD,0.1m,28 October 2027,3556
INV54278,Melbourne Town Hall venue management,Showtime Event Group Pty Ltd (AU),224980.59,12 July 2026,3670
INV54279,Street cleaning,Spotless Facility Services Pty. Ltd.,242694.47,18 June 2026,3669
INV54280,Integrated security services,National Protectiv,0.1m,2027-07-07,3686
INV54281,Vehicle tow away and impound services,Nationwide Towing Services,241501.87 AUD,27/07/2029,3585
INV54282,Melbourne Town Hall venue management,Showtime Event Group Pty Ltd (AU),115222.45 AUD,26/01/04,3670
INV54283,Building cleaning services,Menzies International (Aust) Pty Ltd (AUS),211212.72 AUD,2026-10-03,3634
INV54284,Street cleaning,Spotless Facility,193979.08,07 January 2027,3669
INV54285,Graffiti management and pressure cleaning services,Calcorp Serzices Pty Ltd,3147.77 AUD,09/01/2025,3668
INV54286,Building cleaning services,Menzies International (Aust) Pty Ltd,0.2m,29/06/19,3634
INV54287,Waste management services,Cleanaway Waste Management Limited,0.0m,2028-03-12,3556
INV54288,Building maintenance services,Showtime,"$200,284.1",14 September 2027,3670
INV54289,Management of Active Melbourne recreation facilities,Victorian YMCA Community Programming Pty Ltd,55304.44,01 July 2028,3615
INV54290,Open spaces management - region 1,Citywide Service Solutions P/L,0.2m,18/10/2027,3676
INV54291,Waste management services,Cleanaway caste Management Limited,163014.26,22 August 2027,3556
INV54292,Open spaces management - region 1,Citywide Service Solutions Pty Ltd (AUS),18312.24,2027-01-02,3676
INV54293,Management of Active Melbourne recreation facilities,Victorian  YMCA  Community  Programming  Pty  Ltd,"$138,823.97",2025-06-21,3615
INV54294,Street cleaning,Spotless Facility Services P/L,77893.14,25/08/11,3669
INV54295,Tree management maintenance services,Citywide Service Solutions Pty Ltd (AU),168373.24 AUD,10/03/2026,3678
INV54296,Open spaces management - region 1,Citywide Service Solutions Pty Ltd,"$131,932.37",26/06/29,3676
INV54297,Street cleaning,Spotless Facility,144861.81,17/05/2027,3669
INV54298,Management of Active Melbourne recreation facilities,Victorian  YMCA  Community  Programming  Pty  Ltd,0.1m,2027-03-16,3615
INV54299,Open spaces management - region 1,Citywide Service Solutions P/L,"$106,671.52",17/11/2027,3676
INV54300,Parking technology services,REINO INTERNATIONAL PTY LTD T/A DUNCAN SOLUTIONS,227372.56,12 September 2028, 
INV54301,Melbourne Town Hall venue management,Showtime Event Group Pty Ltd,74480.21,2029-03-10,3670
INV54302,Tree management maintenance services,CitywideServiceSolutionsPtyLtd,238725.39 AUD,17-Jan-2025,3678
INV54303,Open spaces management - region 2,SERCO,27269.87,2027-11-20,3677
INV54304,Melbourne Town Hall venue management,Showtime Event,151577.49,30/12/2029,3670
INV54305,Waste management services,Cleanaway,0.2m,29/01/07,3556
INV54306,Graffiti management and pressure cleaning services,Victorian,97222.53,29-Jun-2027,3615
INV54307,Vehicle tow away and impound services,Nationwide To,175941.59,25/12/18,3585
INV54308,Vehicle tow away and impound services,Nationwide,"$198,497.81",17-Dec-2029,3585
INV54309,Street cleaning,Spotless Facility Services Pty Ltd,31326.55 AUD,2028-12-13,3669
INV54310,Melbourne Town Hall venue management,Showtime,"$242,689.16",27/05/11,3670
INV54311,Civil infrastructure services,Citywide  Service  Solutions  Pty  Ltd,16488.21,06-Nov-2027,3665
INV54312,Vehicle tow away and impound services,Nationwide,167223.6 AUD,02 March 2029,3585
INV54313,Tree management maintenance services,Citywide Service Solutions Pty Ltd (AU),118910.69,22/08/2027,3678
INV54314,Vehicle tow away and impound services,Nationwide To,0.1m,15/06/2027,3585
INV54315,Tree management maintenance services,CITYWIDE SERVICE SOLUTIONS PTY LTD,52221.79 AUD,28/09/25,3678
INV54316,Open spaces management - region 2,SERCO,103756.69,25/06/19,3677
INV54317,Waste management services,Cleanaway Waste Management Limited,85103.77,27 July 2027,3556
INV54318,Vehicle tow away and impound services,NationwideTowingServices,584.78,29/11/13,3585
INV54319,Open spaces management - region 2,serco,221642.36,18 April 2027,3677
INV54320,Graffiti management and pressure cleaning services,Calcorp Services Pty Ltd,14618.7,2025-07-03,3668
INV54321,Integrated security services,National Protective Services Pty Ltd (AUS),"$162,351.49",2027-05-24,3686
INV54322,Management of Active Melbourne recreation facilities,VictorianYMCACommunityProgrammingPtyLtd,0.1m,27/03/02,3615
INV54323,Waste management services,Cleanaway,0.2m,15 May 2027,3556
INV54324,Parking technology services,Reino International Pty Ltd T/A Duncan Solutions (AUS),0.2m,23 March 2028,3623
INV54325,Management of Active Melbourne recreation facilities,Victorian YMCA Community Programmong Pty Ltd,37220.21,05-Jul-2027,3615
INV54326,Street cleaning,Spotless Facility,181018.73,25/05/2025,3669
INV54327,Tree management maintenance services,Citywide Service Solutions Pty Ltd,198265.54,04 March 2027,3678
INV54328,Civil infrastructure services,Citywide Service Solutions Pty Ltd (AU),97957.45 AUD,2026-09-08,3678
INV54329,Graffiti management and pressure cleaning services,Calcorp Services Pty Ltd,"$96,802.69",2027-04-26,3668
INV54330,Management of Active Melbourne recreation facilities,VictorianYMCACommunityProgrammingPtyLtd,0.1m,11/02/2028, 
INV54331,Building cleaning services,Menzies International (Aust) Pty Ltd,141919.83,26 June 2025,3634
INV54332,Vehicle tow away and impound services,Nationwide Towing Services,108157.79,06/11/2027,3585
INV54333,Waste management services,Cleanaway  Waste  Management  Limited,"$248,426.94",13-Feb-2027,3556
INV54334,Building maintenance services,Programmed Facility Management P/L,"$221,178.36",29/07/21,3630
INV54335,Waste management services,Cleanaway Waste Management Limited (AUS),46314.26,10/09/2026,3556
INV54336,Street cleaning,Spotless Facility Services Pty Ltd,"$100,965.09",30/10/2029,3669
INV54337,Parking technology services,Reino International Pty Ltd T/A Duncan Solutions,"$105,737.51",28/05/13,3623
INV54338,Graffiti management and pressure cleaning services,Calcorp Services Pty Ltd,0.2m,14-Dec-2029,3668
INV54339,Building maintenance services,Programmed Facility Management Pty Ltd (AUS),60384.64,2026-06-09,3630
INV54340,Building maintenance services,PROGRAMMED FACILITY MANAGEMENT PTY LTD,245814.28,29/09/11,3630
INV54341,Parking technology services,Reino International Pty Ltd T/A Duncan Solutions,137296.98,26/10/09,3623
INV54342,Integrated security services,National Protective Services Pty Ltd (AUS),0.1m,26/03/19,3686
INV54343,Open spaces management - region 2,iERCO,95473.58,23/09/2025,3677
INV54344,Vehicle tow away and impound services,Nationwide To,93636.36 AUD,26/04/2026,3585
INV54345,Building cleaning services,menzies international (aust) pty ltd,196059.42,2025-09-22,3634
INV54346,Vehicle tow away and impound services,Nationwide Towing Services,44033.57,31/05/2025,3585
INV54347,Parking technology services,Reino International Pty Ltd T/A Duncan Solutions,"$7,610.45",27/11/20,3623
INV54348,Open spaces management - region 1,citywide service solutions pty ltd,"$99,463.05",04 March 2028,3676
INV54349,Waste management services,Cleanaway Waste Management LTD,"$46,584.05",27/06/09,3556
INV54350,Tree management maintenance services,SERCO,75274.99 AUD,19 October 2029,3677
INV54351,Management of Active Melbourne recreation facilities,VictorianYMCACommunityProgrammingPtyLtd,247878.52,28 August 2029,3615
INV54352,Integrated security services,National Protective Services Pty Ltd (AUS),19966.92 AUD,03-Dec-2027,3686
INV54353,Management of Active Melbourne recreation facilities,Victorian YMCA Community Programming Pty Ltd,0.2m,01/02/2025,3615
INV54354,Civil infrastructure services,Citywide Service Solutions Pty Ltd (AUS),"$140,343.15",2029-05-01, 
INV54355,Graffiti management and pressure cleaning services,Calcorp Services P/L,79179.03,2027-02-02,3668
INV54356,Street cleaning,Spotless Facility Services Pty Ltd (AUS),59201.64,05/07/2026,3669
INV54357,Waste management services,Cleanaway Waste Management Limited (AU),178297.15 AUD,08 August 2025,3556
INV54358,Vehicle tow away and impound services,Nationwide,69807.03,27/01/2027,3585
INV54359,Building maintenance services,Programmed Facility Management Pty Ltd (AUS),174464.1,11/06/2027,3630
INV54360,Street cleaning,Spotless Facility Services Pty. Ltd.,120223.39 AUD,2025-10-13,3669
INV54361,Integrated security services,Programmed Facility Management Pty Ltd,"$228,238.1",13-Jun-2026,3630
INV54362,Melbourne Town Hall venue management,Showtime Event Group Pty Ltd,29918.66,14/11/2029,3670
INV54363,Management of Active Melbourne recreation facilities,Victorian YMCA Community Programming Pty Ltd,0.1m,2028-07-16,3615
INV54364,Civil infrastructure services,Citywide Service Solutions Pty Ltd (AU),9125.12,15-Nov-2025,3665
INV54365,Melbourne Town Hall venue management,Showtime Event Group Pty Ltd,0.2m,06/03/2027, 
INV54366,Tree management maintenance services,CITYWIDE SERVICE SOLUTIONS PTY LTD,235822.72 AUD,21/10/2025,3678
INV54367,Open spaces management - region 1,CITYWIDE SERVICE SOLUTIONS PTY LTD,247360.48,2028-03-14,3676
INV54368,Waste management services,Cleanaway Waste M,0.1m,24/03/2027,3556
INV54369,Parking technology services,Reino International Pty Ltd T/A Duncan Solutions,231747.58,13/08/2029,3623
INV54370,Waste management services,Cleanaway Waste Management Limited,177154.26,12/09/2029,3556
INV54371,Tree management maintenance services,Citywide Service Solutions Pty Ltd,0.1m,30 September 2029,3678
INV54372,Management of Active Melbourne recreation facilities,Victorian YMCA Community Programming Pty Ltd (AUS),134722.27 AUD,08/04/2026,3615
INV54373,Building maintenance services,Programmed Facility Management Pty Ltd,81294.78,23/07/2028,3630
INV54374,Integrated security services,National Protective Services Pty Ltd,107159.28 AUD,12/11/2025,3686
INV54375,Open spaces management - region 1,Citywide Service Solutions Pty Ltd (AU),234220.69,2026-09-13,3676
INV54376,Melbourne Town Hall venue management,Showtime Event Group Pty utd,0.1m,2025-02-06,3670
INV54377,Open spaces management - region 2,SERCO (AUS),0.2m,04-Aug-2025,3677
INV54378,Waste management services,Cleanaway Waste M,,28/11/2025,3556
INV54379,Parking technology services,Reino International Pty. Ltd. T/A Duncan Solutions,"$72,551.02",26/12/24,3623
INV54380,Melbourne Town Hall venue management,Showtime Event Group Pty Ltd (AU),100169.33,25/07/07,3670
INV54381,Building maintenance services,Programmed Facility Management Pty Ltd,0.2m,27-Nov-2026,3630
INV54382,Parking technology services,Reino International Pty ,164652.68,,3623
INV54383,Civil infrastructure services,Citywide Service Solutions Pty Ltd (AU),"$105,489.84",25/10/2029,3665
INV54384,Tree management maintenance services,Citywide Service Solutions Pty Ltd,"$143,509.89",2025-10-18,3678
INV54385,Integrated security services,National Protective Services Pty Ltd (AUS),80599.5,13 February 2028,3686
INV54386,Vehicle tow away and impound services,Nationwide  Towing  Services,71135.45,28 March 2026,3585
INV54387,Building cleaning services,National Protective Services Pty. Ltd.,4691.92,19 May 2029,3686
INV54388,Management of Active Melbourne recreation facilities,Victorian,"$230,106.31",21 March 2027,3615
INV54389,Vehicle tow away and impound services,Nationwide,132203.42,28/07/07,3585
INV54390,Civil infrastructure services,citywide service solutions pty ltd,172121.63,15-Oct-2025, 
INV54391,Street cleaning,Spotless Facility Services Pty Ltd,137774.87 AUD,24-May-2029,3669
INV54392,Melbourne Town Hall venue management,Showtime Event Group Pty Ltd (AU),0.2m,10-Apr-2028,3670
INV54393,Tree management maintenance services,Citywide Service Solutions Pty Ltd (AU),192986.25,15 June 2027,3678
INV54394,Melbourne Town Hall venue management,Showtime,88478.27 AUD,12/07/2025,3670
INV54395,Vehicle tow away and impound services,Nationwide Towing Sdrvices,"$164,134.95",27 October 2027,3585
INV54396,Parking technology services,Reino International Pty. Ltd. T/A Duncan Solutions,"$216,624.34",21/07/2026,3623
INV54397,Tree management maintenance services,Citywide Service ,227648.21,02 December 2025,3678
INV54398,Vehicle tow away and impound services,Nationwide Towing Services,82859.59 AUD,2026-12-16,3585
INV54399,Open spaces management - region 1,CITYWIDE SERVICE SOLUTIONS PTY LTD,155110.45 AUD,24/12/2029,3676
INV54400,Building maintenance services,Programmed Facility Management Pty. Ltd.,0.1m,30-May-2029,3630
INV54401,Tree management maintenance services,Citywide Service ,200462.9,04/02/2029,3678
INV54402,Parking technology services,Reino,82756.5 AUD,2027-12-24,3623
INV54403,Open spaces management - region 1,Citywide,0.2m,22/03/2027,3676
INV54404,Integrated security services,National Protective Services Pty. Ltd.,"$18,398.21",17/10/2026,3686
INV54405,Waste management services,Cleanaway Waste Mgmt Limited,40592.25 AUD,2029-03-26,3556
INV54406,Open spaces management - region 1,SERCO,890.86 AUD,2025-11-17,3677
INV54407,Open spaces management - region 2,SERCO,148087.58,21/01/2025,3677
INV54408,Tree management maintenance services,Citywide,12035.32,2026-09-03,3678
INV54409,Tree management maintenance services,Citywide Service Solutions Pty Ltd,27776.46,02/07/2029,3678
INV54410,Waste management services,Nationwide,73986.96 AUD,2028-12-04,3585
INV54411,Integrated security services,National Protective Services Pty Ltd,76222.39 AUD,16/12/2028,3686
INV54412,Waste management services,Cleanaway Waste Mgmt Limited,175656.94 AUD,2029-08-22,3556
INV54413,Parking technology services,ReinoInternationalPtyLtdT/ADuncanSolutions,246661.69 AUD,23/05/2029,3623
INV54414,Vehicle tow away and impound services,Nationwide Towing Services,0.2m,2027-05-22,3585
INV54415,Street cleaning,Spotless Facility Services Pty Ltd (AU),104837.43 AUD,27/04/05,3669
INV54416,Parking technology services,Reino International Pty ,0.0m,10 July 2025,3623
INV54417,Management of Active Melbourne recreation facilities,Victorian Ymca Community Programming Pty Ltd,102290.08,2026-05-19,3615
INV54418,Building maintenance services,Programmed  Facility  Management  Pty  Ltd,9061.43,27/09/09,3630
INV54419,Integrated security services,National Protective Services Pty. Ltd.,115152.64,14-Aug-2025,3686
INV54420,Street cleaning,Spotless Facility Services Pty Ltd,"$53,576.87",28/04/2028,3669
INV54421,Graffiti management and pressure cleaning services,Calcorp Services Pty Ltd,134348.88,11-Dec-2025,3668
INV54422,Building cleaning services,Menzies  International  (Aust)  Pty  Ltd,0.2m,06/11/2027,3634
INV54423,Open spaces management - region 1,Citywide Service Solutions Pty. Ltd.,65090.7,15/05/2029,3676
INV54424,Graffiti management and pressure cleaning services,Calcorp Services P/L,14541.27,07 June 2029,3668
INV54425,Civil infrastructure services,Citywide Service Solutions Pty Ltd,0.2m,30/11/2026,3665
INV54426,Management of Active Melbourne recreation facilities,VictorianfYMCA Community Programming Pty Ltd,140826.83 AUD,19/03/2026,3615
INV54427,Building maintenance services,Programmed Facility Management Pty Ltd,106819.15,01 April 2029,3630
INV54428,Integrated security services,National,37977.37,25 October 2026,3686
INV54429,Tree management maintenance services,Citywide Service Solutions Pty Ltd,128088.11,2027-10-27,3678
INV54430,Street cleaning,Spotless  Facility  Services  Pty  Ltd,244716.45,28/11/20,3669
INV54431,Management of Active Melbourne recreation facilities,Victorian YMCA Community Programming Pty. Ltd.,8798.32,2027-09-13,3615
INV54432,Building maintenance services,PROGRAMMED FACILITY MANAGEMENT PTY LTD,55210.06,12/04/2029,3630
INV54433,Street cleaning,Spotless Facility Services Pty Ltd,0.2m,2028-05-08,3669
INV54434,Management of Active Melbourne recreation facilities,Victorian  YMCA  Community  Programming  Pty  Ltd,171060.26,2028-01-04, 
INV54435,Civil infrastructure services,Citywide Service Solutions Pty Ltd (AUS),"$213,426.25",03/02/2029,3665
INV54436,Waste management services,Cleanaway,181049.99,2028-05-22,3556
INV54437,Building cleaning services,menzies international (aust) pty ltd,82033.45,10/05/2028,3634
INV54438,Building cleaning services,Menzies International (Aust) P/L,148268.71,28/04/10,3634
INV54439,Building cleaning services,Menzies Internatio,0.1m,2025-12-11,3634
INV54440,Building cleaning services,Menzies Internatio,"$11,190.98",30 August 2029,3634
INV54441,Graffiti management and pressure cleaning services,Calcorp  Services  Pty  Ltd,90007.78,28/10/31,3668
INV54442,Open spaces management - region 2,SERCO,72844.69 AUD,14 September 2028,3677
INV54443,Waste management services,Cleanaway  Waste  Management  Limited,0.2m,20/04/2025,3556
INV54444,Building cleaning services,Menzies Intl (Aust) Pty Ltd,6237.28 AUD,2026-06-21,3634
INV54445,Open spaces management - region 1,CitywideServiceSolutionsPtyLtd,209667.85,2027-05-19,3676
INV54446,Building maintenance services,Programmed Facility Management P/L,239987.29,2026-11-05,3630
INV54447,Waste management services,Cleanaway Waste Management LTD,0.1m,15/07/2025,3556
INV54448,Building maintenance services,Programmed,0.2m,2026-04-01,3630
INV54449,Building cleaning services,Menzies Internatio,0.2m,07/02/2025,3634
INV54450,Street cleaning,spotless facility services pty ltd,179002.79 AUD,02/01/2029,3669
INV54451,Building cleaning services,Menzies  International  (Aust)  Pty  Ltd,0.1m,02/09/2029,3634
INV54452,Management of Active Melbourne recreation facilities,Victorian YMCA Community Programming P/L,0.2m,2028-07-05,3615
INV54453,Vehicle tow away and impound services,nationwide towing services,73081.2,30/03/2029, 
INV54454,Building cleaning services,Menzies Inpernational (Aust) Pty Ltd,2011.98 AUD,30-Apr-2029,3634
INV54455,Management of Active Melbourne recreation facilities,Victorian YMCA Community Programming Pty Ltd (AUS),127364.14 AUD,02 May 2029,3615
INV54456,Waste management services,Cleanaway Waste Management Limited,246200.95,29/11/2029, 
INV54457,Tree management maintenance services,citywide service solutions pty ltd,"$94,379.61",29/05/2027,3678
INV54458,Building maintenance services,programmed facility management pty ltd,0.2m,08 April 2027,3630
INV54459,Tree management maintenance services,Citywide Service Solutions P/L,199671.23,25-Oct-2029, 
INV54460,Graffiti management and pressure cleaning services,Calcorp Services Pty Ltd (AU),"$198,972.86",10 July 2028,3668
INV54461,Open spaces management - region 2,SERCO,7859.87 AUD,09 February 2026,3677
INV54462,Graffiti management and pressure cleaning services,Calcorp Serv,192449.66,2027-04-11,3668
INV54463,Tree management maintenance services,Citywide,153974.36,20/07/2029,3678
INV54464,Waste management services,Cleanaway Waste Management Limited,169627.84,28/12/2027,3556
INV54465,Open spaces management - region 2,SERCO (AUS),,15/12/2027,3677
INV54466,Graffiti management and pressure cleaning services,CalcorptServices Pty Ltd,137824.46,09 June 2026,3668
INV54467,Building cleaning services,Menzies International (Aust) Pty Ltd (AU),120037.59,,3634
INV54468,Civil infrastructure services,Citywide Service Solutions P/L,194633.22 AUD,31/10/2029,3665
INV54469,Melbourne Town Hall venue management,Showtime Event,215299.27 AUD,12-Aug-2029,3670
INV54470,Open spaces management - region 2,SERCO (AUS),"$164,577.97",15-Jun-2028,3677
INV54471,Parking technology services,Reino International Pty Ltd T/A Duncan Solutions,77078.85,14 December 2027,3623
INV54472,Vehicle tow away and impound services,Nationwide Towing Services (AU),"$20,156.54",08/07/2025,3585
INV54473,Integrated security services,National Protective Services Pty Ltd (AU),240704.21 AUD,30-Apr-2028,3686
INV54474,Waste management services,Cleanaway,35420.32 AUD,04 August 2029, 
INV54475,Building cleaning services,menzies international (aust) pty ltd,202717.16,2027-07-18,3634
INV54476,Graffiti management and pressure cleaning services,Calcorp Services Pty Ltd (AUS),115190.32,11/09/2025,3668
INV54477,Civil infrastructure services,Citywide Service Solutions Pty. Ltd.,95676.72,28/05/15,3665
INV54478,Building maintenance services,Programmed Facility Mgmt Pty Ltd,129075.47 AUD,11-May-2029,3630
INV54479,Graffiti management and pressure cleaning services,Calcorp,45207.64 AUD,10-Aug-2029,3668
INV54480,Management of Active Melbourne recreation facilities,Victorian Ymca Community Programming Pty Ltd,0.2m,15/11/2029,3615
INV54481,Civil infrastructure services,Citywide Service Solutions Pty Ltd,"$114,967.89",06-Dec-2026,3665
INV54482,Open spaces management - region 1,Citywide Service Solutions P/L,0.0m,28/07/18,3676
INV54483,Open spaces management - region 2,SERCO,"$56,811.73",27 January 2028,3677
INV54484,Integrated security services,National Protectiv,225575.67,19/06/2029,3686
INV54485,Parking technology services,Reino International Pty Ltd T/A Duncan Solutions,"$59,843.6",08/08/2027,3623
INV54486,Graffiti management and pressure cleaning services,Calcorp Services Pty Ltd,184764.61 AUD,30/10/2025,3668
INV54487,Melbourne Town Hall venue management,SHOWTIME EVENT GROUP PTY LTD,,13-Apr-2026,3670
INV54488,Open spaces management - region 1,Citywide  Service  Solutions  Pty  Ltd,"$41,071.62",2029-04-08,3676
INV54489,Melbourne Town Hall venue management,SHOWTIME EVENT GROUP PTY LTD,0.0m,14 May 2025,3670
INV54490,Management of Active Melbourne recreation facilities,Victorian YMCA Community Programming Pty Ltd,"$170,839.21",28/01/06,3615
INV54491,Open spaces management - region 1,CitywideServiceSolutionsPtyLtd,89187.43 AUD,04 July 2029,3676
INV54492,Management of Active Melbourne recreation facilities,Victorian YMCA Community Programming Pty. Ltd.,70339.08 AUD,04-Jan-2029,3615
INV54493,Tree management maintenance services,Citywide Service Solutions P/L,123819.93 AUD,07-Aug-2025,3678
INV54494,Graffiti management and pressure cleaning services,calcorp services pty ltd,182364.79 AUD,,3668
INV54495,Graffiti management and pressure cleaning services,CALCORP SERVICES PTY LTD,"$241,745.0",04 November 2025,3668
INV54496,Tree management maintenance services,Citywide Service Solutions Pty Ltd,0.1m,2028-05-19,3678
INV54497,Civil infrastructure services,Citywide Service Solutions Pty Ltd,0.1m,07-Jun-2026,3665
INV54498,Waste management services,Cleanaway Waste Mgmt Limited,190766.22 AUD,02/01/2027,3556
INV54499,Building cleaning services,Menzies Incernational (Aust) Pty Ltd,"$239,273.7",19-May-2028,3634
INV54500,Street cleaning,Spotless Facility Services Pty Ltd (AUS),"$83,508.69",09-Feb-2029,3669
INV54501,Open spaces management - region 1,Citywide Service Solutions Pty Ltd,130472.89 AUD,05-Jun-2025,3676
INV54502,Integrated security services,NATIONAL PROTECTIVE SERVICES PTY LTD,168018.63,22 March 2029,3686
INV54503,Open spaces management - region 2,SERCO,66601.25,27/12/12,3677
INV54504,Management of Active Melbourne recreation facilities,VictorianYMCACommunityProgrammingPtyLtd,"$11,130.18",01 August 2027,3615
INV54505,Building maintenance services,Programmed Facility Mgmt Pty Ltd,,28/07/23,3630
INV54506,Graffiti management and pressure cleaning services,Calcorp Services Pty Ltd,"$232,810.12",06-Oct-2026,3668
INV54507,Integrated security services,National Protective Services Pty Ltd,0.0m,25/04/19,3686
INV54508,Street cleaning,spotless facility services pty ltd,"$232,814.35",02-Dec-2028,3669
INV54509,Vehicle tow away and impound services,nationwide towing services,33804.48,26 November 2026,3585
INV54510,Waste management services,Cleanaway,"$106,070.64",13 February 2026, 
INV54511,Vehicle tow away and impound services,Nationwide Towing Services,"$44,852.65",2028-12-14,3585
INV54512,Open spaces management - region 1,Citywide Service Solutions Pty Ltd,42295.04,2025-05-18,3676
INV54513,Building maintenance services,Programmed Facility Management Pty Ltd (AU),201735.2,29/01/08,3630
INV54514,Civil infrastructure services,Citywide Service Solutions Pty Ltd,"$90,692.36",27/08/2027,3665
INV54515,Building maintenance services,Prhgrammed Facility Management Pty Ltd,"$106,621.4",2027-10-18,3630
INV54516,Tree management maintenance services,Citywide Service Solutions Pty ttd,"$95,914.42",04 September 2029,3678
INV54517,Building cleaning services,Menzies International (Aust) P/L,78659.15,2029-04-12,3634
INV54518,Melbourne Town Hall venue management,ShowtimeEventGroupPtyLtd,61558.81,23/11/2027,3670
INV54519,Graffiti management and pressure cleaning services,Calcorp Services Pty Ltd (AUS),0.2m,21-Mar-2028,3668
INV54520,Graffiti management and pressure cleaning services,CalcorpServicesPtyLtd,0.0m,29/12/01,3668
INV54521,Waste management services,Spotless Facility Services P/L,0.2m,26/02/2025,3669
INV54522,Building maintenance services,Prograzmed Facility Management Pty Ltd,141441.86,2027-04-18,3630
INV54523,Vehicle tow away and impound services,Nationwide Towing Services,"$80,642.78",20/06/2028,3585
INV54524,Parking technology services,Reino International Pty ,"$228,852.63",28/08/01,3623
INV54525,Graffiti management and pressure cleaning services,Calcorp Serv,162239.07,2025-10-29,3668
INV54526,Vehicle tow away and impound services,Nationwide Towing Services (AUS),14816.63 AUD,23/08/2025,3585
INV54527,Civil infrastructure services,Citywide  Service  Solutions  Pty  Ltd,109662.53,13/10/2027,3665
INV54528,Street cleaning,Spotless Facility Services Pty. Ltd.,52234.43 AUD,30 April 2025,3669
INV54529,Graffiti management and pressure cleaning services,Calcorp Services Pty. Ltd.,146438.04,2027-05-04,3668
INV54530,Graffiti management and pressure cleaning services,Calcorp Services Pty Ltd,19055.22,29/03/07,3668
INV54531,Civil infrastructure services,Citywide Service Solurions Pty Ltd,"$63,945.59",27/10/13,3665
INV54532,Management of Active Melbourne recreation facilities,Victorian,149001.46,29 January 2025,3615
INV54533,Melbourne Town Hall venue management,Showtime  Event  Group  Pty  Ltd,37930.95 AUD,09-Jun-2028,3670
INV54534,Graffiti management and pressure cleaning services,Calcorp Services Pty. Ltd.,49820.22,24-Feb-2028,3668
INV54535,Open spaces management - region 1,Citywide Service Solutions P/L,0.1m,25/03/06,3676
INV54536,Street cleaning,Spotless Facility Services P/L,"$96,420.56",22/06/2029,3669
INV54537,Building maintenance services,Programmed Facility Management Pty Ltd (AUS),159360.49,28/12/13,3630
INV54538,Open spaces management - region 1,CitywideServiceSolutionsPtyLtd,"$166,727.48",2029-05-16,3676
INV54539,Street cleaning,Spotless Facility Services Pty Ltd,"$191,586.23",03/08/2029,3669
INV54540,Waste management services,Cleanaway Waste Management Limited,"$212,770.96",03 December 2029,3556
INV54541,Graffiti management and pressure cleaning services,Calcorp ServicesaPty Ltd,0.0m,26/06/2028,3668
INV54542,Management of Active Melbourne recreation facilities,VictorianYMCACommunityProgrammingPtyLtd,196028.34,10/05/2027,3615
INV54543,Building cleaning services,Menzies Intl (Aust) Pty Ltd,193505.7,14 October 2029,3634
INV54544,Building cleaning services,menzies international (aust) pty ltd,0.1m,12 August 2026,3634
INV54545,Management of Active Melbourne recreation facilities,Victorian YMCA Community Programmins Pty Ltd,,28/07/01,3615
INV54546,Tree management maintenance services,CITYWIDE SERVICE SOLUTIONS PTY LTD,0.2m,04/03/2027,3678
INV54547,Tree management maintenance services,Citywide Service Solutions Pty Ltd (AU),136309.2,2027-03-28,3678
INV54548,Management of Active Melbourne recreation facilities,Victorian YMCA Communi,54869.35 AUD,27-Aug-2028,3615
INV54549,Graffiti management and pressure cleaning services,Calcorp Services Pty. Ltd.,0.0m,26/10/05,3668
INV54550,Graffiti management and pressure cleaning services,Calcorp ServicesmPty Ltd,59373.3,26/11/28,3668
INV54551,Graffiti management and pressure cleaning services,Calcorp Services P/L,238785.02,21/11/2027,3668
INV54552,Tree management maintenance services,Citywide Service Solutions Pty Ltd,159407.51,2025-12-22,3678
INV54553,Open spaces management - region 2,Serco,"$55,085.62",13/06/2025,3677
INV54554,Melbourne Town Hall venue management,Showtime Event Group Pty Ltd,0.2m,2025-03-01,3670
INV54555,Management of Active Melbourne recreation facilities,Victorian YMCA Community Programming Pty Ltd,122243.6,08/10/2028,3615
INV54556,Open spaces management - region 1,CitywideServiceSolutionsPtyLtd,232063.69,,3676
INV54557,Parking technology services,Calcorp,196296.39 AUD,27/03/08,3668
INV54558,Melbourne Town Hall venue management,Showtime Event Group Pty Ltd (AU),0.1m,25/02/19,3670
INV54559,Vehicle tow away and impound services,Cleanaway Waste Management Limited (AU),69349.52,2029-07-02,3556
INV54560,Waste management services,Cleanaway  Waste  Management  Limited,166341.77,18/09/2027,3556
INV54561,Parking technology services,Reino International Pty Ltd T/A Duncan Solutions,0.1m,16 October 2025,3623
INV54562,Tree management maintenance services,Citywide Service ,"$195,241.07",29/06/25,3678
INV54563,Management of Active Melbourne recreation facilities,Victorian YMCA Community Programming P/L,71422.46 AUD,15-Jul-2027,3615
INV54564,Building maintenance services,ProgrammedFacilityManagementPtyLtd,57324.75,2025-04-26,3630
INV54565,Street cleaning,Spotless Facility Services Pty Ltd,0.1m,27/04/09,3669
INV54566,Street cleaning,Spotless  Facility  Services  Pty  Ltd,0.0m,2026-10-19,3669
INV54567,Building cleaning services,SERCO (AUS),0.1m,03/04/2027,3677
INV54568,Building cleaning services,Menzies International (Aust) Pty. Ltd.,0.1m,26/03/2026,3634
INV54569,Open spaces management - region 2,serco,241173.74 AUD,2026-04-06,3677
INV54570,Management of Active Melbourne recreation facilities,Victorian  YMCA  Community  Programming  Pty  Ltd,"$30,904.65",04/01/2025,3615
INV54571,Melbourne Town Hall venue management,Showtime Event Group Pty. Ltd.,0.0m,08-Oct-2028,3670
INV54572,Open spaces management - region 2,serco,126085.23,2027-03-22,3677
INV54573,Civil infrastructure services,Citywide Service Solutions Pty Ltd,200591.98,12/05/2025,3665
INV54574,Open spaces management - region 2,SERCO,168939.2,30/07/2029,3677
INV54575,Building maintenance services,ProgrammedFacilityManagementPtyLtd,60252.26,08-Aug-2028,3630
INV54576,Management of Active Melbourne recreation facilities,victorian ymca community programming pty ltd,"$125,164.4",03/02/2028,3615
INV54577,Graffiti management and pressure cleaning services,Calcorp Services Pty Ltd,133536.3 AUD,28/09/18,3668
INV54578,Graffiti management and pressure cleaning services,Calcorp Services Pty Ltd (AU),159233.51 AUD,20 March 2025,3668
INV54579,Building cleaning services,Menzies International (Aust) Pty Ltd,153400.74,23-Dec-2027,3634
INV54580,Parking technology services,Reino Intl Pty Ltd T/A Duncan Solutions,"$85,769.71",13 July 2025,3623
INV54581,Parking technology services,Reino International Pty Ltd T/A Duncan Solutions (AU),68208.93 AUD,09/10/2028,3623
INV54582,Integrated security services,National Prodective Services Pty Ltd,92397.07 AUD,2027-03-24,3686
INV54583,Parking technology services,Citywide Service Solutions P/L,171798.11,27/06/21,3676
INV54584,Management of Active Melbourne recreation facilities,VictorianYMCACommunityProgrammingPtyLtd,150841.98 AUD,2029-02-11,3615
INV54585,Graffiti management and pressure cleaning services,Calcorp Serv,230615.44,2026-10-13,3668
INV54586,Civil infrastructure services,CITYWIDE SERVICE SOLUTIONS PTY LTD,158572.02,2029-06-11, 
INV54587,Civil infrastructure services,Citywide Service Solutions Pty Ltd,"$145,187.9",28/01/2028,3665
INV54588,Management of Active Melbourne recreation facilities,victorian ymca community programming pty ltd,"$215,228.97",13-Jul-2025,3615
INV54589,Melbourne Town Hall venue management,showtime event group pty ltd,115990.57,03 December 2028,3670
INV54590,Building maintenance services,programmed facility management pty ltd,115264.32 AUD,18/01/2027,3630
INV54591,Building cleaning services,Menzies,72426.86,17/05/2028,3634
INV54592,Tree management maintenance services,Citywide Service ,104679.66 AUD,29/01/2026,3678
INV54593,Vehicle tow away and impound services,Nationwide Towing Services,5078.49,2029-02-28,3585
INV54594,Graffiti management and pressure cleaning services,CalcorpServicesPtyLtd,211507.33,27/08/2025,3668
INV54595,Open spaces management - region 1,CITYWIDE SERVICE SOLUTIONS PTY LTD,0.0m,25/12/10, 
INV54596,Street cleaning,SpotlessFacilityServicesPtyLtd,37320.0,,3669
INV54597,Open spaces management - region 1,citywide service solutions pty ltd,"$136,069.02",07-May-2028,3676
INV54598,Open spaces management - region 2,SERCO (AU),0.2m,18/10/2028,3677
INV54599,Melbourne Town Hall venue management,Showtime,197105.46 AUD,16/02/2028,3670
INV54600,Vehicle tow away and impound services,Nationwide Towing Services,100362.53 AUD,24-Sep-2029,3585
INV54601,Melbourne Town Hall venue management,Showtime Event Group Pty Ltd,144657.37,26/02/12,3670
INV54602,Vehicle tow away and impound services,Nationwide To,0.2m,24/07/2027,3585
INV54603,Open spaces management - region 2,SERCO,0.2m,10 January 2025,3677
INV54604,Vehicle tow away and impound services,Nationwide Towing Services,196863.0 AUD,11/08/2026,3585
INV54605,Waste management services,Cleanaway Waste Management LTD,"$146,709.73",27/03/2028,3556
INV54606,Building maintenance services,PROGRAMMED FACILITY MANAGEMENT PTY LTD,"$137,725.27",29/01/08,3630
INV54607,Parking technology services,Citywide Service Solutions P/L,0.1m,2028-04-10,3665
INV54608,Tree management maintenance services,CitywideServiceSolutionsPtyLtd,194011.9 AUD,27/08/06,3678
INV54609,Vehicle tow away and impound services,nationwide towing services,193766.79 AUD,27/04/03, 
INV54610,Management of Active Melbourne recreation facilities,Victorian  YMCA  Community  Programming  Pty  Ltd,60375.24,14/05/2026,3615
INV54611,Integrated security services,NationalProtectiveServicesPtyLtd,"$203,551.03",08-Apr-2028,3686
INV54612,Graffiti management and pressure cleaning services,Calcorp Services Pty Ltd,243906.19,22/10/2026,3668
INV54613,Melbourne Town Hall venue management,showtime event group pty ltd,36666.9,24/04/2029, 
INV54614,Vehicle tow away and impound services,Nationwide  Towing  Services,0.1m,03-Jan-2026,3585
INV54615,Integrated security services,National Protective Services Pty Ltd,204383.88,13-Dec-2027,3686
INV54616,Integrated security services,National Protective Services Pty Ltd (AU),"$32,378.59",11/11/2028,3686
INV54617,Building maintenance services,Programmed,136834.33,23-Jul-2029,3630
INV54618,Waste management services,Cleanaway Waste Mgmt Limited,0.2m,20/03/2026,3556
INV54619,Building maintenance services,Programmed Facility Management Pty Ltd (AUS),"$113,762.4",25/07/18,3630
INV54620,Civil infrastructure services,Citywide,"$149,177.61",10/10/2025,3665
INV54621,Vehicle tow away and impound services,Nationwide Towing Services (AUS),0.1m,08/12/2026,3585
INV54622,Waste management services,Cleanaway Waste Management Limited,0.1m,27/11/2025, 
INV54623,Melbourne Town Hall venue management,Showtime Event Group Pty Ltd,113956.26 AUD,27/04/29,3670
INV54624,Vehicle tow away and impound services,CITYWIDE SERVICE SOLUTIONS PTY LTD,"$129,510.73",30/01/2025,3676
INV54625,Building cleaning services,Menzies Internatioual (Aust) Pty Ltd,0.2m,25-May-2026,3634
INV54626,Integrated security services,National Protectiv,"$24,994.26",04 November 2026,3686
INV54627,Management of Active Melbourne recreation facilities,Victorian YMCA Community Programming Pty Ltd,115515.67,15/05/2028,3615
INV54628,Street cleaning,showtime event group pty ltd,215521.62,20-Sep-2029,3670
INV54629,Vehicle tow away and impound services,Nationwide To,0.2m,05/11/2029,3585
INV54630,Melbourne Town Hall venue management,Showtime,98671.44,06/10/2028,3670
INV54631,Integrated security services,National Protective Services P/L,16386.39 AUD,26/07/23,3686
INV54632,Integrated security services,National Protective Services P/L,"$92,205.86",12/04/2028,3686
INV54633,Civil infrastructure services,Citywide Service Solutions Pty Ltd (AUS),0.2m,2026-02-23,3665
INV54634,Open spaces management - region 2,SERCO (AU),0.2m,24/01/2026,3677
INV54635,Parking technology services,Reino,0.0m,11/11/2029,3623
INV54636,Building maintenance services,ProgrammedFacilityManagementPtyLtd,54966.18 AUD,08/11/2025,3630
INV54637,Civil infrastructure services,Citywide,772.3 AUD,01-Nov-2029,3665
INV54638,Building maintenance services,Programmed Facility Management Pty Ltd,145142.7,28 May 2025,3630
INV54639,Building maintenance services,PROGRAMMED FACILITY MANAGEMENT PTY LTD,214640.26 AUD,04-May-2029,3630
INV54640,Waste management services,Cleanaway Waste Management Limited,48528.68 AUD,26-Aug-2027,3556
INV54641,Melbourne Town Hall venue management,SHOWTIME EVENT GROUP PTY LTD,"$64,427.51",22/05/2026,3670
INV54642,Integrated security services,Nationaf Protective Services Pty Ltd,92882.96,12-Oct-2028,3686
INV54643,Civil infrastructure services,Citywide Service Solutions Pty Ltd,"$100,441.05",27/07/2027,3665
INV54644,Management of Active Melbourne recreation facilities,Victorian YMCA Communi,2092.09,07 February 2026,3615
INV54645,Building maintenance services,Programmed Facility Management Pty Ltd (AUS),139592.33,19/08/2027,3630
INV54646,Tree management maintenance services,Citywide Service Solutions P/L,181022.76 AUD,21-Jan-2027,3678
INV54647,Graffiti management and pressure cleaning services,Calcorp Services P/L,10239.8,25/06/23,3668
INV54648,Open spaces management - region 1,Citywide  Service  Solutions  Pty  Ltd,0.1m,26-Dec-2028,3676
INV54649,Street cleaning,Spotless Facility Services Pty Ltd,209993.69,2028-04-07,3669
INV54650,Melbourne Town Hall venue management,ShowtimeEventGroupPtyLtd,25549.17 AUD,07/06/2028,3670
INV54651,Vehicle tow away and impound services,NationwideTowingServices,0.2m,2029-09-22,3585
INV54652,Street cleaning,SPOTLESS FACILITY SERVICES PTY LTD,"$213,865.26",2027-06-20,3669
INV54653,Melbourne Town Hall venue management,ShowtimeEventGroupPtyLtd,26272.82 AUD,25/03/21,3670
INV54654,Building maintenance services,Programmed Facility Management Pty Ltd,33083.65,15/12/2028,3630
INV54655,Street cleaning,Spotless Facility Services Pty Ltd,139819.32,14/10/2026,3669
INV54656,Management of Active Melbourne recreation facilities,Victorian YMCA Community Programming Pty. Ltd.,0.1m,06 March 2029,3615
INV54657,Vehicle tow away and impound services,Nationwide Towing Segvices,243351.78,26/02/19, 
INV54658,Street cleaning,Spotless Facility Services P/L,140915.13 AUD,05 July 2025,3669
INV54659,Civil infrastructure services,Citywide Service Solutions Pty. Ltd.,223546.59 AUD,22/02/2029,3665
INV54660,Tree management maintenance services,Citywide,212247.17 AUD,2025-04-14,3678
INV54661,Street cleaning,Spotless Facility Services Pty Ltd,"$64,371.09",14/04/2027,3669
INV54662,Tree management maintenance services,Citywide,84198.52,29/08/04,3678
INV54663,Civil infrastructure services,Citywide Service Solutions Pty Ltd,1239.84,26/08/07,3665
INV54664,Vehicle tow away and impound services,Nationwide Towing Services (AU),"$145,749.6",16-Aug-2025,3585
INV54665,Civil infrastructure services,Citywide Service Solutions Pty Ltd (AUS),0.1m,18 November 2025,3665
INV54666,Melbourne Town Hall venue management,Showtime Event Group Pty Ltd (AUS),0.0m,09 May 2027,3670
INV54667,Parking technology services,Reino International Pty. Ltd. T/A Duncan Solutions,140446.61,17/12/2025,3623
INV54668,Management of Active Melbourne recreation facilities,Victorian YMCA Community Programming P/L,"$225,190.47",12/09/2027, 
INV54669,Graffiti management and pressure cleaning services,Calcorp Services Pty Ltd,246481.29,26/09/14,3668
INV54670,Building maintenance services,ProgrammedFacilityManagementPtyLtd,218361.45,01-Feb-2027,3630
INV54671,Vehicle tow away and impound services,Citywide Service Solutions Pty Ltd (AU),35925.02 AUD,18/01/2026,3676
INV54672,Integrated security services,Calcorp Services Pty Ltd (AU),219808.05 AUD,22 January 2025,3668
INV54673,Building cleaning services,Menfies International (Aust) Pty Ltd,,25/11/30,3634
INV54674,Open spaces management - region 1,Citywide Service Solutions P/L,0.1m,2026-03-20,3676
INV54675,Building maintenance services,Programmed Facility Management Pty. Ltd.,37444.65,23/07/2026,3630
INV54676,Parking technology services,Reino Intirnational Pty Ltd T/A Duncan Solutions,223587.12,03/12/2027,3623
INV54677,Vehicle tow away and impound services,nationwide towing services,111876.95 AUD,11/12/2025,3585
INV54678,Waste management services,Programmed Facility Management Pty Ltd (AUS),0.1m,18 January 2025, 
INV54679,Integrated security services,National Protectiv,100860.41 AUD,27/10/11,3686
INV54680,Waste management services,Cleanaway Waste Management Limited (AU),119454.58 AUD,05/01/2025,3556
INV54681,Waste management services,Cleanaway  Waste  Management  Limited,201883.04,20/11/2027,3556
INV54682,Street cleaning,Spotless Facility Services Pty. Ltd.,221020.41 AUD,05/06/2028,3669
INV54683,Parking technology services,Menzies International (Aust) Pty Ltd (AU),221554.46,2027-05-02,3634
INV54684,Building maintenance services,Programmed Facility Management Pty. Ltd.,"$231,753.05",25 October 2025,3630
INV54685,Building maintenance services,SrRCO,0.1m,10/08/2025, 
INV54686,Civil infrastructure services,Citywide Service Solutions Pty Ltd,239639.82,14 June 2025,3665
INV54687,Tree management maintenance services,SpotlessFacilityServicesPtyLtd,220240.87,29/03/2026,3669
INV54688,Open spaces management - region 1,Citywide  Service  Solutions  Pty  Ltd,171302.07,26/04/30,3676
INV54689,Management of Active Melbourne recreation facilities,Citywide Service Solutions Pty Ltd (AU),156910.05,27/11/18,3665
INV54690,Open spaces management - region 2,SERCO (AU),"$111,637.51",07/01/2029,3677
INV54691,Tree management maintenance services,Citywide Service Solutions Pty Ltd (AU),228594.45,09-Jun-2028,3678
INV54692,Management of Active Melbourne recreation facilities,Victorian YMCA Community Programming Pty Ltd,40093.63,22/06/2025,3615
INV54693,Integrated security services,National Protective Services Pty Ltd (AU),12147.1,25/04/05,3686
INV54694,Graffiti management and pressure cleaning services,Calcorp Services Pty Ltd,"$70,876.81",16/08/2026, 
INV54695,Building cleaning services,Menzies,146512.0,15 November 2025,3634
INV54696,Waste management services,Cleanaway Waste Management Limited (AU),203151.49 AUD,17/09/2028,3556
INV54697,Vehicle tow away and impound services,Nationwide TowingsServices,107671.57,17-Jan-2027,3585
INV54698,Open spaces management - region 1,Citywide,48497.38 AUD,26/04/2026, 
INV54699,Graffiti management and pressure cleaning services,Calcorp Services Pty Ltd (AUS),56936.3 AUD,22/12/2029,3668
INV54700,Building cleaning services,Menzies International (Aust) Pty Ltd,0.2m,18 September 2025,3634
INV54701,Melbourne Town Hall venue management,showtime event group pty ltd,98665.84,25/10/10,3670
INV54702,Civil infrastructure services,Citywide Service Solusions Pty Ltd,0.1m,11/10/2026,3665
INV54703,Melbourne Town Hall venue management,ShowtimepEvent Group Pty Ltd,43809.41,25/10/2027,3670
INV54704,Waste management services,Cleanaway Waste Management Limited (AU),"$122,971.09",01/02/2027,3556
INV54705,Street cleaning,Spotless,0.2m,23/09/2025, 
INV54706,Melbourne Town Hall venue management,Showtime Event Group Pty Ltd,187504.49,03/11/2027,3670
INV54707,Building maintenance services,Plogrammed Facility Management Pty Ltd,87912.33,28/08/05,3630
INV54708,Graffiti management and pressure cleaning services,Calcorp Services Pty Ltd (AUS),0.2m,24/05/2027,3668
INV54709,Vehicle tow away and impound services,NATIONWIDE TOWING SERVICES,175224.17,28/03/2026,3585
INV54710,Melbourne Town Hall venue management,Showtime  Event  Group  Pty  Ltd,75706.34 AUD,2026-08-15,3670
INV54711,Building maintenance services,Programmed Facility Management Pty Ltd,"$78,383.98",28/08/2025,3630
INV54712,Building cleaning services,menzies international (aust) pty ltd,"$97,318.85",12-May-2027,3634
INV54713,Street cleaning,SpotlessFacilityServicesPtyLtd,"$201,416.52",29-Sep-2026,3669
INV54714,Open spaces management - region 1,Citywide Service ,97665.02 AUD,,3676
INV54715,Building cleaning services,MENZIES INTERNATIONAL (AUST) PTY LTD,13412.97,13/07/2029,3634
INV54716,Street cleaning,Spotless Facility Services Pty Ltd,205888.23 AUD,02-May-2029,3669
INV54717,Parking technology services,Reino International Pty Ltd T/A Duncan Solutions,"$93,124.34",07-Oct-2028,3623
INV54718,Street cleaning,SpotlessFacilityServicesPtyLtd,25646.21,26/04/04,3669
INV54719,Tree management maintenance services,Citywide Service Solutions Pty Ltd,143463.74,05-Mar-2027,3678
INV54720,Management of Active Melbourne recreation facilities,Victorian YMCA Community Programming Pty Ltd (AU),111521.1,25/12/2026,3615
INV54721,Building cleaning services,Menzies Int’l (Aust) Pty Ltd,186735.91,15-Jan-2026,3634
INV54722,Street cleaning,SpotlessFacilityServicesPtyLtd,209865.41 AUD,21 June 2027,3669
INV54723,Civil infrastructure services,Citywide Service Solutions Pty Ltd,2700.88 AUD,06/02/2028,3665
INV54724,Vehicle tow away and impound services,Nationwide  Towing  Services,97540.57,25 November 2027,3585
INV54725,Parking technology services,ReinoInternationalPtyLtdT/ADuncanSolutions,57229.85,2027-12-01,3623
INV54726,Street cleaning,spotless facility services pty ltd,"$232,408.98",01/09/2027,3669
INV54727,Vehicle tow away and impound services,Nationwide Towing Services (AUS),"$122,431.58",26/09/2026,3585
INV54728,Waste management services,Cleanaway Waste Management Limited (AU),"$74,374.72",28-Feb-2027, 
INV54729,Parking technology services,Reino Int’l Pty Ltd T/A Duncan Solutions,"$220,314.6",01/06/2027,3623
INV54730,Civil infrastructure services,CITYWIDE SERVICE SOLUTIONS PTY LTD,131819.38 AUD,2027-12-20,3665
INV54731,Melbourne Town Hall venue management,Showtime Event Group P/L,121624.87,25/04/2026,3670
INV54732,Vehicle tow away and impound services,NationwideTowingServices,0.1m,27/12/30,3585
INV54733,Parking technology services,Reino International Pty ,6566.52 AUD,2026-03-24,3623
INV54734,Civil infrastructure services,CitywideServiceSolutionsPtyLtd,87515.41,19 May 2025,3665
INV54735,Waste management services,Cleanaway Waste Management Limited (AU),138816.96 AUD,28/08/2026,3556
INV54736,Civil infrastructure services,Citywide,114057.53,13/10/2029,3665
INV54737,Street cleaning,Spotless Facility Services Pty Ltd (AUS),0.2m,06 January 2026,3669
INV54738,Civil infrastructure services,Citywide Service Solutions Pty Ltd,246926.03,10/05/2026,3665
INV54739,Graffiti management and pressure cleaning services,Reino Int’l Pty Ltd T/A Duncan Solutions,81585.2,2027-07-23,3623
INV54740,Open spaces management - region 2,SERCO,201395.0,26/05/20,3677
INV54741,Building maintenance services,Programmed Facility Management Pty Ltd,0.2m,2028-03-18,3630
INV54742,Tree management maintenance services,Citywide Service Solutions Pty Ltd (AU),"$157,022.3",30 May 2025,3678
INV54743,Civil infrastructure services,Citywide Service Solutions Pty. Ltd.,240360.74,24/06/2026,3665
INV54744,Building cleaning services,Menzies Internatio,0.1m,27/02/2027,3634
INV54745,Melbourne Town Hall venue management,showtime event group pty ltd,133353.58,2025-12-14, 
INV54746,Building maintenance services,Programmed Facility Mgmt Pty Ltd,151632.1,28/05/16,3630
INV54747,Integrated security services,national protective services pty ltd,2100.93 AUD,2025-11-21,3686
INV54748,Building cleaning services,MenziesInternational(Aust)PtyLtd,90882.63,2026-07-02,3634
INV54749,Vehicle tow away and impound services,Nationwide Towing Services,0.1m,27-Oct-2025,3585
INV54750,Open spaces management - region 1,Citywide Service Solutions Pty. Ltd.,12415.09,2025-12-25,3676
INV54751,Street cleaning,SpotlessFacilityServicesPtyLtd,"$148,340.17",04/04/2027,3669
INV54752,Street cleaning,Spotless Facility Services Pty Ltd,143003.63 AUD,2029-03-30,3669
INV54753,Integrated security services,national protective services pty ltd,199163.22,2029-11-05,3686
INV54754,Civil infrastructure services,qitywide Service Solutions Pty Ltd,167077.5,25/09/05,3665
INV54755,Building cleaning services,menzies international (aust) pty ltd,"$16,445.45",28-Dec-2025, 
INV54756,Waste management services,Cleanaway Waste Management Limited,197814.57,2028-05-12,3556
INV54757,Graffiti management and pressure cleaning services,CalcorpServicesPtyLtd,"$229,148.81",29-Jan-2027, 
INV54758,Tree management maintenance services,Citywide Service Solutions Pty Ltd (AU),173001.62,31 August 2025,3678
INV54759,Parking technology services,REINO INTERNATIONAL PTY LTD T/A DUNCAN SOLUTIONS,0.1m,27/04/29,3623
INV54760,Parking technology services,Reino Int’l Pty Ltd T/A Duncan Solutions,156605.51,16/10/2025,3623
INV54761,Civil infrastructure services,Citywide Service Solutions P/L,4123.08 AUD,11-Apr-2028,3665
INV54762,Civil infrastructure services,Citywide  Service  Solutions  Pty  Ltd,0.1m,10 May 2027,3665
INV54763,Integrated security services,National  Protective  Services  Pty  Ltd,"$214,235.19",2027-04-07,3686
INV54764,Parking technology services,ReinoInternationalPtyLtdT/ADuncanSolutions,213678.33,19-May-2027,3623
INV54765,Parking technology services,Reino International Pty Ltd T/A Duncan Solutilns,148522.76,19/10/2028,3623
INV54766,Building maintenance services,Reino Intl Pty Ltd T/A Duncan Solutions,162674.84 AUD,18/08/2029,3623
INV54767,Civil infrastructure services,Citywide  Service  Solutions  Pty  Ltd,0.2m,20/06/2029,3665
INV54768,Civil infrastructure services,Citywide Service Solutions Pty. Ltd.,73465.84 AUD,09 December 2026,3665
INV54769,Graffiti management and pressure cleaning services,CALCORP SERVICES PTY LTD,0.2m,2029-04-21,3668
INV54770,Integrated security services,National Protective Services Pty. Ltd.,120532.05,08/10/2029,3686
INV54771,Parking technology services,Reino International Pty Ltd T/A Duncan Solutions,168780.14,,3623
INV54772,Graffiti management and pressure cleaning services,Calcorp ServiceskPty Ltd,51791.1,07/12/2025,3668
INV54773,Parking technology services,Reino International Pty Ltd T/A Duncan Solutions,"$212,789.37",2026-03-30,3623
INV54774,Melbourne Town Hall venue management,Showtime Event Group Pty Ltd,"$159,992.93",27/12/21,3670
INV54775,Management of Active Melbourne recreation facilities,Victorian  YMCA  Community  Programming  Pty  Ltd,207813.58,2026-12-24,3615
INV54776,Building maintenance services,Programmed  Facility  Management  Pty  Ltd,175978.26,30/06/2026,3630
INV54777,Graffiti management and pressure cleaning services,Calcorp Services Pty Ltd (AUS),156095.94,01-Oct-2027,3668
INV54778,Graffiti management and pressure cleaning services,Calcorp,59445.85,28-Jul-2027,3668
INV54779,Open spaces management - region 2,SERCO,51688.6,29/07/11,3677
INV54780,Tree management maintenance services,CITYWIDE SERVICE SOLUTIONS PTY LTD,0.1m,10 April 2025,3678
INV54781,Building cleaning services,Menzies Intl (Aust) Pty Ltd,67460.39,03-Jan-2025,3634
INV54782,Graffiti management and pressure cleaning services,Calcorp Services P/L,181059.68,01-Dec-2029,3668
INV54783,Building maintenance services,Programmed Facility Management Pty Ltd (AU),98004.67,15 December 2027,3630
INV54784,Waste management services,CleanawayWasteManagementLimited,"$32,590.4",19 September 2029,3556
INV54785,Parking technology services,Reino International Pty. Ltd. T/A Duncan Solutions,42863.3,2029-10-21,3623
INV54786,Building maintenance services,Programmed Facility Mgmt Pty Ltd,0.0m,01/08/2026,3630
INV54787,Graffiti management and pressure cleaning services,Calcorp Services Pty Ltd,128889.49,2025-01-02,3668
INV54788,Street cleaning,spotless facility services pty ltd,0.0m,20/05/2028,3669
INV54789,Building maintenance services,Programmed Facility,232975.62 AUD,02 March 2026,3630
INV54790,Graffiti management and pressure cleaning services,Calcorp Services Pty. Ltd.,145075.44,15 August 2026,3668
INV54791,Management of Active Melbourne recreation facilities,Victorian YMCA Community Programming Pty. Ltd.,190071.41,21 April 2026,3615
INV54792,Melbourne Town Hall venue management,Showtime Event Group Pty Ltd (AUS),135599.68,2028-03-23,3670
INV54793,Waste management services,Cleanaway,221459.33,26/12/19,3556
INV54794,Tree management maintenance services,Citywide Service Solutions Pty Ltd (AU),0.1m,17/04/2028,3678
INV54795,Graffiti management and pressure cleaning services,CALCORP SERVICES PTY LTD,55136.19,12 July 2025,3668
INV54796,Building cleaning services,Menzies International (Aust) Pty Ltd (AU),100953.24 AUD,27 September 2027,3634
INV54797,Integrated security services,National Protective Services Pty. Ltd.,165155.22,07/12/2028,3686
INV54798,Street cleaning,Spotless,133628.69,20/12/2025,3669
INV54799,Open spaces management - region 2,SERCO,227614.49,25/03/20,3677
INV54800,Melbourne Town Hall venue management,Showtime  Event  Group  Pty  Ltd,"$207,461.14",14/07/2025,3670
INV54801,Waste management services,Cleanaway Waste Mgmt Limited,0.2m,22 November 2029,3556
INV54802,Melbourne Town Hall venue management,SHOWTIME EVENT GROUP PTY LTD,159960.52 AUD,24/07/2026,3670
INV54803,Tree management maintenance services,CITYWIDE SERVICE SOLUTIONS PTY LTD,103802.31 AUD,27/10/01,3678
INV54804,Tree management maintenance services,Citywide Service Solutions Pty ttd,"$156,704.07",27/05/31,3678
INV54805,Building cleaning services,Menzies International (Aust) Pty Lxd,70338.22,12 December 2026,3634
INV54806,Waste management services,CleanawayWasteManagementLimited,217161.35 AUD,2027-11-03,3556
INV54807,Street cleaning,Spotless Facility Services Pty Ltd,"$25,873.88",2028-06-20,3669
INV54808,Open spaces management - region 2,SERCO,131465.23,31 October 2028,3677
INV54809,Building cleaning services,Menzies International (Aust) Pty. Ltd.,225915.1 AUD,29/05/2026,3634
INV54810,Civil infrastructure services,citywide service solutions pty ltd,40249.26 AUD,25-Feb-2025,3665
INV54811,Melbourne Town Hall venue management,Showtime Evezt Group Pty Ltd,141342.74,12-Dec-2027,3670
INV54812,Management of Active Melbourne recreation facilities,Victorian,"$141,366.52",10/11/2027,3615
INV54813,Tree management maintenance services,citywide service solutions pty ltd,0.1m,13-Mar-2029,3678
INV54814,Graffiti management and pressure cleaning services,Calcorp Services Pty Ltd,126719.98,2028-06-26,3668
INV54815,Street cleaning,Showtime Event Group Pty Ltd (AU),99259.82,2028-06-21,3670
INV54816,Melbourne Town Hall venue management,SHOWTIME EVENT GROUP PTY LTD,0.1m,25/07/15,3670
INV54817,Street cleaning,Spotless Facility Services Pty Ltd,98902.32,17/02/2028,3669
INV54818,Graffiti management and pressure cleaning services,Calcorp Services Pty Ltd (AU),0.2m,26/01/11,3668
INV54819,Melbourne Town Hall venue management,Showtime Event Group Pty Ltd (AU),"$240,685.18",07/09/2029,3670
INV54820,Graffiti management and pressure cleaning services,Calcorp Services Pty. Ltd.,,26/08/01,3668
INV54821,Open spaces management - region 1,citywide service solutions pty ltd,201795.39 AUD,13/05/2029,3676
INV54822,Building maintenance services,Programmed Facility Management Pty. Ltd.,0.2m,2027-08-12,3630
INV54823,Management of Active Melbourne recreation facilities,Victorian YMCA Community Programming PtyuLtd,108979.16 AUD,2029-12-04,3615
INV54824,Street cleaning,SpotlessFacilityServicesPtyLtd,0.2m,10-Jan-2027,3669
INV54825,Integrated security services,National Protective Services Pty Ltd,48177.62,2027-02-26,3686
INV54826,Melbourne Town Hall venue management,Showtime Event Group Pty Ltd,0.2m,22 June 2026,3670
INV54827,Integrated security services,National Protective Services Pty Ltd,158731.39,16/07/2027,3686
INV54828,Parking technology services,Cleanaway Waste Management Limited (AU),195524.89,29/03/17,3556
INV54829,Management of Active Melbourne recreation facilities,Victorian  YMCA  Community  Programming  Pty  Ltd,89007.71 AUD,06 August 2029,3615
INV54830,Open spaces management - region 2,SERCO,99629.0,26/01/2029,3677
INV54831,Building maintenance services,Programmed Facility Management Pty. Ltd.,0.1m,2028-03-16,3630
INV54832,Building maintenance services,ProgrammedFacilityManagementPtyLtd,"$178,756.52",14/12/2028,3630
INV54833,Building maintenance services,Programmed Facility Management Pty Ltd,0.1m,27/10/17,3630
INV54834,Melbourne Town Hall venue management,Showtime Event,115593.34,2029-11-24,3670
INV54835,Street cleaning,Spotless Facility Services Pty Ltd (AU),"$97,392.17",2029-07-06,3669
INV54836,Street cleaning,Spotless Facility Services Pty Ltd,75085.32,27/12/02,3669
INV54837,Street cleaning,Spoyless Facility Services Pty Ltd,147802.27 AUD,02 January 2027,3669
INV54838,Waste management services,Cleanaway Waste Management LTD,207354.32 AUD,2026-09-16,3556
INV54839,Vehicle tow away and impound services,Nationwide  Towing  Services,153840.97,,3585
INV54840,Street cleaning,Spotless Facility Services Pty Ltd,"$29,650.07",10/06/2025,3669
INV54841,Open spaces management - region 1,Citywide  Service  Solutions  Pty  Ltd,0.0m,11-Oct-2026,3676
INV54842,Integrated security services,National Protectiv,180552.81,2029-02-10,3686
INV54843,Building cleaning services,MENZIES INTERNATIONAL (AUST) PTY LTD,155419.44 AUD,19 November 2028,3634
INV54844,Street cleaning,Spotless Facility Services Pty Ltd,111432.14,2028-08-06,3669
INV54845,Graffiti management and pressure cleaning services,Calcorp,150687.87,29/07/2028,3668
INV54846,Building maintenance services,Programmed Facility,0.2m,25/06/19,3630
INV54847,Building cleaning services,SERCO,125939.36 AUD,27/05/06,3677
INV54848,Parking technology services,Reino International Pty Ltd T/A Duncan Solutions (AU),116473.4,04/09/2027,3623
INV54849,Tree management maintenance services,Citywide Service Solutions Pty Ltd (AUS),"$36,743.05",27/06/02,3678
INV54850,Building cleaning services,Menzies International (Aust) Pty Ltd,200131.08,11 July 2029,3634
INV54851,Open spaces management - region 1,CITYWIDE SERVICE SOLUTIONS PTY LTD,"$67,233.22",04/07/2026,3676
INV54852,Management of Active Melbourne recreation facilities,victorian ymca community programming pty ltd,"$149,031.85",21-Jan-2027,3615
INV54853,Graffiti management and pressure cleaning services,calcorp services pty ltd,177918.15,09 May 2026,3668
INV54854,Building cleaning services,Menzies International (Aust) Pty Ltd,176271.74,28/05/24,3634
INV54855,Melbourne Town Hall venue management,showtime event group pty ltd,86968.61,22 August 2025,3670
INV54856,Graffiti management and pressure cleaning services,Calcorp Services P/L,0.2m,2027-01-27,3668
INV54857,Open spaces management - region 1,Citywide Service Solutions Pty Ltd,114481.5,01/12/2029,3676
INV54858,Civil infrastructure services,Citywide  Service  Solutions  Pty  Ltd,69134.86,26/05/25, 
INV54859,Street cleaning,Spotlesq Facility Services Pty Ltd,117333.68 AUD,12/03/2026,3669
INV54860,Waste management services,Cleanaway Waste Management Limited (AU),"$45,870.34",07/11/2029,3556
INV54861,Building cleaning services,Menzies International (Aust) Pty Ltd,190703.65,28/01/25,3634
INV54862,Integrated security services,National Protective Services Pty Ltd (AU),"$209,340.49",29/02/19,3686
INV54863,Graffiti management and pressure cleaning services,Calcorp Services Pty Ltd,0.0m,08/06/2029,3668
INV54864,Open spaces management - region 2,Menzies International (Aust) P/L,149084.28 AUD,2029-09-04,3634
INV54865,Waste management services,Cleanaway Waste Management Limited,116583.69 AUD,2028-07-30,3556
INV54866,Parking technology services,Reino International Pty ,74662.44,20/07/2029,3623
INV54867,Building maintenance services,Programmed Facility Management Pty Ltd (AUS),"$175,221.88",14/08/2025,3630
INV54868,Open spaces management - region 2,SERCO,81453.97,25/08/16,3677
INV54869,Street cleaning,Spotless  Facility  Services  Pty  Ltd,212260.34 AUD,15-Jun-2025,3669
INV54870,Integrated security services,national protective services pty ltd,51699.49,31/01/2026,3686
INV54871,Parking technology services,ReinoInternationalPtyLtdT/ADuncanSolutions,72390.24,27/08/25,3623
INV54872,Building maintenance services,programmed facility management pty ltd,191209.32,05/12/2029, 
INV54873,Graffiti management and pressure cleaning services,Calcorp Services P/L,,07-Jul-2029,3668
INV54874,Parking technology services,Reino  International  Pty  Ltd  T/A  Duncan  Solutions,"$100,732.68",17-Aug-2026,3623
INV54875,Vehicle tow away and impound services,Nationwide  Towing  Services,25921.19,28/08/2026,3585
INV54876,Management of Active Melbourne recreation facilities,Victorian YMCA Community Programming Pty Ltd (AU),"$2,436.3",11-Jun-2025,3615
INV54877,Open spaces management - region 1,Citywide Service Solutions Pty Ltd,0.2m,2026-06-24,3676
INV54878,Open spaces management - region 2,SERCO,0.1m,11 July 2027,3677
INV54879,Melbourne Town Hall venue management,Showtime Event Group Pty Ltd (AUS),157814.75,28/04/05,3670
INV54880,Building maintenance services,PROGRAMMED FACILITY MANAGEMENT PTY LTD,145632.16 AUD,30/07/2025,3630
INV54881,Vehicle tow away and impound services,NationwideTowingServices,0.1m,2029-10-11,3585
INV54882,Waste management services,Cleanaway Waste Management Limited (AU),0.2m,01/08/2025,3556
INV54883,Integrated security services,National Protective Services Pty. Ltd.,111288.92,2028-09-07,3686
INV54884,Tree management maintenance services,CitywideServiceSolutionsPtyLtd,"$12,442.08",27/12/2029,3678
INV54885,Graffiti management and pressure cleaning services,calcorp services pty ltd,113576.02,06/02/2029,3668
INV54886,Building cleaning services,Menzies Int’l (Aust) Pty Ltd,0.0m,25/03/2026,3634
INV54887,Integrated security services,National Protective Services P/L,48399.47,14/08/2027,3686
INV54888,Management of Active Melbourne recreation facilities,Victorian YMCA Community Programming Pty Ltd,135617.25,03 February 2025,3615
INV54889,Integrated security services,Victorian  YMCA  Community  Programming  Pty  Ltd,0.1m,13-Sep-2027,3615
INV54890,Integrated security services,National Protective Services Pty Ltd,0.2m,26/01/07,3686
INV54891,Tree management maintenance services,CitywideServiceSolutionsPtyLtd,149839.01,26/01/18,3678
INV54892,Waste management services,Cleanaway,144609.59 AUD,21/09/2026,3556
INV54893,Tree management maintenance services,Citywide Service Solutions Pty Ltd,143071.29,09/08/2025,3678
INV54894,Building maintenance services,Programmed Facility Management Pty Ltd,189606.86 AUD,27/05/14,3630
INV54895,Civil infrastructure services,Citywide Service Solutions Pty Ltd,174265.65,15/07/2026,3665
INV54896,Tree management maintenance services,citywide service solutions pty ltd,60745.54,10 May 2028,3678
INV54897,Building maintenance services,Programmed Facility,172965.94,09/09/2025,3630
INV54898,Open spaces management - region 1,Citywide,160786.07 AUD,31/08/2026,3676
INV54899,Management of Active Melbourne recreation facilities,Victorian YMCA Communi,215755.24 AUD,11 March 2027,3615
INV54900,Open spaces management - region 2,SERCO,"$148,041.74",18 September 2025,3677
INV54901,Open spaces management - region 1,CITYWIDE SERVICE SOLUTIONS PTY LTD,0.1m,31 August 2026,3676
INV54902,Building maintenance services,Programmed Facility Management Pty Ltd,136229.81 AUD,10/09/2026,3630
INV54903,Civil infrastructure services,Citywide Service Solutions Pty Ltd (AUS),"$111,536.72",18/11/2027,3665
INV54904,Building maintenance services,Programmed Facility Management Pty Ltd (AUS),118756.47,07/06/2028,3630
INV54905,Waste management services,Cleanaway Waste Management Limited (AUS),140221.46,2025-01-11,3556
INV54906,Civil infrastructure services,Citywide Service Solutions Pty Ltd,170293.8,15 March 2029,3665
INV54907,Street cleaning,Citywide Service Solutiops Pty Ltd,"$62,570.43",31/10/2029, 
INV54908,Graffiti management and pressure cleaning services,Calcorp Services Pty Ltd,"$182,396.88",2025-11-04,3668
INV54909,Building cleaning services,Menzies International (Aust) Pty Ltd (AUS),0.0m,10/05/2026, 
INV54910,Graffiti management and pressure cleaning services,Calcorp Services Pty Ltd,0.2m,10 June 2028,3668
INV54911,Integrated security services,NATIONAL PROTECTIVE SERVICES PTY LTD,119425.65,2028-08-13,3686
INV54912,Open spaces management - region 2,SERCO,85341.17,02-Oct-2027,3677
INV54913,Integrated security services,national protective services pty ltd,3623.08,2025-05-12,3686
INV54914,Melbourne Town Hall venue management,Showtime  Event  Group  Pty  Ltd,147366.09,17-Feb-2029,3670
INV54915,Building maintenance services,Programmed Facility Management P/L,137075.61,04 September 2026,3630
INV54916,Tree management maintenance services,Citywide Skrvice Solutions Pty Ltd,226351.58,2028-05-30,3678
INV54917,Melbourne Town Hall venue management,SHOWTIME EVENT GROUP PTY LTD,155944.85 AUD,18/06/2029,3670
INV54918,Building maintenance services,programmed facility management pty ltd,0.2m,11-Feb-2026,3630
INV54919,Street cleaning,Spotless,0.2m,2027-10-13,3669
INV54920,Melbourne Town Hall venue management,Showtime Ekent Group Pty Ltd,"$49,258.0",12/08/2028,3670
INV54921,Integrated security services,Natwonal Protective Services Pty Ltd,0.2m,09/09/2025,3686
INV54922,Waste management services,Cleanaway Waste Management Ltd,12943.35,12/11/2025,3556
INV54923,Vehicle tow away and impound services,Nationwide Towing Services,"$84,049.06",27/04/17,3585
INV54924,Melbourne Town Hall venue management,showtime event group pty ltd,156696.6,20 August 2029,3670
INV54925,Integrated security services,National Protective Services Pty. Ltd.,214151.13,05-Aug-2028,3686
INV54926,Building cleaning services,Menzies International (Aust) Pty. Ltd.,97213.88,08/04/2028,3634
INV54927,Street cleaning,lpotless Facility Services Pty Ltd,,2028-10-04,3669
INV54928,Parking technology services,REINO INTERNATIONAL PTY LTD T/A DUNCAN SOLUTIONS,133947.61,27/11/2028,3623
INV54929,Graffiti management and pressure cleaning services,Victorian YMCA Community Programming Pty Ltd (AU),92225.48,25/04/07,3615
INV54930,Melbourne Town Hall venue management,ShowtimeEventGroupPtyLtd,"$35,810.59",08-Jun-2026,3670
INV54931,Building maintenance services,PROGRAMMED FACILITY MANAGEMENT PTY LTD,0.0m,2028-09-24,3630
INV54932,Building cleaning services,Menzies International (Aust) Pty Ltd (AUS),23457.38,26/09/03,3634
INV54933,Civil infrastructure services,Citywide  Service  Solutions  Pty  Ltd,0.1m,05/02/2027,3665
INV54934,Management of Active Melbourne recreation facilities,Victorian YMCA Community Programming Pty Lty,132576.83 AUD,27 August 2029,3615
INV54935,Open spaces management - region 1,Citywide  Service  Solutions  Pty  Ltd,"$76,244.29",28/06/26,3676
INV54936,Melbourne Town Hall venue management,ShowtimeEventGroupPtyLtd,90339.17,29-Oct-2029,3670
INV54937,Open spaces management - region 1,Citywide Servnce Solutions Pty Ltd,65316.84 AUD,09/01/2028,3676
INV54938,Waste management services,Cleanaway Waste Management Limited (AU),"$14,164.21",27 June 2027,3556
INV54939,Melbourne Town Hall venue management,Showtime Event,116817.06,10 April 2028,3670
INV54940,Building cleaning services,Menzies International (Aust) Pty Ltd (AUS),217819.87,11-Apr-2025,3634
INV54941,Tree management maintenance services,Citywide Service Solutions Pty Ltd (AUS),0.1m,14-Dec-2028,3678
INV54942,Integrated security services,National Protective Services Pty Ltd (AU),33787.98,17/06/2025,3686
INV54943,Street cleaning,Spotless  Facility  Services  Pty  Ltd,94645.95 AUD,09/08/2026,3669
INV54944,Graffiti management and pressure cleaning services,CALCORP SERVICES PTY LTD,0.2m,28/11/09,3668
INV54945,Melbourne Town Hall venue management,Showtime Event Group Pty Ltd,155545.88,28/08/10,3670
INV54946,Waste management services,Cleanaway Waste Management Limited (AU),118142.15 AUD,12/10/2026,3556
INV54947,Waste management services,Reino International Pty Ltd v/A Duncan Solutions,"$16,030.94",07 January 2027, 
INV54948,Civil infrastructure services,Citywide Service Solutions Pty Ltd (AU),128962.86 AUD,16-Dec-2029,3665
INV54949,Open spaces management - region 1,CITYWIDE SERVICE SOLUTIONS PTY LTD,221179.92,,3676
INV54950,Civil infrastructure services,Citywide Service Solutions Pty Ltd,0.2m,29/06/06,3665
INV54951,Building maintenance services,programmed facility management pty ltd,0.1m,2026-08-09,3630
INV54952,Melbourne Town Hall venue management,Showtime Event Grokp Pty Ltd,152618.38 AUD,11/01/2026,3670
INV54953,Vehicle tow away and impound services,Nationwide Towing Services (AU),182384.35,20 May 2028,3585
INV54954,Open spaces management - region 1,Citywide Service Solutions Pty Ltd,"$100,977.07",30/09/2029,3676
INV54955,Vehicle tow away and impound services,Menzies International (Aust) Pty. Ltd.,"$53,152.87",28/08/14,3634
INV54956,Vehicle tow away and impound services,Nationwide Towing Services (AUS),226154.41,16 December 2029,3585
INV54957,Building maintenance services,ProgrammedFacilityManagementPtyLtd,0.0m,05-May-2029,3630
INV54958,Tree management maintenance services,Citywide Service Solutions Pty Ltd,208399.48 AUD,19/04/2028,3678
INV54959,Vehicle tow away and impound services,Nationwide Towing Services (AU),0.2m,23/12/2025,3585
INV54960,Integrated security services,national protective services pty ltd,117620.3,25/05/2027,3686
INV54961,Street cleaning,Spotless Facility Services P/L,54577.87 AUD,28-Dec-2028,3669
INV54962,Waste management services,Cleanaway Waste Management Limited (AU),217110.94 AUD,09/10/2028,3556
INV54963,Open spaces management - region 2,serco,828.53,27/06/2028,3677
INV54964,Street cleaning,Spotless,"$155,920.49",26/09/12,3669
INV54965,Graffiti management and pressure cleaning services,Calcorp Services Pty Ltd,119646.28,26/11/11,3668
INV54966,Vehicle tow away and impound services,Nationwide Towing Services (AU),"$143,495.65",2027-12-20,3585
INV54967,Open spaces management - region 2,Calcorp,235867.26 AUD,26/03/2025,3668
INV54968,Building cleaning services,Menzies International (Aust) Pty Ltd (AU),0.1m,27/02/03,3634
INV54969,Melbourne Town Hall venue management,Showtime Event Group Pty Ltd (AU),117265.43,19-Nov-2027,3670
INV54970,Waste management services,Cleanaway  Waste  Management  Limited,59484.48 AUD,17-Jul-2028,3556
INV54971,Open spaces management - region 2,Citywide Service Solutions Pty Ltd,34120.92 AUD,2026-02-21, 
INV54972,Graffiti management and pressure cleaning services,Calcorp,66946.06 AUD,25-Sep-2029,3668
INV54973,Management of Active Melbourne recreation facilities,CALCORP SERVICES PTY LTD,101196.06 AUD,16/09/2028,3668
INV54974,Open spaces management - region 1,citywide service solutions pty ltd,89085.85,2026-07-03,3676
INV54975,Graffiti management and pressure cleaning services,calcorp services pty ltd,80819.39 AUD,2025-11-23,3668
INV54976,Open spaces management - region 1,Citywide Service Solutions Pty Ltd,"$218,647.52",22/09/2026,3676
INV54977,Building cleaning services,Menzies International (Aust) Pty Ltd,71903.13,01/01/2028,3634
INV54978,Vehicle tow away and impound services,NATIONWIDE TOWING SERVICES,0.0m,29/03/2026,3585
INV54979,Parking technology services,Reino Intl Pty Ltd T/A Duncan Solutions,"$165,613.84",05 November 2026,3623
INV54980,Building maintenance services,Programmed  Facility  Management  Pty  Ltd,231336.84,06-Dec-2027,3630
INV54981,Management of Active Melbourne recreation facilities,Victorian YMCA Communi,37078.76 AUD,13 March 2026,3615
INV54982,Melbourne Town Hall venue management,Showtime Edent Group Pty Ltd,48882.2 AUD,22 July 2027,3670
INV54983,Building maintenance services,Programmed Facility Management P/L,63441.38,2028-05-22, 
INV54984,Graffiti management and pressure cleaning services,Calcorp Services Pty Ltd (AU),58083.03 AUD,31/12/2025,3668
INV54985,Open spaces management - region 2,SERCO,62744.96,18/05/2028,3677
INV54986,Integrated security services,Menzies International (Aust) P/L,0.2m,2025-12-28,3634
INV54987,Management of Active Melbourne recreation facilities,Victorian,0.1m,21/09/2026,3615
INV54988,Civil infrastructure services,CitywideServiceSolutionsPtyLtd,63395.84,29/06/2026,3665
INV54989,Integrated security services,National Protective Services Pty. Ltd.,"$84,640.04",03-Feb-2029,3686
INV54990,Street cleaning,spotless facility services pty ltd,135275.64,2026-05-02,3669
INV54991,Open spaces management - region 1,Citywide  Service  Solutions  Pty  Ltd,122457.84,16-Aug-2027,3676
INV54992,Open spaces management - region 1,Citywide Service ,0.1m,21 December 2025,3676
INV54993,Graffiti management and pressure cleaning services,Calcorp Serv,156221.53 AUD,04-Jul-2027,3668
INV54994,Open spaces management - region 1,citywide service solutions pty ltd,123795.05,04-Apr-2028,3676
INV54995,Melbourne Town Hall venue management,ShowtimeEventGroupPtyLtd,62444.45 AUD,24-Jul-2029,3670
INV54996,Open spaces management - region 1,Citywide Service ,"$210,987.12",25/07/16, 
INV54997,Waste management services,Cleanaway Waste M,"$113,696.2",08/04/2028,3556
INV54998,Melbourne Town Hall venue management,SHOWTIME EVENT GROUP PTY LTD,235028.23 AUD,15 February 2028,3670
INV54999,Vehicle tow away and impound services,Nationwide Towing Services,0.2m,08 October 2026,3585
INV55000,Building maintenance services,Programmed Facility Management Pty Ltd (AUS),70488.62 AUD,28-Dec-2028,3630
