InvoiceID,ContractTitle,Provider,InvoiceAmount,InvoiceDate,ContractNumber
INV318001,Tree management maintenance services,Citywide Service Solutions Pty. Ltd.,"$115,339.97",2027-09-15,3678
INV318002,Building maintenance services,Programmed Facility,213638.09 AUD,2026-07-04,3630
INV318003,Civil infrastructure services,Citywide Service Solutions Pty Ltd,132545.78,2029-12-21,3665
INV318004,Building cleaning services,Menzies International (Aust) Pty. Ltd.,0.1m,07 June 2026,3634
INV318005,Vehicle tow away and impound services,Nationwide  Towing  Services,0.0m,10/02/2029, 
INV318006,Tree management maintenance services,Citywide,121356.06,25/04/19,3678
INV318007,Open spaces management - region 1,citywide service solutions pty ltd,71030.16,10/02/2029,3676
INV318008,Graffiti management and pressure cleaning services,Reino International Pty ,"$3,581.5",25/08/28,3623
INV318009,Open spaces management - region 1,Citywide Service Solutions P/L,79772.08 AUD,16-Nov-2027,3676
INV318010,Tree management maintenance services,Citywide  Service  Solutions  Pty  Ltd,227937.42 AUD,06/11/2025,3678
INV318011,Graffiti management and pressure cleaning services,Calcorp Services Pty Ltd (AUS),167701.82 AUD,24/11/2025,3668
INV318012,Parking technology services,reino international pty ltd t/a duncan solutions,163779.01,02-May-2028,3623
INV318013,Open spaces management - region 1,Citywide Service Solutions Pty Ltd,110626.04 AUD,27/04/15,3676
INV318014,Building maintenance services,Programmed Facility Management Pty Ltd,16812.5 AUD,11 June 2029, 
INV318015,Parking technology services,Reino International Pty Ltd T/A Duncan Solutions (AU),8871.86 AUD,26/12/17,3623
INV318016,Management of Active Melbourne recreation facilities,SERCO (AU),218697.19,10-Aug-2027,3677
INV318017,Open spaces management - region 1,CitywideServiceSolutionsPtyLtd,156815.19,2029-07-20,3676
INV318018,Integrated security services,National Protective Secvices Pty Ltd,95255.21,05 February 2025,3686
INV318019,Management of Active Melbourne recreation facilities,Victorian Ymca Community Programming Pty Ltd,0.0m,16/04/2025,3615
INV318020,Vehicle tow away and impound services,Nationwide Towing Services,123854.85,25 July 2028,3585
INV318021,Parking technology services,Reino  International  Pty  Ltd  T/A  Duncan  Solutions,6368.33,28/04/06,3623
INV318022,Integrated security services,NationalProtectiveServicesPtyLtd,"$213,176.14",28/11/06,3686
INV318023,Integrated security services,National Protective Services Pty Ltd (AU),0.1m,2028-11-16,3686
INV318024,Vehicle tow away and impound services,Nationwide Towing Services,0.0m,24/07/2025,3585
INV318025,Management of Active Melbourne recreation facilities,Victorian YMCA Community Programming P/L,46187.08 AUD,17/07/2027,3615
INV318026,Graffiti management and pressure cleaning services,Calcorp Services Ptw Ltd,76633.91,29/04/2027,3668
INV318027,Street cleaning,spotless facility services pty ltd,"$101,185.18",12 August 2027,3669
INV318028,Vehicle tow away and impound services,Nationwide Towing Services (AU),"$23,258.55",29/11/2026,3585
INV318029,Graffiti management and pressure cleaning services,Calcorp Services P/L,108809.6 AUD,07/09/2027,3668
INV318030,Management of Active Melbourne recreation facilities,Victorian YMCA Community Programming Pty Ltd (AUS),"$49,378.54",26/03/29,3615
INV318031,Integrated security services,National,231268.55 AUD,27/01/02,3686
INV318032,Building cleaning services,menzies international (aust) pty ltd,"$25,056.02",06 February 2026,3634
INV318033,Graffiti management and pressure cleaning services,Calcorp,86942.99,29/11/07,3668
INV318034,Tree management maintenance services,Citywide Service Solutions P/L,140216.01,25-Jul-2029,3678
INV318035,Graffiti management and pressure cleaning services,Calcorp Services Pty Ltd (AUS),222127.1,09/10/2025,3668
INV318036,Building maintenance services,Programmed Facility oanagement Pty Ltd,80917.56,08/07/2027,3630
INV318037,Parking technology services,serco,"$120,909.9",03/07/2028,3677
INV318038,Building maintenance services,Programmed Faciliry Management Pty Ltd,169689.42,26/10/19,3630
INV318039,Waste management services,Cleanaway Waste Management LTD,91820.5 AUD,14 November 2028,3556
INV318040,Management of Active Melbourne recreation facilities,Victorian YMCA Community Programming P/L,135942.07,27/10/27,3615
INV318041,Vehicle tow away and impound services,NationwideoTowing Services,"$57,513.66",02/02/2029,3585
INV318042,Building cleaning services,Menzies Int’l (Aust) Pty Ltd,53730.56,17/09/2025,3634
INV318043,Tree management maintenance services,CITYWIDE SERVICE SOLUTIONS PTY LTD,237022.56,09/11/2026,3678
INV318044,Open spaces management - region 1,Citywide Service Solutions Pty. Ltd.,96695.68,2027-01-26,3676
INV318045,Open spaces management - region 2,SERCO,208185.72,22/11/2028,3677
INV318046,Melbourne Town Hall venue management,Showtime Event Group Pty Ltd,,14-Feb-2025,3670
INV318047,Integrated security services,National Protective Services Pty Ltd,"$141,668.53",20-Oct-2028,3686
INV318048,Management of Active Melbourne recreation facilities,VICTORIAN YMCA COMMUNITY PROGRAMMING PTY LTD,"$219,728.16",29/04/12,3615
INV318049,Vehicle tow away and impound services,Nationwide oowing Services,230502.83,18-Apr-2028,3585
INV318050,Waste management services,Cleanaway Waste M,0.0m,08 December 2025,3556
INV318051,Waste management services,Cleanaway  Waste  Management  Limited,197848.23 AUD,2028-11-22,3556
INV318052,Street cleaning,SpotlessFacilityServicesPtyLtd,232743.74 AUD,04/08/2027,3669
INV318053,Civil infrastructure services,Citywide Service ,0.2m,25/10/07,3665
INV318054,Building cleaning services,Menzies  International  (Aust)  Pty  Ltd,222694.39,26/04/24,3634
INV318055,Integrated security services,National Protective Services Pty Ltd,165048.33,18 September 2028,3686
INV318056,Open spaces management - region 2,SERCO,150223.02,22/12/2026,3677
INV318057,Open spaces management - region 1,CITYWIDE SERVICE SOLUTIONS PTY LTD,"$127,247.57",25/12/08,3676
INV318058,Street cleaning,Spotless Facility Services Pty Ltd,222424.3 AUD,04/08/2028, 
INV318059,Integrated security services,Programmed Facility Management Pty. Ltd.,"$159,116.01",09 August 2025,3630
INV318060,Graffiti management and pressure cleaning services,Calcorp Services P/L,"$183,795.0",28/09/01,3668
INV318061,Integrated security services,Citywide Service ,55963.74,2029-02-17,3678
INV318062,Street cleaning,Spotless  Facility  Services  Pty  Ltd,33030.65,29/10/10,3669
INV318063,Street cleaning,Spotless Facility Services Pty. Ltd.,249021.7,04 November 2029,3669
INV318064,Open spaces management - region 2,SERCO (AUS),144163.84,26/09/07,3677
INV318065,Open spaces management - region 1,CITYWIDE SERVICE SOLUTIONS PTY LTD,"$223,635.14",26/12/2026,3676
INV318066,Street cleaning,Spotless Facility Services Pty. Ltd.,230247.89 AUD,27/12/2026,3669
INV318067,Street cleaning,Spotless Facility Services Pty Ltd (AU),195275.01,31/10/2028,3669
INV318068,Integrated security services,National Protective Services Pty Ltd,196832.55,2029-11-02,3686
INV318069,Open spaces management - region 2,Citywide,0.1m,29/12/20,3678
INV318070,Tree management maintenance services,Citywide Service Solutions P/L,187410.06,01-Jun-2027,3678
INV318071,Open spaces management - region 1,Citywide,"$166,827.79",27/07/03,3676
INV318072,Management of Active Melbourne recreation facilities,Victorian YMCA Community Programming Pty. Ltd.,132263.76,18 September 2027,3615
INV318073,Civil infrastructure services,Citywide Service Solutions Pty. Ltd.,0.1m,24/03/2025,3665
INV318074,Building cleaning services,Menzies International (Aust) Pty. Ltd.,113935.97 AUD,28 September 2027,3634
INV318075,Waste management services,Cleanaway Waste Management Limited (AU),57035.99,01/02/2028,3556
INV318076,Melbourne Town Hall venue management,Showtime Event Group Pty Ltd,69352.67 AUD,11-Jan-2029,3670
INV318077,Vehicle tow away and impound services,Nationwide Towing Services,10463.43 AUD,2026-03-13,3585
INV318078,Open spaces management - region 2,SERCO,29840.45,26/10/02,3677
INV318079,Tree management maintenance services,Citywide Service Solutions Pty Ltd (AUS),51903.27,28/06/02,3678
INV318080,Integrated security services,National Protective Services Pty Ltd,"$99,068.51",28/01/03,3686
INV318081,Open spaces management - region 2,SERCO,0.0m,2027-08-25,3677
INV318082,Waste management services,Cleanaway Waste Management Ltd,0.1m,29/07/26,3556
INV318083,Building maintenance services,Programmed Facility Management Pty Ltd,235972.58,27/06/25,3630
INV318084,Building cleaning services,Menzies International (Aust) Pty. Ltd.,103677.44,18 February 2029,3634
INV318085,Waste management services,Cleanaway Waste Management Limited,182965.97,10-Aug-2025,3556
INV318086,Open spaces management - region 1,Citywide Service Solutions Pty Ltd (AUS),90934.12 AUD,01-Mar-2029,3676
INV318087,Tree management maintenance services,Citywide Service Solutions Pty Ltd,44762.82 AUD,15/07/2026,3678
INV318088,Integrated security services,National Protectiv,132920.35,25/09/25,3686
INV318089,Management of Active Melbourne recreation facilities,Victorian YMCA Community Programming Pty. Ltd.,178384.63 AUD,29/10/16,3615
INV318090,Melbourne Town Hall venue management,Showtime Event Group Pty Ltd,"$232,729.96",2028-09-03,3670
INV318091,Graffiti management and pressure cleaning services,Calcorp Services tty Ltd,127757.13,20-Jan-2027,3668
INV318092,Management of Active Melbourne recreation facilities,Victorian YMCA Community Programming Pty Ltd (AUS),"$199,638.27",2027-02-16,3615
INV318093,Civil infrastructure services,Citywide Service Solutmons Pty Ltd,"$60,443.47",04 September 2025,3665
INV318094,Integrated security services,National  Protective  Services  Pty  Ltd,131062.28,2025-11-30,3686
INV318095,Melbourne Town Hall venue management,ShowtimeEventGroupPtyLtd,"$166,202.34",30-Jan-2028,3670
INV318096,Melbourne Town Hall venue management,Showtime Event,0.1m,09-Sep-2027,3670
INV318097,Open spaces management - region 1,Citywide  Service  Solutions  Pty  Ltd,34745.66,01 September 2028,3676
INV318098,Open spaces management - region 1,CITYWIDE SERVICE SOLUTIONS PTY LTD,18762.6,2026-11-06,3676
INV318099,Civil infrastructure services,Citywide Service Solutions Pty Ltd,131584.78,01/12/2027, 
INV318100,Melbourne Town Hall venue management,Showtime,"$21,565.85",10-Oct-2028,3670
INV318101,Tree management maintenance services,CITYWIDE SERVICE SOLUTIONS PTY LTD,"$56,212.61",27/07/03,3678
INV318102,Melbourne Town Hall venue management,Showtime Event Group Pty Ltd,"$234,536.34",2029-02-17,3670
INV318103,Management of Active Melbourne recreation facilities,Victorian YMCA Community Programming Pty Ltd,"$120,569.3",06 February 2026,3615
INV318104,Tree management maintenance services,Citywide Service Solutions Pty. Ltd.,0.1m,,3678
INV318105,Vehicle tow away and impound services,Nationwide Towing Services (AUS),141788.3,10/08/2028,3585
INV318106,Graffiti management and pressure cleaning services,Calcorp Services Pty Ltd,78576.56,01/11/2028,3668
INV318107,Street cleaning,showtime event group pty ltd,"$133,467.38",14 February 2027,3670
INV318108,Tree management maintenance services,citywide service solutions pty ltd,243269.55,06 January 2028,3678
INV318109,Parking technology services,Reino International Pty Ltd T/A Duncan Solutions,163122.6,2026-09-20,3623
INV318110,Building maintenance services,Programmed,238478.33,31/10/2028,3630
INV318111,Management of Active Melbourne recreation facilities,Citywide Service Solutions Pty Ltd,"$61,296.92",30-Jul-2028,3678
INV318112,Integrated security services,National Protective Services Pty Ltd,"$11,746.7",07/01/2025, 
INV318113,Building cleaning services,Menzies International (Aust) Pty. Ltd.,"$120,256.78",26/08/12,3634
INV318114,Graffiti management and pressure cleaning services,Calcorp Serv,0.2m,2028-04-10,3668
INV318115,Open spaces management - region 1,Citywide Service SolutionsbPty Ltd,126892.21,19/09/2028,3676
INV318116,Graffiti management and pressure cleaning services,Calcorp,14537.89 AUD,21/10/2025,3668
INV318117,Tree management maintenance services,CITYWIDE SERVICE SOLUTIONS PTY LTD,164329.19 AUD,17/09/2026,3678
INV318118,Melbourne Town Hall venue management,Showtime Event Group P/L,"$196,576.29",12/02/2027,3670
INV318119,Graffiti management and pressure cleaning services,calcorp services pty ltd,0.2m,17/11/2029,3668
INV318120,Management of Active Melbourne recreation facilities,Victorian YMCA Community Programmirg Pty Ltd,0.0m,09/09/2029, 
INV318121,Open spaces management - region 2,SERCO (AU),69505.94,15/05/2025,3677
INV318122,Melbourne Town Hall venue management,showtime event group pty ltd,"$59,722.88",2027-09-08,3670
INV318123,Building maintenance services,Programmed Facility Management Pty Ltd (AUS),222156.49,11/08/2027,3630
INV318124,Integrated security services,National Protective Services Pty Ltd,112227.24,06-Jul-2028,3686
INV318125,Melbourne Town Hall venue management,Showtime  Event  Group  Pty  Ltd,"$54,904.11",2028-09-09,3670
INV318126,Parking technology services,Reino Internationad Pty Ltd T/A Duncan Solutions,102151.81,19/04/2027,3623
INV318127,Waste management services,Cleanaway Waste M,"$206,859.46",28-Apr-2027,3556
INV318128,Vehicle tow away and impound services,NATIONWIDE TOWING SERVICES,"$59,098.46",17-Mar-2026,3585
INV318129,Building cleaning services,Menzies International (Aust) Pty Ltd,15654.64 AUD,02-Feb-2028,3634
INV318130,Management of Active Melbourne recreation facilities,Victorian Ymca Community Programming Pty Ltd,12015.99,2028-01-26,3615
INV318131,Management of Active Melbourne recreation facilities,Victorian YMCA Community Programming Pty Ltd (AUS),0.1m,10 May 2025,3615
INV318132,Graffiti management and pressure cleaning services,Calcorp Services Pty Ltd (AU),121708.35 AUD,01 February 2029,3668
INV318133,Tree management maintenance services,Citywide Service Solutions Pty. Ltd.,134678.83,15/10/2026,3678
INV318134,Street cleaning,Spotless Facility bervices Pty Ltd,"$125,482.69",23/03/2028,3669
INV318135,Vehicle tow away and impound services,Nationwide Towing Services (AUS),97885.44,26 December 2026,3585
INV318136,Building maintenance services,Programmed Facility,169212.89,05-Feb-2028,3630
INV318137,Tree management maintenance services,Citywide Service Solutions Pty Ltd (AU),172829.11,26/03/09,3678
INV318138,Open spaces management - region 1,Citywide Service Solutions Pty. Ltd.,0.1m,2026-11-01,3676
INV318139,Street cleaning,Spotless Facility Services Pty Ltd (AU),153111.33,04/09/2026, 
INV318140,Open spaces management - region 1,Citywide Service ,"$204,209.38",27/12/03, 
INV318141,Integrated security services,National Protective Services Pty Ltd (AUS),"$159,218.59",18/06/2029,3686
INV318142,Building maintenance services,ProgrammedFacilityManagementPtyLtd,121831.94 AUD,05 July 2027,3630
INV318143,Civil infrastructure services,Citywide  Service  Solutions  Pty  Ltd,203158.68 AUD,17/12/2028,3665
INV318144,Melbourne Town Hall venue management,Showtime  Event  Group  Pty  Ltd,106239.62 AUD,01 April 2025,3670
INV318145,Open spaces management - region 1,Citywide,"$126,217.47",19/09/2028,3676
INV318146,Building cleaning services,Menzies Int’l (Aust) Pty Ltd,230921.71 AUD,28/12/03,3634
INV318147,Melbourne Town Hall venue management,Showtime Event Group Pty Ltd,230781.33,06 March 2029,3670
INV318148,Graffiti management and pressure cleaning services,Calcoro Services Pty Ltd,111440.64 AUD,02/07/2026,3668
INV318149,Civil infrastructure services,Citywide Svrvice Solutions Pty Ltd,"$49,401.03",,3665
INV318150,Management of Active Melbourne recreation facilities,victorian ymca community programming pty ltd,102915.35,16/02/2026,3615
INV318151,Open spaces management - region 2,SERCO,"$240,656.74",21 September 2027,3677
INV318152,Tree management maintenance services,Citywide Service Solutions Pty. Ltd.,"$53,878.88",27/10/22,3678
INV318153,Street cleaning,Spotless  Facility  Services  Pty  Ltd,227399.08,28/08/18,3669
INV318154,Vehicle tow away and impound services,nationwide towing services,174553.01,25-Jan-2026,3585
INV318155,Civil infrastructure services,Citywide Service Solutions Pty Ltd,0.2m,07/01/2026,3665
INV318156,Street cleaning,Spotless Facility Services Pty Ltd,87848.01,22 December 2026,3669
INV318157,Management of Active Melbourne recreation facilities,Victorian YMCA Community Programming Pty. Ltd.,17153.73 AUD,24/11/2026,3615
INV318158,Integrated security services,National Protkctive Services Pty Ltd,201484.14,04-Aug-2029,3686
INV318159,Building maintenance services,Programmed,25089.85 AUD,26/08/01,3630
INV318160,Vehicle tow away and impound services,nationwide towing services,82548.91 AUD,27/11/04, 
INV318161,Integrated security services,NationalProtectiveServicesPtyLtd,232794.96,27/06/13,3686
INV318162,Graffiti management and pressure cleaning services,CALCORP SERVICES PTY LTD,181814.19,21 June 2025,3668
INV318163,Parking technology services,Reino International Pty Ltd T/A Duncan Solutions,193790.55,2025-04-11,3623
INV318164,Parking technology services,Reino International P/L T/A Duncan Solutions,0.1m,07/11/2027,3623
INV318165,Building cleaning services,Menzies International (Aust) Pty Ltd,128709.26,17/07/2028,3634
INV318166,Civil infrastructure services,Citywide Service Solutions Pty Ltd (AUS),"$61,266.59",14/01/2028,3665
INV318167,Street cleaning,spotless facility services pty ltd,106373.23 AUD,2025-10-28,3669
INV318168,Civil infrastructure services,Citywide Service Solutions Pty Ltd (AU),197216.82 AUD,2029-07-10,3665
INV318169,Open spaces management - region 1,Citywide Service Solutions Pty Ltd (AUS),177667.55,2025-11-21,3676
INV318170,Building maintenance services,Programmed Facility Management Pty Ltd,0.1m,10/04/2026,3630
INV318171,Vehicle tow away and impound services,Menzies International (Aust) Pty Ltd,146526.27 AUD,29/03/14,3634
INV318172,Street cleaning,spotless facility services pty ltd,"$227,028.55",2026-10-21,3669
INV318173,Parking technology services,Reino International Pty. Ltd. T/A Duncan Solutions,"$151,509.39",28/01/26,3623
INV318174,Graffiti management and pressure cleaning services,CalcorpServicesPtyLtd,238472.26,19/10/2026,3668
INV318175,Open spaces management - region 2,SERCO (AUS),"$104,298.76",26-Jun-2027,3677
INV318176,Building cleaning services,Menzies International (Aust) Pty Ltd (AUS),0.1m,25/04/18,3634
INV318177,Management of Active Melbourne recreation facilities,Victorian  YMCA  Community  Programming  Pty  Ltd,164590.41,01-Mar-2027,3615
INV318178,Management of Active Melbourne recreation facilities,victorian ymca community programming pty ltd,0.1m,25/07/2026,3615
INV318179,Civil infrastructure services,CitywideServiceSolutionsPtyLtd,34391.31 AUD,12/01/2026,3665
INV318180,Open spaces management - region 1,Programmed Facility Management Pty Ltd (AUS),3251.03,2025-08-04,3630
INV318181,Building maintenance services,Programmed Facility Management Pty Ltd,0.1m,14/03/2027,3630
INV318182,Parking technology services,Reino International P/L T/A Duncan Solutions,7011.07 AUD,27/02/28,3623
INV318183,Building cleaning services,Menzies  International  (Aust)  Pty  Ltd,125954.99,14-Jun-2029, 
INV318184,Building maintenance services,PROGRAMMED FACILITY MANAGEMENT PTY LTD,32214.33,2025-03-09,3630
INV318185,Management of Active Melbourne recreation facilities,Victorian YMCA Community Programming Pty Ltd (AUS),"$42,661.28",15 May 2027,3615
INV318186,Building cleaning services,Menzies,0.0m,31 March 2026,3634
INV318187,Open spaces management - region 1,CitywideServiceSolutionsPtyLtd,17311.65 AUD,18/03/2026,3676
INV318188,Open spaces management - region 1,Citywide Service Solutions Pty Ltd,138737.23,11/01/2029,3676
INV318189,Melbourne Town Hall venue management,Showtime Event Group Pty Ltd,238416.74,2025-02-13,3670
INV318190,Waste management services,CLEANAWAY WASTE MANAGEMENT LIMITED,44304.5,,3556
INV318191,Graffiti management and pressure cleaning services,Calcorp Services Pty Ltd (AUS),0.0m,14 September 2026,3668
INV318192,Waste management services,Cleanaway Waste Management Limited (AU),146861.77,15/04/2027,3556
INV318193,Management of Active Melbourne recreation facilities,Victorian YMCA Community Programming Pty Ltd,107228.12,07/04/2029,3615
INV318194,Tree management maintenance services,Citywide Service ,180174.7,23/09/2027, 
INV318195,Integrated security services,NationalProtectiveServicesPtyLtd,"$120,335.18",16/12/2029,3686
INV318196,Vehicle tow away and impound services,Nationwide Towing Services (AUS),215814.77 AUD,31-Dec-2027,3585
INV318197,Integrated security services,NATIONAL PROTECTIVE SERVICES PTY LTD,19496.33 AUD,23/03/2028,3686
INV318198,Open spaces management - region 2,SERCO,0.2m,26-Aug-2025,3677
INV318199,Tree management maintenance services,Citywide Service Solutions Pty Ltd (AU),163917.7,28-Jan-2028,3678
INV318200,Street cleaning,Spotless  Facility  Services  Pty  Ltd,189502.98 AUD,27/10/19,3669
INV318201,Vehicle tow away and impound services,Nationwidq Towing Services,21223.66,2025-04-18,3585
INV318202,Melbourne Town Hall venue management,Showtime Event Group Pty Ltd,31395.06,17/07/2025,3670
INV318203,Parking technology services,Reino International Pty ,170005.94 AUD,2027-07-13,3623
INV318204,Building cleaning services,Nationwide Towing Services,"$246,473.04",08/01/2027,3585
INV318205,Civil infrastructure services,Citywide Service Solutions Pty Ltd (AU),,23/06/2026,3665
INV318206,Tree management maintenance services,CITYWIDE SERVICE SOLUTIONS PTY LTD,"$4,288.91",27/11/30,3678
INV318207,Graffiti management and pressure cleaning services,Calcorp Services Pty Ltd,0.1m,24/09/2026,3668
INV318208,Melbourne Town Hall venue management,Showtime Event Group Pty Ltd,"$231,749.34",2029-03-09,3670
INV318209,Civil infrastructure services,Citywide Service Solutions Pty Ltd (AUS),3926.3 AUD,10/05/2029,3665
INV318210,Management of Active Melbourne recreation facilities,Victorian YMCA Community Programming Pty Ltd,3047.17 AUD,24-Jun-2028,3615
INV318211,Tree management maintenance services,Citywide Service Solutions Pty Ltd (AUS),65844.03,,3678
INV318212,Street cleaning,spotless facility services pty ltd,205568.23,11-Mar-2027,3669
INV318213,Waste management services,Cleanaway Waste Management Limited,0.1m,04/09/2029,3556
INV318214,Building maintenance services,Programmed Facility Management Pty Ltd (AUS),61396.36 AUD,28/02/28,3630
INV318215,Building cleaning services,menzies international (aust) pty ltd,3529.02 AUD,27/08/11,3634
INV318216,Waste management services,Cleanaway Waste Mgmt Limited,125940.21,15/05/2029,3556
INV318217,Open spaces management - region 2,SERCO,178260.95,13 December 2028,3677
INV318218,Building maintenance services,Programmed Facility Management P/L,"$186,819.2",30-Jul-2029,3630
INV318219,Building cleaning services,Menzies International (Aust) Pty. Ltd.,244174.78 AUD,27/06/2028,3634
INV318220,Tree management maintenance services,Citywide Service ,"$29,408.95",2028-02-16,3678
INV318221,Parking technology services,REINO INTERNATIONAL PTY LTD T/A DUNCAN SOLUTIONS,131083.24 AUD,28/06/20,3623
INV318222,Civil infrastructure services,Citywide Service Solutions P/L,90303.93 AUD,15/03/2028,3665
INV318223,Parking technology services,Reino International Pty Ltd T/A Duncan Solutions,193137.71,26/10/12,3623
INV318224,Waste management services,Calcorp Services Pty. Ltd.,132369.07,30 August 2029,3668
INV318225,Building cleaning services,Menzies International (Aust) Pty. Ltd.,42182.02,23/10/2025,3634
INV318226,Building maintenance services,Programsed Facility Management Pty Ltd,0.2m,12-Jan-2029, 
INV318227,Graffiti management and pressure cleaning services,Menzies International (Aust) Pty Ltd,"$206,186.86",26/09/27,3634
INV318228,Vehicle tow away and impound services,Nationwide Towing Services,"$226,960.18",27/02/01,3585
INV318229,Tree management maintenance services,citywide service solutions pty ltd,0.2m,31 December 2028,3678
INV318230,Building cleaning services,Menzies Internatio,"$247,903.05",16-Jan-2026,3634
INV318231,Tree management maintenance services,Citywide Service Solutions Pty Ltd (AU),77171.21 AUD,15/03/2026,3678
INV318232,Street cleaning,Spotless Facility Services Pty Ltd (AUS),"$199,422.4",2026-03-27,3669
INV318233,Waste management services,Cleanaway Waste Management Limited,"$119,427.31",28/02/14,3556
INV318234,Open spaces management - region 2,SERCm,240688.78,,3677
INV318235,Civil infrastructure services,Citywide Service Solutions Pty Ltd (AU),87992.91,2027-10-10,3665
INV318236,Melbourne Town Hall venue management,Showtime  Event  Group  Pty  Ltd,0.1m,16/02/2029,3670
INV318237,Graffiti management and pressure cleaning services,Calcorp Services Pty Ltd (AUS),33565.78,30 June 2026,3668
INV318238,Vehicle tow away and impound services,Citywide Service Solutions Pty Ltd,37192.89,19/10/2026,3678
INV318239,Street cleaning,Spotless Facility Services Pty Ltd (AU),8663.48 AUD,07-Jul-2027,3669
INV318240,Tree management maintenance services,CitywideServiceSolutionsPtyLtd,62660.64,02 November 2025,3678
INV318241,Civil infrastructure services,Nationwide Towing Services (AU),0.1m,2029-10-08,3585
INV318242,Waste management services,Cleanaway Waste Management Limited,0.2m,29/10/28,3556
INV318243,Tree management maintenance services,Citywide Service Solutions Pty Ltd,,2029-01-03,3678
INV318244,Open spaces management - region 1,Citywide Service Solutions P/L,"$168,818.79",02/02/2026,3676
INV318245,Graffiti management and pressure cleaning services,Calcorp,0.1m,23/11/2029,3668
INV318246,Melbourne Town Hall venue management,Showtime,36346.28 AUD,25/10/26,3670
INV318247,Melbourne Town Hall venue management,Showtime Event Group Pty Ltd,"$16,624.03",,3670
INV318248,Graffiti management and pressure cleaning services,Calcorp Services Pty. Ltd.,191250.6 AUD,2028-08-13,3668
INV318249,Tree management maintenance services,Citywide Service Solutions Pty Lgd,156925.58 AUD,2028-10-13,3678
INV318250,Open spaces management - region 2,SERCO (AU),40620.87,09-Dec-2028,3677
INV318251,Parking technology services,reino international pty ltd t/a duncan solutions,128169.31 AUD,30 March 2025,3623
INV318252,Civil infrastructure services,Citywide,204465.98,24 April 2026,3665
INV318253,Tree management maintenance services,Citywide Service Solutions Pty Ltd,247472.06,04 May 2025,3678
INV318254,Management of Active Melbourne recreation facilities,Victorian YMCA Community Programming Pty Ltd (AU),"$157,714.72",2027-11-29,3615
INV318255,Vehicle tow away and impound services,NATIONWIDE TOWING SERVICES,"$64,947.98",28-Apr-2029,3585
INV318256,Open spaces management - region 1,Citywide Service Solutions Pty Ltd,"$238,011.31",03 December 2029,3676
INV318257,Civil infrastructure services,Citywide Service Solutions Pty Ltd,0.1m,2026-03-27,3665
INV318258,Open spaces management - region 2,Citywide Service Solutions Pty Ltd,"$163,702.16",2027-10-23,3678
INV318259,Parking technology services,reino international pty ltd t/a duncan solutions,"$244,419.48",29/08/2029,3623
INV318260,Parking technology services,Reino International Pty. Ltd. T/A Duncan Solutions,"$51,958.43",28/02/2027,3623
INV318261,Melbourne Town Hall venue management,Showtime Event Group Pty Ltd,0.0m,20 February 2028,3670
INV318262,Waste management services,CLEANAWAY WASTE MANAGEMENT LIMITED,111615.29 AUD,17/02/2027,3556
INV318263,Integrated security services,National Protective Services Pty Ltd,"$43,787.28",24/09/2029,3686
INV318264,Integrated security services,national protective services pty ltd,123438.61 AUD,20-Nov-2027,3686
INV318265,Building cleaning services,Menzies Intl (Aust) Pty Ltd,"$13,126.37",2027-12-12, 
INV318266,Vehicle tow away and impound services,Nationwide Towing Services (AU),20616.05 AUD,26/02/17,3585
INV318267,Melbourne Town Hall venue management,Showtime Event Group Pty Ltd (AU),230080.91,2028-06-04,3670
INV318268,Graffiti management and pressure cleaning services,Calcorp Serv,"$155,298.57",28/11/05,3668
INV318269,Street cleaning,SpotlessFacilityServicesPtyLtd,63303.14,02/05/2029,3669
INV318270,Open spaces management - region 1,Citywide Service Solutions Pty. Ltd.,97946.7 AUD,20 July 2025,3676
INV318271,Graffiti management and pressure cleaning services,VICTORIAN YMCA COMMUNITY PROGRAMMING PTY LTD,26711.85,24 June 2027,3615
INV318272,Building maintenance services,Programmed Facility Management Pty Ltd,$260.38,28 July 2025,3630
INV318273,Melbourne Town Hall venue management,Showtime Event Group P/L,195402.46 AUD,2028-12-29, 
INV318274,Vehicle tow away and impound services,NATIONWIDE TOWING SERVICES,235618.48,2028-06-12,3585
INV318275,Management of Active Melbourne recreation facilities,Victorian Ymca Community Programming Pty Ltd,0.2m,20 May 2026,3615
INV318276,Graffiti management and pressure cleaning services,Calcorp Services Pty Ltd,"$233,685.07",28 March 2026,3668
INV318277,Management of Active Melbourne recreation facilities,Victorian YMCA Community Programming Pty Ltd (AUS),120899.47 AUD,24/09/2027,3615
INV318278,Building cleaning services,Menzies Internatio,135817.86 AUD,04/12/2025,3634
INV318279,Building maintenance services,ProgrammedFacilityManagementPtyLtd,187269.47 AUD,25/09/2026,3630
INV318280,Building maintenance services,Programmed  Facility  Management  Pty  Ltd,109668.88 AUD,11/05/2026,3630
INV318281,Graffiti management and pressure cleaning services,Calcorp Services Pty Ltd (AUS),"$77,427.43",03 May 2027,3668
INV318282,Graffiti management and pressure cleaning services,calcorp services pty ltd,235459.72,21 April 2028, 
INV318283,Tree management maintenance services,Citywide Service Solutions Pty Ltd,186556.47,08/11/2026,3678
INV318284,Civil infrastructure services,Citywide Service Solutions Pty Ltd,0.1m,27/08/12,3665
INV318285,Vehicle tow away and impound services,NationwideTowingServices,247708.85,28/09/21,3585
INV318286,Street cleaning,spotless facility services pty ltd,77845.54,28/08/13,3669
INV318287,Parking technology services,reino international pty ltd t/a duncan solutions,46309.93,29-Jan-2026,3623
INV318288,Civil infrastructure services,Citywide  Service  Solutions  Pty  Ltd,145809.74 AUD,2027-10-16, 
INV318289,Parking technology services,reino international pty ltd t/a duncan solutions,169019.11 AUD,31-Dec-2028, 
INV318290,Management of Active Melbourne recreation facilities,Victorian YMCA Community Programming Pty. Ltd.,"$3,661.79",15 January 2025,3615
INV318291,Parking technology services,Reino Internatioxal Pty Ltd T/A Duncan Solutions,127805.54,25/12/07, 
INV318292,Civil infrastructure services,Menzies International (Aust) Pty Ltd,180686.81,05 May 2025,3634
INV318293,Open spaces management - region 1,Citywide Service Solutions Pty Ltd,42069.83,21 February 2026,3676
INV318294,Civil infrastructure services,Citywide,20340.07,2025-09-15,3665
INV318295,Open spaces management - region 1,CitywideServiceSolutionsPtyLtd,0.1m,19/07/2026,3676
INV318296,Building cleaning services,Menzies International (Aust) Pty Ltd,131595.13 AUD,06 December 2026,3634
INV318297,Waste management services,Cleanaway Waste Management LTD,177325.15 AUD,2025-08-28,3556
INV318298,Integrated security services,National Protective Services Pty. Ltd.,"$155,947.51",29/09/16,3686
INV318299,Building maintenance services,Programmed  Facility  Management  Pty  Ltd,245971.98,06/09/2025,3630
INV318300,Integrated security services,National,"$52,935.65",27 October 2027,3686
INV318301,Melbourne Town Hall venue management,Showtime Event Group Pty Ltd,"$77,142.43",10-Feb-2029,3670
INV318302,Management of Active Melbourne recreation facilities,Programmed Facility Management Pty. Ltd.,0.2m,25/12/02,3630
INV318303,Open spaces management - region 1,Citywide,"$98,969.17",2025-09-02,3676
INV318304,Building maintenance services,programmed facility management pty ltd,0.0m,27/06/2027,3630
INV318305,Integrated security services,National Protective Services Pty Ltd (AUS),0.1m,23/06/2028,3686
INV318306,Parking technology services,Reino International P/L T/A Duncan Solutions,197940.39,19 December 2028,3623
INV318307,Open spaces management - region 1,CitywideServiceSolutionsPtyLtd,"$5,072.01",29/10/23,3676
INV318308,Street cleaning,Spotless Facility Services Pty Ltd,73376.54,16/12/2027,3669
INV318309,Building cleaning services,Menzies International (Aust) Pty Ltd (AUS),81915.7 AUD,08/10/2029,3634
INV318310,Tree management maintenance services,Citywide Service Solutions Pty. Ltd.,"$223,901.21",30-Nov-2027,3678
INV318311,Civil infrastructure services,Citywide,149555.76 AUD,21/06/2026,3665
INV318312,Parking technology services,Reino International Pty utd T/A Duncan Solutions,67899.69,24/03/2025,3623
INV318313,Waste management services,CLEANAWAY WASTE MANAGEMENT LIMITED,"$31,264.83",29/02/08,3556
INV318314,Melbourne Town Hall venue management,Showtime Event Group P/L,82683.68 AUD,17-Sep-2028,3670
INV318315,Parking technology services,Reino International Pty Ltd T/A Duncan Solutions,0.2m,24/12/2029,3623
INV318316,Management of Active Melbourne recreation facilities,Victorian YMCA Community Programming Pty Ltd (AUS),15935.4 AUD,08 September 2027,3615
INV318317,Integrated security services,Nagional Protective Services Pty Ltd,224352.61,09 February 2027,3686
INV318318,Graffiti management and pressure cleaning services,Calcorp Services Pty Ltd,"$16,612.83",26/08/16,3668
INV318319,Management of Active Melbourne recreation facilities,victorian ymca community programming pty ltd,123229.97,16 May 2029,3615
INV318320,Graffiti management and pressure cleaning services,Calcorp Services Pty. Ltd.,"$36,135.95",08-Jul-2026,3668
INV318321,Building cleaning services,Menzies,"$92,554.57",2025-02-25,3634
INV318322,Graffiti management and pressure cleaning services,Calcorp Services Pty. Ltd.,0.0m,26/02/06,3668
INV318323,Integrated security services,National Protective Services Pty Ltd (AU),0.2m,13-Mar-2029, 
INV318324,Vehicle tow away and impound services,Nationwide Towing Services,"$100,357.43",26/03/11,3585
INV318325,Building cleaning services,Menzies International (Aust) P/L,"$233,683.08",27/03/14,3634
INV318326,Vehicle tow away and impound services,Nationwide,44470.57 AUD,02/10/2029,3585
INV318327,Street cleaning,Spotless Facility Services P/L,120422.56,22-Apr-2029,3669
INV318328,Open spaces management - region 1,citywide service solutions pty ltd,9029.53,13/08/2026,3676
INV318329,Open spaces management - region 2,SeRCO,146496.76 AUD,21 June 2026,3677
INV318330,Integrated security services,National Protective Services Pty Ltd (AUS),80125.73,2029-12-05, 
INV318331,Vehicle tow away and impound services,Nationdide Towing Services,,2026-06-16,3585
INV318332,Graffiti management and pressure cleaning services,Calcorp Services Pty Ltd,"$65,800.54",02/09/2026,3668
INV318333,Parking technology services,Reino,22428.96 AUD,2026-01-18,3623
INV318334,Open spaces management - region 2,SERCO (AU),"$99,367.55",15-May-2026,3677
INV318335,Building cleaning services,Menzies Intl (Aust) Pty Ltd,0.0m,26/04/24,3634
INV318336,Open spaces management - region 2,serco,"$179,929.67",,3677
INV318337,Integrated security services,National Protective Services Pty Ltd,12727.38,14/07/2025,3686
INV318338,Open spaces management - region 2,SERCO (AUS),72282.9,09-Oct-2025, 
INV318339,Management of Active Melbourne recreation facilities,Victorian  YMCA  Community  Programming  Pty  Ltd,0.1m,17/05/2025,3615
INV318340,Melbourne Town Hall venue management,CLEANAWAY WASTE MANAGEMENT LIMITED,24484.29,07/08/2027,3556
INV318341,Tree management maintenance services,Citywide Service Solutions Pty Ltd,85329.94,2026-05-27,3678
INV318342,Melbourne Town Hall venue management,ShowtimeEventGroupPtyLtd,143603.52,2028-05-07,3670
INV318343,Open spaces management - region 2,SERCO,0.1m,08 February 2025,3677
INV318344,Open spaces management - region 2,SERCO (AU),214011.67 AUD,02-Mar-2028,3677
INV318345,Parking technology services,Spotless Facility Services P/L,0.2m,06-Mar-2028,3669
INV318346,Building maintenance services,programmed facility management pty ltd,187884.92,27/11/01,3630
INV318347,Integrated security services,NATIONAL PROTECTIVE SERVICES PTY LTD,"$182,131.36",03/12/2026,3686
INV318348,Parking technology services,Reino International Pty Ltd T/A Duncan Solutions,45240.35,14/09/2027,3623
INV318349,Building cleaning services,Menzies  International  (Aust)  Pty  Ltd,165623.8,07/06/2025,3634
INV318350,Vehicle tow away and impound services,Nationwide Towing Services,0.1m,07 July 2028,3585
INV318351,Building cleaning services,Menzies Internatio,0.2m,12/10/2027,3634
INV318352,Building cleaning services,Menzies Int’l (Aust) Pty Ltd,148336.44,2025-09-12, 
INV318353,Building maintenance services,Programmed Facility Management Pty. Ltd.,0.1m,26/07/02,3630
INV318354,Waste management services,Cleanaway Waste Management Limited (AUS),50491.02,11/03/2029,3556
INV318355,Integrated security services,National,"$68,206.93",13 October 2029,3686
INV318356,Open spaces management - region 2,serco,0.2m,28-Jun-2029,3677
INV318357,Building cleaning services,MENZIES INTERNATIONAL (AUST) PTY LTD,192248.4,25/01/24,3634
INV318358,Open spaces management - region 1,Citywide  Service  Solutions  Pty  Ltd,151873.93 AUD,29/01/2029,3676
INV318359,Open spaces management - region 1,Citywide Service Solutions Pty Ltd,235855.94 AUD,02/06/2028,3676
INV318360,Integrated security services,NATIONAL PROTECTIVE SERVICES PTY LTD,189142.66 AUD,29/07/17,3686
INV318361,Open spaces management - region 2,CitywideServiceSolutionsPtyLtd,91272.01,26/10/08,3665
INV318362,Integrated security services,National Protective Services P/L,0.2m,2029-09-09,3686
INV318363,Building maintenance services,programmed facility management pty ltd,"$35,469.67",26 September 2029,3630
INV318364,Waste management services,CleanawayWasteManagementLimited,21970.45,22 December 2026,3556
INV318365,Open spaces management - region 2,serco,0.2m,04/12/2029,3677
INV318366,Open spaces management - region 2,Serco,"$249,683.46",15-Mar-2028,3677
INV318367,Management of Active Melbourne recreation facilities,Victorian Ymca Community Programming Pty Ltd,111444.67,26/02/03,3615
INV318368,Management of Active Melbourne recreation facilities,victorian ymca community programming pty ltd,0.0m,01-Jul-2027,3615
INV318369,Tree management maintenance services,Citywide Service Solutions Pty Ltd,0.0m,30/10/2027,3678
INV318370,Parking technology services,Reino International Pty ,99275.62,10 March 2027,3623
INV318371,Open spaces management - region 2,SERCO,0.1m,25/02/2027,3677
INV318372,Tree management maintenance services,Citywide Service Solutions Pty Ltd,163174.07 AUD,07 April 2029,3678
INV318373,Waste management services,CleanawayWasteManagementLimited,151910.47 AUD,20 September 2029,3556
INV318374,Open spaces management - region 2,SERCO,"$90,831.01",2029-08-10,3677
INV318375,Melbourne Town Hall venue management,Showtime Event Group Pty Ltd (AUS),0.1m,26/03/06,3670
INV318376,Street cleaning,Spotless Facility Services Pty. Ltd.,242056.35,29/05/05,3669
INV318377,Melbourne Town Hall venue management,Citywide Service Solutions P/L,"$25,322.08",29/08/11,3678
INV318378,Building cleaning services,Menzies Internatio,90645.3,29/01/16,3634
INV318379,Civil infrastructure services,Citywide Service Solutions Pty Ltd,"$192,349.26",10-Mar-2029,3665
INV318380,Open spaces management - region 1,Citywide Service Solutions Pty Ltd,12795.52 AUD,05-Apr-2027,3676
INV318381,Street cleaning,Spotless  Facility  Services  Pty  Ltd,"$51,495.5",29/12/2028,3669
INV318382,Management of Active Melbourne recreation facilities,Victorian YMCA Community Programming P/L,104428.95,26/03/02,3615
INV318383,Parking technology services,reino international pty ltd t/a duncan solutions,143332.93,2027-08-10,3623
INV318384,Parking technology services,Reino International Pty Ltd T/A Duncan Solutions (AU),40959.86,17-Jan-2027,3623
INV318385,Management of Active Melbourne recreation facilities,Victorian YMCA Community Programming Pty. Ltd.,134199.92 AUD,24-Feb-2029,3615
INV318386,Vehicle tow away and impound services,Nationwide Towing Services,"$241,851.88",2027-09-16,3585
INV318387,Civil infrastructure services,Victorian Ymca Community Programming Pty Ltd,"$187,895.12",2028-02-21,3615
INV318388,Street cleaning,Spotless Facility Services Pty Ltd,0.0m,27/09/14,3669
INV318389,Integrated security services,National Protectiv,77549.43,20 March 2026,3686
INV318390,Integrated security services,National Protective Services Pty Ltd,158987.78,31/03/2028,3686
INV318391,Vehicle tow away and impound services,nationwide towing services,7640.04,27-Dec-2026,3585
INV318392,Melbourne Town Hall venue management,Showtime Event,165863.9 AUD,09/02/2027,3670
INV318393,Tree management maintenance services,Citywide Service ,"$84,539.02",14/12/2026,3678
INV318394,Tree management maintenance services,Citywide Service Solutions Pty Ltd,161176.18,20/08/2026,3678
INV318395,Waste management services,Cleanaway Waste Management Limited,132232.57,26/06/20,3556
INV318396,Open spaces management - region 1,Citywide,0.1m,2027-08-15,3676
INV318397,Melbourne Town Hall venue management,Showuime Event Group Pty Ltd,148606.89,23/04/2025,3670
INV318398,Waste management services,CleanawayWasteManagementLimited,"$148,986.81",07/04/2029,3556
INV318399,Integrated security services,Victorian,0.1m,27/02/2028,3615
INV318400,Street cleaning,Spotless Facility Services Pty Ltd (AUS),0.0m,23/11/2029,3669
INV318401,Street cleaning,Spotless Facility,0.2m,30-Jul-2026,3669
INV318402,Open spaces management - region 1,Citywide Service Solutions P/L,93032.71,12/07/2028,3676
INV318403,Waste management services,Cleanaway Waste M,26276.24,13/12/2026,3556
INV318404,Parking technology services,Reino  International  Pty  Ltd  T/A  Duncan  Solutions,0.2m,19 December 2026,3623
INV318405,Tree management maintenance services,CITYWIDE SERVICE SOLUTIONS PTY LTD,23277.05 AUD,11/10/2028,3678
INV318406,Open spaces management - region 1,Citywide Service Solutions Pty Ltd,47402.59,05/01/2029,3676
INV318407,Building maintenance services,ProgrammedFacilityManagementPtyLtd,0.2m,27/08/08,3630
INV318408,Building maintenance services,Programmed Facility Management P/L,41526.53,25/10/10,3630
INV318409,Open spaces management - region 1,citywide service solutions pty ltd,220478.3,11-Jan-2027,3676
INV318410,Management of Active Melbourne recreation facilities,VICTORIAN YMCA COMMUNITY PROGRAMMING PTY LTD,"$35,788.5",26/09/17,3615
INV318411,Tree management maintenance services,Citywide Service Solutions Pty Ltd (AU),513.1,06/09/2025,3678
INV318412,Integrated security services,NATIONAL PROTECTIVE SERVICES PTY LTD,126787.95,2028-10-16,3686
INV318413,Melbourne Town Hall venue management,SHOWTIME EVENT GROUP PTY LTD,107718.1 AUD,,3670
INV318414,Waste management services,Cleanawae Waste Management Limited,"$34,615.75",27/07/19,3556
INV318415,Waste management services,cleanaway waste management limited,100879.31 AUD,15 August 2027,3556
INV318416,Building maintenance services,ProgrammedFacilityManagementPtyLtd,195593.58 AUD,23/02/2029,3630
INV318417,Building maintenance services,Programmed Facility Management Pty. Ltd.,102503.09 AUD,22 December 2027,3630
INV318418,Parking technology services,reino international pty ltd t/a duncan solutions,111835.86 AUD,31 January 2025,3623
INV318419,Open spaces management - region 2,SERCO,"$238,749.1",21 January 2029,3677
INV318420,Melbourne Town Hall venue management,showtime event group pty ltd,135591.66,04/11/2029,3670
INV318421,Graffiti management and pressure cleaning services,Calcorp Services Pty Ltd (AU),97637.1,25/05/12,3668
INV318422,Building cleaning services,Cleanaway Waste Manatement Limited,32901.0,21/02/2025,3556
INV318423,Building maintenance services,Programmed Facility Management Pty Ltd,165596.16,25/04/25,3630
INV318424,Building cleaning services,MENZIES INTERNATIONAL (AUST) PTY LTD,96845.81,2027-04-29,3634
INV318425,Graffiti management and pressure cleaning services,Calcorp Services Pty Ltd,"$138,556.79",21 June 2028,3668
INV318426,Street cleaning,Spotless,748.84,25/08/2029,3669
INV318427,Open spaces management - region 2,SERCO (AU),0.1m,13/11/2027,3677
INV318428,Vehicle tow away and impound services,Nationwide Towing Services (AUS),"$10,957.75",21/01/2025,3585
INV318429,Management of Active Melbourne recreation facilities,VictorianYMCACommunityProgrammingPtyLtd,64378.92,20 July 2025,3615
INV318430,Vehicle tow away and impound services,Nationwide  Towing  Services,47926.61,15-Nov-2029,3585
INV318431,Integrated security services,National Protective Services Pty Ltd,0.0m,2026-03-04,3686
INV318432,Melbourne Town Hall venue management,Showtime Event Group Pty. Ltd.,0.2m,,3670
INV318433,Parking technology services,Reino,104980.68,12/05/2026,3623
INV318434,Open spaces management - region 1,CITYWIDE SERVICE SOLUTIONS PTY LTD,7150.39,2027-12-04,3676
INV318435,Management of Active Melbourne recreation facilities,VictorianhYMCA Community Programming Pty Ltd,"$24,192.1",08 July 2026,3615
INV318436,Open spaces management - region 2,serco,"$244,682.79",27/09/29,3677
INV318437,Building cleaning services,MenziesInternational(Aust)PtyLtd,212376.46 AUD,2027-11-01,3634
INV318438,Civil infrastructure services,citywide service solutions pty ltd,51976.49,26/02/16,3665
INV318439,Parking technology services,Reino International Pty Ltd T/A Duncan Solutions (AU),0.1m,27/04/2027,3623
INV318440,Waste management services,Cleanaway Waste Management Limited (AU),"$67,418.22",12/01/2029,3556
INV318441,Parking technology services,reino international pty ltd t/a duncan solutions,,25/08/06,3623
INV318442,Graffiti management and pressure cleaning services,Calcorp Serv,123025.74,15/02/2026,3668
INV318443,Building maintenance services,Programmed Facility Management Pty. Ltd.,239728.56,04-Dec-2026,3630
INV318444,Parking technology services,Reino International Pty Ltd T/A Duncan Solutions (AUS),109090.59,2028-03-15,3623
INV318445,Tree management maintenance services,Citywide Service ,118717.56,2028-06-24, 
INV318446,Building maintenance services,Programmed  Facility  Management  Pty  Ltd,90898.56,25-Oct-2026,3630
INV318447,Graffiti management and pressure cleaning services,calcorp services pty ltd,105419.22,05-Jul-2025, 
INV318448,Integrated security services,National  Protective  Services  Pty  Ltd,"$241,311.02",24-Feb-2029,3686
INV318449,Building cleaning services,Menzies International (Aust) P/L,51994.43,2025-04-15,3634
INV318450,Melbourne Town Hall venue management,Showtime Event Group P/L,74788.34 AUD,07 November 2025,3670
INV318451,Building cleaning services,Menzies  International  (Aust)  Pty  Ltd,177087.12,25/08/19,3634
INV318452,Building cleaning services,Menzies International (Aast) Pty Ltd,26824.02,11 March 2025,3634
INV318453,Open spaces management - region 1,Citywide Service Solutions P/L,0.2m,21-Feb-2025,3676
INV318454,Management of Active Melbourne recreation facilities,Victorian YMCA Community Programming Pty Ltd,"$131,262.2",26/05/15,3615
INV318455,Civil infrastructure services,xitywide Service Solutions Pty Ltd,242740.85,04/03/2026,3665
INV318456,Tree management maintenance services,Citywide Service Solutions Pty Ltd (AUS),145965.62,18-Aug-2026,3678
INV318457,Tree management maintenance services,Citywide Service Solutions Pty. Ltd.,50125.75,19/03/2025,3678
INV318458,Graffiti management and pressure cleaning services,Calcorp Services Pty Ltd,64096.58,2025-10-22,3668
INV318459,Building cleaning services,Menzies International (Aust) Pty Ltd,30547.9,31-May-2027,3634
INV318460,Parking technology services,Reino International Pty Ltd T/A Duncan Solutions (AUS),"$100,678.3",08/11/2026,3623
INV318461,Melbourne Town Hall venue management,Showtime  Event  Group  Pty  Ltd,218305.5 AUD,27/09/26,3670
INV318462,Building maintenance services,Programmed Facility Management Pty Ltd,0.1m,05/07/2025,3630
INV318463,Building maintenance services,PROGRAMMED FACILITY MANAGEMENT PTY LTD,215326.0,02 February 2028,3630
INV318464,Vehicle tow away and impound services,NationwideTowingServices,65409.15,05 August 2025,3585
INV318465,Graffiti management and pressure cleaning services,Calcorp Services Pty. Ltd.,206265.38 AUD,2026-07-13,3668
INV318466,Vehicle tow away and impound services,Nationwide To,17493.75,25-Oct-2026,3585
INV318467,Integrated security services,National Protectiv,98525.3,25/11/2026,3686
INV318468,Vehicle tow away and impound services,NATIONWIDE TOWING SERVICES,0.2m,06/02/2028,3585
INV318469,Waste management services,Cleanaway Wastr Management Limited,"$185,936.44",14-Jul-2027, 
INV318470,Management of Active Melbourne recreation facilities,Victorian YMCA Community Programming Pty Ltd,215983.79,04-Feb-2029,3615
INV318471,Open spaces management - region 1,CitywideServiceSolutionsPtyLtd,0.2m,22/01/2025,3676
INV318472,Tree management maintenance services,Citywide Service Solutions Pty Ltd,0.0m,25/12/2027,3678
INV318473,Parking technology services,Reino Intl Pty Ltd T/A Duncan Solutions,0.1m,24/04/2027,3623
INV318474,Building maintenance services,Programmed  Facility  Management  Pty  Ltd,0.1m,18-Feb-2026,3630
INV318475,Vehicle tow away and impound services,Nationwide,165595.36,2029-12-25,3585
INV318476,Parking technology services,Reino International Pty Ltd T/A Duncan Solutions,0.0m,2029-08-02,3623
INV318477,Waste management services,Cleanaway Waste Managemeit Limited,44720.35,09 January 2026, 
INV318478,Vehicle tow away and impound services,NationwideTowingServices,0.1m,28 July 2026,3585
INV318479,Street cleaning,Spotless Facility Services Pty. Ltd.,33032.55,03/03/2026,3669
INV318480,Open spaces management - region 1,Citywide Service Solutions Pty Ltd,170342.46,09-Dec-2028,3676
INV318481,Building maintenance services,Programmed Facility Management Pty. Ltd.,"$21,169.36",2029-03-20,3630
INV318482,Civil infrastructure services,Citywide Service Solutions P/L,77687.75 AUD,23/02/2028,3665
INV318483,Parking technology services,Reino  International  Pty  Ltd  T/A  Duncan  Solutions,121974.83,18-May-2025,3623
INV318484,Civil infrastructure services,Citywide Service Solutions Pty Ltd,0.2m,10/05/2025,3665
INV318485,Vehicle tow away and impound services,NATIONWIDE TOWING SERVICES,$461.63,2028-05-02,3585
INV318486,Integrated security services,National Protective Services Pty Ltd,"$28,910.94",08/05/2029,3686
INV318487,Tree management maintenance services,Citywide  Service  Solutions  Pty  Ltd,74519.04,25/03/2026,3678
INV318488,Parking technology services,Reino International Pty ,145243.91,26/07/18,3623
INV318489,Graffiti management and pressure cleaning services,Calcorp Services Pty Ltd,"$109,440.46",03-Jun-2029,3668
INV318490,Street cleaning,Spotless Facility Services Pty Ltd,"$86,134.87",05 March 2028,3669
INV318491,Building cleaning services,Menzies International (Aust) Pty. Ltd.,158363.09 AUD,04/10/2025,3634
INV318492,Integrated security services,National Protective Services Pty Ltd,"$33,764.45",2026-06-27,3686
INV318493,Building maintenance services,Programmed Facility,0.1m,07 November 2026,3630
INV318494,Waste management services,Cleanaway Waste ManagementkLimited,0.1m,2027-05-16,3556
INV318495,Management of Active Melbourne recreation facilities,Victorian YMCA Community Programming Pty Ltd,184511.8 AUD,13/03/2027,3615
INV318496,Management of Active Melbourne recreation facilities,Victorian YMCA Community Programming Pty Ltd,22297.9,07 May 2028,3615
INV318497,Open spaces management - region 2,serco,0.2m,09 September 2029,3677
INV318498,Parking technology services,Reino Intl Pty Ltd T/A Duncan Solutions,"$216,947.57",27/05/30,3623
INV318499,Waste management services,Cleanaway Waste Management LTD,218036.57,29/07/2025,3556
INV318500,Building maintenance services,Programmed  Facility  Management  Pty  Ltd,116058.26 AUD,19/08/2026,3630
INV318501,Building cleaning services,MenziesInternational(Aust)PtyLtd,"$137,924.44",19 January 2026,3634
INV318502,Waste management services,Cleanaway,39130.05 AUD,27/03/27,3556
INV318503,Management of Active Melbourne recreation facilities,Victorian  YMCA  Community  Programming  Pty  Ltd,184762.53,18-Sep-2029,3615
INV318504,Tree management maintenance services,Citywide Service Solutions Pty Ltd (AU),54030.26,16/02/2025,3678
INV318505,Open spaces management - region 2,SERCO,"$80,099.72",11 October 2025,3677
INV318506,Open spaces management - region 2,SERCO (AU),0.2m,26-Aug-2029,3677
INV318507,Management of Active Melbourne recreation facilities,Victorian,14398.57 AUD,18 May 2029, 
INV318508,Management of Active Melbourne recreation facilities,Programmed Facility Management Pty. Ltd.,13024.56,08 April 2026,3630
INV318509,Street cleaning,Spotless Facility Services Pty. Ltd.,97445.59,17/12/2028,3669
INV318510,Melbourne Town Hall venue management,Showtime,227981.15 AUD,19-Sep-2029,3670
INV318511,Melbourne Town Hall venue management,Showtime Event Group Pty Ltd,0.1m,06 December 2029,3670
INV318512,Civil infrastructure services,Menzies International (Aust) Pty Ltd,137578.3,27/10/14,3634
INV318513,Waste management services,Cleanaway Waste Management Limited (AU),"$48,491.49",15/01/2025,3556
INV318514,Tree management maintenance services,Citywide Service Solutions Pty Ltd,"$17,530.85",27 February 2028,3678
INV318515,Civil infrastructure services,Citywide Service Solutions Pty Ltd,222145.78,2027-03-15,3665
INV318516,Tree management maintenance services,Citywide  Service  Solutions  Pty  Ltd,0.1m,2026-01-11,3678
INV318517,Vehicle tow away and impound services,Nationwide Towing Services,0.1m,13-Jun-2027,3585
INV318518,Integrated security services,National,182510.05,12 August 2028,3686
INV318519,Vehicle tow away and impound services,Nationwide To,221862.18,2028-06-20,3585
INV318520,Building maintenance services,Programmed Facility,"$82,459.09",01/04/2029,3630
INV318521,Open spaces management - region 1,Victorian YMCA Community Programming Pty. Ltd.,114895.72,29/10/17,3615
INV318522,Management of Active Melbourne recreation facilities,Victorian  YMCA  Community  Programming  Pty  Ltd,220596.47,2029-11-24,3615
INV318523,Parking technology services,Reino International Pty ,0.0m,2027-02-08, 
INV318524,Vehicle tow away and impound services,Nationwide  Towing  Services,0.1m,05/05/2027,3585
INV318525,Open spaces management - region 1,Citywide,233135.14,2027-12-18,3676
INV318526,Integrated security services,National Protective Services Pty Ltd,146819.26 AUD,05-Mar-2028,3686
INV318527,Street cleaning,Spotless Facility Services Pty. Ltd.,144702.69,27/02/17,3669
INV318528,Tree management maintenance services,CitywideServiceSolutionsPtyLtd,219178.33 AUD,27/04/20,3678
INV318529,Tree management maintenance services,Citywide Service ,"$111,481.35",21-Feb-2029,3678
INV318530,Parking technology services,Rxino International Pty Ltd T/A Duncan Solutions,0.1m,16/04/2026,3623
INV318531,Graffiti management and pressure cleaning services,Calcorp Services Pty Ltd,109997.02,04-Oct-2026,3668
INV318532,Graffiti management and pressure cleaning services,Calcorp,0.1m,05/08/2026,3668
INV318533,Melbourne Town Hall venue management,Showtime Event Group Pty Ltd (AU),197884.15,06/03/2025,3670
INV318534,Civil infrastructure services,Citywide Service Solutions Pty Ltd,71374.47 AUD,13/05/2028,3665
INV318535,Tree management maintenance services,Citywide Service Solutions P/L,"$67,876.89",30/06/2028,3678
INV318536,Integrated security services,National Protective Services Pty Ltd,0.0m,10 March 2027, 
INV318537,Building cleaning services,Menzies International (Aust) Pty Ltd,139209.59,2026-03-05,3634
INV318538,Building cleaning services,menzies international (aust) pty ltd,"$246,375.99",04/02/2027,3634
INV318539,Parking technology services,Citywide  Service  Solutions  Pty  Ltd,65815.7,2027-06-29,3678
INV318540,Graffiti management and pressure cleaning services,CALCORP SERVICES PTY LTD,226941.74,09 October 2029,3668
INV318541,Building cleaning services,Menzies  International  (Aust)  Pty  Ltd,164015.58,15-Sep-2027,3634
INV318542,Building cleaning services,Menzies International (Aust) Pty Ltd,46895.42,16/11/2026, 
INV318543,Melbourne Town Hall venue management,Showtime Event Group Pty Ltd (AU),159512.07,2026-08-12,3670
INV318544,Management of Active Melbourne recreation facilities,Victorian YMCA Community Programming Pty Ltd (AU),0.2m,10-Jun-2025,3615
INV318545,Graffiti management and pressure cleaning services,Calcorp Services Pqy Ltd,"$194,085.97",06 September 2029,3668
INV318546,Open spaces management - region 2,SERCO (AU),131775.35,06/10/2028,3677
INV318547,Melbourne Town Hall venue management,Showtime Event Group P/L,12349.74,2029-06-08,3670
INV318548,Building cleaning services,Menzies Intl (Aust) Pty Ltd,0.2m,2027-10-27,3634
INV318549,Open spaces management - region 2,SERCO,133633.05,24/03/2027,3677
INV318550,Tree management maintenance services,Citywide Service Solutions Pty Ltd (AUS),82523.66 AUD,13/10/2027,3678
INV318551,Open spaces management - region 1,Citywide Service Solutions Pty Ltd,82907.04,15-Dec-2027,3676
INV318552,Integrated security services,National ProtectivenServices Pty Ltd,84470.81,12 September 2026,3686
INV318553,Tree management maintenance services,citywide service solutions pty ltd,0.2m,25/11/13,3678
INV318554,Melbourne Town Hall venue management,SHOWTIME EVENT GROUP PTY LTD,0.2m,27/05/28,3670
INV318555,Management of Active Melbourne recreation facilities,victorian ymca community programming pty ltd,10178.3,20/01/2027,3615
INV318556,Open spaces management - region 1,Citywide Service ,35797.17,30/07/2025,3676
INV318557,Integrated security services,National Protective Services Pty Ltd,236746.7 AUD,28/05/16,3686
INV318558,Building cleaning services,Menzies Internatio,98181.65,11-Oct-2028,3634
INV318559,Integrated security services,National Protective Services Pty Ltd (AUS),127136.6 AUD,25 November 2028,3686
INV318560,Vehicle tow away and impound services,Nationwide Towing Services,0.2m,27/11/21,3585
INV318561,Vehicle tow away and impound services,Nationwide  Towing  Services,236060.93,25/09/02,3585
INV318562,Melbourne Town Hall venue management,Showtime,72009.6 AUD,10-Jun-2027,3670
INV318563,Vehicle tow away and impound services,NationwideTowingServices,"$237,725.11",25/08/2027,3585
INV318564,Waste management services,Cleanaway,0.2m,13/06/2029,3556
INV318565,Tree management maintenance services,Citywide Service Solutions P/L,117495.51 AUD,30/05/2025,3678
INV318566,Waste management services,Cleanaway Wastv Management Limited,70229.68 AUD,15 June 2025,3556
INV318567,Open spaces management - region 1,citywide service solutions pty ltd,114778.65 AUD,05 June 2027,3676
INV318568,Parking technology services,Reino International Pty Ltd T/A Duncan Solutions (AU),83956.4 AUD,25/09/07,3623
INV318569,Tree management maintenance services,Citywide Service Solutions Pty. Ltd.,78732.12 AUD,15 February 2025,3678
INV318570,Street cleaning,Spotless Facility Services Pty Ltd,98899.66,28/05/25,3669
INV318571,Management of Active Melbourne recreation facilities,Victorian YMCA Community Programming Pty Ltd,214732.61 AUD,27/04/2028,3615
INV318572,Melbourne Town Hall venue management,Showtime Event Group Pty. Ltd.,"$249,142.43",2026-09-28,3670
INV318573,Waste management services,Cleanaway  Waste  Management  Limited,184087.99,28-Sep-2029,3556
INV318574,Street cleaning,Spotless Facility Services Pty Ltd (AU),0.2m,08/09/2029,3669
INV318575,Graffiti management and pressure cleaning services,Calcorp  Services  Pty  Ltd,217436.52,08 October 2028,3668
INV318576,Civil infrastructure services,Citywide Service Solutions Pty. Ltd.,"$171,289.18",16/12/2027,3665
INV318577,Waste management services,National  Protective  Services  Pty  Ltd,31938.75,19/12/2029, 
INV318578,Vehicle tow away and impound services,NationwideTowingServices,235455.95,20-Sep-2025,3585
INV318579,Tree management maintenance services,Citywide Service Solutions Pty Lti,160243.3 AUD,2029-04-30,3678
INV318580,Management of Active Melbourne recreation facilities,victorian ymca community programming pty ltd,0.2m,27-Aug-2026,3615
INV318581,Building maintenance services,Programmed Facility Management Pty Ltd (AUS),25992.2,29/08/06,3630
INV318582,Civil infrastructure services,CITYWIDE SERVICE SOLUTIONS PTY LTD,8505.86,2027-08-12,3665
INV318583,Building cleaning services,Menzies International (Aust) P/L,154687.4 AUD,21-Apr-2029,3634
INV318584,Graffiti management and pressure cleaning services,Calcorp Serv,3659.92,12 April 2029,3668
INV318585,Waste management services,Showtime Event Group P/L,"$183,591.53",29/10/19,3670
INV318586,Parking technology services,REINO INTERNATIONAL PTY LTD T/A DUNCAN SOLUTIONS,"$185,464.16",2025-03-21, 
INV318587,Integrated security services,National Protective Services Pty Ltd (AUS),163715.67 AUD,15/05/2027,3686
INV318588,Management of Active Melbourne recreation facilities,victorian ymca community programming pty ltd,0.2m,27-Feb-2029,3615
INV318589,Tree management maintenance services,Citywide Service ,"$185,371.88",26/02/17,3678
INV318590,Melbourne Town Hall venue management,ShowtimeEventGroupPtyLtd,0.0m,20/12/2026,3670
INV318591,Parking technology services,Reino International P/L T/A Duncan Solutions,0.0m,07/02/2026,3623
INV318592,Waste management services,Cleanaway Waste Management Limited,93349.99 AUD,2026-02-23,3556
INV318593,Building cleaning services,Menzies International (Aust) Pty Ltd (AUS),181925.4,03 July 2025,3634
INV318594,Management of Active Melbourne recreation facilities,Victorian,8245.94 AUD,29 November 2027,3615
INV318595,Integrated security services,National Protective Sprvices Pty Ltd,0.2m,27-Sep-2027,3686
INV318596,Melbourne Town Hall venue management,showtime event group pty ltd,2481.59 AUD,06-Nov-2025,3670
INV318597,Graffiti management and pressure cleaning services,CalcorpServicesPtyLtd,111863.56,27/11/20,3668
INV318598,Civil infrastructure services,Citywide Service Solutions Pty Ltd (AUS),128467.84,24-May-2027,3665
INV318599,Building maintenance services,Programmed Facility Management Pty Ltd,186473.18,2027-05-18,3630
INV318600,Street cleaning,Spotless,55762.81,26/02/2026,3669
INV318601,Building cleaning services,Menzies International (Aust) Pty Ltd,157108.69,08/05/2028,3634
INV318602,Melbourne Town Hall venue management,Showtime Event Group Pty Ltd,0.1m,28/04/20,3670
INV318603,Parking technology services,reino international pty ltd t/a duncan solutions,212936.63,18-Apr-2028,3623
INV318604,Tree management maintenance services,citywide service solutions pty ltd,0.2m,2029-07-23,3678
INV318605,Open spaces management - region 2,SEiCO,9155.1 AUD,2025-01-09,3677
INV318606,Civil infrastructure services,Citywide Service Solutions Pty Ltd (AUS),"$189,543.42",14/06/2026,3665
INV318607,Waste management services,Cleanaway Waste Management Limited (AU),247464.63,29/12/31,3556
INV318608,Parking technology services,ReinoInternationalPtyLtdT/ADuncanSolutions,0.0m,04-Jul-2025,3623
INV318609,Integrated security services,National Protective Services Pty Ltd,229926.09 AUD,05-Jan-2028,3686
INV318610,Building maintenance services,Programmed,10378.61,2029-08-15,3630
INV318611,Street cleaning,Spotless,0.1m,08-Oct-2028,3669
INV318612,Melbourne Town Hall venue management,Showtime Evend Group Pty Ltd,102429.63 AUD,2029-08-29,3670
INV318613,Waste management services,Cleanaway,"$96,162.36",11/08/2026,3556
INV318614,Management of Active Melbourne recreation facilities,Citywide Service SolutionsjPty Ltd,"$134,724.95",09-Jan-2029,3676
INV318615,Building maintenance services,Programmed Facility Mgmt Pty Ltd,"$42,920.94",09-Jan-2029,3630
INV318616,Waste management services,Cleanaway Waste Management Limited,0.1m,13/08/2028,3556
INV318617,Melbourne Town Hall venue management,ShowtimeEventGroupPtyLtd,64999.34,2026-12-21,3670
INV318618,Open spaces management - region 1,Citywide Service Solutions Pty Ltd,134537.01,12/05/2027,3676
INV318619,Tree management maintenance services,Citywide,168571.99,2028-08-18,3665
INV318620,Open spaces management - region 2,SERCO,"$47,523.84",25/02/21,3677
INV318621,Open spaces management - region 1,Citywide Service Solutions Pty Ltd,23620.21,26/12/19,3676
INV318622,Melbourne Town Hall venue management,Showtime Event Group Pty Ltd,25257.44,27 November 2028,3670
INV318623,Integrated security services,national protective services pty ltd,249612.15,11-Nov-2026,3686
INV318624,Waste management services,Cleanaway Waste Management Limited,125434.65,17/12/2029,3556
INV318625,Building cleaning services,Menzies International (Aust) Pty Ltd (AU),31733.92,2028-02-23,3634
INV318626,Tree management maintenance services,CITYWIDE SERVICE SOLUTIONS PTY LTD,17214.89,,3678
INV318627,Open spaces management - region 2,citywide service solutions pty ltd,121435.48,12/10/2026,3676
INV318628,Graffiti management and pressure cleaning services,ualcorp Services Pty Ltd,"$240,573.58",03 May 2027,3668
INV318629,Tree management maintenance services,CitywideServiceSolutionsPtyLtd,76398.83 AUD,29-Oct-2026,3678
INV318630,Waste management services,Cleanaway,0.1m,11/01/2025,3556
INV318631,Parking technology services,Citywide Service ,0.2m,2028-03-10,3678
INV318632,Open spaces management - region 2,aERCO,0.2m,28/05/22,3677
INV318633,Graffiti management and pressure cleaning services,Calcorp  Services  Pty  Ltd,94109.38,08-Oct-2028,3668
INV318634,Graffiti management and pressure cleaning services,Calcorp Services Pty Ltd,218561.03,25/04/07,3668
INV318635,Tree management maintenance services,Citywide,0.1m,05/07/2025,3678
INV318636,Melbourne Town Hall venue management,Showtime Event Group Pty Ltd,240418.03 AUD,2028-03-27,3670
INV318637,Open spaces management - region 2,SERCO,"$79,243.73",31-Mar-2025,3677
INV318638,Tree management maintenance services,Citywide Service Solutions Pty Ltd (AUS),1991.26,25/01/26,3678
INV318639,Building cleaning services,Menzies International (Aust) Pty Ltd,221929.48,29/06/2028,3634
INV318640,Graffiti management and pressure cleaning services,Calcorp Services Pty Ltd,41179.55,27/07/11,3668
INV318641,Management of Active Melbourne recreation facilities,Victorian YMCA Community Programming Pty. Ltd.,110529.22,2027-04-21,3615
INV318642,Vehicle tow away and impound services,nationwide towing services,233146.21 AUD,17/07/2027,3585
INV318643,Civil infrastructure services,Citywide Service Solutions P/L,0.1m,26/05/20,3665
INV318644,Tree management maintenance services,Citywide Service Solutions P/L,215217.9 AUD,25-Nov-2028,3678
INV318645,Parking technology services,Reino International Pty Ltd T/A Duncan Solutions,"$101,738.54",03-Nov-2025,3623
INV318646,Tree management maintenance services,Citywide Service Solutions Pty Ltd,178112.27,29/03/31,3678
INV318647,Melbourne Town Hall venue management,Showtime  Event  Group  Pty  Ltd,59813.02,2025-09-03,3670
INV318648,Building cleaning services,Menzies Intl (Aust) Pty Ltd,58671.56,28/12/30,3634
INV318649,Tree management maintenance services,Showtime Event Group Pty Ltd (AUS),238214.66,11 January 2029,3670
INV318650,Parking technology services,Reino International Pty Ltd T/A Duncan Solutions (AU),"$9,698.79",19/06/2028,3623
INV318651,Management of Active Melbourne recreation facilities,Victorian YMCA Community Programming Pty Ltd,168380.69,26/06/29,3615
INV318652,Tree management maintenance services,citywide service solutions pty ltd,143615.61 AUD,16/03/2027,3678
INV318653,Waste management services,CLEANAWAY WASTE MANAGEMENT LIMITED,"$53,939.06",25/06/17,3556
INV318654,Integrated security services,NATIONAL PROTECTIVE SERVICES PTY LTD,195006.69,31/05/2025,3686
INV318655,Parking technology services,ReinoInternationalPtyLtdT/ADuncanSolutions,224813.31,2028-05-24,3623
INV318656,Civil infrastructure services,Citywide Service Solutions Pty Ltd (AU),137598.66 AUD,18/01/2025,3665
INV318657,Graffiti management and pressure cleaning services,CALCORP SERVICES PTY LTD,0.1m,27/01/28,3668
INV318658,Street cleaning,Spotless Facility Services Pty Ltd (AU),19093.41,14/07/2027,3669
INV318659,Parking technology services,Reino International Pty Ltd T/A Duncan Solutions,"$199,303.33",05-Jan-2027,3623
INV318660,Tree management maintenance services,Citywide,206434.51,30/06/2025,3678
INV318661,Building cleaning services,Menzies International (Aust) Pty. Ltd.,175125.27 AUD,2028-09-09,3634
INV318662,Parking technology services,Reino International Pty Ltd T/A Duncan Solutions,6202.32 AUD,03/11/2027,3623
INV318663,Parking technology services,Reino Int’l Pty Ltd T/A Duncan Solutions,,28/01/16,3623
INV318664,Parking technology services,Reino  International  Pty  Ltd  T/A  Duncan  Solutions,"$14,015.8",27/05/2027,3623
INV318665,Waste management services,Cleanaway Waste Management Limited,"$53,747.61",08/03/2029,3556
INV318666,Street cleaning,SpotlessFacilityServicesPtyLtd,"$9,364.58",2029-12-21,3669
INV318667,Melbourne Town Hall venue management,Showtime Event Group Pty. Ltd.,120892.75,04 August 2025,3670
INV318668,Civil infrastructure services,Citywide Service Solutions Pty Ltd,248571.82,09 December 2028,3665
INV318669,Street cleaning,Spotless Facility Services Pty Ltd (AUS),195342.32,27/08/2028,3669
INV318670,Integrated security services,National Protective Services Pty. Ltd.,176031.95,20-Jul-2025,3686
INV318671,Open spaces management - region 1,Citywide  Service  Solutions  Pty  Ltd,"$66,457.54",21/07/2028,3676
INV318672,Open spaces management - region 2,SERCO,118522.97,20/02/2029,3677
INV318673,Graffiti management and pressure cleaning services,Calcorp Services Pty Ltd,34715.63 AUD,24/07/2026,3668
INV318674,Parking technology services,Reino  International  Pty  Ltd  T/A  Duncan  Solutions,172411.9,2025-02-04,3623
INV318675,Melbourne Town Hall venue management,Showtime Event Group Pty Ltd,245535.68 AUD,13/08/2028,3670
INV318676,Melbourne Town Hall venue management,Showtime Event Group Pty Ltd (AU),0.2m,26/06/11,3670
INV318677,Waste management services,Cleanaway Waste Management Limited,55914.7,19-Aug-2026,3556
INV318678,Building cleaning services,Menzies Internatio,172434.35 AUD,27/07/26,3634
INV318679,Parking technology services,Reino International P/L T/A Duncan Solutions,235871.68,2025-04-20,3623
INV318680,Integrated security services,Citywide Service Solutions Pty Ltd,83505.9,2026-05-22, 
INV318681,Street cleaning,Spotless  Facility  Services  Pty  Ltd,"$25,650.65",28-May-2026,3669
INV318682,Parking technology services,Reino International P/L T/A Duncan Solutions,"$23,596.79",02 October 2025,3623
INV318683,Integrated security services,NATIONAL PROTECTIVE SERVICES PTY LTD,229508.81,29 April 2029,3686
INV318684,Building cleaning services,Menzies International (Aust) Pty Ltd (AUS),0.1m,2029-09-09,3634
INV318685,Integrated security services,National Protective Sesvices Pty Ltd,142379.5,26/07/2029,3686
INV318686,Civil infrastructure services,Citywide Service Solutions Pty Ltd (AU),122482.36 AUD,03 July 2029,3665
INV318687,Street cleaning,spotless facility services pty ltd,,31-May-2027,3669
INV318688,Management of Active Melbourne recreation facilities,Victorian  YMCA  Community  Programming  Pty  Ltd,70789.6 AUD,17 March 2026,3615
INV318689,Building maintenance services,Programmed Facility Management Pty Ltd,247501.09 AUD,08/07/2027,3630
INV318690,Management of Active Melbourne recreation facilities,Victorian,194363.84,25/11/13,3615
INV318691,Graffiti management and pressure cleaning services,Calcorp Serv,238418.02,07/03/2027,3668
INV318692,Civil infrastructure services,citywide service solutions pty ltd,23250.77 AUD,17/04/2028,3665
INV318693,Waste management services,Cleanaway Waste Management Limited (AUS),14892.84 AUD,27/03/2029,3556
INV318694,Open spaces management - region 1,Citywide Service Solutions Pqy Ltd,0.1m,05 November 2025,3676
INV318695,Parking technology services,Reino International Pty Ltd T/A Duncan Solutions,58549.2 AUD,24/11/2026,3623
INV318696,Management of Active Melbourne recreation facilities,Victorian YMCA Communi,"$178,286.51",30/06/2027,3615
INV318697,Tree management maintenance services,Citywide Service Solutions P/L,0.2m,10/02/2026,3678
INV318698,Waste management services,Cleanaway Waste Management Limited (AU),0.2m,13-Nov-2027,3556
INV318699,Waste management services,Cleanaway Waste Management Limited,44566.51,27/03/2029,3556
INV318700,Waste management services,Spotless Facility Services Pty Ltd,"$176,740.53",15-Aug-2025,3669
INV318701,Building maintenance services,Programmed Facility Management Pty Ltd,149449.99,25/07/11,3630
INV318702,Street cleaning,Spotless,107990.47 AUD,20 February 2025,3669
INV318703,Graffiti management and pressure cleaning services,CALCORP SERVICES PTY LTD,0.2m,12/06/2025,3668
INV318704,Tree management maintenance services,Citywide Service Solutions Pty Ltd (AUS),"$195,874.41",24-Oct-2025,3678
INV318705,Parking technology services,Reino International Pty LtdcT/A Duncan Solutions,104139.21 AUD,2027-06-23,3623
INV318706,Open spaces management - region 2,SERCO,179942.59 AUD,2027-12-31,3677
INV318707,Civil infrastructure services,Citywide Service Solutions Pty Ltd,137310.6 AUD,25/04/29,3665
INV318708,Building cleaning services,Menzies International (Aust) Pty Ltd,"$135,873.77",29/08/22,3634
INV318709,Integrated security services,national protective services pty ltd,87683.46 AUD,10/10/2029,3686
INV318710,Melbourne Town Hall venue management,Showtime,102705.63 AUD,08-Aug-2028,3670
INV318711,Civil infrastructure services,Citywide,0.2m,21/11/2027,3665
INV318712,Street cleaning,Spotless Facility Services Pty Ltd (AUS),"$111,180.31",22-Jan-2026,3669
INV318713,Street cleaning,Spotless Facility,0.0m,12/03/2028,3669
INV318714,Civil infrastructure services,Citywide Service Solutions P/L,125622.01,01-Jun-2026,3665
INV318715,Waste management services,Nationwide Towing Services,159492.29,28/10/2029,3585
INV318716,Integrated security services,National Protective Services Pty Ltd,249228.83,14-Apr-2029,3686
INV318717,Vehicle tow away and impound services,Calcorp Services P/L,"$40,410.28",27/09/18,3668
INV318718,Civil infrastructure services,Citywide,0.1m,07 May 2026, 
INV318719,Building maintenance services,Programmed Facility Management P/L,21980.17,28 September 2028, 
INV318720,Management of Active Melbourne recreation facilities,Victorian YMCA Community Programming Pty Ltd,43297.86,10-Feb-2029,3615
INV318721,Civil infrastructure services,Citywide Service Solutions Pty Ltd,212402.53,27/01/2027,3665
INV318722,Graffiti management and pressure cleaning services,Calcorp Services Pty Ltd,89339.28 AUD,12-Nov-2025,3668
INV318723,Management of Active Melbourne recreation facilities,Victorian  YMCA  Community  Programming  Pty  Ltd,50624.63 AUD,25/06/06, 
INV318724,Open spaces management - region 1,Menzies International (Aust) Pty Ltd,221574.54,06 August 2029,3634
INV318725,Integrated security services,Victorian YMCA Community Programming Pty Ltd (AU),56873.79,27/01/31,3615
INV318726,Building cleaning services,Menzies International (Aust) Pty Ltd (AUS),192083.29,10/06/2026,3634
INV318727,Integrated security services,National Protective Services Pty Ltd,70864.58,26/05/2026,3686
INV318728,Vehicle tow away and impound services,NationwideTowingServices,174702.11,16 December 2025,3585
INV318729,Open spaces management - region 1,Citywide Service Solutions Pty Ltd (AU),0.0m,2029-08-21,3676
INV318730,Street cleaning,Spotless Facility Services Pty Ltd,0.1m,18/01/2027,3669
INV318731,Melbourne Town Hall venue management,ShowtimeEventGroupPtyLtd,0.2m,25/05/09,3670
INV318732,Graffiti management and pressure cleaning services,CALCORP SERVICES PTY LTD,0.1m,08-Apr-2029,3668
INV318733,Graffiti management and pressure cleaning services,Calcorp  Services  Pty  Ltd,109295.32,10 August 2029,3668
INV318734,Parking technology services,Reino International Pty Ltd T/A Duncan Solutvons,21308.81,06/08/2026,3623
INV318735,Management of Active Melbourne recreation facilities,Victorian YMCA Community Programmikg Pty Ltd,49941.81,12/10/2027, 
INV318736,Building cleaning services,Menzies International (Aust) Pty Ltd,47024.79 AUD,27/08/04,3634
INV318737,Management of Active Melbourne recreation facilities,Victorian YMCA Community Programming Pty. Ltd.,0.1m,28/04/05,3615
INV318738,Open spaces management - region 2,SERCO (AUS),"$96,950.86",09-Oct-2026,3677
INV318739,Melbourne Town Hall venue management,Showtime Event,0.2m,17/04/2027,3670
INV318740,Melbourne Town Hall venue management,Showtime Event Group Pty Ltd,47826.95 AUD,17/04/2025,3670
INV318741,Parking technology services,Reino International Pty. Ltd. T/A Duncan Solutions,96983.74,17 July 2027,3623
INV318742,Integrated security services,National Protective Services Pty Ltd,197710.39,23/01/2026,3686
INV318743,Civil infrastructure services,Citywide,157276.01,2029-12-31, 
INV318744,Integrated security services,Citywide Service Solutions Pty Ltd (AUS),169683.6,07/02/2026,3676
INV318745,Melbourne Town Hall venue management,Showtime  Event  Group  Pty  Ltd,0.1m,01/06/2025,3670
INV318746,Vehicle tow away and impound services,Nationwide Towing Services,194705.54,22 March 2027,3585
INV318747,Civil infrastructure services,Citywide Service ,60276.6 AUD,27/03/02,3665
INV318748,Melbourne Town Hall venue management,Showtime,203686.58,13 April 2029,3670
INV318749,Open spaces management - region 1,Citywide Service Solutions PtymLtd,65878.3,26/01/21,3676
INV318750,Waste management services,Cleanaway Waste Mgmt Limited,0.0m,2027-07-20,3556
INV318751,Open spaces management - region 1,CITYWIDE SERVICE SOLUTIONS PTY LTD,,25-Jan-2029,3676
INV318752,Waste management services,Cleanaway Waste Management Limited,"$62,847.9",11/02/2025,3556
INV318753,Vehicle tow away and impound services,Nationwide,"$220,616.19",28/11/28,3585
INV318754,Open spaces management - region 2,SERCO,238957.18,26 June 2027,3677
INV318755,Melbourne Town Hall venue management,Showtime Event Group Pty. Ltd.,131431.81 AUD,2025-07-26,3670
INV318756,Building maintenance services,Programmed Facility Management Pty Ltd (AU),0.1m,24/03/2026,3630
INV318757,Integrated security services,National Protectiv,0.1m,01 May 2028,3686
INV318758,Open spaces management - region 1,Citywide Service Solutions Pty Ltd (AUS),92784.08,16 September 2029,3676
INV318759,Waste management services,Cleanaway  Waste  Management  Limited,,25/03/28,3556
INV318760,Civil infrastructure services,Reino International Pty ,57918.87,04/03/2025,3623
INV318761,Management of Active Melbourne recreation facilities,VICTORIAN YMCA COMMUNITY PROGRAMMING PTY LTD,0.1m,15/06/2025,3615
INV318762,Building maintenance services,Prxgrammed Facility Management Pty Ltd,0.0m,25/03/03,3630
INV318763,Melbourne Town Hall venue management,Showtime Event Group Pty Ltd (AU),86369.32,26/08/27, 
INV318764,Vehicle tow away and impound services,Nationwide Towing Services (AUS),179328.48 AUD,27/08/2028,3585
INV318765,Street cleaning,SPOTLESS FACILITY SERVICES PTY LTD,29159.21 AUD,28/09/22,3669
INV318766,Graffiti management and pressure cleaning services,Calcorp Services Pty Ltd,"$183,528.31",23-Feb-2026,3668
INV318767,Civil infrastructure services,Citywide Service Solutions Pty Ltd,75515.99,22 February 2028,3665
INV318768,Building maintenance services,Programmed Facility Management Pty Ltd,103825.09,07/10/2028,3630
INV318769,Management of Active Melbourne recreation facilities,VictorianYMCACommunityProgrammingPtyLtd,199225.74 AUD,02 December 2026,3615
INV318770,Vehicle tow away and impound services,NationwideTowingServices,163891.98,25/12/15,3585
INV318771,Open spaces management - region 2,serco,191297.17,11/09/2028,3677
INV318772,Parking technology services,Reino International Pty Ltd T/A Duncan Solutions,239133.3,05-Feb-2026,3623
INV318773,Parking technology services,Reino International Pty Ltd T/A Duncan Solutions,236756.58,28/10/29,3623
INV318774,Open spaces management - region 1,Citywide Service Solutions Pty Ltd,217233.51,25/10/2027,3676
INV318775,Management of Active Melbourne recreation facilities,Victorian Ymca Community Programming Pty Ltd,89473.99,11 December 2028,3615
INV318776,Open spaces management - region 1,Citywide Service Solutions Pty Ltd,192723.35 AUD,28 November 2026,3676
INV318777,Waste management services,cleanaway waste management limited,47020.53,25/12/29,3556
INV318778,Integrated security services,National Protective Services P/L,200400.11 AUD,03 November 2027,3686
INV318779,Building cleaning services,Menzies Internatio,196838.26,25/01/11,3634
INV318780,Tree management maintenance services,Citywide Service Solutions Pty Ltd,186960.76,13/06/2025,3678
INV318781,Street cleaning,SPOTLESS FACILITY SERVICES PTY LTD,0.0m,12-May-2029,3669
INV318782,Management of Active Melbourne recreation facilities,Victorian YMCA Community Programming Pty Ltd,0.1m,25-Jul-2026,3615
INV318783,Vehicle tow away and impound services,Cleanaway  Waste  Management  Limited,191366.67,03 December 2029,3556
INV318784,Melbourne Town Hall venue management,Showtime Event Group Pty Ltd,168631.18 AUD,27/05/19,3670
INV318785,Waste management services,Cleanaway Waste Management Limited,"$116,246.84",29/02/26,3556
INV318786,Open spaces management - region 2,SERCO (AUS),"$206,947.62",22/06/2027,3677
INV318787,Open spaces management - region 1,Citywide Service Solutions Pty Ltd (AUS),0.2m,22/05/2027,3676
INV318788,Building cleaning services,Menzies,"$229,366.47",29/02/17,3634
INV318789,Graffiti management and pressure cleaning services,Calcorp,0.1m,04/06/2026,3668
INV318790,Integrated security services,National Protective Services Pty Ltd (AU),77169.66 AUD,26/10/09,3686
INV318791,Parking technology services,Reino International Pty ,200766.76 AUD,23 July 2028,3623
INV318792,Civil infrastructure services,Citywide Serhice Solutions Pty Ltd,128158.75 AUD,23/05/2025,3665
INV318793,Graffiti management and pressure cleaning services,Calcorp Serv,9669.57,2028-08-05,3668
INV318794,Civil infrastructure services,Citywide Service Solutions Pty. Ltd.,0.2m,18/09/2025,3665
INV318795,Civil infrastructure services,CitywideServiceSolutionsPtyLtd,54508.17,28/05/2026,3665
INV318796,Open spaces management - region 1,Citywide Service Solutions Pty Ltd (AU),0.1m,17/01/2028,3676
INV318797,Parking technology services,Reino Intl Pty Ltd T/A Duncan Solutions,5902.78 AUD,18/03/2026,3623
INV318798,Civil infrastructure services,Citywide Service ,77820.12,19 July 2027,3665
INV318799,Tree management maintenance services,Citywide  Service  Solutions  Pty  Ltd,43460.89 AUD,25-Aug-2029,3678
INV318800,Integrated security services,National Protective Services Pty Ltd (AUS),91192.56,14-Nov-2028,3686
INV318801,Tree management maintenance services,Citywide Service Solutions Ptb Ltd,0.1m,12-May-2025,3678
INV318802,Parking technology services,Reino International Pty Ltd T/A Dunzan Solutions,12595.5 AUD,26/01/2029,3623
INV318803,Parking technology services,Reino International Pty Ltd T/A Duncan Solutions,93807.42,03 February 2029,3623
INV318804,Vehicle tow away and impound services,Calcorp Serv,55231.46,25 August 2027,3668
INV318805,Open spaces management - region 2,SERCO,"$15,607.38",,3677
INV318806,Building maintenance services,Programmed Facility Management Pty Ltd (AU),176233.52,02/09/2028,3630
INV318807,Civil infrastructure services,Citywide Service Solutions P/L,0.1m,2029-08-12,3665
INV318808,Waste management services,Cleanaway Waste Management LTD,101640.88 AUD,10 February 2026,3556
INV318809,Street cleaning,Spotless Facility Services P/L,61901.51 AUD,26/09/17,3669
INV318810,Integrated security services,National  Protective  Services  Pty  Ltd,117734.18,15-Dec-2028,3686
INV318811,Civil infrastructure services,Citywide Service Solutions Pty Ltd,171910.03 AUD,22 May 2026,3665
INV318812,Parking technology services,Reino  International  Pty  Ltd  T/A  Duncan  Solutions,180311.81,29-Jun-2026,3623
INV318813,Waste management services,Cleanaway Waswe Management Limited,16919.28 AUD,22 June 2027,3556
INV318814,Building maintenance services,Programmed  Facility  Management  Pty  Ltd,193791.32,04/02/2028,3630
INV318815,Civil infrastructure services,Citywide Service Solutions P/L,0.2m,20 September 2025,3665
INV318816,Vehicle tow away and impound services,Nationwide  Towing  Services,0.2m,28-Nov-2025,3585
INV318817,Waste management services,Cleanaway Waste Management Ltd,0.1m,28/05/2028,3556
INV318818,Graffiti management and pressure cleaning services,Calcorp Serv,0.1m,08/01/2028,3668
INV318819,Street cleaning,Spotless Facility Services Pty Ltd (AUS),"$234,888.34",28/10/2026,3669
INV318820,Graffiti management and pressure cleaning services,Calcorp Services Pty Ltd,"$166,418.06",06-Jun-2029,3668
INV318821,Street cleaning,Spoeless Facility Services Pty Ltd,0.1m,2025-05-27, 
INV318822,Street cleaning,Spotless Facility Services Pty Ltd,"$161,633.4",17-Jun-2029,3669
INV318823,Management of Active Melbourne recreation facilities,VictorianYMCACommunityProgrammingPtyLtd,"$120,333.17",07-May-2027,3615
INV318824,Open spaces management - region 1,Citywide Service Solutions Pty Ltd,"$88,563.93",2029-08-08,3676
INV318825,Open spaces management - region 2,SERCO,118867.83,24/09/2026,3677
INV318826,Open spaces management - region 2,SERCO,148130.37,22/09/2026,3677
INV318827,Parking technology services,Reino Int’l Pty Ltd T/A Duncan Solutions,182029.18,29 April 2029,3623
INV318828,Open spaces management - region 1,Citywide  Service  Solutions  Pty  Ltd,85024.2,26/07/08,3676
INV318829,Tree management maintenance services,Citywide Service Solutions Pty Ltd,90375.65,13/12/2025,3678
INV318830,Tree management maintenance services,Citywide,241073.35,25-Jan-2028,3678
INV318831,Building cleaning services,Menzies,239457.63 AUD,12/08/2025,3634
INV318832,Street cleaning,SpotlessFacilityServicesPtyLtd,166162.99,2028-05-22,3669
INV318833,Graffiti management and pressure cleaning services,calcorp services pty ltd,,2027-09-18,3668
INV318834,Building cleaning services,Menzies International (Aust) Pty Ltd,6588.38,03/10/2029,3634
INV318835,Waste management services,CleanawayWasteManagementLimited,237631.71,10 January 2025,3556
INV318836,Tree management maintenance services,Calcorp  Services  Pty  Ltd,"$50,720.69",2029-10-03,3668
INV318837,Building maintenance services,Programmed Facility Management Pty Ltd (AU),"$218,440.7",2025-01-10,3630
INV318838,Graffiti management and pressure cleaning services,Calcorp Services P/L,67349.92,06/03/2029, 
INV318839,Building cleaning services,Menzies  International  (Aust)  Pty  Ltd,201922.43 AUD,28/07/04,3634
INV318840,Street cleaning,Spotless Facility Services Pty Ltd (AU),"$55,767.59",22/12/2025,3669
INV318841,Melbourne Town Hall venue management,Showtime  Event  Group  Pty  Ltd,13119.71,27/11/07,3670
INV318842,Graffiti management and pressure cleaning services,Calcorp Services Pty Ltd,0.2m,2028-04-10,3668
INV318843,Graffiti management and pressure cleaning services,calcorp services pty ltd,167677.87,10/11/2028,3668
INV318844,Civil infrastructure services,Citywide Service Solutions Pty Ltd,"$109,645.16",06/07/2025,3665
INV318845,Open spaces management - region 1,CITYWIDE SERVICE SOLUTIONS PTY LTD,218600.63,2027-06-12,3676
INV318846,Civil infrastructure services,CitywideServiceSolutionsPtyLtd,214499.73,2027-05-22,3665
INV318847,Integrated security services,Spotless Facility Services Pty Ltd,144479.45,07 May 2025,3669
INV318848,Tree management maintenance services,Citywide Service Solutions Pty Ltd (AUS),75986.9 AUD,01 February 2029,3678
INV318849,Graffiti management and pressure cleaning services,Calcorp Services Pty Ltd,73369.23 AUD,20 February 2028,3668
INV318850,Building maintenance services,Programmed Facility Management P/L,0.1m,2027-05-22,3630
INV318851,Open spaces management - region 1,Citywide Service ,329.25,2025-08-08,3676
INV318852,Tree management maintenance services,Citywide Service Solutions Pty Ltd (AUS),79883.24,02/04/2026,3678
INV318853,Integrated security services,National Protectiv,"$214,338.66",22/02/2025,3686
INV318854,Tree management maintenance services,Citywide Service Solutions Pty Ltd,111844.93,15/01/2026,3678
INV318855,Building maintenance services,Programmed Facility Mgmt Pty Ltd,53072.99,2027-10-22,3630
INV318856,Open spaces management - region 2,SERCO,31798.79,04-Apr-2025,3677
INV318857,Waste management services,Cleanaway Waste Management Limited (AUS),243874.32 AUD,31/05/2027,3556
INV318858,Tree management maintenance services,Citywide Service Solutions Pty Ltd (AU),"$34,732.54",28/07/26,3678
INV318859,Parking technology services,reino international pty ltd t/a duncan solutions,132220.42,21/08/2026,3623
INV318860,Open spaces management - region 1,Citywide Service Solutions Pty Ltd,225825.02 AUD,31-Mar-2027,3676
INV318861,Integrated security services,National,0.1m,13 August 2026,3686
INV318862,Building maintenance services,ProgrammedFacilityManagementPtyLtd,132524.66,18/01/2025,3630
INV318863,Street cleaning,Spotless Facility Services Pty Ltd (AUS),"$201,743.01",31/07/2026,3669
INV318864,Vehicle tow away and impound services,Nationwide Towing Services,93662.17,2026-05-11,3585
INV318865,Graffiti management and pressure cleaning services,Calcorp Services Pty Ltd (AUS),"$242,384.09",2028-04-12,3668
INV318866,Open spaces management - region 2,National Protective Services Pty Ltd (AUS),49963.35,03/09/2026,3686
INV318867,Civil infrastructure services,CITYWIDE SERVICE SOLUTIONS PTY LTD,133422.91,15 February 2028,3665
INV318868,Parking technology services,Reino International Pty Ltd T/A Duncan Solutions (AUS),0.2m,01 February 2029,3623
INV318869,Open spaces management - region 1,Citywide Service Solutions Pty Ltd,"$117,682.05",16/06/2028,3676
INV318870,Melbourne Town Hall venue management,Showtime  Event  Group  Pty  Ltd,124624.76 AUD,28-May-2027,3670
INV318871,Open spaces management - region 2,Serco,"$3,828.84",01/08/2028,3677
INV318872,Open spaces management - region 2,SERCO,192208.7,09 January 2028,3677
INV318873,Tree management maintenance services,Citywide Service Solutions Pty Ltd,"$212,684.18",14-Mar-2025,3678
INV318874,Building cleaning services,Menzies  International  (Aust)  Pty  Ltd,21534.64,07 July 2026,3634
INV318875,Building maintenance services,Programmed Facility Management Pty Ltd,"$60,852.59",24 April 2025,3630
INV318876,Civil infrastructure services,Citywide Service ,173320.68,01/07/2029,3665
INV318877,Integrated security services,National Protective Services Pty Ltd,0.2m,2029-02-19,3686
INV318878,Civil infrastructure services,Citywide Service Solutions Pty Ltd,0.2m,28/09/20,3665
INV318879,Waste management services,Cleanaway Waste Management Ltd,"$184,832.16",27/07/2026,3556
INV318880,Vehicle tow away and impound services,Nationwide Towing Services,0.1m,05/09/2026,3585
INV318881,Civil infrastructure services,Citywide Service Solutions Pty Ltd,111993.67,06 June 2028,3665
INV318882,Building cleaning services,Menzies International (Aust) Pty Ltd,28031.61,28/05/29,3634
INV318883,Civil infrastructure services,Citywide Service Solutions Pty Ltd (AUS),"$138,930.56",15/02/2029,3665
INV318884,Street cleaning,Spotless Facility Services Pty Ltd (AU),"$91,140.06",06-Apr-2026,3669
INV318885,Building maintenance services,Programmed Facility Management Pty Ltd (AU),187981.95 AUD,2026-09-02,3630
INV318886,Melbourne Town Hall venue management,Showtime Event Group Pty Ltd,172997.27 AUD,26 March 2029,3670
INV318887,Open spaces management - region 2,SERCO,107489.7 AUD,30-Jun-2026,3677
INV318888,Building maintenance services,Programmed Facility Mgmt Pty Ltd,204402.87,26/10/27,3630
INV318889,Parking technology services,Reino Intl Pty Ltd T/A Duncan Solutions,156347.48,02/10/2029,3623
INV318890,Open spaces management - region 2,Serco,237825.29,25/03/12,3677
INV318891,Street cleaning,Spotless,84578.56 AUD,23-Feb-2029,3669
INV318892,Civil infrastructure services,CitywideServiceSolutionsPtyLtd,220675.82,04/12/2028,3665
INV318893,Building cleaning services,MENZIES INTERNATIONAL (AUST) PTY LTD,13487.89,08-Sep-2026,3634
INV318894,Graffiti management and pressure cleaning services,Calcorp Services Pty Ltd (AUS),0.2m,19/06/2029,3668
INV318895,Open spaces management - region 1,Citywide Service Solurions Pty Ltd,"$5,127.21",2028-02-25,3676
INV318896,Melbourne Town Hall venue management,Showtime Event Group P/L,0.2m,26/06/19,3670
INV318897,Graffiti management and pressure cleaning services,calcorp services pty ltd,3927.38,27/05/2028,3668
INV318898,Integrated security services,National Prmtective Services Pty Ltd,0.2m,2025-12-27,3686
INV318899,Civil infrastructure services,Citywide Service Solutions P/L,"$20,708.81",16/02/2026, 
INV318900,Civil infrastructure services,Citywide Service Solutions Pty Ltd,28460.15,12-Oct-2025, 
INV318901,Tree management maintenance services,NATIONAL PROTECTIVE SERVICES PTY LTD,91385.27,29/03/2027,3686
INV318902,Building cleaning services,Menzies Internatio,22898.39,15 October 2026,3634
INV318903,Graffiti management and pressure cleaning services,CALCORP SERVICES PTY LTD,"$230,035.36",01-Feb-2026,3668
INV318904,Management of Active Melbourne recreation facilities,VictorianYMCACommunityProgrammingPtyLtd,,26/03/14,3615
INV318905,Parking technology services,Reino International Pty Ltd T/A Duncan Solutions (AUS),0.2m,06/10/2029,3623
INV318906,Building cleaning services,Menzies  International  (Aust)  Pty  Ltd,202177.62 AUD,25 April 2026,3634
INV318907,Open spaces management - region 1,Citywide Service Solutions Pty Ltd,"$100,839.87",22 May 2026,3676
INV318908,Melbourne Town Hall venue management,Showtime,113029.74,16 April 2029,3670
INV318909,Open spaces management - region 1,citywide service solutions pty ltd,19582.82,17/04/2026,3676
INV318910,Vehicle tow away and impound services,Nationwide wowing Services,178239.43,30/01/2029,3585
INV318911,Management of Active Melbourne recreation facilities,Victorian,"$207,782.15",27/05/24,3615
INV318912,Graffiti management and pressure cleaning services,Calcorp,226326.48,05-Jul-2029,3668
INV318913,Vehicle tow away and impound services,NationwideTowingServices,219216.64 AUD,2026-04-17,3585
INV318914,Graffiti management and pressure cleaning services,Calcorp Services Pty Ltd,78762.34,12/02/2027,3668
INV318915,Open spaces management - region 1,Citywide  Service  Solutions  Pty  Ltd,141854.39,28/02/13,3676
INV318916,Tree management maintenance services,CITYWIDE SERVICE SOLUTIONS PTY LTD,180850.67,01/10/2027,3678
INV318917,Tree management maintenance services,Citywide Service Solutions Pty Ltd (AU),"$167,077.13",2025-01-08,3678
INV318918,Building maintenance services,CALCORP SERVICES PTY LTD,147583.29,31 March 2027, 
INV318919,Tree management maintenance services,Citywide,246284.33,08-Feb-2025,3678
INV318920,Street cleaning,Spotless  Facility  Services  Pty  Ltd,2083.93 AUD,22/06/2029,3669
INV318921,Open spaces management - region 1,CitywideServiceSolutionsPtyLtd,11355.94 AUD,03 May 2026,3676
INV318922,Civil infrastructure services,Citywide Service Solutions P/L,215295.0 AUD,26/09/23,3665
INV318923,Parking technology services,Reino International P/L T/A Duncan Solutions,50702.97 AUD,2027-05-11,3623
INV318924,Melbourne Town Hall venue management,Showtime,134076.15 AUD,05 December 2026,3670
INV318925,Graffiti management and pressure cleaning services,CalcorpServicesPtyLtd,0.1m,25/05/16,3668
INV318926,Building cleaning services,Menzies International (Aust) Pty. Ltd.,0.2m,26/01/2025,3634
INV318927,Waste management services,Cleanaway  Waste  Management  Limited,"$43,799.27",2027-06-22,3556
INV318928,Civil infrastructure services,Citywide Service Solutions Pty Ltd,165293.04 AUD,13 November 2026,3665
INV318929,Building maintenance services,Programmed Facility Management Pty. Ltd.,138173.32,2028-03-08,3630
INV318930,Melbourne Town Hall venue management,Showtime  Event  Group  Pty  Ltd,"$195,170.51",02/07/2025,3670
INV318931,Integrated security services,National,"$79,747.95",28/10/16,3686
INV318932,Street cleaning,Spotless Facility Services Pty Ltd,"$85,839.76",11/01/2025,3669
INV318933,Graffiti management and pressure cleaning services,Calcorp Services Pty Ltd,72684.89 AUD,26/05/15,3668
INV318934,Building cleaning services,Menzies  International  (Aust)  Pty  Ltd,0.1m,10/01/2028,3634
INV318935,Integrated security services,National Protective Services Pty. Ltd.,128965.12,2026-02-13,3686
INV318936,Graffiti management and pressure cleaning services,Calcorp  Services  Pty  Ltd,0.2m,26 January 2029,3668
INV318937,Civil infrastructure services,NationwideTowingServices,140089.14 AUD,07 July 2026,3585
INV318938,Vehicle tow away and impound services,Nationwide  Towing  Services,0.2m,17 May 2026,3585
INV318939,Melbourne Town Hall venue management,showtime event group pty ltd,0.1m,22/08/2026,3670
INV318940,Waste management services,Cleanaway Waste Management Ltd,206554.58,16-Sep-2029, 
INV318941,Building maintenance services,Programmed Facility Management Pty ttd,"$82,578.38",20-Mar-2026,3630
INV318942,Vehicle tow away and impound services,Nationwide Towing Services (AUS),128720.39 AUD,16 July 2026,3585
INV318943,Melbourne Town Hall venue management,showtime event group pty ltd,243201.54 AUD,07 January 2029,3670
INV318944,Tree management maintenance services,CITYWIDE SERVICE SOLUTIONS PTY LTD,149450.57,25-Oct-2025,3678
INV318945,Management of Active Melbourne recreation facilities,VictorianYMCACommunityProgrammingPtyLtd,0.0m,03/06/2028,3615
INV318946,Open spaces management - region 2,SERCO,"$52,068.76",2029-04-25,3677
INV318947,Open spaces management - region 2,SERCO,57953.78,29/07/27,3677
INV318948,Building cleaning services,Nationwide Towing Services (AU),"$53,729.83",05 February 2025,3585
INV318949,Building cleaning services,Menzies International (Aust) Ply Ltd,134824.42,06-Apr-2027,3634
INV318950,Integrated security services,National Protective Services P/L,185315.74,11/10/2026,3686
INV318951,Graffiti management and pressure cleaning services,Calcorp Services Pty Ltd,234215.82 AUD,2026-07-25,3668
INV318952,Waste management services,Cleanaway,"$87,591.64",19/02/2025,3556
INV318953,Civil infrastructure services,Citywide Service Solutions P/L,0.1m,2026-01-26,3665
INV318954,Tree management maintenance services,Citywide Service Solutions Pty Ltd,41659.15,05/07/2029,3678
INV318955,Graffiti management and pressure cleaning services,Calcorp Services Pty. Ltd.,"$100,701.55",17 April 2026,3668
INV318956,Building cleaning services,Menzies Internatio,126015.58,23/08/2026,3634
INV318957,Street cleaning,Spotless Facility Services P/L,0.2m,10-Oct-2026,3669
INV318958,Building maintenance services,programmed facility management pty ltd,0.2m,05/01/2025,3630
INV318959,Open spaces management - region 1,Citywide Service Solutions Pty Ltd (AUS),"$95,106.46",20/01/2028,3676
INV318960,Parking technology services,reino international pty ltd t/a duncan solutions,65498.5,24-Mar-2027,3623
INV318961,Civil infrastructure services,Citywide Service Solutions Pty. Ltd.,23214.7 AUD,14/10/2028,3665
INV318962,Tree management maintenance services,Citywide Service Solutions Pty Ltd (AU),"$129,813.11",13-Jul-2027,3678
INV318963,Parking technology services,Reizo International Pty Ltd T/A Duncan Solutions,88969.46,06-Jul-2028,3623
INV318964,Open spaces management - region 1,CITYWIDE SERVICE SOLUTIONS PTY LTD,162291.27,03-Feb-2026,3676
INV318965,Tree management maintenance services,Citywide Service Solutions Pty Ltd,0.1m,28/09/26,3678
INV318966,Street cleaning,SPOTLESS FACILITY SERVICES PTY LTD,230225.82 AUD,2025-09-21,3669
INV318967,Parking technology services,Reino International Pty Ltd T/A Duncan Solutions,0.0m,03 March 2025,3623
INV318968,Waste management services,Cleanaway Waste Management Limited,192939.13,29/04/22,3556
INV318969,Tree management maintenance services,Citywide,,29/01/11,3678
INV318970,Integrated security services,National Protectiv,"$68,820.48",26/03/2026,3686
INV318971,Tree management maintenance services,Citywide,189585.28,10 June 2026,3678
INV318972,Building cleaning services,Menzies International (Aust) Pty Ltd,102985.89 AUD,2025-01-09,3634
INV318973,Graffiti management and pressure cleaning services,Calcorp Services Pty Ltd,197103.76 AUD,27/02/2028,3668
INV318974,Open spaces management - region 1,Citywidb Service Solutions Pty Ltd,95378.16 AUD,15/06/2029,3676
INV318975,Building cleaning services,Menzies International (Aust) Pty. Ltd.,242669.12,07 January 2026,3634
INV318976,Graffiti management and pressure cleaning services,Calcorp Services P/L,"$27,001.38",27/12/05,3668
INV318977,Melbourne Town Hall venue management,Showtime Event Group Pty Lti,"$75,024.97",18/03/2025,3670
INV318978,Tree management maintenance services,Citybide Service Solutions Pty Ltd,0.1m,28 December 2026,3678
INV318979,Integrated security services,National,62288.04 AUD,25/05/2027,3686
INV318980,Vehicle tow away and impound services,Nationwide Towing Services,133825.46,21/06/2029,3585
INV318981,Waste management services,Cleanaway Waste Management Limited,0.1m,19-Dec-2029,3556
INV318982,Building maintenance services,ProgrammedFacilityManagementPtyLtd,"$207,182.89",14 June 2026,3630
INV318983,Management of Active Melbourne recreation facilities,Victorian YMCA Community Programming Pty Ltd,173547.99,17/10/2026,3615
INV318984,Integrated security services,national protective services pty ltd,0.1m,15-Aug-2026,3686
INV318985,Building maintenance services,Programmed Facility Mgmt Pty Ltd,13776.83 AUD,2029-01-04,3630
INV318986,Waste management services,Cleanaway Waste Management Limited,"$111,979.52",28/01/11,3556
INV318987,Waste management services,Cleanaway Waste Management Limited,0.2m,23/09/2029,3556
INV318988,Building cleaning services,Menzijs International (Aust) Pty Ltd,99858.73,2028-08-05,3634
INV318989,Integrated security services,National Protective Services Pty. Ltd.,0.2m,12-Mar-2027,3686
INV318990,Vehicle tow away and impound services,Nationwide Towing Services,226210.98,17 December 2028,3585
INV318991,Waste management services,Cleanaway Waste Management LTD,159955.63,2026-06-08,3556
INV318992,Integrated security services,National Protective Services Pty. Ltd.,"$68,059.5",2027-01-14, 
INV318993,Integrated security services,NationalProtectiveServicesPtyLtd,167263.01,26/03/27,3686
INV318994,Street cleaning,Spotless Facility Services Pty Ltd,87251.78,2027-08-28, 
INV318995,Graffiti management and pressure cleaning services,Calcorp Services Pty Ltd,248741.21,16 October 2027,3668
INV318996,Street cleaning,Spotless Facility Services Pty Ltd,237756.37,10 May 2027,3669
INV318997,Integrated security services,NationalProtectiveServicesPtyLtd,162212.6,26-Dec-2026,3686
INV318998,Waste management services,CleanawayWasteManagementLimited,"$248,568.5",2025-09-18,3556
INV318999,Integrated security services,National Protective Services P/L,0.1m,28/11/13,3686
INV319000,Melbourne Town Hall venue management,Showtige Event Group Pty Ltd,0.1m,2028-04-13,3670
