InvoiceID,ContractTitle,Provider,InvoiceAmount,InvoiceDate,ContractNumber
INV201001,Graffiti management and pressure cleaning services,Calcorp Serv,3511.29,26/10/14,3668
INV201002,Tree management maintenance services,Citywide Service Solutions P/L,0.0m,2029-10-16,3678
INV201003,Street cleaning,spotless facility services pty ltd,0.1m,03 October 2028,3669
INV201004,Melbourne Town Hall venue management,Showtime,15201.92,13/09/2026,3670
INV201005,Civil infrastructure services,Citywide Service Solutions Pty Ltd (AUS),47492.77,28/12/28,3665
INV201006,Parking technology services,Reino International P/L T/A Duncan Solutions,115238.3,11-Mar-2028,3623
INV201007,Vehicle tow away and impound services,Nationwide,148114.83 AUD,12-Dec-2029,3585
INV201008,Vehicle tow away and impound services,nationwide towing services,0.2m,29/12/29,3585
INV201009,Building maintenance services,Programmed Facility Management Pty Ltd (AU),217040.78 AUD,29/12/01,3630
INV201010,Open spaces management - region 2,SERCO,165214.66,25/10/2028,3677
INV201011,Open spaces management - region 1,Citywide Service Solutions Pty Ltd (AU),39377.04,09/05/2028, 
INV201012,Integrated security services,National krotective Services Pty Ltd,197224.45 AUD,03/04/2027,3686
INV201013,Open spaces management - region 2,aERCO,54784.27 AUD,12/01/2027,3677
INV201014,Vehicle tow away and impound services,Nationwide Towing Services,120174.41,03/02/2025,3585
INV201015,Building cleaning services,Menzies International (Aust) Pty Ltd,139440.53 AUD,29/12/06,3634
INV201016,Management of Active Melbourne recreation facilities,Victorian YMCA Community Programming Pty Ltd,159122.81,11-Jun-2029,3615
INV201017,Street cleaning,Spotless,31788.16 AUD,15-Nov-2028,3669
INV201018,Waste management services,Cleanaway Waste Management LTD,79996.87,2027-04-04,3556
INV201019,Integrated security services,NATIONAL PROTECTIVE SERVICES PTY LTD,"$7,766.38",29/09/2026,3686
INV201020,Vehicle tow away and impound services,Nationwide Towing Services,227813.85,25/09/25,3585
INV201021,Building maintenance services,Programmed Facility Management Pty. Ltd.,"$99,349.65",2028-08-27,3630
INV201022,Building maintenance services,Programmed Facility Management P/L,"$156,831.67",20 November 2029,3630
INV201023,Waste management services,Cleanaway Waste M,185123.17,2025-08-24,3556
INV201024,Tree management maintenance services,Citywide,185409.19,08 March 2028,3678
INV201025,Open spaces management - region 1,Citywide Service Solutions Pty. Ltd.,158173.75,2025-02-14,3676
INV201026,Open spaces management - region 1,Citywide,155301.22,22/12/2027,3676
INV201027,Open spaces management - region 1,Citywide Service Solutions Pty Ltd (AUS),204312.3 AUD,06/05/2029,3676
INV201028,Integrated security services,National Protective Services Pty Ltd,"$150,973.35",23 May 2027,3686
INV201029,Open spaces management - region 1,CITYWIDE SERVICE SOLUTIONS PTY LTD,"$65,379.23",05-Apr-2027,3676
INV201030,Open spaces management - region 1,CITYWIDE SERVICE SOLUTIONS PTY LTD,"$133,683.32",26/10/16,3676
INV201031,Melbourne Town Hall venue management,showtime event group pty ltd,"$134,744.53",22 October 2027,3670
INV201032,Graffiti management and pressure cleaning services,Calcorp Services Pty Ltd,115692.68 AUD,2026-08-20,3668
INV201033,Melbourne Town Hall venue management,Showtime Event Group Pty Ltd,"$10,564.74",25/05/18,3670
INV201034,Melbourne Town Hall venue management,Showtime Event Group Pty Ltd,129540.1,17 January 2026,3670
INV201035,Integrated security services,Calcorp Services P/L,226393.02 AUD,15/05/2029,3668
INV201036,Parking technology services,Reino International P/L T/A Duncan Solutions,109212.65 AUD,2029-03-31,3623
INV201037,Civil infrastructure services,CITYWIDE SERVICE SOLUTIONS PTY LTD,0.1m,25/04/01, 
INV201038,Tree management maintenance services,Citywide Service Solutionb Pty Ltd,199218.7,09/01/2025,3678
INV201039,Street cleaning,SpotlessFacilityServicesPtyLtd,168306.42 AUD,13-Aug-2026,3669
INV201040,Integrated security services,National Protective Sorvices Pty Ltd,223589.63 AUD,26/05/2026,3686
INV201041,Building cleaning services,Menzies International (Aust) Pty Ltd (AU),101537.62 AUD,08-Aug-2026,3634
INV201042,Open spaces management - region 1,CITYWIDE SERVICE SOLUTIONS PTY LTD,156521.26 AUD,10/11/2026,3676
INV201043,Civil infrastructure services,Citywide Service Solutions Pty Ltd,57392.0,29/04/2029,3665
INV201044,Building maintenance services,Programmed Facility Management Pty Ltd,0.2m,27/05/20,3630
INV201045,Street cleaning,Spotless Facility Services Pty Ltd (AU),219647.78 AUD,25/04/28,3669
INV201046,Graffiti management and pressure cleaning services,Calcorp Services Pty Ltd,111114.85 AUD,25/08/25,3668
INV201047,Melbourne Town Hall venue management,Showtime,0.1m,10/12/2027,3670
INV201048,Vehicle tow away and impound services,menzies international (aust) pty ltd,"$133,418.14",24 September 2026,3634
INV201049,Open spaces management - region 2,Serco,"$106,535.53",26-Jan-2026,3677
INV201050,Tree management maintenance services,CitywideServiceSolutionsPtyLtd,14349.76,01 February 2026,3678
INV201051,Vehicle tow away and impound services,NationwideTowingServices,39197.43,08-Sep-2025,3585
INV201052,Street cleaning,Spotless Facility Services Pty Ltd,51867.92,2028-04-14,3669
INV201053,Melbourne Town Hall venue management,Showtime Event Group Pty Lqd,,31 May 2029,3670
INV201054,Building maintenance services,Programmed Facility Management Pty Ltd (AU),41624.02,31 May 2026,3630
INV201055,Open spaces management - region 1,Citywide Service Solutions Pty Ltd,145305.13,04 February 2027,3676
INV201056,Open spaces management - region 1,Citywide Service Solutions Pty Ltd,245178.83 AUD,14-Sep-2029,3676
INV201057,Melbourne Town Hall venue management,Showtime Event Group Pty Ltd,111234.9,05/07/2029,3670
INV201058,Management of Active Melbourne recreation facilities,Victorian YMCA Community Programming Pty Ltd (AU),"$90,967.7",2027-10-14, 
INV201059,Open spaces management - region 2,serco,103622.68 AUD,10/04/2025,3677
INV201060,Open spaces management - region 1,Citywide Service ,170532.52,02-Aug-2026,3676
INV201061,Building maintenance services,Programmed Facility Management Pty Ltd,0.2m,17/11/2026,3630
INV201062,Integrated security services,National Protective Services Pty Ltd,0.0m,26 December 2029,3686
INV201063,Management of Active Melbourne recreation facilities,Victorian YMCA Community Programaing Pty Ltd,88373.42 AUD,28/08/31,3615
INV201064,Open spaces management - region 2,SERCO,0.2m,16-Apr-2029,3677
INV201065,Melbourne Town Hall venue management,Showtime Event Group Pty Ltd (AUS),"$21,236.26",22/03/2026,3670
INV201066,Integrated security services,National Protective Services Pty Ltd (AU),12894.22,15/07/2025,3686
INV201067,Tree management maintenance services,Citywide Service Solutions Pty Ltd (AU),"$218,133.23",25/06/10,3678
INV201068,Graffiti management and pressure cleaning services,CalcorpServicesPtyLtd,0.2m,2028-12-15,3668
INV201069,Open spaces management - region 1,Citywide  Service  Solutions  Pty  Ltd,0.2m,14-Sep-2027,3676
INV201070,Open spaces management - region 2,serco,209740.55,13 November 2029,3677
INV201071,Parking technology services,Reino International Pty Ltd T/A Duncan Solutions (AU),221721.44 AUD,2025-12-05,3623
INV201072,Integrated security services,National Protective Services P/L,196336.44,26/06/04,3686
INV201073,Building cleaning services,Menzies International (Aust) Pty Ltd (AUS),213300.5 AUD,, 
INV201074,Building maintenance services,PROGRAMMED FACILITY MANAGEMENT PTY LTD,"$44,472.22",02-Mar-2025,3630
INV201075,Melbourne Town Hall venue management,Showtime Event Group P/L,207652.97,01/12/2026,3670
INV201076,Civil infrastructure services,Citywide Service Solutions Pty Ltd (AU),38902.41 AUD,2025-03-01,3665
INV201077,Management of Active Melbourne recreation facilities,Victorian YMCA Community Programming Pty Ltd (AUS),25125.1,29/08/07,3615
INV201078,Integrated security services,National  Protective  Services  Pty  Ltd,0.0m,14 August 2025,3686
INV201079,Building cleaning services,Programmed Facility Management Pty Ltd (AU),"$240,494.86",01/02/2028,3630
INV201080,Waste management services,CleanawayWasteManagementLimited,"$73,354.82",28 May 2026,3556
INV201081,Management of Active Melbourne recreation facilities,Victorian Ymca Community Programming Pty Ltd,18887.27,07/09/2029,3615
INV201082,Street cleaning,Spotless Facility Services Pty Ltd (AUS),0.1m,27/05/10,3669
INV201083,Melbourne Town Hall venue management,ShowtimeEventGroupPtyLtd,"$120,005.2",2026-04-16,3670
INV201084,Civil infrastructure services,CitywideServiceSolutionsPtyLtd,"$49,253.86",08/11/2027,3665
INV201085,Graffiti management and pressure cleaning services,Calcorp Services Pty Ltd,"$199,557.06",23-Mar-2027,3668
INV201086,Vehicle tow away and impound services,Nationwide,203223.25,25/03/2029,3585
INV201087,Waste management services,Cleanaway Waste Management Limited,0.2m,15/08/2026, 
INV201088,Waste management services,cleanaway waste management limited,0.2m,29/10/24,3556
INV201089,Building cleaning services,MENZIES INTERNATIONAL (AUST) PTY LTD,54798.07 AUD,11 August 2029,3634
INV201090,Waste management services,Showtime Event Grgup Pty Ltd,"$193,113.53",26/03/04,3670
INV201091,Building maintenance services,Programmed Facility Management Pty Ltd (AUS),128254.65 AUD,07/04/2027,3630
INV201092,Management of Active Melbourne recreation facilities,VictorianYMCACommunityProgrammingPtyLtd,6605.64,07 May 2029,3615
INV201093,Open spaces management - region 1,Citywide Service Solutions Pty Ltd,96966.71,2027-08-04,3676
INV201094,Open spaces management - region 1,Citywide Service Solutions P/L,99559.75,14 January 2028,3676
INV201095,Graffiti management and pressure cleaning services,CalcorptServices Pty Ltd,120059.44,17 August 2028,3668
INV201096,Civil infrastructure services,Citywide Service Solutions P/L,175529.6,02 April 2029,3665
INV201097,Vehicle tow away and impound services,Nationwide Towing Services (AU),53238.23,12/05/2028,3585
INV201098,Open spaces management - region 2,SERCO,"$37,611.3",2028-10-13,3677
INV201099,Open spaces management - region 2,SERCO,101614.73,04 March 2026,3677
INV201100,Graffiti management and pressure cleaning services,Calcorp Services Pty Ltd (AU),"$178,084.34",17/01/2027,3668
INV201101,Street cleaning,Spotless Facility Services Pty Ltd,187080.58,10 August 2026,3669
INV201102,Tree management maintenance services,CitywideServiceSolutionsPtyLtd,73918.57,06/09/2027,3678
INV201103,Vehicle tow away and impound services,NATIONWIDE TOWING SERVICES,"$45,284.47",06 October 2025,3585
INV201104,Melbourne Town Hall venue management,showtime event group pty ltd,122471.39 AUD,26-Apr-2025,3670
INV201105,Melbourne Town Hall venue management,Showtime Event Group P/L,"$100,645.92",01-Jul-2026,3670
INV201106,Melbourne Town Hall venue management,Showtime Event Group Pty. Ltd.,164207.69,2028-11-30,3670
INV201107,Tree management maintenance services,citywide service solutions pty ltd,81340.58,11-Feb-2027,3678
INV201108,Parking technology services,Reino International Pty Ltd T/A Duncan Solutions,217888.87 AUD,15 February 2026,3623
INV201109,Parking technology services,Reino International Pty Ltd T/A Duncan Solutions (AU),0.1m,10 August 2026,3623
INV201110,Management of Active Melbourne recreation facilities,victorian ymca community programming pty ltd,25134.57,06/06/2026,3615
INV201111,Building cleaning services,Menzies International (Aust) Pty Ltd,239545.59 AUD,25/04/16,3634
INV201112,Tree management maintenance services,CITYWIDE SERVICE SOLUTIONS PTY LTD,0.0m,27/07/26,3678
INV201113,Management of Active Melbourne recreation facilities,Victorian YMCA Community Programming Pty Ltd (AU),162259.57,10/12/2029,3615
INV201114,Management of Active Melbourne recreation facilities,Victorian,"$86,530.05",2028-09-24,3615
INV201115,Open spaces management - region 2,SERCO (AU),201635.47,25/09/23,3677
INV201116,Management of Active Melbourne recreation facilities,Victorian Ymca Community Programming Pty Ltd,0.1m,27/12/11,3615
INV201117,Open spaces management - region 1,Citywide Service Solutions P/L,0.2m,2025-01-05,3676
INV201118,Building maintenance services,Programmed Facility Mjnagement Pty Ltd,169934.09 AUD,03-Jan-2028,3630
INV201119,Street cleaning,Spotless Facility Services Pty Ltd,"$59,525.23",2028-09-01,3669
INV201120,Civil infrastructure services,SERCO (AUS),0.1m,17-Jan-2028,3677
INV201121,Graffiti management and pressure cleaning services,Calcorp Services Pty Ltd (AUS),183994.03 AUD,2027-06-10,3668
INV201122,Open spaces management - region 1,CitywideServiceSolutionsPtyLtd,"$246,389.76",25/02/18,3676
INV201123,Street cleaning,Spotless Facility Services Pty Ltd (AUS),240300.0,2027-06-13,3669
INV201124,Management of Active Melbourne recreation facilities,VICTORIAN YMCA COMMUNITY PROGRAMMING PTY LTD,136153.63 AUD,25/07/05,3615
INV201125,Building maintenance services,Programmed Facility Management Pty Ltd (AUS),151641.65 AUD,2025-12-15, 
INV201126,Street cleaning,Spotless Facility Services Pty Ltd,163493.01,20/06/2029,3669
INV201127,Building cleaning services,Menzies  International  (Aust)  Pty  Ltd,0.1m,08 November 2027,3634
INV201128,Open spaces management - region 2,Serco,34620.11 AUD,2028-03-04,3677
INV201129,Management of Active Melbourne recreation facilities,Victorian Ymca Community Programming Pty Ltd,66531.0 AUD,22-May-2028,3615
INV201130,Waste management services,Cleanaway,156521.98,2028-07-16,3556
INV201131,Vehicle tow away and impound services,NATIONWIDE TOWING SERVICES,0.2m,2029-01-17,3585
INV201132,Melbourne Town Hall venue management,SHOWTIME EVENT GROUP PTY LTD,166092.98,24/10/2026,3670
INV201133,Melbourne Town Hall venue management,ShowtimeEventGroupPtyLtd,"$147,764.1",04 September 2025,3670
INV201134,Integrated security services,National Protective Services Pty Ltd (AUS),85008.45,19 April 2025,3686
INV201135,Building cleaning services,Menzies,172060.32 AUD,31/03/2025,3634
INV201136,Open spaces management - region 1,Citywide Service Solutions Pty Ltd (AUS),"$197,585.74",2029-10-24,3676
INV201137,Tree management maintenance services,Citywide Service Solutions Pty Ltd,177898.63,12/07/2028,3678
INV201138,Civil infrastructure services,Citywide Service Solutions Pty Ltd,192065.57,16/06/2027,3665
INV201139,Street cleaning,Spotless Facility Services P/L,"$220,154.53",15 January 2028,3669
INV201140,Open spaces management - region 1,citywide service solutions pty ltd,16812.51,29/11/16,3676
INV201141,Integrated security services,Programmed Facility Management Pty Ltd,31452.02 AUD,2025-03-26,3630
INV201142,Building maintenance services,Programmed Facility Management Pty Ltd (AUS),0.2m,27/01/01,3630
INV201143,Waste management services,Cleanaway Waste Management Ltd,0.1m,17 January 2027,3556
INV201144,Management of Active Melbourne recreation facilities,Victorian  YMCA  Community  Programming  Pty  Ltd,135529.97,21/11/2029,3615
INV201145,Open spaces management - region 2,iERCO,"$43,895.02",27/11/16,3677
INV201146,Parking technology services,REINO INTERNATIONAL PTY LTD T/A DUNCAN SOLUTIONS,0.2m,26 January 2027,3623
INV201147,Graffiti management and pressure cleaning services,Calcorp  Services  Pty  Ltd,"$37,557.78",27/02/2028,3668
INV201148,Integrated security services,National Protective Services Pty Ltd (AUS),242914.86,11/06/2026,3686
INV201149,Integrated security services,National Protective Services Pty Ltd,181215.68,30/01/2029,3686
INV201150,Civil infrastructure services,Citywide  Service  Solutions  Pty  Ltd,106661.59,2026-07-01,3665
INV201151,Street cleaning,SPOTLESS FACILITY SERVICES PTY LTD,0.2m,13/08/2028,3669
INV201152,Civil infrastructure services,citywide service solutions pty ltd,174834.15 AUD,2028-06-11,3665
INV201153,Waste management services,Cleanaway Waste Management Limited,199634.61,11 February 2026,3556
INV201154,Parking technology services,Reino  International  Pty  Ltd  T/A  Duncan  Solutions,44441.17,11/06/2026,3623
INV201155,Civil infrastructure services,Citywide Service Solutions Pty Ltd,179074.41,17/05/2028,3676
INV201156,Vehicle tow away and impound services,Nationwide Towing Services (AU),"$201,730.98",2029-08-14,3585
INV201157,Building maintenance services,programmed facility management pty ltd,174680.98,27/05/2025,3630
INV201158,Civil infrastructure services,SERnO,29107.8,2025-07-23,3677
INV201159,Street cleaning,Spotless  Facility  Services  Pty  Ltd,211849.91,27/01/09,3669
INV201160,Street cleaning,Spotless Facility,0.0m,21/12/2026,3669
INV201161,Building maintenance services,Programmed Facility Management Pty Ltd (AU),"$25,943.36",15/06/2027,3630
INV201162,Building maintenance services,Programmed Facility,0.1m,26/12/2026,3630
INV201163,Vehicle tow away and impound services,NationwideTowingServices,"$167,720.32",17/05/2025,3585
INV201164,Tree management maintenance services,Calcorp  Services  Pty  Ltd,"$99,712.23",2029-01-02,3668
INV201165,Vehicle tow away and impound services,NationwideTowingServices,186380.95,2028-11-04,3585
INV201166,Vehicle tow away and impound services,Nationwide  Towing  Services,18896.93,20 April 2027,3585
INV201167,Management of Active Melbourne recreation facilities,Victorian Ymca Community Programming Pty Ltd,25844.14,2029-03-14,3615
INV201168,Parking technology services,Reino International Pty. Ltd. T/A Duncan Solutions,0.1m,07 May 2025,3623
INV201169,Open spaces management - region 1,Citywide Service Solutions P/L,172724.19 AUD,04 May 2025,3676
INV201170,Building cleaning services,Menzies  International  (Aust)  Pty  Ltd,196964.99,31-Jan-2027, 
INV201171,Open spaces management - region 2,SERCO,94927.22,08/09/2026,3677
INV201172,Management of Active Melbourne recreation facilities,Victorian YMCA Communi,91587.8,22/07/2026,3615
INV201173,Integrated security services,national protective services pty ltd,"$210,641.96",2027-10-03,3686
INV201174,Open spaces management - region 1,CITYWIDE SERVICE SOLUTIONS PTY LTD,132197.05 AUD,26-Sep-2026,3676
INV201175,Open spaces management - region 1,CitywideServiceSolutionsPtyLtd,0.1m,2026-06-02,3676
INV201176,Waste management services,Cleanaway  Waste  Management  Limited,228292.23,24 July 2026,3556
INV201177,Graffiti management and pressure cleaning services,calcorp services pty ltd,0.2m,2029-04-16,3668
INV201178,Melbourne Town Hall venue management,Showtime Event,56714.64 AUD,2026-08-08,3670
INV201179,Tree management maintenance services,Citywide Service Solutions P/L,0.0m,25/10/2029,3678
INV201180,Building cleaning services,Menzies International (Aust) Pty. Ltd.,0.2m,26/03/19,3634
INV201181,Street cleaning,Spotless Facility Services Pty. Ltd.,13967.24,12 December 2025,3669
INV201182,Open spaces management - region 2,SERCO,163567.51,03-Sep-2029,3677
INV201183,Melbourne Town Hall venue management,ShowtimeEventGroupPtyLtd,141199.73 AUD,25 September 2027,3670
INV201184,Tree management maintenance services,Citywide Service Solutions Pty. Ltd.,157622.66,12-May-2026,3678
INV201185,Melbourne Town Hall venue management,Showtime Event GrouprPty Ltd,12048.17 AUD,03 January 2029,3670
INV201186,Tree management maintenance services,Citywide Service Solutfons Pty Ltd,44418.72 AUD,16/03/2025,3678
INV201187,Street cleaning,SpotlessFacilityServicesPtyLtd,162962.49,14/06/2026, 
INV201188,Vehicle tow away and impound services,nationwide towing services,194500.64 AUD,2029-06-05,3585
INV201189,Civil infrastructure services,Citywide Service Solutions Pty Ltd,75502.98 AUD,27/05/19,3665
INV201190,Building cleaning services,Menzies Intl (Aust) Pty Ltd,,2029-06-20,3634
INV201191,Vehicle tow away and impound services,Nationwide  Towing  Services,119534.02 AUD,28/07/06,3585
INV201192,Street cleaning,Cleanaway Waste Management LTD,0.0m,09/09/2029,3556
INV201193,Tree management maintenance services,CitywideServiceSolutionsPtyLtd,86982.37,19/03/2028,3678
INV201194,Vehicle tow away and impound services,NationwideTowingServices,235980.96 AUD,26/11/19,3585
INV201195,Civil infrastructure services,Citywide Service Solutions Pty Ltd,36331.51,15 July 2029,3665
INV201196,Open spaces management - region 2,Serco,"$157,240.51",2025-04-05,3677
INV201197,Parking technology services,Reino International Pty Ltd T/A Duncan Solutions,"$64,943.69",12/01/2027,3623
INV201198,Waste management services,cleanaway waste management limited,235404.23 AUD,24/10/2025,3556
INV201199,Graffiti management and pressure cleaning services,SERCO,108966.03 AUD,26-Jan-2025, 
INV201200,Vehicle tow away and impound services,Nationwide Towing Services (AUS),226045.53,25 June 2025,3585
INV201201,Graffiti management and pressure cleaning services,Calcorp  Services  Pty  Ltd,144270.36 AUD,29/09/17,3668
INV201202,Vehicle tow away and impound services,Nationwide Towing Services,185267.3,07/10/2025,3585
INV201203,Management of Active Melbourne recreation facilities,Victorian YMCA Communi,0.1m,2029-12-13,3615
INV201204,Melbourne Town Hall venue management,Showtime Event Group Pty Ltd (AU),98415.81,28/04/17,3670
INV201205,Building cleaning services,Menzies International (Aust) Pty Ltd (AUS),206081.75,29/08/13,3634
INV201206,Parking technology services,Reino International Pty Ltd T/A Duncan Solutions,96166.72,26/02/2027,3623
INV201207,Management of Active Melbourne recreation facilities,Victorian YMCA Community Programming Pty Ltd (AUS),29074.33,10/11/2027,3615
INV201208,Building maintenance services,Programmed Facility Management Pty Ltd,2058.35,02/03/2028,3630
INV201209,Building maintenance services,Programmed Facility Management Pty Ltd (AUS),143616.11,26/02/02,3630
INV201210,Parking technology services,reino international pty ltd t/a duncan solutions,49615.7,09 September 2025,3623
INV201211,Integrated security services,National Protective Services Pty Ltd (AU),"$175,285.42",30/05/2026,3686
INV201212,Street cleaning,Spotless Facility,172653.2 AUD,2025-03-25,3669
INV201213,Tree management maintenance services,Citywide Service Solutions Pty Ltd (AU),"$109,394.15",23 October 2028,3678
INV201214,Tree management maintenance services,Citywide Service Solutions Pty Ltd (AUS),110763.66,29/06/23,3678
INV201215,Open spaces management - region 2,SERCO,100705.22,13 July 2025,3677
INV201216,Graffiti management and pressure cleaning services,Calcorp,154784.67,10-Jun-2026,3668
INV201217,Integrated security services,National Protective Services Pty Ltd,"$143,071.38",29/10/2029,3686
INV201218,Street cleaning,Spotless Facility Services Pty Ltd,218899.95 AUD,14/06/2028,3669
INV201219,Parking technology services,ShowtimeEventGroupPtyLtd,162313.04,13/12/2027,3670
INV201220,Civil infrastructure services,Citywide Service Solutions Pty Ltd (AU),196565.29,09/12/2026,3665
INV201221,Street cleaning,Spotless Facility Services Pty. Ltd.,"$168,015.91",29/08/2025,3669
INV201222,Building maintenance services,Programmed Falility Management Pty Ltd,0.1m,11/02/2025,3630
INV201223,Graffiti management and pressure cleaning services,Calcorp Services Pty Ltd (AUS),216641.32,02/06/2027,3668
INV201224,Building cleaning services,MenziesInternational(Aust)PtyLtd,0.0m,08/12/2028,3634
INV201225,Graffiti management and pressure cleaning services,Calcorp Services Pty. Ltd.,139564.98 AUD,14 June 2025,3668
INV201226,Tree management maintenance services,Citywide Service Solutions Pty Ltd (AUS),"$181,448.48",19/10/2025,3678
INV201227,Street cleaning,Spotless Facility Services Pty Ltd (AUS),60764.41 AUD,27 October 2025, 
INV201228,Tree management maintenance services,Citywide  Service  Solutions  Pty  Ltd,"$104,976.06",06/03/2026,3678
INV201229,Open spaces management - region 1,CITYWIDE SERVICE SOLUTIONS PTY LTD,169977.08 AUD,27 May 2029, 
INV201230,Civil infrastructure services,Citywide Service Solutions Pty. Ltd.,234010.24,04 November 2026,3665
INV201231,Melbourne Town Hall venue management,showtime event group pty ltd,40009.55,03 August 2027,3670
INV201232,Management of Active Melbourne recreation facilities,Victorian  YMCA  Community  Programming  Pty  Ltd,"$85,076.95",26 November 2027,3615
INV201233,Melbourne Town Hall venue management,Showtime Event Group Pty Ltd,"$29,665.81",30/11/2025,3670
INV201234,Integrated security services,National Protective Services Pty Ltd,89360.92 AUD,08 October 2028,3686
INV201235,Civil infrastructure services,Citywide Service Solutions Pty Ltd,245681.59,09/09/2027,3665
INV201236,Parking technology services,Reino International Pty Ltd T/A Duncan Solutions (AU),224811.55 AUD,16 February 2028,3623
INV201237,Street cleaning,Spotless,184822.46,28/05/24,3669
INV201238,Open spaces management - region 1,Citywide Service Solutions Pty Ltd (AU),9283.51,2025-12-17,3676
INV201239,Waste management services,Cleanaway  Waste  Management  Limited,32008.71,2026-04-27,3556
INV201240,Tree management maintenance services,Citywide Service Solutions Pty Ltd,163389.11,29-Jun-2028,3678
INV201241,Management of Active Melbourne recreation facilities,Victorian,80046.79,,3615
INV201242,Graffiti management and pressure cleaning services,calcorp services pty ltd,74501.82,10/08/2025,3668
INV201243,Building maintenance services,Programmed Facility Mgmt Pty Ltd,0.2m,27 August 2028,3630
INV201244,Open spaces management - region 1,Citywide Service Solutions P/L,76833.88 AUD,06 April 2028,3676
INV201245,Vehicle tow away and impound services,Nationwide Towing Services (AUS),218092.92 AUD,,3585
INV201246,Open spaces management - region 1,CitywideServiceSolutionsPtyLtd,209366.16,23/07/2028,3676
INV201247,Parking technology services,Reino International Pty Ltd T/A Duncan Solutions,169102.68,12/07/2029,3623
INV201248,Building cleaning services,Menzies International (Aust) Pty Ltd (AU),18270.76 AUD,10/07/2028,3634
INV201249,Street cleaning,Spotless,0.2m,17/07/2028,3669
INV201250,Building cleaning services,menzies international (aust) pty ltd,"$217,143.47",2028-01-04,3634
INV201251,Tree management maintenance services,citywide service solutions pty ltd,192439.46,2025-04-05,3678
INV201252,Melbourne Town Hall venue management,Showtime Event Group Pty Ltd,"$18,416.26",06/09/2025,3670
INV201253,Melbourne Town Hall venue management,showtime event group pty ltd,,2029-02-05,3670
INV201254,Open spaces management - region 1,CitywideServiceSolutionsPtyLtd,203962.52,21-Jun-2025,3676
INV201255,Management of Active Melbourne recreation facilities,Victorian YMCA Community Programmiog Pty Ltd,198775.29 AUD,2028-07-02,3615
INV201256,Management of Active Melbourne recreation facilities,Victorian YMCA Community Programming P/L,"$114,834.54",26/08/15,3615
INV201257,Vehicle tow away and impound services,NationwideTowingServices,"$34,967.81",2025-12-22, 
INV201258,Building maintenance services,Programmed Facility Management Pty Ltd,34860.8 AUD,01/11/2029,3630
INV201259,Street cleaning,Spotless Facility Services Pty Ltd,"$71,039.09",27/06/13,3669
INV201260,Vehicle tow away and impound services,Nationwide To,5705.8 AUD,17/05/2028,3585
INV201261,Melbourne Town Hall venue management,Showtime,0.1m,04-Nov-2025,3670
INV201262,Open spaces management - region 2,SERCk,210657.46 AUD,29/03/25,3677
INV201263,Melbourne Town Hall venue management,Showtime Event Group Pty Ltd (AU),"$80,003.77",23/04/2027,3670
INV201264,Parking technology services,Reino International Pty Ltd T/A Duncan Solutions,"$174,722.99",17/05/2027,3623
INV201265,Building maintenance services,Programmed,98898.02,25 February 2025,3630
INV201266,Tree management maintenance services,Citywide,0.1m,2025-12-04,3678
INV201267,Integrated security services,National Protective Services Pty. Ltd.,54355.26,27/10/19,3686
INV201268,Tree management maintenance services,Citywide,168208.29,14/09/2026,3678
INV201269,Vehicle tow away and impound services,Nationwide To,135234.75,08/06/2025,3585
INV201270,Parking technology services,Reino International Pty Ltd T/A Duncan Solutions (AUS),5159.55 AUD,30 January 2027,3623
INV201271,Melbourne Town Hall venue management,SHOWTIME EVENT GROUP PTY LTD,"$234,120.82",27/09/19,3670
INV201272,Waste management services,CleanawayWasteManagementLimited,0.2m,26/06/2026,3556
INV201273,Melbourne Town Hall venue management,showtime event group pty ltd,"$232,611.99",2028-06-17,3670
INV201274,Integrated security services,National,42319.1,11/02/2028,3686
INV201275,Parking technology services,ReinoInternationalPtyLtdT/ADuncanSolutions,"$52,826.6",02 February 2025,3623
INV201276,Open spaces management - region 1,Citywide,"$225,619.1",26/07/05,3676
INV201277,Graffiti management and pressure cleaning services,Calcorp Services Pty Ltd,"$116,864.05",01/05/2029,3668
INV201278,Melbourne Town Hall venue management,Showtime Event Group Pty. Ltd.,"$198,966.33",08/12/2025,3670
INV201279,Parking technology services,Reino International Pty Ltd T/A Duncan Solutions (AUS),42854.35,11 July 2026,3623
INV201280,Management of Active Melbourne recreation facilities,Victorian,83422.16,20 March 2027,3615
INV201281,Building cleaning services,Menzies  International  (Aust)  Pty  Ltd,103323.24,19-Apr-2025, 
INV201282,Melbourne Town Hall venue management,ShowtimeEventGroupPtyLtd,177995.63 AUD,10 May 2027,3670
INV201283,Open spaces management - region 1,CitywideServiceSolutionsPtyLtd,123048.76 AUD,21 April 2025,3676
INV201284,Waste management services,Cleanaway Waste Management Limited,0.1m,25/09/14,3556
INV201285,Management of Active Melbourne recreation facilities,Victorian YMCA Communi,48220.59,14/07/2025,3615
INV201286,Open spaces management - region 1,Citywide Service Solutions Pty. Ltd.,0.0m,15 October 2029,3676
INV201287,Open spaces management - region 1,Citywide Service Solutions PtypLtd,177434.46,25/06/2027,3676
INV201288,Street cleaning,Spotless,142907.81,2027-11-20,3669
INV201289,Management of Active Melbourne recreation facilities,VICTORIAN YMCA COMMUNITY PROGRAMMING PTY LTD,0.2m,01 August 2026,3615
INV201290,Melbourne Town Hall venue management,SHOWTIME EVENT GROUP PTY LTD,111684.81 AUD,04/04/2028,3670
INV201291,Graffiti management and pressure cleaning services,Calcorp Services P/L,0.1m,09-Apr-2027,3668
INV201292,Building maintenance services,Programmed  Facility  Management  Pty  Ltd,74238.17,2026-07-18,3630
INV201293,Melbourne Town Hall venue management,SHOWTIME EVENT GROUP PTY LTD,188963.09 AUD,20 March 2025,3670
INV201294,Graffiti management and pressure cleaning services,Calcorp Services P/L,211673.72 AUD,21-Oct-2029,3668
INV201295,Melbourne Town Hall venue management,ShowtimeEventGroupPtyLtd,34222.08,15-Aug-2026,3670
INV201296,Building maintenance services,PROGRAMMED FACILITY MANAGEMENT PTY LTD,0.2m,07-May-2028,3630
INV201297,Street cleaning,Spotless Facility Services P/L,17186.03,03 July 2025,3669
INV201298,Street cleaning,spotless facility services pty ltd,0.1m,26/01/29,3669
INV201299,Building cleaning services,Menzies Internatio,165756.56 AUD,25/05/2025,3634
INV201300,Graffiti management and pressure cleaning services,Calcorp Services Pty Ltd,"$245,478.27",25-Feb-2027,3668
INV201301,Waste management services,cleanaway waste management limited,"$17,838.93",27/03/2026,3556
INV201302,Integrated security services,National Protective Services P/L,37170.71,28 December 2029,3686
INV201303,Management of Active Melbourne recreation facilities,Victorian YMCA Community Programming Pty Ltd (AU),80621.73,27/04/21,3615
INV201304,Waste management services,Cleanaway Waste Management Limited,97092.97,24 July 2026,3556
INV201305,Civil infrastructure services,Citywide  Service  Solutions  Pty  Ltd,"$91,099.08",16 August 2026,3665
INV201306,Civil infrastructure services,CITYWIDE SERVICE SOLUTIONS PTY LTD,"$53,329.77",11 October 2026,3665
INV201307,Graffiti management and pressure cleaning services,Calcorp  Services  Pty  Ltd,210005.76 AUD,28-Dec-2025,3668
INV201308,Open spaces management - region 2,SERCO,188030.42 AUD,2028-10-18,3677
INV201309,Building cleaning services,Menzies International (Aust) Pty Ltd,122676.82,27/02/24,3634
INV201310,Tree management maintenance services,Citywide Service Solutions Pty Ltd (AUS),206821.78 AUD,29/01/07,3678
INV201311,Vehicle tow away and impound services,Nationwide Towing Services,155114.01,09/04/2027,3585
INV201312,Civil infrastructure services,Citywide Service Solutions Pty Ltd,0.0m,28/12/03,3665
INV201313,Tree management maintenance services,citywide service solutions pty ltd,226940.32,23-May-2026,3678
INV201314,Tree management maintenance services,Citywide Service ,0.2m,12 November 2027,3678
INV201315,Waste management services,Cleanaway Waste Management Limited,233715.49 AUD,25/06/28,3556
INV201316,Open spaces management - region 1,CitywideServiceSolutionsPtyLtd,249928.13,19-Jun-2025,3676
INV201317,Waste management services,Cleanaway Waste Management Limited (AU),6738.44,18 June 2027,3556
INV201318,Open spaces management - region 1,CITYWIDE SERVICE SOLUTIONS PTY LTD,"$44,899.93",2027-10-03,3676
INV201319,Waste management services,Citywide Service ,79884.72,03/11/2026,3665
INV201320,Civil infrastructure services,Citywide  Service  Solutions  Pty  Ltd,0.1m,2029-09-01,3665
INV201321,Tree management maintenance services,Citywide Service Solutions Pty Ltd,157341.19,08-Oct-2025,3678
INV201322,Management of Active Melbourne recreation facilities,Victorian YMCA Community Programming Pty Ltd (AU),208313.17 AUD,05 May 2026,3615
INV201323,Open spaces management - region 2,SERCO (AUS),0.1m,31 October 2027,3677
INV201324,Graffiti management and pressure cleaning services,Calcorp  Services  Pty  Ltd,0.0m,25/06/2027,3668
INV201325,Building cleaning services,MenziesInternational(Aust)PtyLtd,132775.62,25/04/21,3634
INV201326,Parking technology services,Reino International Pty. Ltd. T/A Duncan Solutions,186232.84,2026-02-20,3623
INV201327,Integrated security services,National  Protective  Services  Pty  Ltd,0.0m,2029-05-09,3686
INV201328,Parking technology services,Reino International Pty Ltd T/A Duncan Solutions (AU),80288.69,12/12/2028,3623
INV201329,Graffiti management and pressure cleaning services,Calcorp Services Pty Ltd,0.0m,29/06/2025,3668
INV201330,Waste management services,Cleanaway Waste Management Limited,141376.4,28-Feb-2025,3556
INV201331,Building cleaning services,Menzies,218486.69 AUD,21/12/2026,3634
INV201332,Building cleaning services,Menzies International (Aust) P/L,7772.57,13 April 2025,3634
INV201333,Integrated security services,National,158868.3 AUD,01/10/2026,3686
INV201334,Melbourne Town Hall venue management,Showtime Event Group Pty Ltd,75679.51 AUD,27/12/26,3670
INV201335,Building maintenance services,Programmed Facility Management P/L,31218.25,24 May 2028,3630
INV201336,Building maintenance services,Programmed Facility Management Pty Ltd (AU),45348.09 AUD,01 July 2027,3630
INV201337,Building maintenance services,programmed facility management pty ltd,107748.05,28/01/23,3630
INV201338,Open spaces management - region 1,Citywide Service Solutions Pty Ltd,164783.94,25 August 2028,3676
INV201339,Open spaces management - region 1,Citywide Service Solutions P/L,152108.37 AUD,09/08/2025,3676
INV201340,Parking technology services,Reino International Pty Ltd T/A Duncan Solutions (AUS),28356.85,05-Jul-2029,3623
INV201341,Waste management services,Cleanaway  Waste  Management  Limited,30678.67,2028-01-31,3556
INV201342,Open spaces management - region 1,Citywide Service Solutions Pty Ltd (AU),97678.0,2029-07-17,3676
INV201343,Civil infrastructure services,Citywide Service Solutions Pty Ltd (AUS),134264.27,06/11/2029,3665
INV201344,Management of Active Melbourne recreation facilities,VictorianYMCACommunityProgrammingPtyLtd,0.1m,2026-06-25,3615
INV201345,Tree management maintenance services,CitywideServiceSolutionsPtyLtd,0.1m,31-Aug-2026,3678
INV201346,Tree management maintenance services,Citywide Service Solutions Pty Ltd,128828.23 AUD,22-Aug-2026,3678
INV201347,Parking technology services,ReinoInternationalPtyLtdT/ADuncanSolutions,0.1m,23-Jan-2025,3623
INV201348,Integrated security services,National Protective Services Pty Ltd,0.2m,2026-04-14,3686
INV201349,Open spaces management - region 2,SERCO (AUS),243367.14,23 November 2025,3677
INV201350,Open spaces management - region 2,SERCO,"$210,577.86",10 March 2029,3677
INV201351,Building maintenance services,PROGRAMMED FACILITY MANAGEMENT PTY LTD,0.0m,21/04/2029,3630
INV201352,Parking technology services,Reino International Pty Ltd T/A Duncan Solutions (AUS),36863.04,2028-05-20,3623
INV201353,Parking technology services,Cleanaway Waste Management LTD,64874.99 AUD,29/09/2027,3556
INV201354,Parking technology services,reino international pty ltd t/a duncan solutions,0.1m,08/05/2027,3623
INV201355,Vehicle tow away and impound services,Nationwide Towing Services,0.2m,25-Jul-2025,3585
INV201356,Vehicle tow away and impound services,Nationwide Towing Services (AUS),32473.44 AUD,2030-01-01, 
INV201357,Graffiti management and pressure cleaning services,CALCORP SERVICES PTY LTD,75381.99 AUD,08 October 2028,3668
INV201358,Building maintenance services,Programmed Facility Management Pty. Ltd.,211982.69 AUD,2027-05-20,3630
INV201359,Tree management maintenance services,Citywide Service Solutions P/L,"$107,404.89",29/01/14,3678
INV201360,Vehicle tow away and impound services,Nationwide  Towing  Services,121515.89 AUD,11/12/2029,3585
INV201361,Waste management services,Cleanaway,205432.45,09 July 2025,3556
INV201362,Integrated security services,National Protective Services Pty Ltd,68445.87,25/09/14, 
INV201363,Graffiti management and pressure cleaning services,Calcorp Serv,0.1m,25/09/22,3668
INV201364,Waste management services,CleanawayWasteManagementLimited,71171.53,29/05/30,3556
INV201365,Waste management services,Cleanaway  Waste  Management  Limited,151432.4,22-Mar-2027,3556
INV201366,Tree management maintenance services,CitywideServiceSolutionsPtyLtd,105649.33,2029-08-15,3678
INV201367,Tree management maintenance services,Citywide  Service  Solutions  Pty  Ltd,"$89,922.4",06-Nov-2029,3678
INV201368,Vehicle tow away and impound services,CalcorpServicesPtyLtd,86712.23 AUD,19-Oct-2026,3668
INV201369,Management of Active Melbourne recreation facilities,VictorianYMCACommunityProgrammingPtyLtd,40211.2,11 August 2027,3615
INV201370,Melbourne Town Hall venue management,Showtime,60070.96 AUD,22/12/2028,3670
INV201371,Parking technology services,Reino Int’l Pty Ltd T/A Duncan Solutions,46002.93,13/04/2029,3623
INV201372,Parking technology services,Reino International Pty Ltd T/A Duncan Solutions (AU),"$164,994.27",05 July 2025,3623
INV201373,Parking technology services,Reino Intl Pty Ltd T/A Duncan Solutions,"$151,695.36",14 July 2026,3623
INV201374,Street cleaning,SpotlessFacilityServicesPtyLtd,205619.59,2029-08-26,3669
INV201375,Management of Active Melbourne recreation facilities,VICTORIAN YMCA COMMUNITY PROGRAMMING PTY LTD,"$143,914.62",07 February 2027,3615
INV201376,Integrated security services,National Protective Services Pty Ltd,193738.8 AUD,18 February 2025,3686
INV201377,Building maintenance services,ProgrammedFacilityManagementPtyLtd,39954.31,04-Feb-2029,3630
INV201378,Melbourne Town Hall venue management,Showtime Event Group Pty Ltd,87966.08 AUD,23 May 2025,3670
INV201379,Building maintenance services,Programmed pacility Management Pty Ltd,18803.92,2025-05-08,3630
INV201380,Melbourne Town Hall venue management,Showtime EventrGroup Pty Ltd,79578.79,2027-02-08,3670
INV201381,Waste management services,cleanaway waste management limited,"$2,309.52",01/08/2027,3556
INV201382,Graffiti management and pressure cleaning services,Calcorp Serv,163766.54 AUD,04/12/2027,3668
INV201383,Management of Active Melbourne recreation facilities,VictorianYMCACommunityProgrammingPtyLtd,,13 February 2026,3615
INV201384,Graffiti management and pressure cleaning services,CalcorpServicesPtyLtd,152339.14 AUD,09-Mar-2027,3668
INV201385,Open spaces management - region 2,SERCO,166808.47,2029-11-13,3677
INV201386,Open spaces management - region 2,serco,"$220,657.0",08-Oct-2027,3677
INV201387,Management of Active Melbourne recreation facilities,Victorian YMCA Community Programming P/L,56869.36,27/09/15,3615
INV201388,Graffiti management and pressure cleaning services,Calcorp  Services  Pty  Ltd,112956.21,29/11/24,3668
INV201389,Open spaces management - region 2,SERCO (AUS),0.1m,08 May 2025,3677
INV201390,Civil infrastructure services,citywide service solutions pty ltd,192458.54,2025-06-08,3665
INV201391,Graffiti management and pressure cleaning services,Calcorp Services Pty Ltd,0.2m,22/08/2026,3668
INV201392,Graffiti management and pressure cleaning services,Calcorp Services Pty Ltd,"$235,272.78",16/10/2029, 
INV201393,Management of Active Melbourne recreation facilities,VICTORIAN YMCA COMMUNITY PROGRAMMING PTY LTD,168886.86,28/02/02,3615
INV201394,Graffiti management and pressure cleaning services,CalcorpServicesPtyLtd,0.1m,22-Aug-2028,3668
INV201395,Open spaces management - region 2,SERCO (AU),77699.46 AUD,29/07/25,3677
INV201396,Street cleaning,Spotless Facility,99161.96,27/08/31,3669
INV201397,Parking technology services,Reino  International  Pty  Ltd  T/A  Duncan  Solutions,"$36,424.43",27/02/25,3623
INV201398,Street cleaning,Spotless  Facility  Services  Pty  Ltd,22532.12,2029-11-08,3669
INV201399,Civil infrastructure services,Citywide Service Solutions Pty. Ltd.,0.0m,29 January 2027, 
INV201400,Building cleaning services,Menzies International (Aust) Pty Ltd,0.2m,22/11/2028,3634
INV201401,Tree management maintenance services,Citywide  Service  Solutions  Pty  Ltd,156673.05,17/08/2029,3678
INV201402,Vehicle tow away and impound services,Nationwide,84020.77,17-Aug-2027,3585
INV201403,Integrated security services,National,111504.35 AUD,13 July 2026,3686
INV201404,Building maintenance services,Citywide Service Solutions Pty Ltd (AUS),55339.41,28 September 2029,3665
INV201405,Vehicle tow away and impound services,Nationwide  Towing  Services,0.2m,27/11/22,3585
INV201406,Management of Active Melbourne recreation facilities,Victorian YMCA Community Programming Pty Ltd,58946.24,16-Jun-2026,3615
INV201407,Open spaces management - region 1,Citywide  Service  Solutions  Pty  Ltd,215590.8 AUD,08-Aug-2025,3676
INV201408,Melbourne Town Hall venue management,showtime event group pty ltd,0.2m,23/01/2029,3670
INV201409,Open spaces management - region 1,CITYWIDE SERVICE SOLUTIONS PTY LTD,"$1,526.77",03 November 2025,3676
INV201410,Civil infrastructure services,Citywide Service ,104588.09,2027-07-03, 
INV201411,Melbourne Town Hall venue management,Showtime Event Group Pty Ltd (AU),"$228,143.35",17/05/2029,3670
INV201412,Vehicle tow away and impound services,Nationwide Towing Services (AU),"$192,751.89",11/10/2027,3585
INV201413,Parking technology services,Reino,0.1m,27-May-2027,3623
INV201414,Building cleaning services,Menzies International (Aust) Pty. Ltd.,246718.41,2028-01-07,3634
INV201415,Tree management maintenance services,Citywide Service Solutions Pty Ltd,3123.01,2027-12-31,3678
INV201416,Management of Active Melbourne recreation facilities,VictorianYMCACommunityProgrammingPtyLtd,200321.19,26/04/30,3615
INV201417,Waste management services,cleanaway waste management limited,215191.22,08/06/2026,3556
INV201418,Melbourne Town Hall venue management,Showtime Event Group Pty Ltd,10241.44,26/05/2027,3670
INV201419,Parking technology services,reino international pty ltd t/a duncan solutions,190453.76 AUD,2028-11-12,3623
INV201420,Street cleaning,Spotless Facility Services Pty Ltd,"$136,762.21",22 November 2029,3669
INV201421,Civil infrastructure services,Citywide Service Solutions Pty Ltd (AUS),"$159,062.79",03/01/2026,3665
INV201422,Open spaces management - region 1,CITYWIDE SERVICE SOLUTIONS PTY LTD,218459.92 AUD,15/12/2027,3676
INV201423,Building cleaning services,Menzies International (Aust) Pty Ltd,69852.49,25/04/11,3634
INV201424,Graffiti management and pressure cleaning services,Calcorp Services Pty Ltd (AUS),0.1m,05/01/2025,3668
INV201425,Tree management maintenance services,Citywide Service Solutions Pty Ltd (AU),56938.59 AUD,11/01/2029,3678
INV201426,Open spaces management - region 1,Citywide Service Solutions Pty Ltd (AUS),122579.44 AUD,2025-11-23,3676
INV201427,Civil infrastructure services,CITYWIDE SERVICE SOLUTIONS PTY LTD,232962.16,04/07/2028,3665
INV201428,Building maintenance services,Programmed  Facility  Management  Pty  Ltd,161958.84 AUD,26/10/08,3630
INV201429,Integrated security services,national protective services pty ltd,22817.67 AUD,25/08/15,3686
INV201430,Melbourne Town Hall venue management,Showtime Event,21705.5 AUD,26 July 2028,3670
INV201431,Graffiti management and pressure cleaning services,Calcorp Servicel Pty Ltd,"$39,529.97",2026-01-16,3668
INV201432,Open spaces management - region 2,SERCO,26891.51,21/10/2027,3677
INV201433,Building cleaning services,Menzies  International  (Aust)  Pty  Ltd,0.2m,22 February 2027,3634
INV201434,Melbourne Town Hall venue management,Showtime Event Group Pty Ltd,"$111,693.09",31/01/2025,3670
INV201435,Melbourne Town Hall venue management,SHOWTIME EVENT GROUP PTY LTD,"$28,884.12",21/11/2029,3670
INV201436,Open spaces management - region 1,Citywide Service Solutions P/L,"$241,358.36",31/12/2027,3676
INV201437,Building maintenance services,Programmed Facility Management Pty Ltd (AU),112354.6,27/03/19,3630
INV201438,Melbourne Town Hall venue management,SHOWTIME EVENT GROUP PTY LTD,213819.46 AUD,25/03/26,3670
INV201439,Management of Active Melbourne recreation facilities,Victorian,141252.9 AUD,2027-07-13,3615
INV201440,Street cleaning,Spotless Facility Services P/L,0.1m,14/04/2029,3669
INV201441,Open spaces management - region 1,Citywide Service Solutions Pty Ltd (AUS),0.2m,2028-11-01,3676
INV201442,Street cleaning,Spotless Facility Services Pty Ltd (AUS),62251.96 AUD,2027-01-24,3669
INV201443,Street cleaning,Spotless Facility Services Pty. Ltd.,229942.5,,3669
INV201444,Street cleaning,Spotless Facility Services Pty Ltd (AUS),0.2m,2025-09-17,3669
INV201445,Building maintenance services,ProgrammedFacilityManagementPtyLtd,155369.5,07 June 2027,3630
INV201446,Civil infrastructure services,Citywide Service Solutions P/L,0.2m,30 April 2029,3665
INV201447,Building cleaning services,Menzies  International  (Aust)  Pty  Ltd,0.2m,01/01/2028,3634
INV201448,Vehicle tow away and impound services,Nationwide Towing Services (AUS),0.0m,20 June 2026,3585
INV201449,Waste management services,Cleanaway Waste Management Limited (AU),"$66,570.52",30-Mar-2029,3556
INV201450,Graffiti management and pressure cleaning services,Calcorp Serv,209115.03 AUD,26/05/25,3668
INV201451,Graffiti management and pressure cleaning services,Calcorp Services Pty Ltd (AUS),173667.09 AUD,08/02/2029,3668
INV201452,Tree management maintenance services,Citywide Service Solutions Pty Ltd,172771.97,05 April 2025,3678
INV201453,Management of Active Melbourne recreation facilities,Victorian YMCA Community Programming Pty Ltd (AUS),"$125,866.31",2026-11-14,3615
INV201454,Building cleaning services,Menzies International (Aust) Pty Ltd (AUS),14663.19,04 March 2026,3634
INV201455,Civil infrastructure services,CITYWIDE SERVICE SOLUTIONS PTY LTD,138489.96 AUD,06 September 2027,3665
INV201456,Building maintenance services,Programmed Facility Management Pty Ltd,100860.13,30-May-2025,3630
INV201457,Building cleaning services,Menzies International (Aust) Pty Ltd,40563.52 AUD,02-Oct-2029,3634
INV201458,Tree management maintenance services,Citywide Service ,0.2m,22/12/2029,3678
INV201459,Waste management services,Cleanaway  Waste  Management  Limited,"$125,970.73",20/12/2029,3556
INV201460,Building maintenance services,Programmed Facility Management Pty Ltd,0.1m,07 November 2029,3630
INV201461,Vehicle tow away and impound services,nationwide towing services,221719.26,29/08/26,3585
INV201462,Open spaces management - region 2,SERCO,136101.48 AUD,2025-04-01,3677
INV201463,Building cleaning services,MenziesInternational(Aust)PtyLtd,82093.93,23/05/2025,3634
INV201464,Waste management services,Cleanaway Waste Management Limited,"$111,128.62",2028-04-24,3556
INV201465,Civil infrastructure services,Citywide Service Solutions Pty Ltd,0.1m,24/11/2025,3665
INV201466,Integrated security services,National Protective Services Pty Ltd,131902.48,2025-10-01,3686
INV201467,Melbourne Town Hall venue management,SHOWTIME EVENT GROUP PTY LTD,168908.71,2028-10-15,3670
INV201468,Integrated security services,National Protective Services Pty. Ltd.,"$133,560.34",2028-12-01,3686
INV201469,Integrated security services,National Protectiv,"$199,901.74",07-Mar-2025,3686
INV201470,Vehicle tow away and impound services,Nationwide To,245377.26,07-Aug-2029,3585
INV201471,Waste management services,Cleanaway Waste Management LTD,176152.02,16 January 2025,3556
INV201472,Management of Active Melbourne recreation facilities,Victorian YMCA Community Programming Pty Ltd (AUS),122815.67,18 May 2026,3615
INV201473,Building cleaning services,Menzies Internatio,0.0m,2025-10-26,3634
INV201474,Waste management services,Cleanaway Waste Management Limited,173288.68,21/02/2029,3556
INV201475,Open spaces management - region 2,SERCO,"$103,399.72",06/04/2025,3677
INV201476,Parking technology services,Reino International Pty Ltd T/A Duncan Solutions,208809.74 AUD,17-Apr-2025,3623
INV201477,Integrated security services,National Protective Services Pty Ltd (AUS),"$140,925.45",01/12/2026,3686
INV201478,Tree management maintenance services,Citywide Service Solutions Pty. Ltd.,239161.48,10-Jan-2028,3678
INV201479,Tree management maintenance services,Citywide Service Solutions P/L,6662.46 AUD,29/11/19,3678
INV201480,Street cleaning,rpotless Facility Services Pty Ltd,247692.32 AUD,19/01/2028,3669
INV201481,Parking technology services,Reino International Pty. Ltd. T/A Duncan Solutions,"$210,849.76",23/02/2028,3623
INV201482,Management of Active Melbourne recreation facilities,Victorian Ymca Community Programming Pty Ltd,192844.27,09-Nov-2029, 
INV201483,Civil infrastructure services,Citywide  Service  Solutions  Pty  Ltd,0.1m,16-Feb-2025,3665
INV201484,Building maintenance services,Programmed Facility Management Pty Ltd (AUS),0.1m,04 May 2028,3630
INV201485,Building maintenance services,Programmed Facility Management Pty. Ltd.,163120.34,29/08/20,3630
INV201486,Building cleaning services,Menzies International (Aust) Pty Ltd (AUS),20317.19,03 January 2026,3634
INV201487,Open spaces management - region 2,Citywide Service ,"$235,199.45",2026-02-18,3678
INV201488,Street cleaning,Spotless Facility,216586.29,25/02/26,3669
INV201489,Management of Active Melbourne recreation facilities,VICTORIAN YMCA COMMUNITY PROGRAMMING PTY LTD,0.0m,21 October 2025,3615
INV201490,Open spaces management - region 2,SERCO,231174.43 AUD,14 September 2027,3677
INV201491,Building maintenance services,Programmed Facility Management P/L,155672.6,2028-09-30,3630
INV201492,Vehicle tow away and impound services,Nationwide Towing Services,"$135,030.05",17/07/2025, 
INV201493,Management of Active Melbourne recreation facilities,Victorian Ymca Community Programming Pty Ltd,3248.93,01 May 2026,3615
INV201494,Parking technology services,Reino Internatiynal Pty Ltd T/A Duncan Solutions,32083.71 AUD,,3623
INV201495,Building cleaning services,Menzies International (Aust) Pty Ltd (AU),0.2m,16/02/2027,3634
INV201496,Melbourne Town Hall venue management,Showtime,"$25,458.82",27/02/05,3670
INV201497,Waste management services,Cleanaway Waste Management Limited,175578.32,04/10/2026,3556
INV201498,Street cleaning,Spotless Facility,0.0m,06/01/2027,3669
INV201499,Management of Active Melbourne recreation facilities,Victorian YMCA Community Programming Pty Ltd (AU),0.1m,15/07/2027, 
INV201500,Parking technology services,Reino International Pty Ltd T/A Duncan Solutions,55332.93,27/01/2027,3623
INV201501,Melbourne Town Hall venue management,Showtime Event,238569.05,08/08/2029,3670
INV201502,Open spaces management - region 1,CitywideServiceSolutionsPtyLtd,"$74,198.55",17-Apr-2028,3676
INV201503,Tree management maintenance services,Citywide Service Solutfons Pty Ltd,61204.25,06-Aug-2027,3678
INV201504,Parking technology services,Reino International Pty Ltd T/A Duncan Solutions,"$223,034.1",10/06/2029,3623
INV201505,Street cleaning,SPOTLESS FACILITY SERVICES PTY LTD,0.2m,05/05/2026,3669
INV201506,Building cleaning services,Menzies International (Aust) Pty Ltd,"$20,719.58",25/03/2029,3634
INV201507,Tree management maintenance services,CitywideServiceSolutionsPtyLtd,112212.15,26/01/01,3678
INV201508,Open spaces management - region 1,Citywide  Service  Solutions  Pty  Ltd,61900.44,05-Apr-2026,3676
INV201509,Parking technology services,Reino Int’l Pty Ltd T/A Duncan Solutions,249927.47,23/09/2025,3623
INV201510,Parking technology services,Reino International Pty. Ltd. T/A Duncan Solutions,175272.91,18-Aug-2026,3623
INV201511,Open spaces management - region 2,SERCO (AU),"$49,000.22",2026-10-29,3677
INV201512,Waste management services,CLEANAWAY WASTE MANAGEMENT LIMITED,196507.36,29/10/03,3556
INV201513,Parking technology services,Reino Int’l Pty Ltd T/A Duncan Solutions,0.1m,16-Sep-2027,3623
INV201514,Management of Active Melbourne recreation facilities,Victorian YMCA Community Programming Pty Ltd (AUS),121340.73,2026-06-04,3615
INV201515,Building maintenance services,Programmed Facility Mgmt Pty Ltd,229770.29,24 January 2029,3630
INV201516,Management of Active Melbourne recreation facilities,Victorian YMCAsCommunity Programming Pty Ltd,"$96,545.66",03 August 2028,3615
INV201517,Street cleaning,Spotless Facility Services Pty Ltd,"$43,696.43",04/06/2029,3669
INV201518,Tree management maintenance services,citywide service solutions pty ltd,214394.27 AUD,31/07/2025,3678
INV201519,Parking technology services,REINO INTERNATIONAL PTY LTD T/A DUNCAN SOLUTIONS,230936.6,30 August 2026,3623
INV201520,Vehicle tow away and impound services,Nationwide To,"$91,962.04",19/09/2025,3585
INV201521,Graffiti management and pressure cleaning services,Calcorp Services Pty. Ltd.,108260.02,04/05/2026,3668
INV201522,Graffiti management and pressure cleaning services,Calcorp Serv,128685.28,18 March 2025,3668
INV201523,Vehicle tow away and impound services,NationwideTowingServices,74133.19,29/01/30,3585
INV201524,Open spaces management - region 1,CITYWIDE SERVICE SOLUTIONS PTY LTD,36751.59 AUD,27/02/10,3676
INV201525,Melbourne Town Hall venue management,Showtime,44635.02,20/07/2025,3670
INV201526,Open spaces management - region 1,Citywide Service Solutions Pty Ltd,160626.3,2025-09-30,3676
INV201527,Open spaces management - region 1,Citywide Service Solutions Pty Ltd,65281.94,05/02/2025,3676
INV201528,Waste management services,Cleanaway Waste Management Ltd,0.0m,07/03/2029, 
INV201529,Open spaces management - region 1,Citywide,"$144,206.65",14 February 2026, 
INV201530,Building cleaning services,Menzies International (Aust) Pty Ltd (AUS),"$205,577.05",21/09/2025,3634
INV201531,Melbourne Town Hall venue management,ShowtimeEventGroupPtyLtd,"$113,814.7",04-Apr-2025,3670
INV201532,Open spaces management - region 2,SERCO,23302.32 AUD,21/05/2029,3677
INV201533,Civil infrastructure services,Citywide,0.2m,2025-06-14,3665
INV201534,Vehicle tow away and impound services,Vivtorian YMCA Community Programming Pty Ltd,9622.19,02-Dec-2029, 
INV201535,Building cleaning services,Menzies International (Aust) Pty Ltd (AUS),0.2m,17 February 2027, 
INV201536,Street cleaning,Spotless Facility Services Pty. Ltd.,166071.91,04-Apr-2027,3669
INV201537,Vehicle tow away and impound services,Spotless,39106.1,19/08/2029,3669
INV201538,Open spaces management - region 2,SERCO (AU),174385.51,11/11/2027,3677
INV201539,Management of Active Melbourne recreation facilities,Victorian YMCA Communi,220819.16,24-Sep-2027,3615
INV201540,Building maintenance services,programmed facility management pty ltd,"$1,123.15",08/06/2027,3630
INV201541,Building cleaning services,menzies international (aust) pty ltd,231229.51,28/08/2028,3634
INV201542,Civil infrastructure services,Citywide Service Solutions P/L,0.1m,28/11/20,3665
INV201543,Open spaces management - region 1,Citywide  Service  Solutions  Pty  Ltd,"$83,167.26",26-Aug-2026,3676
INV201544,Parking technology services,ReinoInternationalPtyLtdT/ADuncanSolutions,13040.79,08 January 2027,3623
INV201545,Tree management maintenance services,CITYWIDE SERVICE SOLUTIONS PTY LTD,0.1m,2025-07-23,3678
INV201546,Open spaces management - region 1,CITYWIDE SERVICE SOLUTIONS PTY LTD,0.2m,24 May 2025,3676
INV201547,Melbourne Town Hall venue management,Showtime Event Group Pty Ltd,90091.03,2027-11-04,3670
INV201548,Vehicle tow away and impound services,Nationwide Towing Services (AU),"$51,205.82",16 March 2027,3585
INV201549,Tree management maintenance services,CitywideServiceSolutionsPtyLtd,"$212,372.06",24-Mar-2025,3678
INV201550,Parking technology services,Reino International Pty Ltd T/A Duncan Solutions,10957.53,22/11/2028,3623
INV201551,Open spaces management - region 1,Citywide,240271.69,11 September 2025,3676
INV201552,Management of Active Melbourne recreation facilities,Victorian YMCA Community Programming Pty Ltd,5456.54,18-Jan-2029,3615
INV201553,Waste management services,CleanawayWasteManagementLimited,25356.27 AUD,25/07/31,3556
INV201554,Open spaces management - region 2,SERCO,"$240,691.22",20-Feb-2029,3677
INV201555,Management of Active Melbourne recreation facilities,Victorian,0.2m,07/04/2029,3615
INV201556,Tree management maintenance services,Citywide Service Solutions Pty Ltd,0.1m,26/05/19,3678
INV201557,Tree management maintenance services,Citywide Service Solutions Pty Ltd,"$140,839.08",28/01/22,3678
INV201558,Open spaces management - region 2,serco,237337.66 AUD,15/04/2027,3677
INV201559,Building maintenance services,Programmed Facility Management Pty Ltd,72739.65 AUD,29-Jul-2026,3630
INV201560,Vehicle tow away and impound services,NATIONWIDE TOWING SERVICES,209080.05,17/11/2025, 
INV201561,Vehicle tow away and impound services,nationwide towing services,154320.34 AUD,27/12/16,3585
INV201562,Building cleaning services,Menzies International (Aust) Pty Ltd (AUS),"$45,490.55",27/02/17,3634
INV201563,Management of Active Melbourne recreation facilities,VictorianYMCACommunityProgrammingPtyLtd,"$131,600.59",29/04/30,3615
INV201564,Waste management services,Cleanaway Waste Management Limised,"$76,506.82",26/11/10,3556
INV201565,Melbourne Town Hall venue management,showtime event group pty ltd,22034.4,,3670
INV201566,Waste management services,cleanaway waste management limited,243285.38,25/08/27,3556
INV201567,Waste management services,Cleanaway Waste Management Limited,130201.3,18/06/2025,3556
INV201568,Open spaces management - region 1,Citywide Service Solutions Pty Ltd (AU),"$172,112.37",14/11/2029,3676
INV201569,Building cleaning services,Menzies Internitional (Aust) Pty Ltd,86095.18 AUD,2028-04-13,3634
INV201570,Street cleaning,Spotless Facility Services P/L,193923.24,22/01/2028,3669
INV201571,Integrated security services,National Protective Services Pty. Ltd.,0.0m,2027-05-24,3686
INV201572,Parking technology services,reino international pty ltd t/a duncan solutions,58882.67,2029-06-12,3623
INV201573,Civil infrastructure services,CITYWIDE SERVICE SOLUTIONS PTY LTD,0.1m,2029-01-31,3665
INV201574,Tree management maintenance services,CITYWIDE SERVICE SOLUTIONS PTY LTD,32531.51 AUD,2028-09-26,3678
INV201575,Open spaces management - region 1,Citywife Service Solutions Pty Ltd,"$199,162.05",26/01/01,3676
INV201576,Building maintenance services,Programmed Facility,0.2m,2028-09-19,3630
INV201577,Open spaces management - region 2,cleanaway waste management limited,234854.82,27/10/12,3556
INV201578,Open spaces management - region 2,Cleanaway,0.1m,13/02/2028,3556
INV201579,Building cleaning services,Menzies Intl (Aust) Pty Ltd,81057.29,24 December 2028,3634
INV201580,Melbourne Town Hall venue management,SHOWTIME EVENT GROUP PTY LTD,"$56,043.21",31/01/2029,3670
INV201581,Parking technology services,REINO INTERNATIONAL PTY LTD T/A DUNCAN SOLUTIONS,95108.61,25/07/2029, 
INV201582,Building maintenance services,Programmed Facility Management Pty Ltd (AU),"$205,747.65",17 June 2025,3630
INV201583,Melbourne Town Hall venue management,Showtime,0.1m,14/05/2029,3670
INV201584,Management of Active Melbourne recreation facilities,Victorian Ymca Community Programming Pty Ltd,160129.01,2029-08-11,3615
INV201585,Graffiti management and pressure cleaning services,Calcorp Services Pty Ltd (AU),164355.19,29/03/21,3668
INV201586,Street cleaning,Spotless Facility Sereices Pty Ltd,"$33,934.47",23 January 2027,3669
INV201587,Graffiti management and pressure cleaning services,Calcorp Services Pty Ltd,45357.6,09/03/2027,3668
INV201588,Open spaces management - region 2,spotless facility services pty ltd,"$7,651.33",2029-03-06,3669
INV201589,Vehicle tow away and impound services,Nationwide Towing Services,0.2m,14 June 2027,3585
INV201590,Open spaces management - region 2,Serco,113399.74,02/08/2028,3677
INV201591,Building maintenance services,Programmed  Facility  Management  Pty  Ltd,"$79,292.43",07-Sep-2025,3630
INV201592,Vehicle tow away and impound services,NATIONWIDE TOWING SERVICES,"$141,516.84",06/07/2025,3585
INV201593,Graffiti management and pressure cleaning services,Calcorp Services Pty Ltd,"$176,462.32",26/02/06,3668
INV201594,Open spaces management - region 2,Serco,"$142,923.53",08-May-2026,3677
INV201595,Parking technology services,reino international pty ltd t/a duncan solutions,"$209,237.85",12/06/2027,3623
INV201596,Tree management maintenance services,CITYWIDE SERVICE SOLUTIONS PTY LTD,149472.83 AUD,12-Oct-2028,3678
INV201597,Civil infrastructure services,Citywide Service Solutions P/L,25861.75,29/06/07,3665
INV201598,Integrated security services,National,240420.04,09 January 2027,3686
INV201599,Integrated security services,NationalProtectiveServicesPtyLtd,169912.68 AUD,20/06/2029,3686
INV201600,Civil infrastructure services,Citywide Service Solutions Pty Ltd (AU),50905.48,18/06/2025, 
INV201601,Vehicle tow away and impound services,Nationwide Towing Services,159189.94,2029-07-11,3585
INV201602,Management of Active Melbourne recreation facilities,Victorian YMCA Community Programming Pty Ltd,"$236,940.38",24/04/2027,3615
INV201603,Building maintenance services,cleanaway waste management limited,93778.28,24/08/2026,3556
INV201604,Melbourne Town Hall venue management,Showtime Event Group P/L,0.2m,01-Jul-2029,3670
INV201605,Street cleaning,Spotless  Facility  Services  Pty  Ltd,47776.93 AUD,04 October 2026, 
INV201606,Melbourne Town Hall venue management,Showtime,72231.98 AUD,23/04/2027,3670
INV201607,Parking technology services,Reino International Pty. Ltd. T/A Duncan Solutions,6680.62 AUD,29/11/2027,3623
INV201608,Building maintenance services,Programmed Facility Managemenx Pty Ltd,136623.37,16-Aug-2029,3630
INV201609,Vehicle tow away and impound services,Nationwide Towing Services (AUS),38412.91,2028-12-27,3585
INV201610,Building cleaning services,Menzies Intl (Aust) Pty Ltd,142809.39,19 April 2029,3634
INV201611,Integrated security services,National  Protective  Services  Pty  Ltd,224689.03,28/06/18,3686
INV201612,Graffiti management and pressure cleaning services,Calcorp Sedvices Pty Ltd,177338.91,30/04/2029,3668
INV201613,Graffiti management and pressure cleaning services,Calcorp,,26/12/2029, 
INV201614,Building cleaning services,Menzies International (Aust) P/L,161356.78,16-Jan-2028,3634
INV201615,Graffiti management and pressure cleaning services,Calcorp Services Pty. Ltd.,184020.59,25/01/31,3668
INV201616,Waste management services,Cleanaway Waste Mgmt Limited,126016.61,12/03/2027,3556
INV201617,Street cleaning,Spotless  Facility  Services  Pty  Ltd,0.1m,27/05/08,3669
INV201618,Waste management services,Cleanaway Waste Management Ltd,0.1m,18-Feb-2029,3556
INV201619,Tree management maintenance services,Citywide Service Solutions Pty Ltd (AU),237874.85,25/09/20,3678
INV201620,Parking technology services,Reino International Pty Ltd T/A Duncan Solutions,243959.28 AUD,27/07/2026,3623
INV201621,Building maintenance services,Programmed Facility Management P/L,243665.08 AUD,01/08/2027,3630
INV201622,Graffiti management and pressure cleaning services,Calcorp Services P/L,28406.75,25 June 2027,3668
INV201623,Management of Active Melbourne recreation facilities,Victorian YMCA Community Programming Pty Ltd (AUS),120354.57,2028-10-15,3615
INV201624,Parking technology services,ReinoInternationalPtyLtdT/ADuncanSolutions,51933.44,23/01/2028,3623
INV201625,Graffiti management and pressure cleaning services,CalcorpServicesPtyLtd,0.1m,12/07/2027,3668
INV201626,Graffiti management and pressure cleaning services,Calcorp Services Pty Ltd (AU),42786.37,26/10/02,3668
INV201627,Management of Active Melbourne recreation facilities,Victorian YMCA Community Programming Pty Ltd,98186.45,08 November 2025,3615
INV201628,Building cleaning services,Reino International Pty Ltd T/A Duncan Solutions,15656.75 AUD,27/03/14,3623
INV201629,Building maintenance services,Programmed Facility Management Pty Ltd (AUS),85470.97,08 September 2025,3630
INV201630,Waste management services,Cleanaway Waste Management Limited,164324.85,2028-01-25,3556
INV201631,Open spaces management - region 1,Citywide Service Solutions Pty Ltd,51046.25 AUD,29/12/26,3676
INV201632,Building cleaning services,Menzies International (Aust) Pty Ltd,0.2m,22-Jan-2027,3634
INV201633,Tree management maintenance services,Citywide Service Solutions P/L,229268.68,30/06/2028,3678
INV201634,Melbourne Town Hall venue management,Showtime Event,5542.23 AUD,10 July 2028,3670
INV201635,Vehicle tow away and impound services,NationwideqTowing Services,"$231,727.26",15/04/2028,3585
INV201636,Tree management maintenance services,Cleanaway  Waste  Management  Limited,"$117,939.92",27/03/04,3556
INV201637,Integrated security services,NationalProtectiveServicesPtyLtd,206155.56,08/04/2025,3686
INV201638,Open spaces management - region 1,Citywide Service Solutions Pty Ltd,172521.45,2028-01-24,3676
INV201639,Open spaces management - region 2,SERCO (AU),31324.46,09 September 2028,3677
INV201640,Open spaces management - region 2,SERCO,0.2m,06-Apr-2027, 
INV201641,Street cleaning,SPOTLESS FACILITY SERVICES PTY LTD,0.0m,11-Aug-2028,3669
INV201642,Building maintenance services,Programmed Facility Management Pty Ltd (AU),217212.64,25/12/2026,3630
INV201643,Civil infrastructure services,Citywide Service Solutions Pty. Ltd.,"$104,883.3",28/09/28,3665
INV201644,Open spaces management - region 1,Citywide Service Solutions Pty Ltd,0.0m,15-Feb-2027,3676
INV201645,Street cleaning,Spotless Facility Services cty Ltd,14948.68,25/09/07,3669
INV201646,Open spaces management - region 1,Citywide Service Solutions Pty Ltd (AU),87384.21,17 August 2029,3676
INV201647,Vehicle tow away and impound services,Nationwide Towing Services (AUS),"$193,972.37",10 April 2028,3585
INV201648,Tree management maintenance services,CitywideServiceSolutionsPtyLtd,143515.16,09/04/2029,3678
INV201649,Management of Active Melbourne recreation facilities,VictorianYMCACommunityProgrammingPtyLtd,88181.17,19/07/2025,3615
INV201650,Building maintenance services,Programmed Facility Management P/L,0.2m,21 June 2028,3630
INV201651,Integrated security services,NationalProtectiveServicesPtyLtd,0.1m,2028-05-03,3686
INV201652,Building cleaning services,menzies international (aust) pty ltd,98073.72,2028-05-24,3634
INV201653,Open spaces management - region 1,Citywide Service Solutions Pty Ltd,"$110,332.73",2028-12-12,3676
INV201654,Open spaces management - region 1,Citywide Service Solutions Pty Ltd (AUS),24208.55 AUD,10-Nov-2027,3676
INV201655,Civil infrastructure services,Citywide Service Solutionl Pty Ltd,0.1m,2025-11-13,3665
INV201656,Civil infrastructure services,CitywideServiceSolutionsPtyLtd,,17/01/2026,3665
INV201657,Management of Active Melbourne recreation facilities,Victorian YMCA Community Programming Pty Ltd (AU),204930.6,18/08/2026,3615
INV201658,Parking technology services,Reino  International  Pty  Ltd  T/A  Duncan  Solutions,0.1m,12/08/2026,3623
INV201659,Graffiti management and pressure cleaning services,Calcorp Services Pty Ltd,0.1m,23/01/2026,3668
INV201660,Management of Active Melbourne recreation facilities,Viftorian YMCA Community Programming Pty Ltd,"$198,088.07",30/08/2029,3615
INV201661,Integrated security services,National Protective Services Pty. Ltd.,78989.32 AUD,27/03/16,3686
INV201662,Open spaces management - region 2,SERCO,154757.39,26/02/24,3677
INV201663,Tree management maintenance services,CITYWIDE SERVICE SOLUTIONS PTY LTD,"$196,203.41",02/10/2025,3678
INV201664,Waste management services,Cleanaway Waste Management Limited,150859.05,27/09/2028,3556
INV201665,Melbourne Town Hall venue management,Showtime Event Group Pty Ltd,56719.94,06/02/2027, 
INV201666,Parking technology services,Reino International Pty Ltd T/A Duncan Solutions,"$26,150.96",28/01/12, 
INV201667,Building maintenance services,Programmed Facility Management P/L,84372.09 AUD,14-Sep-2029,3630
INV201668,Building cleaning services,Menzies International (Aust) Pty Ltd,129766.28,28 September 2027,3634
INV201669,Building maintenance services,ProgrammedFacilityManagementPtyLtd,23489.56,26/12/2029,3630
INV201670,Melbourne Town Hall venue management,Showtime Event,,25/03/13,3670
INV201671,Street cleaning,Spotless Facility Services P/L,154819.3,02/07/2028,3669
INV201672,Parking technology services,Reino,68853.69,2029-02-01,3623
INV201673,Integrated security services,National Protectiv,"$97,216.31",2028-05-29,3686
INV201674,Waste management services,Cleanaway Waste Management Limited,"$99,036.28",17/12/2025,3556
INV201675,Melbourne Town Hall venue management,Showtime,"$235,001.01",2029-01-03,3670
INV201676,Integrated security services,National Protectiv,80565.56,20/01/2027,3686
INV201677,Management of Active Melbourne recreation facilities,Victorian,67660.0,22/08/2026,3615
INV201678,Vehicle tow away and impound services,Nationwide To,"$100,102.43",28/01/05,3585
INV201679,Management of Active Melbourne recreation facilities,Victorian YMCA Community Programming Pty Ltd,"$204,369.47",04/07/2029,3615
INV201680,Management of Active Melbourne recreation facilities,Victorian YMCA Community Programming Pty Ltd,163049.09,03 August 2025,3615
INV201681,Building cleaning services,MENZIES INTERNATIONAL (AUST) PTY LTD,0.2m,23 December 2028,3634
INV201682,Open spaces management - region 1,citywide service solutions pty ltd,0.1m,18-Dec-2026,3665
INV201683,Melbourne Town Hall venue management,SHOWTIME EVENT GROUP PTY LTD,214665.2 AUD,25/05/03,3670
INV201684,Vehicle tow away and impound services,NationwideTowingServices,53234.83,29/11/2027,3585
INV201685,Open spaces management - region 1,Citywide Service ,65377.87 AUD,25/02/05,3676
INV201686,Open spaces management - region 1,Citywide Service Solutions Pty Ltd,20744.53,05-Feb-2025,3676
INV201687,Civil infrastructure services,Citywide Service Solutions P/L,0.2m,02/08/2029,3665
INV201688,Civil infrastructure services,Citywide Service Solutions P/L,"$77,402.11",26/01/2025,3665
INV201689,Civil infrastructure services,Citywide,195762.68 AUD,06 October 2029, 
INV201690,Waste management services,Cleanaway Waste Management Ltd,0.0m,2026-02-04,3556
INV201691,Melbourne Town Hall venue management,Showtime Event Group Pty Ltd,"$193,825.85",31/05/2028,3670
INV201692,Open spaces management - region 2,SERCO,21950.9 AUD,2029-11-11,3677
INV201693,Waste management services,Cleanaway Waste Mgmt Limited,73098.42,2026-08-18,3556
INV201694,Open spaces management - region 1,Citywide Service ,"$185,747.77",16/01/2029,3676
INV201695,Melbourne Town Hall venue management,Showtime Event Group Pty Ltd (AU),188276.11,25/12/12, 
INV201696,Open spaces management - region 2,SuRCO,94873.38,23 March 2027,3677
INV201697,Civil infrastructure services,Citywide Service Solutions Pty Ltd (AU),90396.94,29/08/27,3665
INV201698,Graffiti management and pressure cleaning services,Calcorp Services Pty Ltd,119532.01,25/12/10,3668
INV201699,Melbourne Town Hall venue management,Showtime Event Group Pty Ltd,233192.35,05-Jun-2028,3670
INV201700,Open spaces management - region 2,oERCO,233662.25 AUD,07/08/2026,3677
INV201701,Vehicle tow away and impound services,Nationwide Towing Services (AU),0.1m,27/04/04,3585
INV201702,Open spaces management - region 2,SERCO,145613.04,27-Apr-2029,3677
INV201703,Vehicle tow away and impound services,Nationwide,51632.22,26 February 2028,3585
INV201704,Building cleaning services,Menzies International (Aust) Pty Ltd,169420.78,04-Jul-2026,3634
INV201705,Tree management maintenance services,citywide service solutions pty ltd,233565.36,16/09/2027,3678
INV201706,Graffiti management and pressure cleaning services,Calcorp Services Pty Ltd,76959.88,07 July 2028,3668
INV201707,Street cleaning,SpotlessFacilityServicesPtyLtd,41069.87 AUD,17 January 2026,3669
INV201708,Waste management services,Cleanawry Waste Management Limited,5130.93 AUD,29-Oct-2028,3556
INV201709,Building maintenance services,Programmed  Facility  Management  Pty  Ltd,155367.24 AUD,22 March 2028,3630
INV201710,Building maintenance services,Programmed Facility Management Pty Ltm,83520.7 AUD,09-Mar-2025,3630
INV201711,Building maintenance services,Programmed  Facility  Management  Pty  Ltd,0.1m,2027-08-17,3630
INV201712,Building cleaning services,Menzies Intl (Aust) Pty Ltd,196808.66,2028-12-27,3634
INV201713,Street cleaning,Spotless Facility Services Pty Ltd,107961.44,25/11/21,3669
INV201714,Parking technology services,ReinoInternationalPtyLtdT/ADuncanSolutions,51502.66 AUD,2028-10-30,3623
INV201715,Tree management maintenance services,CITYWIDE SERVICE SOLUTIONS PTY LTD,18190.15,06 December 2027,3678
INV201716,Building cleaning services,Menzies International (Aust) Pty Ltd,"$2,525.73",18 May 2026,3634
INV201717,Building cleaning services,Menzies International (Aust) Pty Ltd,155401.57,28/08/2026,3634
INV201718,Open spaces management - region 1,Citywide Service Solutions Pty Ltd,0.1m,22/02/2029,3676
INV201719,Parking technology services,reino international pty ltd t/a duncan solutions,57880.84 AUD,17/08/2029,3623
INV201720,Melbourne Town Hall venue management,ShowtimeEventGroupPtyLtd,113315.17 AUD,02/02/2028,3670
INV201721,Civil infrastructure services,Victorian YMCA Communi,0.0m,28 June 2029,3615
INV201722,Tree management maintenance services,Citywide,99246.13,26 September 2028,3678
INV201723,Parking technology services,Reino International Pty Ltd T/A Duncan Solutions (AUS),0.0m,21-Aug-2028,3623
INV201724,Building maintenance services,ProgrammedFacilityManagementPtyLtd,93619.05,13/04/2028,3630
INV201725,Vehicle tow away and impound services,Nationwide Towing Services (AU),0.0m,11/11/2027,3585
INV201726,Management of Active Melbourne recreation facilities,VICTORIAN YMCA COMMUNITY PROGRAMMING PTY LTD,220929.82,25/03/26,3615
INV201727,Integrated security services,National,0.0m,12/06/2029, 
INV201728,Civil infrastructure services,Citywide Service Solutions Pty Ltd (AUS),157048.02,29/05/2028,3665
INV201729,Management of Active Melbourne recreation facilities,Victorian YMCA Community Programming Pty. Ltd.,162598.61,2026-09-24,3615
INV201730,Tree management maintenance services,CITYWIDE SERVICE SOLUTIONS PTY LTD,11791.52 AUD,16-Dec-2027,3678
INV201731,Melbourne Town Hall venue management,Showtime Event Group Pty Ltd (AUS),0.1m,2026-06-29, 
INV201732,Street cleaning,Spotless Facility Services Pty. Ltd.,0.2m,28/05/09,3669
INV201733,Melbourne Town Hall venue management,showtime event group pty ltd,233340.78,25/09/2029,3670
INV201734,Waste management services,Cleanaway,187454.31,06/01/2027,3556
INV201735,Open spaces management - region 1,Citywide Service Solutiojs Pty Ltd,232733.78 AUD,25/04/2026,3676
INV201736,Tree management maintenance services,Citywide Service Solutions Pty Ltd (AU),"$19,415.26",26/03/10,3678
INV201737,Parking technology services,Reino International P/L T/A Duncan Solutions,129294.61 AUD,2028-09-30,3623
INV201738,Integrated security services,National Protective Serpices Pty Ltd,77748.19,04/10/2025,3686
INV201739,Waste management services,CLEANAWAY WASTE MANAGEMENT LIMITED,0.2m,2025-05-01,3556
INV201740,Parking technology services,citywide service solutions pty ltd,"$103,728.56",18 January 2029,3678
INV201741,Graffiti management and pressure cleaning services,Calcorp,93302.42 AUD,20/06/2029,3668
INV201742,Street cleaning,SpotlessFacilityServicesPtyLtd,52713.78,26/08/31,3669
INV201743,Building cleaning services,Menzies Intl (Aust) Pty Ltd,134423.91,25/12/24,3634
INV201744,Open spaces management - region 1,Citywide Service Solutions Pty Ltd,,12 February 2025,3676
INV201745,Building maintenance services,programmed facility management pty ltd,143466.95 AUD,23-Dec-2029,3630
INV201746,Open spaces management - region 1,Citywide Service Solutions Pty Ltd,200243.96 AUD,26/04/24,3676
INV201747,Civil infrastructure services,citywide service solutions pty ltd,207965.81,02/03/2025,3665
INV201748,Waste management services,Cleanaway Waste M,131885.29,2025-05-02,3556
INV201749,Civil infrastructure services,Citywide Service Solutions Pty Ltd (AUS),37762.0 AUD,16-Jul-2025,3665
INV201750,Integrated security services,National Protective Services Pty Ltd (AUS),68780.36,29/08/01,3686
INV201751,Building cleaning services,Menzies International (Aust) Pty Ltd (AU),0.2m,27 March 2028,3634
INV201752,Graffiti management and pressure cleaning services,Calcorp Services Pty Ltd (AU),0.1m,29-Jun-2027,3668
INV201753,Street cleaning,Spotless Facility Services Pty Ltd,234767.41 AUD,27 March 2029,3669
INV201754,Management of Active Melbourne recreation facilities,Victorian YMCA Community Prograjming Pty Ltd,74440.3,29/02/28,3615
INV201755,Open spaces management - region 2,SERCO,"$89,311.24",30/07/2029, 
INV201756,Civil infrastructure services,Citywide Service Solutions Pty Ltd,1824.74,2029-09-19,3665
INV201757,Civil infrastructure services,citywide service solutions pty ltd,11029.49 AUD,14 January 2029,3665
INV201758,Street cleaning,Spotless Facility Services P/L,0.2m,03/12/2027,3669
INV201759,Civil infrastructure services,CITYWIDE SERVICE SOLUTIONS PTY LTD,23936.11,26/10/26,3665
INV201760,Melbourne Town Hall venue management,Showtime Event Group Pty Ltd,212955.09,2027-07-19,3670
INV201761,Graffiti management and pressure cleaning services,Calcorp Services P/L,102554.37,2027-09-10,3668
INV201762,Melbourne Town Hall venue management,Showtime Event Group Pty Ltd,"$228,565.8",23-Apr-2028,3670
INV201763,Building maintenance services,Programmed Facility,0.2m,31/10/2027,3630
INV201764,Vehicle tow away and impound services,Nationwide Towing Services,219836.46,28/02/2026,3585
INV201765,Integrated security services,National  Protective  Services  Pty  Ltd,"$25,846.12",27 June 2028,3686
INV201766,Graffiti management and pressure cleaning services,CALCORP SERVICES PTY LTD,239492.43 AUD,04/10/2028, 
INV201767,Parking technology services,Reino International Pty Ltd T/A Duncan Solutions,33663.35 AUD,02/08/2028,3623
INV201768,Melbourne Town Hall venue management,Showtime Event Group P/L,0.2m,,3670
INV201769,Waste management services,Cleanaway,0.0m,28-Jul-2028,3556
INV201770,Vehicle tow away and impound services,Nationwide Towing Services,"$189,537.26",29-Mar-2028,3585
INV201771,Building cleaning services,Menzies International (Aust) Pty Ltd (AUS),22834.54,06-Mar-2028,3634
INV201772,Vehicle tow away and impound services,Nationwide Towing Services,226090.26,21/06/2027, 
INV201773,Street cleaning,SpotlessFacilityServicesPtyLtd,"$243,319.28",04-Mar-2026,3669
INV201774,Melbourne Town Hall venue management,ShowtimeEventGroupPtyLtd,"$34,706.95",2028-12-19,3670
INV201775,Civil infrastructure services,Citywide Service Solutions Pty Ltd,238479.08 AUD,18/12/2028,3665
INV201776,Management of Active Melbourne recreation facilities,Victorian YMCA Community Programming Pty Ltd,"$37,731.52",07-Apr-2026,3615
INV201777,Building maintenance services,Programmed Facility Management fty Ltd,"$38,834.47",09/01/2028,3630
INV201778,Building cleaning services,MenziesInternational(Aust)PtyLtd,249711.38 AUD,26/09/12,3634
INV201779,Street cleaning,Spotless Facility Services Pty. Ltd.,162959.95 AUD,06-Jan-2026,3669
INV201780,Open spaces management - region 2,SERCO,248219.48 AUD,2029-02-18,3677
INV201781,Tree management maintenance services,Citywide Service Solutions P/L,"$94,799.9",28/02/19,3678
INV201782,Waste management services,cleanaway waste management limited,183341.38,2026-03-11, 
INV201783,Parking technology services,Reino International P/L T/A Duncan Solutions,0.1m,03 July 2025,3623
INV201784,Integrated security services,National Protective Services P/L,0.1m,26 February 2027,3686
INV201785,Civil infrastructure services,CITYWIDE SERVICE SOLUTIONS PTY LTD,150974.17,2026-02-01,3665
INV201786,Management of Active Melbourne recreation facilities,Victorian,0.2m,29/03/21,3615
INV201787,Vehicle tow away and impound services,Nationwide Towing Services,114288.89,27-Nov-2028,3585
INV201788,Building maintenance services,Programmed Facility Management Pty Ltd,158966.21 AUD,22 December 2029,3630
INV201789,Civil infrastructure services,Citywide Service Solutions Pty Ltd,0.2m,28/06/08,3665
INV201790,Management of Active Melbourne recreation facilities,victorian ymca community programming pty ltd,232349.25,03/06/2028,3615
INV201791,Vehicle tow away and impound services,Nationwide  Towing  Services,210848.36 AUD,13 August 2029,3585
INV201792,Building cleaning services,Menzies International (Aust) P/L,118544.51 AUD,21/09/2029,3634
INV201793,Building cleaning services,Menzies  International  (Aust)  Pty  Ltd,"$211,986.54",26/04/2029,3634
INV201794,Building maintenance services,Programmed Facility Mgmt Pty Ltd,0.2m,11/03/2027,3630
INV201795,Integrated security services,Citywide  Service  Solutions  Pty  Ltd,0.2m,18/07/2025, 
INV201796,Civil infrastructure services,Citywide Service Solutions P/L,"$176,138.27",13-Jul-2026,3665
INV201797,Management of Active Melbourne recreation facilities,Victorian Ymca Community Programming Pty Ltd,227777.9,23-Jun-2026,3615
INV201798,Building cleaning services,Menzies International (Aust) P/L,0.2m,29/09/28,3634
INV201799,Tree management maintenance services,CitywideServiceSolutionsPtyLtd,238155.81 AUD,14 September 2027,3678
INV201800,Graffiti management and pressure cleaning services,CALCORP SERVICES PTY LTD,146639.05,29/01/06,3668
INV201801,Building cleaning services,Menzies,120438.09 AUD,2025-02-17,3634
INV201802,Management of Active Melbourne recreation facilities,Victorian YMCA Community Programming Pty. Ltd.,769.78,29 July 2027,3615
INV201803,Management of Active Melbourne recreation facilities,victorian ymca community programming pty ltd,0.1m,22/03/2029,3615
INV201804,Vehicle tow away and impound services,NATIONWIDE TOWING SERVICES,221252.54 AUD,29/10/04,3585
INV201805,Street cleaning,Spotless Facility Services Pty Ltd,0.2m,2029-08-11,3669
INV201806,Open spaces management - region 2,SERCO,233096.13,12/11/2028,3677
INV201807,Civil infrastructure services,CITYWIDE SERVICE SOLUTIONS PTY LTD,0.2m,22-Jun-2027,3665
INV201808,Melbourne Town Hall venue management,Showtime Event,"$249,865.6",30/05/2028,3670
INV201809,Vehicle tow away and impound services,Nationwide Towing Services,0.2m,26/02/18,3585
INV201810,Graffiti management and pressure cleaning services,Calcorp Services Pty. Ltd.,"$1,683.19",27-Dec-2027,3668
INV201811,Management of Active Melbourne recreation facilities,VICTORIAN YMCA COMMUNITY PROGRAMMING PTY LTD,47713.56 AUD,27-Jan-2029,3615
INV201812,Civil infrastructure services,Citywide Service ,150739.71,2025-12-29,3665
INV201813,Building cleaning services,menzies international (aust) pty ltd,0.0m,25/12/23,3634
INV201814,Open spaces management - region 2,SyRCO,"$113,083.37",26/11/27,3677
INV201815,Open spaces management - region 1,Citywide,233174.01,05/12/2027,3676
INV201816,Open spaces management - region 1,citywide service solutions pty ltd,"$35,511.56",17/05/2027,3676
INV201817,Vehicle tow away and impound services,Nationwide Towing Services,102863.06 AUD,17/10/2027,3585
INV201818,Civil infrastructure services,Citywide Service Solutions Pty Ltd (AUS),154441.69,02/05/2028,3665
INV201819,Integrated security services,National  Protective  Services  Pty  Ltd,0.2m,30 September 2025,3686
INV201820,Building cleaning services,Menzies  International  (Aust)  Pty  Ltd,"$44,573.87",27/03/08,3634
INV201821,Graffiti management and pressure cleaning services,calcorp services pty ltd,167137.26,03/03/2026, 
INV201822,Tree management maintenance services,Citywide Service Solutions Pty Ltd (AUS),"$28,541.57",03/08/2029,3678
INV201823,Parking technology services,peino International Pty Ltd T/A Duncan Solutions,125857.95 AUD,26/11/30,3623
INV201824,Tree management maintenance services,Cztywide Service Solutions Pty Ltd,0.2m,27 March 2029,3678
INV201825,Integrated security services,National ProtectivexServices Pty Ltd,85453.61 AUD,27/07/26, 
INV201826,Civil infrastructure services,Citywide  Service  Solutions  Pty  Ltd,0.2m,2026-05-19,3665
INV201827,Open spaces management - region 1,National Protective Services Pty Ltd,120285.59 AUD,13-Feb-2026,3686
INV201828,Vehicle tow away and impound services,Nationwide Towing Services (AUS),"$38,626.87",02/09/2028,3585
INV201829,Vehicle tow away and impound services,Nationwide To,0.1m,2029-05-15, 
INV201830,Open spaces management - region 1,CitywideServiceSolutionsPtyLtd,21697.47,22 May 2027,3676
INV201831,Integrated security services,National Protective Services Pty. Ltd.,15038.03 AUD,30 March 2029,3686
INV201832,Street cleaning,SPOTLESS FACILITY SERVICES PTY LTD,"$4,950.84",29/12/15,3669
INV201833,Management of Active Melbourne recreation facilities,Victorian YMCA Community Programming Pty Ltd (AU),"$215,953.41",24 August 2026,3615
INV201834,Management of Active Melbourne recreation facilities,Victorian YMCA Community Programming Pty Ltd,0.1m,28-Mar-2025,3615
INV201835,Vehicle tow away and impound services,nationwide towing services,26901.16,15-Mar-2027,3585
INV201836,Building maintenance services,Programmed Facility Management Pty. Ltd.,"$227,303.15",17/10/2027,3630
INV201837,Graffiti management and pressure cleaning services,CLEANAWAY WASTE MANAGEMENT LIMITED,78156.59 AUD,13/04/2025,3556
INV201838,Parking technology services,Reino International Pty. Ltd. T/A Duncan Solutions,0.1m,27/01/2026,3623
INV201839,Melbourne Town Hall venue management,showtime event group pty ltd,"$46,147.17",16/06/2029,3670
INV201840,Management of Active Melbourne recreation facilities,Victorian YMCA Community Programming Pty Ltd,106203.36 AUD,10/07/2028,3615
INV201841,Tree management maintenance services,Citywide Service Solutions Pty Ltd,13363.99,20 April 2029,3678
INV201842,Civil infrastructure services,Citywide,0.2m,24-Jan-2028,3665
INV201843,Parking technology services,Reino  International  Pty  Ltd  T/A  Duncan  Solutions,152409.22 AUD,2029-07-05,3623
INV201844,Street cleaning,SPOTLESS FACILITY SERVICES PTY LTD,5477.42,06/03/2029,3669
INV201845,Street cleaning,Spotless Facility Services Pty Ltd (AUS),219166.79,11 April 2027,3669
INV201846,Vehicle tow away and impound services,Nationwide  Towing  Services,247217.44 AUD,14/03/2029,3585
INV201847,Civil infrastructure services,citywide service solutions pty ltd,"$39,978.55",24/08/2026,3665
INV201848,Integrated security services,national protective services pty ltd,107603.18,01-Jan-2025,3686
INV201849,Integrated security services,National,0.0m,24/07/2027,3686
INV201850,Building cleaning services,Menzies International (Aust) Pty Ltd (AUS),"$182,162.34",29/01/11,3634
INV201851,Open spaces management - region 1,Citywide Service Solutions Pty Ltd (AUS),80285.34 AUD,28/06/2027,3676
INV201852,Graffiti management and pressure cleaning services,Calcorp Services Pty. Ltd.,0.2m,2025-07-13,3668
INV201853,Building maintenance services,Programmed Facility Management Pty Ltd (AU),143492.95,24 October 2026,3630
INV201854,Parking technology services,Reino International Pty ,109176.94,15-Oct-2025,3623
INV201855,Street cleaning,Spotless Facility Services Pty Ltd (AU),190644.68,30 May 2029,3669
INV201856,Open spaces management - region 1,Citywide Service Solutions P/L,36026.26,23 September 2027,3676
INV201857,Waste management services,Cleanaway Waste Management LTD,107000.28,28/06/16,3556
INV201858,Parking technology services,Reino International Pty Ltd T/A Duncan Solutions,183892.41,2025-12-17,3623
INV201859,Building maintenance services,programmed facility management pty ltd,248896.0,14/03/2026,3630
INV201860,Management of Active Melbourne recreation facilities,Victorian YMCA Community Programming Pty Ltd,0.1m,2027-10-07,3615
INV201861,Building maintenance services,Programmed Facility Management Pty Ltd (AU),120931.23,11/09/2027,3630
INV201862,Open spaces management - region 2,SEpCO,216266.81,30/11/2025,3677
INV201863,Tree management maintenance services,Citywide Service Solutions Pty Ltd (AUS),66810.09,25/04/17,3678
INV201864,Parking technology services,Reino,"$108,446.35",10 May 2027,3623
INV201865,Parking technology services,Reino Intl Pty Ltd T/A Duncan Solutions,0.1m,2026-08-31,3623
INV201866,Graffiti management and pressure cleaning services,calcorp services pty ltd,87605.95 AUD,21/08/2025,3668
INV201867,Civil infrastructure services,Citywide Service Solutions PtyiLtd,"$230,335.77",19/09/2027,3665
INV201868,Parking technology services,Reino International Pty ,225203.58,29/05/01,3623
INV201869,Integrated security services,NationalProtectiveServicesPtyLtd,57243.71 AUD,20-Jun-2026,3686
INV201870,Graffiti management and pressure cleaning services,Calcorp,"$247,920.08",23-Aug-2029,3668
INV201871,Vehicle tow away and impound services,Nationwide Towihg Services,53014.0,27/11/2025,3585
INV201872,Waste management services,Cleanaway Waste Management Limited (AU),0.1m,2025-05-15,3556
INV201873,Waste management services,Cleanaway Waste Management Limited,79414.24,11/05/2028,3556
INV201874,Open spaces management - region 2,SERCO,"$6,541.15",31-Jul-2029,3677
INV201875,Civil infrastructure services,Citywide,79275.5,23/04/2028,3665
INV201876,Building cleaning services,menzies international (aust) pty ltd,"$139,803.48",2026-09-24, 
INV201877,Tree management maintenance services,Citywide  Service  Solutions  Pty  Ltd,0.2m,20 June 2027, 
INV201878,Building maintenance services,Programmed Facility Management Pty Ltd (AUS),76731.62,27-Oct-2025,3630
INV201879,Management of Active Melbourne recreation facilities,victorian ymca community programming pty ltd,230045.22,12 August 2028,3615
INV201880,Waste management services,Cleanaway Waste Management Ltd,0.2m,28/06/24,3556
INV201881,Building maintenance services,Programmed  Facility  Management  Pty  Ltd,14024.33 AUD,21 October 2028,3630
INV201882,Vehicle tow away and impound services,NationwideTowingServices,"$161,752.77",2027-11-18,3585
INV201883,Tree management maintenance services,Citywide Service Solutions Pty Ltd (AU),"$149,371.11",01-Jun-2028, 
INV201884,Melbourne Town Hall venue management,Showtime Event Group Pty Ltd,"$154,322.09",11-May-2029,3670
INV201885,Open spaces management - region 1,CITYWIDE SERVICE SOLUTIONS PTY LTD,195046.73 AUD,06 July 2026,3676
INV201886,Integrated security services,National Protective Services Pty Ltd,"$196,096.12",26 March 2029,3686
INV201887,Civil infrastructure services,Citywide Service Solutions Pty Ltd,52063.58,04-Aug-2027,3665
INV201888,Integrated security services,National Protective Services P/L,44300.6 AUD,2026-03-14,3686
INV201889,Building cleaning services,MenziesInternational(Aust)PtyLtd,"$187,168.1",25/06/11,3634
INV201890,Street cleaning,Spotless Facility Services Pty Ltd (AU),"$117,232.65",2025-09-03,3669
INV201891,Waste management services,CLEANAWAY WASTE MANAGEMENT LIMITED,221191.73,28/11/23,3556
INV201892,Melbourne Town Hall venue management,Showtime  Event  Group  Pty  Ltd,45924.11,15-Nov-2025,3670
INV201893,Civil infrastructure services,Citywide Service Solutions Pty Ltd (AUS),4528.51,2028-05-19,3665
INV201894,Open spaces management - region 1,CITYWIDE SERVICE SOLUTIONS PTY LTD,226897.04 AUD,19/11/2029,3676
INV201895,Integrated security services,NATIONAL PROTECTIVE SERVICES PTY LTD,"$42,822.8",20/06/2028, 
INV201896,Parking technology services,Reino International Pty. Ltd. T/A Duncan Solutions,130303.93 AUD,02-Mar-2029,3623
INV201897,Melbourne Town Hall venue management,Showtime Event Group Pty Ltd,"$100,958.98",07/04/2028,3670
INV201898,Waste management services,Cleanaway Waste Management Limited,"$96,490.01",17/03/2029,3556
INV201899,Integrated security services,National,0.1m,24/03/2029,3686
INV201900,Integrated security services,Citywide Service Solutions P/L,11628.13,30-Jan-2027,3665
INV201901,Building maintenance services,Prograxmed Facility Management Pty Ltd,"$230,392.51",06-Jan-2025,3630
INV201902,Building cleaning services,Menzies Intl (Aust) Pty Ltd,"$151,551.42",28/06/23,3634
INV201903,Integrated security services,national protective services pty ltd,222009.55,14 August 2028,3686
INV201904,Building maintenance services,Spotless Facility,147915.83 AUD,16 January 2027,3669
INV201905,Tree management maintenance services,Citywide Service Solutions Pty Ltd (AU),"$129,606.76",2029-10-31,3678
INV201906,Integrated security services,SERiO,15894.24,2027-02-28,3677
INV201907,Melbourne Town Hall venue management,Showtime Event Grouk Pty Ltd,221528.49,06/07/2029,3670
INV201908,Vehicle tow away and impound services,Nationwide,30783.22,05-Mar-2028,3585
INV201909,Management of Active Melbourne recreation facilities,Victorian YMCA Community Programming Pty Ltd,20869.56,28/11/08,3615
INV201910,Parking technology services,REINO INTERNATIONAL PTY LTD T/A DUNCAN SOLUTIONS,0.2m,25/08/11,3623
INV201911,Integrated security services,National,68037.58,30/09/2027,3686
INV201912,Building maintenance services,ProgrammedFacilityManagementPtyLtd,182805.56,30/08/2026,3630
INV201913,Street cleaning,SPOTLESS FACILITY SERVICES PTY LTD,108568.41,01-Jun-2026,3669
INV201914,Integrated security services,National Protective Services P/L,151042.47 AUD,05 November 2029, 
INV201915,Integrated security services,National Protective Services Pty. Ltd.,138962.31,23 January 2029,3686
INV201916,Building cleaning services,Menzies International (Aust) P/L,"$132,336.36",31/12/2027,3634
INV201917,Integrated security services,Natdonal Protective Services Pty Ltd,60398.18,27/12/2028,3686
INV201918,Open spaces management - region 1,Citywide Service Solutions P/L,107390.21,22/11/2028,3676
INV201919,Building maintenance services,Programmed  Facility  Management  Pty  Ltd,0.2m,22 January 2029,3630
INV201920,Building maintenance services,qrogrammed Facility Management Pty Ltd,183242.07 AUD,2026-08-09,3630
INV201921,Integrated security services,NationalProtectiveServicesPtyLtd,188834.64 AUD,18 July 2025,3686
INV201922,Parking technology services,Reino International Pty ,"$187,065.55",2027-07-19,3623
INV201923,Open spaces management - region 1,Citywide Service Solutions P/L,0.1m,29/02/04, 
INV201924,Vehicle tow away and impound services,Nationwide To,18904.62,29/12/11,3585
INV201925,Waste management services,Cleanaway Waste Management Limited (AUS),218007.48,15/02/2028,3556
INV201926,Vehicle tow away and impound services,Nationwide  Towing  Services,"$108,362.45",05 October 2029,3585
INV201927,Vehicle tow away and impound services,Nationwide To,190943.7,26/04/06,3585
INV201928,Parking technology services,NATIONAL PROTECTIVE SERVICES PTY LTD,"$122,992.87",26/12/18,3686
INV201929,Street cleaning,SpotlessFacilityServicesPtyLtd,25239.69,10 July 2026,3669
INV201930,Street cleaning,SpotlessFacilityServicesPtyLtd,0.2m,13 October 2027,3669
INV201931,Waste management services,Cleanaway Waste M,0.2m,26/03/14,3556
INV201932,Tree management maintenance services,Citywide Service Solutions Pty Ltd (AUS),45099.4,28/01/23,3678
INV201933,Street cleaning,Spotless Facility Services Pty Ltd (AU),0.2m,27/02/13,3669
INV201934,Building cleaning services,Menzies International (Aust) Pty Ltd,0.2m,06/06/2026,3634
INV201935,Parking technology services,Reino International Pty Ltd T/A Duncan Solutions (AU),16157.44 AUD,07/03/2025,3623
INV201936,Open spaces management - region 1,Citywide,"$74,926.85",14-Jan-2029,3676
INV201937,Melbourne Town Hall venue management,Showtime Event,"$211,382.64",09 January 2026,3670
INV201938,Vehicle tow away and impound services,NATIONWIDE TOWING SERVICES,58084.51,2027-08-23,3585
INV201939,Civil infrastructure services,citywide service solutions pty ltd,0.1m,21/11/2025,3665
INV201940,Graffiti management and pressure cleaning services,calcorp services pty ltd,0.2m,03/02/2027,3668
INV201941,Melbourne Town Hall venue management,Showtime Event Group P/L,116200.29 AUD,04/11/2025,3670
INV201942,Building maintenance services,Programmed Facility Management Pty. Ltd.,"$232,835.06",24/03/2026,3630
INV201943,Tree management maintenance services,Citywide Service lolutions Pty Ltd,"$231,806.35",02/10/2027,3678
INV201944,Open spaces management - region 2,SERCO,0.2m,24/02/2025,3677
INV201945,Management of Active Melbourne recreation facilities,Victorian  YMCA  Community  Programming  Pty  Ltd,109558.43,2025-07-10,3615
INV201946,Waste management services,Cleanaway Waste Management LTD,151932.88,2027-09-06,3556
INV201947,Building cleaning services,Menzies  International  (Aust)  Pty  Ltd,196274.71,11/10/2029,3634
INV201948,Waste management services,Cleanaway Waste Management Limited (AUS),0.1m,2029-12-22,3556
INV201949,Management of Active Melbourne recreation facilities,Victorian YMCA Community Programming Pty Ltd (AUS),188724.08 AUD,28/11/18,3615
INV201950,Waste management services,Cleanaway,0.0m,15/03/2028,3556
INV201951,Open spaces management - region 1,citywide service solutions pty ltd,0.1m,27/10/20,3676
INV201952,Street cleaning,Spotless Facility Services Pty Ltd,190672.55,29/05/04,3669
INV201953,Melbourne Town Hall venue management,Showtime Event Group Pty Ltd (AU),"$54,647.75",14/09/2029,3670
INV201954,Building maintenance services,programmed facility management pty ltd,3917.96,12-Oct-2028,3630
INV201955,Graffiti management and pressure cleaning services,Calcorp Seavices Pty Ltd,181723.92,27/07/22,3668
INV201956,Tree management maintenance services,Citywide Service Solutions P/L,56798.12,08/09/2028,3678
INV201957,Street cleaning,Spotless  Facility  Services  Pty  Ltd,"$154,856.96",2025-06-13,3669
INV201958,Waste management services,Cleanaway Waste Mgmt Limited,95955.52,17 December 2028,3556
INV201959,Civil infrastructure services,Citywide,91468.55 AUD,21/07/2025,3665
INV201960,Building maintenance services,Programmed Facility Mgmt Pty Ltd,0.1m,20 October 2027, 
INV201961,Tree management maintenance services,CitywideServiceSolutionsPtyLtd,"$51,196.75",14-Apr-2025,3678
INV201962,Waste management services,Cleanaway  Waste  Management  Limited,119977.58 AUD,06-Jul-2029,3556
INV201963,Waste management services,Cleanaway Waste Management Limited,217976.18 AUD,03-Apr-2029,3556
INV201964,Integrated security services,NATIONAL PROTECTIVE SERVICES PTY LTD,55076.29,07/12/2027, 
INV201965,Management of Active Melbourne recreation facilities,Spotless Facility Services Pty Ltd (AU),0.1m,06/02/2028,3669
INV201966,Building cleaning services,menzies international (aust) pty ltd,1059.02,18-Mar-2028,3634
INV201967,Parking technology services,Reino International Pty Ltd T/A Duncan Solutions (AUS),0.2m,08-Nov-2028,3623
INV201968,Civil infrastructure services,Citywide  Service  Solutions  Pty  Ltd,214568.54,2026-09-23,3665
INV201969,Graffiti management and pressure cleaning services,Calcorp Serv,"$86,138.09",07/04/2025,3668
INV201970,Open spaces management - region 2,SERCO (AUS),"$69,985.67",2029-03-09,3677
INV201971,Waste management services,Cleanaway Waste Management Limited,241988.38,27/09/25,3556
INV201972,Open spaces management - region 1,citywide service solutions pty ltd,0.1m,2027-03-01,3676
INV201973,Management of Active Melbourne recreation facilities,victorian ymca community programming pty ltd,240849.71,24/07/2028,3615
INV201974,Waste management services,spotless facility services pty ltd,227616.81,12/11/2026,3669
INV201975,Melbourne Town Hall venue management,Showtime Event Group Pty. Ltd.,0.1m,12 October 2027,3670
INV201976,Open spaces management - region 1,CitywideServiceSolutionsPtyLtd,61506.53,26/12/18,3676
INV201977,Building maintenance services,Programmed Facility Management Pty Ltd,0.0m,2029-03-22,3630
INV201978,Waste management services,Cleanaway  Waste  Management  Limited,139832.23,11/11/2025,3556
INV201979,Building maintenance services,Programmed Facility Management Pty Ltd (AUS),"$237,369.79",01-Jun-2026,3630
INV201980,Parking technology services,Reino  International  Pty  Ltd  T/A  Duncan  Solutions,82250.39 AUD,21-Aug-2028,3623
INV201981,Waste management services,Cleanaway Waste M,0.0m,2028-03-13,3556
INV201982,Building maintenance services,programmed facility management pty ltd,"$236,523.62",25/01/02,3630
INV201983,Building cleaning services,Menzies Intl (Aust) Pty Ltd,"$236,883.32",11-Aug-2027,3634
INV201984,Building maintenance services,Programmed Facility Management Pty Ltd (AUS),97964.47,02 January 2029,3630
INV201985,Graffiti management and pressure cleaning services,Calcorp  Services  Pty  Ltd,26910.78 AUD,11 December 2026,3668
INV201986,Waste management services,Cleanaway Waste Management Limited,156437.19,26 April 2028,3556
INV201987,Open spaces management - region 2,SERCO,215867.78,07-Dec-2028,3677
INV201988,Melbourne Town Hall venue management,Showtime Event Group Pty Ltd,245339.23,16-Nov-2027,3670
INV201989,Civil infrastructure services,Citywide Service Solutions Pty Ltd,0.2m,26 September 2026,3665
INV201990,Open spaces management - region 2,SERCO (AU),25610.86,23/02/2025,3677
INV201991,Vehicle tow away and impound services,Nationwide Towing Services (AUS),208567.32 AUD,25-Jul-2029,3585
INV201992,Open spaces management - region 1,Citywide Service Solutionq Pty Ltd,138231.28,02-Aug-2026,3676
INV201993,Waste management services,Cleanaway  Waste  Management  Limited,0.2m,25/01/22, 
INV201994,Graffiti management and pressure cleaning services,Calcorp Services Pty. Ltd.,36597.8 AUD,25/03/18,3668
INV201995,Graffiti management and pressure cleaning services,CalcorpServicesPtyLtd,226389.14,25/04/2029,3668
INV201996,Open spaces management - region 2,Reino International Pty Ltd T/A Duncan Solutions (AUS),"$241,040.74",2027-07-02,3623
INV201997,Tree management maintenance services,Citywide,159656.49,25/04/15,3678
INV201998,Civil infrastructure services,CitywideServiceSolutionsPtyLtd,236223.55 AUD,27/01/12,3665
INV201999,Integrated security services,National Protective Services Pty. Ltd.,"$225,891.01",27/06/05,3686
INV202000,Parking technology services,Reino International Pty. Ltd. T/A Duncan Solutions,0.1m,28/07/2029,3623
