InvoiceID,ContractTitle,Provider,InvoiceAmount,InvoiceDate,ContractNumber
INV244001,Waste management services,Cleanaway Waste Management Limited,156322.03 AUD,2026-10-13,3556
INV244002,Building maintenance services,Programmed Facility Management Pty Ltd,241720.67 AUD,2029-03-04,3630
INV244003,Civil infrastructure services,Citywide,"$113,481.76",2027-03-29,3665
INV244004,Vehicle tow away and impound services,Nationwide,72789.82,28/07/12,3585
INV244005,Building maintenance services,Programmed Facility Management Pty Ltd,0.2m,2026-10-11,3630
INV244006,Parking technology services,Reino  International  Pty  Ltd  T/A  Duncan  Solutions,66074.36 AUD,2027-08-25,3623
INV244007,Management of Active Melbourne recreation facilities,VICTORIAN YMCA COMMUNITY PROGRAMMING PTY LTD,10000.01,14/01/2029,3615
INV244008,Graffiti management and pressure cleaning services,Calcorp Services Pty Ltd (AUS),185557.27,13/03/2026,3668
INV244009,Tree management maintenance services,Citywide Service Solutions Pty Ltd (AUS),228938.08 AUD,19 September 2025,3678
INV244010,Building maintenance services,Programmed Facility Management Pty Ltd,73851.64,31/08/2026,3630
INV244011,Integrated security services,National  Protective  Services  Pty  Ltd,0.2m,22/10/2025,3686
INV244012,Open spaces management - region 1,Citywide Service Solutions Pty Ltd,"$79,999.35",05/01/2025,3676
INV244013,Graffiti management and pressure cleaning services,Calcorp Services Pty Ltd,0.2m,2029-06-23,3668
INV244014,Tree management maintenance services,Citywide Service Solutions Pty Ltd,78392.56,2029-03-19,3678
INV244015,Parking technology services,ReinoInternationalPtyLtdT/ADuncanSolutions,"$232,625.25",26/12/21,3623
INV244016,Building maintenance services,Citywide Service Solutions Pty Ltd (AUS),29354.98,02/10/2027,3665
INV244017,Open spaces management - region 1,Citywide Service Solutions Pty Ltd,63860.91,14 May 2028,3676
INV244018,Integrated security services,National Protectiv,0.2m,29 March 2028,3686
INV244019,Building maintenance services,programmed facility management pty ltd,"$178,716.82",11/09/2029,3630
INV244020,Building cleaning services,nationwide towing services,"$11,390.49",25/08/12,3585
INV244021,Waste management services,Cleanaway Waste Management Limited (AUS),63348.86,27/09/2026, 
INV244022,Building cleaning services,Menzies,106463.07 AUD,09-Nov-2026,3634
INV244023,Waste management services,Cleanaway Waste Management Limited (AU),0.1m,2026-12-20, 
INV244024,Management of Active Melbourne recreation facilities,Victorian YMCA Community Programming Pty Ltd (AUS),234492.6,21-Jan-2029,3615
INV244025,Civil infrastructure services,Citywide Service Solutions Pty Ltd,"$117,531.59",08/10/2026,3665
INV244026,Street cleaning,SPOTLESS FACILITY SERVICES PTY LTD,0.2m,26/11/30,3669
INV244027,Building cleaning services,Menzies International (Aust) Pty Ltd (AUS),97054.38,17/12/2029,3634
INV244028,Building cleaning services,Reino International Pty ,"$45,432.49",25/02/27,3623
INV244029,Street cleaning,Spotless  Facility  Services  Pty  Ltd,"$1,783.16",2026-09-14,3669
INV244030,Waste management services,Cleanaway Waste M,"$60,579.54",28/12/13,3556
INV244031,Melbourne Town Hall venue management,Showtime Event Group Pty Ltd,189994.5,22/11/2026,3670
INV244032,Integrated security services,National Protective Services Pty Ltd (AUS),"$62,404.78",20/04/2026,3686
INV244033,Parking technology services,reino international pty ltd t/a duncan solutions,0.2m,2027-03-21,3623
INV244034,Open spaces management - region 2,SmRCO,"$95,729.34",27-Apr-2026,3677
INV244035,Management of Active Melbourne recreation facilities,Reino International P/L T/A Duncan Solutions,0.1m,13-Mar-2027,3623
INV244036,Waste management services,Cleanaway Waste Management Limited (AU),89739.96,14/07/2029,3556
INV244037,Parking technology services,REINO INTERNATIONAL PTY LTD T/A DUNCAN SOLUTIONS,217479.5,19-Jan-2028,3623
INV244038,Management of Active Melbourne recreation facilities,Victorian Ymca Community Programming Pty Ltd,125237.57,23/05/2025,3615
INV244039,Management of Active Melbourne recreation facilities,Menzies International (Aust) Pty Ltd,104445.95 AUD,26/11/19,3634
INV244040,Vehicle tow away and impound services,Nationwide  Towing  Services,216744.88,18/05/2026,3585
INV244041,Building maintenance services,Programmed Facility Management Pty Ltd (AUS),0.2m,06/09/2028,3630
INV244042,Waste management services,Cleanaway Waste Management LTD,"$3,324.25",09 November 2028,3556
INV244043,Tree management maintenance services,zitywide Service Solutions Pty Ltd,165200.38 AUD,2028-10-24,3678
INV244044,Open spaces management - region 1,Citywide Service Solutions Pty Ltd,219714.2 AUD,04-Sep-2028,3676
INV244045,Integrated security services,National Protective Services Pty Ltd (AU),121733.91,25/12/06,3686
INV244046,Melbourne Town Hall venue management,Showtime Event,102340.22 AUD,29/01/09,3670
INV244047,Tree management maintenance services,CitywideServiceSolutionsPtyLtd,203737.25,2026-06-16, 
INV244048,Waste management services,Cleanaway  Waste  Management  Limited,"$48,789.08",19/07/2029,3556
INV244049,Graffiti management and pressure cleaning services,Cflcorp Services Pty Ltd,245621.14,04-Jun-2026,3668
INV244050,Open spaces management - region 1,Citywide Service Shlutions Pty Ltd,"$177,650.61",16-Nov-2025,3676
INV244051,Building cleaning services,menzies international (aust) pty ltd,152783.49,21/10/2028,3634
INV244052,Management of Active Melbourne recreation facilities,Victorian YMCA Community Progsamming Pty Ltd,33878.59,11/09/2029,3615
INV244053,Management of Active Melbourne recreation facilities,Victorian Ymca Community Programming Pty Ltd,"$12,628.52",11/11/2029,3615
INV244054,Integrated security services,National,"$10,392.54",17/10/2029,3686
INV244055,Integrated security services,National Protectiv,169444.69 AUD,01/12/2028,3686
INV244056,Open spaces management - region 1,Citywide  Service  Solutions  Pty  Ltd,9668.51,12 May 2025,3676
INV244057,Graffiti management and pressure cleaning services,calcorp services pty ltd,0.2m,2025-08-23,3668
INV244058,Civil infrastructure services,Citywide Service Solutions Pty Ltd (AU),133481.77 AUD,16 May 2029,3665
INV244059,Integrated security services,National Protective Services P/L,190126.6,01 July 2027,3686
INV244060,Management of Active Melbourne recreation facilities,Victorian YMCA Communi,"$160,463.4",16-Dec-2029,3615
INV244061,Tree management maintenance services,Citywide Service Solutions Pty Ltd,0.1m,27 October 2025, 
INV244062,Melbourne Town Hall venue management,Showtime Event Group Pty Ltd (AU),138013.22,26/06/17,3670
INV244063,Open spaces management - region 1,Citywide  Service  Solutions  Pty  Ltd,212643.01 AUD,2027-11-05,3676
INV244064,Integrated security services,National Protectiv,223388.2,23/12/2029,3686
INV244065,Management of Active Melbourne recreation facilities,Victorian Ymca Community Programming Pty Ltd,98146.76,27/01/05,3615
INV244066,Integrated security services,National Protective Services Pty Ltd,52301.19,28/08/02,3686
INV244067,Melbourne Town Hall venue management,Showtime Event Group Pty. Ltd.,0.2m,,3670
INV244068,Building cleaning services,menzies international (aust) pty ltd,"$185,900.68",2026-06-19,3634
INV244069,Graffiti management and pressure cleaning services,CALCORP SERVICES PTY LTD,0.2m,18/02/2029,3668
INV244070,Open spaces management - region 2,serco,175080.3,30/09/2025,3677
INV244071,Integrated security services,National,"$97,897.94",03 May 2028,3686
INV244072,Management of Active Melbourne recreation facilities,Victorian,0.1m,28/05/2029,3615
INV244073,Building maintenance services,Programmed,"$211,798.01",22 April 2026,3630
INV244074,Management of Active Melbourne recreation facilities,Victorian YMCA Communi,101207.25,06 January 2025,3615
INV244075,Waste management services,Programmed Facility Management Pty. Ltd.,0.2m,25/10/30,3630
INV244076,Tree management maintenance services,Citywide Service Solutions Pty Ltd,0.1m,24 August 2029,3678
INV244077,Melbourne Town Hall venue management,Showtime Event Group Pty Ltd (AUS),0.1m,29/06/04,3670
INV244078,Integrated security services,NATIONAL PROTECTIVE SERVICES PTY LTD,100467.75,15/11/2027,3686
INV244079,Building cleaning services,Menzies Internatio,0.2m,29 June 2029,3634
INV244080,Open spaces management - region 2,SERCO (AU),229818.38,13-Dec-2029,3677
INV244081,Open spaces management - region 1,Citywide Service Solutions Pty Ltd,0.2m,12/10/2028,3676
INV244082,Waste management services,Cleanaway Waste ianagement Limited,"$204,691.38",06/09/2026,3556
INV244083,Tree management maintenance services,CITYWIDE SERVICE SOLUTIONS PTY LTD,20447.29,27/03/16,3678
INV244084,Street cleaning,Spotless Facility Services P/L,"$22,767.94",26/04/27,3669
INV244085,Graffiti management and pressure cleaning services,Calcorp Services Pty. Ltd.,78210.32 AUD,26/10/03,3668
INV244086,Graffiti management and pressure cleaning services,Calcorp Services Pty. Ltd.,28287.1 AUD,17 June 2027,3668
INV244087,Vehicle tow away and impound services,Nationwide Towing Services,156047.88,13/08/2025,3585
INV244088,Melbourne Town Hall venue management,Showtime  Event  Group  Pty  Ltd,41755.26,2027-04-19,3670
INV244089,Open spaces management - region 1,Citywide  Service  Solutions  Pty  Ltd,231434.96,18 April 2027,3676
INV244090,Vehicle tow away and impound services,NationwideTowingServices,78660.52 AUD,25/09/30,3585
INV244091,Parking technology services,Reino International Pty ,"$128,748.81",26/10/10,3623
INV244092,Vehicle tow away and impound services,Nationwide Towing Services (AU),148969.13,24/11/2028,3585
INV244093,Vehicle tow away and impound services,Nationwide Towing Services,89189.46 AUD,11/04/2028,3585
INV244094,Vehicle tow away and impound services,Nationwide Towing Services,0.1m,02/04/2028,3585
INV244095,Melbourne Town Hall venue management,Showtime Event Group Pty Ltd,167333.08 AUD,23 October 2025,3670
INV244096,Melbourne Town Hall venue management,Showtime Event Group Pty Ltd,192606.0,18/04/2025,3670
INV244097,Management of Active Melbourne recreation facilities,Victorian YMCA Community Programming Pty Lld,0.0m,,3615
INV244098,Civil infrastructure services,citywide service solutions pty ltd,"$240,956.6",28/04/12,3665
INV244099,Vehicle tow away and impound services,Nationwide Towing Services,134848.85,29-Oct-2027,3585
INV244100,Waste management services,Cleanaway Waste Mgmt Limited,211496.6,20-Sep-2027,3556
INV244101,Street cleaning,Spotless Facility Services Pty Ltd,239221.45,03/12/2026,3669
INV244102,Melbourne Town Hall venue management,Showtime Event Group Pty ltd,"$109,696.01",2026-08-11,3670
INV244103,Civil infrastructure services,citywide service solutions pty ltd,0.0m,2029-02-11,3665
INV244104,Building maintenance services,Programmed Facility Mgmt Pty Ltd,0.1m,29/07/04,3630
INV244105,Integrated security services,National Protective Services Pty Ltd,0.1m,30/12/2025,3686
INV244106,Street cleaning,SPOTLESS FACILITY SERVICES PTY LTD,230792.72 AUD,2027-07-09,3669
INV244107,Building maintenance services,Programmed Facility Management Pty Ltd,42663.99 AUD,13/03/2029,3630
INV244108,Civil infrastructure services,Citywide,"$35,379.29",16/03/2025,3665
INV244109,Tree management maintenance services,Citywide  Service  Solutions  Pty  Ltd,130302.21,13/08/2026,3678
INV244110,Open spaces management - region 2,SERwO,0.2m,14 September 2028,3677
INV244111,Open spaces management - region 1,Citywidd Service Solutions Pty Ltd,56027.24,07-Apr-2027,3676
INV244112,Tree management maintenance services,Citywide Service Solutions P/L,"$48,689.22",2029-04-25,3678
INV244113,Melbourne Town Hall venue management,SHOWTIME EVENT GROUP PTY LTD,0.2m,17-Feb-2027,3670
INV244114,Street cleaning,Spotless Facilify Services Pty Ltd,246999.06,27 October 2027,3669
INV244115,Melbourne Town Hall venue management,ShowtimeEventGroupPtyLtd,111891.35,15-Sep-2027,3670
INV244116,Street cleaning,Spotless  Facility  Services  Pty  Ltd,"$156,523.94",23/04/2028,3669
INV244117,Building maintenance services,Programmed Facility Management P/L,"$35,104.0",16/03/2026,3630
INV244118,Open spaces management - region 2,serco,64667.41,13-Apr-2026,3677
INV244119,Management of Active Melbourne recreation facilities,VictorianYMCACommunityProgrammingPtyLtd,72718.34,28/03/2028,3615
INV244120,Vehicle tow away and impound services,NATIONWIDE TOWING SERVICES,103560.62,14-May-2025,3585
INV244121,Management of Active Melbourne recreation facilities,Victorian YMCA Community Programming Pty Ltd,20026.43,2028-07-21,3615
INV244122,Management of Active Melbourne recreation facilities,Citywide Service ,0.1m,2026-04-30,3676
INV244123,Street cleaning,Spotless Facility Services Pty Ltd,0.1m,26/08/08,3669
INV244124,Waste management services,Cleanaway Waste Management Limited,133982.57,14-Jun-2025,3556
INV244125,Waste management services,Cleanaway,,20/06/2026,3556
INV244126,Waste management services,Cleanaway  Waste  Management  Limited,"$1,741.9",30-Apr-2026,3556
INV244127,Melbourne Town Hall venue management,Spotless Facility Services P/L,128649.4,14-Jan-2028,3669
INV244128,Open spaces management - region 1,Citywide Service Solutions Pty Ltd (AU),0.2m,25/10/2027,3676
INV244129,Building cleaning services,Menzies International (Aust) Pty Ltd,244472.5 AUD,04-Apr-2029,3634
INV244130,Management of Active Melbourne recreation facilities,Victorian YMCA Community Programming P/L,10109.94 AUD,2026-04-08,3615
INV244131,Building maintenance services,ProgrammedFacilityManagementPtyLtd,196321.99 AUD,29 December 2025,3630
INV244132,Open spaces management - region 1,Citywide Service Solutions Pty Ltd,164020.15,02/03/2028,3676
INV244133,Street cleaning,Spotless Facility,237108.42 AUD,08-Jan-2028,3669
INV244134,Management of Active Melbourne recreation facilities,Victorian,138431.3,27 May 2027,3615
INV244135,Street cleaning,Spotless,0.0m,2029-04-03,3669
INV244136,Vehicle tow away and impound services,Nationwide Towing Services,160336.1,2028-05-31,3585
INV244137,Building maintenance services,Programmed  Facility  Management  Pty  Ltd,"$44,514.66",24-May-2026,3630
INV244138,Building maintenance services,Programmed Facility Management Pty Ltd (AUS),179942.11,04/06/2027,3630
INV244139,Tree management maintenance services,CitywideServiceSolutionsPtyLtd,45943.59,15 October 2026,3678
INV244140,Open spaces management - region 1,Citywide  Service  Solutions  Pty  Ltd,143930.58 AUD,2027-02-27, 
INV244141,Tree management maintenance services,Citywine Service Solutions Pty Ltd,72962.46,02/05/2025, 
INV244142,Open spaces management - region 2,SERCO,0.2m,2025-05-26,3677
INV244143,Tree management maintenance services,Citywide Service Solutions PtymLtd,196477.29 AUD,07-Sep-2029,3678
INV244144,Vehicle tow away and impound services,Nationwide Towing Services (AUS),127267.4 AUD,02/11/2029,3585
INV244145,Management of Active Melbourne recreation facilities,Victorian YMCA Community Programming Pty. Ltd.,82434.98,28/07/02,3615
INV244146,Tree management maintenance services,Citywide Service Solutions Pty Ltd,36545.86,07 August 2027,3678
INV244147,Waste management services,Cleanaway Waste Management Ltd,232334.46,26/03/29,3556
INV244148,Building maintenance services,Programmed Facility Management Pty Ltd (AU),0.1m,2027-07-25,3630
INV244149,Tree management maintenance services,Citywide Service Solutions Pty Ltd,115548.39,11 February 2025,3678
INV244150,Graffiti management and pressure cleaning services,Calcorp,61812.19 AUD,27/10/07,3668
INV244151,Integrated security services,Citywide Service Solutions Pty Ltd (AU),30648.41,2028-01-22, 
INV244152,Graffiti management and pressure cleaning services,Calcorp Servicex Pty Ltd,200083.78 AUD,24-Oct-2029, 
INV244153,Melbourne Town Hall venue management,Showtime Event Group Pty Ltd,0.1m,21 December 2027, 
INV244154,Management of Active Melbourne recreation facilities,Victorian YMCA Community Programming P/L,"$139,574.45",19-Dec-2029,3615
INV244155,Building maintenance services,Programmed Facility Management Pty Ltd (AU),"$167,334.87",29/12/09,3630
INV244156,Waste management services,Cleanaway Waste Mgmt Limited,0.1m,09 December 2029,3556
INV244157,Vehicle tow away and impound services,Nationwide To,"$146,084.01",25/01/28,3585
INV244158,Vehicle tow away and impound services,Nationwide Towing Services,,26/06/2029,3585
INV244159,Parking technology services,reino international pty ltd t/a duncan solutions,167694.52,18-Jul-2028,3623
INV244160,Street cleaning,Spotless Facility Services P/L,183116.5,29-May-2029,3669
INV244161,Management of Active Melbourne recreation facilities,Victorian YMCA Communi,139192.86 AUD,16/08/2026,3615
INV244162,Management of Active Melbourne recreation facilities,Victorian YMCA Community Programming Pty Ltd,162724.57,2025-08-10,3615
INV244163,Open spaces management - region 2,SERfO,180555.1 AUD,2029-12-14,3677
INV244164,Integrated security services,National Protectiv,159653.19,28 April 2025,3686
INV244165,Open spaces management - region 1,Citywide,85698.84,11/06/2028, 
INV244166,Building maintenance services,Programmed Facility,162175.88,2029-09-28,3630
INV244167,Street cleaning,SPOTLESS FACILITY SERVICES PTY LTD,0.2m,07/07/2029,3669
INV244168,Integrated security services,National Protectiv,"$3,272.03",30/10/2026,3686
INV244169,Open spaces management - region 1,Citywide Service Solutions Pty Ltd,149703.16,08-Jul-2027, 
INV244170,Building cleaning services,Menzies International (Aust) Pty Ltd,146598.06 AUD,23 December 2027,3634
INV244171,Building cleaning services,Menzies International (Aust) Pty Ltd (AUS),210038.76,30-Aug-2029,3634
INV244172,Graffiti management and pressure cleaning services,Calcorp Servicei Pty Ltd,233900.24,26/04/2025,3668
INV244173,Parking technology services,Reino,0.1m,26/12/29,3623
INV244174,Parking technology services,Reino International Pty. Ltd. T/A Duncan Solutions,"$110,704.09",27/04/2027,3623
INV244175,Open spaces management - region 2,SERCO,0.1m,01-Jan-2030,3677
INV244176,Integrated security services,national protective services pty ltd,235366.54 AUD,2027-02-04,3686
INV244177,Tree management maintenance services,Citywide Service Solutions P/L,0.1m,2028-02-07,3678
INV244178,Civil infrastructure services,Citywide Service Solutions P/L,17451.65 AUD,,3665
INV244179,Open spaces management - region 2,serco,126466.92,04/12/2029,3677
INV244180,Tree management maintenance services,Citywide Service Solutions P/L,0.2m,25/01/14,3678
INV244181,Street cleaning,Spotless Facility Services Pty Ltd (AUS),0.1m,29-Nov-2026,3669
INV244182,Melbourne Town Hall venue management,Showtime Event,85481.04,28/05/11,3670
INV244183,Waste management services,Cleanaway Waste Management Limited (AUS),179874.12,12-Oct-2029,3556
INV244184,Waste management services,Cleanaway Waste Management Limited,5688.59 AUD,21-Jan-2025,3556
INV244185,Parking technology services,reino international pty ltd t/a duncan solutions,0.1m,2025-04-23,3623
INV244186,Tree management maintenance services,CITYWIDE SERVICE SOLUTIONS PTY LTD,"$57,843.89",25 December 2025,3678
INV244187,Melbourne Town Hall venue management,Showtime Event Group Pty. Ltd.,0.2m,07/09/2026,3670
INV244188,Vehicle tow away and impound services,Nationwide To,101658.92,31 December 2029,3585
INV244189,Tree management maintenance services,Citywide Service Solutions Pty Ltd,0.2m,16/06/2029,3678
INV244190,Parking technology services,Reino International Pty Ltd T/A Duncan Solutions,64150.78,13-Jul-2028,3623
INV244191,Open spaces management - region 1,CitywideServiceSolutionsPtyLtd,0.1m,25/01/30,3676
INV244192,Parking technology services,Reino International P/L T/A Duncan Solutions,200966.85,2025-12-05,3623
INV244193,Waste management services,Cleanaway Waste Management Limited,226155.88,,3556
INV244194,Civil infrastructure services,Citywide  Service  Solutions  Pty  Ltd,0.2m,29/10/16,3665
INV244195,Tree management maintenance services,Citywide Service Solutions Pty Ltd,124794.33 AUD,22 July 2025,3678
INV244196,Civil infrastructure services,CITYWIDE SERVICE SOLUTIONS PTY LTD,45906.46,27/10/05,3665
INV244197,Tree management maintenance services,Programmed Facility Management Pty Ltd,63203.69,04 April 2029,3630
INV244198,Vehicle tow away and impound services,nationwide towing services,137186.21,2028-12-13,3585
INV244199,Integrated security services,national protective services pty ltd,59509.69 AUD,2029-01-08,3686
INV244200,Open spaces management - region 2,SERCO,"$32,555.61",19-Apr-2025,3677
INV244201,Graffiti management and pressure cleaning services,Calcorp Serv,201182.71,20 September 2029,3668
INV244202,Civil infrastructure services,Citywide Service Solutions Pty Ltd (AU),113065.56,2027-07-18,3665
INV244203,Waste management services,Cleanaway Waste M,0.1m,26/06/06,3556
INV244204,Graffiti management and pressure cleaning services,calcorp services pty ltd,0.2m,09/01/2025,3668
INV244205,Integrated security services,National  Protective  Services  Pty  Ltd,149020.09 AUD,25/08/2028,3686
INV244206,Civil infrastructure services,Citywide,0.1m,2028-08-06,3665
INV244207,Integrated security services,National Protective Services P/L,0.1m,15/08/2029,3686
INV244208,Graffiti management and pressure cleaning services,Calcorp Services Pty Ltd,"$19,202.61",01/07/2028,3668
INV244209,Vehicle tow away and impound services,Nationwide To,54386.81 AUD,20 February 2025,3585
INV244210,Graffiti management and pressure cleaning services,Calcorp Services Pty. Ltd.,0.0m,2027-10-27,3668
INV244211,Management of Active Melbourne recreation facilities,Victorian YMCA Community Programming Pty Ltd,"$183,242.56",12 May 2029,3615
INV244212,Open spaces management - region 1,Citywide Service Solutions Pty Ltd (AU),"$61,771.9",21-Jun-2025,3676
INV244213,Building cleaning services,MenziesInternational(Aust)PtyLtd,"$237,623.89",2026-09-20,3634
INV244214,Civil infrastructure services,CITYWIDE SERVICE SOLUTIONS PTY LTD,"$87,324.39",27 August 2026,3665
INV244215,Tree management maintenance services,Citywide  Service  Solutions  Pty  Ltd,49068.28 AUD,28/02/22,3678
INV244216,Management of Active Melbourne recreation facilities,Victorian YMCA Community Programming Pty. Ltd.,58814.93,22/09/2028,3615
INV244217,Building cleaning services,Menzies International (Aust) Pty Ltd,0.1m,10/02/2025,3634
INV244218,Vehicle tow away and impound services,nationwide towing services,8128.14 AUD,31/05/2027,3585
INV244219,Building cleaning services,Menzies International (Aust) Pty Ltd (AUS),179867.02 AUD,18-May-2029,3634
INV244220,Tree management maintenance services,Citywide,0.2m,28 December 2029,3678
INV244221,Street cleaning,Spotless Facility Services Pty Ltd,"$237,965.89",19/07/2026,3669
INV244222,Civil infrastructure services,Citywide Service ,"$222,224.54",25/08/29,3665
INV244223,Management of Active Melbourne recreation facilities,VictorianYMCACommunityProgrammingPtyLtd,0.2m,22/01/2029,3615
INV244224,Integrated security services,national protective services pty ltd,81543.9,19/11/2026,3686
INV244225,Parking technology services,Reino International Pty Ltd T/A Duncan Solutions,0.2m,22 December 2029,3623
INV244226,Management of Active Melbourne recreation facilities,Nationwide Towing Services (AUS),20600.41 AUD,12-Dec-2029,3585
INV244227,Open spaces management - region 1,Citywide Service Solutions Pty Ltd (AU),"$139,166.8",25/02/18,3676
INV244228,Building cleaning services,Menzies International (Aust) Pty Ltd,0.0m,04 October 2026,3634
INV244229,Civil infrastructure services,CitywideServiceSolutionsPtyLtd,135098.36,2025-04-27,3665
INV244230,Civil infrastructure services,CITYWIDE SERVICE SOLUTIONS PTY LTD,173096.45 AUD,26/07/26,3665
INV244231,Building maintenance services,Programmed Facility Management Pty Ltd,0.0m,25/01/2029,3630
INV244232,Open spaces management - region 1,Citywide Service Solutions Pty Ltd,52053.29,11-Jan-2027,3676
INV244233,Tree management maintenance services,citywide service solutions pty ltd,148820.42,2029-05-14,3678
INV244234,Graffiti management and pressure cleaning services,CalcorpServicesPtyLtd,48469.53,03 March 2026,3668
INV244235,Open spaces management - region 1,Citywide Service Solutions P/L,"$134,818.03",29/02/04,3676
INV244236,Tree management maintenance services,Citywide  Service  Solutions  Pty  Ltd,230494.71,2027-04-05,3678
INV244237,Parking technology services,Reino International Pty Ltd T/A Duncan Solutlons,248870.64 AUD,22-Dec-2027,3623
INV244238,Management of Active Melbourne recreation facilities,Victorian  YMCA  Community  Programming  Pty  Ltd,"$221,218.47",03/01/2027,3615
INV244239,Melbourne Town Hall venue management,Showtime Event Group Pty. Ltd.,49473.79 AUD,26/08/20,3670
INV244240,Open spaces management - region 1,Citywide  Service  Solutions  Pty  Ltd,0.1m,29 March 2026,3676
INV244241,Melbourne Town Hall venue management,ShowtimeEventGroupPtyLtd,166362.56 AUD,20/06/2026,3670
INV244242,Graffiti management and pressure cleaning services,Calcorp Servicep Pty Ltd,0.1m,2025-09-05,3668
INV244243,Parking technology services,Reino International Pty. Ltd. T/A Duncan Solutions,,08/02/2027,3623
INV244244,Parking technology services,Reino International Pty Ltd T/A Duncan Solutions (AUS),24072.62 AUD,25/02/16,3623
INV244245,Civil infrastructure services,Citywide Service Solutions Pty Ltd (AU),67667.59,24-Sep-2028,3665
INV244246,Melbourne Town Hall venue management,Menzies,11118.98,21 June 2029,3634
INV244247,Integrated security services,national protective services pty ltd,85595.77,29-Jun-2029,3686
INV244248,Open spaces management - region 2,SEfCO,176581.8 AUD,25/12/09,3677
INV244249,Management of Active Melbourne recreation facilities,Victorian YMCA Community Programming Pty Ltd (AU),200155.52,22/11/2026,3615
INV244250,Building cleaning services,Menzies Internatio,50160.75,27/09/07,3634
INV244251,Open spaces management - region 2,SERCO,0.2m,26/10/2026,3677
INV244252,Melbourne Town Hall venue management,Showtime Event Group Pty Ltd (AUS),"$87,335.33",06 October 2027,3670
INV244253,Vehicle tow away and impound services,Nationwide  Towing  Services,0.1m,2027-05-11,3585
INV244254,Open spaces management - region 2,SERCO,0.1m,2026-09-28,3677
INV244255,Tree management maintenance services,Citywide Service ,80687.68 AUD,26/02/11,3678
INV244256,Management of Active Melbourne recreation facilities,Victorian YMCA Community Programming Pty Ltd (AU),160427.18,,3615
INV244257,Tree management maintenance services,Citywide Service Solutions Pty. Ltd.,"$102,570.97",2029-05-31,3678
INV244258,Street cleaning,Spotless Facility Services P/L,192245.92,24/05/2029,3669
INV244259,Civil infrastructure services,Citywide  Service  Solutions  Pty  Ltd,40561.01 AUD,04/07/2028,3665
INV244260,Vehicle tow away and impound services,Nationwide  Towing  Services,0.1m,26/09/07,3585
INV244261,Integrated security services,National Protective Services Pty Ltd,122409.47,28 January 2026,3686
INV244262,Building cleaning services,Menzies Int’l (Aust) Pty Ltd,203781.42,16/06/2025,3634
INV244263,Street cleaning,Spotless,"$29,435.92",2029-05-12,3669
INV244264,Integrated security services,National Protective Services Pty Ltd (AUS),"$133,826.26",27/12/06,3686
INV244265,Integrated security services,National Protective Services Pty Ltd (AU),201218.36 AUD,11/02/2026,3686
INV244266,Integrated security services,National,93247.0,28 July 2026,3686
INV244267,Graffiti management and pressure cleaning services,Calcorp Serv,44325.93,01/08/2027,3668
INV244268,Tree management maintenance services,Citywide Service Solutions Pty Ltd,0.1m,26/04/2028, 
INV244269,Parking technology services,Reino International Pty Ltd T/A Duncan Solutions (AUS),0.2m,2027-09-26,3623
INV244270,Management of Active Melbourne recreation facilities,Victorian YMCA Community Programming Pty Ltd,69938.53 AUD,20-Aug-2028,3615
INV244271,Melbourne Town Hall venue management,Showtime Event,66522.07 AUD,21/08/2027,3670
INV244272,Open spaces management - region 2,SERCO,130007.7,2025-07-14,3677
INV244273,Vehicle tow away and impound services,Nationwide  Towing  Services,0.0m,10-Sep-2025,3585
INV244274,Civil infrastructure services,Citywide Service Solutions Pty Ltd,75591.31,2025-10-08,3665
INV244275,Vehicle tow away and impound services,Nationwide  Towing  Services,4877.89 AUD,28/09/13,3585
INV244276,Building maintenance services,Programmed,135772.97 AUD,2026-05-02,3630
INV244277,Vehicle tow away and impound services,NationwideTowingServices,60348.73,09/09/2025,3585
INV244278,Melbourne Town Hall venue management,SHOWTIME EVENT GROUP PTY LTD,89257.14 AUD,24/02/2028,3670
INV244279,Graffiti management and pressure cleaning services,Calcorp Services Pty Ltd,66720.1,31-Aug-2026,3668
INV244280,Building maintenance services,Programmed  Facility  Management  Pty  Ltd,93497.88,03 August 2026,3630
INV244281,Vehicle tow away and impound services,Nationwide Towing Services,0.0m,02/07/2025,3585
INV244282,Tree management maintenance services,Citywide Service Solutions Pty Ltd (AU),0.2m,15/12/2028,3678
INV244283,Open spaces management - region 1,Citywide Service Solutions Pty Ltd (AU),31562.48,25/10/26,3676
INV244284,Building cleaning services,Menzies International (Aust) Pty Ltd,40973.27,2029-12-26,3634
INV244285,Waste management services,Cleanaway Waste Management Limited (AUS),0.0m,23/07/2029,3556
INV244286,Street cleaning,Spotless Facility,67524.72,22 July 2027,3669
INV244287,Street cleaning,Spotless Facility,"$220,420.18",2029-05-28,3669
INV244288,Graffiti management and pressure cleaning services,Calcorp Serv,0.2m,18-Jan-2025,3668
INV244289,Integrated security services,National  Protective  Services  Pty  Ltd,228329.69,05/09/2028,3686
INV244290,Civil infrastructure services,Citywide,1277.68 AUD,2029-03-20,3665
INV244291,Waste management services,Cleanaway Waste Mgmt Limited,239485.47,13-Jul-2025,3556
INV244292,Building cleaning services,Menzies,"$84,333.05",21/11/2027,3634
INV244293,Waste management services,Cleanaway  Waste  Management  Limited,"$11,367.62",27 October 2026,3556
INV244294,Civil infrastructure services,citywide service solutions pty ltd,185115.11 AUD,2029-05-22,3665
INV244295,Tree management maintenance services,Citywide Service Solutions Pty Ltd,0.1m,12-Jan-2026,3678
INV244296,Waste management services,Cleanaway Waste Management Limited (AUS),"$169,573.32",28/09/22,3556
INV244297,Open spaces management - region 1,Citywide Service Solutions P/L,176205.91 AUD,22 August 2028,3676
INV244298,Parking technology services,REINO INTERNATIONAL PTY LTD T/A DUNCAN SOLUTIONS,144738.56,06-Jan-2028,3623
INV244299,Tree management maintenance services,CitywideServiceSolutionsPtyLtd,3367.06 AUD,23-Sep-2028,3678
INV244300,Integrated security services,NationalProtectiveServicesPtyLtd,62739.8,2025-08-26,3686
INV244301,Open spaces management - region 1,Citywide Service Solutions Pty Ltd,0.2m,2028-10-06,3676
INV244302,Street cleaning,Spotless,178140.52,2028-12-30,3669
INV244303,Melbourne Town Hall venue management,Showtime Event Group Pty Ltd,177427.47,27/10/26,3670
INV244304,Building cleaning services,Menzies International (Aust) Pty Ltd,57318.15 AUD,29/09/09,3634
INV244305,Vehicle tow away and impound services,nationwide towing services,0.1m,01-Dec-2025,3585
INV244306,Building maintenance services,Programmed Facility Management P/L,0.1m,12-Oct-2027,3630
INV244307,Open spaces management - region 1,Citywide Service Solutions Pty Ltd,14576.82 AUD,2026-12-17,3676
INV244308,Management of Active Melbourne recreation facilities,Victorian  YMCA  Community  Programming  Pty  Ltd,134166.17,16/05/2027,3615
INV244309,Vehicle tow away and impound services,Nationwide Towing Services (AU),"$37,617.63",12/11/2026,3585
INV244310,Building cleaning services,Menzies International (Aust) Pty Ltd (AU),207998.37,2026-08-10,3634
INV244311,Building maintenance services,Programmed Facility Manaxement Pty Ltd,0.2m,2025-12-13,3630
INV244312,Graffiti management and pressure cleaning services,Calcorp Services Pty Ltd (AUS),105942.07,2029-03-12,3668
INV244313,Vehicle tow away and impound services,serco,"$177,297.94",03/02/2028,3677
INV244314,Graffiti management and pressure cleaning services,Showtime Event Group Pty Ltd (AUS),21475.34,07/11/2027,3670
INV244315,Open spaces management - region 2,SERCO,30066.24,07/05/2027,3677
INV244316,Civil infrastructure services,Citywide Service Soletions Pty Ltd,231685.09 AUD,28/05/19, 
INV244317,Parking technology services,Rnino International Pty Ltd T/A Duncan Solutions,0.0m,27/06/25,3623
INV244318,Waste management services,Cleanaway  Waste  Management  Limited,68822.0 AUD,15 April 2026,3556
INV244319,Open spaces management - region 2,Serco,114748.02,03-Dec-2025,3677
INV244320,Open spaces management - region 1,CITYWIDE SERVICE SOLUTIONS PTY LTD,"$33,019.56",20/03/2028,3665
INV244321,Graffiti management and pressure cleaning services,Calcorp Services Pty Ltd,0.1m,25/07/18,3668
INV244322,Open spaces management - region 2,SERCO,"$58,948.41",2025-01-23,3677
INV244323,Building cleaning services,Menzies International (Aust) Pty Ltd (AUS),"$241,571.31",13/02/2026,3634
INV244324,Building cleaning services,Menzies Internatio,150773.64,25/09/2027,3634
INV244325,Building cleaning services,Menzies Internatio,27384.41,30/04/2028,3634
INV244326,Building cleaning services,Menzies International (Aust) Pty Ltd,"$226,983.9",01/06/2026,3634
INV244327,Building cleaning services,Menzies Int’l (Aust) Pty Ltd,159432.86 AUD,01/11/2029,3634
INV244328,Street cleaning,Spotless Facility Services Pty Ltd (AU),213819.57 AUD,25/05/23,3669
INV244329,Building maintenance services,Programmed  Facility  Management  Pty  Ltd,134966.77,13-Jan-2026,3630
INV244330,Parking technology services,Reino International Pty ,"$3,522.51",25/09/03,3623
INV244331,Melbourne Town Hall venue management,ShowtimesEvent Group Pty Ltd,"$154,086.38",2026-02-08,3670
INV244332,Management of Active Melbourne recreation facilities,Victorian YMCA Community Programming Pty Ltd,52007.89 AUD,04/04/2029,3615
INV244333,Open spaces management - region 2,Serco,0.2m,03/06/2029,3677
INV244334,Open spaces management - region 1,Citywide Service ,20917.91 AUD,26/08/15, 
INV244335,Graffiti management and pressure cleaning services,Calcorp Services P/L,126698.34,07/07/2028,3668
INV244336,Graffiti management and pressure cleaning services,Calcorp Serv,"$111,442.08",07/03/2026,3668
INV244337,Melbourne Town Hall venue management,Showtime,107620.94,21/11/2026,3670
INV244338,Parking technology services,reino international pty ltd t/a duncan solutions,95537.26,29/02/27,3623
INV244339,Tree management maintenance services,Citywide Service Solutions Pty Ltd,"$181,498.41",11/06/2026,3678
INV244340,Street cleaning,Spotless  Facility  Services  Pty  Ltd,"$186,081.49",27/01/03,3669
INV244341,Waste management services,cleanaway waste management limited,"$231,243.44",2029-11-11,3556
INV244342,Building cleaning services,Menzies International (Aust) Pty Ltd (AUS),"$38,496.43",15/01/2028,3634
INV244343,Building cleaning services,Menzies Intl (Aust) Pty Ltd,89049.2 AUD,2027-07-18,3634
INV244344,Building maintenance services,Programmed Facility Mgmt Pty Ltd,"$105,086.62",16/07/2027,3630
INV244345,Building cleaning services,Menzies International (Aust) Pty Ltd,"$28,746.93",03 November 2029,3634
INV244346,Management of Active Melbourne recreation facilities,Victorian YMCA Community Programmiag Pty Ltd,171190.95,17 November 2027,3615
INV244347,Street cleaning,Spotless Facility Services Pty Ltd (AU),32772.97,03-Aug-2027,3669
INV244348,Management of Active Melbourne recreation facilities,Victorian,44872.43 AUD,15 August 2028,3615
INV244349,Parking technology services,Reino International Pty Ltd T/A Duncan Solutions,182760.31,06/10/2028,3623
INV244350,Graffiti management and pressure cleaning services,Calcorp  Services  Pty  Ltd,0.2m,10/12/2029,3668
INV244351,Street cleaning,SpotlessFacilityServicesPtyLtd,237813.0,18/06/2028,3669
INV244352,Open spaces management - region 2,SERCO,134699.09,25/03/2025,3677
INV244353,Integrated security services,National Proteetive Services Pty Ltd,38313.01 AUD,2026-04-08,3686
INV244354,Building cleaning services,Menzies Internytional (Aust) Pty Ltd,0.0m,29/04/30,3634
INV244355,Parking technology services,REINO INTERNATIONAL PTY LTD T/A DUNCAN SOLUTIONS,0.0m,17/05/2025,3623
INV244356,Open spaces management - region 2,SERCO (AU),0.1m,12 December 2028,3677
INV244357,Building cleaning services,Menzies International (Aust) Pty Ltd,167810.18 AUD,24/03/2026,3634
INV244358,Vehicle tow away and impound services,NATIONWIDE TOWING SERVICES,189090.33,28/05/2028,3585
INV244359,Graffiti management and pressure cleaning services,Calcorp  Services  Pty  Ltd,225127.17,03-Oct-2027,3668
INV244360,Building maintenance services,Programmed Facility Management Pty Ltd,5811.81 AUD,29-Aug-2025,3630
INV244361,Graffiti management and pressure cleaning services,Calcorp Services P/L,216332.51 AUD,30/09/2029,3668
INV244362,Vehicle tow away and impound services,Nationwide Towing Services,36958.62,25/07/31,3585
INV244363,Management of Active Melbourne recreation facilities,Victorian YMCA Community Programming Pty. Ltd.,96806.7,24 April 2027,3615
INV244364,Parking technology services,Reino Int’l Pty Ltd T/A Duncan Solutions,"$133,332.49",27/11/06, 
INV244365,Parking technology services,Reino Int’l Pty Ltd T/A Duncan Solutions,125134.43 AUD,2025-11-03,3623
INV244366,Management of Active Melbourne recreation facilities,VICTORIAN YMCA COMMUNITY PROGRAMMING PTY LTD,199055.4,08 July 2027,3615
INV244367,Melbourne Town Hall venue management,Showtime Event,0.0m,21/06/2025,3670
INV244368,Open spaces management - region 2,SERCO,43942.22 AUD,04/12/2026,3677
INV244369,Tree management maintenance services,Citywide Service Solutions Pty Ltd,0.2m,15-Sep-2028,3678
INV244370,Melbourne Town Hall venue management,Showtime,123259.58 AUD,27/11/2028,3670
INV244371,Management of Active Melbourne recreation facilities,Victorian,0.2m,26/09/19, 
INV244372,Vehicle tow away and impound services,Nationwide Towing Services,246764.3 AUD,14/03/2028,3585
INV244373,Vehicle tow away and impound services,Nationwide  Towing  Services,187834.13,05/04/2025,3585
INV244374,Waste management services,Cleanaway Waste Management Limited,129385.69 AUD,28/04/22,3556
INV244375,Graffiti management and pressure cleaning services,Calcorp Services Pty Ltd (AU),"$58,238.36",26 August 2028,3668
INV244376,Graffiti management and pressure cleaning services,Calcorp Services Pty Ltd (AU),126038.2 AUD,23-Feb-2029,3668
INV244377,Management of Active Melbourne recreation facilities,Victorian  YMCA  Community  Programming  Pty  Ltd,194994.55,29 November 2026,3615
INV244378,Civil infrastructure services,Citywide Service ,238908.0,28 October 2028, 
INV244379,Melbourne Town Hall venue management,Showtime Event Group Pty Ltd,0.1m,29/05/11,3670
INV244380,Graffiti management and pressure cleaning services,Calcorp Services Pty Ltd,241076.65,29/10/2029,3668
INV244381,Civil infrastructure services,CITYWIDE SERVICE SOLUTIONS PTY LTD,"$84,786.56",17/09/2026,3665
INV244382,Open spaces management - region 1,Citywide Service ,60607.28 AUD,24/08/2029,3676
INV244383,Waste management services,Cleanaway Waste Management Limited (AU),0.1m,13-Oct-2026,3556
INV244384,Waste management services,CLEANAWAY WASTE MANAGEMENT LIMITED,"$4,692.87",21/06/2029,3556
INV244385,Tree management maintenance services,Citywide Service Solutions Pty Ltd (AUS),0.0m,07-Aug-2026,3678
INV244386,Civil infrastructure services,Citywide  Service  Solutions  Pty  Ltd,215586.68 AUD,12/02/2028,3665
INV244387,Building maintenance services,Programmed Facility Management Pty Ltd,0.2m,28/06/2028,3630
INV244388,Open spaces management - region 1,CITYWIDE SERVICE SOLUTIONS PTY LTD,108411.33,29-Sep-2027,3676
INV244389,Open spaces management - region 2,serco,0.1m,21-Nov-2027,3677
INV244390,Graffiti management and pressure cleaning services,Calcorp Serv,,08/05/2029,3668
INV244391,Integrated security services,national protective services pty ltd,"$62,886.41",17/11/2025,3686
INV244392,Waste management services,Reino International Pty Ltd T/A Duncan Solutiins,91192.14 AUD,02/07/2027,3623
INV244393,Open spaces management - region 1,Citywide Service SolutionsqPty Ltd,0.0m,05-May-2026,3676
INV244394,Waste management services,Cleanaway Waste Management LTD,15925.95 AUD,2027-10-18,3556
INV244395,Street cleaning,Spotless  Facility  Services  Pty  Ltd,0.1m,26/07/04,3669
INV244396,Management of Active Melbourne recreation facilities,Victorian YMCA Community Programming Pty Ltd,12770.26,31 December 2026,3615
INV244397,Vehicle tow away and impound services,Nationwide nowing Services,11580.27,27/12/26,3585
INV244398,Management of Active Melbourne recreation facilities,Victorian YMCA Communi,36125.12,08/01/2029,3615
INV244399,Waste management services,Cleanaway Waste Management Limited,187396.87 AUD,26-May-2027,3556
INV244400,Integrated security services,victorian ymca community programming pty ltd,0.0m,29/04/2029,3615
INV244401,Building cleaning services,menzies international (aust) pty ltd,0.1m,16 November 2028,3634
INV244402,Management of Active Melbourne recreation facilities,Victorian  YMCA  Community  Programming  Pty  Ltd,209132.83,2029-05-29,3615
INV244403,Management of Active Melbourne recreation facilities,Victorian YMCA Community Programming Pty Ltd (AUS),"$89,966.97",12/05/2028,3615
INV244404,Street cleaning,Spotless Facility Services Pty Ltd (AU),32724.76 AUD,29/01/29,3669
INV244405,Tree management maintenance services,Citywide  Service  Solutions  Pty  Ltd,"$217,033.49",2027-10-22,3678
INV244406,Building maintenance services,Programmed Facility Management P/L,73174.13,27-Feb-2029, 
INV244407,Tree management maintenance services,Citywide Service Solutions Pty Ltd,0.1m,04/06/2025,3678
INV244408,Management of Active Melbourne recreation facilities,Victorian YMCA Community Programming Pty Ltd,55216.36,03 December 2028,3615
INV244409,Building cleaning services,Menzies International (Aust) Pty Ltd,"$197,854.36",26/01/23,3634
INV244410,Melbourne Town Hall venue management,Showtime,115474.36 AUD,2026-11-18,3670
INV244411,Management of Active Melbourne recreation facilities,Victorian YMCA Community Programming Pty Ltd,"$220,878.13",26-Apr-2027,3615
INV244412,Melbourne Town Hall venue management,Showtime Event Group P/L,"$93,885.0",27/03/26,3670
INV244413,Open spaces management - region 1,Citywide  Service  Solutions  Pty  Ltd,249535.25,2029-01-06,3676
INV244414,Integrated security services,National Protective Services P/L,8516.55,13-Feb-2027,3686
INV244415,Civil infrastructure services,Citywide Service Solutions Pty Ltd,121502.53,11 June 2026,3665
INV244416,Parking technology services,Reino International Pty. Ltd. T/A Duncan Solutions,171980.18,05/12/2028,3623
INV244417,Civil infrastructure services,CitywideServiceSolutionsPtyLtd,0.2m,28/04/2026,3665
INV244418,Waste management services,Cleanaway Waste Management Ltd,28612.24,26-Feb-2028,3556
INV244419,Open spaces management - region 2,SERCO,"$186,529.88",28/11/04,3677
INV244420,Building cleaning services,Menzies International (Aust) Pty Ltd,185877.65 AUD,03 March 2026,3634
INV244421,Melbourne Town Hall venue management,Showtime Event Group P/L,190329.36 AUD,13/05/2027,3670
INV244422,Street cleaning,Spotless Facility Services Pty Ltd,180302.63,25-Jan-2026,3669
INV244423,Open spaces management - region 2,SERCO (AU),0.2m,31 December 2025,3677
INV244424,Melbourne Town Hall venue management,Showtime Event Group Pty. Ltd.,22411.09,12/05/2025, 
INV244425,Building maintenance services,Programmed Facility Management Pty Ltd,179555.98,14/11/2028,3630
INV244426,Graffiti management and pressure cleaning services,Calcorp Servaces Pty Ltd,199391.84,2028-04-01,3668
INV244427,Parking technology services,Reino Int’l Pty Ltd T/A Duncan Solutions,226680.59,29/09/16,3623
INV244428,Street cleaning,Spotless Facility Services Pty Ltd (AUS),"$75,157.03",27/06/03,3669
INV244429,Street cleaning,SPOTLESS FACILITY SERVICES PTY LTD,0.1m,15/04/2028,3669
INV244430,Building cleaning services,Menzies  International  (Aust)  Pty  Ltd,195607.08 AUD,07-Oct-2025,3634
INV244431,Vehicle tow away and impound services,Nationwide Towing Services,"$205,505.32",25/11/17, 
INV244432,Building cleaning services,Menzies Int’l (Aust) Pty Ltd,22094.82,10-Jun-2025,3634
INV244433,Open spaces management - region 2,Serco,"$124,876.28",25/08/12,3677
INV244434,Parking technology services,Reino Int’l Pty Ltd T/A Duncan Solutions,234968.93,30-Oct-2028,3623
INV244435,Graffiti management and pressure cleaning services,Calcorp Serv,247882.37 AUD,14/04/2029,3668
INV244436,Open spaces management - region 2,SERCO,199926.96,25/05/11,3677
INV244437,Parking technology services,Reino Intyrnational Pty Ltd T/A Duncan Solutions,62077.23,29/01/22,3623
INV244438,Street cleaning,Spotless Facility Services Pty Ltd (AU),"$5,646.03",27/08/28,3669
INV244439,Integrated security services,Victorian  YMCA  Community  Programming  Pty  Ltd,129204.65,07-May-2029,3615
INV244440,Vehicle tow away and impound services,Nationwide Towing Services,"$81,359.94",18/06/2026, 
INV244441,Melbourne Town Hall venue management,Showtime  Event  Group  Pty  Ltd,"$56,365.42",09/10/2027,3670
INV244442,Graffiti management and pressure cleaning services,Calcorp Services Pty Ltd,0.2m,28 October 2029,3668
INV244443,Integrated security services,National Protectiv,242821.34 AUD,05-Aug-2029,3686
INV244444,Street cleaning,Spotless Facility,"$105,160.08",21-Sep-2028, 
INV244445,Building cleaning services,showtime event group pty ltd,111965.47,2025-12-23,3670
INV244446,Open spaces management - region 2,SERCO (AUS),"$114,657.03",2028-07-22,3677
INV244447,Building cleaning services,Menzies International (Aust) Pty Ltd,93770.79,21 October 2028,3634
INV244448,Vehicle tow away and impound services,Nationwide To,0.1m,2025-02-27, 
INV244449,Graffiti management and pressure cleaning services,Calcorp Services Pty. Ltd.,168304.47,29/03/22,3668
INV244450,Open spaces management - region 2,serco,0.2m,31/12/2026,3677
INV244451,Street cleaning,Spotless Facility Seovices Pty Ltd,17406.96 AUD,08/05/2029,3669
INV244452,Building cleaning services,Menzies Intl (Aust) Pty Ltd,,15/04/2026,3634
INV244453,Waste management services,Cleanaway Waste Management Limiteh,71606.52,27/08/11,3556
INV244454,Graffiti management and pressure cleaning services,Calcorp Services Pty Ltd,"$18,581.42",27/08/2026,3668
INV244455,Open spaces management - region 2,SERCO,201310.3,29/07/2026,3677
INV244456,Integrated security services,National Protective Services Pty Ltd,"$84,635.61",18-Jul-2028,3686
INV244457,Building maintenance services,Programmed Facility Management Pty Ltd,112217.66,28/09/09,3630
INV244458,Integrated security services,National Protective Services Pty. Ltd.,177721.97,01-Nov-2027,3686
INV244459,Building maintenance services,Programmed Facility,87675.44 AUD,2029-03-17,3630
INV244460,Open spaces management - region 2,serco,"$209,442.92",16-Dec-2028,3677
INV244461,Melbourne Town Hall venue management,Showtime Event Group Pty Ltd (AU),"$28,740.73",2029-01-19,3670
INV244462,Open spaces management - region 2,Serco,0.2m,04/02/2028,3677
INV244463,Vehicle tow away and impound services,Nationwide Towing Services,0.2m,28/08/25,3585
INV244464,Street cleaning,SPOTLESS FACILITY SERVICES PTY LTD,"$158,336.72",28-Feb-2028,3669
INV244465,Graffiti management and pressure cleaning services,Calcorp Services P/L,"$73,161.69",14/04/2028,3668
INV244466,Building cleaning services,Menzies Intl (Aust) Pty Ltd,0.0m,01/08/2026,3634
INV244467,Open spaces management - region 2,SERCO,2995.03 AUD,2029-11-08,3677
INV244468,Open spaces management - region 2,uERCO,74858.39 AUD,18/09/2028,3677
INV244469,Open spaces management - region 2,SERCO (AUS),"$244,908.87",29/01/10,3677
INV244470,Civil infrastructure services,Citywide Service Solutions Pty Lqd,223837.64,29 November 2028,3665
INV244471,Building cleaning services,MENZIES INTERNATIONAL (AUST) PTY LTD,12917.34,04-Apr-2027,3634
INV244472,Building cleaning services,MenziesInternational(Aust)PtyLtd,0.2m,27/11/2027,3634
INV244473,Integrated security services,National  Protective  Services  Pty  Ltd,189610.77 AUD,2025-11-23,3686
INV244474,Vehicle tow away and impound services,Nationwide Towing Services,27767.42,2028-04-30,3585
INV244475,Vehicle tow away and impound services,Nationwide,51465.23,10 April 2029,3585
INV244476,Integrated security services,National,"$104,450.62",24/03/2026,3686
INV244477,Building cleaning services,Menzies International (Aust) Pty. Ltd.,224966.06,06 February 2029,3634
INV244478,Open spaces management - region 1,Citywide Service ,8075.01,04-Dec-2029,3676
INV244479,Waste management services,CleanawayWasteManagementLimited,49048.98 AUD,08/03/2029,3556
INV244480,Civil infrastructure services,CitywideServiceSolutionsPtyLtd,102083.27 AUD,29 January 2029,3665
INV244481,Open spaces management - region 1,Citywide Service Solutions Pty Ltd (AUS),94733.23 AUD,16/11/2029,3676
INV244482,Street cleaning,Spotless Facility Services Pty Ltd,240459.79 AUD,28/01/12,3669
INV244483,Integrated security services,Showtime Event,231341.76,30/07/2029,3670
INV244484,Waste management services,Cleanaway Waste Management Limited (AU),0.2m,2026-01-16,3556
INV244485,Parking technology services,National Protective Services yty Ltd,244087.81,13/08/2029,3686
INV244486,Waste management services,Cleanaway Waste Mgmt Limited,218569.24,28/05/30,3556
INV244487,Waste management services,citywide service solutions pty ltd,247996.23,26-Dec-2029,3665
INV244488,Civil infrastructure services,Citywide Service Solutions Pty Ltd (AU),210955.34,02/05/2025,3665
INV244489,Waste management services,cleanaway waste management limited,197734.94,2026-12-29,3556
INV244490,Civil infrastructure services,Citywide  Service  Solutions  Pty  Ltd,225054.85 AUD,18 June 2029,3665
INV244491,Open spaces management - region 2,SERCO (AUS),83327.55,12/08/2029, 
INV244492,Integrated security services,National Protectiv,26524.72 AUD,20/04/2027,3686
INV244493,Integrated security services,NATIONAL PROTECTIVE SERVICES PTY LTD,28203.57,01/08/2025,3686
INV244494,Street cleaning,Spotless Facility Services Pty Ltd (AUS),178638.92,28/02/2027,3669
INV244495,Open spaces management - region 1,Citywide Service Solutions Pty Ltd (AU),158257.63,20/10/2028,3676
INV244496,Tree management maintenance services,Citywide Service Solutions Pty Ltd,85238.56,2025-01-14,3678
INV244497,Civil infrastructure services,Citywide Service Solutions P/L,0.2m,2029-10-02,3665
INV244498,Integrated security services,national protective services pty ltd,"$78,053.26",17 October 2025,3686
INV244499,Integrated security services,NATIONAL PROTECTIVE SERVICES PTY LTD,"$206,364.82",2029-04-19,3686
INV244500,Building cleaning services,Menzies International (Aust) Pty. Ltd.,225147.05,2026-12-08,3634
INV244501,Integrated security services,National Protective Services Pty Ltd,114706.77 AUD,11-Nov-2028,3686
INV244502,Building cleaning services,Menzies International (Aust) Pty. Ltd.,"$31,442.36",12 July 2026,3634
INV244503,Management of Active Melbourne recreation facilities,Victorian  YMCA  Community  Programming  Pty  Ltd,"$27,842.53",31-Oct-2028,3615
INV244504,Tree management maintenance services,Citywide,146912.88 AUD,2027-11-14,3678
INV244505,Waste management services,CLEANAWAY WASTE MANAGEMENT LIMITED,"$119,079.47",03-Apr-2027,3556
INV244506,Management of Active Melbourne recreation facilities,Victorian YMCA Community Programming Pty Ltd,204484.07,11/07/2025,3615
INV244507,Vehicle tow away and impound services,Nationwide Towing Services (AU),52087.96 AUD,18/11/2029, 
INV244508,Vehicle tow away and impound services,Nationwide Towing Services (AUS),20509.53,12 September 2028,3585
INV244509,Waste management services,Cleanaway Waste Management Limited (AUS),99922.35,14-May-2029, 
INV244510,Building maintenance services,Programmed,26775.05,01/11/2025,3630
INV244511,Melbourne Town Hall venue management,Showtime Event Group Pty Ltd (AU),248384.96,2028-03-16,3670
INV244512,Waste management services,Cleanaway  Waste  Management  Limited,0.2m,09/05/2025, 
INV244513,Parking technology services,Reino International Pty Ltd T/A Duncan Solutions,98648.02,28/08/23,3623
INV244514,Waste management services,Cleanaway Waste M,"$148,753.86",19 October 2029,3556
INV244515,Vehicle tow away and impound services,Nationwide Towing Serviceu,"$47,080.63",23/08/2027,3585
INV244516,Tree management maintenance services,Citywide Service ,0.0m,13-May-2026,3678
INV244517,Graffiti management and pressure cleaning services,Calcorp Services Pty Ltd (AU),167473.01 AUD,27/02/04,3668
INV244518,Integrated security services,National  Protective  Services  Pty  Ltd,0.1m,11 February 2026,3686
INV244519,Vehicle tow away and impound services,Nationwide Towing Services,113889.19,2025-10-29,3585
INV244520,Parking technology services,Reino International Pty Ltd T/A Duncan Solutions (AU),81473.92 AUD,21/03/2027,3623
INV244521,Open spaces management - region 1,Citywide Service Solutions P/L,226465.61,11 November 2028,3676
INV244522,Open spaces management - region 2,SERCO,0.2m,25/05/25,3677
INV244523,Building maintenance services,Programmed  Facility  Management  Pty  Ltd,151684.78,2025-06-01,3630
INV244524,Vehicle tow away and impound services,Nationwide Towing Services (AUS),98458.89 AUD,26/10/22,3585
INV244525,Management of Active Melbourne recreation facilities,Victorian YMCA Communi,12437.29,2030-01-01,3615
INV244526,Tree management maintenance services,CitywideServiceSolutionsPtyLtd,200030.56,28/08/25,3678
INV244527,Parking technology services,Reino International Pty Ltd T/A Duncan Solutions,174845.97 AUD,02/08/2029,3623
INV244528,Open spaces management - region 1,Citywide Service Solutions Pty ntd,122523.06,05/07/2028,3676
INV244529,Tree management maintenance services,showtime event group pty ltd,"$64,029.32",2025-02-04,3670
INV244530,Vehicle tow away and impound services,Nationwide Towing Services (AUS),193122.58 AUD,2028-04-06,3585
INV244531,Waste management services,Cleanaway,"$149,680.84",2029-12-23,3556
INV244532,Civil infrastructure services,Citywide Service Solutions Pty Ltd,0.1m,22 July 2029,3665
INV244533,Open spaces management - region 1,Citywide Service Solutions Pty Ltd,7811.89,26 July 2026,3676
INV244534,Integrated security services,NATIONAL PROTECTIVE SERVICES PTY LTD,241127.67 AUD,27/04/15,3686
INV244535,Civil infrastructure services,Citywide Service Solutions Pty Ltd,"$122,108.54",16/10/2028,3665
INV244536,Parking technology services,Reino Intl Pty Ltd T/A Duncan Solutions,,16/02/2028,3623
INV244537,Open spaces management - region 2,SERkO,"$13,010.14",29/12/26,3677
INV244538,Integrated security services,National Protective Services Pty Ltd (AU),94151.77 AUD,2028-01-28,3686
INV244539,Open spaces management - region 1,Citywide Service Soluttons Pty Ltd,0.1m,31 July 2026,3676
INV244540,Management of Active Melbourne recreation facilities,NATIONWIDE TOWING SERVICES,196926.64 AUD,12 July 2028,3585
INV244541,Building cleaning services,Menzies International (Aust) Pty Ltd,202055.2,2026-01-31,3634
INV244542,Building cleaning services,MENZIES INTERNATIONAL (AUST) PTY LTD,55048.45 AUD,15/08/2025,3634
INV244543,Graffiti management and pressure cleaning services,CalcorpServicesPtyLtd,1775.63 AUD,06 July 2025,3668
INV244544,Open spaces management - region 2,SERCO,"$19,289.03",11/02/2029,3677
INV244545,Waste management services,Cleanaway Waste Management Limited,77480.58 AUD,22-May-2029,3556
INV244546,Building cleaning services,Menzies International (Aukt) Pty Ltd,0.0m,11-Apr-2028,3634
INV244547,Open spaces management - region 2,SERCO,137435.03,25-Dec-2027,3677
INV244548,Integrated security services,National Protective Services P/L,78866.28 AUD,23-Sep-2029,3686
INV244549,Street cleaning,Showtime Event Group Pty Ltd,4656.12,26/12/31,3670
INV244550,Building maintenance services,Programmed Facility Management Pty. Ltd.,"$30,589.92",04/12/2028,3630
INV244551,Management of Active Melbourne recreation facilities,victorian ymca community programming pty ltd,"$63,587.94",14/05/2028,3615
INV244552,Vehicle tow away and impound services,Nationwide Towing Services (AUS),222641.06,16/05/2026,3585
INV244553,Integrated security services,National  Protective  Services  Pty  Ltd,49086.36 AUD,28-Jul-2028,3686
INV244554,Open spaces management - region 2,Programmed Facility Mgmt Pty Ltd,"$209,574.01",21-Feb-2026,3630
INV244555,Waste management services,cleanaway waste management limited,0.1m,08-Aug-2027,3556
INV244556,Building cleaning services,Menzies Internatio,239472.8,06-May-2027,3634
INV244557,Tree management maintenance services,Citywide  Service  Solutions  Pty  Ltd,82303.67,25/05/18,3678
INV244558,Open spaces management - region 1,Citywide Service Solutions Pty Ltd (AU),"$35,128.97",2027-12-16, 
INV244559,Management of Active Melbourne recreation facilities,Victorian  YMCA  Community  Programming  Pty  Ltd,,24 October 2025,3615
INV244560,Civil infrastructure services,Citywide  Service  Solutions  Pty  Ltd,0.1m,04-Apr-2025,3665
INV244561,Vehicle tow away and impound services,nationwide towing services,0.0m,2027-05-10,3585
INV244562,Street cleaning,Spotless Facility Services Pty Ltd,125348.57,06 June 2027,3669
INV244563,Building maintenance services,Programmed Facility,182203.09,30 August 2028, 
INV244564,Building maintenance services,Programmed  Facility  Management  Pty  Ltd,134864.23 AUD,11-Oct-2028,3630
INV244565,Vehicle tow away and impound services,Nationwide Towing Services,193761.68 AUD,27 January 2026,3585
INV244566,Civil infrastructure services,Citywide Service ,"$208,114.36",30-May-2028,3665
INV244567,Parking technology services,Reino Internationhl Pty Ltd T/A Duncan Solutions,6992.07 AUD,27/02/01,3623
INV244568,Open spaces management - region 2,SERCO,246147.36,05/03/2028,3677
INV244569,Street cleaning,Spotless Facility Services Pty Ltd (AUS),124183.26 AUD,14/02/2025,3669
INV244570,Waste management services,Cleanaway Waste Mgmt Limited,"$68,533.73",09 March 2028,3556
INV244571,Tree management maintenance services,Ciyywide Service Solutions Pty Ltd,0.1m,09-Mar-2027,3678
INV244572,Tree management maintenance services,Citywide Service Solutixns Pty Ltd,192041.7,06 July 2029, 
INV244573,Management of Active Melbourne recreation facilities,Victorian YMCA Community Programming Pty Ltd,196070.58,15 April 2028,3615
INV244574,Open spaces management - region 1,Citywide Service Solutions Pty. Ltd.,"$42,401.98",02/10/2028,3676
INV244575,Parking technology services,ReinoInternationalPtyLtdT/ADuncanSolutions,0.1m,19/12/2025,3623
INV244576,Vehicle tow away and impound services,Nationwide Towing Services,95124.44,12-Dec-2029,3585
INV244577,Vehicle tow away and impound services,Nationwide Towing Services,"$80,756.61",26/09/01,3585
INV244578,Melbourne Town Hall venue management,Showtime Event Group Pty Ltd,0.1m,10 November 2025, 
INV244579,Open spaces management - region 2,SEsCO,0.1m,17/12/2025,3677
INV244580,Tree management maintenance services,Citywide Service Solutions Pty Ltd,0.0m,2029-11-02,3678
INV244581,Open spaces management - region 1,Citywide Service Solutions Pty Ltd,"$80,504.28",2026-09-01,3676
INV244582,Building maintenance services,Programmed Facility Management Pty Ltd,138977.15 AUD,27/06/12,3630
INV244583,Building maintenance services,ProgrammedFacilityManagementPtyLtd,125946.17,30-Sep-2025,3630
INV244584,Street cleaning,Spotless  Facility  Services  Pty  Ltd,211638.0,2026-06-15, 
INV244585,Building maintenance services,Programmed  Facility  Management  Pty  Ltd,118143.18 AUD,07-May-2027,3630
INV244586,Tree management maintenance services,Citywide Service Solutions Pty Ltd,0.1m,2025-12-27,3678
INV244587,Graffiti management and pressure cleaning services,Calcorp Services Pty Ltd,"$152,972.94",29/01/2026,3668
INV244588,Management of Active Melbourne recreation facilities,Victorian YMCA Communi,66722.9,06/06/2028,3615
INV244589,Open spaces management - region 2,SERzO,0.1m,28/02/29,3677
INV244590,Building maintenance services,PROGRAMMED FACILITY MANAGEMENT PTY LTD,0.1m,31/10/2029, 
INV244591,Parking technology services,Reino Intl Pty Ltd T/A Duncan Solutions,111315.83,03-Jan-2027,3623
INV244592,Open spaces management - region 2,serco,142062.67 AUD,2027-10-29,3677
INV244593,Tree management maintenance services,Citywide Service Solutions Pty Ltd,65735.16,27/12/2029,3678
INV244594,Open spaces management - region 2,Spotless Facility Services Pty Ltd,,16/09/2029,3669
INV244595,Building cleaning services,Menzies Int’l (Aust) Pty Ltd,"$156,347.95",2028-11-19,3634
INV244596,Parking technology services,Reino International Pty Ltd T/A Duncan Solutions,68549.8,28 March 2029,3623
INV244597,Civil infrastructure services,Citywide Service Solutions Pty. Ltd.,164452.98 AUD,2028-08-03,3665
INV244598,Vehicle tow away and impound services,Nstionwide Towing Services,231427.07,28/03/21,3585
INV244599,Open spaces management - region 2,SERCO (AU),"$169,232.96",29/03/26,3677
INV244600,Civil infrastructure services,Citywide Service Solutions Pty Ltd,192179.94,13/08/2025,3665
INV244601,Melbourne Town Hall venue management,Showtime,"$81,158.73",24/06/2025,3670
INV244602,Civil infrastructure services,jitywide Service Solutions Pty Ltd,198736.22,2028-02-06,3665
INV244603,Open spaces management - region 1,Citywide,79696.36,29/06/2025,3676
INV244604,Civil infrastructure services,CitywideServiceSolutionsPtyLtd,"$217,200.08",26/11/04,3665
INV244605,Graffiti management and pressure cleaning services,Calcorp Serv,0.2m,17/05/2026,3668
INV244606,Vehicle tow away and impound services,NationwideTowingServices,178415.49,04 October 2027,3585
INV244607,Management of Active Melbourne recreation facilities,VictorianYMCACommunityProgrammingPtyLtd,132988.69 AUD,2026-10-03,3615
INV244608,Open spaces management - region 2,SERCO,213824.25,2025-01-12,3677
INV244609,Tree management maintenance services,NationwideTowingServices,"$77,238.56",18-Mar-2028,3585
INV244610,Building maintenance services,Programmed Facility Management Pty Ltd,239406.59,22/11/2029,3630
INV244611,Street cleaning,spotless facility services pty ltd,150103.79 AUD,16 November 2029,3669
INV244612,Open spaces management - region 2,SERCO (AUS),"$190,222.91",30-Jun-2026,3677
INV244613,Building cleaning services,Menzies International (Aust) Pty Ltd (AU),196253.16,03 September 2027,3634
INV244614,Waste management services,Cleanaway Waste Mgmt Limited,0.1m,28/08/2028,3556
INV244615,Management of Active Melbourne recreation facilities,Victorian YMCA Community Programming P/L,117485.59,27/09/14,3615
INV244616,Melbourne Town Hall venue management,ShowtimelEvent Group Pty Ltd,57235.58 AUD,23/11/2025,3670
INV244617,Open spaces management - region 1,Citywide,11155.35,27/10/10,3676
INV244618,Open spaces management - region 2,SERCO,152699.13,27 September 2029,3677
INV244619,Waste management services,Cleanaway Waste Management Ltd,242110.37,26/02/11,3556
INV244620,Vehicle tow away and impound services,Nationwide Towing Services (AUS),199441.35 AUD,2027-06-30,3585
INV244621,Melbourne Town Hall venue management,Showtime Event Group Pty. Ltd.,"$23,250.24",29/07/11,3670
INV244622,Vehicle tow away and impound services,Nationwide Towing Services (AU),33312.03,26-Aug-2027,3585
INV244623,Vehicle tow away and impound services,Natiokwide Towing Services,140999.61,22 April 2026,3585
INV244624,Open spaces management - region 1,Citywide  Service  Solutions  Pty  Ltd,82359.72 AUD,26/04/2025, 
INV244625,Graffiti management and pressure cleaning services,Calcorp,232487.87,11/03/2026,3668
INV244626,Melbourne Town Hall venue management,SHOWTIME EVENT GROUP PTY LTD,41836.28 AUD,29/03/13,3670
INV244627,Civil infrastructure services,Citywide Service Solutions Pty Ltd,0.2m,2025-02-28,3665
INV244628,Building cleaning services,MenziesInternational(Aust)PtyLtd,0.0m,23/12/2029,3634
INV244629,Waste management services,Cleanaway Waste Management Limited,0.1m,30-Jul-2025,3556
INV244630,Building maintenance services,Programted Facility Management Pty Ltd,29941.87,01 June 2025,3630
INV244631,Open spaces management - region 1,Citywide Service Solutions Pty Ltd,"$103,248.93",08/11/2025,3676
INV244632,Waste management services,cleanaway waste management limited,"$170,249.61",2027-07-10, 
INV244633,Integrated security services,National,86772.46,03 September 2025, 
INV244634,Waste management services,Cleanaway Waste Management Limited (AUS),104345.17 AUD,2025-01-06,3556
INV244635,Building maintenance services,Menzies International (Aust) Pty Ltd (AUS),182487.04 AUD,19-Aug-2026,3634
INV244636,Melbourne Town Hall venue management,Showtime Event Group Pty Ltd,24042.38 AUD,17/11/2025,3670
INV244637,Building cleaning services,Menzies International (Aust) P/L,0.2m,23-Feb-2029,3634
INV244638,Integrated security services,National Protective Services Pty Ltd,"$77,086.38",18/03/2027,3686
INV244639,Graffiti management and pressure cleaning services,CALCORP SERVICES PTY LTD,"$223,273.43",04/08/2029,3668
INV244640,Parking technology services,Reino International Pty Ltd T/A Duncan Solutions (AUS),"$82,721.93",2026-10-25,3623
INV244641,Integrated security services,National Protective Services Pty Ltd,0.0m,28/10/09,3686
INV244642,Open spaces management - region 2,SERCO,111479.46,23 June 2028,3677
INV244643,Tree management maintenance services,Citywide,34317.41,07-Jun-2026,3678
INV244644,Building cleaning services,Menzies International (Aust) Pty Ltd,52544.05,2028-07-09,3634
INV244645,Open spaces management - region 1,Citywide Service Solutions Pty Ltd (AU),101425.53 AUD,29/08/2027,3676
INV244646,Open spaces management - region 1,Citywide Service ,"$134,729.77",07/11/2028,3676
INV244647,Open spaces management - region 1,Cleanaway Waste M,29848.12,27-Sep-2028,3556
INV244648,Building cleaning services,Menzies International (Aust) Pty Ltd (AU),0.1m,2029-12-20,3634
INV244649,Building maintenance services,Programmed Facility Management Pty Ltd (AUS),197404.99,22-Mar-2029,3630
INV244650,Building cleaning services,Menzies Internatio,1522.12 AUD,08 June 2027,3634
INV244651,Open spaces management - region 2,SERCO (AU),36694.56,30/11/2026,3677
INV244652,Building cleaning services,Menzies International (Aust) Pty Ltd (AU),246123.48,2029-06-28,3634
INV244653,Street cleaning,Spotless Facility Services Pty Ltd,130361.17 AUD,29/04/2025,3669
INV244654,Vehicle tow away and impound services,Nationwide Towing Services,246703.97 AUD,22-May-2027,3585
INV244655,Waste management services,Cleanaway Waste Management Limited,11240.34,2026-04-17,3556
INV244656,Civil infrastructure services,Citywide Service Solutions Pty Ltd,"$237,283.58",29/06/21,3665
INV244657,Civil infrastructure services,Citywide Service Solutions Pty. Ltd.,189347.05,2028-09-26,3665
INV244658,Management of Active Melbourne recreation facilities,Victorian YMCA Community Programming Pty Ltd,0.2m,25 November 2029,3615
INV244659,Management of Active Melbourne recreation facilities,Victorian YMCA Community Programming Pty Ltd (AUS),175893.8 AUD,2027-12-21,3615
INV244660,Vehicle tow away and impound services,Nationwide Towing Services (AU),"$160,368.02",26/04/2026,3585
INV244661,Building cleaning services,Menzies International (Aust) P/L,222793.66,28/02/09,3634
INV244662,Waste management services,Cleanaway Waste Management Limited (AUS),109622.64 AUD,12/04/2025,3556
INV244663,Building cleaning services,Menzies International (Aust) Pty Ltd,157600.22 AUD,04/09/2028,3634
INV244664,Waste management services,Cleanaway Waste Managemznt Limited,0.2m,16 July 2025,3556
INV244665,Civil infrastructure services,Citywide Service Solutions Pty Ltd,17875.98 AUD,25/11/25,3665
INV244666,Civil infrastructure services,aitywide Service Solutions Pty Ltd,45877.08 AUD,16-Dec-2028, 
INV244667,Integrated security services,National Protectiv,138065.82,2026-06-07,3686
INV244668,Graffiti management and pressure cleaning services,Calcorp Services Pty Ltd (AUS),195988.77,2026-09-07,3668
INV244669,Open spaces management - region 1,citywide service solutions pty ltd,"$119,319.45",13 June 2029,3676
INV244670,Waste management services,Cleanaway Waste Management Ltd,0.1m,18/07/2027,3556
INV244671,Graffiti management and pressure cleaning services,Calcorp Services Pty Ltd,0.1m,25/02/02,3668
INV244672,Vehicle tow away and impound services,Nationwide,137727.29,2028-08-19,3585
INV244673,Melbourne Town Hall venue management,Showtime Event Group Pty Ltd,"$77,158.45",09/06/2026,3670
INV244674,Management of Active Melbourne recreation facilities,victorian ymca community programming pty ltd,"$1,428.98",25/04/14,3615
INV244675,Civil infrastructure services,Citywide Service Solutions Pty Ltd,143747.52,04 February 2025,3665
INV244676,Integrated security services,National  Protective  Services  Pty  Ltd,169423.98,01/11/2025,3686
INV244677,Management of Active Melbourne recreation facilities,Victorian YMCA Communi,29682.92,09-Mar-2027,3615
INV244678,Tree management maintenance services,CITYWIDE SERVICE SOLUTIONS PTY LTD,42175.18 AUD,22/08/2027,3678
INV244679,Open spaces management - region 1,Citywide Service Solutions Pty Ltd (AUS),121037.77 AUD,2027-11-22, 
INV244680,Tree management maintenance services,Citywide Service Solutrons Pty Ltd,70618.77 AUD,2026-08-01, 
INV244681,Vehicle tow away and impound services,Nationwide Towing Services,221308.14,26 January 2027,3585
INV244682,Building cleaning services,Menzies International (Aust)oPty Ltd,151365.58 AUD,30/07/2026,3634
INV244683,Building maintenance services,Programmed Facility Management P/L,11916.84,02/07/2028,3630
INV244684,Vehicle tow away and impound services,Nationwide Towing Services,134380.38 AUD,30/09/2026,3585
INV244685,Management of Active Melbourne recreation facilities,Victorian  YMCA  Community  Programming  Pty  Ltd,158057.29,07 December 2026,3615
INV244686,Building cleaning services,Menzies International (Aust) Pty Ltd,207282.71,14-Feb-2029,3634
INV244687,Open spaces management - region 1,Citywide  Service  Solutions  Pty  Ltd,0.0m,29/07/07,3676
INV244688,Street cleaning,Spotless Facility Services Pty Ltd (AUS),88944.64 AUD,2025-10-25,3669
INV244689,Management of Active Melbourne recreation facilities,Victorian,"$212,192.49",2026-09-07,3615
INV244690,Tree management maintenance services,Citywide Service Solutions Pty Ltd,0.2m,18 May 2025,3678
INV244691,Graffiti management and pressure cleaning services,CALCORP SERVICES PTY LTD,"$155,615.91",27 August 2028,3668
INV244692,Tree management maintenance services,CITYWIDE SERVICE SOLUTIONS PTY LTD,"$247,385.53",16/01/2025,3678
INV244693,Management of Active Melbourne recreation facilities,Victorian YMCA Community Programming Pty Ltd,"$100,569.75",15-Jan-2026,3615
INV244694,Street cleaning,Spotless Facility Services Pty Ltd,87729.77,29/09/2029,3669
INV244695,Tree management maintenance services,Citywide Service Solutions Pty Ltd,116064.21,29/11/11,3678
INV244696,Open spaces management - region 2,SERCO,"$123,831.15",2028-12-18,3677
INV244697,Street cleaning,Spotless  Facility  Services  Pty  Ltd,"$175,984.27",07/08/2029,3669
INV244698,Building maintenance services,Programmed Facility Management Pty. Ltd.,156018.0,23-Mar-2025,3630
INV244699,Building cleaning services,Menzies International (Aust) Pty Ltd (AUS),237419.4,28/11/22,3634
INV244700,Vehicle tow away and impound services,Nationwide Towing Services,31706.79,12/09/2028,3585
INV244701,Vehicle tow away and impound services,Nationwide Towing Services (AU),97655.46 AUD,04 July 2029,3585
INV244702,Parking technology services,Reino International Pty Ltd T/A Duncan Solutions,0.0m,23-Dec-2026,3623
INV244703,Melbourne Town Hall venue management,Showtime Event Group Pty. Ltd.,"$105,061.41",22/11/2026,3670
INV244704,Tree management maintenance services,citywide service solutions pty ltd,0.0m,02 May 2028,3678
INV244705,Waste management services,Cleanaway Waste Management LTD,"$200,124.3",14/11/2029,3556
INV244706,Open spaces management - region 2,SeRCO,187646.84,20-Sep-2029,3677
INV244707,Open spaces management - region 2,SERCO,0.1m,2025-08-21,3677
INV244708,Integrated security services,National,215616.34,10-Dec-2028,3686
INV244709,Melbourne Town Hall venue management,Showtime Event Group Pty Ltd,0.2m,04-Nov-2029,3670
INV244710,Tree management maintenance services,Citywide  Service  Solutions  Pty  Ltd,0.0m,02-Feb-2027,3678
INV244711,Open spaces management - region 1,Citywide Service Solutions Pty Ltd,"$156,543.57",28/09/23,3676
INV244712,Open spaces management - region 2,SERCO (AU),"$195,607.93",2028-06-26,3677
INV244713,Tree management maintenance services,Citywide Service Solutions Pty Ltd (AUS),80432.46,06/09/2026,3678
INV244714,Integrated security services,National,"$49,914.18",31/01/2026,3686
INV244715,Open spaces management - region 2,SERCO,0.1m,29 January 2028, 
INV244716,Civil infrastructure services,CITYWIDE SERVICE SOLUTIONS PTY LTD,74652.85 AUD,29/05/15,3665
INV244717,Integrated security services,NationalProtectiveServicesPtyLtd,132981.61,04 March 2027,3686
INV244718,Management of Active Melbourne recreation facilities,VICTORIAN YMCA COMMUNITY PROGRAMMING PTY LTD,35314.09,14/11/2025,3615
INV244719,Graffiti management and pressure cleaning services,calcorp services pty ltd,"$144,873.58",10-Nov-2025,3668
INV244720,Civil infrastructure services,Citywide Service Solutions Pty Ltd,177723.54,02-Jun-2028,3665
INV244721,Management of Active Melbourne recreation facilities,National Protective Services Pty Ltd,"$69,726.52",20/01/2025,3686
INV244722,Management of Active Melbourne recreation facilities,Victorian  YMCA  Community  Programming  Pty  Ltd,0.1m,10/08/2027, 
INV244723,Graffiti management and pressure cleaning services,CalcorpbServices Pty Ltd,,10/05/2029,3668
INV244724,Open spaces management - region 1,Citywide Service Solutions Pty Ltd,111627.35,2025-10-17,3676
INV244725,Street cleaning,Spotless Facility Services Pty Ltd (AUS),233571.62,07/03/2025,3669
INV244726,Open spaces management - region 2,SERCO,246876.82 AUD,28/05/2026,3677
INV244727,Vehicle tow away and impound services,Calcorp,127407.73 AUD,31 October 2028,3668
INV244728,Integrated security services,National Protective Services P/L,117628.96 AUD,09/02/2028,3686
INV244729,Vehicle tow away and impound services,Nationwide Towing Services (AU),157765.14,14 July 2025,3585
INV244730,Parking technology services,Reino International Pty Ltd T/A Duncan Solutoons,10307.91 AUD,02/01/2027,3623
INV244731,Management of Active Melbourne recreation facilities,VICTORIAN YMCA COMMUNITY PROGRAMMING PTY LTD,0.0m,23/02/2028,3615
INV244732,Vehicle tow away and impound services,Nationwide  Towing  Services,167243.27,2029-12-20,3585
INV244733,Open spaces management - region 2,SERCO,156407.4,2028-06-26,3677
INV244734,Building maintenance services,Programmed Faciltty Management Pty Ltd,0.0m,27/10/2025,3630
INV244735,Street cleaning,SPOTLESS FACILITY SERVICES PTY LTD,122152.81,06/10/2025,3669
INV244736,Tree management maintenance services,CitywideServiceSolutionsPtyLtd,"$216,692.52",15-Jul-2029, 
INV244737,Building cleaning services,Programmed  Facility  Management  Pty  Ltd,129764.23,2027-09-01,3630
INV244738,Melbourne Town Hall venue management,SHOWTIME EVENT GROUP PTY LTD,234032.27 AUD,03 March 2028,3670
INV244739,Waste management services,Cleanaway Waste Mgmt Limited,"$132,776.2",2026-02-02,3556
INV244740,Waste management services,Cleanaway Waste Management LTD,166801.02,28/03/25,3556
INV244741,Open spaces management - region 2,SEoCO,175974.72,24-Jun-2026,3677
INV244742,Open spaces management - region 1,Menzies Intl (Aust) Pty Ltd,"$25,400.78",25/03/2029,3634
INV244743,Tree management maintenance services,Calcorp Services Pty Ltd,0.2m,2027-10-29,3668
INV244744,Parking technology services,Reino International Pty Ltd T/A Duncan Solutions,210176.67,28 October 2029,3623
INV244745,Management of Active Melbourne recreation facilities,Victorian YMCA Communi,80981.87,16/09/2025, 
INV244746,Street cleaning,Spotless,40478.82,05/11/2027,3669
INV244747,Building cleaning services,Menzies International (Aust) Pty Ltd (AU),180937.69,2025-10-30,3634
INV244748,Open spaces management - region 2,SERCO (AU),108813.31 AUD,08/07/2028,3677
INV244749,Building cleaning services,Menzies International (Aust) Pty Ltd,0.2m,27/04/02,3634
INV244750,Open spaces management - region 2,SERCO,107284.38,16/05/2026,3677
INV244751,Integrated security services,National Protective Services Pty Ltd,90246.22 AUD,02/09/2025,3686
INV244752,Parking technology services,ReinoInternationalPtyLtdT/ADuncanSolutions,"$138,955.21",26/03/02,3623
INV244753,Tree management maintenance services,citywide service solutions pty ltd,14518.39,23/02/2029,3678
INV244754,Melbourne Town Hall venue management,Showtime Event Group P/L,10527.46,24 August 2028,3670
INV244755,Tree management maintenance services,Citywide Service Solutions Pty Ltd,156033.33 AUD,24/11/2027,3678
INV244756,Waste management services,Calcorp Services Pty Ltd,"$32,194.86",2026-03-02,3668
INV244757,Open spaces management - region 1,Citywide Service Solutions Pty Ltd,0.2m,2029-06-23,3676
INV244758,Waste management services,CleanawayWasteManagementLimited,206322.28 AUD,14/06/2026,3556
INV244759,Open spaces management - region 1,Citywide Service Solutions Pty Ltd,100627.22 AUD,2026-08-14,3676
INV244760,Building maintenance services,Programmed Facility Management Pty Ltd (AU),95582.03,2025-03-09,3630
INV244761,Open spaces management - region 2,Citywide Service Solutions Pty Ltd,3044.34,2028-08-27,3676
INV244762,Open spaces management - region 2,Menzies International (Aust) Pty Ltd (AUS),39237.68,11 March 2026,3634
INV244763,Graffiti management and pressure cleaning services,Calcorp Services Pty Ltd (AUS),29340.72 AUD,22-Nov-2028, 
INV244764,Parking technology services,Reino International Pty Ltd T/A Duncan Solutions,24531.54,28/04/19, 
INV244765,Waste management services,Cleanaway Waste Management Limited,123347.42 AUD,05 April 2025,3556
INV244766,Street cleaning,Spotless Facility Services Pty. Ltd.,226517.97,14-Jun-2025,3669
INV244767,Civil infrastructure services,CITYWIDE SERVICE SOLUTIONS PTY LTD,0.1m,05 September 2026,3665
INV244768,Street cleaning,Spotless,0.1m,2027-12-23,3669
INV244769,Waste management services,Cleanaway Waste Management Limited (AU),171392.55 AUD,26/09/11,3556
INV244770,Waste management services,cleanaway waste management limited,44852.94 AUD,09/01/2027,3556
INV244771,Integrated security services,NATIONAL PROTECTIVE SERVICES PTY LTD,70815.74 AUD,18 September 2029,3686
INV244772,Open spaces management - region 2,SERCO,0.2m,2025-12-31,3677
INV244773,Building maintenance services,Programmed Facility Management P/L,"$59,262.63",28/07/31,3630
INV244774,Management of Active Melbourne recreation facilities,victorian ymca community programming pty ltd,221887.02 AUD,27-Apr-2026,3615
INV244775,Open spaces management - region 1,Citywide Service ,156177.83,28/12/02,3676
INV244776,Building maintenance services,Programmed Facility Management Pty Ltd,"$27,146.45",2028-02-17,3630
INV244777,Management of Active Melbourne recreation facilities,Programmed Faeility Management Pty Ltd,72110.78,03-Feb-2026,3630
INV244778,Vehicle tow away and impound services,Nationwide Towing Services (AU),"$61,690.25",07 March 2027,3585
INV244779,Street cleaning,Spotless Facility Services Pty Ltd,161022.62 AUD,29/10/06,3669
INV244780,Parking technology services,Reino International Pty Ltd T/A Duncan Solutions,186031.48,08-Apr-2028,3623
INV244781,Integrated security services,NATIONAL PROTECTIVE SERVICES PTY LTD,"$164,447.08",14-Jun-2027,3686
INV244782,Civil infrastructure services,Citywide Service Solutions Pty Ltd,135254.69,04/07/2028,3665
INV244783,Parking technology services,Reino International Pty. Ltd. T/A Duncan Solutions,116003.34 AUD,28/09/2027,3623
INV244784,Management of Active Melbourne recreation facilities,Victorian YMCA Community Programming Pty Ltd,0.0m,25/04/2027,3615
INV244785,Tree management maintenance services,CitywideServiceSolutionsPtyLtd,64985.66 AUD,04-Mar-2027,3678
INV244786,Vehicle tow away and impound services,Nationwide,217226.13 AUD,29/05/16,3585
INV244787,Open spaces management - region 2,SERCO,62583.28 AUD,02/07/2027,3677
INV244788,Vehicle tow away and impound services,NATIONWIDE TOWING SERVICES,0.1m,06 March 2028,3585
INV244789,Melbourne Town Hall venue management,Showtime EventjGroup Pty Ltd,94910.45 AUD,20/08/2026,3670
INV244790,Graffiti management and pressure cleaning services,Victorian YMCA Community Programming Pty Ltd (AU),"$229,248.48",14/12/2028,3615
INV244791,Building cleaning services,Menzies International (Aust) P/L,225559.09 AUD,22/11/2028,3634
INV244792,Building maintenance services,Programmed  Facility  Management  Pty  Ltd,102664.75,14-Feb-2025, 
INV244793,Building cleaning services,menzies international (aust) pty ltd,51343.7 AUD,22 March 2027,3634
INV244794,Civil infrastructure services,citywide service solutions pty ltd,"$85,920.76",24/04/2029,3665
INV244795,Building cleaning services,MenziesInternational(Aust)PtyLtd,5183.87 AUD,26/08/26,3634
INV244796,Waste management services,Cleanaway  Waste  Management  Limited,123123.92,02-Nov-2026,3556
INV244797,Open spaces management - region 1,Citywide Service Solutions Pty. Ltd.,216201.29,23-Dec-2027,3676
INV244798,Melbourne Town Hall venue management,Showtime Event Group Pty Ltd,"$129,085.96",05/07/2025,3670
INV244799,Melbourne Town Hall venue management,Showtime Event Group Pty Ltd (AU),74920.74,29/09/12,3670
INV244800,Waste management services,CLEANAWAY WASTE MANAGEMENT LIMITED,81687.32,27/03/27,3556
INV244801,Graffiti management and pressure cleaning services,Calcorp  Services  Pty  Ltd,239265.04,05/05/2025,3668
INV244802,Vehicle tow away and impound services,nationwide towing services,72580.91,08 January 2025,3585
INV244803,Integrated security services,National  Protective  Services  Pty  Ltd,"$56,638.7",29/11/26,3686
INV244804,Civil infrastructure services,Citywide Service Solutions Pty Ltd (AUS),0.1m,08-Feb-2025,3665
INV244805,Open spaces management - region 2,SERCO,239071.86 AUD,02 March 2025, 
INV244806,Tree management maintenance services,Citywide Service ,"$5,042.54",08 June 2029,3678
INV244807,Integrated security services,National Protectiv,212703.69,13 January 2025,3686
INV244808,Building maintenance services,ProgrammedFacilityManagementPtyLtd,"$136,954.67",09-Sep-2029,3630
INV244809,Building cleaning services,Menzies  International  (Aust)  Pty  Ltd,0.2m,22/06/2027,3634
INV244810,Street cleaning,spotless facility services pty ltd,102724.53,01/06/2025,3669
INV244811,Street cleaning,SpotlessFacilityServicesPtyLtd,0.0m,26/09/02,3669
INV244812,Street cleaning,Spotless,"$223,991.05",30/10/2025,3669
INV244813,Civil infrastructure services,Citywide Service Solutions Pty. Ltd.,0.1m,20/06/2027,3665
INV244814,Waste management services,Cleanaway Waste Management Limited,0.0m,18 November 2027,3556
INV244815,Melbourne Town Hall venue management,Showtime Event Group yty Ltd,38253.51,19 October 2027,3670
INV244816,Open spaces management - region 2,Citywide Service Solutions P/L,59412.94,26/03/09,3678
INV244817,Open spaces management - region 1,Citywide Service Solutions Pty Ltd (AUS),209748.17 AUD,12/07/2028,3676
INV244818,Open spaces management - region 1,Citywide Service Solutions Pty Ltd,"$97,167.87",20-Dec-2025,3676
INV244819,Integrated security services,National Protective Services Pty Ltd (AUS),0.0m,25/07/2028,3686
INV244820,Open spaces management - region 2,SERCO,0.1m,22-Apr-2028,3677
INV244821,Open spaces management - region 2,SERCO,0.2m,18/11/2028,3677
INV244822,Parking technology services,Nationwide Towing Services (AUS),237753.16,11/01/2026,3585
INV244823,Waste management services,Cleanawdy Waste Management Limited,16361.48 AUD,11/02/2027,3556
INV244824,Parking technology services,Reino International Pty Ltd T/A Duncan Solutions (AUS),13250.49,12 November 2027,3623
INV244825,Management of Active Melbourne recreation facilities,Victorian YMCA Community Programming P/L,,16/09/2025,3615
INV244826,Parking technology services,reino international pty ltd t/a duncan solutions,24918.84,18/08/2028,3623
INV244827,Open spaces management - region 2,SERCO,86190.55,19-Mar-2025,3677
INV244828,Management of Active Melbourne recreation facilities,VICTORIAN YMCA COMMUNITY PROGRAMMING PTY LTD,210268.5,,3615
INV244829,Management of Active Melbourne recreation facilities,Victorian YMCA Community Programming P/L,74527.09 AUD,26/11/25,3615
INV244830,Graffiti management and pressure cleaning services,Calcorp Services Pty Ltd (AUS),0.1m,26 July 2025,3668
INV244831,Waste management services,CleanawayWasteManagementLimited,0.1m,09-Aug-2028,3556
INV244832,Tree management maintenance services,Citywide Service Solutions Pty Ltd,154861.04,29/01/03,3678
INV244833,Street cleaning,Spotless Facility,157876.34,25/04/06,3669
INV244834,Street cleaning,Spotless,13349.34,13/02/2025,3669
INV244835,Parking technology services,REINO INTERNATIONAL PTY LTD T/A DUNCAN SOLUTIONS,"$103,405.23",2025-06-27,3623
INV244836,Vehicle tow away and impound services,Nationwide  Towing  Services,132135.74 AUD,2028-04-16,3585
INV244837,Open spaces management - region 2,SERCO,222907.57 AUD,2027-05-26,3677
INV244838,Integrated security services,NationalProtectiveServicesPtyLtd,209012.03,10 January 2026,3686
INV244839,Waste management services,Cleanaway Waste Management Limited (AU),216455.19,14-Oct-2027,3556
INV244840,Building maintenance services,Programmed Facility Management Pty Ltd (AUS),"$177,495.59",31/10/2026,3630
INV244841,Open spaces management - region 2,SERCO (AU),64377.27,26-Jul-2025,3677
INV244842,Vehicle tow away and impound services,Nationwide uowing Services,242767.29,09 February 2025,3585
INV244843,Tree management maintenance services,Citywide Service ,58058.23 AUD,24 August 2026,3678
INV244844,Civil infrastructure services,Citywide Service ,194607.27,27/03/05,3665
INV244845,Building cleaning services,menzies international (aust) pty ltd,7535.1,06-Jul-2026,3634
INV244846,Waste management services,Cleanaway Waste Mgmt Limited,"$199,321.87",29/09/07,3556
INV244847,Management of Active Melbourne recreation facilities,Victorian YMCA Community Programming Pty Ltd,203544.96,20-Jul-2027, 
INV244848,Tree management maintenance services,Citywide Service ,64661.98,29/10/12,3678
INV244849,Graffiti management and pressure cleaning services,Calcorp  Services  Pty  Ltd,0.2m,11/08/2029, 
INV244850,Integrated security services,National Protective Services P/L,"$18,113.58",16-Dec-2029,3686
INV244851,Integrated security services,National,"$119,558.59",11/07/2026,3686
INV244852,Vehicle tow away and impound services,Nationwide To,"$152,782.24",27/11/19,3585
INV244853,Parking technology services,Reino Int’l Pty Ltd T/A Duncan Solutions,"$157,598.51",2028-11-11,3623
INV244854,Open spaces management - region 1,citywide service solutions pty ltd,204246.97 AUD,18-Jun-2028,3676
INV244855,Civil infrastructure services,Citywide Service Solutions Pty Ltd,141961.77 AUD,27/08/16,3665
INV244856,Building maintenance services,Programmed,0.1m,25/04/2027,3630
INV244857,Melbourne Town Hall venue management,Showtime,211011.73 AUD,23-Dec-2025,3670
INV244858,Street cleaning,spotless facility services pty ltd,"$173,684.36",08-Dec-2026,3669
INV244859,Building cleaning services,Menzies Intl (Aust) Pty Ltd,0.2m,18-Sep-2029,3634
INV244860,Parking technology services,Reino International Pty Ltd T/A Duncan Solutions (AU),"$35,003.14",25/03/2025,3623
INV244861,Integrated security services,National Protective Services Pty Ltd,159670.48 AUD,30 June 2027,3686
INV244862,Vehicle tow away and impound services,Nationwide Towing Services,165192.81,2026-08-01, 
INV244863,Parking technology services,Reino International Pty Ltd T/A Duncan Solutions,3887.24 AUD,27/07/01,3623
INV244864,Melbourne Town Hall venue management,Showtime Event Group Pty Ltd,46178.38,05/10/2025,3670
INV244865,Parking technology services,Reino,228723.72 AUD,04-Jun-2025,3623
INV244866,Open spaces management - region 1,Citywide Service Solutions Pty Ltd,61737.33,12/10/2025,3676
INV244867,Open spaces management - region 2,SERCO,66680.12,25/04/28,3677
INV244868,Integrated security services,National Protective Services Pty Ltd,"$221,474.13",2025-10-07,3686
INV244869,Open spaces management - region 1,Showtime  Event  Group  Pty  Ltd,241057.74 AUD,08/01/2025,3670
INV244870,Building cleaning services,Menzies International (Aust) Pty Ltd,54633.76,27/12/11,3634
INV244871,Vehicle tow away and impound services,Nationwide Towing Services,224242.1,03/07/2028,3585
INV244872,Graffiti management and pressure cleaning services,Calcorp,"$94,433.08",2026-01-31,3668
INV244873,Civil infrastructure services,Citywide,"$21,973.53",2026-09-26,3665
INV244874,Integrated security services,National Protective Services Pty Ltd,0.2m,10/02/2029,3686
INV244875,Tree management maintenance services,Citywide,0.2m,26/12/15,3678
INV244876,Open spaces management - region 2,SERCO,"$36,842.7",28/07/2025,3677
INV244877,Building maintenance services,Programmed Facility Management P/L,223642.6 AUD,20/06/2026,3630
INV244878,Building cleaning services,Menzies Internatio,77408.14 AUD,29/06/28,3634
INV244879,Street cleaning,Spotless Facility Services Pty Ltd,175128.7 AUD,22 November 2027,3669
INV244880,Graffiti management and pressure cleaning services,Calcorp Services Pty. Ltd.,"$220,226.82",23-Nov-2026,3668
INV244881,Graffiti management and pressure cleaning services,Calcorp Services Pty Ltd (AU),193684.6,14/11/2026,3668
INV244882,Building maintenance services,Programmed Facility Management Pty Ltd,244243.09 AUD,29/07/2028,3630
INV244883,Vehicle tow away and impound services,Nationwide To,182620.12 AUD,11 June 2028, 
INV244884,Waste management services,Nationwide Towing Services (AUS),"$154,506.62",16/07/2028,3585
INV244885,Street cleaning,Spotless Facility Services Pty Ltd (AU),99727.98 AUD,19/09/2028,3669
INV244886,Building maintenance services,Cleanaway  Waste  Management  Limited,4951.98,2025-04-08,3556
INV244887,Open spaces management - region 1,Citywide Service Solutions Pty Ltd,170456.39 AUD,10 January 2028,3676
INV244888,Street cleaning,Spotless Facility Services Pty. Ltd.,27878.99,15 September 2028,3669
INV244889,Open spaces management - region 2,SERCO,142425.43 AUD,27-Feb-2025,3677
INV244890,Melbourne Town Hall venue management,Showtime Event Group Pty Ltd,212312.29,08/10/2029,3670
INV244891,Building maintenance services,Programmed Facility Management Pty Ltd,"$233,463.69",13-Sep-2028,3630
INV244892,Melbourne Town Hall venue management,Showtime Event Group Pty Ltd,43250.03,15/12/2029,3670
INV244893,Open spaces management - region 2,serco,41638.2 AUD,29/02/21,3677
INV244894,Civil infrastructure services,Citywide Service Solutions Pty Ltd (AUS),168098.25,10 June 2029,3665
INV244895,Open spaces management - region 2,SERCO,97685.26 AUD,24/06/2027,3677
INV244896,Graffiti management and pressure cleaning services,Calcorp Services Pty Ltd (AU),"$15,078.77",19-Aug-2026,3668
INV244897,Vehicle tow away and impound services,NationwideiTowing Services,156656.09,2025-11-13,3585
INV244898,Parking technology services,Reino International Pty ,"$161,574.27",25/07/20,3623
INV244899,Graffiti management and pressure cleaning services,Calcorp Services Pty Ltd (AUS),0.1m,19 May 2026,3668
INV244900,Melbourne Town Hall venue management,Showtime Event Group P/L,0.2m,26-Mar-2025,3670
INV244901,Management of Active Melbourne recreation facilities,Victorian Ymca Community Programming Pty Ltd,237077.21,22 May 2028, 
INV244902,Vehicle tow away and impound services,Nationwide Towing Services,0.2m,15/04/2025,3585
INV244903,Management of Active Melbourne recreation facilities,Victorian YMCA Community Programming Pty Ltd (AUS),"$51,548.09",26/11/20,3615
INV244904,Melbourne Town Hall venue management,ShowtimeEventGroupPtyLtd,159102.41 AUD,24-Aug-2029,3670
INV244905,Management of Active Melbourne recreation facilities,victorian ymca community programming pty ltd,"$177,985.05",15-Dec-2028,3615
INV244906,Vehicle tow away and impound services,Nationwide Towing Services (AU),2499.59,2026-05-09,3585
INV244907,Integrated security services,National Protective Services Pty Ltd,"$216,474.95",29/02/20,3686
INV244908,Open spaces management - region 1,Citywide Service Solutions P/L,177291.1,26/09/2025, 
INV244909,Civil infrastructure services,Citywide Service Solutions P/L,26443.06,02/01/2025,3665
INV244910,Street cleaning,Spotless Facility Services Pty Ltd,138531.36 AUD,03/02/2025,3669
INV244911,Management of Active Melbourne recreation facilities,Victorian YMCA Community Programming Pty Ltd,100138.26,11/02/2026,3615
INV244912,Street cleaning,spotless facility services pty ltd,75173.98,26/09/2026,3669
INV244913,Building cleaning services,Menzies International (Aust) Pty Ltd (AUS),"$70,493.46",2026-09-17, 
INV244914,Street cleaning,Spotless Facility Services Pty. Ltd.,245260.1,25/03/26,3669
INV244915,Waste management services,Cleanaway paste Management Limited,140096.31 AUD,02-Mar-2027,3556
INV244916,Graffiti management and pressure cleaning services,Calcorp Services Pty Ltd,104220.06,03/07/2026,3668
INV244917,Building maintenance services,Programmed Facility Management Pty Ltd,0.1m,06/07/2026,3630
INV244918,Waste management services,Cleanaway,0.2m,17/10/2028,3556
INV244919,Open spaces management - region 1,Citywide Service SolutionsvPty Ltd,"$19,425.35",29/04/04,3676
INV244920,Integrated security services,National Protective Services Pty Ltd (AU),213887.17,28/10/17,3686
INV244921,Vehicle tow away and impound services,Nationwide Towing Services,25942.83,27/05/09,3585
INV244922,Graffiti management and pressure cleaning services,VictorianYMCACommunityProgrammingPtyLtd,115015.84,29/12/03,3615
INV244923,Building maintenance services,Programmed Facility Management Pty Ltd (AUS),86482.19,21/01/2029,3630
INV244924,Open spaces management - region 2,Showtime Event Group Pty. Ltd.,46290.04,01 October 2026,3670
INV244925,Integrated security services,National,60688.58,2027-05-30, 
INV244926,Parking technology services,Reino International Pty ,205065.45,02-Nov-2028,3623
INV244927,Building cleaning services,Menzies International (Aust) Pty. Ltd.,"$47,573.34",28/05/13,3634
INV244928,Vehicle tow away and impound services,nationwide towing services,99716.86,02-Jul-2027, 
INV244929,Civil infrastructure services,Citywide Service Solutions P/L,105718.86,12/04/2029,3665
INV244930,Civil infrastructure services,Citywide Service Solutions P/L,191433.19 AUD,25/12/2027,3665
INV244931,Open spaces management - region 1,Citywide Service Solutions Pty Ltd,75532.0,2026-01-01,3676
INV244932,Civil infrastructure services,Citywvde Service Solutions Pty Ltd,134233.84,23/11/2028,3665
INV244933,Integrated security services,National Protectiv,240605.68 AUD,19/11/2028,3686
INV244934,Open spaces management - region 2,SERCO,161300.84,14-Jan-2025,3677
INV244935,Open spaces management - region 2,Reino  International  Pty  Ltd  T/A  Duncan  Solutions,117017.78,22-Apr-2026,3623
INV244936,Waste management services,Cleanaway Waste Management Limited,"$84,394.3",03/09/2025,3556
INV244937,Street cleaning,Spotless  Facility  Services  Pty  Ltd,223560.85,28-Jun-2025,3669
INV244938,Street cleaning,Spotless Facility Services Pty. Ltd.,94041.1,2027-08-18,3669
INV244939,Integrated security services,National Protective Services Pty Ltd (AU),157417.52 AUD,13/12/2026,3686
INV244940,Melbourne Town Hall venue management,Showtime Event,87446.08,22/07/2028,3670
INV244941,Building maintenance services,programmed facility management pty ltd,52773.14,16/01/2028,3630
INV244942,Civil infrastructure services,Citywide,125486.32,2025-02-03, 
INV244943,Integrated security services,National Protective Services P/L,122155.64,17/08/2028,3686
INV244944,Civil infrastructure services,Citywide Service ,0.1m,2028-10-29,3665
INV244945,Open spaces management - region 2,SERCO,0.2m,18 October 2027,3677
INV244946,Building cleaning services,Menzies Internatio,163276.97,30/10/2025,3634
INV244947,Graffiti management and pressure cleaning services,Calcorp Services Pty Ltd,3908.42 AUD,09/11/2028,3668
INV244948,Waste management services,Cleanaway,174401.67,10/07/2026,3556
INV244949,Management of Active Melbourne recreation facilities,victorian ymca community programming pty ltd,193862.63,02-Feb-2029,3615
INV244950,Integrated security services,National Protective Services Pty Ltd (AUS),0.1m,08/10/2028,3686
INV244951,Building maintenance services,Programmed Facility Management Pty Ltd,20595.21,16/08/2025,3630
INV244952,Parking technology services,ReinouInternational Pty Ltd T/A Duncan Solutions,"$55,378.19",25/08/2025,3623
INV244953,Open spaces management - region 2,SERCO,120710.42,18 April 2025,3677
INV244954,Melbourne Town Hall venue management,Showtime Event Group Pty Ltd (AUS),"$220,384.98",10/08/2029,3670
INV244955,Open spaces management - region 2,SERCO (AUS),56529.71 AUD,2026-05-03,3677
INV244956,Building maintenance services,Programmed Facility Management Pty. Ltd.,0.1m,21 July 2028,3630
INV244957,Building maintenance services,Programmed Flcility Management Pty Ltd,74638.38 AUD,2029-05-31,3630
INV244958,Building maintenance services,PROGRAMMED FACILITY MANAGEMENT PTY LTD,179435.23,09/12/2029,3630
INV244959,Civil infrastructure services,Citywide Service Solutions Pty Ltd,0.1m,30 January 2026,3665
INV244960,Building cleaning services,Menzies Internatio,204417.43,2029-09-19,3634
INV244961,Building maintenance services,Programmed Facility ManagementkPty Ltd,179998.5 AUD,25/06/2027,3630
INV244962,Integrated security services,National Protective Services Pty Ltd,0.2m,25/05/02,3686
INV244963,Waste management services,Cleanaway Waste Management Limited,149400.48,15-Aug-2028,3556
INV244964,Open spaces management - region 2,Calcorp Services Pty Ltd,"$90,617.03",24/12/2028, 
INV244965,Street cleaning,Spotless Facility Services Pty Ltd,161259.11 AUD,07/12/2029,3669
INV244966,Parking technology services,VICTORIAN YMCA COMMUNITY PROGRAMMING PTY LTD,55141.48,07-Aug-2025,3615
INV244967,Tree management maintenance services,Citywide Service Solutions Pty. Ltd.,115735.84,07 December 2026,3678
INV244968,Open spaces management - region 1,Citywide  Service  Solutions  Pty  Ltd,"$59,112.54",24 July 2029,3676
INV244969,Parking technology services,Reino International Pty. Ltd. T/A Duncan Solutions,0.2m,26/12/24,3623
INV244970,Open spaces management - region 1,CITYWIDE SERVICE SOLUTIONS PTY LTD,71056.07,21-Aug-2026, 
INV244971,Street cleaning,Spotless Facility Services Pty Ltd,"$215,000.7",2027-11-06,3669
INV244972,Management of Active Melbourne recreation facilities,Victorian YMCA Community Programming P/L,163699.44 AUD,19/05/2027,3615
INV244973,Management of Active Melbourne recreation facilities,Victorian YMCA Community Programming P/L,136054.7 AUD,2026-06-07,3615
INV244974,Melbourne Town Hall venue management,Showtime Event Group Ptz Ltd,"$206,837.28",09 July 2029,3670
INV244975,Street cleaning,Spotless  Facility  Services  Pty  Ltd,94926.28,08-Dec-2025,3669
INV244976,Building maintenance services,Programmed Facility Management Pty. Ltd.,10852.98,15/02/2027,3630
INV244977,Tree management maintenance services,Citywide,8195.05 AUD,17/09/2026,3678
INV244978,Graffiti management and pressure cleaning services,Calcorp Services Pty Ltd,30835.59,04/11/2027,3668
INV244979,Building cleaning services,Menzies Internatio,237272.13,02/07/2025,3634
INV244980,Street cleaning,Spotless  Facility  Services  Pty  Ltd,"$240,023.29",15-Oct-2029,3669
INV244981,Vehicle tow away and impound services,Nationwide Towing Services (AU),"$94,153.53",2027-01-07,3585
INV244982,Open spaces management - region 2,SERCO (AUS),56119.23 AUD,05/02/2027,3677
INV244983,Street cleaning,Spotless Facility Services P/L,"$44,507.21",14/05/2029,3669
INV244984,Building cleaning services,MenziesInternational(Aust)PtyLtd,48325.91,16-Apr-2029,3634
INV244985,Graffiti management and pressure cleaning services,Calcorp Services Pty Ljd,207611.24,09 May 2025,3668
INV244986,Parking technology services,reino international pty ltd t/a duncan solutions,,,3623
INV244987,Integrated security services,NATIONAL PROTECTIVE SERVICES PTY LTD,68810.29,08/09/2025,3686
INV244988,Open spaces management - region 2,SERCO,74151.76 AUD,21-May-2028,3677
INV244989,Parking technology services,Reino International Pty Ltd T/A Duncan Solutions (AUS),68895.56,2028-11-23,3623
INV244990,Management of Active Melbourne recreation facilities,Victorian YMCA Community Probramming Pty Ltd,53544.51 AUD,03 November 2028,3615
INV244991,Street cleaning,SpotlessFacilityServicesPtyLtd,0.2m,16/05/2027,3669
INV244992,Parking technology services,Reino International Pty Ltd T/A Duncan Solutions (AU),149185.17,19/12/2026,3623
INV244993,Open spaces management - region 1,Citywide Service Solutions Pty Ltd,0.2m,01/07/2026, 
INV244994,Tree management maintenance services,Citywide,"$127,948.07",03 March 2027, 
INV244995,Graffiti management and pressure cleaning services,Calcorp Services Pty Ltd (AUS),27697.05,29/10/11,3668
INV244996,Vehicle tow away and impound services,Nationwide Towing Services,0.2m,14/01/2029,3585
INV244997,Melbourne Town Hall venue management,Showtime Event Group Pty Ltd,0.2m,08 April 2027,3670
INV244998,Open spaces management - region 1,citywide service solutions pty ltd,130528.21,28/11/15,3676
INV244999,Building cleaning services,Menzies  International  (Aust)  Pty  Ltd,"$95,785.58",26/04/30,3634
INV245000,Street cleaning,Spotless,205778.1 AUD,26/12/2027,3669
