InvoiceID,ContractTitle,Provider,InvoiceAmount,InvoiceDate,ContractNumber
INV337001,Tree management maintenance services,Citywide Service Solutions Pty. Ltd.,147106.59 AUD,19/01/2028,3678
INV337002,Tree management maintenance services,Citywide Service Solutions Pty Ltd (AUS),0.2m,2027-10-14,3678
INV337003,Parking technology services,Reino International Pty Ltd T/A Duncan Solutions,"$231,584.01",2025-07-25, 
INV337004,Building cleaning services,Menzies  International  (Aust)  Pty  Ltd,"$89,658.65",14-Jul-2027,3634
INV337005,Vehicle tow away and impound services,Nationwide  Towing  Services,0.1m,26/07/28,3585
INV337006,Tree management maintenance services,Citywide Service Solutions Pty Ltd,60533.78,14/02/2026,3678
INV337007,Parking technology services,Reino International Pty Ltd T/A Duncan Solutions,175302.58,03/05/2029,3623
INV337008,Tree management maintenance services,Citywide  Service  Solutions  Pty  Ltd,190176.85,11/11/2028,3678
INV337009,Management of Active Melbourne recreation facilities,Victorian  YMCA  Community  Programming  Pty  Ltd,0.0m,23 May 2025,3615
INV337010,Management of Active Melbourne recreation facilities,VICTORIAN YMCA COMMUNITY PROGRAMMING PTY LTD,201880.67,29/06/2029,3615
INV337011,Tree management maintenance services,Citywide Service Soletions Pty Ltd,204507.69,29-Oct-2029,3678
INV337012,Building cleaning services,Menzies Intl (Aust) Pty Ltd,15950.68 AUD,2029-08-01,3634
INV337013,Integrated security services,National Protective Services Pty Ltd,61736.16,27/06/07,3686
INV337014,Vehicle tow away and impound services,Nationwide Towing Services,"$149,352.34",26-Jul-2027,3585
INV337015,Open spaces management - region 1,Citywide Service ,0.2m,05/01/2025,3676
INV337016,Melbourne Town Hall venue management,Showtime,181037.43,17 January 2028,3670
INV337017,Open spaces management - region 2,serco,120468.68 AUD,05 October 2027,3677
INV337018,Open spaces management - region 1,Citywide Service Solutions Pty Ltd,189434.08,27/03/29,3676
INV337019,Vehicle tow away and impound services,nationwide towing services,25255.58,17/05/2029,3585
INV337020,Building maintenance services,Programmed Facility Mgmt Pty Ltd,1933.25,07 December 2027,3630
INV337021,Melbourne Town Hall venue management,Showtime Event Group P/L,24613.21,11/04/2027,3670
INV337022,Building cleaning services,MENZIES INTERNATIONAL (AUST) PTY LTD,21234.64,23/02/2029,3634
INV337023,Waste management services,Cleanaway Waste Management Limited,"$25,258.31",29/06/19,3556
INV337024,Building maintenance services,Programmed Facility Management Pty. Ltd.,"$125,944.91",2028-01-13,3630
INV337025,Open spaces management - region 1,citywide service solutions pty ltd,60149.75,22 June 2029,3676
INV337026,Building cleaning services,menzies international (aust) pty ltd,87533.17,21/06/2026,3634
INV337027,Vehicle tow away and impound services,Nationwide Towing Services,"$184,680.58",07-Jan-2025,3585
INV337028,Integrated security services,National Protective Services Pty Ltd (AUS),157177.97,27/09/28,3686
INV337029,Open spaces management - region 2,serco,58573.97 AUD,19/04/2029,3677
INV337030,Vehicle tow away and impound services,Nationwide Towing Services,"$245,737.77",2026-05-09,3585
INV337031,Management of Active Melbourne recreation facilities,Victorian YMCA Community Programming Pty Ltd (AUS),"$200,928.09",27-Aug-2026,3615
INV337032,Tree management maintenance services,Citywide Service Solutions Pty Ltd,"$15,910.61",16/03/2029,3678
INV337033,Building maintenance services,Programmed Facility Management Pty Ltd (AU),"$152,056.84",18/03/2028,3630
INV337034,Management of Active Melbourne recreation facilities,VICTORIAN YMCA COMMUNITY PROGRAMMING PTY LTD,0.2m,03-Jul-2029,3615
INV337035,Civil infrastructure services,CITYWIDE SERVICE SOLUTIONS PTY LTD,159154.16 AUD,01-Jul-2028,3665
INV337036,Management of Active Melbourne recreation facilities,Victorian YMCA Communi,25939.33,16-Jan-2028,3615
INV337037,Street cleaning,Programmed  Facility  Management  Pty  Ltd,43412.95,01/01/2030,3630
INV337038,Integrated security services,National Protective Services Pty Ltd (AUS),0.2m,2026-09-19,3686
INV337039,Street cleaning,Spotless,190638.03,26 December 2025,3669
INV337040,Open spaces management - region 1,Citywide Service Solutions P/L,7701.93,26-Aug-2029,3676
INV337041,Tree management maintenance services,Citywide Service Solutions Pty Ltd,71234.51 AUD,17/10/2029,3678
INV337042,Integrated security services,National Protective Services P/L,195320.14,29/09/20,3686
INV337043,Civil infrastructure services,CITYWIDE SERVICE SOLUTIONS PTY LTD,9854.45,17-Aug-2026, 
INV337044,Civil infrastructure services,Citywide,60896.74,28/09/27,3665
INV337045,Integrated security services,National Protective Services Pty Ltd,103237.92,21 September 2025,3686
INV337046,Integrated security services,National,98837.79 AUD,05 May 2029,3686
INV337047,Civil infrastructure services,Citywide Service Solvtions Pty Ltd,"$67,510.2",28/12/11,3665
INV337048,Open spaces management - region 1,citywide service solutions pty ltd,"$67,134.45",10 April 2028,3676
INV337049,Open spaces management - region 2,serco,36509.4,2029-11-11,3677
INV337050,Building maintenance services,Programmed Facility Mgmt Pty Ltd,0.0m,29/12/10,3630
INV337051,Street cleaning,Spotless Facility Services Pty. Ltd.,"$247,317.0",15/08/2028,3669
INV337052,Graffiti management and pressure cleaning services,calcorp services pty ltd,0.1m,15 March 2028,3668
INV337053,Building cleaning services,Citywide,86805.44,2026-05-13,3665
INV337054,Street cleaning,Spotless Facility Services Pty. Ltd.,223915.8 AUD,2028-09-18,3669
INV337055,Waste management services,Cleanaway Waste Management Limited (AUS),0.2m,27/09/19,3556
INV337056,Open spaces management - region 2,SERCO (AU),66818.0 AUD,26/08/23,3677
INV337057,Integrated security services,National Protective Services Pty Ltd (AUS),"$207,653.84",2029-02-22,3686
INV337058,Open spaces management - region 1,Citywide Service Solutions Pth Ltd,34504.87,2028-09-12,3676
INV337059,Street cleaning,Spotless Facility Services Pty. Ltd.,76037.08,21-Oct-2025,3669
INV337060,Tree management maintenance services,Citywide Service Solutions Pty Ltd,243449.22,08/05/2027, 
INV337061,Integrated security services,National Protective Services Pty Ltd (AUS),"$157,511.88",04-Dec-2029,3686
INV337062,Integrated security services,National Protective Services Ptc Ltd,165154.5,04-Sep-2025,3686
INV337063,Parking technology services,Reiio International Pty Ltd T/A Duncan Solutions,154981.39 AUD,23 September 2026,3623
INV337064,Building maintenance services,Citywide Service Solutions Pty. Ltd.,0.1m,09/11/2029,3665
INV337065,Vehicle tow away and impound services,Nationwide Tswing Services,0.1m,18/09/2028,3585
INV337066,Tree management maintenance services,citywide service solutions pty ltd,0.1m,23/06/2027,3678
INV337067,Vehicle tow away and impound services,Nationwide,69525.17 AUD,10 August 2029,3585
INV337068,Street cleaning,Spotless Facility Services Pty. Ltd.,0.2m,27/10/21,3669
INV337069,Melbourne Town Hall venue management,ShowtimeEventGroupPtyLtd,"$160,372.1",2028-03-31,3670
INV337070,Street cleaning,Spotless Facility Services Pty Ltd,0.1m,26/01/02,3669
INV337071,Open spaces management - region 2,SERCO,109925.02,27/06/22, 
INV337072,Management of Active Melbourne recreation facilities,Victorian YMCA Community Programming Pty Ltd,0.1m,15-Nov-2026,3615
INV337073,Management of Active Melbourne recreation facilities,VictorianYMCACommunityProgrammingPtyLtd,"$219,815.9",2026-07-03,3615
INV337074,Street cleaning,SPOTLESS FACILITY SERVICES PTY LTD,221366.29,2025-02-03,3669
INV337075,Tree management maintenance services,Citywide,0.1m,03/12/2027,3678
INV337076,Open spaces management - region 1,SERCO,"$232,680.97",26/08/13,3677
INV337077,Open spaces management - region 1,Citywide,108227.92 AUD,17-Sep-2029,3676
INV337078,Vehicle tow away and impound services,Nationwide Towing Services,0.0m,29/11/2029,3585
INV337079,Vehicle tow away and impound services,Nationwide Towing Services (AU),0.2m,27/08/06,3585
INV337080,Open spaces management - region 1,Citywide Service Solutions Pty Ltd,63791.12,16-Jan-2026,3676
INV337081,Tree management maintenance services,Citywide Service Solutions Pty Ltd (AU),77255.4,07 August 2027,3678
INV337082,Vehicle tow away and impound services,NATIONWIDE TOWING SERVICES,184633.05 AUD,2025-05-27,3585
INV337083,Building maintenance services,Nationwide,0.1m,2028-12-02,3585
INV337084,Street cleaning,SPOTLESS FACILITY SERVICES PTY LTD,101720.18 AUD,26/08/2025,3669
INV337085,Integrated security services,National Protectiv,60518.4,12-Oct-2026, 
INV337086,Melbourne Town Hall venue management,Showtime Event Group Pty Ltd (AUS),234403.96 AUD,2028-11-27,3670
INV337087,Vehicle tow away and impound services,Nationwide Towing Services,0.0m,30 June 2026,3585
INV337088,Waste management services,Cleanaway Waste Management Limited,25335.49,23/03/2025,3556
INV337089,Vehicle tow away and impound services,NationwideaTowing Services,139690.61 AUD,27/05/31, 
INV337090,Parking technology services,REINO INTERNATIONAL PTY LTD T/A DUNCAN SOLUTIONS,73014.41,14-Apr-2027,3623
INV337091,Graffiti management and pressure cleaning services,Calcorp Services Pty Ltd (AU),0.1m,28/06/2028,3668
INV337092,Management of Active Melbourne recreation facilities,Victorian YMCA Community Programming Ptl Ltd,"$36,354.42",2027-12-26,3615
INV337093,Waste management services,CLEANAWAY WASTE MANAGEMENT LIMITED,214933.9,19/08/2026, 
INV337094,Melbourne Town Hall venue management,Showtime Event Group Pty. Ltd.,49783.4 AUD,16-Feb-2029,3670
INV337095,Integrated security services,NationalProtectiveServicesPtyLtd,0.1m,2029-01-12,3686
INV337096,Tree management maintenance services,CITYWIDE SERVICE SOLUTIONS PTY LTD,0.1m,10/02/2028,3678
INV337097,Open spaces management - region 1,Citywide Service Solutions Pty Ltd (AU),"$67,183.79",2026-01-21,3676
INV337098,Open spaces management - region 1,Citywide Service Solutions Pty Ltd (AUS),67135.33,2027-04-09,3676
INV337099,Parking technology services,Reino International Pty Ltd T/A Duncan Solutions,11392.86 AUD,20/02/2028,3623
INV337100,Open spaces management - region 1,Citywide Service Solutions Pty Ltd (AU),209965.94,02 May 2029,3676
INV337101,Melbourne Town Hall venue management,ShowtimeEventGroupPtyLtd,49518.48,2026-06-25,3670
INV337102,Management of Active Melbourne recreation facilities,Victorian YMCA Communi,0.1m,06 June 2029,3615
INV337103,Management of Active Melbourne recreation facilities,victorian ymca community programming pty ltd,193201.38 AUD,2028-11-12,3615
INV337104,Civil infrastructure services,Citywide Service Solutions Pty Ltd (AU),0.1m,25/03/02,3665
INV337105,Waste management services,Cleanaway Waste Mgmt Limited,29584.58,2026-11-18,3556
INV337106,Vehicle tow away and impound services,NATIONWIDE TOWING SERVICES,"$109,611.36",06 October 2029,3585
INV337107,Melbourne Town Hall venue management,Showtime Event Group Pty Ltd (AUS),0.0m,29/10/11,3670
INV337108,Vehicle tow away and impound services,Nationwide Towing Services,0.1m,2026-08-04,3585
INV337109,Tree management maintenance services,CITYWIDE SERVICE SOLUTIONS PTY LTD,0.2m,13/11/2025,3678
INV337110,Integrated security services,National Protective Services Pty. Ltd.,0.2m,13-Feb-2028,3686
INV337111,Street cleaning,Spotless,15376.76,29/04/15,3669
INV337112,Building maintenance services,Programmed Facility Management Pty Ltd,77405.76,21/11/2026,3630
INV337113,Street cleaning,Spotless Facility Services Pty Ltd,211555.7 AUD,25/05/14,3669
INV337114,Melbourne Town Hall venue management,Showtime Event Group Pty Ltd (AUS),0.1m,10 December 2028,3670
INV337115,Open spaces management - region 1,Citywide Service ,56710.52 AUD,28/08/19,3676
INV337116,Parking technology services,Reino International Pty. Ltd. T/A Duncan Solutions,134811.16 AUD,15/01/2029,3623
INV337117,Civil infrastructure services,Citywide Service Solutions Pty Ltd (AUS),145179.28 AUD,27-Nov-2027,3665
INV337118,Building maintenance services,Programmed Facility Management Pty. Ltd.,0.1m,11/05/2026,3630
INV337119,Civil infrastructure services,citywide service solutions pty ltd,27822.98 AUD,04 May 2028,3665
INV337120,Building cleaning services,Menzies International (Aust) Pty Ltd,156763.07,03 September 2029,3634
INV337121,Vehicle tow away and impound services,Nationwide  Towing  Services,92834.97,11/12/2027,3585
INV337122,Building maintenance services,Programmed  Facility  Management  Pty  Ltd,136441.14,2028-03-07,3630
INV337123,Civil infrastructure services,Citywide Service Solutions Pty Ltv,24479.92,27/01/2025,3665
INV337124,Management of Active Melbourne recreation facilities,Victorian,168855.25,2027-07-24,3615
INV337125,Parking technology services,reino international pty ltd t/a duncan solutions,0.1m,01/08/2026,3623
INV337126,Vehicle tow away and impound services,NationwideTowingServices,"$75,446.4",27/09/26,3585
INV337127,Management of Active Melbourne recreation facilities,Victorian,92420.4,03/01/2026,3615
INV337128,Vehicle tow away and impound services,Nationwide To,0.1m,10-Mar-2025,3585
INV337129,Civil infrastructure services,CITYWIDE SERVICE SOLUTIONS PTY LTD,"$248,675.89",16/12/2025,3665
INV337130,Integrated security services,Natiocal Protective Services Pty Ltd,25260.46 AUD,27/05/2026, 
INV337131,Building maintenance services,programmed facility management pty ltd,162530.0,13/05/2028,3630
INV337132,Open spaces management - region 2,SERCO,180574.32 AUD,12-Dec-2025,3677
INV337133,Building maintenance services,ProgrammedFacilityManagementPtyLtd,90310.52,04/08/2026,3630
INV337134,Management of Active Melbourne recreation facilities,Victorian YMCA Community Programming Pty Ltd (AU),0.1m,2025-11-08,3615
INV337135,Open spaces management - region 1,CITYWIDE SERVICE SOLUTIONS PTY LTD,10246.04,2029-08-10,3676
INV337136,Melbourne Town Hall venue management,Showtime  Event  Group  Pty  Ltd,0.2m,04-Sep-2025,3670
INV337137,Waste management services,Cleanaway Waste Management Limited (AU),28359.09,29/10/2029, 
INV337138,Melbourne Town Hall venue management,Showtime Event Group Pty Ltd,0.2m,29/10/2028,3670
INV337139,Waste management services,Cleanaway  Waste  Management  Limited,174703.39,18/11/2025,3556
INV337140,Graffiti management and pressure cleaning services,CalcorpServicesPtyLtd,,30/10/2025,3668
INV337141,Vehicle tow away and impound services,NATIONWIDE TOWING SERVICES,16065.43,02/03/2028,3585
INV337142,Building cleaning services,Menzies International (Aust) P/L,227226.42,29/03/13,3634
INV337143,Integrated security services,serco,56100.39 AUD,26/09/2029,3677
INV337144,Open spaces management - region 2,SERCO (AU),0.0m,08/03/2025,3677
INV337145,Integrated security services,National Protective Services Pty Ltd (AUS),"$19,432.05",23-Oct-2027,3686
INV337146,Civil infrastructure services,Citywide Service Solutions P/L,4518.32,19/09/2029,3665
INV337147,Building maintenance services,Programmed Facility Management Pty Ltd,72934.68 AUD,2026-09-06,3630
INV337148,Building cleaning services,MenziesInternational(Aust)PtyLtd,141871.43 AUD,06/09/2027,3634
INV337149,Management of Active Melbourne recreation facilities,Citywide Service ,0.1m,26/06/23,3678
INV337150,Management of Active Melbourne recreation facilities,Victorian  YMCA  Community  Programming  Pty  Ltd,17592.48,14-Jun-2029,3615
INV337151,Waste management services,CleanawayWasteManagementLimited,205158.71 AUD,28/09/15,3556
INV337152,Vehicle tow away and impound services,Nationwide  Towing  Services,128745.62,2027-05-19, 
INV337153,Parking technology services,Reino International Pty Ltd T/A Duncan Solutions (AU),49588.08,17/05/2025,3623
INV337154,Building maintenance services,Programmed Facility,0.1m,20/10/2025,3630
INV337155,Street cleaning,Spotless Facility Services Pty Ltd,"$97,747.22",27/09/02,3669
INV337156,Management of Active Melbourne recreation facilities,Victorian YMCA Community Programming Pty Ltd,18492.62,14-Jan-2027,3615
INV337157,Open spaces management - region 2,serco,"$198,725.22",2026-11-27,3677
INV337158,Parking technology services,reino international pty ltd t/a duncan solutions,21975.6,04/11/2025,3623
INV337159,Vehicle tow away and impound services,NationwideTowingServices,"$91,288.33",15 October 2029,3585
INV337160,Building cleaning services,MenziesInternational(Aust)PtyLtd,"$9,838.27",04 October 2027,3634
INV337161,Open spaces management - region 2,SERCO,0.2m,07/12/2026,3677
INV337162,Tree management maintenance services,Citywide Service Solutions Pty Ltd,0.2m,23-May-2026,3678
INV337163,Civil infrastructure services,Citywide Service ,"$63,976.91",06-Sep-2029,3665
INV337164,Building cleaning services,Menzies,0.2m,02/10/2026,3634
INV337165,Open spaces management - region 1,Citywide Service Solutions Pty Ltd,0.2m,29/10/27,3676
INV337166,Civil infrastructure services,Citywide Service Solutions P/L,,28-Jun-2026,3665
INV337167,Open spaces management - region 2,SERCO (AUS),,06/05/2028,3677
INV337168,Street cleaning,spotless facility services pty ltd,"$50,358.85",11-Jun-2027,3669
INV337169,Tree management maintenance services,Citywide  Service  Solutions  Pty  Ltd,0.2m,22/03/2029,3678
INV337170,Building cleaning services,menzies international (aust) pty ltd,"$24,096.61",21/01/2029,3634
INV337171,Integrated security services,National Protective Services Pty Ltd (AU),232239.65,16 December 2028,3686
INV337172,Waste management services,Cleanaway Waste Mgmt Limited,0.2m,11/07/2026,3556
INV337173,Parking technology services,Reino International Pty Ltd T/A Duncan Solutions,214296.95 AUD,02-Aug-2025, 
INV337174,Parking technology services,REINO INTERNATIONAL PTY LTD T/A DUNCAN SOLUTIONS,244617.84,15/11/2025,3623
INV337175,Street cleaning,Spotless Facility Services Pty Ltd,0.1m,28/11/2025,3669
INV337176,Integrated security services,Natqonal Protective Services Pty Ltd,"$95,868.92",2029-09-16,3686
INV337177,Management of Active Melbourne recreation facilities,Victorian Ymca Community Programming Pty Ltd,0.0m,2026-02-14,3615
INV337178,Civil infrastructure services,Citywide Service ,70613.08,11/01/2029,3665
INV337179,Street cleaning,Spotless Facility Services Pty Ltd,90254.03,10-Apr-2026,3669
INV337180,Vehicle tow away and impound services,Nationwide,"$140,357.22",2028-11-24,3585
INV337181,Waste management services,CleanawayWasteManagementLimited,110435.88,29 January 2029,3556
INV337182,Open spaces management - region 2,SERCO,161033.14,29/10/2027,3677
INV337183,Tree management maintenance services,Cithwide Service Solutions Pty Ltd,0.1m,26-May-2025,3678
INV337184,Management of Active Melbourne recreation facilities,Victorian,86233.39,12/06/2027,3615
INV337185,Parking technology services,Reino International Pty Ltd T/A Duncan Solutions,"$93,032.85",29/11/15,3623
INV337186,Waste management services,Cleanaway Waste Management Lkmited,123832.55 AUD,03/09/2026,3556
INV337187,Building maintenance services,Programmed Facility Mgmt Pty Ltd,59178.34,14/11/2026,3630
INV337188,Building cleaning services,Citywide Service ,139079.79,18 August 2028,3676
INV337189,Graffiti management and pressure cleaning services,Calcorp Services Pty Ltd (AU),82822.15 AUD,20/06/2025,3668
INV337190,Building cleaning services,Menzies International (Aust) P/L,"$235,339.94",12-Oct-2027,3634
INV337191,Integrated security services,National Protective Services Pty Ltd (AU),"$16,767.55",19/08/2025,3686
INV337192,Graffiti management and pressure cleaning services,Calcorp Services Pty. Ltd.,166364.52,2025-05-23,3668
INV337193,Waste management services,CLEANAWAY WASTE MANAGEMENT LIMITED,125462.26 AUD,29/02/25,3556
INV337194,Integrated security services,Serco,89817.62,27/04/09,3677
INV337195,Graffiti management and pressure cleaning services,CALCORP SERVICES PTY LTD,"$143,647.82",06-Aug-2025,3668
INV337196,Melbourne Town Hall venue management,Showtime Event Group Pty. Ltd.,31896.79,07-Aug-2029,3670
INV337197,Graffiti management and pressure cleaning services,Calcorp Services Pty. Ltd.,30747.04,25/09/17,3668
INV337198,Parking technology services,Reino International Pty Ltd T/A Duncan Solutions (AUS),114157.58,25/02/04,3623
INV337199,Tree management maintenance services,Citywide Service Solutions Pty Ltd (AUS),41718.99,29 June 2025,3678
INV337200,Melbourne Town Hall venue management,showtime event group pty ltd,"$43,427.36",28/04/10,3670
INV337201,Parking technology services,Reino International Pty Ltd T/A Duncan Solutions,148376.1,28/04/20,3623
INV337202,Civil infrastructure services,Citywide Service Solutions Pty Ltd,"$87,861.39",25/12/01,3665
INV337203,Street cleaning,spotless facility services pty ltd,"$54,268.84",01-Jan-2027,3669
INV337204,Waste management services,Cleanaway Waste M,"$157,351.98",29/01/25,3556
INV337205,Civil infrastructure services,Citywide,60232.11,26/12/19,3665
INV337206,Vehicle tow away and impound services,NATIONWIDE TOWING SERVICES,"$33,282.43",2029-05-05,3585
INV337207,Civil infrastructure services,Citywide Service Solutions Pty Ltd (AU),0.1m,26/02/2029,3665
INV337208,Management of Active Melbourne recreation facilities,Victorian YMCA Communi,"$178,313.77",2025-05-02,3615
INV337209,Civil infrastructure services,CITYWIDE SERVICE SOLUTIONS PTY LTD,0.0m,16-Jun-2025,3665
INV337210,Building maintenance services,Programmed Facility Management Pty Ltd,151756.71,2026-12-27,3630
INV337211,Street cleaning,Spotless Facility Services Pty Ltd (AUS),0.0m,09/02/2027,3669
INV337212,Building maintenance services,Programmed Facility Mnnagement Pty Ltd,"$56,693.72",16-Sep-2026,3630
INV337213,Parking technology services,ReinoInternationalPtyLtdT/ADuncanSolutions,200990.25 AUD,03-Dec-2029,3623
INV337214,Street cleaning,SpotlessFacilityServicesPtyLtd,162065.5,21/04/2025,3669
INV337215,Vehicle tow away and impound services,Nationwide Towing Services,99403.8,06/03/2027,3585
INV337216,Waste management services,Cleanaway Waste Mgmt Limited,172641.48,2029-09-29,3556
INV337217,Open spaces management - region 2,SERCO (AUS),0.1m,18 June 2029,3677
INV337218,Street cleaning,Spotless,"$165,929.24",26/07/08,3669
INV337219,Street cleaning,SPOTLESS FACILITY SERVICES PTY LTD,160861.85 AUD,12/05/2027,3669
INV337220,Building maintenance services,Programmed Facility Management Pty Ltd,239247.36 AUD,07-Feb-2027,3630
INV337221,Melbourne Town Hall venue management,Showtime Event Group Pty Ltd,231347.21 AUD,2028-02-28,3670
INV337222,Melbourne Town Hall venue management,Showtime Event,113708.42,27/08/2027,3670
INV337223,Waste management services,Cleanaway Waste Management Limited,"$13,459.88",2028-08-08,3556
INV337224,Civil infrastructure services,Citywide Service Solutions Pty Ltd,223891.04 AUD,23-Jul-2027,3665
INV337225,Tree management maintenance services,Citywide Service Solutions Pty Ltd,5507.05 AUD,2025-02-14,3678
INV337226,Management of Active Melbourne recreation facilities,Victorian YMCA Community Programming Pty Ltd (AUS),101552.63,30/03/2028,3615
INV337227,Tree management maintenance services,Citywide  Service  Solutions  Pty  Ltd,"$61,028.41",2028-10-11,3678
INV337228,Graffiti management and pressure cleaning services,Calcorp Services Pty Ltd (AUS),229072.27,23-Aug-2026,3668
INV337229,Management of Active Melbourne recreation facilities,Victorian Ymca Community Programming Pty Ltd,71743.86,18/08/2029,3615
INV337230,Parking technology services,ReinoInternationalPtyLtdT/ADuncanSolutions,96273.62 AUD,2025-05-06,3623
INV337231,Civil infrastructure services,citywide service solutions pty ltd,181993.28 AUD,25/11/2027,3665
INV337232,Tree management maintenance services,Citywide Service Solusions Pty Ltd,"$13,302.46",29/11/27,3678
INV337233,Waste management services,Cleanaway Waste Managoment Limited,164062.76 AUD,12-Nov-2026,3556
INV337234,Waste management services,Cleanaway Waste Management Ltd,"$132,726.01",27/12/27,3556
INV337235,Parking technology services,Reino Intl Pty Ltd T/A Duncan Solutions,76805.03,13 October 2027,3623
INV337236,Graffiti management and pressure cleaning services,Calcorp Serv,"$16,810.85",2025-12-30,3668
INV337237,Building cleaning services,MENZIES INTERNATIONAL (AUST) PTY LTD,"$71,619.72",2028-12-14,3634
INV337238,Building maintenance services,ProgrammedFacilityManagementPtyLtd,"$206,566.61",14 January 2027,3630
INV337239,Melbourne Town Hall venue management,Showtime Event,0.2m,12/04/2028,3670
INV337240,Open spaces management - region 1,Citywide Service ,223457.25,25/03/20,3676
INV337241,Parking technology services,Reino International Pty Ltd T/A Duncan Solutions (AU),"$187,448.88",30 March 2028,3623
INV337242,Street cleaning,Spotless Facility Services Pty Ltd (AU),69162.49 AUD,2027-06-09,3669
INV337243,Management of Active Melbourne recreation facilities,Victorian,233958.66 AUD,29/02/16,3615
INV337244,Waste management services,Cleanaway  Waste  Management  Limited,59589.76,2026-12-25,3556
INV337245,Vehicle tow away and impound services,Nationwide To,0.2m,07 February 2027,3585
INV337246,Graffiti management and pressure cleaning services,Calcorp  Services  Pty  Ltd,173671.1,2025-02-21,3668
INV337247,Tree management maintenance services,CitywideServiceSolutionsPtyLtd,209233.82,2025-11-04,3678
INV337248,Street cleaning,spotless facility services pty ltd,59708.0 AUD,17-Sep-2029,3669
INV337249,Building cleaning services,Menzies Internatibnal (Aust) Pty Ltd,155225.13,09/09/2028,3634
INV337250,Vehicle tow away and impound services,Nationwide Towing Services,"$121,432.75",08 November 2029,3585
INV337251,Open spaces management - region 2,SERCO,"$40,821.49",2027-12-18, 
INV337252,Open spaces management - region 1,Citywide Service Solutions Pty. Ltd.,167516.21,26/08/19,3676
INV337253,Waste management services,Cleanaway Waste Mgmt Limited,0.2m,2026-02-13,3556
INV337254,Waste management services,Cleanaway  Waste  Management  Limited,238275.24,04/11/2027,3556
INV337255,Integrated security services,NationalProtectiveServicesPtyLtd,186230.23,26/04/04,3686
INV337256,Open spaces management - region 2,SERCO (AUS),93776.11,2026-08-14,3677
INV337257,Melbourne Town Hall venue management,Showtime Event Group Pty Ltd (AUS),83249.55,26/12/06,3670
INV337258,Vehicle tow away and impound services,Nationwide Towing Services (AU),"$91,094.44",27/04/23,3585
INV337259,Building maintenance services,Programmed Facility Management Pty Ltd (AUS),8226.62 AUD,25-Jul-2027,3630
INV337260,Management of Active Melbourne recreation facilities,Victorian Ymca Community Programming Pty Ltd,123630.78 AUD,2029-08-05,3615
INV337261,Vehicle tow away and impound services,Nationwide Towing Services,"$246,308.15",14-Nov-2027,3585
INV337262,Graffiti management and pressure cleaning services,CALCORP SERVICES PTY LTD,"$241,782.1",16/05/2026,3668
INV337263,Tree management maintenance services,Citywide Service Solutions Pty Ltd,158858.85,22/04/2026,3678
INV337264,Building maintenance services,Programmed Facility Mgmt Pty Ltd,"$68,518.75",15/01/2029,3630
INV337265,Management of Active Melbourne recreation facilities,Victorian YMCA Communi,167024.04,2029-05-19,3615
INV337266,Tree management maintenance services,Citywide Service Solutions Pty Ltd (AU),181314.48 AUD,02 November 2028,3678
INV337267,Open spaces management - region 1,Citywide Service Solutions Pty Ltd,"$77,183.36",15 March 2026,3676
INV337268,Building maintenance services,Programmed  Facility  Management  Pty  Ltd,66138.2,,3630
INV337269,Street cleaning,Spotless Facility Services Pty Ltd,64679.3 AUD,25 August 2029,3669
INV337270,Parking technology services,Reino International Pty Ltd T/A Duncan Solutions (AUS),241826.21,31-May-2025,3623
INV337271,Tree management maintenance services,Citywide Service Solutions Pty. Ltd.,"$227,747.57",19/09/2026, 
INV337272,Building cleaning services,Menzies International (Aust) P/L,171364.86,10/03/2027,3634
INV337273,Parking technology services,Reino International Pty ,0.2m,11/03/2029,3623
INV337274,Open spaces management - region 1,Citywide Service Solutions Pty Ltd,155317.83,11-May-2027,3676
INV337275,Integrated security services,NATIONAL PROTECTIVE SERVICES PTY LTD,"$210,724.12",08-Dec-2025,3686
INV337276,Street cleaning,Spotless Fachlity Services Pty Ltd,49839.22,2027-12-28,3669
INV337277,Waste management services,Cleanaway,127775.97,11/10/2028,3556
INV337278,Building maintenance services,Programmed Facility,0.2m,05 April 2028,3630
INV337279,Melbourne Town Hall venue management,Showtime Event Group Pty Ltd,"$132,662.97",30/07/2026,3670
INV337280,Civil infrastructure services,CITYWIDE SERVICE SOLUTIONS PTY LTD,136585.5,26/05/25,3665
INV337281,Building maintenance services,Programmed Facility,235717.5 AUD,26/08/09,3630
INV337282,Civil infrastructure services,CitywideServiceSolutionsPtyLtd,"$248,727.41",24/05/2026,3665
INV337283,Waste management services,Cleanaway Waste Management Limited (AU),223151.27 AUD,08 July 2025,3556
INV337284,Tree management maintenance services,Citywide Service Solutions P/L,20937.99,2025-04-09,3678
INV337285,Building cleaning services,Menzies Intl (Aust) Pty Ltd,242659.93,2028-04-25,3634
INV337286,Parking technology services,Reino International Pty Ltd T/A Duncan Solutions,97386.96 AUD,13-Jan-2029,3623
INV337287,Vehicle tow away and impound services,Nationwide  Towing  Services,175193.71,28/08/27,3585
INV337288,Waste management services,Cleanaway  Waste  Management  Limited,"$79,526.45",2026-01-14,3556
INV337289,Melbourne Town Hall venue management,Showtime Event Group P/L,"$111,972.46",09-Jun-2029,3670
INV337290,Street cleaning,SPOTLESS FACILITY SERVICES PTY LTD,112869.14,16/11/2028,3669
INV337291,Melbourne Town Hall venue management,Showtime  Event  Group  Pty  Ltd,120234.1 AUD,27/02/2026,3670
INV337292,Integrated security services,National Protbctive Services Pty Ltd,175898.34 AUD,01 November 2026,3686
INV337293,Management of Active Melbourne recreation facilities,Victorian Ymca Community Programming Pty Ltd,188568.05,26/06/12,3615
INV337294,Building cleaning services,MenziesInternational(Aust)PtyLtd,195328.44 AUD,11/08/2025,3634
INV337295,Parking technology services,Reino International Pty Ltd T/A Duncan Solutions,"$128,659.33",31 December 2028,3623
INV337296,Building cleaning services,Menzies International (Aust) Pty Ltd (AU),26235.84,23 March 2028,3634
INV337297,Parking technology services,Reino Intl Pty Ltd T/A Duncan Solutions,"$29,413.05",04/11/2026,3623
INV337298,Civil infrastructure services,Citywide Service Solutions Pty Ltd,173259.48,19-Jul-2028,3665
INV337299,Tree management maintenance services,Citywide Service Solutions Pty Ltd (AUS),146388.49,07 December 2025,3678
INV337300,Building cleaning services,Menzies International (Aust) Pty Ltd,"$232,542.08",27/07/09,3634
INV337301,Open spaces management - region 2,Serco,10380.61,02/05/2025,3677
INV337302,Parking technology services,Reino International Pty Ltd T/A Duncan Solutions (AUS),"$165,641.77",14 August 2026,3623
INV337303,Open spaces management - region 1,Citywide Service Solutions Pty Ltd,"$224,414.17",01 March 2025,3676
INV337304,Management of Active Melbourne recreation facilities,Victorian YMCA Communi,184959.35,05/07/2029,3615
INV337305,Building cleaning services,Menzies International (Aust) P/L,49325.16,24 July 2027,3634
INV337306,Integrated security services,National Protective Services Pty Ltd,102107.37,28-Apr-2025,3686
INV337307,Parking technology services,Reino Int’l Pty Ltd T/A Duncan Solutions,"$237,918.7",12-Jul-2025,3623
INV337308,Open spaces management - region 1,Citywide Service Solutions Pty Ltd (AU),70819.63 AUD,2025-06-08,3676
INV337309,Street cleaning,spotless facility services pty ltd,0.2m,08/11/2026,3669
INV337310,Open spaces management - region 2,SERCO,135727.97,19 April 2027,3677
INV337311,Civil infrastructure services,CITYWIDE SERVICE SOLUTIONS PTY LTD,0.2m,20/03/2026,3665
INV337312,Civil infrastructure services,Citywide Service Solutions P/L,37296.36 AUD,26/10/2027,3665
INV337313,Building cleaning services,Menzies Int’l (Aust) Pty Ltd,88594.55,26 October 2029,3634
INV337314,Vehicle tow away and impound services,Nationwide Towing Services (AUS),185384.06,2028-12-15,3585
INV337315,Civil infrastructure services,Citywide Service ,14232.93,05/04/2029,3665
INV337316,Open spaces management - region 2,SERCO,156283.71,2029-04-23,3677
INV337317,Civil infrastructure services,Citywide,80197.58,25/02/18, 
INV337318,Tree management maintenance services,Citywide,127616.47,2028-02-08,3678
INV337319,Building maintenance services,Programmed Facility Management Pty Ltd,"$72,253.18",07/09/2025,3630
INV337320,Building cleaning services,National Protective Services Pty Ltd (AUS),150493.07 AUD,29/08/21,3686
INV337321,Melbourne Town Hall venue management,Showtime Event Group Pty. Ltd.,"$155,697.02",26/08/27,3670
INV337322,Civil infrastructure services,Citywide Service Solutions Pty Ltd (AU),118682.54 AUD,2027-01-24,3665
INV337323,Building maintenance services,Programmed Facility Management Pty Ltd (AU),129341.45,14-Feb-2026,3630
INV337324,Management of Active Melbourne recreation facilities,victorian ymca community programming pty ltd,0.1m,25/03/31,3615
INV337325,Building maintenance services,ProgrammedFacilityManagementPtyLtd,"$106,109.46",25/10/17,3630
INV337326,Open spaces management - region 1,CitywideServiceSolutionsPtyLtd,0.1m,17/05/2026,3676
INV337327,Management of Active Melbourne recreation facilities,Victorian YMCA Community Programming Pty Ltd,46042.27,29/01/10,3615
INV337328,Management of Active Melbourne recreation facilities,Victorian Ymca Community Programming Pty Ltd,150444.02,2027-07-21,3615
INV337329,Graffiti management and pressure cleaning services,Calcorp  Services  Pty  Ltd,52198.43 AUD,27/10/16,3668
INV337330,Building cleaning services,Menzies International (Aust) Pty Ltd,216074.46 AUD,26/06/12,3634
INV337331,Melbourne Town Hall venue management,Showtime Event Group Pty Ltd (AU),"$115,787.53",14-Jan-2028,3670
INV337332,Vehicle tow away and impound services,Nationwide Towing Services,"$179,333.69",14 May 2025,3585
INV337333,Tree management maintenance services,Citywide Service Solutions Pty Ltd,6785.39,02 November 2028,3678
INV337334,Parking technology services,Reino,0.2m,26/03/10,3623
INV337335,Open spaces management - region 1,Citywide,"$235,331.98",08/01/2028, 
INV337336,Waste management services,SERCO,59278.25,05 November 2025,3677
INV337337,Melbourne Town Hall venue management,Showtime Event Group P/L,0.1m,07/02/2027,3670
INV337338,Open spaces management - region 1,Citywide Service Solutions Pty Ltd,0.2m,27/09/28,3676
INV337339,Parking technology services,REINO INTERNATIONAL PTY LTD T/A DUNCAN SOLUTIONS,33469.97,2027-03-02,3623
INV337340,Building maintenance services,Programmed  Facility  Management  Pty  Ltd,110237.13 AUD,2026-04-10,3630
INV337341,Open spaces management - region 1,Citywide Service Solutions Pty Ltd (AU),"$71,166.22",03 May 2027,3676
INV337342,Integrated security services,National Protectite Services Pty Ltd,122681.53,26/03/12,3686
INV337343,Parking technology services,Reino International Pty Ltd T/A Duncan Solutions (AUS),0.2m,03 June 2028,3623
INV337344,Waste management services,cleanaway waste management limited,76985.35 AUD,17/03/2025,3556
INV337345,Building cleaning services,Menzies International (Aust) Pty Ltd,"$77,811.37",27/03/2026,3634
INV337346,Graffiti management and pressure cleaning services,Calcorp Services Pty. Ltd.,156753.64 AUD,21 September 2027,3668
INV337347,Integrated security services,NationalProtectiveServicesPtyLtd,"$225,754.57",29/06/30,3686
INV337348,Melbourne Town Hall venue management,SHOWTIME EVENT GROUP PTY LTD,"$70,778.14",08 July 2028,3670
INV337349,Civil infrastructure services,Citywide Service Solutions Pty Ltd (AU),"$171,319.83",20 February 2028,3665
INV337350,Open spaces management - region 1,Citywide Service Solutions Pty Ltd,232335.03 AUD,30 April 2027,3676
INV337351,Waste management services,Cleanaway Waste Management Limited,29059.54,18/07/2027,3556
INV337352,Civil infrastructure services,Citywide Service Solutions Pty Ltd (AUS),80095.79,04/12/2027,3665
INV337353,Parking technology services,Reino  International  Pty  Ltd  T/A  Duncan  Solutions,154183.21,17/01/2029,3623
INV337354,Building maintenance services,Programmed FacilitytManagement Pty Ltd,"$89,430.48",2025-06-19,3630
INV337355,Street cleaning,Spotless Facility Services Pty Ltd,245833.05,01 February 2029,3669
INV337356,Civil infrastructure services,Citywide Service Solutions Pty Ltd,0.2m,29/06/2029,3665
INV337357,Graffiti management and pressure cleaning services,Calcorp Serv,0.2m,2029-07-27,3668
INV337358,Parking technology services,ReinoInternationalPtyLtdT/ADuncanSolutions,135824.87,21 February 2028,3623
INV337359,Building cleaning services,Menzies International (Aust) Pty Ltd,212211.32 AUD,18-Dec-2025,3634
INV337360,Open spaces management - region 2,SERCO,"$147,342.92",2027-03-02,3677
INV337361,Parking technology services,reino international pty ltd t/a duncan solutions,0.2m,2027-10-24,3623
INV337362,Graffiti management and pressure cleaning services,calcorp services pty ltd,173549.68 AUD,19-Jul-2029,3668
INV337363,Open spaces management - region 2,SERCO (AUS),81501.14,28-May-2025,3677
INV337364,Building cleaning services,Menzies International (Aust) Pty Ltd (AU),36990.78,2026-10-11,3634
INV337365,Open spaces management - region 2,SERCO,43573.62 AUD,17/07/2029,3677
INV337366,Integrated security services,national protective services pty ltd,0.2m,28/02/2025,3686
INV337367,Civil infrastructure services,Citybide Service Solutions Pty Ltd,"$115,326.08",15 January 2026,3665
INV337368,Waste management services,CLEANAWAY WASTE MANAGEMENT LIMITED,0.0m,06-Apr-2028,3556
INV337369,Management of Active Melbourne recreation facilities,VICTORIAN YMCA COMMUNITY PROGRAMMING PTY LTD,153923.25,13-Jun-2026,3615
INV337370,Parking technology services,Reino International Pty Ltd T/A Dpncan Solutions,"$25,682.27",2028-05-15,3623
INV337371,Building maintenance services,Programmed Facility Managyment Pty Ltd,27246.58 AUD,01 May 2029,3630
INV337372,Waste management services,Cleanaway,0.2m,24-Nov-2025,3556
INV337373,Vehicle tow away and impound services,nationwide towing services,115221.71,26/11/10,3585
INV337374,Open spaces management - region 2,Serco,148432.81 AUD,14/01/2028,3677
INV337375,Street cleaning,Spotless Facility Services Pty Ltd (AU),"$36,712.93",05/11/2028,3669
INV337376,Street cleaning,Spotless Facility Services Pty Ltd (AU),177784.52 AUD,29 August 2029,3669
INV337377,Tree management maintenance services,CitywideServiceSolutionsPtyLtd,"$90,966.1",30-Sep-2025, 
INV337378,Street cleaning,Spotless Facility Services Pty Ltd,8155.89,10/02/2026,3669
INV337379,Tree management maintenance services,Citywide Service Solutions Pty Ltd (AUS),"$12,433.01",26/08/21,3678
INV337380,Tree management maintenance services,Citywide Service ,0.2m,14/05/2025, 
INV337381,Waste management services,Cleanaway Waste M,"$243,317.97",27-Oct-2025,3556
INV337382,Building cleaning services,Menzies Intl (Aust) Pty Ltd,198674.1,06-Feb-2029,3634
INV337383,Tree management maintenance services,citywide service solutions pty ltd,98656.75,2027-10-09,3678
INV337384,Integrated security services,National Protective Services Pty Ltd,0.0m,2026-05-10,3686
INV337385,Parking technology services,Reino,"$207,338.42",03 July 2029,3623
INV337386,Parking technology services,Reino International Pty. Ltd. T/A Duncan Solutions,8451.8,2026-07-11,3623
INV337387,Building maintenance services,Calcorp Services P/L,"$205,289.6",05/07/2025,3668
INV337388,Graffiti management and pressure cleaning services,Calcorp Serv,43032.07 AUD,29/11/09,3668
INV337389,Integrated security services,National Protectiv,0.1m,21-Oct-2027,3686
INV337390,Vehicle tow away and impound services,Nationwide Towing Services (AUS),0.2m,27/01/2029, 
INV337391,Civil infrastructure services,Citywide Service Solutions Pty Ltd (AU),205712.04,2025-07-09,3665
INV337392,Parking technology services,Reino International Pty ,"$39,215.79",21/10/2028,3623
INV337393,Integrated security services,Nationao Protective Services Pty Ltd,133663.24 AUD,2027-03-20,3686
INV337394,Vehicle tow away and impound services,Nationwide To,4334.3 AUD,30/12/2028,3585
INV337395,Vehicle tow away and impound services,nationwide towing services,179638.88,04/07/2027,3585
INV337396,Tree management maintenance services,CITYWIDE SERVICE SOLUTIONS PTY LTD,0.2m,2028-09-11,3678
INV337397,Melbourne Town Hall venue management,Showtime  Event  Group  Pty  Ltd,142190.32 AUD,15 March 2028,3670
INV337398,Waste management services,Cleanaway Waste Management Limited,157786.19,11/03/2026,3556
INV337399,Melbourne Town Hall venue management,calcorp services pty ltd,149420.47,13/02/2027,3668
INV337400,Waste management services,Cleanaway Waste Mgmt Limited,211543.87,03-Nov-2027,3556
INV337401,Building cleaning services,Menzies  International  (Aust)  Pty  Ltd,"$208,161.08",16/05/2025,3634
INV337402,Waste management services,Cleanaway,"$248,126.18",12/10/2027,3556
INV337403,Building cleaning services,Menzies International (Aust) Pty Ltd,166004.53,26/07/2025,3634
INV337404,Civil infrastructure services,Citywide Service Solutions Pty Ltd (AUS),111505.49,04-Oct-2027, 
INV337405,Street cleaning,Spotless,148523.47 AUD,14/07/2029,3669
INV337406,Melbourne Town Hall venue management,Showtime Event Group Pty Ltd (AUS),192503.59,29/03/20,3670
INV337407,Vehicle tow away and impound services,Nationwide Towing Services,0.0m,30/09/2026, 
INV337408,Graffiti management and pressure cleaning services,Calcorp Services Pty Ltd,0.2m,20-Sep-2026,3668
INV337409,Street cleaning,Spotless Facility Services Pty. Ltd.,215024.8 AUD,24 February 2025,3669
INV337410,Management of Active Melbourne recreation facilities,Victorian Ymca Community Programming Pty Ltd,136929.4,,3615
INV337411,Street cleaning,Spotless Facility Services P/L,"$160,088.65",05/06/2026,3669
INV337412,Graffiti management and pressure cleaning services,Calcorp Serv,215594.43,28-Apr-2028,3668
INV337413,Waste management services,Cleanaway Waste Management Limited,"$190,187.91",27/01/2025,3556
INV337414,Building maintenance services,Programmed Facility Management Pty Ltd (AUS),"$189,733.75",05 April 2027,3630
INV337415,Vehicle tow away and impound services,Nationwide Towinr Services,"$36,804.24",07 September 2029,3585
INV337416,Building cleaning services,Menzies International (Aust) Pty Ltd,"$154,199.33",10 July 2026,3634
INV337417,Street cleaning,Spotless Facility Services Pty. Ltd.,98180.34 AUD,25 August 2025,3669
INV337418,Management of Active Melbourne recreation facilities,VICTORIAN YMCA COMMUNITY PROGRAMMING PTY LTD,0.2m,08/08/2028,3615
INV337419,Integrated security services,national protective services pty ltd,0.2m,27/03/2026,3686
INV337420,Integrated security services,Natiogal Protective Services Pty Ltd,"$52,450.6",24/05/2025,3686
INV337421,Melbourne Town Hall venue management,Showtime Event Group Pty Ltd (AU),49895.27 AUD,28/02/10,3670
INV337422,Tree management maintenance services,Citywide,113613.93,30 October 2026,3678
INV337423,Street cleaning,SpotlessFacilityServicesPtyLtd,224460.67,26/02/06,3669
INV337424,Melbourne Town Hall venue management,ShowtimegEvent Group Pty Ltd,"$9,213.89",,3670
INV337425,Tree management maintenance services,Citywide,"$100,065.72",14/03/2029,3678
INV337426,Building maintenance services,Programmed Facility Management tty Ltd,"$8,285.13",2025-10-08,3630
INV337427,Graffiti management and pressure cleaning services,calcorp services pty ltd,0.2m,31/07/2028,3668
INV337428,Street cleaning,Spotless Facility Services Pty Ltd,114426.98 AUD,29/10/06,3669
INV337429,Melbourne Town Hall venue management,Showtime Event Group Pty. Ltd.,155666.86,19/10/2028,3670
INV337430,Graffiti management and pressure cleaning services,Calcorp,0.1m,27/09/26,3668
INV337431,Waste management services,Cleanaway Waste Management Limited (AUS),0.0m,06/07/2027,3556
INV337432,Graffiti management and pressure cleaning services,Calcorp Services Pty. Ltd.,0.0m,2028-03-06, 
INV337433,Tree management maintenance services,CITYWIDE SERVICE SOLUTIONS PTY LTD,0.2m,29/09/2025,3678
INV337434,Integrated security services,National Protectiv,196917.49 AUD,25/03/2026,3686
INV337435,Tree management maintenance services,Citywide,0.0m,16 April 2025,3678
INV337436,Integrated security services,National Protective Services Pty Ltd,0.2m,28/09/2027,3686
INV337437,Open spaces management - region 1,Citywide Service Solutions Pty Ltd,217627.98 AUD,2029-04-13,3676
INV337438,Integrated security services,National  Protective  Services  Pty  Ltd,157543.85,02 May 2027,3686
INV337439,Integrated security services,National Protective Services Pty Ltd (AU),185888.54,06-Nov-2026,3686
INV337440,Vehicle tow away and impound services,Nationwide Towing Services,0.0m,29-Jan-2027,3585
INV337441,Tree management maintenance services,Citywide Service Solutions Pty Ltd,"$167,141.5",25/08/2025,3678
INV337442,Open spaces management - region 2,SERCO,176358.61 AUD,23/11/2026,3677
INV337443,Building maintenance services,Programmed,176625.81,03-Oct-2026,3630
INV337444,Building cleaning services,Menzies International (Aust) Pty. Ltd.,157461.34,07/10/2025,3634
INV337445,Graffiti management and pressure cleaning services,CALCORP SERVICES PTY LTD,198187.98 AUD,03 May 2027,3668
INV337446,Open spaces management - region 1,Citywide Service Solutions P/L,"$12,546.14",2029-08-19,3676
INV337447,Waste management services,Cleanaway Waste Management LTD,0.1m,19/04/2027,3556
INV337448,Street cleaning,SpotlessFacilityServicesPtyLtd,"$29,772.96",10-Sep-2026,3669
INV337449,Street cleaning,Spotless Facility Services Pty Ltd (AUS),58280.13,2029-02-11,3669
INV337450,Parking technology services,Reino International Pty Ltd T/A Duncan Solutions,165484.65 AUD,29-Jan-2026,3623
INV337451,Melbourne Town Hall venue management,Showtime Event Group Pty. Ltd.,236728.99 AUD,2029-09-23,3670
INV337452,Vehicle tow away and impound services,Nationwide To,69565.97 AUD,26-Sep-2025,3585
INV337453,Tree management maintenance services,Citywide Smrvice Solutions Pty Ltd,"$151,904.58",27/03/06,3678
INV337454,Parking technology services,Reino International Pty. Ltd. T/A Duncan Solutions,83131.76,21/11/2029,3623
INV337455,Melbourne Town Hall venue management,Showtime Event Group Pty Ltd (AU),107288.55 AUD,2027-08-12,3670
INV337456,Integrated security services,National Protective Services Pty Ltd,0.2m,27 August 2027,3686
INV337457,Graffiti management and pressure cleaning services,calcorp services pty ltd,0.0m,27/07/2025,3668
INV337458,Melbourne Town Hall venue management,showtime event group pty ltd,"$213,655.22",2027-04-03,3670
INV337459,Management of Active Melbourne recreation facilities,Victorian YMCA Community Programming P/L,"$127,284.33",04/03/2026,3615
INV337460,Tree management maintenance services,Citywide Service Solutions Pty Ltd (AUS),"$239,424.91",19/08/2026,3678
INV337461,Graffiti management and pressure cleaning services,Calcorp Services Pty Ltd (AU),248893.73,28/09/19,3668
INV337462,Melbourne Town Hall venue management,Showtime,170130.73,25-Mar-2025,3670
INV337463,Graffiti management and pressure cleaning services,Calcorp Services P/L,81003.22,2028-09-09, 
INV337464,Parking technology services,Reino International Pty Ltd T/A Duncan Solutions (AU),96478.65,04 January 2026,3623
INV337465,Integrated security services,NationalProtectiveServicesPtyLtd,114985.55,14 May 2027,3686
INV337466,Street cleaning,Spotless Facility Services Pty. Ltd.,143840.68,12/09/2026,3669
INV337467,Waste management services,Cleanaway Waste Management Limited,228963.89 AUD,10-Jun-2029,3556
INV337468,Tree management maintenance services,Citywide,213104.59,18 May 2027,3678
INV337469,Management of Active Melbourne recreation facilities,Victorian YMCA Community Programming Pty Ltd,188398.73 AUD,14 August 2027,3615
INV337470,Graffiti management and pressure cleaning services,Calcorp Services Pty Ltd (AU),154597.42,2028-10-10,3668
INV337471,Graffiti management and pressure cleaning services,Calcorp Services Pty Ltd,"$184,059.5",11 April 2029,3668
INV337472,Street cleaning,SPOTLESS FACILITY SERVICES PTY LTD,61877.88,26/03/2028,3669
INV337473,Parking technology services,Reino International Pty Ltd T/A Duncan Solutions,234663.12 AUD,17 December 2027,3623
INV337474,Tree management maintenance services,CITYWIDE SERVICE SOLUTIONS PTY LTD,"$29,227.26",03-Mar-2028,3678
INV337475,Building cleaning services,Menzies Internationalc(Aust) Pty Ltd,176591.07 AUD,29/08/26,3634
INV337476,Melbourne Town Hall venue management,ShowtimeEventGroupPtyLtd,0.0m,26/02/11,3670
INV337477,Tree management maintenance services,Citywide,0.0m,04/10/2027,3678
INV337478,Integrated security services,national protective services pty ltd,134074.16,30 July 2025,3686
INV337479,Open spaces management - region 2,SERCO (AU),35776.05,2026-01-02,3677
INV337480,Vehicle tow away and impound services,Nationwide Towing Services,151923.93,22/10/2029,3585
INV337481,Open spaces management - region 1,Citywide Service Solutions Pty Ltd,108036.46 AUD,21/05/2029,3676
INV337482,Street cleaning,Spotless Facility Services Pty. Ltd.,"$115,974.27",17 December 2027,3669
INV337483,Building maintenance services,Programmed Facility,75754.24 AUD,20/05/2028,3630
INV337484,Graffiti management and pressure cleaning services,Nationwide  Towing  Services,13036.34,2029-12-03,3585
INV337485,Open spaces management - region 1,citywide service solutions pty ltd,71266.22,11-Oct-2026,3676
INV337486,Management of Active Melbourne recreation facilities,Victorian YMCA Community Programming Pty Ltd,0.1m,19/10/2026,3615
INV337487,Parking technology services,ReinoInternationalPtyLtdT/ADuncanSolutions,199932.58 AUD,25/02/17, 
INV337488,Street cleaning,Spotless Facility Services Pty. Ltd.,124699.19,19/12/2027,3669
INV337489,Melbourne Town Hall venue management,Showtime Event Group P/L,"$87,700.71",08-Aug-2027,3670
INV337490,Management of Active Melbourne recreation facilities,Victorian,119632.32,31-Jan-2029,3615
INV337491,Waste management services,Cleanaway Waste Management Limited,"$6,991.44",02/02/2025,3556
INV337492,Integrated security services,National Protective Services Pty Lvd,114999.06,03-Jul-2026,3686
INV337493,Graffiti management and pressure cleaning services,Calcorp Services Pty Ltd,"$46,713.46",28/06/13,3668
INV337494,Tree management maintenance services,Citywide Service Solutions Pty Ltd,0.1m,10/12/2029,3678
INV337495,Open spaces management - region 1,Citywide,29590.73,08/04/2028,3676
INV337496,Melbourne Town Hall venue management,Showtime Event Group Pty. Ltd.,205826.22 AUD,14/09/2029,3670
INV337497,Open spaces management - region 1,Citywide Service ,247396.19,22 December 2028,3676
INV337498,Open spaces management - region 1,CITYWIDE SERVICE SOLUTIONS PTY LTD,247984.78 AUD,23/09/2025,3676
INV337499,Vehicle tow away and impound services,Nationwide Towing Services (AUS),35530.29,2026-07-26,3585
INV337500,Street cleaning,Spotless Facility Services Pty Ltd (AUS),168299.45 AUD,04 March 2028,3669
INV337501,Open spaces management - region 2,SERCO (AUS),68152.34 AUD,26/01/01,3677
INV337502,Integrated security services,Natiomal Protective Services Pty Ltd,"$169,239.79",20/06/2028,3686
INV337503,Graffiti management and pressure cleaning services,Calcorp Services Pty. Ltd.,0.2m,26 September 2028,3668
INV337504,Tree management maintenance services,citywide service solutions pty ltd,0.1m,16-May-2028,3678
INV337505,Parking technology services,Reino International P/L T/A Duncan Solutions,202178.65 AUD,29/06/2026,3623
INV337506,Management of Active Melbourne recreation facilities,Victorian YMCA Community Programming P/L,"$148,114.22",24/02/2025,3615
INV337507,Melbourne Town Hall venue management,showtime event group pty ltd,160764.52 AUD,2026-05-10,3670
INV337508,Waste management services,Cleanaway Waste Management Limited (AU),0.2m,23 May 2026,3556
INV337509,Integrated security services,National Protective Services Pty. Ltd.,59189.71,08 August 2025,3686
INV337510,Building maintenance services,Programmed Facility Management Pty. Ltd.,223972.75,22-Jul-2029,3630
INV337511,Integrated security services,NATIONAL PROTECTIVE SERVICES PTY LTD,109205.05,2029-01-27,3686
INV337512,Tree management maintenance services,Citywide Service Solutions Pty Ltd (AU),225568.36 AUD,08-Jun-2029,3678
INV337513,Civil infrastructure services,Citywide,178053.08,29/07/21,3665
INV337514,Integrated security services,National Protective Services Pty Ltd (AU),0.1m,25/08/22,3686
INV337515,Building cleaning services,Menzies Internatio,58667.01,15-Apr-2029,3634
INV337516,Waste management services,Cleanaway  Waste  Management  Limited,0.2m,20/12/2027,3556
INV337517,Tree management maintenance services,Citywide Service ,111755.03 AUD,04/12/2028,3678
INV337518,Tree management maintenance services,Citywide  Service  Solutions  Pty  Ltd,0.2m,29 March 2029,3678
INV337519,Waste management services,cleanaway waste management limited,"$160,630.85",15-Sep-2026,3556
INV337520,Building cleaning services,Menzies  International  (Aust)  Pty  Ltd,98256.85,2028-08-28,3634
INV337521,Building maintenance services,Programmed Facility Management Pty Ltd,174832.69,10 September 2027,3630
INV337522,Management of Active Melbourne recreation facilities,Victorian,18360.96,12 July 2027,3615
INV337523,Parking technology services,Reino International Pty Ltd T/A Duncan Solutions,81208.33,2025-12-27,3623
INV337524,Graffiti management and pressure cleaning services,Calcorp Services Pty Ltd (AUS),0.1m,01/07/2028,3668
INV337525,Integrated security services,National Prooective Services Pty Ltd,12184.49,15 December 2028,3686
INV337526,Melbourne Town Hall venue management,Showtime Event Group Pty Ltd,"$3,756.78",2025-10-19,3670
INV337527,Waste management services,cleanaway waste management limited,68848.08,03-Aug-2025,3556
INV337528,Open spaces management - region 2,SERCO,34628.2 AUD,01/01/2025,3677
INV337529,Graffiti management and pressure cleaning services,Calcorp Serv,"$76,994.79",10-Aug-2025,3668
INV337530,Civil infrastructure services,Showtime  Event  Group  Pty  Ltd,"$94,608.52",2026-10-31,3670
INV337531,Tree management maintenance services,Citywide  Service  Solutions  Pty  Ltd,0.1m,20/02/2026,3678
INV337532,Civil infrastructure services,Citywide Service ,124988.47,2027-03-15, 
INV337533,Civil infrastructure services,Citywide Service Solutions Pty Ltd,171459.51,23 July 2029,3665
INV337534,Open spaces management - region 2,SERCO,0.2m,2027-05-28,3677
INV337535,Vehicle tow away and impound services,Nationwide Towing Services (AU),,28/09/16,3585
INV337536,Waste management services,Cleanaway Waste Management Limited (AUS),0.1m,01/12/2028,3556
INV337537,Waste management services,CLEANAWAY WASTE MANAGEMENT LIMITED,37411.43 AUD,2025-06-24,3556
INV337538,Open spaces management - region 1,Citywide Service Solutions Pty Ltd,0.1m,29/11/30,3676
INV337539,Melbourne Town Hall venue management,Showtime Event Group Pty Ltd,"$169,450.72",26-Jul-2025,3670
INV337540,Management of Active Melbourne recreation facilities,Victorian YMCA Community Programming Pty Ltd (AUS),0.2m,29-Oct-2025,3615
INV337541,Street cleaning,Spotless Facility Services P/L,75005.11,03 November 2026,3669
INV337542,Street cleaning,Spotless Facility Services Pty Ltd,158312.14,03 April 2025,3669
INV337543,Open spaces management - region 1,citywide service solutions pty ltd,"$207,563.26",28/04/12,3676
INV337544,Tree management maintenance services,Citywide  Service  Solutions  Pty  Ltd,0.2m,2025-05-24,3678
INV337545,Integrated security services,CitywideServiceSolutionsPtyLtd,"$176,071.86",26/05/29,3665
INV337546,Vehicle tow away and impound services,Nationwide  Towing  Services,138175.18,28/02/2026, 
INV337547,Street cleaning,Spotless oacility Services Pty Ltd,146564.98 AUD,19/10/2029,3669
INV337548,Waste management services,Cleanaway Waste Management Limitem,"$207,633.77",28/02/2029,3556
INV337549,Graffiti management and pressure cleaning services,Spotless Facility Services Pty Ltd (AU),59543.87,22 December 2028,3669
INV337550,Waste management services,Cleanaway Waste Management Ltd,0.2m,04/07/2025,3556
INV337551,Management of Active Melbourne recreation facilities,Victorian YMCA Community Programming P/L,"$2,799.23",19/09/2025,3615
INV337552,Vehicle tow away and impound services,Nationwidn Towing Services,0.2m,20 March 2026,3585
INV337553,Open spaces management - region 2,SERCO,0.0m,27/02/11,3677
INV337554,Building cleaning services,MENZIES INTERNATIONAL (AUST) PTY LTD,79453.27,11/04/2026,3634
INV337555,Civil infrastructure services,CITYWIDE SERVICE SOLUTIONS PTY LTD,0.0m,09 June 2028,3665
INV337556,Management of Active Melbourne recreation facilities,VictorianYMCACommunityProgrammingPtyLtd,157378.31,02 January 2027,3615
INV337557,Graffiti management and pressure cleaning services,CalcorpServicesPtyLtd,"$171,181.03",28 November 2025, 
INV337558,Graffiti management and pressure cleaning services,calcorp services pty ltd,190789.67,13 July 2028,3668
INV337559,Open spaces management - region 1,Citywide Service folutions Pty Ltd,139505.44,25/06/19,3676
INV337560,Open spaces management - region 1,citywide service solutions pty ltd,200666.49,15-Jan-2029,3676
INV337561,Parking technology services,Reino International Pty Ltd T/A Duncan Solutions (AUS),"$40,916.57",2028-06-07,3623
INV337562,Vehicle tow away and impound services,Citywide,"$172,063.66",2028-09-22,3665
INV337563,Waste management services,Cleanaway Waste Management LTD,"$47,807.76",12-Apr-2028,3556
INV337564,Open spaces management - region 1,Citywide,"$97,654.77",2026-01-21,3676
INV337565,Building cleaning services,Menzies International (Aust) Pty Ltd (AUS),48871.84,29 October 2029,3634
INV337566,Building maintenance services,Programmed Facility,0.1m,11/12/2029,3630
INV337567,Management of Active Melbourne recreation facilities,Victorian YMCA Community Programming Pty Ltd (AU),"$96,124.12",29/12/2025,3615
INV337568,Building cleaning services,Menzies International (Aust) Pty Ltd,218017.03,29/10/17,3634
INV337569,Street cleaning,spotless facility services pty ltd,143084.39,04/05/2026,3669
INV337570,Street cleaning,Spotless Facility Services Pty Ltd (AUS),,27 March 2029,3669
INV337571,Tree management maintenance services,Spotless Facility Services Pty Ltd (AU),77825.26 AUD,21-Sep-2026,3669
INV337572,Melbourne Town Hall venue management,Showtime Event Group Pty Ltd (AUS),177155.23 AUD,04/12/2025,3670
INV337573,Integrated security services,National,204229.54,2025-10-10,3686
INV337574,Parking technology services,Reino International Pty ,"$118,293.75",2027-08-31, 
INV337575,Integrated security services,NATIONAL PROTECTIVE SERVICES PTY LTD,0.2m,2027-10-03,3686
INV337576,Street cleaning,Spotless Facility Services P/L,217178.1,26/05/11,3669
INV337577,Tree management maintenance services,Citywide Service Solutions Pty Lvd,42876.5,17/10/2025,3678
INV337578,Street cleaning,Spotless Facility Services Pty Ltd,0.2m,2027-01-12,3669
INV337579,Open spaces management - region 2,SERCO (AUS),0.0m,12/03/2025,3677
INV337580,Graffiti management and pressure cleaning services,Calcorp Services Pty. Ltd.,99688.96,2027-01-21, 
INV337581,Building cleaning services,SERCO,0.1m,28/08/11,3677
INV337582,Management of Active Melbourne recreation facilities,Victorian YMCA Community Programming Pty Ltd (AU),136556.38 AUD,08-Jan-2026,3615
INV337583,Parking technology services,Reino International Pty Ltd T/A Duncan Solutions,60447.87,03/11/2027,3623
INV337584,Integrated security services,National Protective Servicel Pty Ltd,237643.57 AUD,2028-02-27,3686
INV337585,Open spaces management - region 1,Citywide  Service  Solutions  Pty  Ltd,47884.46,15/12/2025,3676
INV337586,Waste management services,Cleanaway Waste Management Limited (AUS),175868.44 AUD,17/05/2025,3556
INV337587,Tree management maintenance services,CitywideServiceSolutionsPtyLtd,180425.3,2029-07-22,3678
INV337588,Street cleaning,Spotless Facility Services Pty Ltd (AUS),243100.26,01-Sep-2029,3669
INV337589,Open spaces management - region 1,Citywide Service Solutions P/L,0.2m,27/08/02,3676
INV337590,Waste management services,Cleanaway Waste Management Limited (AU),"$114,065.46",28/12/19,3556
INV337591,Parking technology services,reino international pty ltd t/a duncan solutions,157292.0,09 July 2028,3623
INV337592,Tree management maintenance services,Citywide Service ,0.1m,29/07/2029,3678
INV337593,Building cleaning services,Spotless,0.2m,2028-03-15, 
INV337594,Parking technology services,Reino International Pty Ltd T/A Duncan Solutions (AUS),"$106,379.63",20/04/2029,3623
INV337595,Open spaces management - region 2,serco,195289.68 AUD,06 July 2028,3677
INV337596,Graffiti management and pressure cleaning services,Calcorp Serv,35073.85,2028-02-15,3668
INV337597,Building cleaning services,Menzies International (Aust) Pty Ltd,122245.31,09/05/2029, 
INV337598,Street cleaning,SPOTLESS FACILITY SERVICES PTY LTD,77924.15,10-Dec-2028,3669
INV337599,Tree management maintenance services,Citywide Service Solutions Pty Ltd,0.2m,04/11/2028,3678
INV337600,Management of Active Melbourne recreation facilities,Victorian YMCA Community Programming Pty Ltd,131048.77,26/10/13,3615
INV337601,Melbourne Town Hall venue management,SHOWTIME EVENT GROUP PTY LTD,216396.8,01 July 2025,3670
INV337602,Melbourne Town Hall venue management,Showtime Event Group Pty Ltd (AU),"$186,224.64",21-Dec-2027,3670
INV337603,Open spaces management - region 1,Citywide Service Solutions jty Ltd,32983.78,03 January 2028, 
INV337604,Waste management services,Cleanaway Waste Management Ltd,179039.29 AUD,13/02/2027,3556
INV337605,Tree management maintenance services,Citywide Service Solutions Pty Lgd,0.2m,26/02/14,3678
INV337606,Building cleaning services,serco,"$73,456.1",01-Sep-2029,3677
INV337607,Vehicle tow away and impound services,Nationwide Towing Services,91524.54 AUD,14 August 2025,3585
INV337608,Tree management maintenance services,Citywide Service Solutions Pty Ltd,0.2m,26/03/2025, 
INV337609,Management of Active Melbourne recreation facilities,VICTORIAN YMCA COMMUNITY PROGRAMMING PTY LTD,229065.34 AUD,2028-06-30,3615
INV337610,Parking technology services,Reino Intl Pty Ltd T/A Duncan Solutions,0.1m,19-Apr-2028,3623
INV337611,Vehicle tow away and impound services,Nationwide Towing Services,0.2m,10/06/2027,3585
INV337612,Integrated security services,National Protective Services Pty Ltd,"$24,125.37",,3686
INV337613,Tree management maintenance services,Citywide Service Solutions Pty Ltd (AUS),0.2m,2029-01-01,3678
INV337614,Building maintenance services,PROGRAMMED FACILITY MANAGEMENT PTY LTD,227514.03,22-Jan-2025,3630
INV337615,Waste management services,cleanaway waste management limited,68733.88,25/08/30,3556
INV337616,Waste management services,Cleanaway Waste Mgmt Limited,116634.02,20/10/2026,3556
INV337617,Integrated security services,National Protectiv,129030.05,23/11/2028,3686
INV337618,Vehicle tow away and impound services,NationwideTowingServices,"$196,936.49",13-Dec-2027,3585
INV337619,Waste management services,Cleanaway,239550.4 AUD,01/04/2029,3556
INV337620,Management of Active Melbourne recreation facilities,Victorian YMCA Community Programming P/L,0.2m,28/09/16,3615
INV337621,Graffiti management and pressure cleaning services,calcorp services pty ltd,0.1m,2028-10-10,3668
INV337622,Civil infrastructure services,Citywide Service Solutions Pty Ltd,0.2m,26/10/2029,3665
INV337623,Civil infrastructure services,Citywide,"$211,145.92",02/05/2026,3665
INV337624,Integrated security services,National Protective Services P/L,159642.16,29/11/2027, 
INV337625,Integrated security services,National Protective Services Pty Ltd,97122.89 AUD,15/02/2026,3686
INV337626,Graffiti management and pressure cleaning services,Calcorp Services Pty Ltd,237155.1 AUD,13/12/2029,3668
INV337627,Vehicle tow away and impound services,Nationwide Towing Services,41680.72,29/02/24,3585
INV337628,Parking technology services,Reino International Pty Ltd T/A Duncan Solutions (AUS),50165.26,28/04/07,3623
INV337629,Tree management maintenance services,Citywide Service Solutions Pty Ltd,157323.92 AUD,05/03/2025, 
INV337630,Open spaces management - region 1,Citywide  Service  Solutions  Pty  Ltd,168160.7,21 April 2026,3676
INV337631,Building cleaning services,Menzies Internationfl (Aust) Pty Ltd,178455.31,07-Jul-2028,3634
INV337632,Open spaces management - region 1,citywide service solutions pty ltd,"$103,759.62",23/04/2029,3676
INV337633,Parking technology services,REINO INTERNATIONAL PTY LTD T/A DUNCAN SOLUTIONS,"$173,879.23",25/09/09,3623
INV337634,Street cleaning,spotless facility services pty ltd,0.0m,2027-03-23,3669
INV337635,Building cleaning services,MenziesInternational(Aust)PtyLtd,158705.66,03/09/2027,3634
INV337636,Integrated security services,Calcorp Services Pty. Ltd.,27924.84,27/12/02,3668
INV337637,Open spaces management - region 2,serco,40437.87,28/11/21,3677
INV337638,Tree management maintenance services,Citywide Serdice Solutions Pty Ltd,24188.17,16-May-2027,3678
INV337639,Melbourne Town Hall venue management,Showtime Event,101038.06,28/08/2025,3670
INV337640,Integrated security services,NationalProtectiveServicesPtyLtd,"$102,240.98",10/10/2025,3686
INV337641,Waste management services,CLEANAWAY WASTE MANAGEMENT LIMITED,"$22,539.74",26/03/26,3556
INV337642,Street cleaning,Calcorp Serv,39500.98,28-Jul-2027,3668
INV337643,Street cleaning,Spotless Facility Services Pty Ltd,"$115,495.82",26/11/03,3669
INV337644,Open spaces management - region 1,citywide service solutions pty ltd,"$199,664.56",28/11/06,3676
INV337645,Street cleaning,Citywide ServiceiSolutions Pty Ltd,47239.12 AUD,2025-08-24,3676
INV337646,Civil infrastructure services,Citywide Service Solutions Pty Ltd,248945.5 AUD,2028-12-30,3665
INV337647,Street cleaning,Spotless Facility,0.2m,15-Jul-2029,3669
INV337648,Open spaces management - region 2,SbRCO,169500.12,2028-06-17,3677
INV337649,Street cleaning,Spotless Facility,0.0m,23/11/2029,3669
INV337650,Building maintenance services,programmed facility management pty ltd,0.2m,11/08/2028,3630
INV337651,Civil infrastructure services,Citywide Service Solutions Pty Ltd,42059.14 AUD,2025-10-15,3665
INV337652,Open spaces management - region 2,Serco,,10/02/2029,3677
INV337653,Open spaces management - region 1,Citywide,0.1m,28/10/2025,3676
INV337654,Tree management maintenance services,Citywide  Service  Solutions  Pty  Ltd,92576.97 AUD,12/04/2028,3678
INV337655,Management of Active Melbourne recreation facilities,Victorian YMCA Community Programming Pty Ltd (AUS),90496.36,29/05/2027,3615
INV337656,Civil infrastructure services,CITYWIDE SERVICE SOLUTIONS PTY LTD,84822.17,19/05/2029,3665
INV337657,Open spaces management - region 1,ritywide Service Solutions Pty Ltd,0.1m,13-May-2027,3676
INV337658,Management of Active Melbourne recreation facilities,victorian ymca community programming pty ltd,45421.42 AUD,19/04/2025,3615
INV337659,Open spaces management - region 1,citywide service solutions pty ltd,21629.98,2027-08-18,3676
INV337660,Vehicle tow away and impound services,Nationwide Towing Services,76354.8,05/12/2025,3585
INV337661,Vehicle tow away and impound services,Nationwide Towing Services,88465.42,13 July 2025,3585
INV337662,Open spaces management - region 2,SERyO,"$43,524.42",15-Apr-2025,3677
INV337663,Open spaces management - region 2,SERCO,59407.69,06/06/2027,3677
INV337664,Street cleaning,Spotless Facility Services Pty Ltd,"$181,230.86",28/07/11,3669
INV337665,Management of Active Melbourne recreation facilities,Victorian,247854.72,26 July 2027,3615
INV337666,Street cleaning,Spotless Facility Services Pty Ltd (AU),46550.82,25/05/20,3669
INV337667,Melbourne Town Hall venue management,Showtime Event Group Pty Ltd,7405.43,29 July 2025,3670
INV337668,Graffiti management and pressure cleaning services,Calcorp,135374.61 AUD,2028-11-11,3668
INV337669,Vehicle tow away and impound services,Nationwide  Towing  Services,"$235,319.92",01/07/2025,3585
INV337670,Civil infrastructure services,Citywide Service Solutions Pty Ltd (AUS),177512.07 AUD,2029-10-08,3665
INV337671,Waste management services,cleanaway waste management limited,161063.93,15/07/2025,3556
INV337672,Parking technology services,Reino International Pty Ltd T/A Duncan Solutions,69306.59,08 April 2026,3623
INV337673,Vehicle tow away and impound services,Nationwide Towing Services,"$67,801.81",31-Jan-2029,3585
INV337674,Civil infrastructure services,Citywide Service ,117586.05,2028-02-16,3665
INV337675,Waste management services,Cleanaway Waste Management Limited,"$167,359.7",25/07/18,3556
INV337676,Open spaces management - region 2,SERCO,"$133,211.08",2025-06-30,3677
INV337677,Vehicle tow away and impound services,Nationwide Towing Services (AUS),111097.24,31/03/2025,3585
INV337678,Waste management services,cleanaway waste management limited,88490.65,24-Mar-2025,3556
INV337679,Parking technology services,Reino International Pty Ltd T/A Duncan Solutions,0.1m,22-Apr-2028,3623
INV337680,Tree management maintenance services,Citywide Service ,211094.74,26-Jan-2028,3678
INV337681,Parking technology services,showtime event group pty ltd,0.2m,26/04/28,3670
INV337682,Civil infrastructure services,Citywide Service Solutions Pty. Ltd.,0.2m,29 September 2026,3665
INV337683,Tree management maintenance services,Citywide Service ,0.1m,02 April 2025,3678
INV337684,Waste management services,Clecnaway Waste Management Limited,"$63,845.98",31 December 2028,3556
INV337685,Vehicle tow away and impound services,Nationwide Towing Services,120533.67,06/02/2029,3585
INV337686,Street cleaning,Spotless Facility Services Pty Ltd,180790.56 AUD,08/05/2027, 
INV337687,Tree management maintenance services,Citywide Service Solutions Pty. Ltd.,"$69,823.26",03 June 2027,3678
INV337688,Tree management maintenance services,Citywide Service Solutions P/L,207328.04 AUD,27/08/2026,3678
INV337689,Open spaces management - region 2,qERCO,65607.93,21/02/2027,3677
INV337690,Integrated security services,National Protectiv,31421.48,18/03/2026,3686
INV337691,Street cleaning,Spotless Facility Services Pty. Ltd.,218427.32,08 December 2028,3669
INV337692,Open spaces management - region 1,Citywide Service Solutions Pty Ltd (AUS),29252.23,17 August 2025,3676
INV337693,Building cleaning services,Menzies International (Aust) Pty Ltd (AUS),16917.12,22 February 2029,3634
INV337694,Street cleaning,SpotlessFacilityServicesPtyLtd,0.1m,15/08/2029,3669
INV337695,Tree management maintenance services,Citywide Service Solutions Pty Ltd,0.1m,06/12/2029,3678
INV337696,Building cleaning services,Menzies International (Aust) Pty. Ltd.,228230.25,12/07/2028,3634
INV337697,Street cleaning,Spotless Facility Services Pty. Ltd.,"$70,763.66",2026-03-26,3669
INV337698,Open spaces management - region 2,SERCO (AU),216604.9 AUD,24/09/2026,3677
INV337699,Open spaces management - region 1,CITYWIDE SERVICE SOLUTIONS PTY LTD,97218.49 AUD,17-Sep-2026,3676
INV337700,Melbourne Town Hall venue management,Showtime Event Group Pty Ltd,223065.52,30/04/2027,3670
INV337701,Melbourne Town Hall venue management,Showtime Event Group Pty Ltd (AUS),125496.32,09/05/2026,3670
INV337702,Waste management services,Cleanaway Waste Management Limited (AUS),0.2m,2025-06-12,3556
INV337703,Parking technology services,Reino International Pty Ltd T/A Duncan Solutions,44799.97 AUD,09 September 2025,3623
INV337704,Waste management services,Cleanaway Waste Management Limited,25969.45,01 October 2029,3556
INV337705,Tree management maintenance services,Citywide  Service  Solutions  Pty  Ltd,"$80,071.42",22/07/2028,3678
INV337706,Integrated security services,NATIONAL PROTECTIVE SERVICES PTY LTD,0.1m,26-May-2025,3686
INV337707,Parking technology services,Reino International Pty. Ltd. T/A Duncan Solutions,139814.57,15 May 2025,3623
INV337708,Vehicle tow away and impound services,Nationwide Towing Services,212809.02,29/05/2027,3585
INV337709,Parking technology services,Reino International Pty ,210729.22,2029-11-07, 
INV337710,Building cleaning services,Menzies,133502.86,28/06/21,3634
INV337711,Civil infrastructure services,Citywide Service Solutions Pty Ltd,0.1m,2027-04-14,3665
INV337712,Tree management maintenance services,Citywide Service Solutions Pty Ltd,170844.48,19-Sep-2028,3678
INV337713,Melbourne Town Hall venue management,SHOWTIME EVENT GROUP PTY LTD,"$130,227.36",11/03/2025,3670
INV337714,Waste management services,CleanawayWasteManagementLimited,0.2m,30-Aug-2029,3556
INV337715,Building maintenance services,ProgrammedFacilityManagementPtyLtd,42492.12,2029-09-10,3630
INV337716,Street cleaning,Spotless Facility Services P/L,216396.34 AUD,09-Apr-2025,3669
INV337717,Building cleaning services,Menzies International (Aust) P/L,189415.0,2026-04-30,3634
INV337718,Management of Active Melbourne recreation facilities,Victorian Ymca Community Programming Pty Ltd,234707.12,2027-03-13,3615
INV337719,Waste management services,Cleanaway Waste Management LTD,200044.95,2026-04-19,3556
INV337720,Management of Active Melbourne recreation facilities,Victorian YMCA Community Programming P/L,96851.26,2027-05-01,3615
INV337721,Melbourne Town Hall venue management,Showtime Event Group Pty. Ltd.,86977.31,25/11/02,3670
INV337722,Vehicle tow away and impound services,CleanawayWasteManagementLimited,"$28,106.55",28/01/2029, 
INV337723,Building maintenance services,Programmed Facility Management P/L,97127.85,26/07/19,3630
INV337724,Building cleaning services,menzies international (aust) pty ltd,0.2m,07 July 2026,3634
INV337725,Open spaces management - region 1,Citywide Service Solutions Pty Ltd,196273.08 AUD,15/12/2027,3676
INV337726,Parking technology services,Reino Int’l Pty Ltd T/A Duncan Solutions,4577.52,02-Jul-2029,3623
INV337727,Integrated security services,National Protective Services P/L,216563.41,19-Oct-2028,3686
INV337728,Management of Active Melbourne recreation facilities,Victorian YMCA Community Programming Pty. Ltd.,233751.5,26/07/07,3615
INV337729,Civil infrastructure services,Citywide Service Solutions Pty Ltd,110999.04 AUD,2026-02-06,3665
INV337730,Management of Active Melbourne recreation facilities,Victorian YMCA Community Programming Pty Ltd,150362.48,26/07/20, 
INV337731,Open spaces management - region 1,CitywideServiceSolutionsPtyLtd,"$205,084.87",09-May-2026,3676
INV337732,Open spaces management - region 1,Citywide Service Solutions Pty Ltd,35579.63,28/07/22,3676
INV337733,Parking technology services,Reino Internztional Pty Ltd T/A Duncan Solutions,"$60,702.56",2027-08-30, 
INV337734,Open spaces management - region 1,Citywide Skrvice Solutions Pty Ltd,"$161,778.71",21-Dec-2027,3676
INV337735,Tree management maintenance services,Citywide,1626.95 AUD,09-Aug-2029,3678
INV337736,Tree management maintenance services,CITYWIDE SERVICE SOLUTIONS PTY LTD,235198.31,08/08/2025,3678
INV337737,Management of Active Melbourne recreation facilities,Victorian YMCA Community Programming Pty Ltd,124397.36,25/07/11,3615
INV337738,Melbourne Town Hall venue management,serco,232028.86,06/02/2025,3677
INV337739,Street cleaning,Spotless Facility Services Pty Ltd (AUS),77205.85,07-Jun-2028,3669
INV337740,Street cleaning,Spotless Facility Services Pty mtd,110654.95 AUD,26/11/27,3669
INV337741,Management of Active Melbourne recreation facilities,Victorian YMCA Community Programming Pty Ltd,"$24,720.25",14 January 2025, 
INV337742,Management of Active Melbourne recreation facilities,Victorian YMsA Community Programming Pty Ltd,0.0m,11/11/2027,3615
INV337743,Open spaces management - region 1,Citywide Service Solutions P/L,107128.37,16 April 2025,3676
INV337744,Vehicle tow away and impound services,Nationwide Towing Services (AU),71532.47,29/08/05,3585
INV337745,Parking technology services,Reino International Pty ,184765.9,24/06/2026,3623
INV337746,Open spaces management - region 1,Citywide Service Solutions Pty Ltd (AU),0.0m,15/03/2025,3676
INV337747,Vehicle tow away and impound services,Nationwide To,"$192,005.08",27/02/2028,3585
INV337748,Graffiti management and pressure cleaning services,Calcorp Services Pty Ltd,0.1m,11/05/2027,3668
INV337749,Open spaces management - region 1,Citywide Service Solutions Pty. Ltd.,0.1m,2027-04-07,3676
INV337750,Waste management services,National Protective Services Pty Ltd,196078.19,2029-12-14,3686
INV337751,Civil infrastructure services,Citywide Service ,158410.63 AUD,02-Nov-2026,3665
INV337752,Vehicle tow away and impound services,Nationwiee Towing Services,"$97,119.69",03/01/2029,3585
INV337753,Building cleaning services,Menzies Internatkonal (Aust) Pty Ltd,"$61,841.45",2028-06-06,3634
INV337754,Civil infrastructure services,Citywide Service Solutions Pty Ltd,145966.36,27/02/17,3665
INV337755,Civil infrastructure services,Citywide Service Solutions Pty Ltd (AU),81728.83,29/05/2027,3665
INV337756,Graffiti management and pressure cleaning services,CALCORP SERVICES PTY LTD,"$21,412.83",22 June 2025,3668
INV337757,Tree management maintenance services,Citywide Service Solutions P/L,11682.85,10 June 2025,3678
INV337758,Vehicle tow away and impound services,Nationwide,45099.14 AUD,04 November 2027,3585
INV337759,Open spaces management - region 1,CITYWIDE SERVICE SOLUTIONS PTY LTD,117783.71 AUD,2026-09-05,3676
INV337760,Graffiti management and pressure cleaning services,Calcorp Services Pty. Ltd.,149435.52,17/07/2025,3668
INV337761,Tree management maintenance services,Citywide,0.2m,01/02/2028,3678
INV337762,Civil infrastructure services,CITYWIDE SERVICE SOLUTIONS PTY LTD,0.1m,27/01/25,3665
INV337763,Building maintenance services,Programmed,0.2m,16 March 2029,3630
INV337764,Waste management services,Cleanaway Waste Management LTD,"$108,465.9",2029-02-09,3556
INV337765,Vehicle tow away and impound services,nationwide towing services,62141.14,29/05/10,3585
INV337766,Waste management services,Cleanaway,0.2m,2029-11-13,3556
INV337767,Parking technology services,REINO INTERNATIONAL PTY LTD T/A DUNCAN SOLUTIONS,"$185,732.46",13/02/2026,3623
INV337768,Integrated security services,national protective services pty ltd,212774.37,27/07/08,3686
INV337769,Waste management services,Cleanaway Waste Management Limited,"$168,017.83",22/01/2027,3556
INV337770,Management of Active Melbourne recreation facilities,Victorian YMCA Community Programming P/L,0.2m,25-Jan-2026,3615
INV337771,Management of Active Melbourne recreation facilities,Victorian YMCA Community Programming Pcy Ltd,25868.92 AUD,13 April 2028,3615
INV337772,Vehicle tow away and impound services,Programmed Facility Management Pty Ltd,19251.32,15/08/2027,3630
INV337773,Street cleaning,Spotless,66805.51 AUD,29/01/12,3669
INV337774,Open spaces management - region 2,SEvCO,"$232,117.2",25/02/28,3677
INV337775,Integrated security services,National,61389.41,12 September 2028,3686
INV337776,Building maintenance services,Programmed,226478.09,27/08/22,3630
INV337777,Open spaces management - region 2,SERCO (AU),"$134,645.35",14/02/2025,3677
INV337778,Open spaces management - region 1,Citywide Service Solutions Pty Ltd,61631.7,18/07/2028,3676
INV337779,Building maintenance services,PROGRAMMED FACILITY MANAGEMENT PTY LTD,"$96,347.78",18/03/2027,3630
INV337780,Building maintenance services,Programmed Facility Management P/L,158986.68 AUD,26/09/27,3630
INV337781,Tree management maintenance services,Citywide Service Solutions Pty Ltd,4020.17,18/12/2026,3678
INV337782,Waste management services,CLEANAWAY WASTE MANAGEMENT LIMITED,27400.25,08/05/2025,3556
INV337783,Waste management services,CLEANAWAY WASTE MANAGEMENT LIMITED,35119.16,25/05/28, 
INV337784,Graffiti management and pressure cleaning services,Calcorp Services Pty Ltd (AUS),"$186,136.69",29/11/09, 
INV337785,Tree management maintenance services,Citywide,238893.18 AUD,12/04/2027,3678
INV337786,Open spaces management - region 1,VictorianYMCACommunityProgrammingPtyLtd,185566.28,25/09/2025,3615
INV337787,Waste management services,Cleanaway Waste Mgmt Limited,"$186,024.23",27/07/27,3556
INV337788,Graffiti management and pressure cleaning services,Calcorp Serv,150140.84,18/02/2025,3668
INV337789,Open spaces management - region 2,SgRCO,0.1m,22/03/2025,3677
INV337790,Management of Active Melbourne recreation facilities,Victorian YMCA Community Programming Pty. Ltd.,"$185,160.51",25/09/23,3615
INV337791,Melbourne Town Hall venue management,Showtime  Event  Group  Pty  Ltd,103906.22,21-Jan-2027,3670
INV337792,Melbourne Town Hall venue management,SHOWTIME EVENT GROUP PTY LTD,31578.81,30/06/2027,3670
INV337793,Parking technology services,Reino International Pty Ltd T/A Duncan Solutions (AUS),200527.3 AUD,15/06/2025,3623
INV337794,Open spaces management - region 1,Citywide Service Solutions Pty Ltd (AUS),"$37,693.19",01 April 2028,3676
INV337795,Melbourne Town Hall venue management,Showtime Event Group Pty Ltd (AU),142392.59 AUD,2026-10-02,3670
INV337796,Open spaces management - region 1,Citywide  Service  Solutions  Pty  Ltd,49276.35 AUD,03/07/2025,3676
INV337797,Building maintenance services,Programmed Facility Management P/L,"$217,705.59",16/07/2027,3630
INV337798,Civil infrastructure services,Citywide Service Solutions Pty Ltd,0.1m,2029-08-26,3665
INV337799,Building maintenance services,Programmed Facility Management Pty Ltd (AUS),53456.98 AUD,11/09/2029,3630
INV337800,Vehicle tow away and impound services,Nationwide,211346.78 AUD,28/10/30, 
INV337801,Civil infrastructure services,CitywideServiceSolutionsPtyLtd,234817.97,05/03/2025,3665
INV337802,Building maintenance services,Programmed Facility Management Pty Ltd,"$189,277.16",13/07/2025,3630
INV337803,Vehicle tow away and impound services,Nationwide Towing Services (AU),"$170,055.96",01 July 2025,3585
INV337804,Integrated security services,National Protective Services PtytLtd,146898.44,07 December 2025,3686
INV337805,Management of Active Melbourne recreation facilities,Victorian YMCA Community Programming Pty. Ltd.,227068.73 AUD,25/11/06,3615
INV337806,Street cleaning,spotless facility services pty ltd,"$188,985.4",11/03/2026,3669
INV337807,Open spaces management - region 1,Citywide Service Solutions Pty Ltd (AUS),"$234,876.25",21 May 2027,3676
INV337808,Management of Active Melbourne recreation facilities,NATIONAL PROTECTIVE SERVICES PTY LTD,0.1m,11/05/2025,3686
INV337809,Waste management services,Cleanaway Waste Management Limited (AU),"$232,307.1",09/06/2027,3556
INV337810,Tree management maintenance services,CitywideServiceSolutionsPtyLtd,96832.26,22/12/2028,3678
INV337811,Management of Active Melbourne recreation facilities,Cleanaway,112479.82,20 April 2029,3556
INV337812,Tree management maintenance services,citywide service solutions pty ltd,86190.71,26/06/16, 
INV337813,Building cleaning services,Menzies Int’l (Aust) Pty Ltd,32915.0 AUD,28/01/13,3634
INV337814,Melbourne Town Hall venue management,showtime event group pty ltd,"$3,292.11",28/06/2025,3670
INV337815,Building cleaning services,Menzies International (Aust) Pty Ltd (AU),89873.28,01-Apr-2026,3634
INV337816,Parking technology services,Reino International Pty Ltd T/A Duncan Solutions,200052.14,02-Nov-2027,3623
INV337817,Melbourne Town Hall venue management,SHOWTIME EVENT GROUP PTY LTD,133717.64 AUD,2029-01-11,3670
INV337818,Street cleaning,Spotless Fatility Services Pty Ltd,149758.96,17-Jul-2029,3669
INV337819,Building maintenance services,PROGRAMMED FACILITY MANAGEMENT PTY LTD,26085.71,30/11/2026,3630
INV337820,Civil infrastructure services,Citywide Service Solutions Pty Ltd (AUS),113410.61,30/11/2027,3665
INV337821,Integrated security services,National Protective Services Pty Ltd (AU),212378.08,04/10/2029,3686
INV337822,Parking technology services,Reino International P/L T/A Duncan Solutions,0.2m,2027-05-05,3623
INV337823,Open spaces management - region 1,Citywide Service Solutions Pty Ltd,,2027-04-08,3676
INV337824,Open spaces management - region 2,Serco,217994.93,01-Jan-2027,3677
INV337825,Open spaces management - region 2,SERCo,0.1m,2029-08-19,3677
INV337826,Building cleaning services,Menzies International (Aust) Pty Ltd,29923.77 AUD,26-Jun-2025,3634
INV337827,Open spaces management - region 2,SERCO,163801.95 AUD,26/02/17,3677
INV337828,Building cleaning services,Menzies International (Aust) Pty Ltd,0.2m,26/06/2027,3634
INV337829,Civil infrastructure services,Citywide  Service  Solutions  Pty  Ltd,231296.7 AUD,03 January 2026,3665
INV337830,Parking technology services,Reino International Pty Ltd T/A Duncan Solutions,0.2m,20 April 2027,3623
INV337831,Graffiti management and pressure cleaning services,Calcorp,75881.3,12/07/2026,3668
INV337832,Management of Active Melbourne recreation facilities,Victorian YMCA Community Programming Pty Ltd (AU),0.1m,2025-03-06,3615
INV337833,Waste management services,CLEANAWAY WASTE MANAGEMENT LIMITED,"$15,153.69",21-Mar-2025,3556
INV337834,Open spaces management - region 2,SERCO (AU),"$58,622.32",28/07/13,3677
INV337835,Street cleaning,Spotless Facility Services Pty Ltd (AU),46419.77,06-Sep-2026,3669
INV337836,Management of Active Melbourne recreation facilities,Victorian YMCA Community Programmint Pty Ltd,0.0m,2029-05-28,3615
INV337837,Waste management services,CleanawayWasteManagementLimited,237361.37,18-Jun-2028,3556
INV337838,Open spaces management - region 2,SERCO,198575.41,22 August 2028,3677
INV337839,Waste management services,Cleanaway Waste Management Ltd,175321.53 AUD,16/01/2027, 
INV337840,Civil infrastructure services,Citywide Service Solutions Pty Ltd (AU),238042.79,2028-04-02,3665
INV337841,Vehicle tow away and impound services,Nationwide Towbng Services,0.1m,26/07/16,3585
INV337842,Graffiti management and pressure cleaning services,CalcorpServicesPtyLtd,11314.9,27/09/17, 
INV337843,Vehicle tow away and impound services,Nationwide Towing Services,193639.17,29/01/26,3585
INV337844,Tree management maintenance services,Citywide Service Solutions Pty. Ltd.,226805.93 AUD,19/02/2025,3678
INV337845,Melbourne Town Hall venue management,SHOWTIME EVENT GROUP PTY LTD,105581.42,10/10/2029,3670
INV337846,Civil infrastructure services,Citywide Service Solutions Pty Ltd,0.0m,29/04/11,3665
INV337847,Waste management services,Cleanaway Waste Management Ltd,88549.21 AUD,30/01/2027,3556
INV337848,Open spaces management - region 2,SERCO,0.2m,03-May-2026,3677
INV337849,Building cleaning services,Menzies Intl (Aust) Pty Ltd,15045.58,10 November 2025,3634
INV337850,Civil infrastructure services,national protective services pty ltd,100802.98 AUD,06 March 2027,3686
INV337851,Building maintenance services,Programmed Facility Management P/L,18964.69,02/08/2025,3630
INV337852,Waste management services,Cleanaway Waste Management Limited (AUS),26562.12 AUD,25/01/26, 
INV337853,Street cleaning,SpotlessFacilityServicesPtyLtd,1783.87,05/03/2028,3669
INV337854,Management of Active Melbourne recreation facilities,Victorian YMCA Community Pwogramming Pty Ltd,"$113,897.46",22 September 2026,3615
INV337855,Open spaces management - region 2,SERCO,132520.41,2026-04-04,3677
INV337856,Integrated security services,National Protective Servizes Pty Ltd,100836.17 AUD,02/07/2025,3686
INV337857,Management of Active Melbourne recreation facilities,Spotless  Facility  Services  Pty  Ltd,"$25,110.86",05-Jul-2025,3669
INV337858,Management of Active Melbourne recreation facilities,Victorian Ymca Community Programming Pty Ltd,211445.07,2027-09-30, 
INV337859,Building cleaning services,Menzies Internatio,220965.11,2026-07-23,3634
INV337860,Parking technology services,Reino International Pty Ltd T/A Duncan Solutions,62640.75 AUD,14/01/2026,3623
INV337861,Management of Active Melbourne recreation facilities,Victorian YMCA Community Programming Pty Ltd,"$34,779.25",14-Sep-2029,3615
INV337862,Open spaces management - region 1,CITYWIDE SERVICE SOLUTIONS PTY LTD,100538.31,23/09/2027,3676
INV337863,Graffiti management and pressure cleaning services,Calcorp Services Pty. Ltd.,153461.57,2028-08-02,3668
INV337864,Waste management services,Cleanaway Waste Management Limited,160672.87 AUD,08-Mar-2027,3556
INV337865,Building cleaning services,Menzies International (Aust) Pty Ltd,0.1m,2027-06-23,3634
INV337866,Waste management services,Cleanaway Waste Management Limited (AUS),"$197,041.32",08-Jun-2028,3556
INV337867,Waste management services,Cleanaway  Waste  Management  Limited,0.0m,2029-03-25,3556
INV337868,Open spaces management - region 2,SERCO (AU),117918.63,2029-02-10,3677
INV337869,Open spaces management - region 1,Citywide Service Solutions Pty Ltd,0.1m,2028-06-14,3676
INV337870,Open spaces management - region 1,Citywide Service Solutions Pty. Ltd.,77230.57,29/01/28,3676
INV337871,Street cleaning,Spotless Facility Services Pty. Ltd.,"$236,713.16",05-Feb-2026,3669
INV337872,Parking technology services,Reino International Pty Ltd T/A Duncan Solutions (AUS),67873.15,2029-04-18,3623
INV337873,Waste management services,National Protective Servvces Pty Ltd,73966.14 AUD,04/11/2025,3686
INV337874,Integrated security services,national protective services pty ltd,"$236,923.08",25/01/2027,3686
INV337875,Building cleaning services,MENZIES INTERNATIONAL (AUST) PTY LTD,63817.89,2027-01-06,3634
INV337876,Building cleaning services,Menzies Intl (Aust) Pty Ltd,243099.06,2027-03-31,3634
INV337877,Graffiti management and pressure cleaning services,Calcorp Services Pty Ltd,"$168,261.07",27/03/2026, 
INV337878,Open spaces management - region 1,Citywide Service Solutions P/L,134480.62,03/11/2025,3676
INV337879,Vehicle tow away and impound services,Nationwide Towing Services (AU),238493.94,25 April 2027,3585
INV337880,Melbourne Town Hall venue management,Showtime Event Group Pty Ltd,"$145,057.77",2027-08-03,3670
INV337881,Street cleaning,Spotless Facility Services P/L,180330.4 AUD,25/01/11,3669
INV337882,Integrated security services,National Protectiv,0.0m,07/06/2027,3686
INV337883,Tree management maintenance services,Citywide Service ,109608.69,2028-12-15,3678
INV337884,Vehicle tow away and impound services,Nationwide Towing Services (AUS),0.2m,2028-06-06,3585
INV337885,Civil infrastructure services,Citywide Service Solutions P/L,98473.9,27/08/29,3665
INV337886,Building maintenance services,PROGRAMMED FACILITY MANAGEMENT PTY LTD,0.0m,28/06/2026,3630
INV337887,Melbourne Town Hall venue management,Showtime Event Group Pty Ltd,166908.16 AUD,13/11/2029,3670
INV337888,Graffiti management and pressure cleaning services,calcorp services pty ltd,118311.55,28/02/2029,3668
INV337889,Vehicle tow away and impound services,NATIONWIDE TOWING SERVICES,246701.59 AUD,17/12/2029,3585
INV337890,Open spaces management - region 2,SERCO (AU),"$81,015.99",2025-05-15,3677
INV337891,Parking technology services,reino international pty ltd t/a duncan solutions,0.2m,20-Apr-2025,3623
INV337892,Open spaces management - region 1,Citywide,80121.28 AUD,2026-04-13,3676
INV337893,Integrated security services,National Protective Services Pty Ltd (AUS),"$241,531.77",2027-11-24,3686
INV337894,Management of Active Melbourne recreation facilities,Victorian YMCA Community Programming Pty Ltd (AU),188085.03 AUD,2027-04-18,3615
INV337895,Open spaces management - region 1,CITYWIDE SERVICE SOLUTIONS PTY LTD,3687.65 AUD,26/02/24,3676
INV337896,Open spaces management - region 1,citywide service solutions pty ltd,164876.61,25/07/23,3676
INV337897,Building maintenance services,Programmed Facility Management Pty Ltd,"$218,933.83",2029-05-10,3630
INV337898,Tree management maintenance services,citywide service solutions pty ltd,27742.3,29/09/2029,3678
INV337899,Melbourne Town Hall venue management,Showtime Event Group Pty Ltd (AUS),0.2m,13/12/2025,3670
INV337900,Parking technology services,Reino International Pty Ltd T/A Duncan Solutions (AU),215916.69,17 December 2026,3623
INV337901,Management of Active Melbourne recreation facilities,REINO INTERNATIONAL PTY LTD T/A DUNCAN SOLUTIONS,25972.45,2027-10-30,3623
INV337902,Street cleaning,SpotlessFacilityServicesPtyLtd,72818.99 AUD,2025-02-25,3669
INV337903,Graffiti management and pressure cleaning services,Calcorp Services Pty Ltd,51765.2,28 February 2025, 
INV337904,Management of Active Melbourne recreation facilities,Victorian YMCA Community Programming Pty Ltd,"$149,748.48",25/09/16,3615
INV337905,Open spaces management - region 2,SnRCO,0.2m,28/06/28,3677
INV337906,Vehicle tow away and impound services,Nationwide  Towing  Services,12573.01 AUD,31/10/2025,3585
INV337907,Building maintenance services,ProgrammedFacilityManagementPtyLtd,235.73,25/07/21,3630
INV337908,Parking technology services,Reino Int’l Pty Ltd T/A Duncan Solutions,0.2m,2026-04-19,3623
INV337909,Waste management services,Cleanaway Waste Management LTD,163243.5,18-Aug-2025,3556
INV337910,Street cleaning,SpotlessFacilityServicesPtyLtd,225801.85,22-Oct-2029,3669
INV337911,Open spaces management - region 2,SERCO (AU),244155.49,28/03/09,3677
INV337912,Building cleaning services,Menzies International (Aust) Pty Ltd,82150.8,04 November 2029,3634
INV337913,Waste management services,Cleanaway Waste Management Limited (AUS),213132.03,15/02/2029,3556
INV337914,Building cleaning services,Menzies International (Aust) P/L,187418.07,13/09/2025,3634
INV337915,Integrated security services,National Protective Services P/L,214894.11,22/10/2029,3686
INV337916,Graffiti management and pressure cleaning services,CALCORP SERVICES PTY LTD,112313.56,02/05/2029,3668
INV337917,Civil infrastructure services,SERCO,"$94,287.2",2028-04-17,3677
INV337918,Open spaces management - region 2,SERCO,36378.32 AUD,25/05/23,3677
INV337919,Building maintenance services,Programmed  Facility  Management  Pty  Ltd,"$246,549.34",25/08/03,3630
INV337920,Waste management services,cleanaway waste management limited,"$85,042.52",2027-01-16,3556
INV337921,Waste management services,Cleanaway,155202.54 AUD,06/03/2029,3556
INV337922,Building maintenance services,programmed facility management pty ltd,45360.91 AUD,28/04/15,3630
INV337923,Street cleaning,Spotless,0.1m,03-Aug-2029, 
INV337924,Civil infrastructure services,Citywide Service Solutions Pty Ltd,165134.8 AUD,06 February 2025,3665
INV337925,Integrated security services,National,"$73,074.08",07/11/2028,3686
INV337926,Civil infrastructure services,Citywide Service molutions Pty Ltd,40048.35,2026-05-19,3665
INV337927,Vehicle tow away and impound services,NationwideTowingServices,50433.01,30 March 2029,3585
INV337928,Open spaces management - region 1,Citywide Service Solutions Pty Ltd (AUS),0.1m,18-Oct-2025,3676
INV337929,Civil infrastructure services,Citywide Service Solutions P/L,238629.87,27 May 2027,3665
INV337930,Building cleaning services,Menzies Internatio,53508.09 AUD,06/12/2028,3634
INV337931,Tree management maintenance services,Citywide Service Solutions P/L,196092.72,29/01/29,3678
INV337932,Waste management services,National Protective Services Pty Ltd,55268.09,15/06/2028,3686
INV337933,Vehicle tow away and impound services,nationwide towing services,"$247,487.81",12 October 2028,3585
INV337934,Building maintenance services,Programmed Facility Management Pty Ltd (AU),0.0m,14-Apr-2029,3630
INV337935,Parking technology services,Reino Intl Pty Ltd T/A Duncan Solutions,193759.7,12/01/2028,3623
INV337936,Building maintenance services,Programmed Facility Management P/L,"$180,791.66",,3630
INV337937,Integrated security services,NATIONAL PROTECTIVE SERVICES PTY LTD,166280.9 AUD,25/08/11,3686
INV337938,Civil infrastructure services,Citywide Service ,0.2m,2027-05-25,3665
INV337939,Waste management services,Cleanaway Waste Management Limited (AUS),0.1m,19-Sep-2026,3556
INV337940,Tree management maintenance services,CITYWIDE SERVICE SOLUTIONS PTY LTD,0.0m,03/07/2029,3678
INV337941,Melbourne Town Hall venue management,Showtime Event Group Pty Ltd,0.0m,09 August 2028,3670
INV337942,Open spaces management - region 1,Citywide Service Solutions Pty Ltd,19071.32,18/12/2025,3676
INV337943,Building cleaning services,Menzies International (Aust) Pty Ltd,"$153,158.79",15-Jun-2027,3634
INV337944,Open spaces management - region 2,SeRCO,189769.36 AUD,24/11/2026,3677
INV337945,Parking technology services,Reino  International  Pty  Ltd  T/A  Duncan  Solutions,41473.7 AUD,2027-12-30,3623
INV337946,Melbourne Town Hall venue management,Showtime Eoent Group Pty Ltd,135990.18,27/11/2025,3670
INV337947,Street cleaning,Spotless,"$154,036.19",06 January 2026,3669
INV337948,Open spaces management - region 2,SERCO,0.1m,18 March 2027,3677
INV337949,Graffiti management and pressure cleaning services,Calcorp Services Pty Ltd (AUS),0.2m,05-Oct-2026,3668
INV337950,Open spaces management - region 1,CITYWIDE SERVICE SOLUTIONS PTY LTD,98728.81,18-Aug-2029,3676
INV337951,Vehicle tow away and impound services,Nationwide Towing Services (AUS),62769.18,2028-06-13,3585
INV337952,Waste management services,Cleanaway,60735.62,23-Oct-2026,3556
INV337953,Melbourne Town Hall venue management,CleanawayWasteManagementLimited,"$27,754.6",19 September 2027,3556
INV337954,Integrated security services,National Protectiv,"$42,046.97",27/03/31,3686
INV337955,Parking technology services,Reino International Pty Ltd T/A Duncan Solutions,0.0m,09-Oct-2025,3623
INV337956,Street cleaning,SPOTLESS FACILITY SERVICES PTY LTD,205234.07,10/07/2025,3669
INV337957,Civil infrastructure services,CITYWIDE SERVICE SOLUTIONS PTY LTD,151405.77,02 May 2025,3665
INV337958,Graffiti management and pressure cleaning services,Calcorp Services P/L,"$160,357.52",25/11/10,3668
INV337959,Vehicle tow away and impound services,Nationwide,0.2m,16/04/2025,3585
INV337960,Parking technology services,Reino Int’l Pty Ltd T/A Duncan Solutions,0.2m,2027-06-22,3623
INV337961,Civil infrastructure services,Citywide Service Solutions Pty Ltd,"$177,748.93",2026-02-26,3665
INV337962,Building cleaning services,Victorian YMCA Community Programming Pty Ltd (AU),0.2m,28 August 2028,3615
INV337963,Tree management maintenance services,Citywide Service Solutions Pty Ltd (AU),110998.49,12 September 2029,3678
INV337964,Building cleaning services,Menzies Internatio,82401.4,03-Sep-2025,3634
INV337965,Vehicle tow away and impound services,Nationwide Towing Services (AU),,13-Oct-2029,3585
INV337966,Integrated security services,national protective services pty ltd,,21/05/2027,3686
INV337967,Melbourne Town Hall venue management,Showtime Event Group Pty Ltd,239106.85 AUD,2028-09-24,3670
INV337968,Tree management maintenance services,Citywide Service ,0.2m,2028-12-22,3678
INV337969,Building maintenance services,Programmed Facility Mgmt Pty Ltd,102904.96 AUD,20 February 2028,3630
INV337970,Parking technology services,Reino Int’l Pty Ltd T/A Duncan Solutions,183746.2,2026-09-15,3623
INV337971,Building maintenance services,programmed facility management pty ltd,190504.21,06 August 2025,3630
INV337972,Waste management services,Cleanaway Waste M,108591.48,2025-07-03,3556
INV337973,Management of Active Melbourne recreation facilities,Citywide Service Solutions Pty Ltd (AUS),1271.29,2025-10-17,3676
INV337974,Management of Active Melbourne recreation facilities,victorian ymca community programming pty ltd,9875.83,25/06/11,3615
INV337975,Vehicle tow away and impound services,Nationwide Towing Services (AU),0.1m,17/01/2028,3585
INV337976,Street cleaning,SpotlessFacilityServicesPtyLtd,30366.55 AUD,28/08/23,3669
INV337977,Open spaces management - region 1,Citywide Service Solutions Pty Ltd,46836.52 AUD,2029-10-10,3676
INV337978,Waste management services,Cleanaway Waste Mgmt Limited,38736.29 AUD,27/09/17,3556
INV337979,Building cleaning services,Menzies International (Aust) P/L,246551.11,20/11/2028,3634
INV337980,Graffiti management and pressure cleaning services,CALCORP SERVICES PTY LTD,64865.08,15 June 2028,3668
INV337981,Building cleaning services,Menzies International (Austg Pty Ltd,222509.76,04/09/2026,3634
INV337982,Street cleaning,Spotless Facility,123374.94,2026-12-01,3669
INV337983,Tree management maintenance services,Citywide Service Solutions Pty Ltd,121143.38 AUD,24/12/2029,3678
INV337984,Melbourne Town Hall venue management,Showtime Event Group Pty. Ltd.,44257.41 AUD,23/02/2026,3670
INV337985,Vehicle tow away and impound services,Natlonwide Towing Services,0.1m,04-May-2027,3585
INV337986,Street cleaning,Spotless Facility Services Pty Ltd,177981.08,23-Jan-2028,3669
INV337987,Street cleaning,Spotless,112387.08,20 May 2027,3669
INV337988,Parking technology services,Reino International Pty Ltd T/A Duncan Solutions,70763.47 AUD,2029-08-21,3623
INV337989,Street cleaning,Spotless Facility,"$48,827.15",2026-06-07,3669
INV337990,Street cleaning,Spotless Facility Services Pty Ltd,212365.6,31-Jul-2028,3669
INV337991,Management of Active Melbourne recreation facilities,Victorian,0.0m,22/05/2028,3615
INV337992,Waste management services,Cleanaway Waste Management Limited,71213.68 AUD,2026-09-09,3556
INV337993,Tree management maintenance services,CITYWIDE SERVICE SOLUTIONS PTY LTD,"$218,312.82",25/02/18,3678
INV337994,Building cleaning services,Menzies  International  (Aust)  Pty  Ltd,"$133,127.52",2026-03-02,3634
INV337995,Vehicle tow away and impound services,NationwideTowingServices,49076.77 AUD,12/05/2026,3585
INV337996,Graffiti management and pressure cleaning services,Calcorp Services Pty Ltd,"$149,923.81",09 October 2027,3668
INV337997,Parking technology services,Reino International Pty Ltd T/A Duncan Solutions,63525.24,28/11/05,3623
INV337998,Graffiti management and pressure cleaning services,Calcorp Sertices Pty Ltd,61702.02,28/10/17,3668
INV337999,Management of Active Melbourne recreation facilities,Citywide Service Solutions Pty Ltd,"$142,225.51",27/05/2027,3678
INV338000,Vehicle tow away and impound services,nationwide towing services,0.1m,28/08/19,3585
