InvoiceID,ContractTitle,Provider,InvoiceAmount,InvoiceDate,ContractNumber
INV196001,Waste management services,CLEANAWAY WASTE MANAGEMENT LIMITED,191359.71,01/04/2029,3556
INV196002,Open spaces management - region 2,SERCO,236824.21,2027-01-28,3677
INV196003,Waste management services,Menzies Intl (Aust) Pty Ltd,"$230,933.44",29-Apr-2025,3634
INV196004,Parking technology services,reino international pty ltd t/a duncan solutions,0.1m,31-Dec-2026,3623
INV196005,Open spaces management - region 1,Citywide,0.1m,13-Sep-2029,3676
INV196006,Open spaces management - region 2,SERCO (AU),"$79,819.45",20/12/2026,3677
INV196007,Integrated security services,national protective services pty ltd,143669.01,08/07/2027,3686
INV196008,Open spaces management - region 1,Citywide Service Solutions Pty Ltd,153491.84 AUD,02-Mar-2029,3676
INV196009,Parking technology services,Reino  International  Pty  Ltd  T/A  Duncan  Solutions,186572.95 AUD,29/03/2028,3623
INV196010,Vehicle tow away and impound services,NationwideTowingServices,"$249,194.27",16/10/2025,3585
INV196011,Parking technology services,Rpino International Pty Ltd T/A Duncan Solutions,119791.59,24-May-2025,3623
INV196012,Building cleaning services,Menzies International (Aust) Pxy Ltd,0.1m,2027-12-03,3634
INV196013,Open spaces management - region 1,Citywide Service Solutions P/L,0.2m,09 March 2027,3676
INV196014,Integrated security services,National Pcotective Services Pty Ltd,112404.25 AUD,11-Mar-2028,3686
INV196015,Building maintenance services,programmed facility management pty ltd,57698.02,2027-06-05,3630
INV196016,Management of Active Melbourne recreation facilities,Victorian Ymca Community Programming Pty Ltd,127917.39 AUD,26/12/19,3615
INV196017,Parking technology services,Reino International Pty Ltd T/A Duncan Solutions,"$70,108.32",09-May-2026,3623
INV196018,Graffiti management and pressure cleaning services,Calcorp Services P/L,"$166,399.71",30 January 2029,3668
INV196019,Street cleaning,Spotless Facility Services Pty Ltd,0.0m,11/01/2027,3669
INV196020,Building maintenance services,Programmed Facility Management Pty Ltd,146116.87,14-Jul-2028,3630
INV196021,Integrated security services,national protective services pty ltd,211048.78 AUD,25/08/16,3686
INV196022,Vehicle tow away and impound services,Nationwide  Towing  Services,92812.29 AUD,29/05/09,3585
INV196023,Street cleaning,Spotless Facility Services Pty Ltd,135230.97,26-Nov-2029,3669
INV196024,Street cleaning,Spotless,180555.82 AUD,15/07/2026,3669
INV196025,Tree management maintenance services,Citywide Serzice Solutions Pty Ltd,110328.91,05 November 2026,3678
INV196026,Building maintenance services,Programmed  Facility  Management  Pty  Ltd,65032.07,23/12/2025,3630
INV196027,Building cleaning services,Menzies,0.1m,2026-04-19,3634
INV196028,Civil infrastructure services,Citywide Service Solutions Pty Ltd,0.2m,26-Oct-2026,3665
INV196029,Tree management maintenance services,Citywide Service Solutions Pty. Ltd.,23607.7,29/02/22,3678
INV196030,Parking technology services,Reino International Pty. Ltd. T/A Duncan Solutions,38734.91,26/11/04,3623
INV196031,Management of Active Melbourne recreation facilities,VICTORIAN YMCA COMMUNITY PROGRAMMING PTY LTD,"$112,709.59",13-Nov-2025,3615
INV196032,Building cleaning services,Menzies  International  (Aust)  Pty  Ltd,"$48,775.98",04 January 2026,3634
INV196033,Tree management maintenance services,Citywide Service Solutions Pty Ltd (AUS),34312.29,15/09/2027,3678
INV196034,Waste management services,Cleanaway Waste M,230029.56,25 March 2028,3556
INV196035,Open spaces management - region 2,SERCO,"$52,670.63",04/08/2027,3677
INV196036,Management of Active Melbourne recreation facilities,Victorian YMCA Community Programming Pty Ltd,0.2m,14/05/2028,3615
INV196037,Graffiti management and pressure cleaning services,Calcorp Serv,0.0m,30-May-2029,3668
INV196038,Parking technology services,Reino International Pty Ltd T/A Duncan Solutions,"$242,409.99",2025-03-17,3623
INV196039,Management of Active Melbourne recreation facilities,victorian ymca community programming pty ltd,"$68,367.18",12 July 2027,3615
INV196040,Vehicle tow away and impound services,Nationwide Towing Services (AUS),177588.05,26 March 2027,3585
INV196041,Integrated security services,National  Protective  Services  Pty  Ltd,152157.58,25/03/26,3686
INV196042,Graffiti management and pressure cleaning services,Calcorp Services Pty Ltd,31042.96 AUD,09/05/2027,3668
INV196043,Civil infrastructure services,citywide service solutions pty ltd,239511.64 AUD,2028-05-02,3665
INV196044,Management of Active Melbourne recreation facilities,Victorian  YMCA  Community  Programming  Pty  Ltd,"$85,197.74",24/12/2029,3615
INV196045,Open spaces management - region 1,CitywideServiceSolutionsPtyLtd,56449.46 AUD,26/07/30,3676
INV196046,Melbourne Town Hall venue management,Victorian Ymca Community Programming Pty Ltd,201254.74,28/12/09,3615
INV196047,Building maintenance services,Programmed Facility Management Pty Ltd,"$229,528.14",11/09/2028, 
INV196048,Integrated security services,National Protective Services Pty. Ltd.,"$185,750.64",04 January 2028,3686
INV196049,Civil infrastructure services,Citywide Service Solutions Pty Ltd,0.0m,31/05/2025,3665
INV196050,Tree management maintenance services,National Protective Services Pty Ltd,106274.87,25/11/22,3686
INV196051,Management of Active Melbourne recreation facilities,Calcorp Services Pty Ltd,0.0m,10/11/2025,3668
INV196052,Building maintenance services,ProgrammedFacilityManagementPtyLtd,82410.24,08-Sep-2026,3630
INV196053,Management of Active Melbourne recreation facilities,Victorian YMCA Community Programming Pty Ltl,"$233,804.38",18-Apr-2027,3615
INV196054,Building maintenance services,Programmed Facility,229984.03 AUD,2028-08-26,3630
INV196055,Waste management services,CleanawayWasteManagementLimited,"$171,223.01",08/12/2025,3556
INV196056,Management of Active Melbourne recreation facilities,Victorian,121421.22,25-Apr-2029,3615
INV196057,Parking technology services,Reino Int’l Pty Ltd T/A Duncan Solutions,151053.67,20 August 2028,3623
INV196058,Open spaces management - region 1,Citywide Service ,193536.24,13 September 2025,3676
INV196059,Graffiti management and pressure cleaning services,Calcorp,17439.66,01/11/2029,3668
INV196060,Management of Active Melbourne recreation facilities,Victorian  YMCA  Community  Programming  Pty  Ltd,237880.44 AUD,01/10/2028,3615
INV196061,Street cleaning,Spotless Facility Services Pty. Ltd.,0.2m,02/05/2027,3669
INV196062,Open spaces management - region 2,SERCO,0.1m,06/05/2025,3677
INV196063,Vehicle tow away and impound services,Nationwide Towing Services (AUS),57060.29,28/11/25,3585
INV196064,Building maintenance services,Programmed Facility Management Pty. Ltd.,10347.25 AUD,01-Mar-2026,3630
INV196065,Building maintenance services,Programmed Facility Management Pty Ltd (AU),99913.82,04-Sep-2027,3630
INV196066,Waste management services,Cleanaway Waste Management Limited,201322.56,09 September 2025,3556
INV196067,Management of Active Melbourne recreation facilities,Victorian YMCA Community Programming P/L,163972.19,22/07/2028,3615
INV196068,Civil infrastructure services,CITYWIDE SERVICE SOLUTIONS PTY LTD,124288.31,16 March 2028,3665
INV196069,Waste management services,Cleanaway Waste Management Ltd,0.0m,03 March 2026,3556
INV196070,Waste management services,Cleanaway Waste Management Limited,14163.53,26 April 2028,3556
INV196071,Graffiti management and pressure cleaning services,Calcorp Services P/L,"$191,317.76",01/12/2025,3668
INV196072,Civil infrastructure services,Citywide Service Solutions Pty Ltk,0.2m,08/03/2029,3665
INV196073,Tree management maintenance services,citywide service solutions pty ltd,"$43,367.2",26-Nov-2026,3678
INV196074,Building maintenance services,ProgrammedFacilityManagementPtyLtd,"$155,917.72",2026-04-10,3630
INV196075,Tree management maintenance services,Citywide Service Solutions P/L,224712.28 AUD,13-Apr-2027,3678
INV196076,Tree management maintenance services,Citywide Service Solutions Pty Ltd (AUS),215854.81,26/02/14,3678
INV196077,Graffiti management and pressure cleaning services,Calcorp Services Pty Ltd,237734.41,26/12/07,3668
INV196078,Vehicle tow away and impound services,Nationwide Towing Services (AUS),"$200,062.22",13-Apr-2025,3585
INV196079,Building cleaning services,MenziesInternational(Aust)PtyLtd,127655.68,25/07/02,3634
INV196080,Management of Active Melbourne recreation facilities,Victorian Ymca Community Programming Pty Ltd,190089.03 AUD,09/05/2025,3615
INV196081,Integrated security services,National  Protective  Services  Pty  Ltd,0.2m,28/01/07,3686
INV196082,Building cleaning services,menzies international (aust) pty ltd,165958.13,18 January 2027,3634
INV196083,Waste management services,Cleanaway Waste Mgmt Limited,227790.58 AUD,31/08/2026,3556
INV196084,Waste management services,Cleanaway Waste Management LTD,"$192,214.7",2027-08-26,3556
INV196085,Integrated security services,National Protective Services Pty Ltd (AUS),0.1m,17-Oct-2025,3686
INV196086,Management of Active Melbourne recreation facilities,Victorian YMCA Community Programming P/L,181497.67 AUD,03/03/2029,3615
INV196087,Building maintenance services,Programmed Facility Mgmt Pty Ltd,36943.68 AUD,04/03/2025,3630
INV196088,Parking technology services,Reino,163089.51,2026-08-03,3623
INV196089,Building maintenance services,Programmed Facility Management Pty Ltd (AU),184683.24,,3630
INV196090,Parking technology services,Reino International P/L T/A Duncan Solutions,0.1m,11/07/2029,3623
INV196091,Open spaces management - region 2,SERCO,"$88,866.5",18/11/2028,3677
INV196092,Graffiti management and pressure cleaning services,Calcirp Services Pty Ltd,31383.74,18 September 2027,3668
INV196093,Graffiti management and pressure cleaning services,Calcorp Services Pty Ltd,207114.78 AUD,08/05/2027,3668
INV196094,Building maintenance services,Programmed Facility Management Pty Ltd (AUS),157278.01,23-Dec-2026,3630
INV196095,Open spaces management - region 2,SERCO,61448.43,29/11/2027,3677
INV196096,Open spaces management - region 2,SERCO (AUS),105671.12 AUD,28/06/16,3677
INV196097,Open spaces management - region 2,SERCO,207088.35,31-May-2028,3677
INV196098,Waste management services,Cleanaway Waste M,208580.69,27/05/27,3556
INV196099,Parking technology services,Reino International Pty Ltd T/A Duncan Solutions,0.1m,05-Mar-2028,3623
INV196100,Integrated security services,NATIONAL PROTECTIVE SERVICES PTY LTD,200924.25 AUD,28/07/22,3686
INV196101,Integrated security services,National Protective Services Pty Ltd,"$152,363.66",2028-01-09,3686
INV196102,Open spaces management - region 1,Citywide Service Solutions Pty Ltd (AUS),137681.58,09/10/2027,3676
INV196103,Open spaces management - region 1,Citywide Service Solutions P/L,15119.35 AUD,2028-06-06,3676
INV196104,Graffiti management and pressure cleaning services,Calcorp Services dty Ltd,233850.07 AUD,04/10/2026,3668
INV196105,Waste management services,Cleanaway Waste Management Limited,"$232,324.38",10/02/2025,3556
INV196106,Tree management maintenance services,Citywide Service ,0.2m,06/05/2029,3678
INV196107,Vehicle tow away and impound services,Nationwide Towing Services,33002.62 AUD,29/03/2028,3585
INV196108,Melbourne Town Hall venue management,Showtime  Event  Group  Pty  Ltd,"$140,127.32",29/06/23, 
INV196109,Management of Active Melbourne recreation facilities,Spokless Facility Services Pty Ltd,249783.46 AUD,06/10/2025,3669
INV196110,Integrated security services,NATIONAL PROTECTIVE SERVICES PTY LTD,136148.02,13-Jun-2029,3686
INV196111,Open spaces management - region 2,SERCO,73965.01,21/10/2029,3677
INV196112,Tree management maintenance services,Citywide,0.1m,12/10/2028,3678
INV196113,Integrated security services,National  Protective  Services  Pty  Ltd,0.1m,02/06/2025,3686
INV196114,Open spaces management - region 1,Citywide,103690.79,2027-04-29,3676
INV196115,Civil infrastructure services,Victorian YMCA Community Programming Pty Ltd,0.2m,17/06/2025,3615
INV196116,Integrated security services,National  Protective  Services  Pty  Ltd,230730.39,25/10/13,3686
INV196117,Open spaces management - region 1,Citywide Service Solutions P/L,"$23,149.24",30/07/2029,3676
INV196118,Vehicle tow away and impound services,Nationwide Towing Services,"$60,880.37",25/09/22,3585
INV196119,Civil infrastructure services,Citxwide Service Solutions Pty Ltd,224241.7,09-Mar-2029,3665
INV196120,Street cleaning,Spotless  Facility  Services  Pty  Ltd,105745.44,19 July 2029,3669
INV196121,Integrated security services,National Protective Services Pty Ltd (AUS),0.0m,20-Aug-2028,3686
INV196122,Vehicle tow away and impound services,Nationwide Towing Services,0.0m,14-Dec-2029,3585
INV196123,Building cleaning services,Cleanaway Waste Management Limited,0.1m,24/01/2028,3556
INV196124,Management of Active Melbourne recreation facilities,VICTORIAN YMCA COMMUNITY PROGRAMMING PTY LTD,"$23,487.5",2025-06-24,3615
INV196125,Integrated security services,National Protective Services Pty Ltd,168744.31 AUD,12/12/2028,3686
INV196126,Open spaces management - region 1,Citywide Service ,30704.82,31/12/2026,3676
INV196127,Civil infrastructure services,Citywide Service Solutions Pty Ltd (AUS),0.2m,07/04/2028,3665
INV196128,Open spaces management - region 1,citywide service solutions pty ltd,153716.54,26/06/09,3676
INV196129,Parking technology services,ReinoInternationalPtyLtdT/ADuncanSolutions,"$204,098.6",19/12/2025,3623
INV196130,Melbourne Town Hall venue management,SHOWTIME EVENT GROUP PTY LTD,"$13,558.5",18 March 2028,3670
INV196131,Parking technology services,REINO INTERNATIONAL PTY LTD T/A DUNCAN SOLUTIONS,0.0m,07/04/2027,3623
INV196132,Civil infrastructure services,Citywide Service Solutions Pty Ltd (AU),197207.84 AUD,,3665
INV196133,Tree management maintenance services,Citywide Service Solutions Pty Ltd,0.2m,17/05/2029,3678
INV196134,Building cleaning services,Menzies International (Aust) Pty. Ltd.,144941.97,26/01/18,3634
INV196135,Parking technology services,MenziesInternational(Aust)PtyLtd,18788.56,26/10/11,3634
INV196136,Integrated security services,national protective services pty ltd,0.1m,2029-12-31,3686
INV196137,Vehicle tow away and impound services,NationwideTowingServices,"$34,742.94",2026-04-04,3585
INV196138,Parking technology services,Reino,196097.76 AUD,08/09/2028,3623
INV196139,Melbourne Town Hall venue management,Citywide Service Solutions Pty Ltd,0.1m,21 January 2028,3678
INV196140,Building cleaning services,Menzies International (Aust) Pty Ltd,53873.73,26/05/2025,3634
INV196141,Building cleaning services,Menzies International (Aust) Pto Ltd,175596.31 AUD,27/10/07,3634
INV196142,Integrated security services,National Protective Services Pty Ltd,"$96,149.9",28-Feb-2026,3686
INV196143,Waste management services,Citywide Sbrvice Solutions Pty Ltd,119802.72,10-Mar-2025, 
INV196144,Civil infrastructure services,Citywide Service Solutions Pty. Ltd.,239455.33,24 June 2029,3665
INV196145,Melbourne Town Hall venue management,Showtime Event Group Pty Ltd (AU),0.2m,02/05/2027,3670
INV196146,Open spaces management - region 1,Citywide  Service  Solutions  Pty  Ltd,38318.22 AUD,23-Apr-2025,3676
INV196147,Building cleaning services,Menzies Intirnational (Aust) Pty Ltd,200444.93,07-Sep-2029, 
INV196148,Waste management services,Cleanaway Waste Management Limited (AU),5484.42,25/02/2026,3556
INV196149,Melbourne Town Hall venue management,Showtime Event Group Pty Ltd (AUS),156646.34,27-Mar-2027,3670
INV196150,Melbourne Town Hall venue management,Showtime Event Group Pty Ltd,228458.93 AUD,2028-03-28,3670
INV196151,Open spaces management - region 2,SERCO,0.0m,07/11/2029, 
INV196152,Open spaces management - region 2,SERCO (AUS),41408.86,25/11/21,3677
INV196153,Graffiti management and pressure cleaning services,CalcorpServicesPtyLtd,229636.02 AUD,2025-06-26,3668
INV196154,Open spaces management - region 2,Serco,127036.89 AUD,2028-03-09,3677
INV196155,Graffiti management and pressure cleaning services,calcorp services pty ltd,104594.56 AUD,21-May-2026,3668
INV196156,Open spaces management - region 1,Citywide Service ,114778.87 AUD,28/07/20, 
INV196157,Building cleaning services,MenziesInternational(Aust)PtyLtd,247932.26,19-Oct-2025,3634
INV196158,Open spaces management - region 2,SERCO,237041.1,13/09/2027,3677
INV196159,Melbourne Town Hall venue management,ShowtimeEventGroupPtyLtd,224379.39,25/11/27,3670
INV196160,Open spaces management - region 2,serco,117159.55,28/07/06,3677
INV196161,Open spaces management - region 1,CitywideServiceSolutionsPtyLtd,0.1m,,3676
INV196162,Civil infrastructure services,Citywide Service Solutions Pty Ltd,168730.83,26/01/2025,3665
INV196163,Street cleaning,Spotless,216168.73 AUD,18 July 2025,3669
INV196164,Building cleaning services,Menzies  International  (Aust)  Pty  Ltd,108293.69,27/10/12,3634
INV196165,Building maintenance services,Programmed Facility Management Pty Ltd (AU),"$115,577.3",28/04/19,3630
INV196166,Integrated security services,National Protective Services Pty Ltd (AUS),0.1m,14 June 2027,3686
INV196167,Building cleaning services,Menzies Int’l (Aust) Pty Ltd,127519.03,25/11/02,3634
INV196168,Open spaces management - region 2,serco,"$243,587.04",20 January 2029,3677
INV196169,Street cleaning,Spotless,211537.95,23 December 2026,3669
INV196170,Parking technology services,Reino International Pty Ltd T/A Duncan Solutions,0.0m,19/12/2026,3623
INV196171,Integrated security services,National Protective Services Pty. Ltd.,235391.28,26/05/05,3686
INV196172,Parking technology services,Reino International Pty. Ltd. T/A Duncan Solutions,156158.71,2026-08-19,3623
INV196173,Integrated security services,National Protective Services Pty Lod,248637.06,2028-08-14,3686
INV196174,Melbourne Town Hall venue management,Showtime Event Group Pty. Ltd.,0.2m,26/08/29,3670
INV196175,Graffiti management and pressure cleaning services,Calcorp Services Pty Ltd,36708.53 AUD,08-Dec-2029,3668
INV196176,Graffiti management and pressure cleaning services,Calcorp Services Pty Ltd,233747.82 AUD,12-Feb-2028,3668
INV196177,Open spaces management - region 1,citywide service solutions pty ltd,196886.7,23/04/2028,3676
INV196178,Vehicle tow away and impound services,NATIONWIDE TOWING SERVICES,0.2m,27/09/2027,3585
INV196179,Building maintenance services,Programmed Facility Management Pty. Ltd.,198838.01 AUD,08/12/2025,3630
INV196180,Civil infrastructure services,Cleanaway Waste Management LTD,"$150,263.05",30 August 2025,3556
INV196181,Melbourne Town Hall venue management,ShowtimeEventGroupPtyLtd,"$162,897.3",06-Jan-2027,3670
INV196182,Graffiti management and pressure cleaning services,Calcorp Services P/L,"$99,002.97",11-May-2027,3668
INV196183,Building cleaning services,Menzies  International  (Aust)  Pty  Ltd,0.2m,15-Feb-2026,3634
INV196184,Building cleaning services,Menzies International (Aust) Pty Ltd,9012.79 AUD,20/05/2029,3634
INV196185,Tree management maintenance services,Citywide Service Solutions Pty Ltd,"$205,137.68",2027-06-23,3678
INV196186,Melbourne Town Hall venue management,Showtime Event Group Pty Ltd,126423.95 AUD,24/12/2026,3670
INV196187,Civil infrastructure services,Citywide Service Solutions Pty Ltd (AU),172273.94,20/04/2029,3665
INV196188,Open spaces management - region 2,Serco,11375.26,,3677
INV196189,Civil infrastructure services,CITYWIDE SERVICE SOLUTIONS PTY LTD,0.1m,08-Aug-2026,3665
INV196190,Parking technology services,Reino International Pty Ltd T/A Duncan Solutions,42937.8,20 November 2027,3623
INV196191,Civil infrastructure services,Citywide Service Solutions Pty Ltd (AUS),166709.72,2026-04-24,3665
INV196192,Civil infrastructure services,Citywide Service Solutions Pty. Ltd.,173227.91 AUD,15/03/2028,3665
INV196193,Building maintenance services,Programmed Facility Management Pty Ltd (AU),207514.33 AUD,24-Oct-2025,3630
INV196194,Civil infrastructure services,Citywide  Service  Solutions  Pty  Ltd,189466.19,25/05/23,3665
INV196195,Vehicle tow away and impound services,NATIONWIDE TOWING SERVICES,"$112,892.0",04/12/2025,3585
INV196196,Building maintenance services,Programmed Facility Management Pty Ltd (AU),206376.8 AUD,08 March 2025,3630
INV196197,Tree management maintenance services,CITYWIDE SERVICE SOLUTIONS PTY LTD,"$180,069.49",07 March 2025,3678
INV196198,Waste management services,Cleanaway Waste Management Limited,"$171,661.67",26-Jun-2027,3556
INV196199,Integrated security services,NationalProtectiveServicesPtyLtd,"$36,775.34",02 February 2025,3686
INV196200,Open spaces management - region 1,Citywide Service Solutions Pty. Ltd.,0.1m,20 September 2028,3676
INV196201,Building maintenance services,Programmed Facility Management Pty Ltd,0.2m,2025-02-06,3630
INV196202,Vehicle tow away and impound services,NATIONWIDE TOWING SERVICES,"$204,629.05",01/10/2028,3585
INV196203,Melbourne Town Hall venue management,Showtime,"$51,564.09",05 October 2029,3670
INV196204,Vehicle tow away and impound services,Nationwide Towing Services (AU),27250.91 AUD,28/04/2026,3585
INV196205,Building cleaning services,MENZIES INTERNATIONAL (AUST) PTY LTD,"$127,341.97",27/02/2028,3634
INV196206,Building maintenance services,programmed facility management pty ltd,26523.04,09/10/2028,3630
INV196207,Parking technology services,Reino Int’l Pty Ltd T/A Duncan Solutions,0.2m,25/03/31,3623
INV196208,Street cleaning,Spotless Facility Services Pty Ltd,"$43,630.72",07-Jan-2028,3669
INV196209,Integrated security services,National Protectiv,195865.81,2025-12-22,3686
INV196210,Melbourne Town Hall venue management,SHOWTIME EVENT GROUP PTY LTD,120766.55,29/10/27,3670
INV196211,Street cleaning,Spotless,209268.39,29/03/03,3669
INV196212,Building cleaning services,Menzies International (Aust) Pty Ltd (AU),199279.2 AUD,24 September 2029,3634
INV196213,Vehicle tow away and impound services,Nationwide Towing Serviceu,199690.03,21-Aug-2026,3585
INV196214,Street cleaning,SPOTLESS FACILITY SERVICES PTY LTD,"$231,770.54",27-Jul-2028,3669
INV196215,Vehicle tow away and impound services,Nationwidw Towing Services,142331.38,28/06/2027, 
INV196216,Open spaces management - region 1,Citywiqe Service Solutions Pty Ltd,"$164,053.45",02 September 2029,3676
INV196217,Waste management services,Cleanaway Waste M,"$130,222.72",06-Mar-2026,3556
INV196218,Graffiti management and pressure cleaning services,Calcorp Services Pty Ltd,0.2m,2029-03-16,3668
INV196219,Building maintenance services,Programmed,0.2m,05 September 2028,3630
INV196220,Waste management services,Cleanaway Waste Management Ltd,39323.87 AUD,26-Sep-2028,3556
INV196221,Vehicle tow away and impound services,NATIONWIDE TOWING SERVICES,235637.9 AUD,22/11/2026,3585
INV196222,Graffiti management and pressure cleaning services,CALCORP SERVICES PTY LTD,17343.91,2026-12-29,3668
INV196223,Waste management services,Cleanaway Waste Management Limited,"$5,033.24",16/08/2027,3556
INV196224,Open spaces management - region 2,SERCO,194324.07,2028-10-30,3677
INV196225,Building cleaning services,Menzies International (Aust) Pty Ltd (AUS),"$183,686.28",28/10/01,3634
INV196226,Street cleaning,Spotless Facility Services Pty Ltd,67355.39 AUD,19 November 2025,3669
INV196227,Integrated security services,National Protective Services Pty Ltd,94758.59,29/03/2028,3686
INV196228,Melbourne Town Hall venue management,SHOWTIME EVENT GROUP PTY LTD,"$144,529.21",29-Jan-2026,3670
INV196229,Melbourne Town Hall venue management,Showtime Event Group Pty Ltd,0.2m,06 September 2029,3670
INV196230,Open spaces management - region 2,Serco,219078.89,22-Jun-2025,3677
INV196231,Open spaces management - region 1,Citywide Service Solutions Pty Ltd,29093.68,23/02/2025,3676
INV196232,Building cleaning services,MenziesInternational(Aust)PtyLtd,32519.75 AUD,12/07/2026,3634
INV196233,Building maintenance services,Programmed Facility Management Pty Ltd (AUS),105150.07 AUD,03/06/2029,3630
INV196234,Waste management services,CleanawayWasteManagementLimited,0.1m,29-Nov-2027,3556
INV196235,Vehicle tow away and impound services,Nationwide Towing Services,62233.32 AUD,10/09/2026,3585
INV196236,Management of Active Melbourne recreation facilities,Victorian YMCA Community Programming Pty Ltd (AUS),95219.66,2025-09-03,3615
INV196237,Vehicle tow away and impound services,Nationwide  Towing  Services,39703.21 AUD,11/07/2029,3585
INV196238,Parking technology services,reino international pty ltd t/a duncan solutions,71036.58 AUD,2028-11-10, 
INV196239,Parking technology services,Reino International Pty Ltd T/A Duncan Solutions,243383.11,15 December 2025,3623
INV196240,Melbourne Town Hall venue management,Showtime Event Group Pty. Ltd.,"$154,370.18",2027-07-26,3670
INV196241,Parking technology services,Reino,"$162,226.99",08/09/2028,3623
INV196242,Vehicle tow away and impound services,Nationmide Towing Services,65656.17,06/03/2029,3585
INV196243,Civil infrastructure services,Citywide Service Solutions Pty Ltd,"$230,982.79",11 February 2028,3665
INV196244,Open spaces management - region 1,citywide service solutions pty ltd,201909.52,02 August 2026,3676
INV196245,Tree management maintenance services,citywide service solutions pty ltd,"$240,171.9",01/05/2025,3678
INV196246,Integrated security services,National Protective Services P/L,0.1m,06-Jan-2025,3686
INV196247,Building cleaning services,Menzies International (Aust) Pty Ltd (AU),0.0m,16-Jun-2028,3634
INV196248,Waste management services,cleanaway waste management limited,1735.06,20 January 2026,3556
INV196249,Open spaces management - region 1,Citywire Service Solutions Pty Ltd,77112.0 AUD,26/08/25,3676
INV196250,Graffiti management and pressure cleaning services,calcorp services pty ltd,155384.78,08-Oct-2027,3668
INV196251,Management of Active Melbourne recreation facilities,Victarian YMCA Community Programming Pty Ltd,105009.83,10-Jul-2028,3615
INV196252,Street cleaning,Spotless Facility Services Pty Ltd (AU),84982.15 AUD,20-Oct-2028,3669
INV196253,Civil infrastructure services,Citywide Service Solutions Pty. Ltd.,98381.81,12/04/2027,3665
INV196254,Graffiti management and pressure cleaning services,Calcorp Services Pty Ltd (AUS),0.0m,2026-09-19, 
INV196255,Management of Active Melbourne recreation facilities,Victorian,61811.18,2027-04-28,3615
INV196256,Building cleaning services,Menzies International (Aust) Pty Ltd,160678.42,2027-12-29,3634
INV196257,Integrated security services,National Protective Services Pty Ltd,"$188,982.14",11 September 2029,3686
INV196258,Melbourne Town Hall venue management,Showtime Event Group Pty. Ltd.,188046.2,25 July 2029,3670
INV196259,Building cleaning services,MENZIES INTERNATIONAL (AUST) PTY LTD,0.2m,26 July 2028,3634
INV196260,Melbourne Town Hall venue management,Showtime  Event  Group  Pty  Ltd,0.2m,27/10/2028,3670
INV196261,Tree management maintenance services,Citywide Service Solutions Pty Ltd,96510.83,26/12/05,3678
INV196262,Management of Active Melbourne recreation facilities,Victoriaq YMCA Community Programming Pty Ltd,137765.75,01 October 2028,3615
INV196263,Open spaces management - region 2,SERCO,240038.92,01-Jan-2029,3677
INV196264,Graffiti management and pressure cleaning services,Calcorp  Services  Pty  Ltd,127118.35,27/10/2025,3668
INV196265,Parking technology services,Reino International Pty Ltd T/A Duncan Solutions,198709.97,2027-07-10,3623
INV196266,Civil infrastructure services,Citywide Service Solutions Pty Ltd,58603.53,28/10/17,3665
INV196267,Parking technology services,ReinoInternationalPtyLtdT/ADuncanSolutions,72750.95,2025-06-07, 
INV196268,Building cleaning services,Menzies  International  (Aust)  Pty  Ltd,74441.02 AUD,21/03/2029,3634
INV196269,Management of Active Melbourne recreation facilities,Victorian YMCA Community Programming Pty Ltd,3298.11 AUD,2028-10-06,3615
INV196270,Building maintenance services,Programmed Facility Management Pty Ltd (AUS),155767.59 AUD,04-Nov-2027,3630
INV196271,Open spaces management - region 1,citywide service solutions pty ltd,0.1m,25/06/30,3676
INV196272,Parking technology services,Reino International Pty Ltd T/A Duncan Solutions,0.2m,15-Apr-2026,3623
INV196273,Open spaces management - region 1,Citywide Service Solutions P/L,"$24,285.87",20 November 2029,3676
INV196274,Open spaces management - region 1,Citywide Service Solutions Pty Ltd (AU),208846.7,27/04/19,3676
INV196275,Open spaces management - region 1,Citywide Service ,27308.43 AUD,13-Mar-2025,3676
INV196276,Building cleaning services,Menzies Intl (Aust) Pty Ltd,0.1m,31 October 2028,3634
INV196277,Open spaces management - region 2,SERCO,80476.42,06/02/2025,3677
INV196278,Graffiti management and pressure cleaning services,CalcorpServicesPtyLtd,138712.11 AUD,15-Apr-2028,3668
INV196279,Melbourne Town Hall venue management,Showtime,0.1m,25/01/24,3670
INV196280,Management of Active Melbourne recreation facilities,Victorian YMCA Community Programming Pty Ltd,174559.29,26/12/2027,3615
INV196281,Civil infrastructure services,CITYWIDE SERVICE SOLUTIONS PTY LTD,245038.03,01-Aug-2029,3665
INV196282,Parking technology services,REINO INTERNATIONAL PTY LTD T/A DUNCAN SOLUTIONS,146744.85 AUD,09/07/2027,3623
INV196283,Civil infrastructure services,Citywide Service Solulions Pty Ltd,196207.76,13/09/2027,3665
INV196284,Parking technology services,Reino International Pty Ltd T/A Duncan Solutions,169892.92,20 September 2026,3623
INV196285,Integrated security services,National Protectiv,"$204,401.09",28 April 2027,3686
INV196286,Management of Active Melbourne recreation facilities,Victorian YMCA Community Programming Pty Ltd,0.2m,07 July 2027,3615
INV196287,Graffiti management and pressure cleaning services,Calcorp Services Pty Ltd (AU),58245.91,04/04/2027,3668
INV196288,Building cleaning services,Showtime Event Group Pty Ltd,0.1m,05 March 2025,3670
INV196289,Open spaces management - region 2,SERvO,115952.37,03/08/2026,3677
INV196290,Civil infrastructure services,Citywide Service Solutions Pty Ltd (AU),210129.4 AUD,2028-10-13,3665
INV196291,Building maintenance services,CalcorpServicesPtyLtd,"$3,990.49",28/01/2029,3668
INV196292,Melbourne Town Hall venue management,Showtime Event vroup Pty Ltd,151022.97 AUD,19/01/2025,3670
INV196293,Waste management services,Cleanaway Waste Management Limitet,0.0m,2025-09-04,3556
INV196294,Integrated security services,National Protective Services Pty Ltd,"$18,046.97",10/12/2028, 
INV196295,Integrated security services,National Protectiv,"$49,451.85",21/04/2028,3686
INV196296,Waste management services,Cleanaway Waste Mgmt Limited,220626.94 AUD,12 December 2027,3556
INV196297,Street cleaning,Spotless  Facility  Services  Pty  Ltd,,11/01/2028,3669
INV196298,Building maintenance services,Programmed Facility Management Pty Ltd,"$86,632.54",04/06/2027,3630
INV196299,Waste management services,Cleanaway Waste Management LTD,0.1m,02/07/2025,3556
INV196300,Building maintenance services,Programmed Facility Management Pty Ltd,173271.02 AUD,28/03/07,3630
INV196301,Building maintenance services,Programmed Facility Management P/L,"$150,697.02",05/10/2028,3630
INV196302,Parking technology services,ReinoInternationalPtyLtdT/ADuncanSolutions,179114.71,23 December 2029,3623
INV196303,Parking technology services,Reino Int’l Pty Ltd T/A Duncan Solutions,39307.14,2028-04-14,3623
INV196304,Building maintenance services,ProgrammedFacilityManagementPtyLtd,216771.97,2027-09-29,3630
INV196305,Vehicle tow away and impound services,Nationwide To,173680.84,06 January 2028,3585
INV196306,Open spaces management - region 2,SERCO,30246.84,01 October 2029,3677
INV196307,Street cleaning,Spotless,0.0m,30 November 2028,3669
INV196308,Integrated security services,National Protective Services P/L,0.2m,25/10/13,3686
INV196309,Vehicle tow away and impound services,Nationwide Towing Services,119611.94 AUD,21/11/2026, 
INV196310,Waste management services,Cleanaway Waste Management LTD,36501.01 AUD,28/09/02,3556
INV196311,Open spaces management - region 2,SERCO,171383.07 AUD,2028-01-27,3677
INV196312,Waste management services,Cleanaway Waste Management Ltd,0.0m,2029-01-15,3556
INV196313,Building maintenance services,Programmed Facility Management Pty Ltd,33433.51 AUD,27/07/23, 
INV196314,Waste management services,Cleanaway Waste Management LTD,"$141,621.84",29/11/24,3556
INV196315,Graffiti management and pressure cleaning services,Calcorp Serbices Pty Ltd,70823.32,16-Apr-2028,3668
INV196316,Street cleaning,Spotless Facility Services Pty Ltd (AU),39054.52,27/12/2028,3669
INV196317,Building maintenance services,Programmed Facility Management P/L,0.2m,03 October 2025,3630
INV196318,Street cleaning,spotless facility services pty ltd,39329.47,17-Sep-2026,3669
INV196319,Civil infrastructure services,Citywide Service ,139692.64,25-Jun-2025,3665
INV196320,Vehicle tow away and impound services,Nationwide Towing Services,201173.85,12 October 2026,3585
INV196321,Building maintenance services,Calcorp,148116.89 AUD,2027-05-26,3668
INV196322,Open spaces management - region 1,Citywide Service Solutions Pty Ltd,221611.15 AUD,28/08/2026,3676
INV196323,Street cleaning,Spotless,0.1m,29/01/23,3669
INV196324,Integrated security services,National yrotective Services Pty Ltd,0.1m,14/08/2028, 
INV196325,Management of Active Melbourne recreation facilities,Victorian YMCA Community Programming Pty Ltd,52562.1 AUD,03-Nov-2027,3615
INV196326,Open spaces management - region 2,serco,0.0m,2026-07-03,3677
INV196327,Civil infrastructure services,Citywide Service Solctions Pty Ltd,"$126,262.69",12/02/2029,3665
INV196328,Management of Active Melbourne recreation facilities,Victorian YMCA Community Programming Pty Ltd,152117.02,27/04/02,3615
INV196329,Vehicle tow away and impound services,Nationwide  Towing  Services,0.1m,01-Nov-2027,3585
INV196330,Integrated security services,National Protective Services Pty Ltd (AUS),0.2m,24/02/2028,3686
INV196331,Integrated security services,national protective services pty ltd,59687.91 AUD,28-Mar-2029,3686
INV196332,Open spaces management - region 2,Serco,0.1m,16 September 2025,3677
INV196333,Parking technology services,Reino International Pty Ltd T/A Duncan Solutions (AUS),209260.67,2029-05-15, 
INV196334,Open spaces management - region 1,Citywide Service Solutions Pty Ltd (AU),1300.33 AUD,16/09/2026,3676
INV196335,Building cleaning services,Menzies International (Aust) Pty Ltd (AU),157716.2 AUD,14-Jan-2025,3634
INV196336,Waste management services,Cleanaway Waste Management Limited,229239.66 AUD,11-Jul-2027,3556
INV196337,Parking technology services,Reino International Pty Ltd T/A Duncan Solutions,108502.24,30-Mar-2025,3623
INV196338,Integrated security services,National Protective Services Pty Ltd,,10-Apr-2026,3686
INV196339,Tree management maintenance services,Reino International Pty Ltd T/A Duncan Solutions,0.2m,2027-01-08,3623
INV196340,Integrated security services,National Protective Services Pty Ltd,173688.7,24/11/2025,3686
INV196341,Open spaces management - region 1,Citywide Service Solutions Pty. Ltd.,0.1m,28/09/09,3676
INV196342,Graffiti management and pressure cleaning services,Calcorp Services Pty Ltd (AUS),0.2m,27-Jan-2029,3668
INV196343,Parking technology services,Reino Intl Pty Ltd T/A Duncan Solutions,"$42,527.15",16-Feb-2027,3623
INV196344,Vehicle tow away and impound services,Nationwide Towing Services,0.1m,18/11/2027,3585
INV196345,Building cleaning services,Menzies International (Aust) P/L,237130.36,03-Oct-2026,3634
INV196346,Building cleaning services,Menzies International (Aust) Pty Ltd (AU),0.2m,2025-09-23,3634
INV196347,Integrated security services,NATIONAL PROTECTIVE SERVICES PTY LTD,54386.98,28/08/09,3686
INV196348,Open spaces management - region 1,Citywide Service Solutions Pty Ltd,124922.93 AUD,03-Oct-2027,3676
INV196349,Building maintenance services,Programmed Facility Management Pty Ltd,0.0m,2029-04-25,3630
INV196350,Open spaces management - region 1,Citywide Service Solutions Pty Ltd (AU),"$63,807.77",28/08/02,3676
INV196351,Vehicle tow away and impound services,Nationwide Towing Services,0.0m,18 June 2028,3585
INV196352,Vehicle tow away and impound services,Nationwide Towing Services,228792.21,25/09/24,3585
INV196353,Vehicle tow away and impound services,Nationwide Towing Services,89553.41,2025-02-11,3585
INV196354,Street cleaning,Spotless Facility Services P/L,143834.19,25/03/02,3669
INV196355,Building maintenance services,Programmed,169123.06 AUD,09/07/2026,3630
INV196356,Building cleaning services,Menzies International (Aust) Pty Ltd,172167.49 AUD,18 April 2028,3634
INV196357,Open spaces management - region 1,Cztywide Service Solutions Pty Ltd,177471.55,20/10/2028,3676
INV196358,Parking technology services,Reino International Pty ,205887.22 AUD,11-Apr-2029,3623
INV196359,Management of Active Melbourne recreation facilities,Victorian YMCA Communi,0.2m,04/12/2028,3615
INV196360,Civil infrastructure services,citywide service solutions pty ltd,"$200,715.74",2025-05-19,3665
INV196361,Parking technology services,Reino Intl Pty Ltd T/A Duncan Solutions,231339.42,27-Jun-2026,3623
INV196362,Melbourne Town Hall venue management,Showtime Event Group Pty Ltd (AUS),0.1m,07/11/2027,3670
INV196363,Melbourne Town Hall venue management,Showtime Event Group Pty Ltd,232384.66 AUD,02/12/2025,3670
INV196364,Graffiti management and pressure cleaning services,Calcorp,"$158,067.76",10/12/2025,3668
INV196365,Melbourne Town Hall venue management,SHOWTIME EVENT GROUP PTY LTD,"$190,067.93",25/10/04,3670
INV196366,Graffiti management and pressure cleaning services,calcorp services pty ltd,"$193,942.4",25/12/2029,3668
INV196367,Civil infrastructure services,CitywideServiceSolutionsPtyLtd,236802.19,10-Feb-2028,3665
INV196368,Vehicle tow away and impound services,Nationwide  Towing  Services,"$133,707.5",01/06/2026,3585
INV196369,Waste management services,Cleanaway Waste Management Limited,122066.52,09/09/2028,3556
INV196370,Waste management services,gleanaway Waste Management Limited,214069.12,2028-04-15,3556
INV196371,Melbourne Town Hall venue management,Showtime Event Group Pty. Ltd.,0.0m,2028-05-06,3670
INV196372,Open spaces management - region 2,Serco,"$59,367.48",02-Apr-2027,3677
INV196373,Open spaces management - region 1,Citywide Service Solutions Pty Ltd (AU),56389.54,13-Jan-2027,3676
INV196374,Management of Active Melbourne recreation facilities,Victorian  YMCA  Community  Programming  Pty  Ltd,"$33,201.95",31/10/2027,3615
INV196375,Open spaces management - region 2,Serco,"$160,206.06",11/11/2027,3677
INV196376,Waste management services,CLEANAWAY WASTE MANAGEMENT LIMITED,218280.45 AUD,22/07/2026,3556
INV196377,Tree management maintenance services,citywide service solutions pty ltd,104686.53,2025-05-13,3678
INV196378,Tree management maintenance services,CitywideServiceSolutionsPtyLtd,25553.82,27-Jun-2029,3678
INV196379,Tree management maintenance services,Citywide Service Solutions P/L,"$73,417.56",30 January 2026,3678
INV196380,Management of Active Melbourne recreation facilities,Victorian,150573.55,2029-11-19,3615
INV196381,Waste management services,Cleanaway Waste Management Limited,0.0m,20/06/2026,3556
INV196382,Integrated security services,national protective services pty ltd,0.1m,10/08/2028,3686
INV196383,Integrated security services,NATIONAL PROTECTIVE SERVICES PTY LTD,119096.38 AUD,29/06/08,3686
INV196384,Parking technology services,Reino Int’l Pty Ltd T/A Duncan Solutions,69602.2 AUD,17 January 2029,3623
INV196385,Building maintenance services,Programmed  Facility  Management  Pty  Ltd,"$112,697.75",28-Jun-2028,3630
INV196386,Building maintenance services,Programmed Facility Management P/L,0.0m,28 April 2026,3630
INV196387,Building cleaning services,Menzies,194285.69,2025-03-16,3634
INV196388,Building cleaning services,MENZIES INTERNATIONAL (AUST) PTY LTD,138331.72 AUD,2025-08-18,3634
INV196389,Open spaces management - region 2,tERCO,200430.81,08 February 2026,3677
INV196390,Graffiti management and pressure cleaning services,Calcorp Services Pty Ltd,"$141,926.46",13 November 2025,3668
INV196391,Open spaces management - region 2,SERCO (AU),102847.78,27/09/2028,3677
INV196392,Parking technology services,Reino International Pty Ltd T/A Duncan Solutions,125504.51 AUD,23/05/2027,3623
INV196393,Melbourne Town Hall venue management,Showtime Event Group Pty Ltd (AUS),0.0m,2026-07-22,3670
INV196394,Building maintenance services,ProgrammedFacilityManagementPtyLtd,126844.43 AUD,2028-05-09,3630
INV196395,Melbourne Town Hall venue management,Showtime Event Group Pty. Ltd.,0.2m,18/11/2026,3670
INV196396,Waste management services,Cleanaway  Waste  Management  Limited,0.1m,2028-01-16,3556
INV196397,Management of Active Melbourne recreation facilities,Victorian Ymca Community Programming Pty Ltd,137558.39,27/02/28,3615
INV196398,Building maintenance services,Programmed Facility Management Pty otd,141754.24,09/07/2025,3630
INV196399,Open spaces management - region 2,SERCr,202538.26,26/02/08,3677
INV196400,Vehicle tow away and impound services,nationwide towing services,"$144,127.1",31/05/2028,3585
INV196401,Management of Active Melbourne recreation facilities,Victorian YMCA Community Programming Pty Ltd (AUS),0.0m,27/03/2026,3615
INV196402,Integrated security services,National Protective Services Pty Ltd,128583.61 AUD,2027-02-09,3686
INV196403,Civil infrastructure services,Citywide Service Solutions Pty Ltd,194130.96,04/06/2029,3665
INV196404,Building maintenance services,Programmed Facility Management Pty Ltd (AU),"$97,517.38",25-Apr-2025,3630
INV196405,Parking technology services,Programmed Facility Management Pty. Ltd.,0.0m,10-Aug-2029,3630
INV196406,Civil infrastructure services,Citywide Service Soluttons Pty Ltd,180171.27,2026-11-06,3665
INV196407,Civil infrastructure services,Citywide Service Solutions Pty Ltd,151529.17 AUD,10-Apr-2025,3665
INV196408,Graffiti management and pressure cleaning services,Calcorp Services P/L,"$130,092.28",2025-06-21,3668
INV196409,Parking technology services,reino international pty ltd t/a duncan solutions,96384.67 AUD,28-Jul-2027,3623
INV196410,Melbourne Town Hall venue management,showtime event group pty ltd,122975.51 AUD,2027-12-06,3670
INV196411,Parking technology services,Reino,0.2m,18/03/2026,3623
INV196412,Integrated security services,National Protective Services Pty Ltd (AUS),76413.62,08/03/2027,3686
INV196413,Graffiti management and pressure cleaning services,Calcorp Services Pty. Ltd.,0.2m,20 July 2026,3668
INV196414,Tree management maintenance services,Citywide Service Solutions Pty Ltd (AU),0.2m,25/08/11,3678
INV196415,Integrated security services,National Protective Services Pty Ltd,174731.09,27/09/18,3686
INV196416,Open spaces management - region 2,SERCO,123523.87,27-Dec-2029,3677
INV196417,Management of Active Melbourne recreation facilities,Victorian YMCA Communi,0.1m,2027-07-04,3615
INV196418,Parking technology services,reino international pty ltd t/a duncan solutions,"$167,779.4",31 October 2027,3623
INV196419,Graffiti management and pressure cleaning services,Calcorp  Services  Pty  Ltd,0.1m,,3668
INV196420,Open spaces management - region 2,SERCO,73685.65 AUD,02/04/2027,3677
INV196421,Building maintenance services,programmed facility management pty ltd,83153.35,02/05/2027,3630
INV196422,Building cleaning services,Menzies International (Aust) Pty Ltd (AUS),10079.65,10/06/2028,3634
INV196423,Parking technology services,Reino Intl Pty Ltd T/A Duncan Solutions,32814.11,27/04/21,3623
INV196424,Tree management maintenance services,Citywide Service ,0.2m,14-Mar-2026,3678
INV196425,Parking technology services,Reino International Pty Ltd T/A Duncan Solutions,188160.59,09/01/2026, 
INV196426,Open spaces management - region 1,CitywideServiceSolutionsPtyLtd,107027.71,25/04/12,3676
INV196427,Melbourne Town Hall venue management,Showtime,52703.11 AUD,30-Jul-2027,3670
INV196428,Management of Active Melbourne recreation facilities,Victorian YMCA Community Programming P/L,185206.93 AUD,06/09/2026,3615
INV196429,Open spaces management - region 1,Citywide Service Solutions Pty Lhd,202959.72 AUD,22-May-2027,3676
INV196430,Open spaces management - region 1,Citywide Service ,59629.22,17 December 2027,3676
INV196431,Waste management services,Cleanaway Waste Management Limited,36174.72,12/11/2027,3556
INV196432,Management of Active Melbourne recreation facilities,Victorian YMCA Community Programming P/L,18390.69 AUD,11 October 2028, 
INV196433,Graffiti management and pressure cleaning services,palcorp Services Pty Ltd,209019.99,07-Jun-2025,3668
INV196434,Street cleaning,Spotless  Facility  Services  Pty  Ltd,63014.62 AUD,18-Nov-2027,3669
INV196435,Tree management maintenance services,Citywide Service Solutions Pty Ltd (AUS),"$105,365.04",25-Feb-2027,3678
INV196436,Civil infrastructure services,Citywide Service Solutions Pty Ltd,0.1m,04/08/2029,3665
INV196437,Building maintenance services,Programmed Facility Management Pty Ltd,0.2m,2026-08-18,3630
INV196438,Building maintenance services,Programmed Facility Management Pty Ltd,"$229,375.02",25/06/03,3630
INV196439,Building maintenance services,Programmed Facility Management P/L,106227.32,18/09/2029,3630
INV196440,Graffiti management and pressure cleaning services,Calcorp Services Pty Ltd (AUS),"$143,197.65",28/09/2025,3668
INV196441,Melbourne Town Hall venue management,Showtime Event Group Pty Ltd (AU),0.1m,27/10/22,3670
INV196442,Vehicle tow away and impound services,Nationwide,168205.5,01-Jan-2029,3585
INV196443,Street cleaning,Spotless Facility Services Pty Ltd,0.2m,2026-06-11,3669
INV196444,Civil infrastructure services,CitywideServiceSolutionsPtyLtd,0.1m,25/01/04,3665
INV196445,Tree management maintenance services,Citywide,143945.5,2026-08-15,3665
INV196446,Open spaces management - region 1,Citywide,69174.46 AUD,29/06/30, 
INV196447,Open spaces management - region 2,SERCO,26674.44,31/10/2025,3677
INV196448,Tree management maintenance services,Chtywide Service Solutions Pty Ltd,243098.14 AUD,17/11/2028,3678
INV196449,Civil infrastructure services,Citywide Service Solutions Pty Ltd,"$191,743.04",23 February 2028,3665
INV196450,Building cleaning services,Menzies International (Aust) Pty. Ltd.,0.2m,25/01/16,3634
INV196451,Open spaces management - region 1,Citywide Service Solutions Pty Ltd,140520.64,05/09/2025,3676
INV196452,Street cleaning,spotless facility services pty ltd,108223.16,10-Feb-2027,3669
INV196453,Graffiti management and pressure cleaning services,Calcorp Services Pty Ltd,236593.91 AUD,08 December 2027,3668
INV196454,Open spaces management - region 2,SERCO (AU),154010.95 AUD,29/06/15,3677
INV196455,Building maintenance services,Programmed Facility Management Pty Ltd (AU),"$180,463.52",27/03/21,3630
INV196456,Open spaces management - region 2,SERCO,239498.29 AUD,05/08/2028,3677
INV196457,Management of Active Melbourne recreation facilities,victorian ymca community programming pty ltd,88343.22,27 June 2026,3615
INV196458,Graffiti management and pressure cleaning services,Calcorp Services Pty Ltd,115288.59,23-Dec-2027,3668
INV196459,Integrated security services,National Protective Services Pty Ltd,163106.03,25/01/2025,3686
INV196460,Street cleaning,SpotlessFacilityServicesPtyLtd,"$194,711.72",27/11/14,3669
INV196461,Integrated security services,NationalProtectiveServicesPtyLtd,29198.65 AUD,2025-03-21,3686
INV196462,Management of Active Melbourne recreation facilities,Victorian YMCA Community Programming P/L,"$212,954.93",25/02/26,3615
INV196463,Building cleaning services,Menzies International (Aust) Pty Ltd,0.2m,06/04/2025,3634
INV196464,Open spaces management - region 2,SERCO,218587.61 AUD,10/04/2028,3677
INV196465,Open spaces management - region 2,SERCO,0.0m,07-Dec-2025,3677
INV196466,Tree management maintenance services,Citywide Service Solutions P/L,131924.03,11/04/2027,3678
INV196467,Vehicle tow away and impound services,Nationwide,0.1m,19 July 2027,3585
INV196468,Waste management services,Cleanaway Waste Management Limited (AU),0.1m,12/10/2029,3556
INV196469,Integrated security services,NATIONAL PROTECTIVE SERVICES PTY LTD,0.1m,2025-09-18,3686
INV196470,Vehicle tow away and impound services,Nationwide Towing Servixes,"$237,957.3",25/12/09,3585
INV196471,Graffiti management and pressure cleaning services,CalcorpaServices Pty Ltd,229497.52 AUD,21/10/2027, 
INV196472,Waste management services,Cleanaway Waste Manaxement Limited,,09/07/2026,3556
INV196473,Civil infrastructure services,Citywide Service Solutions Pty Ltd,"$221,893.16",01 August 2029,3665
INV196474,Building maintenance services,Programmed Facility Management Pty Ltd (AU),"$141,819.89",2026-05-07,3630
INV196475,Tree management maintenance services,CitywideServiceSolutionsPtyLtd,"$176,837.23",27/09/30,3678
INV196476,Street cleaning,Spotless Facility Services Pty Ltd (AUS),0.1m,21/11/2029, 
INV196477,Tree management maintenance services,Citywide Service ,81180.1,28/05/12,3678
INV196478,Management of Active Melbourne recreation facilities,Victorian YMCA Communi,0.0m,26/09/07,3615
INV196479,Tree management maintenance services,Citywide Service Solutions Pty Ltd,0.2m,17 September 2029,3678
INV196480,Building maintenance services,Programmed,236092.81 AUD,19/06/2028,3630
INV196481,Tree management maintenance services,Citywide,0.1m,09/04/2029,3678
INV196482,Graffiti management and pressure cleaning services,calcorp services pty ltd,0.1m,09 February 2028,3668
INV196483,Street cleaning,SpotlessFacilityServicesPtyLtd,167904.77 AUD,01/02/2027,3669
INV196484,Open spaces management - region 1,Citywide Service Solutions Pty Ltd,0.2m,18/12/2029,3676
INV196485,Tree management maintenance services,Citywide Service Solutions Pty Ltd,0.2m,28/09/2025,3678
INV196486,Building cleaning services,Menzies,84202.86 AUD,17/11/2026, 
INV196487,Open spaces management - region 1,CITYWIDE SERVICE SOLUTIONS PTY LTD,99754.85,27/04/13,3676
INV196488,Melbourne Town Hall venue management,Showtime Event Group Pty Ltd (AUS),0.0m,2025-01-20,3670
INV196489,Parking technology services,Reino  International  Pty  Ltd  T/A  Duncan  Solutions,121420.65,03/02/2026,3623
INV196490,Tree management maintenance services,Citywide Service Solutions P/L,138599.52,12 November 2027,3678
INV196491,Building cleaning services,Menzies International (Aust) Pty Ltd (AU),191995.69,28 September 2025,3634
INV196492,Integrated security services,National Protective Services Pty Ltd,"$33,175.52",18-Jul-2029,3686
INV196493,Vehicle tow away and impound services,Nationwide To,0.2m,29/08/03,3585
INV196494,Melbourne Town Hall venue management,SHOWTIME EVENT GROUP PTY LTD,"$79,888.96",2025-02-16,3670
INV196495,Graffiti management and pressure cleaning services,Calcorp Services Pty Ltd (AUS),157390.93 AUD,14/07/2025,3668
INV196496,Waste management services,Cleanaway Waste Mgmt Limited,132313.81,18/03/2028,3556
INV196497,Waste management services,Cleanaway Waste M,"$233,153.13",29/02/15,3556
INV196498,Graffiti management and pressure cleaning services,Calcorp Services Pty Ltd (AU),74710.58,03/12/2025,3668
INV196499,Open spaces management - region 1,citywide service solutions pty ltd,155971.02 AUD,29/08/2027,3676
INV196500,Integrated security services,National Protective Services Pty. Ltd.,"$110,348.82",2029-10-14,3686
INV196501,Parking technology services,Reino International Pty Ltd T/A Dufcan Solutions,57522.58,23-Nov-2028,3623
INV196502,Open spaces management - region 2,SERCO (AUS),193220.46,10 May 2025,3677
INV196503,Civil infrastructure services,Citywide Service Solutions Pty Ltd,0.0m,2029-06-08,3665
INV196504,Vehicle tow away and impound services,Nationwide Towing Services (AUS),79177.27,21/11/2028,3585
INV196505,Melbourne Town Hall venue management,Showtime  Event  Group  Pty  Ltd,145876.68,25/10/2027,3670
INV196506,Street cleaning,Spotless Facility Services Pty Ltd,201087.31 AUD,2029-05-28,3669
INV196507,Integrated security services,National Protective Services Pty Ltd (AU),101385.66,11/07/2028,3686
INV196508,Management of Active Melbourne recreation facilities,victorian ymca community programming pty ltd,248906.03 AUD,2028-12-23,3615
INV196509,Graffiti management and pressure cleaning services,Calcorp,"$129,769.43",2028-10-17,3668
INV196510,Civil infrastructure services,Citywide Service ,"$246,815.12",17/12/2028,3665
INV196511,Street cleaning,SPOTLESS FACILITY SERVICES PTY LTD,73249.86,18/04/2027,3669
INV196512,Parking technology services,Reino  International  Pty  Ltd  T/A  Duncan  Solutions,0.1m,05/11/2025, 
INV196513,Vehicle tow away and impound services,NationwideTowingServices,132481.64,19/08/2026,3585
INV196514,Melbourne Town Hall venue management,Showtime Event Group Pty Ltd (AU),"$40,827.69",29/02/2028,3670
INV196515,Parking technology services,ReinoInternationalPtyLtdT/ADuncanSolutions,0.2m,2028-09-30, 
INV196516,Open spaces management - region 1,Citywide Service Solutions Pty Ltd (AUS),0.2m,15 February 2027,3676
INV196517,Open spaces management - region 1,Citywide Service Solutions Pty Ltd (AUS),0.2m,17-Apr-2027,3676
INV196518,Open spaces management - region 2,SERCO,0.0m,12-Mar-2027,3677
INV196519,Management of Active Melbourne recreation facilities,Victorian  YMCA  Community  Programming  Pty  Ltd,0.1m,17/06/2025,3615
INV196520,Civil infrastructure services,CITYWIDE SERVICE SOLUTIONS PTY LTD,"$103,369.98",24/01/2029,3665
INV196521,Waste management services,Cleanaway Waste Management Limited (AU),0.0m,22/05/2026,3556
INV196522,Graffiti management and pressure cleaning services,Calcorp,39648.03,22-Nov-2028,3668
INV196523,Management of Active Melbourne recreation facilities,Victorian YMCA Community Programming Pty Ltd,"$116,624.45",26/11/2028,3615
INV196524,Civil infrastructure services,Citywide,99190.04,18/05/2029,3665
INV196525,Waste management services,cleanaway waste management limited,"$147,397.35",18/03/2027,3556
INV196526,Street cleaning,spotless facility services pty ltd,0.1m,16-Nov-2028,3669
INV196527,Melbourne Town Hall venue management,Showtime Event Group Pty Ltd,"$48,901.75",07/01/2026,3670
INV196528,Building cleaning services,Menzies International (Aust) Pty. Ltd.,163012.25,2027-10-21,3634
INV196529,Street cleaning,spotless facility services pty ltd,0.0m,20 March 2029,3669
INV196530,Management of Active Melbourne recreation facilities,Victorian YMCA Community Programming Pty Ltd,0.0m,2029-04-21,3615
INV196531,Building cleaning services,Menzies International (Aust) P/L,54523.6,2027-05-19,3634
INV196532,Tree management maintenance services,Citywide Service Solutions Pty Ltd,"$23,811.33",26/10/23,3678
INV196533,Street cleaning,Spotless Facility Services Pty Ltd,"$236,669.79",02-Feb-2028,3669
INV196534,Open spaces management - region 1,CitywideServiceSolutionsPtyLtd,0.1m,14 November 2027,3676
INV196535,Building maintenance services,Programmed Facility Management Pty Ltd,"$36,503.7",09-Mar-2029,3630
INV196536,Management of Active Melbourne recreation facilities,victorian ymca community programming pty ltd,215624.02 AUD,12-Jul-2027,3615
INV196537,Civil infrastructure services,Citywide Service Solutions Pty Ltd,"$77,885.49",2027-02-14,3665
INV196538,Tree management maintenance services,Citywide Service Solutions Pty Ltd (AU),"$177,372.14",25 May 2026,3678
INV196539,Graffiti management and pressure cleaning services,Calcorp,212112.58,09/04/2028,3668
INV196540,Open spaces management - region 1,Citywide Service Solutions Pty. Ltd.,0.2m,13/10/2026,3676
INV196541,Open spaces management - region 1,Citywide,239745.65,07-Jun-2029,3676
INV196542,Graffiti management and pressure cleaning services,Calcorp Services Pty. Ltd.,0.0m,16/07/2029,3668
INV196543,Civil infrastructure services,Citywide Service ,170988.86,25/03/31,3665
INV196544,Management of Active Melbourne recreation facilities,Victorian,13074.12,05-Jun-2026,3615
INV196545,Parking technology services,Reino,0.2m,23-Oct-2028,3623
INV196546,Building cleaning services,MenziesInternational(Aust)PtyLtd,211477.48,01-Mar-2029,3634
INV196547,Building cleaning services,menzies international (aust) pty ltd,10790.23 AUD,07/06/2025,3634
INV196548,Vehicle tow away and impound services,Nationwide Towing Services,248246.06,06-Feb-2028,3585
INV196549,Vehicle tow away and impound services,nationwide towing services,109166.59 AUD,25-Nov-2026,3585
INV196550,Vehicle tow away and impound services,NationwideTowingServices,"$235,381.99",27/01/13,3585
INV196551,Parking technology services,reino international pty ltd t/a duncan solutions,169874.3,12/03/2026,3623
INV196552,Open spaces management - region 1,Citywide Service Solutions Pty Ltd (AU),"$134,544.79",2026-12-23,3676
INV196553,Civil infrastructure services,Citywide Service Solutions Pty Ltd,"$28,790.08",14/01/2025,3665
INV196554,Open spaces management - region 2,SEvCO,0.0m,2029-08-26,3677
INV196555,Building maintenance services,Programmed Facility Management P/L,87327.94,02/02/2026,3630
INV196556,Integrated security services,National Protective Services Pty Ltd,0.2m,29/10/2029,3686
INV196557,Civil infrastructure services,Citywide Service Solutions Pty Ltd (AUS),"$47,557.65",25/12/06,3665
INV196558,Parking technology services,ReinoInternationalPtyLtdT/ADuncanSolutions,165519.37 AUD,09 June 2026,3623
INV196559,Integrated security services,National Protective Services Pty Ltd,53031.68,14 June 2027,3686
INV196560,Parking technology services,Reino International Pty Ltd T/A Duncan Solutions,0.1m,19 August 2028,3623
INV196561,Integrated security services,National Protective Services P/L,0.0m,02 March 2028,3686
INV196562,Civil infrastructure services,Citywide,33270.58,22 March 2026,3665
INV196563,Waste management services,Cleanaway Waste Management Limited,6261.27 AUD,15 August 2025,3556
INV196564,Melbourne Town Hall venue management,Showtime Event Group Pty Ltd (AUS),117270.76 AUD,08/08/2026,3670
INV196565,Graffiti management and pressure cleaning services,calcorp services pty ltd,247976.48,15/07/2029,3668
INV196566,Street cleaning,CITYWIDE SERVICE SOLUTIONS PTY LTD,69402.01,2026-06-13,3676
INV196567,Integrated security services,National Protective Services Pty Ltd,229262.59,21/09/2029, 
INV196568,Integrated security services,National Protective Services Pty Ltd,72820.85 AUD,28/05/03,3686
INV196569,Open spaces management - region 1,Citywide Service Solutions Pty Ltd,120057.55,2028-03-22,3678
INV196570,Building cleaning services,Menzies International (Aust) Pty Ltd,245478.79,11/06/2028,3634
INV196571,Civil infrastructure services,Citywide Service Solutions Pty Ltd (AU),78467.96,12-Apr-2026,3665
INV196572,Melbourne Town Hall venue management,Showtime Evenf Group Pty Ltd,11241.95,02/10/2027,3670
INV196573,Building maintenance services,Programmed Facility Mgmt Pty Ltd,0.1m,2026-09-27,3630
INV196574,Graffiti management and pressure cleaning services,Calcorp Services Pty. Ltd.,60779.51,27-Mar-2029,3668
INV196575,Building maintenance services,ProgrammedFacilityManagementPtyLtd,"$234,118.28",2028-05-03,3630
INV196576,Building maintenance services,Programmed,0.1m,23-Feb-2026,3630
INV196577,Building cleaning services,Citywide Service Solutions Pty. Ltd.,113118.13,01/10/2028,3665
INV196578,Graffiti management and pressure cleaning services,Calcorp Services Pty Ltd,132195.11,21 February 2028,3668
INV196579,Civil infrastructure services,Citywide  Service  Solutions  Pty  Ltd,,25/07/2025,3665
INV196580,Vehicle tow away and impound services,Citywide,0.0m,2027-11-12,3676
INV196581,Open spaces management - region 2,SERCO,112274.61 AUD,2029-12-31,3677
INV196582,Graffiti management and pressure cleaning services,programmed facility management pty ltd,"$45,925.22",08/09/2026,3630
INV196583,Tree management maintenance services,Citywide Service ,68393.81,25/11/2027, 
INV196584,Tree management maintenance services,citywide service solutions pty ltd,158458.59,10-Oct-2025,3678
INV196585,Vehicle tow away and impound services,nationwide towing services,"$121,463.37",22/05/2028,3585
INV196586,Parking technology services,Reino International Pty Ltd T/A Duncan Solutions (AUS),41166.95,07/01/2026,3623
INV196587,Tree management maintenance services,CITYWIDE SERVICE SOLUTIONS PTY LTD,"$138,739.69",2028-11-29,3678
INV196588,Parking technology services,Reino  International  Pty  Ltd  T/A  Duncan  Solutions,"$131,559.29",20-Mar-2026,3623
INV196589,Open spaces management - region 2,SERCO,25011.56,01-Mar-2029,3677
INV196590,Vehicle tow away and impound services,NATIONWIDE TOWING SERVICES,63418.85,23/05/2026,3585
INV196591,Graffiti management and pressure cleaning services,CALCORP SERVICES PTY LTD,"$179,610.18",03-Jul-2028,3668
INV196592,Integrated security services,national protective services pty ltd,"$164,422.0",2026-06-12,3686
INV196593,Waste management services,Cleanaway Waste Management Limited,132323.46,2028-12-19,3556
INV196594,Street cleaning,Spotless Facility Services Pty Ltd,"$36,844.03",27/07/20,3669
INV196595,Street cleaning,Spotless Facility Services Pty Ltd (AU),156759.1,15/06/2026,3669
INV196596,Waste management services,Cleanaway Waste M,30596.34,21/11/2028,3556
INV196597,Integrated security services,national protective services pty ltd,"$71,777.71",27/08/23,3686
INV196598,Open spaces management - region 2,SERCO (AUS),138082.95,25/07/14,3677
INV196599,Graffiti management and pressure cleaning services,Calcorp Services P/L,222374.65 AUD,29 October 2029,3668
INV196600,Civil infrastructure services,CITYWIDE SERVICE SOLUTIONS PTY LTD,12436.23,2028-02-20,3665
INV196601,Building cleaning services,Menzies International (Aust) P/L,131906.73,20 March 2027,3634
INV196602,Waste management services,cleanaway waste management limited,0.1m,13-Jan-2025,3556
INV196603,Civil infrastructure services,Calcorp Services Pty Ltd (AU),235966.93 AUD,01 September 2026,3668
INV196604,Integrated security services,National Protective Services Pty Ltd (AU),4354.23 AUD,26/10/07,3686
INV196605,Street cleaning,SPOTLESS FACILITY SERVICES PTY LTD,"$12,517.04",13/04/2028,3669
INV196606,Tree management maintenance services,Citywide Service Solutions Pty Ltd,0.2m,05/11/2029,3678
INV196607,Parking technology services,Reino  International  Pty  Ltd  T/A  Duncan  Solutions,6121.63 AUD,15-May-2027,3623
INV196608,Vehicle tow away and impound services,NATIONWIDE TOWING SERVICES,105089.8 AUD,2028-04-08,3585
INV196609,Parking technology services,Reino International Pty Ltd T/A Duncan Solutions,0.1m,13/09/2028, 
INV196610,Open spaces management - region 1,Citywide Service Solutions Pty Ltd,"$99,309.27",05 September 2026, 
INV196611,Open spaces management - region 2,SERCO,151027.24 AUD,02/10/2025,3677
INV196612,Building cleaning services,Menzies International (Aust) Pty Ltd (AUS),190398.5,04-May-2026,3634
INV196613,Integrated security services,menzies international (aust) pty ltd,"$235,583.45",05/07/2026,3634
INV196614,Open spaces management - region 2,SERCO,"$233,880.59",25/07/25,3677
INV196615,Management of Active Melbourne recreation facilities,Victorian YMCA Community Programming Pty. Ltd.,65997.15 AUD,15 May 2028,3615
INV196616,Civil infrastructure services,Cityjide Service Solutions Pty Ltd,146583.51 AUD,20/05/2028,3665
INV196617,Parking technology services,Reino Intl Pty Ltd T/A Duncan Solutions,162571.32,2028-01-02,3623
INV196618,Graffiti management and pressure cleaning services,Calcorp Services Pty Ltd,53426.63,20/10/2027, 
INV196619,Tree management maintenance services,Citywide,0.2m,13/09/2027,3678
INV196620,Civil infrastructure services,Citywide,"$163,012.06",14 August 2027,3665
INV196621,Civil infrastructure services,Citywide  Service  Solutions  Pty  Ltd,18885.98,20/05/2025,3665
INV196622,Tree management maintenance services,National mrotective Services Pty Ltd,215474.1,22 January 2025,3686
INV196623,Graffiti management and pressure cleaning services,Calcorp Services Pty Ltd,115285.24,20/07/2027,3668
INV196624,Street cleaning,Spotless Facility Services Pty Ltd,239654.74,07/08/2026,3669
INV196625,Management of Active Melbourne recreation facilities,Victorian  YMCA  Community  Programming  Pty  Ltd,"$48,242.54",01/11/2029,3615
INV196626,Open spaces management - region 2,serco,"$56,921.82",03-Feb-2028,3677
INV196627,Vehicle tow away and impound services,NATIONWIDE TOWING SERVICES,0.2m,23-Aug-2025,3585
INV196628,Melbourne Town Hall venue management,SHOWTIME EVENT GROUP PTY LTD,60807.0 AUD,2026-06-02,3670
INV196629,Parking technology services,Reino International P/L T/A Duncan Solutions,"$59,941.4",19/12/2026,3623
INV196630,Building maintenance services,Programmed Facility,184481.4,27/02/16,3630
INV196631,Integrated security services,national protective services pty ltd,102061.93,30-Apr-2027,3686
INV196632,Graffiti management and pressure cleaning services,Calcorp Services Pty Ltd,"$111,927.28",02-Apr-2027,3668
INV196633,Building maintenance services,Programmed Facility,30687.35,2026-07-09,3630
INV196634,Waste management services,Cleanaway Waste Management Ltd,"$208,029.58",2029-06-10,3556
INV196635,Civil infrastructure services,CitywideServiceSolutionsPtyLtd,"$52,273.91",28/12/24,3665
INV196636,Tree management maintenance services,Citywide Service Soluwions Pty Ltd,"$108,150.89",24 June 2025,3678
INV196637,Integrated security services,National Protective Services Pty Ltd (AU),149654.01,12-Sep-2026,3686
INV196638,Vehicle tow away and impound services,Nationwide Towing Services,"$228,897.12",25/01/2025,3585
INV196639,Open spaces management - region 2,SERCO,"$12,651.17",08/01/2029,3677
INV196640,Vehicle tow away and impound services,NationwideTowingServices,0.2m,26-Jan-2028,3585
INV196641,Civil infrastructure services,Citywide Service Solutions Pty Ltd,36573.52,29/03/16,3665
INV196642,Open spaces management - region 1,Citywide Service Solutions Pty Ltd,"$133,803.31",17/10/2029,3676
INV196643,Integrated security services,National Protective Services Pty Ltd,218519.8,06-Aug-2025,3686
INV196644,Vehicle tow away and impound services,Nationwide Towing Servgces,37407.96 AUD,25/03/28,3585
INV196645,Management of Active Melbourne recreation facilities,victorian ymca community programming pty ltd,"$137,500.4",13/04/2026,3615
INV196646,Integrated security services,national protective services pty ltd,171889.6,15/01/2026, 
INV196647,Integrated security services,National,0.1m,25/07/2028,3686
INV196648,Civil infrastructure services,Citywide Service Solutions Pty Ltd,207219.38,2025-01-08, 
INV196649,Management of Active Melbourne recreation facilities,Victorian YMCA Community Programming Pty utd,"$211,367.44",2028-06-15,3615
INV196650,Vehicle tow away and impound services,Nationwide Towing Services (AU),6916.7,2029-03-26,3585
INV196651,Civil infrastructure services,Citywide Service Solutions Pty Ltd,218985.25,2026-09-24,3665
INV196652,Vehicle tow away and impound services,Nationwide Towing Services (AU),110377.17,27/02/14,3585
INV196653,Street cleaning,Spotless Facility Services Pty Ltd (AU),5120.02 AUD,27-Aug-2029,3669
INV196654,Building maintenance services,Programmed Facility Mgmt Pty Ltd,0.2m,26/05/11,3630
INV196655,Management of Active Melbourne recreation facilities,Victorian YMCA Community Programming Pty Ltd,27990.46,11/07/2025,3615
INV196656,Graffiti management and pressure cleaning services,Calcorp Services Pty Ltd,"$134,530.75",17-Mar-2029, 
INV196657,Open spaces management - region 2,SERCO,167737.36,09-Apr-2026,3677
INV196658,Tree management maintenance services,Citywide Service Solutions Pty Ltd,1517.16,14/01/2025,3678
INV196659,Waste management services,Cleanaway Waste Management LTD,16055.26,29/10/13,3556
INV196660,Tree management maintenance services,Citywide Service Solutions Pty Ltd,"$129,885.72",30/11/2025,3678
INV196661,Integrated security services,National,248713.94,28/06/13,3686
INV196662,Graffiti management and pressure cleaning services,Calcorp,140092.31,2026-08-23,3668
INV196663,Graffiti management and pressure cleaning services,calcorp services pty ltd,57353.75 AUD,16 February 2027,3668
INV196664,Vehicle tow away and impound services,NationwideTowingServices,186732.57,2026-10-12,3585
INV196665,Parking technology services,Reino Int’l Pty Ltd T/A Duncan Solutions,"$149,515.32",2025-08-06,3623
INV196666,Building maintenance services,Programmed Facility Management Pty Ltd,0.2m,2026-12-28,3630
INV196667,Street cleaning,Spotless Facility Services Pty. Ltd.,"$108,168.66",09/07/2028,3669
INV196668,Waste management services,Cleanaway Waste M,144752.12,08 January 2028,3556
INV196669,Open spaces management - region 1,Citywide Service Solutions Pty. Ltd.,207171.94,31/08/2025,3676
INV196670,Building cleaning services,Menzies International (Aust) Pty. Ltd.,58825.49,25/11/25,3634
INV196671,Building cleaning services,menzies international (aust) pty ltd,"$218,999.05",13/02/2029,3634
INV196672,Management of Active Melbourne recreation facilities,Victorian  YMCA  Community  Programming  Pty  Ltd,"$5,839.45",2027-01-17, 
INV196673,Parking technology services,Reino International Pty. Ltd. T/A Duncan Solutions,0.0m,22/01/2025,3623
INV196674,Integrated security services,Citywide Service ,109427.45,13/12/2029,3665
INV196675,Graffiti management and pressure cleaning services,Calcorp Services Pty Ltd (AUS),0.2m,01/07/2025,3668
INV196676,Waste management services,Cleanaway Waste Management Limited,0.0m,2026-08-30,3556
INV196677,Melbourne Town Hall venue management,showtime event group pty ltd,0.2m,08/03/2029,3670
INV196678,Vehicle tow away and impound services,Nationwide To,81449.75 AUD,,3585
INV196679,Waste management services,Cleanaway Waste Management Limited,"$201,045.17",18/03/2028,3556
INV196680,Building cleaning services,menzies international (aust) pty ltd,"$203,731.42",25/07/2029, 
INV196681,Building maintenance services,Programmed aacility Management Pty Ltd,198900.88,16/03/2025,3630
INV196682,Civil infrastructure services,CitywideServiceSolutionsPtyLtd,0.1m,11-Jun-2025,3665
INV196683,Waste management services,Cleanaway,"$84,249.17",08-Jul-2029,3556
INV196684,Building cleaning services,Menzies Int’l (Aust) Pty Ltd,22774.36,2025-12-04,3634
INV196685,Graffiti management and pressure cleaning services,calcorp services pty ltd,85379.77,27/03/24, 
INV196686,Open spaces management - region 1,Citywide Service Solutions Pty Ltd (AUS),0.1m,19 March 2028,3676
INV196687,Integrated security services,National Protective Services Pty Ltd (AUS),47880.04,07/08/2026,3686
INV196688,Parking technology services,Showtime,121967.34,13/11/2026,3670
INV196689,Parking technology services,ReinoInternationalPtyLtdT/ADuncanSolutions,118552.17 AUD,23 November 2028,3623
INV196690,Open spaces management - region 2,SERCO (AU),3862.21,07/02/2027,3677
INV196691,Waste management services,Cleanaway Waste Management Limited (AUS),50127.61,11-Sep-2025,3556
INV196692,Building cleaning services,Menzies International (Aust) Pty Ltd,"$58,586.93",09 November 2028, 
INV196693,Open spaces management - region 2,SERuO,0.1m,06-Apr-2029,3677
INV196694,Integrated security services,Victorian YMCA Community Programming Pty Ltd,0.0m,17/08/2028,3615
INV196695,Waste management services,Cleanaway,124598.96,28/03/03,3556
INV196696,Street cleaning,Spotless Facility Services Pty Ltd (AU),153653.46,02 May 2029,3669
INV196697,Building maintenance services,Programmed Facility oanagement Pty Ltd,229257.06,10-Jul-2025,3630
INV196698,Open spaces management - region 1,CITYWIDE SERVICE SOLUTIONS PTY LTD,0.1m,26-Mar-2025,3676
INV196699,Melbourne Town Hall venue management,Showtime EventxGroup Pty Ltd,"$93,538.2",27/02/2027,3670
INV196700,Waste management services,Cleanaway Waste Mgmt Limited,10150.5,27 February 2028,3556
INV196701,Street cleaning,spotless facility services pty ltd,215153.72,28/09/13,3669
INV196702,Graffiti management and pressure cleaning services,Calcorp Serv,99618.22,27 January 2026,3668
INV196703,Management of Active Melbourne recreation facilities,Victorian  YMCA  Community  Programming  Pty  Ltd,234579.87,24 October 2025,3615
INV196704,Vehicle tow away and impound services,Nationwide Towing Services,0.2m,2029-12-12,3585
INV196705,Parking technology services,Reino Int’l Pty Ltd T/A Duncan Solutions,39136.17,2028-12-03,3623
INV196706,Civil infrastructure services,citywide service solutions pty ltd,"$6,770.17",2025-09-09,3665
INV196707,Building maintenance services,Programmed Facility Management Pty Ltd,153858.39,2029-01-21,3630
INV196708,Vehicle tow away and impound services,Nationwide Towing Services,63673.6,27/10/16,3585
INV196709,Civil infrastructure services,citywide service solutions pty ltd,"$17,889.94",2027-06-09,3665
INV196710,Integrated security services,NATIONAL PROTECTIVE SERVICES PTY LTD,112298.81 AUD,05/09/2028,3686
INV196711,Tree management maintenance services,CITYWIDE SERVICE SOLUTIONS PTY LTD,0.2m,22 August 2025,3678
INV196712,Management of Active Melbourne recreation facilities,victorian ymca community programming pty ltd,233921.09,15-Apr-2026,3615
INV196713,Building cleaning services,Menzies International (Aust) Pty Ltd,98091.42 AUD,05/11/2028,3634
INV196714,Building maintenance services,Programmed Facility Management Pty Ltd,176660.03,25/07/07,3630
INV196715,Waste management services,CleanawayWasteManagementLimited,0.1m,21/04/2029,3556
INV196716,Vehicle tow away and impound services,Nationwide Towing Services,145448.18,23/03/2028,3585
INV196717,Integrated security services,National Protective Services P/L,0.2m,21 August 2026,3686
INV196718,Open spaces management - region 1,Citywide Service Solutions Pty. Ltd.,175427.21 AUD,06/01/2028,3676
INV196719,Building maintenance services,PROGRAMMED FACILITY MANAGEMENT PTY LTD,"$134,264.47",02/08/2026,3630
INV196720,Management of Active Melbourne recreation facilities,Victorian  YMCA  Community  Programming  Pty  Ltd,181140.83,06/01/2026,3615
INV196721,Open spaces management - region 1,Citywide Service Solutions Pty. Ltd.,178144.99 AUD,28/12/07,3676
INV196722,Parking technology services,Reino International P/L T/A Duncan Solutions,237819.97 AUD,06/01/2029,3623
INV196723,Waste management services,Cleanaway Waste Management Limited,163820.18,17 August 2028,3556
INV196724,Street cleaning,Spotless Facility Services Pty Ltd,126148.91 AUD,01 May 2027,3669
INV196725,Parking technology services,Reino International Pty Ltd T/A Duncan Solutions,"$139,722.4",23/04/2028,3623
INV196726,Building maintenance services,Programmed Facility Management P/L,"$246,456.47",13 October 2026,3630
INV196727,Open spaces management - region 2,SERCO,144916.71,16 June 2029, 
INV196728,Building maintenance services,Programmed  Facility  Management  Pty  Ltd,25359.26,27/09/23,3630
INV196729,Tree management maintenance services,Citywide Service Solutions Pty Ltd (AUS),49033.44,04-Sep-2027,3678
INV196730,Management of Active Melbourne recreation facilities,Victorian YMCA Communi,175515.62 AUD,26/06/05,3615
INV196731,Civil infrastructure services,Citywide Service Solutions Pty Ltd,176647.18,2025-06-27,3665
INV196732,Waste management services,CLEANAWAY WASTE MANAGEMENT LIMITED,"$60,248.46",11/10/2025,3556
INV196733,Building maintenance services,PROGRAMMED FACILITY MANAGEMENT PTY LTD,0.2m,15/03/2025, 
INV196734,Building maintenance services,Progjammed Facility Management Pty Ltd,237621.73,12/03/2026,3630
INV196735,Street cleaning,calcorp services pty ltd,"$228,973.89",07 September 2027,3668
INV196736,Waste management services,Cleanaway Waste Management Limited (AU),174778.93 AUD,07/12/2027,3556
INV196737,Building cleaning services,Menzies Int’l (Aust) Pty Ltd,174183.4,29/01/05,3634
INV196738,Waste management services,Cleanaway Waste Mgmt Limited,72886.81,18/11/2025,3556
INV196739,Management of Active Melbourne recreation facilities,Victorian YMCA Community Programming Pty Ltd (AUS),0.2m,12 January 2027,3615
INV196740,Integrated security services,NATIONAL PROTECTIVE SERVICES PTY LTD,101156.68,15/09/2029,3686
INV196741,Street cleaning,SpotlessFacilityServicesPtyLtd,"$205,121.52",04 January 2025,3669
INV196742,Parking technology services,Reino International Pty. Ltd. T/A Duncan Solutions,"$243,458.96",20/06/2026,3623
INV196743,Parking technology services,Reino International Pty Ltd T/A Duncan Solutions,76110.5,26/04/18,3623
INV196744,Tree management maintenance services,Citywide,19697.37,,3678
INV196745,Tree management maintenance services,citywide service solutions pty ltd,"$134,223.51",04/08/2025,3678
INV196746,Open spaces management - region 1,Citywide  Service  Solutions  Pty  Ltd,66991.85,2029-03-26,3676
INV196747,Parking technology services,Reino,0.0m,14 June 2028, 
INV196748,Building cleaning services,Menzies International (Aust) Pty Ltd,0.1m,07-Sep-2027,3634
INV196749,Waste management services,Cleanaway Waste Management Ltd,7325.07,2025-07-31,3556
INV196750,Civil infrastructure services,citywide service solutions pty ltd,141798.65,26-Jun-2029,3665
INV196751,Management of Active Melbourne recreation facilities,Victorian YMCA Community Programming Pty. Ltd.,225189.36,2027-05-03,3615
INV196752,Parking technology services,ReinoInternationalPtyLtdT/ADuncanSolutions,"$12,153.79",25/04/20,3623
INV196753,Tree management maintenance services,citywide service solutions pty ltd,248522.4,26/02/06,3678
INV196754,Open spaces management - region 1,Citywide Service Solutions Pty. Ltd.,245084.29,2025-03-14,3676
INV196755,Graffiti management and pressure cleaning services,Calcorp Services Pty Ltd (AU),115111.96,27/10/12,3668
INV196756,Civil infrastructure services,Citywide Service Solutions Pty Ltd,0.2m,09/06/2028,3665
INV196757,Civil infrastructure services,Citywide Service Solutions Pty Ltd,"$115,560.84",03 February 2027,3665
INV196758,Open spaces management - region 1,Citywide Service Solutions Pty Ltd (AUS),"$49,779.3",29/10/05,3676
INV196759,Tree management maintenance services,Citywide,109585.69,04/08/2025,3678
INV196760,Open spaces management - region 2,SERCO,"$122,816.61",09/05/2026,3677
INV196761,Open spaces management - region 1,CitywideServiceSolutionsPtyLtd,0.0m,25/06/04,3676
INV196762,Melbourne Town Hall venue management,Showtime Event,0.2m,14-Sep-2029,3670
INV196763,Open spaces management - region 1,CitywideServiceSolutionsPtyLtd,241204.88 AUD,29/10/07,3676
INV196764,Integrated security services,National Protective Services P/L,"$140,368.78",24 October 2029,3686
INV196765,Open spaces management - region 1,Citywide Service Solutions P/L,200646.88 AUD,25/07/2026,3676
INV196766,Building cleaning services,Menzies International (Aust) Pty Ltd (AUS),"$211,587.96",25/10/31,3634
INV196767,Tree management maintenance services,Citywide,0.1m,20/04/2028,3678
INV196768,Tree management maintenance services,Citywide Service Solutions Pty Ltd,0.2m,22 August 2028,3678
INV196769,Building cleaning services,Menzies International (Aust) Pty. Ltd.,155563.68,19-Apr-2029,3634
INV196770,Open spaces management - region 1,Citywide Service Solutions Pty Ltd (AU),"$3,841.87",19/01/2028,3676
INV196771,Graffiti management and pressure cleaning services,Calcorp Services Pty Ltd (AU),0.2m,25/01/08,3668
INV196772,Building maintenance services,Programmed,103495.62,21 May 2027,3630
INV196773,Civil infrastructure services,Citywide Service Solutions Pty Ltd (AU),131304.79 AUD,2027-05-25,3665
INV196774,Integrated security services,National Protective Services Pty Ltd (AU),0.0m,05 January 2026,3686
INV196775,Vehicle tow away and impound services,Nationwide Towing Services,82244.94 AUD,2025-10-04,3585
INV196776,Graffiti management and pressure cleaning services,Calcorp Services Pty Ltd (AU),24136.99,09/04/2026,3668
INV196777,Tree management maintenance services,Citywide Service Solutions Pty Ltd (AUS),"$182,878.93",29/06/18,3678
INV196778,Street cleaning,Spotless Facility Services Pty Ltd,0.2m,01 September 2027,3669
INV196779,Vehicle tow away and impound services,Nationwide Towing Services (AUS),225440.47,08-Aug-2029,3585
INV196780,Building cleaning services,Menzies Int’l (Aust) Pty Ltd,65680.36,13 January 2027,3634
INV196781,Management of Active Melbourne recreation facilities,Victorian YMCA Communi,"$164,588.79",2029-09-03,3615
INV196782,Tree management maintenance services,Citywide Servicq Solutions Pty Ltd,163909.78,25 November 2029,3678
INV196783,Civil infrastructure services,Citywide Service Solutions Pty Ltd,194964.74 AUD,28 November 2026,3665
INV196784,Vehicle tow away and impound services,Nationwide,"$141,617.64",29/01/2029,3585
INV196785,Waste management services,Cleanaway Waste Management Limited (AU),"$155,280.2",24 June 2027,3556
INV196786,Parking technology services,Reino International P/L T/A Duncan Solutions,208526.12,29/05/2028,3623
INV196787,Civil infrastructure services,Citywide Service Solutions Pty Ltd (AU),1510.85 AUD,25/12/2028,3665
INV196788,Management of Active Melbourne recreation facilities,VICTORIAN YMCA COMMUNITY PROGRAMMING PTY LTD,"$97,271.6",29/02/11,3615
INV196789,Vehicle tow away and impound services,NationwideiTowing Services,0.0m,28 September 2028,3585
INV196790,Civil infrastructure services,MENZIES INTERNATIONAL (AUST) PTY LTD,"$200,446.31",13/06/2025,3634
INV196791,Vehicle tow away and impound services,Nationwide Towing Services (AUS),86102.48 AUD,2025-08-30, 
INV196792,Open spaces management - region 1,Citywide Service Solutions Pty Ltd (AUS),0.1m,20-Dec-2029,3676
INV196793,Open spaces management - region 2,SERCO,104340.53,13/07/2029,3677
INV196794,Civil infrastructure services,Citywide Service Solutions Pty Ltd (AU),0.2m,27 August 2027,3665
INV196795,Tree management maintenance services,Citywide Service ,235185.76 AUD,19/08/2029,3678
INV196796,Melbourne Town Hall venue management,SHOWTIME EVENT GROUP PTY LTD,0.1m,21-Jul-2026,3670
INV196797,Civil infrastructure services,CITYWIDE SERVICE SOLUTIONS PTY LTD,"$134,299.03",,3665
INV196798,Waste management services,Cleanaway Waste Management Limited,172698.41 AUD,20 December 2026,3556
INV196799,Graffiti management and pressure cleaning services,CALCORP SERVICES PTY LTD,142955.67 AUD,2027-02-26,3668
INV196800,Management of Active Melbourne recreation facilities,Victorian YMCA Community Programming Pty. Ltd.,221032.78,30/09/2029,3615
INV196801,Tree management maintenance services,CITYWIDE SERVICE SOLUTIONS PTY LTD,81072.82 AUD,25/05/14,3678
INV196802,Building cleaning services,Menzies  International  (Aust)  Pty  Ltd,11842.67,2026-09-22,3634
INV196803,Waste management services,CLEANAWAY WASTE MANAGEMENT LIMITED,150924.06 AUD,2027-11-26,3556
INV196804,Management of Active Melbourne recreation facilities,Victorian YMCA Community Programming Pty. Ltd.,221288.91 AUD,15/04/2028,3615
INV196805,Civil infrastructure services,Citywide Service Solutions Pty. Ltd.,"$76,048.49",2027-04-22,3665
INV196806,Civil infrastructure services,SPOTLESS FACILITY SERVICES PTY LTD,100028.32,26/04/02,3669
INV196807,Parking technology services,Reino International Pty Ltd T/A Duncan Solutions,128586.16,2027-08-30,3623
INV196808,Vehicle tow away and impound services,Nationwide To,162564.39 AUD,10 November 2029,3585
INV196809,Civil infrastructure services,Citywide Service Solutions Pty. Ltd.,157756.37,28-Feb-2028,3665
INV196810,Building maintenance services,Programmed Facility Management Pty Ltd,170967.05 AUD,04-Sep-2029,3630
INV196811,Vehicle tow away and impound services,SERCO,191723.84,26/02/04,3677
INV196812,Building cleaning services,Menzies International (Aust) P/L,0.1m,14-Nov-2028,3634
INV196813,Building maintenance services,Programmed Facility Management Pty Ltd,225215.74 AUD,27/01/21,3630
INV196814,Tree management maintenance services,CitywideServiceSolutionsPtyLtd,74221.27,10 July 2026,3678
INV196815,Tree management maintenance services,Cityeide Service Solutions Pty Ltd,27295.52 AUD,28/07/25, 
INV196816,Graffiti management and pressure cleaning services,CALCORP SERVICES PTY LTD,179290.37,10/04/2028,3668
INV196817,Management of Active Melbourne recreation facilities,victorian ymca community programming pty ltd,"$80,802.69",22-Feb-2026,3615
INV196818,Building cleaning services,Menzies International (Aust) Pty Lmd,110959.07,04/11/2026,3634
INV196819,Open spaces management - region 1,Citywide,0.1m,2025-08-25,3676
INV196820,Open spaces management - region 1,Citywide  Service  Solutions  Pty  Ltd,76565.18,29 May 2028,3676
INV196821,Civil infrastructure services,CITYWIDE SERVICE SOLUTIONS PTY LTD,"$28,232.29",21-Mar-2025,3665
INV196822,Open spaces management - region 2,SERCO,64626.83,2029-11-27,3677
INV196823,Management of Active Melbourne recreation facilities,victorian ymca community programming pty ltd,0.2m,28-Nov-2028, 
INV196824,Open spaces management - region 2,Serco,0.1m,22/10/2027,3677
INV196825,Building cleaning services,Menzies  International  (Aust)  Pty  Ltd,95773.95,25/01/2025,3634
INV196826,Tree management maintenance services,Citywide  Service  Solutions  Pty  Ltd,68271.27,2029-05-06,3678
INV196827,Civil infrastructure services,Citywide ServicehSolutions Pty Ltd,0.0m,2028-10-06,3665
INV196828,Graffiti management and pressure cleaning services,Calcorp Services PtypLtd,173832.54 AUD,24/03/2028,3668
INV196829,Integrated security services,National Protective Services Pty Ltd,105771.09 AUD,29/03/2026,3686
INV196830,Graffiti management and pressure cleaning services,Calcorp Services Pty. Ltd.,45163.44,21 July 2027,3668
INV196831,Street cleaning,Spotless Facility,246200.27,28/06/01,3669
INV196832,Street cleaning,Nationwide kowing Services,14235.77,25/11/2027,3585
INV196833,Vehicle tow away and impound services,NATIONWIDE TOWING SERVICES,103883.75,14/02/2025, 
INV196834,Building cleaning services,menzies international (aust) pty ltd,0.1m,20-Nov-2025, 
INV196835,Civil infrastructure services,Citywide  Service  Solutions  Pty  Ltd,0.2m,11 May 2028,3665
INV196836,Parking technology services,Reino International Pty Ltd T/A Duncan Solutions,"$129,757.91",2027-10-01,3623
INV196837,Building maintenance services,CalcorpServicesPtyLtd,68269.12,03/10/2027,3668
INV196838,Building cleaning services,Menzies International (Aust) Pty Ltd,42526.67 AUD,17/01/2027,3634
INV196839,Management of Active Melbourne recreation facilities,Victorian  YMCA  Community  Programming  Pty  Ltd,218143.34,27-Nov-2029, 
INV196840,Graffiti management and pressure cleaning services,Cnlcorp Services Pty Ltd,206242.92 AUD,07/07/2025,3668
INV196841,Building cleaning services,Menzies International (Aust) P/L,245895.65 AUD,28 August 2025,3634
INV196842,Civil infrastructure services,Citywide Service Solutions Pty Ltd (AUS),"$204,615.6",02 June 2025,3665
INV196843,Building maintenance services,National Protective Services Pty. Ltd.,"$118,065.72",25/11/2027,3686
INV196844,Tree management maintenance services,CitywideServiceSolutionsPtyLtd,18513.66,20-Oct-2025, 
INV196845,Tree management maintenance services,Citywide,0.1m,25/02/23,3678
INV196846,Street cleaning,Spotless Facility Services Pty. Ltd.,"$83,149.96",03/01/2026,3669
INV196847,Building cleaning services,Menzies Internatio,"$75,942.27",08 April 2025,3634
INV196848,Integrated security services,National Protective Services P/L,110812.33,02/02/2029,3686
INV196849,Management of Active Melbourne recreation facilities,Victorian,205700.43,09/05/2025,3615
INV196850,Integrated security services,national protective services pty ltd,15693.16,25 December 2028,3686
INV196851,Vehicle tow away and impound services,Nationwide To,217578.62 AUD,22-Feb-2025,3585
INV196852,Graffiti management and pressure cleaning services,CALCORP SERVICES PTY LTD,52936.43,28/06/2026,3668
INV196853,Open spaces management - region 2,SERCO (AUS),173351.32,29/06/30,3677
INV196854,Melbourne Town Hall venue management,Showtime Event Group Pty Ltd (AU),0.1m,16/12/2026,3670
INV196855,Building maintenance services,Programmed Facility Management Pty Ltd (AU),170946.03 AUD,22/10/2025,3630
INV196856,Building cleaning services,Mengies International (Aust) Pty Ltd,0.2m,11-Aug-2026,3634
INV196857,Street cleaning,SPOTLESS FACILITY SERVICES PTY LTD,0.2m,02 July 2025,3669
INV196858,Street cleaning,spotless facility services pty ltd,221685.99,13/11/2029,3669
INV196859,Street cleaning,spotless facility services pty ltd,0.1m,29 December 2028,3669
INV196860,Building cleaning services,Menzies,36559.69,28/03/31,3634
INV196861,Integrated security services,NationalProtectiveServicesPtyLtd,64581.71,2029-08-26,3686
INV196862,Vehicle tow away and impound services,Nationwide Towing Services,140760.2,2029-10-26,3585
INV196863,Vehicle tow away and impound services,Nwtionwide Towing Services,0.2m,09/05/2026,3585
INV196864,Parking technology services,Reino International Pty ,231581.86 AUD,30-Jun-2027,3623
INV196865,Open spaces management - region 1,Citywide Service Solutions P/L,0.0m,28/10/01, 
INV196866,Building cleaning services,Menzies International (Aust) Pty. Ltd.,"$99,968.31",22/05/2029,3634
INV196867,Street cleaning,SpotlessFacilityServicesPtyLtd,235298.5,06 March 2026, 
INV196868,Tree management maintenance services,Citywide Service Solutions Pty Ltr,0.2m,2027-11-03,3678
INV196869,Building cleaning services,Menzies International (Aust) Pty Ltd,144668.95 AUD,06/02/2029,3634
INV196870,Management of Active Melbourne recreation facilities,Victorian YMCA Community Programming Pty Ltd,212076.06 AUD,16 January 2026,3615
INV196871,Integrated security services,National Protective Services Pty. Ltd.,0.1m,06/11/2027,3686
INV196872,Building cleaning services,Menzies Intemnational (Aust) Pty Ltd,178923.77 AUD,25/09/2027,3634
INV196873,Waste management services,Cleanaway Waste Management Limited (AUS),60089.51,2028-09-15,3556
INV196874,Melbourne Town Hall venue management,Showtime,"$212,136.7",28/01/24,3670
INV196875,Management of Active Melbourne recreation facilities,Victorian YMCA Community Programming Pty Ltd,71703.85,16-Oct-2029,3615
INV196876,Tree management maintenance services,Citywide Service Solutions Pty Ltd,,29/09/2027,3678
INV196877,Vehicle tow away and impound services,Nationwide  Towing  Services,240243.06 AUD,20/08/2029, 
INV196878,Waste management services,CleanawayWasteManagementLimited,"$46,656.04",30/11/2028,3556
INV196879,Vehicle tow away and impound services,Nationwide Towing Services,104622.92 AUD,28/03/2028,3585
INV196880,Melbourne Town Hall venue management,Showtime Event,16570.75 AUD,19 July 2027,3670
INV196881,Building cleaning services,MENZIES INTERNATIONAL (AUST) PTY LTD,0.1m,,3634
INV196882,Management of Active Melbourne recreation facilities,Victorian YMCA Community Prograiming Pty Ltd,0.1m,12-Sep-2026,3615
INV196883,Vehicle tow away and impound services,NationwideTowingServices,"$108,852.88",2028-11-22,3585
INV196884,Open spaces management - region 1,Citywide  Service  Solutions  Pty  Ltd,0.1m,23 January 2027,3676
INV196885,Graffiti management and pressure cleaning services,CalcorpServicesPtyLtd,,11/03/2027,3668
INV196886,Waste management services,Cleanaway Waste Management Limited,0.2m,2029-05-14,3556
INV196887,Open spaces management - region 1,Citywide Service Solutions Pty Ltd (AU),135333.69,14/07/2028,3676
INV196888,Building cleaning services,MenziesInternational(Aust)PtyLtd,86293.53,23/11/2027,3634
INV196889,Tree management maintenance services,Citywide Service Solutionm Pty Ltd,102535.3,27/06/23,3678
INV196890,Graffiti management and pressure cleaning services,CALCORP SERVICES PTY LTD,141170.0,,3668
INV196891,Building cleaning services,Menzies Intl (Aust) Pty Ltd,155640.03 AUD,29/07/30,3634
INV196892,Building cleaning services,Menzies International (Aust) Pty Ltd,"$171,022.58",14 April 2026,3634
INV196893,Tree management maintenance services,Citywide Service Solutions P/L,0.1m,09-Feb-2029,3678
INV196894,Building maintenance services,Programmed Facility Mgmt Pty Ltd,214694.66,29/07/05,3630
INV196895,Management of Active Melbourne recreation facilities,VICTORIAN YMCA COMMUNITY PROGRAMMING PTY LTD,"$236,231.61",16 December 2026,3615
INV196896,Building cleaning services,Menzies International (Aust) Pty Ltd,28847.05,22/03/2026,3634
INV196897,Melbourne Town Hall venue management,Showtime,"$151,553.5",27/03/07,3670
INV196898,Street cleaning,Spotless Facility Services Pty Ltd (AUS),"$231,967.98",2029-12-17,3669
INV196899,Graffiti management and pressure cleaning services,calcorp services pty ltd,0.2m,2025-06-30,3668
INV196900,Vehicle tow away and impound services,NationwideTowingServices,130948.58,2028-06-04,3585
INV196901,Tree management maintenance services,Citywide Service Solutions Pty Ltd (AUS),"$180,531.25",2026-05-24,3678
INV196902,Graffiti management and pressure cleaning services,Calcorp Services Pty Ltd,"$22,218.12",11 January 2028,3668
INV196903,Building maintenance services,ProgrammedFacilityManagementPtyLtd,106112.1 AUD,13-Jul-2029,3630
INV196904,Street cleaning,Spotless  Facility  Services  Pty  Ltd,0.0m,25/11/16,3669
INV196905,Integrated security services,National  Protective  Services  Pty  Ltd,"$14,826.4",2028-10-31,3686
INV196906,Parking technology services,Reino International Pty Ltd T/A Duncan Solutions (AUS),0.1m,16/06/2029,3623
INV196907,Parking technology services,Reino,"$6,127.18",08/06/2026,3623
INV196908,Street cleaning,Spotless Facility Services Pty Ltd,152072.79,2027-03-29,3669
INV196909,Melbourne Town Hall venue management,Showtime Event Group Pty. Ltd.,"$74,831.6",29/06/04,3670
INV196910,Street cleaning,spotless facility services pty ltd,0.2m,16/02/2028,3669
INV196911,Management of Active Melbourne recreation facilities,Victorian  YMCA  Community  Programming  Pty  Ltd,15781.76 AUD,24/02/2026,3615
INV196912,Tree management maintenance services,Citywide Service ,91204.86,04/02/2026,3678
INV196913,Building maintenance services,ProgrammedFacilityManagementPtyLtd,211408.49,25/04/2029,3630
INV196914,Open spaces management - region 2,SERCO,"$25,539.82",2028-12-14,3677
INV196915,Open spaces management - region 2,SERCO (AU),"$52,250.64",22-Apr-2029,3677
INV196916,Parking technology services,Reino International Pty. Ltd. T/A Duncan Solutions,22505.58,30/06/2027, 
INV196917,Waste management services,Cleanaway Waste M,227900.81 AUD,27/02/04,3556
INV196918,Open spaces management - region 2,SERCO,"$162,314.12",30/01/01,3677
INV196919,Open spaces management - region 1,Citywide Service Solutions Pty Ltd (AUS),"$248,976.28",15/08/2027,3676
INV196920,Waste management services,Calcorp  Services  Pty  Ltd,"$162,549.1",29/06/21,3668
INV196921,Integrated security services,national protective services pty ltd,"$140,766.45",29/07/05,3686
INV196922,Graffiti management and pressure cleaning services,Showtime Event Group Pty Ltd,135346.42 AUD,12/04/2028,3670
INV196923,Melbourne Town Hall venue management,Showtime  Event  Group  Pty  Ltd,88739.58,07-Jan-2028,3670
INV196924,Tree management maintenance services,Citywide Service Solutions P/L,239724.79,27/04/01,3678
INV196925,Integrated security services,National Protective Services Pty Ltd,96320.54,08-Nov-2025,3686
INV196926,Management of Active Melbourne recreation facilities,Victorian YMCA Communi,0.1m,2029-10-13,3615
INV196927,Street cleaning,SPOTLESS FACILITY SERVICES PTY LTD,0.2m,2028-08-17,3669
INV196928,Tree management maintenance services,Citywide,195490.74,2025-06-20,3678
INV196929,Civil infrastructure services,Citywide Service Solutions Pty. Ltd.,"$206,225.1",13/06/2027,3665
INV196930,Vehicle tow away and impound services,Nationwide Towing Services (AU),"$93,013.27",2025-08-14,3585
INV196931,Management of Active Melbourne recreation facilities,Victorian  YMCA  Community  Programming  Pty  Ltd,81517.52 AUD,26/09/09,3615
INV196932,Integrated security services,National Protective Services Pty Ltd (AU),"$169,813.97",19-Jun-2025,3686
INV196933,Building cleaning services,Spotless Facility Services Pty Ltd,67024.39 AUD,12/05/2029,3669
INV196934,Management of Active Melbourne recreation facilities,Victorian  YMCA  Community  Programming  Pty  Ltd,"$172,072.02",2027-12-13,3615
INV196935,Open spaces management - region 2,SERCO,3033.11 AUD,2028-01-12,3677
INV196936,Open spaces management - region 1,citywide service solutions pty ltd,"$19,480.76",2028-05-15,3676
INV196937,Waste management services,Cleanaway Waste Management Ltd,176040.89 AUD,13-Mar-2029,3556
INV196938,Melbourne Town Hall venue management,Showtime Event,177937.65,27-Jul-2026,3670
INV196939,Building maintenance services,ProgrammedbFacility Management Pty Ltd,"$225,582.49",27/05/2029,3630
INV196940,Parking technology services,Reino International P/L T/A Duncan Solutions,177695.91,13-Jul-2026,3623
INV196941,Management of Active Melbourne recreation facilities,Victorian,42198.01,27/04/2027,3615
INV196942,Open spaces management - region 1,Citywide Service Solutions P/L,0.0m,2026-12-28,3676
INV196943,Building maintenance services,Programmed,49811.36,17-Apr-2026,3630
INV196944,Tree management maintenance services,CITYWIDE SERVICE SOLUTIONS PTY LTD,0.2m,07/11/2029,3678
INV196945,Graffiti management and pressure cleaning services,Calcorp Services Pty Ltd (AU),211461.37 AUD,23-Sep-2027,3668
INV196946,Integrated security services,NATIONAL PROTECTIVE SERVICES PTY LTD,"$206,282.58",2029-03-04,3686
INV196947,Tree management maintenance services,Citywide Service Solutions Pty Ltd,0.2m,25/11/2027,3678
INV196948,Civil infrastructure services,Citywide,,28/11/05,3665
INV196949,Management of Active Melbourne recreation facilities,Victorian YMCA Community Programming P/L,19857.66,20/04/2029,3615
INV196950,Building maintenance services,Programmed Facilita Management Pty Ltd,0.2m,23 October 2029,3630
INV196951,Open spaces management - region 2,SERCO,77122.22 AUD,18 December 2025,3677
INV196952,Melbourne Town Hall venue management,Showtime Event Group Pty Ltd,236877.58 AUD,2028-07-21,3670
INV196953,Graffiti management and pressure cleaning services,Calcorp Services Pty Ltd (AU),0.0m,25/01/31,3668
INV196954,Civil infrastructure services,CitywideServiceSolutionsPtyLtd,"$70,274.12",25-Aug-2028,3665
INV196955,Street cleaning,Programmed Facility Management Pty Ltd,162851.85 AUD,13/01/2026,3630
INV196956,Open spaces management - region 1,Citywide Service Solutions Pty Ltd (AUS),88593.63,2026-01-20,3676
INV196957,Open spaces management - region 2,SERCO (AU),86452.72,29-Mar-2027,3677
INV196958,Waste management services,Cleanaway Waste Management LTD,"$166,254.39",27/08/2025,3556
INV196959,Tree management maintenance services,Citywide Service ,140866.17,23/07/2026,3678
INV196960,Open spaces management - region 1,Citywide Service Solutions Pty Ltd,"$32,585.93",13/02/2027,3678
INV196961,Tree management maintenance services,Citywide Service Solutionb Pty Ltd,"$153,532.03",10/04/2027,3678
INV196962,Building cleaning services,Menzies Int’l (Aust) Pty Ltd,128032.83 AUD,30/12/2026,3634
INV196963,Building cleaning services,Menzies International (Aust) Pty Ltd (AUS),0.0m,2026-01-24,3634
INV196964,Melbourne Town Hall venue management,Showtime  Event  Group  Pty  Ltd,35628.68,03-Mar-2028,3670
INV196965,Building cleaning services,MenziesInternational(Aust)PtyLtd,24347.77 AUD,25 February 2027,3634
INV196966,Waste management services,Cleanaway Waste Management Limited,0.1m,27/04/08,3556
INV196967,Civil infrastructure services,Citywide Service Solutions Pty Ltd,0.2m,21/09/2026,3665
INV196968,Open spaces management - region 1,CitywideServiceSolutionsPtyLtd,"$121,316.93",25/05/16,3676
INV196969,Building maintenance services,Programmed Facility Management P/L,"$125,184.12",22-Oct-2028,3630
INV196970,Management of Active Melbourne recreation facilities,Victorian YMCA Community Programming P/L,185037.15,16/05/2029,3615
INV196971,Open spaces management - region 1,Citywide Service Solutions Pty Ltd,0.0m,07 May 2027,3676
INV196972,Management of Active Melbourne recreation facilities,Victorian YMCA Community Programming Pty Ltd (AU),0.2m,17/06/2028,3615
INV196973,Street cleaning,SpotlessFacilityServicesPtyLtd,7572.06,2025-11-23,3669
INV196974,Graffiti management and pressure cleaning services,Calcorp Servzces Pty Ltd,"$157,342.99",10/05/2027, 
INV196975,Waste management services,Cleanaway  Waste  Management  Limited,145453.7,14/07/2025,3556
INV196976,Street cleaning,Spotless Facility Services Pty Ltd,45482.29 AUD,2028-06-14,3669
INV196977,Integrated security services,National,"$136,931.26",07 June 2028,3686
INV196978,Building maintenance services,Programmed,0.1m,09/07/2027,3630
INV196979,Graffiti management and pressure cleaning services,Calcorp Services Pty Ltd,564.49 AUD,25/01/2026,3668
INV196980,Parking technology services,Reino Intyrnational Pty Ltd T/A Duncan Solutions,99788.84 AUD,15/07/2029,3623
INV196981,Open spaces management - region 2,SERCO (AUS),29251.3 AUD,30-Aug-2027,3677
INV196982,Street cleaning,spotless facility services pty ltd,91628.63,08-Jun-2029,3669
INV196983,Waste management services,Cleanaway Waste Management Ltd,60404.1,27/11/16,3556
INV196984,Waste management services,Cleanaway Waste Management Limited,222273.37,07 March 2026,3556
INV196985,Building maintenance services,Programmed Facility Management Pty Ltd (AU),"$114,396.45",25/10/25,3630
INV196986,Vehicle tow away and impound services,Nationwide To,"$134,650.33",05 August 2026,3585
INV196987,Parking technology services,Reino International Pty Ltd T/A Duncan Solutions,15622.63 AUD,09-May-2025,3623
INV196988,Tree management maintenance services,Citywide Service Solutions Pty Ltd (AUS),38407.51,25/09/19,3678
INV196989,Civil infrastructure services,CitywideServiceSolutionsPtyLtd,177029.76,01 May 2027,3665
INV196990,Open spaces management - region 1,Citywide Service Solutions Pty Ltd,124420.38,25/01/05,3676
INV196991,Open spaces management - region 1,Citywide  Service  Solutions  Pty  Ltd,"$81,025.11",01 September 2028,3676
INV196992,Building maintenance services,ProgrammedFacilityManagementPtyLtd,0.1m,22/05/2027,3630
INV196993,Melbourne Town Hall venue management,Showtime,206408.24,02/12/2026,3670
INV196994,Tree management maintenance services,Menzies International (Aust) Pty. Ltd.,30605.07,17/02/2029,3634
INV196995,Street cleaning,Spotless Facility Services Ptu Ltd,151820.19 AUD,29/10/03,3669
INV196996,Management of Active Melbourne recreation facilities,Victorian YMCA Community Programming Pty Ltd,"$49,645.52",15 November 2025,3615
INV196997,Parking technology services,Reino  International  Pty  Ltd  T/A  Duncan  Solutions,"$119,463.47",22/02/2028,3623
INV196998,Building maintenance services,Programmed Facility Management Pty Lcd,4636.73,16 February 2028,3630
INV196999,Melbourne Town Hall venue management,ShowtimevEvent Group Pty Ltd,137635.25,14 November 2026,3670
INV197000,Parking technology services,reino international pty ltd t/a duncan solutions,"$136,795.62",01-Jan-2029,3623
