InvoiceID,ContractTitle,Provider,InvoiceAmount,InvoiceDate,ContractNumber
INV316001,Building maintenance services,Programmed Facility Management Pty Ltd (AUS),"$16,683.35",28/06/03, 
INV316002,Building cleaning services,Menzies Internatiodal (Aust) Pty Ltd,"$70,595.8",26/10/30,3634
INV316003,Building maintenance services,Programmed Facility Management P/L,88980.74,18 May 2029,3630
INV316004,Melbourne Town Hall venue management,Showtime Event Group Pty Ltd (AUS),86380.26,2029-10-13,3670
INV316005,Graffiti management and pressure cleaning services,Calcorp Services P/L,28138.84,28/12/16,3668
INV316006,Open spaces management - region 1,Citywide Service Solutions Pty Ltd,226861.04,11-Sep-2026,3676
INV316007,Civil infrastructure services,Citywide,90386.41,25/10/23, 
INV316008,Open spaces management - region 1,Citywide Service Solutions Pty Ltd,0.0m,16-Dec-2027,3676
INV316009,Tree management maintenance services,CITYWIDE SERVICE SOLUTIONS PTY LTD,"$192,024.57",28/01/23,3678
INV316010,Management of Active Melbourne recreation facilities,Victorian YMCA Community Programming Pty. Ltd.,211888.31,26/10/2028,3615
INV316011,Waste management services,Cleanaway Waste Management Limited (AUS),169847.8,2026-08-08,3556
INV316012,Parking technology services,Reino International P/L T/A Duncan Solutions,36550.49 AUD,2027-08-13,3623
INV316013,Tree management maintenance services,Citywide Service Solutions P/L,0.2m,18/05/2028,3678
INV316014,Melbourne Town Hall venue management,Showtime Event Group Pty Ltd,144433.7 AUD,26-Nov-2027,3670
INV316015,Graffiti management and pressure cleaning services,Calcorp Services Pty Ltd (AUS),192561.76,12 May 2028,3668
INV316016,Tree management maintenance services,Citywide Service Solutions Pty Ltd,0.2m,11/11/2028,3678
INV316017,Civil infrastructure services,CITYWIDE SERVICE SOLUTIONS PTY LTD,10164.4,2026-03-20,3665
INV316018,Parking technology services,Reino Intl Pty Ltd T/A Duncan Solutions,48264.4,06/01/2027,3623
INV316019,Parking technology services,Reino International Pty Ltd T/A Duncan Solutions,"$246,560.68",14/09/2027,3623
INV316020,Civil infrastructure services,CitywideServiceSolutionsPtyLtd,"$152,039.38",2027-05-17,3665
INV316021,Melbourne Town Hall venue management,Showtime Event,"$204,993.98",29/08/01,3670
INV316022,Parking technology services,Reino International Pty Ltd T/A Duncan Solutions (AUS),0.2m,2028-03-12,3623
INV316023,Melbourne Town Hall venue management,Showtime,34793.7 AUD,05 November 2026,3670
INV316024,Building cleaning services,Menzies International (Aust) Pty Ltd,150745.8,28/07/25,3634
INV316025,Open spaces management - region 2,Serco,"$91,655.57",15 December 2025,3677
INV316026,Building maintenance services,PROGRAMMED FACILITY MANAGEMENT PTY LTD,0.2m,17 August 2028,3630
INV316027,Tree management maintenance services,citywide service solutions pty ltd,"$22,849.3",2026-04-18,3678
INV316028,Tree management maintenance services,Citywide Service Solutions Pty Ltd,0.1m,24/02/2028,3678
INV316029,Civil infrastructure services,Citywide,178178.41,2025-06-29,3665
INV316030,Graffiti management and pressure cleaning services,CALCORP SERVICES PTY LTD,0.1m,27-Oct-2025,3668
INV316031,Tree management maintenance services,Citywide Service Solutions Pty Ltd,158469.72,27/04/2026,3678
INV316032,Building cleaning services,Menzies Intl (Aust) Pty Ltd,52363.82,20/05/2028,3634
INV316033,Open spaces management - region 1,Citywide Service Solutions Pty Ltd,161435.8 AUD,05-Dec-2026,3676
INV316034,Open spaces management - region 2,serco,172722.61,20/08/2025,3677
INV316035,Tree management maintenance services,CitywideServiceSolutionsPtyLtd,31990.02,18/03/2029,3678
INV316036,Parking technology services,Reino International P/L T/A Duncan Solutions,151671.77,31/12/2025,3623
INV316037,Street cleaning,Spotless,134865.71,19 June 2027,3669
INV316038,Graffiti management and pressure cleaning services,Calcorp Services Pty Ltd (AU),195951.61 AUD,19/04/2025,3668
INV316039,Integrated security services,National Protective Services Pty Ltd,"$3,398.78",26/12/2025,3686
INV316040,Management of Active Melbourne recreation facilities,VictorianYMCACommunityProgrammingPtyLtd,81556.45,03/07/2027,3615
INV316041,Management of Active Melbourne recreation facilities,victorian ymca community programming pty ltd,100910.57,26/11/04,3615
INV316042,Integrated security services,National Protective Services Ptn Ltd,167546.89 AUD,14/03/2029,3686
INV316043,Waste management services,cleanaway waste management limited,33579.92 AUD,2029-09-27,3556
INV316044,Integrated security services,national protective services pty ltd,0.2m,29 May 2029,3686
INV316045,Building cleaning services,Menzies International (Aust) Pty Ltd,167246.32,08-Aug-2027,3634
INV316046,Management of Active Melbourne recreation facilities,Victorian Ymca Community Programming Pty Ltd,243618.9 AUD,2029-03-20,3615
INV316047,Integrated security services,National Protective Services Pty Ltd,11910.14,27/03/2026,3686
INV316048,Parking technology services,Reino,69725.2,2028-04-28,3623
INV316049,Street cleaning,Spotless Facility Services Pty Ltd,"$15,246.45",20 June 2029,3669
INV316050,Graffiti management and pressure cleaning services,Calcorp Services Pty Ltd,154781.35,25/08/23,3668
INV316051,Graffiti management and pressure cleaning services,Calcorp Services Pty Ltd (AU),0.1m,14 September 2025,3668
INV316052,Waste management services,CLEANAWAY WASTE MANAGEMENT LIMITED,245631.15,15/12/2027, 
INV316053,Management of Active Melbourne recreation facilities,Victorian Ymca Community Programming Pty Ltd,179528.82 AUD,26-May-2026,3615
INV316054,Integrated security services,national protective services pty ltd,68312.05,28/06/23,3686
INV316055,Open spaces management - region 2,serco,0.0m,28/01/03,3677
INV316056,Open spaces management - region 1,CITYWIDE SERVICE SOLUTIONS PTY LTD,37526.54 AUD,2029-10-10,3676
INV316057,Street cleaning,Spotless  Facility  Services  Pty  Ltd,0.1m,29/02/23,3669
INV316058,Integrated security services,NationalProtectiveServicesPtyLtd,75881.9 AUD,01/06/2029,3686
INV316059,Building maintenance services,PROGRAMMED FACILITY MANAGEMENT PTY LTD,89094.74 AUD,05/12/2028,3630
INV316060,Tree management maintenance services,SERCO,17270.69 AUD,28/03/2028,3677
INV316061,Tree management maintenance services,Citywide Service ,26755.24,27/10/2025,3678
INV316062,Tree management maintenance services,Citywide Service Solutions Pty Ltd (AUS),39171.98,05/06/2026,3678
INV316063,Civil infrastructure services,Citywide Service Solutions P/L,178260.63,01-Jun-2025,3665
INV316064,Tree management maintenance services,Citywide Service Solutions Pty. Ltd.,"$65,283.09",23/07/2026,3678
INV316065,Management of Active Melbourne recreation facilities,Victorian YMCA Community Programming Pty Ltd,141530.48,18-Oct-2026,3615
INV316066,Open spaces management - region 2,SERCO,0.2m,06/09/2027,3677
INV316067,Waste management services,Cleanaway Waste Management Limited (AU),232204.47,28/05/25,3556
INV316068,Tree management maintenance services,Citywide Service Solutions Pty. Ltd.,38606.75,04/11/2027,3678
INV316069,Vehicle tow away and impound services,Nationwide Towing Services,"$22,254.53",27/03/02,3585
INV316070,Melbourne Town Hall venue management,Syowtime Event Group Pty Ltd,242824.27 AUD,2029-06-15,3670
INV316071,Parking technology services,ReinoInternationalPtyLtdT/ADuncanSolutions,"$157,879.31",27/05/2028,3623
INV316072,Street cleaning,Spotless  Facility  Services  Pty  Ltd,131731.74,25-Sep-2026,3669
INV316073,Building cleaning services,Menzies International (Aust) Pty Ltd,0.2m,13/09/2027,3634
INV316074,Street cleaning,Spotless Facility Services Pty Ltd (AUS),73951.63,29 April 2025,3669
INV316075,Building maintenance services,PROGRAMMED FACILITY MANAGEMENT PTY LTD,0.1m,26/05/05,3630
INV316076,Graffiti management and pressure cleaning services,Calcorp Serv,245951.73 AUD,2028-12-25,3668
INV316077,Vehicle tow away and impound services,Nationwide Towing Services (AU),0.1m,2026-06-07,3585
INV316078,Integrated security services,National Protective Services Pty Ltd,0.1m,15-Jan-2025,3686
INV316079,Open spaces management - region 2,SERCO,0.2m,25/01/29,3677
INV316080,Waste management services,Cleanaway Waste Management Limited,"$112,865.87",27/12/27,3556
INV316081,Melbourne Town Hall venue management,Showtime Event Group Pty. Ltd.,15458.72,12/10/2025,3670
INV316082,Civil infrastructure services,Citywide Service Solutions Pty Ltd (AUS),0.2m,19-Jul-2025,3665
INV316083,Parking technology services,Reino Intl Pty Ltd T/A Duncan Solutions,127860.02,02/10/2026,3623
INV316084,Waste management services,CLEANAWAY WASTE MANAGEMENT LIMITED,"$165,363.77",14/12/2029,3556
INV316085,Open spaces management - region 2,SERCO (AU),120829.51,24/01/2025,3677
INV316086,Waste management services,Cleanaway,"$109,848.44",21/02/2025,3556
INV316087,Vehicle tow away and impound services,NATIONWIDE TOWING SERVICES,"$24,665.06",10-Jan-2028,3585
INV316088,Parking technology services,Reino International Pty Ltd T/A Duncan Solutions,243006.69,17-Aug-2029,3623
INV316089,Vehicle tow away and impound services,Nationwide Towing Services (AUS),0.2m,2025-05-07,3585
INV316090,Civil infrastructure services,Citywide Service Solutions Pty Ltd (AUS),3612.55,23-Jan-2027,3665
INV316091,Street cleaning,Spotless Facility Services P/L,93793.58,2026-12-07,3669
INV316092,Parking technology services,Reino International Pty. Ltd. T/A Duncan Solutions,0.1m,29/10/2029,3623
INV316093,Management of Active Melbourne recreation facilities,VictorianYMCACommunityProgrammingPtyLtd,130684.51,2027-01-18,3615
INV316094,Graffiti management and pressure cleaning services,CalcorpServicesPtyLtd,0.1m,14/08/2025,3668
INV316095,Waste management services,Cleanaway Waste Management Limited (AUS),0.0m,31-Dec-2027,3556
INV316096,Graffiti management and pressure cleaning services,calcorp services pty ltd,54051.58 AUD,2027-10-19,3668
INV316097,Tree management maintenance services,Citywide Service Solutions Pty Ltd (AU),239199.17,27/09/09,3678
INV316098,Street cleaning,Spotless Facijity Services Pty Ltd,1497.73 AUD,2026-06-15,3669
INV316099,Open spaces management - region 1,Menzies International (Aust) Pty Ltd,0.1m,25/09/26,3634
INV316100,Street cleaning,Spotless  Facility  Services  Pty  Ltd,"$146,514.79",21/06/2028,3669
INV316101,Street cleaning,Spotless Facility Services Pty. Ltd.,38431.13,31-May-2025,3669
INV316102,Parking technology services,Reino,66029.81,04-Oct-2029,3623
INV316103,Building maintenance services,Programmed  Facility  Management  Pty  Ltd,106152.31,25/05/2028,3630
INV316104,Parking technology services,Reino International Pty Ltd T/A Duncan Solutions,"$47,311.09",,3623
INV316105,Open spaces management - region 1,citywide service solutions pty ltd,0.2m,2027-12-25,3676
INV316106,Building cleaning services,MenziesInternational(Aust)PtyLtd,17064.66,25/08/2028, 
INV316107,Street cleaning,Spotless Facility Services Pty. Ltd.,42624.94,2029-04-17,3669
INV316108,Graffiti management and pressure cleaning services,Calcorp  Services  Pty  Ltd,68906.01,25/01/2027, 
INV316109,Vehicle tow away and impound services,Nationwide Towing Services (AUS),11896.45,26/02/19,3585
INV316110,Civil infrastructure services,Citywide,"$77,599.06",2028-08-29,3665
INV316111,Street cleaning,Spotless Facility Services Pty Ltd (AUS),"$124,544.54",06-Mar-2029,3669
INV316112,Management of Active Melbourne recreation facilities,Victorian YMCA Communi,42099.71 AUD,12/06/2026,3615
INV316113,Management of Active Melbourne recreation facilities,mictorian YMCA Community Programming Pty Ltd,85123.63,02/06/2029,3615
INV316114,Parking technology services,Reino International Pty Ltd T/A Duncan Solutions,"$102,335.45",28/05/10,3623
INV316115,Waste management services,Cleanaway Waste Management Ltd,"$240,501.95",30-May-2027,3556
INV316116,Integrated security services,National  Protective  Services  Pty  Ltd,14194.84 AUD,17/09/2027,3686
INV316117,Integrated security services,serco,204796.12 AUD,02/02/2027,3677
INV316118,Street cleaning,Spotless Facility Services Pty Ltd,0.0m,27/04/08,3669
INV316119,Graffiti management and pressure cleaning services,Caecorp Services Pty Ltd,0.1m,09/07/2026,3668
INV316120,Waste management services,CLEANAWAY WASTE MANAGEMENT LIMITED,190067.25 AUD,07-Oct-2027,3556
INV316121,Management of Active Melbourne recreation facilities,Victorian Ymca Community Programming Pty Ltd,0.1m,27/03/11,3615
INV316122,Integrated security services,National  Protective  Services  Pty  Ltd,203964.08 AUD,22-Aug-2026, 
INV316123,Tree management maintenance services,menzies international (aust) pty ltd,154431.86 AUD,02-Jul-2026,3634
INV316124,Melbourne Town Hall venue management,Showtime Event Group Pty Ltd (AUS),136986.93,29/09/2026,3670
INV316125,Building maintenance services,Programmed Facility Management Pty Ltd,244089.97,29/09/2026,3630
INV316126,Management of Active Melbourne recreation facilities,Victorian,166980.83,19 June 2026,3615
INV316127,Building cleaning services,Menzies International (Aust) Pty Ltd,145487.64,2025-04-16,3634
INV316128,Management of Active Melbourne recreation facilities,Reino International P/L T/A Duncan Solutions,0.2m,17-Dec-2026,3623
INV316129,Tree management maintenance services,yitywide Service Solutions Pty Ltd,117455.07,01/02/2026,3678
INV316130,Vehicle tow away and impound services,NationwideTowingServices,47268.61 AUD,04 June 2025,3585
INV316131,Melbourne Town Hall venue management,Showtime Event,6586.6,09/02/2028,3670
INV316132,Parking technology services,Reino International Pty Ltd T/A Duncan Solutions (AUS),13153.89 AUD,21-Jul-2029,3623
INV316133,Melbourne Town Hall venue management,Showtime Event Group Pty. Ltd.,"$226,647.91",29/02/01,3670
INV316134,Integrated security services,National Protective Services Pty. Ltd.,118748.49,28/09/2029,3686
INV316135,Open spaces management - region 2,SERCO (AU),227247.56,13/06/2025,3677
INV316136,Management of Active Melbourne recreation facilities,Victorian,229650.83 AUD,2027-12-07,3615
INV316137,Tree management maintenance services,Citywide Service Solutions Pty. Ltd.,"$224,471.17",24-Jan-2027,3678
INV316138,Parking technology services,Spotless,59189.16 AUD,07/12/2026,3669
INV316139,Tree management maintenance services,Citywide Service ,"$202,232.94",2027-10-12,3678
INV316140,Tree management maintenance services,CitywideServiceSolutionsPtyLtd,240464.37,26/11/24,3678
INV316141,Building cleaning services,Menzies Intefnational (Aust) Pty Ltd,19783.34 AUD,28/11/04,3634
INV316142,Open spaces management - region 1,Citywide Service Solutions Pty Ltd (AU),163125.93 AUD,17 August 2029,3676
INV316143,Building maintenance services,Programmed Facility Management Pty Ltd,114488.83,26/11/22,3630
INV316144,Building cleaning services,MenziesInternational(Aust)PtyLtd,16220.03 AUD,2028-01-15,3634
INV316145,Open spaces management - region 1,yitywide Service Solutions Pty Ltd,220594.51,25/09/15,3676
INV316146,Graffiti management and pressure cleaning services,CALCORP SERVICES PTY LTD,0.2m,05/09/2029, 
INV316147,Open spaces management - region 1,citywide service solutions pty ltd,224084.87,22-Sep-2027,3676
INV316148,Management of Active Melbourne recreation facilities,Victorian YMCA Community Programming Pty Ltd (AUS),0.1m,14/11/2026,3615
INV316149,Melbourne Town Hall venue management,Showtime Event Grrup Pty Ltd,22706.51,26/06/22,3670
INV316150,Open spaces management - region 1,Citywide Service Solutions Pty Ltd (AUS),"$180,020.83",18-Oct-2026,3676
INV316151,Civil infrastructure services,Citywide Service Solutions Pty Ltd (AU),0.1m,23/08/2026,3665
INV316152,Integrated security services,National Protective Sermices Pty Ltd,0.1m,21-Feb-2026,3686
INV316153,Waste management services,Reino  International  Pty  Ltd  T/A  Duncan  Solutions,"$186,769.14",10-Jun-2027,3623
INV316154,Parking technology services,menzies international (aust) pty ltd,0.2m,12/07/2028,3634
INV316155,Building maintenance services,programmed facility management pty ltd,67717.59 AUD,2026-05-04,3630
INV316156,Building maintenance services,Programmed Facility Mgmt Pty Ltd,84991.67,23/01/2025,3630
INV316157,Civil infrastructure services,Citywide  Service  Solutions  Pty  Ltd,0.1m,09 June 2028,3665
INV316158,Open spaces management - region 1,Citywide Service Solutions Pty. Ltd.,"$227,547.25",27/08/2029,3676
INV316159,Building cleaning services,MenziesInternational(Aust)PtyLtd,0.1m,19/10/2027,3634
INV316160,Civil infrastructure services,Citywide Service Solutions Pty Ltd,0.2m,16/04/2029,3665
INV316161,Vehicle tow away and impound services,Nationwide Towing Services,179711.96,15/12/2029,3585
INV316162,Waste management services,Cleanaway  Waste  Management  Limited,249699.23,18/03/2028,3556
INV316163,Integrated security services,National  Protective  Services  Pty  Ltd,0.1m,05-Jan-2026,3686
INV316164,Street cleaning,SpotlessFacilityServicesPtyLtd,101488.21,20 March 2026,3669
INV316165,Open spaces management - region 1,Citywide Service Solutions Pty Ltd (AU),68360.68,31-Mar-2029,3676
INV316166,Building maintenance services,Programmed Facility Management Pty. Ltd.,113434.19,18/09/2028,3630
INV316167,Graffiti management and pressure cleaning services,Calcorp Services Pty Ltd,"$21,017.06",23/05/2029,3668
INV316168,Tree management maintenance services,Citywide Service Solutions Pty Ltd,762.28 AUD,16/09/2029,3678
INV316169,Open spaces management - region 2,serco,72649.61,19-Sep-2029,3677
INV316170,Open spaces management - region 1,Citywide Service Solutions Pty Ltd (AU),0.1m,29/11/12,3676
INV316171,Tree management maintenance services,Citywide Service Solutions Pty Ltd,58111.69 AUD,11 April 2025,3678
INV316172,Civil infrastructure services,Citywide Service Solutions Pty Ltd,69210.58 AUD,25/08/28,3665
INV316173,Waste management services,Cleanaway Waste Management Limited (AU),236582.17,16/05/2027, 
INV316174,Civil infrastructure services,Citywide Service Solutions Pty Ltd,71635.73 AUD,09-Apr-2025,3665
INV316175,Graffiti management and pressure cleaning services,Calcorp Services Pty Ltd (AUS),43767.67,03/04/2028, 
INV316176,Open spaces management - region 1,Citywide ServicejSolutions Pty Ltd,213287.03 AUD,25/09/12,3676
INV316177,Parking technology services,Reino International Pty Ltd T/A Duncan Solutions (AU),"$246,047.09",24-May-2026,3623
INV316178,Tree management maintenance services,Citywide Service Solutions Pty Ltd (AUS),0.0m,31-Oct-2025,3678
INV316179,Graffiti management and pressure cleaning services,Calcorp Services Pty Ltd (AUS),81243.59,17/11/2028,3668
INV316180,Street cleaning,Spotless Facility Services Pty Ltd,0.1m,06-Dec-2026,3669
INV316181,Street cleaning,Spotless Facility Services P/L,"$204,385.99",16/11/2027,3669
INV316182,Open spaces management - region 1,Citywide Service Solutions Pty Ltd (AU),"$77,722.45",19-Sep-2027,3676
INV316183,Management of Active Melbourne recreation facilities,Victorian  YMCA  Community  Programming  Pty  Ltd,"$249,438.08",05 June 2028,3615
INV316184,Open spaces management - region 1,Citywide Service ,117192.06,16-Sep-2027,3676
INV316185,Graffiti management and pressure cleaning services,CALCORP SERVICES PTY LTD,247837.81,26/08/2028,3668
INV316186,Melbourne Town Hall venue management,Showtime Event Group Pty Ltd (AU),0.1m,29/12/2025,3670
INV316187,Building maintenance services,Programmed  Facility  Management  Pty  Ltd,0.2m,2028-01-29,3630
INV316188,Street cleaning,Spotless Facility Services Pty Ltd,249663.38 AUD,2026-10-20,3669
INV316189,Open spaces management - region 1,citywide service solutions pty ltd,139376.04,02-Jan-2029,3676
INV316190,Civil infrastructure services,Citywide Service Solutions Pty Ltd,76003.07,10-Mar-2028, 
INV316191,Open spaces management - region 2,Serco,0.1m,2025-09-12,3677
INV316192,Civil infrastructure services,CITYWIDE SERVICE SOLUTIONS PTY LTD,156406.23 AUD,27/11/02,3665
INV316193,Waste management services,CleanawayWasteManagementLimited,220193.6,01 May 2025,3556
INV316194,Management of Active Melbourne recreation facilities,Victorian YMCA oommunity Programming Pty Ltd,0.2m,2026-02-17,3615
INV316195,Graffiti management and pressure cleaning services,Calcorp  Services  Pty  Ltd,162842.99 AUD,24-Jan-2025,3668
INV316196,Waste management services,Cleanaway Waste Management LTD,0.2m,08 April 2027,3556
INV316197,Management of Active Melbourne recreation facilities,Victorian YMCA Community Programming Pty. Ltd.,,29/02/02,3615
INV316198,Management of Active Melbourne recreation facilities,SpotlessFacilityServicesPtyLtd,53795.2 AUD,14/03/2025,3669
INV316199,Street cleaning,Spotless Facility Sewvices Pty Ltd,138394.01,2025-03-16,3669
INV316200,Civil infrastructure services,Citywide  Service  Solutions  Pty  Ltd,,04 December 2028,3665
INV316201,Street cleaning,Spotless Facility Services Pty. Ltd.,"$203,512.2",27/03/2029,3669
INV316202,Graffiti management and pressure cleaning services,CalcorpServicesPtyLtd,225239.54,25/03/2027,3668
INV316203,Civil infrastructure services,CitywideServiceSolutionsPtyLtd,133098.03 AUD,08/10/2026,3665
INV316204,Tree management maintenance services,Citywide Service Solutions P/L,173726.4,08-Jul-2029,3678
INV316205,Management of Active Melbourne recreation facilities,Victorian Ymca Community Programming Pty Ltd,15158.01,02/12/2025,3615
INV316206,Waste management services,Cleanaway Waste Management Limited,120644.6,29/12/16,3556
INV316207,Building cleaning services,Menzies International (Aust) Pty Ltd (AU),0.1m,2026-10-30,3634
INV316208,Vehicle tow away and impound services,Nationwide  Towing  Services,64594.2 AUD,2028-03-24,3585
INV316209,Open spaces management - region 1,Citywide Service Solutions Pty Ltd (AU),"$77,340.85",26/11/14,3676
INV316210,Graffiti management and pressure cleaning services,Calcorp Services Pty. Ltd.,243423.41,12-Nov-2027,3668
INV316211,Open spaces management - region 1,Citywide Service Solutions Pty Ltd,121623.73 AUD,2028-12-24,3676
INV316212,Tree management maintenance services,citywide service solutions pty ltd,186054.52,19 August 2027,3678
INV316213,Open spaces management - region 2,serco,203913.3,2027-12-07,3677
INV316214,Melbourne Town Hall venue management,ShowtimeEventGroupPtyLtd,"$104,360.75",13/03/2027,3670
INV316215,Integrated security services,National Protective Services Pty Ltd,0.1m,28/04/19,3686
INV316216,Street cleaning,Spotless Facility Services Pty Ltd,66285.25 AUD,10/05/2029,3669
INV316217,Building maintenance services,Programmed Facility Mgmt Pty Ltd,"$220,517.76",27/09/15, 
INV316218,Street cleaning,Spotless Facility Services P/L,0.2m,12/08/2029,3669
INV316219,Waste management services,Cleanaway,193939.78 AUD,07-Apr-2025,3556
INV316220,Waste management services,Cleanaway Waste Managexent Limited,72997.08,23/01/2026,3556
INV316221,Parking technology services,Reino,151531.94,16/09/2027,3623
INV316222,Melbourne Town Hall venue management,Showtime  Event  Group  Pty  Ltd,32990.41,28-Jun-2025,3670
INV316223,Melbourne Town Hall venue management,ShowtimeEventGroupPtyLtd,2907.47,14-Mar-2025,3670
INV316224,Parking technology services,Reino International Pty Ltd T/A Duncan Solutions,40546.11 AUD,28/12/20,3623
INV316225,Street cleaning,spotless facility services pty ltd,"$129,049.68",15 April 2027,3669
INV316226,Open spaces management - region 2,SERCO,103271.78 AUD,04-Nov-2026,3677
INV316227,Management of Active Melbourne recreation facilities,VictorianYMCACommunityProgrammingPtyLtd,0.0m,16/10/2027,3615
INV316228,Melbourne Town Hall venue management,ShowtimeEventGroupPtyLtd,68386.52,29/09/30,3670
INV316229,Open spaces management - region 2,SERCO,"$188,074.03",27/04/13,3677
INV316230,Integrated security services,National Protectiv,"$123,446.45",28/05/2029,3686
INV316231,Open spaces management - region 1,Citywide  Service  Solutions  Pty  Ltd,0.2m,02 November 2029,3676
INV316232,Civil infrastructure services,Citywide,0.2m,2029-12-04,3665
INV316233,Integrated security services,National Protective Services Pty Ltd (AUS),104044.23,28/01/14,3686
INV316234,Vehicle tow away and impound services,Nationwide Towing Services (AU),0.2m,28/08/22,3585
INV316235,Open spaces management - region 1,Citywide Service Solutions Pty Ltd,201563.66,2029-02-17,3676
INV316236,Management of Active Melbourne recreation facilities,Victorian YMCA Community Programming P/L,34394.41,2027-04-01,3615
INV316237,Waste management services,Cleanaway Waste Management Limited,203936.31,31 August 2026,3556
INV316238,Parking technology services,Reino Intl Pty Ltd T/A Duncan Solutions,"$196,896.62",24 June 2029,3623
INV316239,Open spaces management - region 2,Serco,"$94,199.32",03/10/2026,3677
INV316240,Graffiti management and pressure cleaning services,Calcorp Services Pty. Ltd.,0.0m,23/08/2027,3668
INV316241,Civil infrastructure services,Citywide Service Solutions Pty. Ltd.,242471.19,25/02/06,3665
INV316242,Melbourne Town Hall venue management,Showtime Event Group Pty Ltd (AUS),92799.91,26 January 2025,3670
INV316243,Open spaces management - region 1,Citywide Service Solutions Pty Ltd,108867.98,03 July 2026,3676
INV316244,Melbourne Town Hall venue management,Showtime Event Group Pty Ltd (AUS),0.2m,30/07/2026,3670
INV316245,Building cleaning services,Menzies International (Aust) Pty Ltd,,28/09/12,3634
INV316246,Graffiti management and pressure cleaning services,Calcorp Serv,152877.23,08-Aug-2029,3668
INV316247,Waste management services,Cleanaway Waste M,72879.93 AUD,31 October 2028,3556
INV316248,Civil infrastructure services,Menzies Intl (Aust) Pty Ltd,"$168,032.23",23-Feb-2029,3634
INV316249,Management of Active Melbourne recreation facilities,Victorian YMCA Community Programming P/L,"$90,252.09",27/04/2027,3615
INV316250,Melbourne Town Hall venue management,Showtime Event Group Pty Ltd,183196.17 AUD,31/08/2026,3670
INV316251,Waste management services,Cleanaway  Waste  Management  Limited,0.0m,27-Sep-2025,3556
INV316252,Tree management maintenance services,Citywide Service Solutions Pty Ltd,138474.39,22-Feb-2029,3678
INV316253,Management of Active Melbourne recreation facilities,Victorian YMCA Community Programming P/L,135792.27,03/05/2029,3615
INV316254,Parking technology services,Reino International Pty Ltd T/A Duncan Solutions,"$6,059.5",10/07/2029,3623
INV316255,Street cleaning,Spotless Facility Services Pty. Ltd.,55814.01 AUD,2029-05-16,3669
INV316256,Graffiti management and pressure cleaning services,CALCORP SERVICES PTY LTD,171336.4 AUD,13-May-2025,3668
INV316257,Melbourne Town Hall venue management,Showtime Event,"$15,546.56",30 April 2029,3670
INV316258,Waste management services,Cleanaway Waste Management Ltd,"$38,167.69",11/05/2029,3556
INV316259,Vehicle tow away and impound services,nationwide towing services,"$162,208.5",30/05/2029,3585
INV316260,Graffiti management and pressure cleaning services,malcorp Services Pty Ltd,130606.16,08-Mar-2028,3668
INV316261,Vehicle tow away and impound services,nationwide towing services,,22-Mar-2025,3585
INV316262,Melbourne Town Hall venue management,Showtime,"$89,985.03",2029-04-21, 
INV316263,Open spaces management - region 2,SERCO (AU),169290.16,2026-04-07,3677
INV316264,Waste management services,Cleanaway Waste M,0.0m,31/12/2029,3556
INV316265,Melbourne Town Hall venue management,Showtime  Event  Group  Pty  Ltd,82607.36 AUD,28/09/16,3670
INV316266,Tree management maintenance services,Citywide Service Solutions Pty Ltd (AUS),203948.96,23/10/2029,3678
INV316267,Parking technology services,Reino International Pty Ltd T/A Duncan Solutions (AU),86545.12,14/12/2026,3623
INV316268,Parking technology services,REINO INTERNATIONAL PTY LTD T/A DUNCAN SOLUTIONS,95681.51,25/07/07,3623
INV316269,Tree management maintenance services,Citywide Service Solutions Pty Ltd,"$33,042.68",06/01/2025,3678
INV316270,Parking technology services,Reino Intl Pty Ltd T/A Duncan Solutions,82348.95,30-Dec-2026,3623
INV316271,Building cleaning services,Menzies  International  (Aust)  Pty  Ltd,43048.38 AUD,12/01/2029,3634
INV316272,Vehicle tow away and impound services,Nationwide,"$82,139.07",12/11/2026, 
INV316273,Graffiti management and pressure cleaning services,Calcorp,66672.86,14/06/2028,3668
INV316274,Parking technology services,Reino International Pty. Ltd. T/A Duncan Solutions,172283.8 AUD,16-Dec-2026,3623
INV316275,Parking technology services,Reino International Pty Ltd T/A Duncan Solutions,210990.03 AUD,27/08/17,3623
INV316276,Building maintenance services,PROGRAMMED FACILITY MANAGEMENT PTY LTD,0.1m,2028-01-14,3630
INV316277,Melbourne Town Hall venue management,Showtime Event Group Pty Ltd,0.0m,19/02/2029,3670
INV316278,Melbourne Town Hall venue management,Showtime Event Group Pty Ltd (AUS),"$190,097.94",,3670
INV316279,Parking technology services,Reino International Pty Ltd T/A Duncan Solutions,75059.83 AUD,01 March 2029,3623
INV316280,Civil infrastructure services,Citywide Service Solutions Pty Ltd (AUS),"$189,931.19",2028-02-26,3665
INV316281,Tree management maintenance services,Citywide,227042.84,11/11/2027,3678
INV316282,Waste management services,Cleanaway Waste Management Limited,163409.16,22 March 2026,3556
INV316283,Integrated security services,National Protective Services Pty. Ltd.,8144.23,02/12/2027,3686
INV316284,Building maintenance services,Programmed Facility Management Pty Ltd,143917.6,06/02/2028,3630
INV316285,Melbourne Town Hall venue management,Showtime Event Group Ptg Ltd,215822.66,2028-01-30,3670
INV316286,Building maintenance services,Programmed Facility Managemenf Pty Ltd,"$97,391.98",29/05/04,3630
INV316287,Integrated security services,National,156145.54 AUD,2025-03-15,3686
INV316288,Integrated security services,National Protective Services Pty. Ltd.,"$159,745.33",24/07/2028,3686
INV316289,Street cleaning,Spotless Facility Services Pte Ltd,0.2m,2027-07-09,3669
INV316290,Management of Active Melbourne recreation facilities,Victorian YMCA Community Pvogramming Pty Ltd,77074.66,25/05/16,3615
INV316291,Building maintenance services,Programmed Facility Managemeit Pty Ltd,232853.57,27/03/17,3630
INV316292,Open spaces management - region 2,serco,137410.4,2029-12-04,3677
INV316293,Open spaces management - region 1,Citywide  Service  Solutions  Pty  Ltd,207906.39,31 January 2026,3676
INV316294,Open spaces management - region 2,SERCO,0.2m,24/04/2026,3677
INV316295,Vehicle tow away and impound services,Nationwide Towing Services,0.0m,24 September 2025,3585
INV316296,Parking technology services,Reino,217108.58,2027-09-06,3623
INV316297,Civil infrastructure services,Citywide Service ,171447.14,27 August 2025,3665
INV316298,Building maintenance services,Programmed Facility Management Pty. Ltd.,0.2m,21-Nov-2027,3630
INV316299,Management of Active Melbourne recreation facilities,Victorian YMCA Community Programming Pty Ltd,190754.87 AUD,25/07/2026, 
INV316300,Integrated security services,National Protective Services Pty. Ltd.,247533.95,10-Oct-2026,3686
INV316301,Street cleaning,Spotless Facility Services Pty. Ltd.,0.1m,25/09/03,3669
INV316302,Integrated security services,National Protective Services Pty Ltd (AUS),138276.89,27-Apr-2025,3686
INV316303,Graffiti management and pressure cleaning services,Calcorp Services Pty Ltd,75748.09,29/05/20,3668
INV316304,Parking technology services,Reino International P/L T/A Duncan Solutions,0.1m,2027-09-22,3623
INV316305,Vehicle tow away and impound services,Nationwide Towing Services,71598.83,12/10/2027,3585
INV316306,Parking technology services,Reino International Pty Ltd T/A Duncan Solutions (AUS),"$154,274.12",10-Oct-2029,3623
INV316307,Tree management maintenance services,CITYWIDE SERVICE SOLUTIONS PTY LTD,20844.69 AUD,07/01/2025,3678
INV316308,Open spaces management - region 1,citywide service solutions pty ltd,190497.35 AUD,01-May-2028,3676
INV316309,Street cleaning,Spotless Facility Services Pty Ltd,0.1m,28/06/28,3669
INV316310,Street cleaning,Spotless Facility,21113.42,27/03/29,3669
INV316311,Melbourne Town Hall venue management,Showtime,"$35,705.56",2029-08-22,3670
INV316312,Graffiti management and pressure cleaning services,CALCORP SERVICES PTY LTD,77256.72,16-Dec-2026,3668
INV316313,Tree management maintenance services,Citywide Service Solutions P/L,0.2m,17/08/2025,3678
INV316314,Integrated security services,National Protective Services Pty Ltd,64707.57,28/06/26,3686
INV316315,Parking technology services,Reino International Pty Ltd T/A Duncan Solutions,211217.35,24 January 2025,3623
INV316316,Building maintenance services,Programmed Facility Mgmt Pty Ltd,220482.35,03/06/2025,3630
INV316317,Parking technology services,Reino,112824.91,26/07/2028,3623
INV316318,Integrated security services,National  Protective  Services  Pty  Ltd,0.1m,08/10/2028,3686
INV316319,Building maintenance services,Programmed Facility Management Pty Ltd,155111.13,29/02/10,3630
INV316320,Open spaces management - region 1,CitywideServiceSolutionsPtyLtd,0.1m,03-Feb-2028,3676
INV316321,Melbourne Town Hall venue management,Citywide Service Solutions Pty Ltd,0.1m,31/10/2027,3678
INV316322,Waste management services,Cleanaway Waste M,0.2m,08-Jan-2025,3556
INV316323,Tree management maintenance services,Citywide Service Solutions Pty Ltd,163732.73,2028-07-15,3678
INV316324,Waste management services,Cleanaway Waste M,"$7,822.99",2028-03-19,3556
INV316325,Integrated security services,NATIONAL PROTECTIVE SERVICES PTY LTD,117024.17 AUD,12/08/2028,3686
INV316326,Open spaces management - region 2,SEuCO,172255.63,01/11/2026,3677
INV316327,Waste management services,Cleanaway Waste Management Ltd,170134.59,01 October 2027,3556
INV316328,Civil infrastructure services,Citywide  Service  Solutions  Pty  Ltd,0.1m,27-Dec-2027,3665
INV316329,Integrated security services,National Protectiv,0.1m,25/08/19, 
INV316330,Parking technology services,Reino International Pty Ltd T/A Duncan Solutions,143098.77,29/06/01,3623
INV316331,Parking technology services,Reino International Pty Ltd T/A Duncan Solutions,127741.64,14/12/2027,3623
INV316332,Parking technology services,Reino International Pty Ltd T/A Duncan Solutions,219843.76 AUD,25 July 2028, 
INV316333,Graffiti management and pressure cleaning services,CalcorpServicesPtyLtd,230070.92,04 May 2029,3668
INV316334,Tree management maintenance services,Citywide Service Solutions Pty Ltd,"$69,500.43",21/05/2028,3678
INV316335,Street cleaning,Spotless Facility Services Pty Ltd,0.2m,24-Jun-2027,3669
INV316336,Melbourne Town Hall venue management,Nationwide To,13938.89,07-Dec-2029,3585
INV316337,Tree management maintenance services,Citywide Service ,0.1m,2028-05-03,3678
INV316338,Parking technology services,Reino Intl Pty Ltd T/A Duncan Solutions,203862.75,20-Feb-2029,3623
INV316339,Management of Active Melbourne recreation facilities,Victorian Ymca Community Programming Pty Ltd,0.0m,16-Jul-2025,3615
INV316340,Vehicle tow away and impound services,Nationwide Towing Services (AUS),0.2m,26/12/22,3585
INV316341,Civil infrastructure services,Citywide Service Solutions Pty Ltd (AUS),"$25,433.0",18-Sep-2026,3665
INV316342,Building maintenance services,Programmed Facility Management Pty Ltd (AUS),6030.72,28 January 2025,3630
INV316343,Building maintenance services,Programmed Faculity Management Pty Ltd,"$169,002.03",14-Mar-2027, 
INV316344,Open spaces management - region 2,SERCO (AU),0.0m,26/03/17,3677
INV316345,Open spaces management - region 1,Citywide  Service  Solutions  Pty  Ltd,"$62,423.11",2029-11-06,3676
INV316346,Open spaces management - region 1,Citywide  Service  Solutions  Pty  Ltd,94803.84,09/11/2027,3676
INV316347,Civil infrastructure services,CitywideServiceSolutionsPtyLtd,122642.97,16 June 2027,3665
INV316348,Building maintenance services,Programmed Facility Management Pty Ltd (AUS),44501.77,28/12/10,3630
INV316349,Waste management services,CLEANAWAY WASTE MANAGEMENT LIMITED,0.2m,25/06/19,3556
INV316350,Integrated security services,National Protective Services P/L,0.2m,26/05/2029,3686
INV316351,Management of Active Melbourne recreation facilities,Victorian  YMCA  Community  Programming  Pty  Ltd,13928.41,08/03/2027,3615
INV316352,Management of Active Melbourne recreation facilities,Victorian YMCA Community Programming Pty Ltd (AU),54584.13,13/12/2028,3615
INV316353,Tree management maintenance services,Citywide  Service  Solutions  Pty  Ltd,189471.56 AUD,20/05/2025,3678
INV316354,Tree management maintenance services,Citywide Service Solutions Pty. Ltd.,127215.08 AUD,12-Sep-2026,3678
INV316355,Waste management services,Cleanaway  Waste  Management  Limited,44458.18 AUD,18/02/2029,3556
INV316356,Waste management services,Cleanaway,93079.68,05-May-2027,3556
INV316357,Open spaces management - region 2,Serco,11598.46,23 September 2028,3677
INV316358,Building cleaning services,Menzies Intl (Aust) Pty Ltd,4610.78,15/10/2028,3634
INV316359,Open spaces management - region 2,SERCO,6973.01 AUD,15/02/2025,3677
INV316360,Building cleaning services,menzies international (aust) pty ltd,39810.76,20-Jan-2027,3634
INV316361,Street cleaning,Spotless Facility Services Pty Ltd,"$78,691.3",23-Jun-2025,3669
INV316362,Building maintenance services,programmed facility management pty ltd,"$207,546.67",27/06/20,3630
INV316363,Integrated security services,National Protective Services Pty Ltd,0.2m,14/11/2025, 
INV316364,Parking technology services,Reino International Pty Ltd T/A Duncan Solutions (AU),102702.78 AUD,26/10/19,3623
INV316365,Graffiti management and pressure cleaning services,CALCORP SERVICES PTY LTD,83520.28,15 September 2027,3668
INV316366,Integrated security services,NationalProtectiveServicesPtyLtd,138753.09,15 July 2026, 
INV316367,Building cleaning services,Menzies Internatiotal (Aust) Pty Ltd,61369.23,09 October 2025,3634
INV316368,Building maintenance services,Programmed Facility Management Pty Ltd,25733.98 AUD,28/07/08,3630
INV316369,Parking technology services,Reino International Pty Ltd T/A Duncan Solutions (AUS),"$90,701.9",2026-08-18,3623
INV316370,Building cleaning services,Menzies International (Aust) P/L,208327.01 AUD,18/07/2027,3634
INV316371,Graffiti management and pressure cleaning services,Calcorp Services Pty. Ltd.,627.2,16/06/2026,3668
INV316372,Integrated security services,National Protective Services Pty Ltd (AU),184886.08,06-Aug-2029,3686
INV316373,Integrated security services,National Protective Services P/L,180745.33 AUD,2028-05-30,3686
INV316374,Open spaces management - region 2,Programmed Facility Management P/L,29478.81,02/09/2027, 
INV316375,Integrated security services,National,148381.36,16/02/2028,3686
INV316376,Vehicle tow away and impound services,Nationwide Towing Services,"$217,047.69",17-Feb-2029,3585
INV316377,Civil infrastructure services,Citywide Service Solutions Pty Ltd (AUS),474.56,02 April 2025,3665
INV316378,Civil infrastructure services,Citywide Service Solutions Pty Ltd,199853.32 AUD,2028-08-12,3665
INV316379,Open spaces management - region 1,Citywide Service Solutions Pty Ltd (AU),"$11,390.17",26/04/15,3676
INV316380,Open spaces management - region 2,Serco,"$132,189.12",2025-08-25,3677
INV316381,Tree management maintenance services,Citywide  Service  Solutions  Pty  Ltd,142167.2 AUD,2027-11-29,3678
INV316382,Integrated security services,National,0.0m,2028-01-01,3686
INV316383,Parking technology services,Reino International Pty ,"$202,187.56",08-Jul-2026,3623
INV316384,Building cleaning services,Menzies International (Aust) Pty Ltd,86460.74 AUD,12-Oct-2025,3634
INV316385,Building cleaning services,Menzifs International (Aust) Pty Ltd,73731.43,2027-12-17,3634
INV316386,Waste management services,cleanaway waste management limited,207137.6,07 March 2025,3556
INV316387,Street cleaning,Spotless Facility Services Pty Ltd (AUS),209209.81,27 March 2029,3669
INV316388,Management of Active Melbourne recreation facilities,Victorian YMCA Community Programming Pty Ltd (AUS),212692.73,15-Dec-2025,3615
INV316389,Street cleaning,Spotless Facility Services Pty Ltd,51541.39,10/12/2029,3669
INV316390,Open spaces management - region 1,Citywide Service Solutions Pty Ltd (AUS),223380.77,25-Feb-2026,3676
INV316391,Parking technology services,Reino International Pty Ltd T/A Duncan Solutions,106021.53,16/08/2028,3623
INV316392,Tree management maintenance services,Citywide Service ,14057.29,15-Sep-2028,3678
INV316393,Parking technology services,Reino International Pty Ltd T/A Duncan Solutions,0.2m,19/05/2029,3623
INV316394,Tree management maintenance services,Citywide Service Solutions Pty Ltd,112250.61,06-Feb-2025,3678
INV316395,Open spaces management - region 2,SERCO (AU),138313.87,2026-09-30,3677
INV316396,Building maintenance services,Programmed Facility Management Pty Ltd (AUS),"$112,855.17",04/06/2026,3630
INV316397,Waste management services,Cleanaway,"$177,357.11",06 April 2029,3556
INV316398,Open spaces management - region 1,Citywide Service Solutions Pty Ltd (AU),0.1m,28/04/20,3676
INV316399,Tree management maintenance services,Citywide Service Solutions P/L,151869.15 AUD,20/06/2025,3678
INV316400,Parking technology services,REINO INTERNATIONAL PTY LTD T/A DUNCAN SOLUTIONS,174090.84 AUD,27/01/05,3623
INV316401,Graffiti management and pressure cleaning services,Calcorp Services Pty Ltd (AUS),22746.37,15-Jun-2027,3668
INV316402,Street cleaning,jpotless Facility Services Pty Ltd,0.1m,28/12/2026,3669
INV316403,Vehicle tow away and impound services,Nationwide Towing Services,81782.62 AUD,28/08/2027,3585
INV316404,Tree management maintenance services,Citywide Service Solutions Pty Ltd,6720.15 AUD,2026-08-22, 
INV316405,Building maintenance services,Programmed Facility Management Pty Ltd (AUS),0.2m,20 March 2028,3630
INV316406,Vehicle tow away and impound services,nationwide towing services,174831.32,01/10/2026,3585
INV316407,Graffiti management and pressure cleaning services,Calcorp Services Pty Ltd,16402.93,26/04/12,3668
INV316408,Building maintenance services,Programmed  Facility  Management  Pty  Ltd,"$248,765.47",24/05/2025,3630
INV316409,Open spaces management - region 2,serco,153379.59,23 June 2026,3677
INV316410,Waste management services,cleanaway waste management limited,102035.61,20-Jul-2029,3556
INV316411,Management of Active Melbourne recreation facilities,victorian ymca community programming pty ltd,13828.1 AUD,02/04/2027,3615
INV316412,Civil infrastructure services,Citywide,"$16,881.67",2028-06-02,3665
INV316413,Management of Active Melbourne recreation facilities,Victorian YMCA Community Programming Pty Ltd (AU),210828.11,2028-03-18,3615
INV316414,Management of Active Melbourne recreation facilities,Victoriau YMCA Community Programming Pty Ltd,"$8,796.5",2026-10-09,3615
INV316415,Civil infrastructure services,Citywide Service Solutions P/L,115824.14,2027-01-20,3665
INV316416,Management of Active Melbourne recreation facilities,VictorianYMCACommunityProgrammingPtyLtd,91279.55 AUD,02 December 2027,3615
INV316417,Integrated security services,National Protective Seqvices Pty Ltd,"$29,755.45",11-Apr-2026,3686
INV316418,Management of Active Melbourne recreation facilities,victorian ymca community programming pty ltd,0.2m,25-Jun-2028,3615
INV316419,Open spaces management - region 1,Citywide Service Solutions P/L,16914.73,2029-06-25,3676
INV316420,Street cleaning,Spotless Facility Services Pty. Ltd.,147690.36,,3669
INV316421,Building cleaning services,Menzies,"$23,930.09",2025-08-16,3634
INV316422,Civil infrastructure services,Citywide Service Solutions Pty Ltd,6032.81 AUD,18/04/2028,3665
INV316423,Waste management services,CleanawayWasteManagementLimited,100409.65 AUD,2028-01-27,3556
INV316424,Building maintenance services,Programmed Facility Management Pty Ltd,186319.99,21 March 2027,3630
INV316425,Tree management maintenance services,Citywide,0.2m,18-Jan-2026,3678
INV316426,Open spaces management - region 2,cleanaway waste management limited,202240.85,08/05/2026,3556
INV316427,Melbourne Town Hall venue management,Showtime Event,54525.6 AUD,25-Jun-2025,3670
INV316428,Building cleaning services,Menzies International (Aust) Pty Ltd,0.2m,2026-06-25,3634
INV316429,Integrated security services,National  Protective  Services  Pty  Ltd,"$210,448.2",20/12/2025,3686
INV316430,Integrated security services,National Protective Services Pty Ltd,164120.03,26-Apr-2028,3686
INV316431,Parking technology services,Reino Int’l Pty Ltd T/A Duncan Solutions,235283.71 AUD,03 May 2026,3623
INV316432,Waste management services,Cleanaway Waste Mgmt Limited,"$239,002.42",22-Aug-2026,3556
INV316433,Building cleaning services,menzies international (aust) pty ltd,"$162,730.52",31/10/2027,3634
INV316434,Building maintenance services,Programmed Facility Mgmt Pty Ltd,0.2m,09 August 2029,3630
INV316435,Waste management services,Cleanaway Waste Mgmt Limited,21386.28,22 April 2025,3556
INV316436,Waste management services,Cleanaway Waste Management LTD,76302.97 AUD,23/12/2025,3556
INV316437,Open spaces management - region 1,Citywide Service Solutions Pty Ltd,55430.8,21-Jun-2026,3676
INV316438,Parking technology services,REINO INTERNATIONAL PTY LTD T/A DUNCAN SOLUTIONS,8473.68 AUD,27 July 2026,3623
INV316439,Vehicle tow away and impound services,NationwideTowingServices,204601.35,22-Oct-2029,3585
INV316440,Management of Active Melbourne recreation facilities,Victorian YMCA Community Programming P/L,"$36,885.67",19/11/2025,3615
INV316441,Street cleaning,Spotless Facility Services Pty Ltd,"$70,498.91",18 February 2027,3669
INV316442,Waste management services,Cleanaway Waste Mgmt Limited,119069.79 AUD,06/07/2025,3556
INV316443,Waste management services,Cleanaway Waste Management Ltd,0.2m,17/06/2026,3556
INV316444,Open spaces management - region 1,Citywide Service Solutions Pty Ltd,185774.11 AUD,12/09/2026,3676
INV316445,Street cleaning,Spotless Facility Services Pty Ltd,0.0m,05/08/2028,3669
INV316446,Civil infrastructure services,Citywide  Service  Solutions  Pty  Ltd,"$205,675.05",13-Jun-2027,3665
INV316447,Management of Active Melbourne recreation facilities,Victorian Ymca Community Programming Pty Ltd,176967.27,17 November 2026,3615
INV316448,Vehicle tow away and impound services,NationwidepTowing Services,237221.86,27/08/07,3585
INV316449,Street cleaning,spotless facility services pty ltd,,14/02/2027,3669
INV316450,Building maintenance services,Programmed Facility Management Pty Ltd,21362.94 AUD,14/08/2025,3630
INV316451,Open spaces management - region 2,ProgrammedFacilityManagementPtyLtd,10342.15 AUD,28/03/2028,3630
INV316452,Open spaces management - region 2,SERCO,"$239,417.35",25/07/10,3677
INV316453,Civil infrastructure services,Citywide Service Solutions Pty Ltd,161917.27,25 May 2028,3665
INV316454,Building maintenance services,Programmed Facility,57871.79,03-May-2027,3630
INV316455,Parking technology services,Reino International Pty Ltd T/A Duncan Solutions,43856.85 AUD,27/08/2025,3623
INV316456,Vehicle tow away and impound services,NationwideTowingServices,"$227,868.45",29 October 2029,3585
INV316457,Parking technology services,Reino  International  Pty  Ltd  T/A  Duncan  Solutions,"$244,251.87",2027-08-29,3623
INV316458,Open spaces management - region 2,SERCO (AU),82844.36,08/01/2029,3677
INV316459,Building cleaning services,Menzies Intl (Aust) Pty Ltd,178942.83 AUD,21/05/2026, 
INV316460,Street cleaning,Spotless Facility Services Pty Ltd,0.2m,20-Nov-2029,3669
INV316461,Building cleaning services,Menzies Int’l (Aust) Pty Ltd,23199.24,2029-09-21,3634
INV316462,Integrated security services,Menzies Internatio,83568.49,28-Jul-2026,3634
INV316463,Open spaces management - region 2,SERCO (AU),0.2m,2026-06-29,3677
INV316464,Civil infrastructure services,Citywide,203631.44 AUD,17-Jan-2028,3665
INV316465,Tree management maintenance services,Citywide,62741.78,30/11/2026,3678
INV316466,Parking technology services,Reino International Pty ,184862.36,29 August 2029,3623
INV316467,Open spaces management - region 1,Citywide Service Solutions Pty. Ltd.,134332.6 AUD,2027-03-17,3676
INV316468,Parking technology services,Reino Intl Pty Ltd T/A Duncan Solutions,71761.04 AUD,28/01/2026,3623
INV316469,Integrated security services,National Protecuive Services Pty Ltd,112517.6,2026-01-04,3686
INV316470,Building maintenance services,ProgrammedFacilityManagementPtyLtd,0.1m,2027-07-02,3630
INV316471,Street cleaning,SpotlessFacilityServicesPtyLtd,"$21,710.87",22-Nov-2027,3669
INV316472,Tree management maintenance services,Citywide,0.1m,31/07/2028,3678
INV316473,Melbourne Town Hall venue management,Showtime,"$215,784.81",2027-10-03,3670
INV316474,Tree management maintenance services,Citywide Service Solutions Ptp Ltd,205693.82 AUD,2029-07-01,3678
INV316475,Vehicle tow away and impound services,Showtime Event Group Pty. Ltd.,0.2m,15-Nov-2026,3670
INV316476,Open spaces management - region 2,SEmCO,87405.19,2028-10-13,3677
INV316477,Vehicle tow away and impound services,Nationwide Towing Szrvices,0.1m,04 August 2026,3585
INV316478,Vehicle tow away and impound services,Nationwide Towing Services,112674.51,17 March 2026,3585
INV316479,Street cleaning,SpotlessFacilityServicesPtyLtd,190536.51,03 October 2026,3669
INV316480,Building cleaning services,Menzies Internatio,"$248,919.97",11 July 2029,3634
INV316481,Building maintenance services,Programmed Facility Mgmt Pty Ltd,12867.63,18 May 2027,3630
INV316482,Building maintenance services,Programmed Facility Management Pty Ltd,20854.01,03-Dec-2028,3630
INV316483,Building cleaning services,Menzies International (Aust) P/L,0.1m,17/12/2028,3634
INV316484,Graffiti management and pressure cleaning services,Calcorp  Services  Pty  Ltd,0.0m,2029-03-22,3668
INV316485,Graffiti management and pressure cleaning services,Calcorp Services Pty Ltd (AUS),11341.42,19 July 2027,3668
INV316486,Building cleaning services,menzies international (aust) pty ltd,2434.21 AUD,27/07/30,3634
INV316487,Tree management maintenance services,Citywide Service Solutions P/L,193015.99 AUD,2026-04-23,3678
INV316488,Integrated security services,National  Protective  Services  Pty  Ltd,0.2m,2028-03-04,3686
INV316489,Tree management maintenance services,CITYWIDE SERVICE SOLUTIONS PTY LTD,0.0m,31-Dec-2027,3678
INV316490,Civil infrastructure services,Citywide,105202.97,2029-06-15,3665
INV316491,Integrated security services,National  Protective  Services  Pty  Ltd,93866.93 AUD,21 December 2029,3686
INV316492,Parking technology services,REINO INTERNATIONAL PTY LTD T/A DUNCAN SOLUTIONS,"$201,468.18",2026-09-01,3623
INV316493,Parking technology services,Reino International Pty Ltd T/A Duncan Solutions,80624.11,28/10/19,3623
INV316494,Open spaces management - region 1,Citywide  Service  Solutions  Pty  Ltd,192826.46,26/03/28, 
INV316495,Parking technology services,Reino International P/L T/A Duncan Solutions,89041.74,28/11/15,3623
INV316496,Building cleaning services,Menzies,"$130,815.87",25/06/2028,3634
INV316497,Melbourne Town Hall venue management,Showtime Event Group Pty Ltd,79780.8 AUD,16/05/2026,3670
INV316498,Management of Active Melbourne recreation facilities,Victorian,91573.38,29/01/2026,3615
INV316499,Parking technology services,ReinoInternationalPtyLtdT/ADuncanSolutions,49990.07,27/05/21,3623
INV316500,Open spaces management - region 2,SERCO,0.2m,05-Aug-2027,3677
INV316501,Building cleaning services,Spotless Facility Services Pty. Ltd.,"$114,392.52",29/12/20,3669
INV316502,Civil infrastructure services,Citywide Service Solutions Pty Ltd,0.2m,2027-06-08,3665
INV316503,Graffiti management and pressure cleaning services,Calcorp Services Pty Ltd,206574.24,25/10/22, 
INV316504,Melbourne Town Hall venue management,Showtime Event Group Pty Ltd (AU),0.1m,2028-07-19, 
INV316505,Building cleaning services,Menzies International (Aust) PtyqLtd,"$66,892.6",31/03/2025,3634
INV316506,Open spaces management - region 2,SERCO,81985.85,2027-06-01,3677
INV316507,Tree management maintenance services,Citywide,234079.42,05/04/2027, 
INV316508,Parking technology services,Reino Int’l Pty Ltd T/A Duncan Solutions,86602.58,12 June 2025,3623
INV316509,Building maintenance services,Programmed Facility Management Pty Ltd,186708.25,2029-06-17,3630
INV316510,Waste management services,Cleanaway,,25/05/2028,3556
INV316511,Melbourne Town Hall venue management,ShowtimeEventGroupPtyLtd,196467.33,11/12/2028,3670
INV316512,Open spaces management - region 1,Citywide Service Solutions P/L,"$105,502.07",14-Sep-2026,3676
INV316513,Vehicle tow away and impound services,Nationwide Towing Servicei,249256.09 AUD,06-Sep-2028,3585
INV316514,Melbourne Town Hall venue management,Showtime,0.2m,22 June 2029,3670
INV316515,Civil infrastructure services,Citywide hervice Solutions Pty Ltd,202726.97,04/04/2029,3665
INV316516,Management of Active Melbourne recreation facilities,VictorianYMCACommunityProgrammingPtyLtd,"$142,604.42",29/03/19,3615
INV316517,Integrated security services,National Protective Services Pty Ltd,"$51,563.91",26/09/2025,3686
INV316518,Building maintenance services,Programmed  Facility  Management  Pty  Ltd,"$121,471.87",2028-01-07,3630
INV316519,Integrated security services,National  Protective  Services  Pty  Ltd,0.2m,2027-03-05,3686
INV316520,Parking technology services,Reino International Pty Ltd T/A Duncan Solutions,56127.93 AUD,07/07/2029,3623
INV316521,Waste management services,Cleanaway Waste Management Limited (AU),0.2m,26 April 2026,3556
INV316522,Civil infrastructure services,Citywide Service Solutions Ptx Ltd,45331.7,10-Jul-2027,3665
INV316523,Integrated security services,National Protective Services Pty Ltd (AUS),183527.18,02-Dec-2026,3686
INV316524,Waste management services,Cleanaway  Waste  Management  Limited,140290.01,2025-11-06,3556
INV316525,Vehicle tow away and impound services,Victorian YMCA Community Programming Pty Ltd (AUS),198596.25,23/11/2027,3615
INV316526,Open spaces management - region 2,SERCO (AU),21727.44,13-Jul-2028,3677
INV316527,Street cleaning,Menzies International (Aust) Pty Ltd,93180.86,25/08/01,3634
INV316528,Civil infrastructure services,citywide service solutions pty ltd,94166.02 AUD,2029-09-08,3665
INV316529,Street cleaning,spotless facility services pty ltd,26043.44,02 March 2025,3669
INV316530,Parking technology services,Reino International Pty Ltd T/A Duncan Solutions (AU),0.1m,2026-06-04,3623
INV316531,Street cleaning,Spotless  Facility  Services  Pty  Ltd,"$103,992.6",2027-11-24,3669
INV316532,Building cleaning services,Menzies International (Aust) Pty Ltd (AUS),125670.69 AUD,01/08/2026,3634
INV316533,Melbourne Town Hall venue management,Showtime,91075.67,27 March 2025,3670
INV316534,Parking technology services,Reino International Pty Ltd T/A Duncan Solutions,0.0m,02/03/2029,3623
INV316535,Graffiti management and pressure cleaning services,Calcorp,"$78,943.79",23/02/2028,3668
INV316536,Waste management services,Cleanaway Waste Management Ltd,147625.8,25/09/01,3556
INV316537,Building maintenance services,Citywide Service Solutions P/L,79088.83 AUD,19/09/2026,3676
INV316538,Vehicle tow away and impound services,Spotless Facility Services Pty Ltd (AUS),15042.78 AUD,17 April 2029,3669
INV316539,Civil infrastructure services,Citywide Service Solutions P/L,180660.67,29/10/12,3665
INV316540,Open spaces management - region 2,SERCO,"$55,479.76",28/09/28,3677
INV316541,Building maintenance services,Programmed Facility Management P/L,124539.64 AUD,09/04/2027,3630
INV316542,Open spaces management - region 2,Serco,"$8,481.52",23 May 2028,3677
INV316543,Melbourne Town Hall venue management,SHOWTIME EVENT GROUP PTY LTD,0.1m,26 March 2026,3670
INV316544,Open spaces management - region 1,Citywide Service Solutions Pty. Ltd.,76233.55 AUD,25/06/24,3676
INV316545,Management of Active Melbourne recreation facilities,Victorian YMCA Comfunity Programming Pty Ltd,"$144,266.84",24/03/2025,3615
INV316546,Management of Active Melbourne recreation facilities,Victorian Ymca Community Programming Pty Ltd,"$117,494.18",26/06/27, 
INV316547,Building cleaning services,Programmed  Facility  Management  Pty  Ltd,54230.11,23-Aug-2028,3630
INV316548,Tree management maintenance services,Nationwide To,153915.62,11/10/2026, 
INV316549,Melbourne Town Hall venue management,Showtime  Event  Group  Pty  Ltd,90217.16 AUD,12-Jun-2028, 
INV316550,Civil infrastructure services,Citywide Service Solutions Pty Ltd (AUS),198895.57,14-Sep-2026,3665
INV316551,Open spaces management - region 2,SERqO,246758.56,2027-10-03, 
INV316552,Street cleaning,Spotless Facility Services Pty Ltd,144532.12,19-Dec-2025,3669
INV316553,Tree management maintenance services,Citywide,0.2m,10 May 2027,3676
INV316554,Open spaces management - region 1,CitywideServiceSolutionsPtyLtd,0.2m,13-Jul-2027,3676
INV316555,Open spaces management - region 2,SERCO (AUS),136308.99,2027-10-03,3677
INV316556,Integrated security services,National,102855.81,22 March 2026, 
INV316557,Street cleaning,Spotless,153855.26,2029-01-06,3669
INV316558,Civil infrastructure services,Citywide Service Solutions Pty Ltd (AUS),0.1m,18/11/2027,3665
INV316559,Tree management maintenance services,citywide service solutions pty ltd,186311.98,28/04/2025,3678
INV316560,Building maintenance services,ProgrammedFacilityManagementPtyLtd,0.2m,25/05/06,3630
INV316561,Building cleaning services,Menzies International (Aust) Pty Ltd,0.1m,27/01/11,3634
INV316562,Parking technology services,Reino International Pty Ltd T/A Duncan Solutions,"$21,192.79",25/12/22,3623
INV316563,Vehicle tow away and impound services,Nationwide Towing Services,193137.04,11 June 2029,3585
INV316564,Graffiti management and pressure cleaning services,Calcorp Services Pty Ltd (AU),0.0m,25-Oct-2027,3668
INV316565,Building maintenance services,Programmed Facility Management Pty Ltd,45767.03,2026-11-16,3630
INV316566,Graffiti management and pressure cleaning services,CalcorpServicesPtyLtd,169298.11,22 April 2026,3668
INV316567,Building cleaning services,Menzies International (Aust) Pty Ltd (AUS),"$18,086.9",2027-02-12,3634
INV316568,Street cleaning,Spotless Ficility Services Pty Ltd,25573.09,23/04/2027,3669
INV316569,Parking technology services,Reino  International  Pty  Ltd  T/A  Duncan  Solutions,0.2m,14/10/2026,3623
INV316570,Integrated security services,National Protective Services Pty Ltd (AUS),40692.24,14 July 2028,3686
INV316571,Graffiti management and pressure cleaning services,Calcorp Services Pty Ltd,,2027-08-16,3668
INV316572,Tree management maintenance services,CITYWIDE SERVICE SOLUTIONS PTY LTD,"$91,024.72",26/09/10,3678
INV316573,Building maintenance services,Programmed Facility Mgmt Pty Ltd,"$161,036.06",23-Aug-2027,3630
INV316574,Civil infrastructure services,Citywide Service Solutions Pty Ltd,0.1m,2027-10-27,3665
INV316575,Integrated security services,National Protective Services Pty Ltd,"$162,528.49",05 December 2029,3686
INV316576,Tree management maintenance services,Citywide Service Solutions P/L,197692.97,10/02/2026,3678
INV316577,Melbourne Town Hall venue management,Showtime Event Group Pty Ltd,125357.93,07/07/2026,3670
INV316578,Open spaces management - region 2,serco,"$175,090.14",08/08/2025,3677
INV316579,Integrated security services,National Protective Services Pty Ltd,0.2m,12/09/2027,3686
INV316580,Melbourne Town Hall venue management,Showtime Event Group Pty Ltd (AUS),"$164,539.74",22 November 2027,3670
INV316581,Waste management services,Cleanaway Waste Mgmt Limited,"$63,958.1",2028-05-29,3556
INV316582,Civil infrastructure services,citywide service solutions pty ltd,0.1m,23-Apr-2028,3665
INV316583,Vehicle tow away and impound services,nationwide towing services,0.0m,17/02/2028,3585
INV316584,Vehicle tow away and impound services,NATIONWIDE TOWING SERVICES,0.0m,,3585
INV316585,Melbourne Town Hall venue management,Showtime Event Group Pty. Ltd.,153291.26,27/12/21,3670
INV316586,Building cleaning services,Menzies International (Aust) Pty Ltd,0.2m,2029-06-12,3634
INV316587,Civil infrastructure services,Citywidm Service Solutions Pty Ltd,111730.22,29/08/15,3665
INV316588,Integrated security services,National,58119.93,28/09/22,3686
INV316589,Open spaces management - region 2,SERCO,0.2m,27/08/09,3677
INV316590,Integrated security services,National Protective Services P/L,246965.66 AUD,10 April 2028,3686
INV316591,Open spaces management - region 2,SERCO,236127.54 AUD,28/04/09,3677
INV316592,Melbourne Town Hall venue management,Showtime Event,81680.92 AUD,27/04/08,3670
INV316593,Parking technology services,Reino International Pty Ltd T/A Duncan Solutions,0.2m,27/03/13,3623
INV316594,Tree management maintenance services,Citywide,239399.01 AUD,23/03/2029,3678
INV316595,Graffiti management and pressure cleaning services,CalcorpServicesPtyLtd,"$166,353.19",28/03/09,3668
INV316596,Open spaces management - region 1,Cimywide Service Solutions Pty Ltd,222576.22,04/08/2027,3676
INV316597,Open spaces management - region 1,Citywide Service Solutions Pty. Ltd.,11871.97 AUD,16/01/2029,3676
INV316598,Melbourne Town Hall venue management,Showtime Event Group Pty. Ltd.,205116.88,09-Aug-2028,3670
INV316599,Open spaces management - region 1,Citywide Service Solutions Pty Ltd,73279.02,03/12/2029,3665
INV316600,Open spaces management - region 1,Citywide Service Solutions Pty Ltd,65170.22 AUD,14 October 2025,3676
INV316601,Tree management maintenance services,Citywide Service Solutions Pty Ltd,148807.29,2026-07-23,3676
INV316602,Parking technology services,ReinoInternationalPtyLtdT/ADuncanSolutions,26832.13 AUD,17 January 2025,3623
INV316603,Graffiti management and pressure cleaning services,CALCORP SERVICES PTY LTD,50223.97,02/01/2029,3668
INV316604,Melbourne Town Hall venue management,Showtime Event Group Pty Ltd,142555.56,12 July 2028,3670
INV316605,Open spaces management - region 1,Citywide Service Solutions Pty Ltd (AU),78616.13,28/12/28,3676
INV316606,Tree management maintenance services,Citywide,"$36,557.6",28/03/2027,3678
INV316607,Civil infrastructure services,Citywide Service Solutions Pty Ltd (AU),235640.7,05-Mar-2025,3665
INV316608,Building maintenance services,Programmed Facility Mgmt Pty Ltd,114950.09,2026-11-03,3630
INV316609,Building maintenance services,Programmed Facility,0.2m,25/12/08,3630
INV316610,Management of Active Melbourne recreation facilities,VICTORIAN YMCA COMMUNITY PROGRAMMING PTY LTD,"$111,257.14",29/10/2027,3615
INV316611,Vehicle tow away and impound services,Nationwide  Towing  Services,0.0m,2026-01-01,3585
INV316612,Integrated security services,National Protective Seavices Pty Ltd,205962.25,22 October 2028, 
INV316613,Building cleaning services,Menzies International (Aust) Pty Ltd (AU),93343.93,26/09/29,3634
INV316614,Building maintenance services,Programmed  Facility  Management  Pty  Ltd,0.2m,16 July 2027,3630
INV316615,Melbourne Town Hall venue management,Showtime Event Group P/L,125369.11,15 February 2025,3670
INV316616,Integrated security services,National Protective Services Pty Ltd,"$21,223.81",27/06/07, 
INV316617,Melbourne Town Hall venue management,Showtime Event Group Pty Ltd,131173.08 AUD,25/08/03,3670
INV316618,Open spaces management - region 2,SERCO,144748.37,22/09/2028,3677
INV316619,Civil infrastructure services,Citywide Service Solutions Pty Ltd,"$118,240.14",27/02/26,3665
INV316620,Tree management maintenance services,Citywide gervice Solutions Pty Ltd,0.2m,26/10/04,3678
INV316621,Vehicle tow away and impound services,Nationwide Towing Services (AUS),0.1m,28/10/21,3585
INV316622,Melbourne Town Hall venue management,ShowtimeEventGroupPtyLtd,0.0m,23 June 2029,3670
INV316623,Parking technology services,Reino Intl Pty Ltd T/A Duncan Solutions,144823.19,2025-04-14,3623
INV316624,Waste management services,Cleanaway Waste Management Ltd,0.1m,02-Dec-2025,3556
INV316625,Management of Active Melbourne recreation facilities,Victorian  YMCA  Community  Programming  Pty  Ltd,151766.45,13 July 2028,3615
INV316626,Open spaces management - region 1,Citywide Service Solutions Pty Ltd,70923.85,26/05/28,3676
INV316627,Melbourne Town Hall venue management,Showtime Event Group P/L,133292.6 AUD,10/08/2028,3670
INV316628,Open spaces management - region 1,Citywide Service Solutions Pty. Ltd.,"$125,211.77",01/07/2028,3676
INV316629,Waste management services,Cleanaway Waste M,111010.57 AUD,27/07/24,3556
INV316630,Open spaces management - region 1,Citywide Service Solutions Pty Ltd,0.1m,28/04/30,3676
INV316631,Management of Active Melbourne recreation facilities,victorian ymca community programming pty ltd,26162.39,25/07/2026,3615
INV316632,Open spaces management - region 2,SERCO,0.2m,2029-04-16,3677
INV316633,Integrated security services,National Protective Services Pty. Ltd.,"$25,979.46",16/10/2028,3686
INV316634,Civil infrastructure services,Citywide Service Solutions Pty. Ltd.,"$92,420.14",30-Nov-2027,3665
INV316635,Parking technology services,Reino International Pty Ltd T/A Duncan Solutiops,0.2m,12/11/2029,3623
INV316636,Integrated security services,national protective services pty ltd,181206.66 AUD,25/04/2025,3686
INV316637,Building cleaning services,Menzies Intl (Aust) Pty Ltd,146095.24 AUD,27/11/03,3634
INV316638,Integrated security services,National Protective Services Pty Ltd,84192.37,2025-05-10,3686
INV316639,Integrated security services,National Protective Services Pty Ltd,218201.28,02/05/2026,3686
INV316640,Building cleaning services,Menzies International (Aust) Pty Ltd,228618.85,26/07/29,3634
INV316641,Parking technology services,ReinoInternationalPtyLtdT/ADuncanSolutions,204287.3 AUD,07-Feb-2025,3623
INV316642,Management of Active Melbourne recreation facilities,Victorian YMCA Community Programming P/L,248880.44,27/08/14,3615
INV316643,Building cleaning services,Menzies  International  (Aust)  Pty  Ltd,0.2m,27-Oct-2029,3634
INV316644,Building maintenance services,Programmed Facility Managenent Pty Ltd,214101.26 AUD,28/07/29,3630
INV316645,Street cleaning,Spotless Facility Services P/L,28772.81,10/12/2028,3669
INV316646,Civil infrastructure services,Citywide Service Solutions Pty Ltd,"$101,882.55",2027-08-13,3665
INV316647,Integrated security services,National Protective Services P/L,"$144,344.06",2027-05-23,3686
INV316648,Waste management services,Cleanaway Waste Management Limited,96495.27 AUD,18/01/2026,3556
INV316649,Civil infrastructure services,Citywide,79960.42 AUD,15 November 2026,3665
INV316650,Parking technology services,Reino International Pty Ltd T/A Duncan Solutions (AUS),157857.41,22-Dec-2029,3623
INV316651,Open spaces management - region 1,Citywide Service Solutions Pty Ltd (AU),225385.67,27/03/06,3676
INV316652,Open spaces management - region 2,SERCO (AUS),40956.96 AUD,28/09/20,3677
INV316653,Street cleaning,spotless facility services pty ltd,0.1m,,3669
INV316654,Parking technology services,REINO INTERNATIONAL PTY LTD T/A DUNCAN SOLUTIONS,0.2m,25/11/17,3623
INV316655,Parking technology services,Reino Int’l Pty Ltd T/A Duncan Solutions,"$183,942.26",19 June 2025,3623
INV316656,Street cleaning,Spotless Facility Services Pty Ltd,0.2m,17 March 2025,3669
INV316657,Parking technology services,Reino International Pty Ltd T/A Duncan Solutions (AU),128162.13,,3623
INV316658,Graffiti management and pressure cleaning services,Calcorp Serv,25815.64,2028-12-24, 
INV316659,Graffiti management and pressure cleaning services,CALCORP SERVICES PTY LTD,54117.9 AUD,22/01/2027,3668
INV316660,Street cleaning,spotless facility services pty ltd,0.2m,05/02/2026,3669
INV316661,Management of Active Melbourne recreation facilities,VICTORIAN YMCA COMMUNITY PROGRAMMING PTY LTD,160122.26 AUD,2027-05-19,3615
INV316662,Tree management maintenance services,CITYWIDE SERVICE SOLUTIONS PTY LTD,30426.83,09/01/2027,3678
INV316663,Street cleaning,Spotless Facility,48685.21 AUD,11 November 2029,3669
INV316664,Management of Active Melbourne recreation facilities,Victorian Ymca Community Programming Pty Ltd,104622.6,08/05/2028,3615
INV316665,Melbourne Town Hall venue management,reino international pty ltd t/a duncan solutions,"$18,537.46",29/07/08,3623
INV316666,Street cleaning,Spotless  Facility  Services  Pty  Ltd,6363.57,27/10/21,3669
INV316667,Civil infrastructure services,Citywide  Service  Solutions  Pty  Ltd,115012.85,25/12/06, 
INV316668,Graffiti management and pressure cleaning services,CALCORP SERVICES PTY LTD,84965.27,04 June 2029,3668
INV316669,Open spaces management - region 2,citywide service solutions pty ltd,205488.9 AUD,18-Jan-2029,3665
INV316670,Graffiti management and pressure cleaning services,Calcorp Services Pty Ltd (AU),0.2m,26/12/2025,3668
INV316671,Building cleaning services,Menzies International (Aust) Pty Ltd,139483.22,12/11/2028,3634
INV316672,Parking technology services,Reino  International  Pty  Ltd  T/A  Duncan  Solutions,168034.63,28/09/2025, 
INV316673,Waste management services,Cleanaway,"$55,133.33",29/12/2026,3556
INV316674,Graffiti management and pressure cleaning services,calcorp services pty ltd,102784.91,11/02/2025,3668
INV316675,Melbourne Town Hall venue management,ShowtimeEventGroupPtyLtd,68147.84,2028-06-23,3670
INV316676,Open spaces management - region 2,Serco,202889.07,15/04/2025,3677
INV316677,Waste management services,cleanaway waste management limited,106325.55,10-May-2026,3556
INV316678,Melbourne Town Hall venue management,Showtime Event Group Pty Ltd,0.2m,19/05/2029,3670
INV316679,Vehicle tow away and impound services,Nationwide Towing Services,74648.93,28/04/2027,3585
INV316680,Street cleaning,Spotless  Facility  Services  Pty  Ltd,98088.73 AUD,26/01/11,3669
INV316681,Vehicle tow away and impound services,showtime event group pty ltd,26633.22 AUD,26-Jul-2028,3670
INV316682,Integrated security services,National Protective Services Pty Ltd,0.0m,06/06/2026,3686
INV316683,Waste management services,Cleanaway Waste Management Limited (AUS),245203.68,24-Apr-2025,3556
INV316684,Civil infrastructure services,Citywide Service Solutions Pty Ltd (AUS),"$192,593.59",28/07/12,3665
INV316685,Integrated security services,National Protective Services Pty Ltd (AU),23851.73,25/03/2027,3686
INV316686,Building cleaning services,Menzies International (Aust) Pty Ltd (AUS),0.1m,30/03/2027,3634
INV316687,Waste management services,Cleanaway Waste Management Ltd,0.1m,17 August 2026,3556
INV316688,Building cleaning services,Menzies,115269.23 AUD,29/03/09,3634
INV316689,Tree management maintenance services,Citywide Service Solutions Pty Ltd,65948.55,2029-05-14,3678
INV316690,Street cleaning,Spotless Facility Services Pty. Ltd.,"$18,171.89",12-Jul-2026,3669
INV316691,Building cleaning services,Menzies  International  (Aust)  Pty  Ltd,124729.81,22/01/2025,3634
INV316692,Open spaces management - region 1,citywide service solutions pty ltd,173026.26 AUD,01 February 2029,3676
INV316693,Vehicle tow away and impound services,NationwideTowingServices,208386.8,07 January 2025,3585
INV316694,Street cleaning,Spotless Facility Services Pty Ltd (AUS),"$139,825.93",27 February 2029,3669
INV316695,Open spaces management - region 2,SERCO,20449.31,31 October 2026,3677
INV316696,Civil infrastructure services,Citywide Service Solutions P/L,"$85,801.97",26/10/19,3665
INV316697,Street cleaning,Spotless Facility Services Pty. Ltd.,83878.54,05/05/2026,3669
INV316698,Melbourne Town Hall venue management,ShowtimeEventGroupPtyLtd,44135.74,2029-03-21,3670
INV316699,Management of Active Melbourne recreation facilities,SPOTLESS FACILITY SERVICES PTY LTD,"$90,771.67",18 July 2026,3669
INV316700,Graffiti management and pressure cleaning services,Calcorp Services P/L,"$9,069.5",30 March 2025,3668
INV316701,Melbourne Town Hall venue management,SHOWTIME EVENT GROUP PTY LTD,70614.88 AUD,22-Aug-2028,3670
INV316702,Melbourne Town Hall venue management,Showtime,"$151,565.35",21 July 2026,3670
INV316703,Open spaces management - region 1,Citywide Service Solutions Pty Ltd,0.1m,03-Apr-2027,3676
INV316704,Graffiti management and pressure cleaning services,calcorp services pty ltd,145250.21 AUD,25/03/12,3668
INV316705,Building cleaning services,Menzies International (Aust) Pty Ltd (AU),59919.4,25/04/06,3634
INV316706,Civil infrastructure services,Citywide Service Solukions Pty Ltd,31563.23,11/11/2025,3665
INV316707,Waste management services,Cleanaway Waste Mgmt Limited,0.1m,04 December 2029, 
INV316708,Tree management maintenance services,CITYWIDE SERVICE SOLUTIONS PTY LTD,14238.37 AUD,11/10/2029,3678
INV316709,Building cleaning services,Menzies  International  (Aust)  Pty  Ltd,55637.57 AUD,26/05/14,3634
INV316710,Management of Active Melbourne recreation facilities,Victorian Ymca Community Programming Pty Ltd,0.0m,09/11/2029,3615
INV316711,Open spaces management - region 1,Citywide Service Solutions Pty Ltd (AU),0.2m,2028-06-04,3676
INV316712,Tree management maintenance services,Citywide Service Solutions Pty Ltd (AUS),"$102,752.36",12 February 2027,3678
INV316713,Building maintenance services,Menzies International (Aust) Pty Ltd (AUS),91332.92,17 December 2025,3634
INV316714,Tree management maintenance services,Citywide Service Solutions Pty Ltd,0.1m,28/11/20,3678
INV316715,Melbourne Town Hall venue management,Showtime,0.1m,04 August 2027,3670
INV316716,Vehicle tow away and impound services,Nationwide Towing Services,189402.8,2027-12-15,3585
INV316717,Building maintenance services,programmed facility management pty ltd,136684.82 AUD,23/09/2026,3630
INV316718,Open spaces management - region 1,Citywide Service Solutions P/L,"$142,588.67",02-Apr-2026,3676
INV316719,Tree management maintenance services,Citywide Service Solutions P/L,132126.68,31/03/2026,3678
INV316720,Street cleaning,SPOTLESS FACILITY SERVICES PTY LTD,"$207,547.52",14 September 2028,3669
INV316721,Civil infrastructure services,CitywideServiceSolutionsPtyLtd,150352.11,23/03/2029,3665
INV316722,Civil infrastructure services,citywide service solutions pty ltd,196600.9,03-Nov-2026,3665
INV316723,Waste management services,CLEANAWAY WASTE MANAGEMENT LIMITED,110561.12 AUD,16-May-2029,3556
INV316724,Melbourne Town Hall venue management,SHOWTIME EVENT GROUP PTY LTD,243814.34,02/07/2029,3670
INV316725,Open spaces management - region 1,Citywide,157321.19,27/04/2026,3676
INV316726,Vehicle tow away and impound services,Nationwidl Towing Services,0.2m,19/12/2027,3585
INV316727,Waste management services,Cleanaway Waste Mgmt Limited,"$132,447.38",25/01/10,3556
INV316728,Management of Active Melbourne recreation facilities,Victorian YMCA Community Programming Pty Ltd,"$2,105.6",28/03/14,3615
INV316729,Street cleaning,Spotless Facility Services P/L,12408.81 AUD,25 January 2025,3669
INV316730,Building cleaning services,Menzies International (Aust) P/L,211859.81,03/11/2028,3634
INV316731,Parking technology services,REINO INTERNATIONAL PTY LTD T/A DUNCAN SOLUTIONS,115848.92 AUD,12 June 2028,3623
INV316732,Tree management maintenance services,Citywide,"$223,454.76",01/02/2025,3678
INV316733,Street cleaning,Spotless Facility Services Pty Ltd (AU),46639.74 AUD,28/07/16,3669
INV316734,Building maintenance services,Programmed Facility Management Pty. Ltd.,0.0m,21 November 2025,3630
INV316735,Graffiti management and pressure cleaning services,Calcorp Services P/L,177379.2 AUD,05/05/2027,3668
INV316736,Management of Active Melbourne recreation facilities,Victorian YMCA Community Programming Pty Ltd,1477.32,2026-10-20,3615
INV316737,Building cleaning services,Menzies  International  (Aust)  Pty  Ltd,5054.49 AUD,30 April 2026,3634
INV316738,Building maintenance services,Programmed Facility Mgmt Pty Ltd,"$221,722.34",2025-02-12,3630
INV316739,Civil infrastructure services,Citywide Service Solutions Pty. Ltd.,77695.47,2029-02-27,3665
INV316740,Open spaces management - region 2,calcorp services pty ltd,50668.77 AUD,30/01/2025,3668
INV316741,Open spaces management - region 1,Citywide Service Solutions Pty Ltd (AUS),184662.06 AUD,2028-02-16,3676
INV316742,Vehicle tow away and impound services,Nationwide Towing Services,17404.72 AUD,15/04/2027,3585
INV316743,Vehicle tow away and impound services,NationwideTowingServices,0.2m,28/11/2025,3585
INV316744,Melbourne Town Hall venue management,Showtime Event Group Pty Ltd (AUS),244700.27 AUD,06/04/2027, 
INV316745,Waste management services,Cleanaway  Waste  Management  Limited,249865.55,08/05/2028,3556
INV316746,Integrated security services,NationalProtectiveServicesPtyLtd,21611.71,16 February 2028,3686
INV316747,Open spaces management - region 1,Citywide,,2026-06-13,3676
INV316748,Parking technology services,Reino International Pty Ltd T/A Duncan Solutions,179658.48,29/09/10,3623
INV316749,Open spaces management - region 1,Citywide Service Solutions Pty Ltd (AU),0.2m,2026-02-09,3676
INV316750,Graffiti management and pressure cleaning services,Calcorp ServicesrPty Ltd,192885.65,27/11/05,3668
INV316751,Vehicle tow away and impound services,Nationwide  Towing  Services,"$78,353.42",13/03/2027,3585
INV316752,Vehicle tow away and impound services,Nationwide,219907.18,25-Feb-2029,3585
INV316753,Parking technology services,Reino International P/L T/A Duncan Solutions,"$2,042.59",06 October 2027,3623
INV316754,Melbourne Town Hall venue management,Showtime Event Group Pty Ltd,190929.62,10/02/2029,3670
INV316755,Tree management maintenance services,Citywide Service Solutions Pty Ltd,64091.2,2029-04-18,3678
INV316756,Building cleaning services,Menzies Internatoonal (Aust) Pty Ltd,67156.59,09 August 2025,3634
INV316757,Open spaces management - region 2,SERCO (AUS),16040.88,2029-05-27,3677
INV316758,Melbourne Town Hall venue management,Showtime Event Group Pty Ltd,207860.69,13/06/2025,3670
INV316759,Graffiti management and pressure cleaning services,Calcorp Services Pty Ltd (AU),137588.84 AUD,22/07/2028,3668
INV316760,Street cleaning,Spotless,0.1m,09/05/2025,3669
INV316761,Vehicle tow away and impound services,Nationwide Towing Services,209395.16,10/08/2028,3585
INV316762,Integrated security services,National Protective Services Pty Ltd,0.1m,16/07/2025,3686
INV316763,Building cleaning services,Menzies Int’l (Aust) Pty Ltd,114811.24 AUD,14 August 2025,3634
INV316764,Open spaces management - region 1,Citywide,0.1m,26/12/10,3676
INV316765,Integrated security services,National  Protective  Services  Pty  Ltd,"$172,567.05",18/09/2026,3686
INV316766,Graffiti management and pressure cleaning services,Calcorp Services Pty Ltd,161181.97,08 August 2028,3668
INV316767,Street cleaning,Spotless Facility,30127.47,2026-09-29,3669
INV316768,Melbourne Town Hall venue management,Showtime Event Group Pty Ltx,0.0m,29 March 2027,3670
INV316769,Building maintenance services,Programmed  Facility  Management  Pty  Ltd,198475.81,29/06/27,3630
INV316770,Vehicle tow away and impound services,Nationwide Towing Services (AU),86020.95,14 February 2027,3585
INV316771,Open spaces management - region 1,Citywide Service Solutions Pty Ltd (AUS),40539.97,2029-07-13, 
INV316772,Management of Active Melbourne recreation facilities,hictorian YMCA Community Programming Pty Ltd,"$205,845.53",2026-05-25,3615
INV316773,Civil infrastructure services,CitywideServiceSolutionsPtyLtd,167775.44,17/01/2027,3665
INV316774,Vehicle tow away and impound services,Nationwide Towing Services,72403.25,25/06/17,3585
INV316775,Graffiti management and pressure cleaning services,Calcorp Services P/L,0.2m,26/06/07,3668
INV316776,Tree management maintenance services,Citywide Service Solutions Pty Ltd,137421.03,2027-02-21,3678
INV316777,Integrated security services,Nationwide  Towing  Services,5248.83 AUD,2027-07-27,3585
INV316778,Building maintenance services,ProgrammedFacilityManagementPtyLtd,135152.4,2026-01-30,3630
INV316779,Civil infrastructure services,CITYWIDE SERVICE SOLUTIONS PTY LTD,85044.53,03 May 2027,3665
INV316780,Graffiti management and pressure cleaning services,Calcorp Services Pty. Ltd.,82902.97,26 March 2029,3668
INV316781,Tree management maintenance services,Citywide Service Solutions Pty Ltd (AU),156709.44 AUD,22/08/2027,3678
INV316782,Building maintenance services,Programmed,220891.13 AUD,02 August 2028,3630
INV316783,Building maintenance services,Programmed Fmcility Management Pty Ltd,25164.74,29/09/23,3630
INV316784,Open spaces management - region 2,SERuO,0.1m,2028-08-28,3677
INV316785,Tree management maintenance services,Citywide Service ,66882.37,02-Nov-2026,3678
INV316786,Vehicle tow away and impound services,Nationwide Towing Services (AUS),"$191,591.91",26/01/30,3585
INV316787,Graffiti management and pressure cleaning services,Calcorp Services P/L,0.1m,05/12/2025, 
INV316788,Graffiti management and pressure cleaning services,Calcorp,213549.03,22/12/2026,3668
INV316789,Civil infrastructure services,Citywide  Service  Solutions  Pty  Ltd,247166.64,2027-07-16,3665
INV316790,Building maintenance services,Programmed Facility Management Pty Ltd,0.2m,26/03/03,3630
INV316791,Civil infrastructure services,Citywide Service Solutions Pty Ltd (AU),"$230,072.66",01-Dec-2027,3665
INV316792,Open spaces management - region 2,SERCa,0.0m,21 August 2028,3677
INV316793,Management of Active Melbourne recreation facilities,Victorian YMCA Community Programming Pty. Ltd.,"$156,066.7",25/10/2025,3615
INV316794,Building maintenance services,Programmed Facility Management Pty Ltd (AU),"$35,359.13",2029-07-22,3630
INV316795,Integrated security services,National  Protective  Services  Pty  Ltd,228844.19,21/09/2026,3686
INV316796,Civil infrastructure services,Citywide Service Solutions Pty Ltd,76781.2,2029-04-18,3665
INV316797,Tree management maintenance services,Citywide Service Solutions Ptj Ltd,149600.9,29/04/14,3678
INV316798,Open spaces management - region 2,serco,,08 August 2025,3677
INV316799,Open spaces management - region 1,Citywide Service Solutions Pty Ltd (AUS),49428.61,21-Jun-2027,3676
INV316800,Parking technology services,REINO INTERNATIONAL PTY LTD T/A DUNCAN SOLUTIONS,"$219,029.28",18 November 2028,3623
INV316801,Integrated security services,National Protective Services Pty Ltd (AU),65285.2 AUD,12 October 2026,3686
INV316802,Building maintenance services,Programmed,0.2m,01-Nov-2028,3630
INV316803,Open spaces management - region 2,SERCO,106726.83 AUD,29-Jul-2029,3677
INV316804,Integrated security services,NationalProtectiveServicesPtyLtd,181471.28,11 May 2027,3686
INV316805,Parking technology services,Reino  International  Pty  Ltd  T/A  Duncan  Solutions,"$117,915.31",2026-01-05,3623
INV316806,Open spaces management - region 2,SERCO,0.1m,24-Dec-2028,3677
INV316807,Civil infrastructure services,Citywide Service Solutions Pts Ltd,9534.78 AUD,23 November 2029,3665
INV316808,Street cleaning,SpotlessFacilityServicesPtyLtd,164672.66,28-Feb-2029,3669
INV316809,Open spaces management - region 1,Citywide Service Solutions Pty Ltd,214590.41,27/12/13,3676
INV316810,Building maintenance services,Programmed Facility Management Pty Ltd,249695.92 AUD,28/03/13,3630
INV316811,Parking technology services,Reino International Pty Ltd T/A Duncan Solutions,"$72,443.52",2028-08-03,3623
INV316812,Vehicle tow away and impound services,Nationwide To,137211.65,22/09/2026,3585
INV316813,Street cleaning,Spotless Facility Services P/L,208088.0 AUD,24 March 2026,3669
INV316814,Building cleaning services,Menzies International (Aust) P/L,"$88,247.98",14/11/2027,3634
INV316815,Building cleaning services,Menzies International (Aust) Pty. Ltd.,167010.0,10/03/2026,3634
INV316816,Integrated security services,National Protective Services Pty Ltd (AU),0.0m,28/05/26,3686
INV316817,Parking technology services,reino international pty ltd t/a duncan solutions,151425.64,26/10/02,3623
INV316818,Vehicle tow away and impound services,Nationwide To,240076.58,01-May-2029,3585
INV316819,Waste management services,Cleanaway Waste M,18103.14,25/08/10,3556
INV316820,Open spaces management - region 1,Citywide Service Solutions Pty Ltd (AUS),74865.64,19/08/2027,3676
INV316821,Waste management services,CleanawayWasteManagementLimited,0.1m,2028-10-06,3556
INV316822,Waste management services,Cleanaway Waste Management LTD,"$23,413.39",28/03/08,3556
INV316823,Open spaces management - region 1,Citywide Service Solutions Pty. Ltd.,237797.13 AUD,28 June 2025,3676
INV316824,Melbourne Town Hall venue management,Showtime Event,"$95,855.9",2025-06-28,3670
INV316825,Building maintenance services,ProgrammedFacilityManagementPtyLtd,0.2m,18/02/2028,3630
INV316826,Building maintenance services,Programmed Facility Management Pty Ltd (AUS),118072.93,03/06/2028,3630
INV316827,Open spaces management - region 2,SERCO (AUS),49834.76 AUD,27 August 2026,3677
INV316828,Waste management services,CleanawayWasteManagementLimited,"$93,726.04",2027-05-15,3556
INV316829,Open spaces management - region 1,Citywide Servica Solutions Pty Ltd,"$178,572.93",29/01/2029,3676
INV316830,Graffiti management and pressure cleaning services,Calcorp Services Pty Ltd (AUS),"$148,950.5",13/06/2025,3668
INV316831,Waste management services,Cleanaway Waste Management Ltd,183159.57 AUD,14 July 2029,3556
INV316832,Building maintenance services,Programmed  Facility  Management  Pty  Ltd,243214.35,29/09/2027,3630
INV316833,Graffiti management and pressure cleaning services,Calcorp Services Pty Ltb,68414.04,01/04/2025,3668
INV316834,Street cleaning,SPOTLESS FACILITY SERVICES PTY LTD,135469.65,23/12/2029,3669
INV316835,Civil infrastructure services,Citywide Service Solutions Pty Ltd (AUS),0.2m,26/12/30,3665
INV316836,Management of Active Melbourne recreation facilities,Citywide,27219.8 AUD,14/10/2027, 
INV316837,Open spaces management - region 1,citywide service solutions pty ltd,94689.82,07 May 2029,3665
INV316838,Parking technology services,ReinoInternationalPtyLtdT/ADuncanSolutions,151472.38,28/09/07,3623
INV316839,Building cleaning services,Menzies International (Aust) Pty Ltd,"$77,015.99",05-Jan-2029,3634
INV316840,Building maintenance services,Programmed Facility,"$207,905.63",24/03/2028,3630
INV316841,Management of Active Melbourne recreation facilities,Victorian YMCA Community Programming P/L,31997.8 AUD,12/05/2029,3615
INV316842,Building cleaning services,Menzies Intl (Aust) Pty Ltd,0.2m,12/07/2027,3634
INV316843,Civil infrastructure services,Citywide Service Solutions Pty Ltd,168676.34 AUD,15 March 2026,3665
INV316844,Open spaces management - region 2,SERCO,243344.28,18 April 2029,3677
INV316845,Melbourne Town Hall venue management,Showtime Event Group Pty Ltd,208215.75,18/12/2026,3670
INV316846,Civil infrastructure services,CitywideServiceSolutionsPtyLtd,"$72,283.52",25/10/17,3665
INV316847,Tree management maintenance services,citywide service solutions pty ltd,99344.74,18 December 2025,3678
INV316848,Open spaces management - region 2,serco,120999.47,14 March 2029,3677
INV316849,Integrated security services,National Protective Serxices Pty Ltd,226585.42 AUD,16-Jan-2025,3686
INV316850,Open spaces management - region 2,SERCO,0.0m,29/08/07,3677
INV316851,Parking technology services,Reino International Pty Ltd T/A Duncan Solutions (AU),"$38,009.04",29/07/02,3623
INV316852,Civil infrastructure services,Citywide Service ,0.0m,09/10/2028,3665
INV316853,Management of Active Melbourne recreation facilities,Victorian YMCA Community Programming Pty Ltd,174932.79 AUD,08-Dec-2025,3615
INV316854,Tree management maintenance services,CITYWIDE SERVICE SOLUTIONS PTY LTD,"$30,279.1",18 September 2026,3678
INV316855,Building cleaning services,Menzies International (Aust) Pty Ltd (AUS),190252.29,29-Jan-2025,3634
INV316856,Graffiti management and pressure cleaning services,calcorp services pty ltd,187029.72 AUD,2028-12-30,3668
INV316857,Melbourne Town Hall venue management,SHOWTIME EVENT GROUP PTY LTD,0.0m,16/10/2026,3670
INV316858,Open spaces management - region 1,Citywide Service Solutions Pty Ltd,0.1m,28 June 2025,3676
INV316859,Building maintenance services,Programmed  Facility  Management  Pty  Ltd,0.2m,12 October 2029,3630
INV316860,Vehicle tow away and impound services,Nationwide Towing Services,"$76,316.45",03 February 2027,3585
INV316861,Vehicle tow away and impound services,Nationwide,"$153,503.68",02/05/2028, 
INV316862,Open spaces management - region 2,SERCO,0.2m,13 March 2028,3677
INV316863,Building maintenance services,Programmed Facility Management P/L,0.1m,01-Apr-2028,3630
INV316864,Melbourne Town Hall venue management,Showtime Event Group Pty Ltd,0.0m,2027-09-03,3670
INV316865,Parking technology services,Reino International Pty Ltd T/A Duncan Solutions (AUS),149609.72,27/03/10,3623
INV316866,Parking technology services,Reino International Pty Ltd T/A Duncan Solutions (AUS),0.1m,05/11/2028,3623
INV316867,Melbourne Town Hall venue management,Showtime Event Group Pty Ltd,88251.31 AUD,23-Jan-2025,3670
INV316868,Open spaces management - region 2,SERCO,89458.84,2026-09-10,3677
INV316869,Parking technology services,Reino Intl Pty Ltd T/A Duncan Solutions,13623.37,28/07/14,3623
INV316870,Building cleaning services,menzies international (aust) pty ltd,0.1m,27 January 2029,3634
INV316871,Open spaces management - region 2,Serco,131614.16,2026-04-12,3677
INV316872,Management of Active Melbourne recreation facilities,Victorian Ymca Community Programming Pty Ltd,"$133,616.59",14/10/2029,3615
INV316873,Building cleaning services,Menzies Int’l (Aust) Pty Ltd,164931.6,27/07/05,3634
INV316874,Tree management maintenance services,Nationwide Towing Services (AUS),0.1m,26 November 2029,3585
INV316875,Open spaces management - region 2,SERCO,0.2m,20-Jan-2028,3677
INV316876,Street cleaning,Spotless Facility Services Pty. Ltd.,105633.62 AUD,26/04/09,3669
INV316877,Civil infrastructure services,CitywideServiceSolutionsPtyLtd,62592.28 AUD,02 October 2026,3665
INV316878,Graffiti management and pressure cleaning services,Calcorp Serv,188371.48 AUD,26/11/19,3668
INV316879,Civil infrastructure services,Citywide Service Solutions Pty Ltd (AU),60409.97,25/06/2028, 
INV316880,Management of Active Melbourne recreation facilities,Victorian,232796.77,13/09/2028,3615
INV316881,Open spaces management - region 1,Citywide Service Solutions Pty. Ltd.,0.2m,2028-02-05,3676
INV316882,Management of Active Melbourne recreation facilities,Victorian,14716.97 AUD,10/11/2028,3615
INV316883,Open spaces management - region 2,SERCO (AU),0.2m,10/10/2028,3677
INV316884,Vehicle tow away and impound services,Nationwide,114499.64,07-Oct-2028,3585
INV316885,Graffiti management and pressure cleaning services,CalcorpServicesPtyLtd,0.1m,21 September 2025,3668
INV316886,Street cleaning,Spotless Facility Services P/L,86656.2 AUD,08 May 2028,3669
INV316887,Integrated security services,National Protective Services Pty Ltd,46845.33 AUD,26/02/22,3686
INV316888,Building cleaning services,Menzies  International  (Aust)  Pty  Ltd,"$125,492.48",28/05/23,3634
INV316889,Management of Active Melbourne recreation facilities,Victorian YMCA Community Programming Pty Ltd,222289.06,21/01/2026,3615
INV316890,Civil infrastructure services,Citywide Service ,26325.09 AUD,27/06/27, 
INV316891,Tree management maintenance services,Citywide Service Solutions P/L,193280.45,28/11/03,3678
INV316892,Building cleaning services,Menzies Int’l (Aust) Pty Ltd,191243.93 AUD,2025-05-05,3634
INV316893,Street cleaning,Spotless  Facility  Services  Pty  Ltd,215439.44,20/08/2027,3669
INV316894,Building cleaning services,Menzies International (Aust) Pty Ltd (AU),99003.12,27 July 2027,3634
INV316895,Building maintenance services,Programmed Facility Mgmt Pty Ltd,"$178,779.84",18/07/2029,3630
INV316896,Integrated security services,National Protective Services Pty Ltd,217780.59 AUD,2026-03-10,3686
INV316897,Building cleaning services,Menzies International (Aust) Pty Ltd (AU),19973.74 AUD,2027-08-06,3634
INV316898,Building cleaning services,Menzies Intlrnational (Aust) Pty Ltd,16868.91,31/10/2028,3634
INV316899,Building maintenance services,programmed facility management pty ltd,145229.64 AUD,2028-12-20,3630
INV316900,Civil infrastructure services,Citywide Service Solutions Pty Ltd,76060.9 AUD,2026-09-30,3665
INV316901,Open spaces management - region 1,Citywide Service ,148176.72,26/11/13,3676
INV316902,Building cleaning services,Menzies Intl (Aust) Pty Ltd,118579.2,2025-09-29,3634
INV316903,Management of Active Melbourne recreation facilities,Victorian,"$210,451.57",08/06/2025,3615
INV316904,Building cleaning services,Menzies International (Aust) Pty Ltd,0.2m,2025-07-25, 
INV316905,Open spaces management - region 1,Citywide Service Solutions Pty Ltd,"$52,800.75",03/05/2025,3676
INV316906,Integrated security services,National,76601.96,24 November 2027,3686
INV316907,Graffiti management and pressure cleaning services,qalcorp Services Pty Ltd,"$130,711.41",17-Apr-2026,3668
INV316908,Civil infrastructure services,Citywide,106160.85,2027-09-21, 
INV316909,Tree management maintenance services,Citywide Service Solutions P/L,0.2m,25/12/2028,3678
INV316910,Melbourne Town Hall venue management,Showtime,"$94,071.55",18/11/2027,3670
INV316911,Tree management maintenance services,CitywideServiceSolutionsPtyLtd,0.2m,07 June 2028,3678
INV316912,Waste management services,CleanawayWasteManagementLimited,"$111,843.74",16-Jun-2027,3556
INV316913,Management of Active Melbourne recreation facilities,Victorian  YMCA  Community  Programming  Pty  Ltd,0.2m,21-Feb-2028,3615
INV316914,Integrated security services,National Protective Services Pty Ltd (AUS),0.1m,2026-05-12,3686
INV316915,Waste management services,Cleanaway Waste Management Limited,183128.99,2026-08-22,3556
INV316916,Civil infrastructure services,Citywide Service Solutions Pty. Ltd.,"$120,020.91",21/08/2026,3665
INV316917,Graffiti management and pressure cleaning services,Calcorp Serviles Pty Ltd,74271.62 AUD,22/04/2028,3668
INV316918,Tree management maintenance services,Citywide  Service  Solutions  Pty  Ltd,38662.82 AUD,2027-02-24,3678
INV316919,Vehicle tow away and impound services,NationwideTowingServices,80086.59,19 September 2029,3585
INV316920,Tree management maintenance services,Citywide Service Solutiond Pty Ltd,165104.27,2025-11-21,3678
INV316921,Building cleaning services,Menzies Int’l (Aust) Pty Ltd,187696.81,16-Mar-2025,3634
INV316922,Tree management maintenance services,Citywide Service ,204233.93,10 October 2025,3678
INV316923,Street cleaning,Calcorp  Services  Pty  Ltd,"$132,481.13",26-Apr-2028,3668
INV316924,Graffiti management and pressure cleaning services,Calcorp Servicns Pty Ltd,0.1m,06-Aug-2025,3668
INV316925,Tree management maintenance services,Citywide Service Solutions Pty Ltd,0.2m,09/09/2026,3678
INV316926,Management of Active Melbourne recreation facilities,Victorian Ymca Community Programming Pty Ltd,104091.71,2028-03-30,3615
INV316927,Parking technology services,Reino International Pty Ltd T/A Duncan Solutions,"$29,659.8",28/11/2025,3623
INV316928,Vehicle tow away and impound services,Nationwide Towing Serviges,"$104,149.15",2025-03-15,3585
INV316929,Melbourne Town Hall venue management,Showtime Event Group Pty Ltd,16464.75 AUD,25/01/06,3670
INV316930,Street cleaning,Spotless Facility Services Pty Ltd,118187.31,05/04/2029,3669
INV316931,Building maintenance services,Programmed  Facility  Management  Pty  Ltd,202375.92,25/06/04,3630
INV316932,Building maintenance services,Programmed Facility Management Pty. Ltd.,"$110,301.41",14/08/2028,3630
INV316933,Building maintenance services,Programmed  Facility  Management  Pty  Ltd,0.0m,29-Oct-2025,3630
INV316934,Graffiti management and pressure cleaning services,Calcorp Services Pty. Ltd.,231511.8 AUD,07-Mar-2029,3668
INV316935,Tree management maintenance services,Citywide Service Solutions Pty Ltd,215479.94,2028-10-17, 
INV316936,Management of Active Melbourne recreation facilities,VICTORIAN YMCA COMMUNITY PROGRAMMING PTY LTD,78068.39 AUD,21 July 2027,3615
INV316937,Open spaces management - region 1,Citywide Service Solutions Pty Ltd,79852.46,28 September 2025,3676
INV316938,Waste management services,Cleanaway Waste Management Limited,"$230,109.13",01 April 2028,3556
INV316939,Tree management maintenance services,Citywide Service Solutions Pty Ltd (AU),26207.01,2027-11-08,3678
INV316940,Vehicle tow away and impound services,Nationwide Tqwing Services,"$29,438.83",23 May 2029,3585
INV316941,Waste management services,Cleanaway Waste Mgmt Limited,11976.35,2026-02-16,3556
INV316942,Civil infrastructure services,CitywideServiceSolutionsPtyLtd,86290.47 AUD,02/08/2026,3665
INV316943,Parking technology services,Reilo International Pty Ltd T/A Duncan Solutions,172968.91,28/12/30,3623
INV316944,Management of Active Melbourne recreation facilities,Victorian YMCA Community Programming Pty. Ltd.,0.2m,03/04/2028,3615
INV316945,Graffiti management and pressure cleaning services,Calcorp Services Pty. Ltd.,104625.27 AUD,30/04/2026,3668
INV316946,Open spaces management - region 1,CitywideServiceSolutionsPtyLtd,0.2m,25/10/2028,3676
INV316947,Open spaces management - region 2,SERCO (AU),28271.96,18/05/2028,3677
INV316948,Waste management services,Cleanaway Waste Management Limited,0.1m,27/11/2028,3556
INV316949,Parking technology services,Reino International Pty Ltd T/A Duncan Solutions,105535.61,27/08/13,3623
INV316950,Civil infrastructure services,Citywide Service ,"$74,528.58",14-Dec-2028,3665
INV316951,Vehicle tow away and impound services,Nationwide Towing Services (AU),189074.39 AUD,17-Jan-2026,3585
INV316952,Waste management services,Cleanaway Waste M,157379.13 AUD,30/03/2025,3556
INV316953,Open spaces management - region 1,Citywide Service Solutions Pty Ltd (AUS),209864.72 AUD,2025-08-28,3676
INV316954,Street cleaning,Spotless Facility Services Pty Ltd,0.0m,15 March 2026,3669
INV316955,Tree management maintenance services,Citywide Service Solutions Pty Ltd,0.1m,2025-07-02,3678
INV316956,Management of Active Melbourne recreation facilities,Victorian YMCA Community Programming Pty Ltd (AUS),"$23,660.24",26/10/2029,3615
INV316957,Integrated security services,NationalProtectiveServicesPtyLtd,234519.23,17/05/2029,3686
INV316958,Management of Active Melbourne recreation facilities,VICTORIAN YMCA COMMUNITY PROGRAMMING PTY LTD,"$235,237.2",06 July 2028,3615
INV316959,Open spaces management - region 2,SERCO,91323.19 AUD,10/01/2027,3677
INV316960,Street cleaning,Spotless Facility Services Pty Ltd,99925.18,27/06/2029,3669
INV316961,Waste management services,CLEANAWAY WASTE MANAGEMENT LIMITED,74107.92,25/05/23,3556
INV316962,Building maintenance services,Programmey Facility Management Pty Ltd,34147.8 AUD,29/06/01,3630
INV316963,Vehicle tow away and impound services,nationwide towing services,0.2m,06/12/2025,3585
INV316964,Waste management services,Cleanaway Waste Mgmt Limited,"$220,792.65",2029-06-16,3556
INV316965,Vehicle tow away and impound services,NATIONWIDE TOWING SERVICES,"$141,073.22",26/07/21,3585
INV316966,Building cleaning services,Calcorp Services Pty Ltd,"$27,741.03",16 January 2025,3668
INV316967,Building maintenance services,Programmed Facility Management Pty. Ltd.,49145.14 AUD,21 September 2029,3630
INV316968,Open spaces management - region 1,Citywide Service Solutions Pty Ltd,"$43,737.89",16/03/2025,3676
INV316969,Melbourne Town Hall venue management,showtime event group pty ltd,115904.92,22/07/2029,3670
INV316970,Tree management maintenance services,citywide service solutions pty ltd,34895.42,13 June 2028,3678
INV316971,Management of Active Melbourne recreation facilities,Victorian YMCA Community Programming Pty Ltd (AU),0.0m,25/01/2026,3615
INV316972,Open spaces management - region 2,Serco,"$202,720.35",24-Mar-2029,3677
INV316973,Building cleaning services,Menzies Intcrnational (Aust) Pty Ltd,17244.44 AUD,16/10/2029,3634
INV316974,Street cleaning,Spotless Facility Services Pty Ltd,67192.14,13/05/2026,3669
INV316975,Building cleaning services,Menzies International (Aust) P/L,0.1m,25/05/14,3634
INV316976,Melbourne Town Hall venue management,showtime event group pty ltd,"$100,937.62",2028-10-17,3670
INV316977,Building cleaning services,MENZIES INTERNATIONAL (AUST) PTY LTD,139488.97 AUD,2025-02-20,3634
INV316978,Waste management services,cleanaway waste management limited,"$12,087.01",09/05/2025,3556
INV316979,Waste management services,Cleanasay Waste Management Limited,101572.17 AUD,16/03/2027,3556
INV316980,Graffiti management and pressure cleaning services,Calcorp Services Pty. Ltd.,"$157,570.62",30/12/2025,3668
INV316981,Parking technology services,Reino  International  Pty  Ltd  T/A  Duncan  Solutions,"$154,503.23",10/09/2025,3623
INV316982,Open spaces management - region 1,Citywide Service Solutions P/L,,04/10/2025,3676
INV316983,Management of Active Melbourne recreation facilities,Victorian YMCA Community Programming Pty Ltd (AU),216693.43,27-May-2025,3615
INV316984,Building cleaning services,MenziesInternational(Aust)PtyLtd,85803.76,29 March 2028,3634
INV316985,Open spaces management - region 1,Citywide Service Solutions Pty Ltd,247777.34,26/08/2028,3676
INV316986,Management of Active Melbourne recreation facilities,Victorian YMCA Community Programming Pty Ltd (AU),0.2m,17 November 2026,3615
INV316987,Melbourne Town Hall venue management,Showtime Event Group P/L,141851.88,24/11/2028,3670
INV316988,Building maintenance services,ProgrammedFacilityManagementPtyLtd,230635.43 AUD,09 October 2027,3630
INV316989,Waste management services,CleanawayWasteManagementLimited,27581.92,03/03/2027,3556
INV316990,Vehicle tow away and impound services,Nationwide Towing Services,25368.89,2029-01-15,3585
INV316991,Management of Active Melbourne recreation facilities,Victorian YMCA Community Programming Pty Ltd (AUS),202614.04,2025-11-02,3615
INV316992,Open spaces management - region 1,CitywideServiceSolutionsPtyLtd,"$37,165.48",22-Mar-2028,3676
INV316993,Graffiti management and pressure cleaning services,calcorp services pty ltd,180799.25,28/06/04,3668
INV316994,Open spaces management - region 2,SERCO (AU),0.1m,13 January 2025,3677
INV316995,Building maintenance services,Programmed Facility Management Pty Ltd (AU),48277.13 AUD,16/05/2027,3630
INV316996,Vehicle tow away and impound services,Nationwide Towing Services (AUS),"$64,490.46",24/02/2027,3585
INV316997,Management of Active Melbourne recreation facilities,calcorp services pty ltd,247419.06,04 September 2025,3668
INV316998,Civil infrastructure services,CITYWIDE SERVICE SOLUTIONS PTY LTD,157164.94,27/11/20,3665
INV316999,Management of Active Melbourne recreation facilities,VICTORIAN YMCA COMMUNITY PROGRAMMING PTY LTD,200325.44 AUD,2025-09-07,3615
INV317000,Management of Active Melbourne recreation facilities,Victorian YMCA Community Programming Pty Ltd,208722.5 AUD,27 November 2026,3615
