InvoiceID,ContractTitle,Provider,InvoiceAmount,InvoiceDate,ContractNumber
INV136001,Parking technology services,Reino Intl Pty Ltd T/A Duncan Solutions,49841.51,28/02/2026,3623
INV136002,Open spaces management - region 2,Serco,"$37,335.05",09/10/2028, 
INV136003,Waste management services,Cleanaway Waste Management Ltd,143024.08,2026-09-14,3556
INV136004,Management of Active Melbourne recreation facilities,victorian ymca community programming pty ltd,0.0m,28/11/28,3615
INV136005,Melbourne Town Hall venue management,Showtime Event Group P/L,32198.12 AUD,31-Oct-2028,3670
INV136006,Open spaces management - region 1,Citywide Service Solutions Pty Ltd (AUS),0.0m,17/08/2027,3676
INV136007,Vehicle tow away and impound services,Nationwide  Towing  Services,124934.59,23-Apr-2028,3585
INV136008,Graffiti management and pressure cleaning services,Calcorp Services Pty Ltd,0.2m,14 November 2025,3668
INV136009,Melbourne Town Hall venue management,Showtime Event,"$238,489.29",01/06/2027, 
INV136010,Integrated security services,National  Protective  Services  Pty  Ltd,0.2m,26/12/12,3686
INV136011,Open spaces management - region 2,SERCO,240972.53 AUD,14/04/2029,3677
INV136012,Street cleaning,Spotless Facility Services Pty Ltd,207324.82,14-Jul-2029,3669
INV136013,Open spaces management - region 1,CitywideaService Solutions Pty Ltd,0.1m,28/03/12,3676
INV136014,Open spaces management - region 1,Citywide Service Solutionu Pty Ltd,65484.59,17/07/2025,3676
INV136015,Management of Active Melbourne recreation facilities,VICTORIAN YMCA COMMUNITY PROGRAMMING PTY LTD,0.1m,26/08/13,3615
INV136016,Graffiti management and pressure cleaning services,Calcorp Services Pty Ltd (AU),"$27,817.01",30/03/2029,3668
INV136017,Civil infrastructure services,Citywide Service Solutions P/L,112663.67 AUD,13/12/2027,3665
INV136018,Building cleaning services,Menzies International (Aust) P/L,"$175,182.03",2029-05-13,3634
INV136019,Graffiti management and pressure cleaning services,CalcorpServicesPtyLtd,40697.31,26/04/28,3668
INV136020,Management of Active Melbourne recreation facilities,Victorian YMCA Community Programming Pty Ltd,227260.53 AUD,28/09/28,3615
INV136021,Waste management services,Cleanaway Waste Management Limited (AU),147537.72 AUD,16/12/2027,3556
INV136022,Open spaces management - region 2,SERCO,236597.07 AUD,01/10/2029,3677
INV136023,Management of Active Melbourne recreation facilities,Victorian YMCA Community Programming Pty Ltd,218385.68 AUD,01 September 2025,3615
INV136024,Graffiti management and pressure cleaning services,Calcorp Services Pty Ltd (AUS),"$127,545.32",28/01/2025,3668
INV136025,Melbourne Town Hall venue management,Showtime Event Group P/L,0.2m,06/01/2029,3670
INV136026,Integrated security services,National Protective Services Pty. Ltd.,120835.28 AUD,29/01/07,3686
INV136027,Waste management services,Cleanaway Waste Management Limited,"$172,489.19",04-Feb-2025,3556
INV136028,Open spaces management - region 2,SERCO,0.2m,26/06/2029,3677
INV136029,Open spaces management - region 1,Citywide Service Solutions Pty Ltd,152111.85 AUD,09/08/2028,3676
INV136030,Open spaces management - region 2,SERCO,"$118,603.2",23/03/2027,3677
INV136031,Vehicle tow away and impound services,Nationwide,0.1m,09 January 2027,3585
INV136032,Open spaces management - region 2,SERCO (AUS),"$226,322.72",16 October 2026, 
INV136033,Civil infrastructure services,CitywideServiceSolutionsPtyLtd,0.2m,25/01/08,3665
INV136034,Tree management maintenance services,Citywide Service Solutions Pty Ltd (AUS),"$42,550.42",2026-01-20,3678
INV136035,Street cleaning,Spotless,0.0m,05/05/2028,3669
INV136036,Open spaces management - region 1,Citywide Service ,"$238,432.87",08 May 2026,3676
INV136037,Open spaces management - region 2,SERCO (AUS),111643.16,2025-03-11,3677
INV136038,Graffiti management and pressure cleaning services,CALCORP SERVICES PTY LTD,375.43 AUD,07/02/2026,3668
INV136039,Open spaces management - region 2,serco,0.2m,20-Dec-2028,3677
INV136040,Civil infrastructure services,Citywide Service Solutions Pty. Ltd.,"$195,166.96",19/09/2029,3665
INV136041,Street cleaning,Spotless,137671.49,09-Oct-2025,3669
INV136042,Building cleaning services,Menzies International (Aust) Pty Ltd,0.0m,29 July 2027,3634
INV136043,Building cleaning services,Menzies International (Aust) Pty. Ltd.,"$93,071.89",07/01/2029,3634
INV136044,Building maintenance services,Programmed Facility Management Pty Ltd,186407.21,29/02/20,3630
INV136045,Tree management maintenance services,Citywide Service Solutions Pty Ltd,0.2m,20 April 2029,3678
INV136046,Open spaces management - region 1,Citywide Service Solutions Pty Ltb,72955.89 AUD,22/09/2029,3676
INV136047,Open spaces management - region 1,Citywide Service kolutions Pty Ltd,"$43,300.85",24/11/2028,3676
INV136048,Open spaces management - region 2,SERCO,101849.56 AUD,2029-07-03,3677
INV136049,Waste management services,CleanawayWasteManagementLimited,94676.12,28/03/30,3556
INV136050,Melbourne Town Hall venue management,Showtime Event Group Pty. Ltd.,0.2m,25 January 2026,3670
INV136051,Melbourne Town Hall venue management,Showtime Event Group Pty Ltd (AUS),"$23,741.17",28/12/09,3670
INV136052,Integrated security services,National Protective Services Pty Ltd (AUS),135309.82 AUD,11/04/2028,3686
INV136053,Open spaces management - region 1,Citywide Service Solutions P/L,10577.14,28/02/12,3676
INV136054,Vehicle tow away and impound services,Natronwide Towing Services,126705.89,09/08/2027,3585
INV136055,Management of Active Melbourne recreation facilities,Victorian YMCA Community Programming Pty Ltd,"$227,804.57",25/03/17,3615
INV136056,Graffiti management and pressure cleaning services,Calcorp Services Pty. Ltd.,0.1m,29/02/27,3668
INV136057,Parking technology services,Reino International Pty. Ltd. T/A Duncan Solutions,"$26,874.91",28/07/2029,3623
INV136058,Waste management services,Cleanaway Waste M,"$70,616.37",,3556
INV136059,Building maintenance services,Programmed Facility Management Pty Ltd (AU),136691.18 AUD,31/05/2027,3630
INV136060,Building cleaning services,Menzies International (Aust) Pty Ltd (AUS),98890.63,18-Feb-2028,3634
INV136061,Open spaces management - region 1,Citywide Service ,73497.34 AUD,02-Sep-2027,3676
INV136062,Building maintenance services,Programmed,"$160,287.31",31/08/2029,3630
INV136063,Open spaces management - region 1,Citywide ServicevSolutions Pty Ltd,"$45,320.96",2026-01-26,3676
INV136064,Vehicle tow away and impound services,NationwideTowingServices,83920.92 AUD,2029-04-07,3585
INV136065,Graffiti management and pressure cleaning services,Calcorp Services P/L,25942.23,05/01/2025,3668
INV136066,Building maintenance services,Programmed Facility Management Pty. Ltd.,0.1m,21/04/2028,3630
INV136067,Tree management maintenance services,Citywide Service Solutions Pty Ltd,"$111,031.72",18/02/2025,3678
INV136068,Building maintenance services,Menzies Intl (Aust) Pty Ltd,30476.53 AUD,26/12/2026,3634
INV136069,Waste management services,Cleanaway Waste Management Limited (AU),142703.37,24-Nov-2028,3556
INV136070,Parking technology services,Reino International Pty Ltd T/A Duncan Solutions,0.1m,23/03/2025,3623
INV136071,Open spaces management - region 1,Citywide Service Solutions Pty Ltd,0.1m,17/12/2028, 
INV136072,Building cleaning services,Menzies  International  (Aust)  Pty  Ltd,237500.75,23 September 2025,3634
INV136073,Vehicle tow away and impound services,NationwideTowingServices,0.2m,28/04/20,3585
INV136074,Civil infrastructure services,Menzies International (Aust) Pty Ltd (AU),0.2m,10-Sep-2026,3634
INV136075,Parking technology services,Showtime Event Group Pty Ltd (AUS),"$240,485.4",05/02/2029,3670
INV136076,Open spaces management - region 1,Citywide Sejvice Solutions Pty Ltd,0.2m,21/10/2028,3676
INV136077,Tree management maintenance services,Citywide Service Solutions Pty Ltd (AU),"$168,906.39",28/01/24,3678
INV136078,Building maintenance services,programmed facility management pty ltd,"$194,180.57",19-Jul-2027,3630
INV136079,Open spaces management - region 2,SERCO,209459.98,17-Feb-2028,3677
INV136080,Vehicle tow away and impound services,Calcorp,0.2m,15/11/2028,3668
INV136081,Management of Active Melbourne recreation facilities,Victorian YMCA Communi,195328.18,01/10/2029,3615
INV136082,Waste management services,Cleanaway,184790.52,11/05/2029,3556
INV136083,Melbourne Town Hall venue management,Showtime Event,139048.73,2025-01-30,3670
INV136084,Management of Active Melbourne recreation facilities,Victorian YMCA Community Programming Pty Ltd,21397.89,25/04/03,3615
INV136085,Integrated security services,National Protective Services Pty Ltd,"$120,142.73",20 June 2027,3686
INV136086,Building cleaning services,Menzies Int’l (Aust) Pty Ltd,77114.37,16-Jan-2027,3634
INV136087,Building cleaning services,Menzies Int’l (Aust) Pty Ltd,0.2m,13/04/2029,3634
INV136088,Melbourne Town Hall venue management,Showtmme Event Group Pty Ltd,"$51,735.44",2028-04-26,3670
INV136089,Melbourne Town Hall venue management,Showtime Event Group Pty Ltd,"$208,801.41",29/05/27,3670
INV136090,Graffiti management and pressure cleaning services,Calcorp Serv,"$211,705.02",01 December 2025,3668
INV136091,Open spaces management - region 1,Citywide Service Solutions Pty Ltd (AU),78417.42 AUD,28/02/04,3676
INV136092,Open spaces management - region 2,SEqCO,,01 February 2026,3677
INV136093,Management of Active Melbourne recreation facilities,Victorian YMCA Community Programming Pty Ltd,110299.82 AUD,23/11/2027,3615
INV136094,Vehicle tow away and impound services,NATIONWIDE TOWING SERVICES,55644.42,15/07/2026,3585
INV136095,Vehicle tow away and impound services,Nationwide  Towing  Services,"$34,085.19",09/04/2026,3585
INV136096,Street cleaning,SPOTLESS FACILITY SERVICES PTY LTD,171157.83,2029-07-14,3669
INV136097,Management of Active Melbourne recreation facilities,Vicaorian YMCA Community Programming Pty Ltd,0.1m,,3615
INV136098,Melbourne Town Hall venue management,showtime event group pty ltd,"$92,101.09",2028-02-03,3670
INV136099,Building maintenance services,PROGRAMMED FACILITY MANAGEMENT PTY LTD,"$76,624.03",26/04/12,3630
INV136100,Building maintenance services,Programmed Facility ManagementwPty Ltd,0.2m,15/10/2027,3630
INV136101,Building cleaning services,menzies international (aust) pty ltd,"$70,070.59",30/11/2026,3634
INV136102,Parking technology services,Reino,151761.52,2025-04-16,3623
INV136103,Building cleaning services,menzies international (aust) pty ltd,94089.08,25/01/2029,3634
INV136104,Vehicle tow away and impound services,Nationwide Towing Services,0.1m,2026-06-17,3585
INV136105,Melbourne Town Hall venue management,Showtime  Event  Group  Pty  Ltd,134068.88,12/02/2028,3670
INV136106,Open spaces management - region 1,Citywide Service Solutions Pty Ltd (AUS),190464.8,12/04/2029,3676
INV136107,Vehicle tow away and impound services,Nationwide,"$45,166.8",09 July 2028,3585
INV136108,Building maintenance services,Programmed,59827.98,09/12/2027,3630
INV136109,Melbourne Town Hall venue management,SHOWTIME EVENT GROUP PTY LTD,,26/05/15,3670
INV136110,Melbourne Town Hall venue management,showtime event group pty ltd,,20/06/2029,3670
INV136111,Melbourne Town Hall venue management,Showtime Event Group Pty Ltd,0.1m,07/11/2029,3670
INV136112,Waste management services,cleanaway waste management limited,166239.37 AUD,20 April 2028,3556
INV136113,Building cleaning services,MenziesInternational(Aust)PtyLtd,0.0m,20 April 2028,3634
INV136114,Building cleaning services,Menzies International (Aust) Pty. Ltd.,70360.35 AUD,07/06/2027,3634
INV136115,Building cleaning services,Menzies International (Aust) Pty Ltd (AUS),210611.54,2027-06-18,3634
INV136116,Waste management services,Cleanaway Waste Management Limited,69739.64,05 October 2028,3556
INV136117,Graffiti management and pressure cleaning services,Calcorp Services Pty Ltd (AUS),50673.56,30-Jul-2029,3668
INV136118,Open spaces management - region 2,SERCO,137023.91 AUD,07/03/2025,3677
INV136119,Open spaces management - region 2,SERCx,44425.62,06-Mar-2027,3677
INV136120,Building cleaning services,Menzies International (Aust) P/L,120957.0,06 February 2028,3634
INV136121,Open spaces management - region 1,Citywide Service Solutions Pty Ltd,"$89,042.52",27/09/27,3676
INV136122,Open spaces management - region 2,SERCO,115249.35,23/05/2029,3677
INV136123,Building maintenance services,PROGRAMMED FACILITY MANAGEMENT PTY LTD,"$185,296.2",28/01/21,3630
INV136124,Management of Active Melbourne recreation facilities,Victorian YMCA Community Programming Pty Ltd,"$216,261.01",06-Oct-2029,3615
INV136125,Civil infrastructure services,citywide service solutions pty ltd,77748.78,10-Nov-2027,3665
INV136126,Graffiti management and pressure cleaning services,Calcorp Services Pty Ltd,113591.87,27/09/26,3668
INV136127,Building maintenance services,Programmed Facility Management Pty Ltd,0.1m,27 April 2029,3630
INV136128,Waste management services,Cleanaway Waste Management LTD,48598.9,28/09/01,3556
INV136129,Vehicle tow away and impound services,nationwide towing services,75278.33,20/06/2028,3585
INV136130,Open spaces management - region 2,SERCO,"$55,005.57",27/03/2025,3677
INV136131,Management of Active Melbourne recreation facilities,Victorian YMCA Community Programming Pty Ltd (AUS),144907.13,26/07/2027,3615
INV136132,Management of Active Melbourne recreation facilities,Victorian YMCA Community Programming Pty Ltd,"$213,500.17",28/08/07,3615
INV136133,Building maintenance services,Programmed Facility,110317.52,08-Jul-2028,3630
INV136134,Street cleaning,Spotless Facility Services Pty. Ltd.,87272.07,2029-10-30,3669
INV136135,Waste management services,CLEANAWAY WASTE MANAGEMENT LIMITED,214391.91,05 August 2029,3556
INV136136,Integrated security services,National Protective Services Pty. Ltd.,"$78,911.61",2027-07-26,3686
INV136137,Building cleaning services,Menzies International (Aust) Pty Ltd (AUS),0.1m,21/10/2029,3634
INV136138,Open spaces management - region 2,SERCO,"$57,304.5",02-Nov-2025,3677
INV136139,Waste management services,Cleanaway Waste M,60815.84,01-Apr-2027, 
INV136140,Building maintenance services,PROGRAMMED FACILITY MANAGEMENT PTY LTD,108592.91 AUD,28/11/08,3630
INV136141,Vehicle tow away and impound services,Nationwide Towing Services,0.2m,01/11/2029,3585
INV136142,Open spaces management - region 1,Citywide Service Solutions Pty Ltd,84542.4 AUD,2029-11-06,3676
INV136143,Melbourne Town Hall venue management,Showtime Evend Group Pty Ltd,236519.6 AUD,07 September 2028,3670
INV136144,Building cleaning services,Menzies International (Aust) Pty Ltd (AU),61353.44 AUD,27/06/13,3634
INV136145,Building cleaning services,Menzies International (Aust) Pty. Ltd.,0.2m,04/08/2029,3634
INV136146,Waste management services,CleanawayWasteManagementLimited,"$3,676.38",25/11/2029,3556
INV136147,Street cleaning,Spotless Facility Services Pty Ltd,0.2m,17 May 2029,3669
INV136148,Integrated security services,National Prltective Services Pty Ltd,103399.23,24/04/2029,3686
INV136149,Integrated security services,National Protective Services Pty Ltd,75996.94 AUD,14/01/2026,3686
INV136150,Building maintenance services,Programmed Facility Mgmt Pty Ltd,0.2m,12-Feb-2029, 
INV136151,Graffiti management and pressure cleaning services,Calcorp Services Pty Ltd,166547.45,08-Jun-2027,3668
INV136152,Vehicle tow away and impound services,Nationwide Towing Services,240646.13 AUD,15/03/2029,3585
INV136153,Management of Active Melbourne recreation facilities,Victorian YMCA Community Programming Pty Ltd (AU),69801.0,10 August 2026,3615
INV136154,Open spaces management - region 1,Programmed Facility Management Pty Ltd,102520.55 AUD,2026-03-10,3630
INV136155,Vehicle tow away and impound services,Nationwide Towing Services (AUS),123923.75,28/10/18,3585
INV136156,Graffiti management and pressure cleaning services,Calcorp  Services  Pty  Ltd,"$155,727.62",15 January 2025,3668
INV136157,Graffiti management and pressure cleaning services,Victorian  YMCA  Community  Programming  Pty  Ltd,"$130,528.56",09/09/2028,3615
INV136158,Open spaces management - region 2,SERCO,0.1m,29/12/2029,3677
INV136159,Management of Active Melbourne recreation facilities,Victorian YMCA Community Programming Pty Ltd,"$138,303.87",10-Dec-2025,3615
INV136160,Parking technology services,Citywide  Service  Solutions  Pty  Ltd,171707.13,2027-10-28,3678
INV136161,Management of Active Melbourne recreation facilities,Victorian  YMCA  Community  Programming  Pty  Ltd,95053.24,15/10/2025,3615
INV136162,Vehicle tow away and impound services,nationwide towing services,131577.8,01-Jun-2025,3585
INV136163,Melbourne Town Hall venue management,Showtime Event Groud Pty Ltd,113568.27,15/02/2027,3670
INV136164,Vehicle tow away and impound services,Nationwide Towing Services (AU),68938.69 AUD,03 March 2027,3585
INV136165,Management of Active Melbourne recreation facilities,victorian ymca community programming pty ltd,0.1m,24 October 2026,3615
INV136166,Integrated security services,National Protective Services Pty Ltd (AUS),"$182,246.16",04 March 2026,3686
INV136167,Integrated security services,National Protective Services P/L,0.0m,2026-01-27,3686
INV136168,Building maintenance services,Programmed Facility Management Pty Ltd,61748.31,29/07/10,3630
INV136169,Open spaces management - region 1,Citywide Service Solutions Pty Ltd,108938.13,02/06/2028,3676
INV136170,Melbourne Town Hall venue management,ShowtimeEventGroupPtyLtd,0.2m,28/11/04,3670
INV136171,Waste management services,CLEANAWAY WASTE MANAGEMENT LIMITED,0.1m,09/09/2026,3556
INV136172,Building cleaning services,MenziesInternational(Aust)PtyLtd,234817.34,2027-10-21,3634
INV136173,Civil infrastructure services,citywide service solutions pty ltd,23794.88 AUD,01 June 2026,3665
INV136174,Civil infrastructure services,Citywide Seevice Solutions Pty Ltd,0.1m,29/12/2027, 
INV136175,Parking technology services,Reino International Pty. Ltd. T/A Duncan Solutions,0.0m,11-Nov-2028,3623
INV136176,Street cleaning,Spotless,0.1m,29/06/11,3669
INV136177,Melbourne Town Hall venue management,SHOWTIME EVENT GROUP PTY LTD,172396.93,28/07/15,3670
INV136178,Open spaces management - region 1,Citywide Service Solutions Pty Ltd (AUS),212611.09,25 May 2029,3676
INV136179,Open spaces management - region 1,Citywide  Service  Solutions  Pty  Ltd,154041.83 AUD,06-Aug-2027,3676
INV136180,Civil infrastructure services,Citywide Service Solutions Pty Ltd,"$222,707.8",07-Aug-2026,3665
INV136181,Waste management services,Cleanaway,211373.7,2025-12-25,3556
INV136182,Graffiti management and pressure cleaning services,Calcorp Servicws Pty Ltd,"$170,068.02",09-Jun-2027,3668
INV136183,Waste management services,Cleanaway Waste Mgmt Limited,97668.25 AUD,21/05/2025,3556
INV136184,Vehicle tow away and impound services,NATIONWIDE TOWING SERVICES,0.2m,,3585
INV136185,Street cleaning,Spotless Facility Services Pty Ltd,144757.66,2026-09-29,3669
INV136186,Open spaces management - region 2,SERCO (AUS),236294.85 AUD,2027-01-29,3677
INV136187,Graffiti management and pressure cleaning services,Calcorp Serv,136744.49,25/05/2025,3668
INV136188,Open spaces management - region 2,SERCO,0.2m,03-Dec-2026,3677
INV136189,Vehicle tow away and impound services,Nationwide,0.1m,28 December 2028,3585
INV136190,Management of Active Melbourne recreation facilities,Victorian YMCA Community Programming Pty Ltd,"$54,808.7",2025-01-30,3615
INV136191,Building maintenance services,Programmed Facility Management P/L,125571.66 AUD,11 June 2027,3630
INV136192,Melbourne Town Hall venue management,Showtime Event Group Pty Ltd,"$197,393.05",09/07/2029,3670
INV136193,Parking technology services,Reino International P/L T/A Duncan Solutions,105459.32,15/11/2027,3623
INV136194,Civil infrastructure services,citywide service solutions pty ltd,"$61,654.07",19/01/2028,3665
INV136195,Management of Active Melbourne recreation facilities,Victorian YMCA Community Programming Pty Ltd (AUS),107213.49 AUD,31/01/2027,3615
INV136196,Integrated security services,National Protective Services P/L,186314.59,09/01/2028,3686
INV136197,Street cleaning,spotless facility services pty ltd,"$212,794.66",2026-06-19,3669
INV136198,Civil infrastructure services,Citywide Service Solutions Pty Ltd,0.0m,25 August 2028,3665
INV136199,Melbourne Town Hall venue management,Showtime Event Group Pty Ltd,164472.0 AUD,13-May-2026,3670
INV136200,Melbourne Town Hall venue management,Showtime,206366.42,2025-10-22,3670
INV136201,Tree management maintenance services,Citywide  Service  Solutions  Pty  Ltd,"$205,917.03",,3678
INV136202,Management of Active Melbourne recreation facilities,Victorian YMCA Community Programming Pty Ltd (AUS),203073.0,06/10/2029,3615
INV136203,Open spaces management - region 2,SERCO (AU),232540.03,08/07/2026,3677
INV136204,Open spaces management - region 2,SERCO,71350.84 AUD,28/03/22,3677
INV136205,Civil infrastructure services,Citywide Service Solutions Pty Ltd,106500.48 AUD,08/02/2026,3665
INV136206,Parking technology services,REINO INTERNATIONAL PTY LTD T/A DUNCAN SOLUTIONS,0.2m,30/11/2025,3623
INV136207,Management of Active Melbourne recreation facilities,VICTORIAN YMCA COMMUNITY PROGRAMMING PTY LTD,"$247,444.76",27 January 2027,3615
INV136208,Civil infrastructure services,Citywide Service Solutions Pty Ltd,33272.65,2028-09-08,3665
INV136209,Street cleaning,Spotless Facility Servicks Pty Ltd,0.1m,,3669
INV136210,Management of Active Melbourne recreation facilities,Victorian YMCA Community Programming Pty Ltd,46990.43 AUD,27/03/23,3615
INV136211,Tree management maintenance services,Citywide Service Solutions Pty Ltd,31798.56,2028-05-08,3678
INV136212,Vehicle tow away and impound services,nationwide towing services,167635.73,28/04/29,3585
INV136213,Civil infrastructure services,Citywide Service Solutions Pty Ltd,0.0m,26/01/2025,3665
INV136214,Street cleaning,SPOTLESS FACILITY SERVICES PTY LTD,"$127,865.91",27/06/16,3669
INV136215,Vehicle tow away and impound services,NationwideTowingServices,137882.94 AUD,09/08/2025,3585
INV136216,Open spaces management - region 1,Citywide,"$76,285.49",06/07/2028,3676
INV136217,Building maintenance services,Programmed Facility,"$162,377.77",27/11/05,3630
INV136218,Waste management services,Cleanaway Waste Management Limited,87498.39 AUD,16 June 2026,3556
INV136219,Waste management services,Cleanaway,31729.18,22/02/2026,3556
INV136220,Tree management maintenance services,Citywide,0.2m,31/10/2026,3678
INV136221,Waste management services,cleanaway waste management limited,56191.74 AUD,08/04/2025, 
INV136222,Integrated security services,National Protgctive Services Pty Ltd,1151.99,2026-12-11,3686
INV136223,Open spaces management - region 1,CitywideServiceSolutionsPtyLtd,"$97,403.97",29/02/19,3676
INV136224,Tree management maintenance services,CITYWIDE SERVICE SOLUTIONS PTY LTD,71289.47,26 November 2029,3678
INV136225,Integrated security services,National,0.0m,27 July 2027,3686
INV136226,Waste management services,Cleanaway,82186.44 AUD,2025-01-03,3556
INV136227,Civil infrastructure services,Citywide Service Solutions Pty Ltd,"$171,739.25",01-Feb-2026,3665
INV136228,Open spaces management - region 1,Citywide Seriice Solutions Pty Ltd,"$241,316.18",25/05/16,3676
INV136229,Graffiti management and pressure cleaning services,calcorp services pty ltd,90315.45,25/01/24,3668
INV136230,Parking technology services,Reino International Pty Ltd T/A Duncan Solutions,"$169,449.81",2028-11-13, 
INV136231,Waste management services,Cleanaway Waste Management Ltd,"$105,003.53",2026-09-30,3556
INV136232,Integrated security services,NationalProtectiveServicesPtyLtd,0.0m,16/12/2027,3686
INV136233,Building cleaning services,Menzies International (Aust) Pty Ltd (AUS),242832.31 AUD,01/02/2026,3634
INV136234,Melbourne Town Hall venue management,Showtime Event Group Pty Ltd,0.1m,28/05/14,3670
INV136235,Tree management maintenance services,citywide service solutions pty ltd,170844.75,17/06/2026,3678
INV136236,Graffiti management and pressure cleaning services,CalcorpServicesPtyLtd,90368.48 AUD,27/04/14,3668
INV136237,Street cleaning,SpotlessFacilityServicesPtyLtd,122344.47 AUD,27/12/14,3669
INV136238,Civil infrastructure services,Citywide Service Solutions P/L,0.2m,28/07/2029,3665
INV136239,Parking technology services,Reino,140481.88 AUD,07/08/2026,3623
INV136240,Vehicle tow away and impound services,Nationwide,174514.07,31-Oct-2028,3585
INV136241,Street cleaning,Spotless Facility Services Pty Ltd,109759.69,13/08/2026,3669
INV136242,Integrated security services,National,0.0m,12 July 2029,3686
INV136243,Management of Active Melbourne recreation facilities,VICTORIAN YMCA COMMUNITY PROGRAMMING PTY LTD,183715.0 AUD,23 January 2027,3615
INV136244,Waste management services,Cleanaway Waste Management Limited (AUS),34888.3 AUD,23 January 2027,3556
INV136245,Vehicle tow away and impound services,Nationwide Towing Services,215961.11,20/11/2027,3585
INV136246,Waste management services,Cleanaway Waste Management Limited (AUS),229228.83,04/02/2029, 
INV136247,Waste management services,cleanaway waste management limited,0.0m,14/02/2025,3556
INV136248,Building cleaning services,VictorianYMCACommunityProgrammingPtyLtd,79313.4,2027-04-28,3615
INV136249,Graffiti management and pressure cleaning services,CalcorplServices Pty Ltd,0.1m,26/10/28,3668
INV136250,Integrated security services,National Protective Services Pty Ltd,57902.03,25/06/2029,3686
INV136251,Building cleaning services,Menzies Internationpl (Aust) Pty Ltd,0.1m,11/02/2027,3634
INV136252,Graffiti management and pressure cleaning services,Calcorp Services Pty Ltd,175584.46 AUD,2027-01-16,3668
INV136253,Vehicle tow away and impound services,Nationwide Towing Services,138734.18 AUD,26/08/2029, 
INV136254,Graffiti management and pressure cleaning services,Calcorp Services Pty Ltd (AU),"$184,553.33",13-Mar-2029,3668
INV136255,Waste management services,Cleanaway  Waste  Management  Limited,211020.95,22-Jun-2025,3556
INV136256,Management of Active Melbourne recreation facilities,victorian ymca community programming pty ltd,228714.93,27/03/10,3615
INV136257,Street cleaning,Spotless Facility Services Pty. Ltd.,0.2m,16-May-2029,3669
INV136258,Open spaces management - region 1,CITYWIDE SERVICE SOLUTIONS PTY LTD,10427.09,09/12/2026,3676
INV136259,Building maintenance services,Victorian YMCA Community Programming Pty Ltd (AUS),"$95,004.21",2028-05-10,3615
INV136260,Graffiti management and pressure cleaning services,Calcorp Services Pty. Ltd.,42575.35,27/10/24,3668
INV136261,Open spaces management - region 2,SERCO (AU),46502.33,2029-01-04,3677
INV136262,Open spaces management - region 2,SERCO (AUS),235478.6,2029-04-10,3677
INV136263,Building maintenance services,Programmed Facility Management Pty Ltd,0.1m,30/07/2026,3630
INV136264,Street cleaning,Cleanaway,"$128,645.78",29 July 2027,3556
INV136265,Melbourne Town Hall venue management,Showtime Event,0.0m,15-Jun-2029,3670
INV136266,Civil infrastructure services,CitywideServiceSolutionsPtyLtd,31884.31 AUD,24-Sep-2028,3665
INV136267,Melbourne Town Hall venue management,Showtime Evevt Group Pty Ltd,0.1m,2026-07-07,3670
INV136268,Open spaces management - region 1,Citywide,29616.21,25/01/2026,3676
INV136269,Melbourne Town Hall venue management,Showtime,180559.13 AUD,03/07/2026, 
INV136270,Waste management services,Cleanaway Waste Management Limited (AU),237352.69,12/12/2026,3556
INV136271,Graffiti management and pressure cleaning services,Caacorp Services Pty Ltd,0.1m,09 December 2027,3668
INV136272,Tree management maintenance services,Citywide Service Solutions Pty Ltd (AU),"$44,878.39",25/06/12,3678
INV136273,Open spaces management - region 2,Serco,0.1m,01 January 2030,3677
INV136274,Tree management maintenance services,Citywide Service Solutions zty Ltd,128736.43 AUD,11/01/2028,3678
INV136275,Parking technology services,Reino International Pty Ltd T/A Duncan Solutions,29106.74 AUD,15/06/2027, 
INV136276,Vehicle tow away and impound services,Nationwide Towing Services (AUS),85137.71 AUD,15-Dec-2028, 
INV136277,Management of Active Melbourne recreation facilities,Victorian Ymca Community Programming Pty Ltd,"$180,163.46",2028-05-23,3615
INV136278,Building cleaning services,Menzies International (Aust) Pty. Ltd.,"$105,802.84",2027-02-04,3634
INV136279,Vehicle tow away and impound services,Nationwide  Towing  Services,48608.99,29-May-2028,3585
INV136280,Building maintenance services,Programmed Facility Management P/L,113268.63,2029-12-15,3630
INV136281,Waste management services,Cleanaway Waste Management Limited (AUS),51077.89,2029-02-23,3556
INV136282,Parking technology services,Citywide Service Solutions Pty Ltd,207068.92 AUD,26/10/01,3676
INV136283,Management of Active Melbourne recreation facilities,Victorian YMCA Community Programming Pty Ltd (AUS),"$114,546.05",10/09/2029,3615
INV136284,Street cleaning,SPOTLESS FACILITY SERVICES PTY LTD,164696.2,2029-01-11,3669
INV136285,Parking technology services,Reino International Pty Ltd T/A Duncan Solutions,148799.9,11/10/2026,3623
INV136286,Integrated security services,National Protective Services Pty Ltd,189134.34,28/06/24,3686
INV136287,Street cleaning,Spotless Facility Services Pty Ltd,77200.1,26/09/30,3669
INV136288,Waste management services,cleanaway waste management limited,210957.24,22/01/2026,3556
INV136289,Open spaces management - region 2,SERCO,72262.03,12 December 2027,3677
INV136290,Graffiti management and pressure cleaning services,CALCORP SERVICES PTY LTD,246190.41 AUD,2027-03-15,3668
INV136291,Open spaces management - region 2,SERCO (AU),"$127,265.48",21 March 2029,3677
INV136292,Integrated security services,NATIONAL PROTECTIVE SERVICES PTY LTD,141621.1 AUD,26/11/01,3686
INV136293,Street cleaning,Spotless Facility Services Pty Ltd (AUS),"$73,144.79",13/05/2027,3669
INV136294,Building maintenance services,PROGRAMMED FACILITY MANAGEMENT PTY LTD,144906.08,03/11/2027,3630
INV136295,Street cleaning,Spotless Facility Services Pty Ltd,158933.2,26/12/20,3669
INV136296,Building maintenance services,Cctywide Service Solutions Pty Ltd,212190.08,05/01/2028,3678
INV136297,Building cleaning services,Menzies International (Aust) Pty Ltd,169508.36 AUD,31 July 2029,3634
INV136298,Vehicle tow away and impound services,Nationwide To,0.2m,15-Oct-2029,3585
INV136299,Street cleaning,national protective services pty ltd,136425.5 AUD,2027-12-14,3686
INV136300,Parking technology services,Reino,249955.95,25/02/28, 
INV136301,Open spaces management - region 2,Cleanaway Waste M,34507.77 AUD,2025-07-25,3556
INV136302,Building maintenance services,Programmed  Facility  Management  Pty  Ltd,0.1m,23/03/2027,3630
INV136303,Building cleaning services,Menzies International (Aust) Pty. Ltd.,"$12,049.21",2027-02-11, 
INV136304,Integrated security services,NATIONAL PROTECTIVE SERVICES PTY LTD,179480.86 AUD,2028-07-29,3686
INV136305,Street cleaning,Spotless Facility Services Pty Ltd,218996.42,20-Aug-2026,3669
INV136306,Civil infrastructure services,Citywide Service Solutions Pty. Ltd.,171686.93 AUD,10 October 2025,3665
INV136307,Management of Active Melbourne recreation facilities,VictorianYMCACommunityProgrammingPtyLtd,181110.54,26/05/30,3615
INV136308,Melbourne Town Hall venue management,showtime event group pty ltd,146179.21,03 August 2028,3670
INV136309,Integrated security services,NATIONAL PROTECTIVE SERVICES PTY LTD,82699.54,10-Jun-2025,3686
INV136310,Open spaces management - region 1,Citywide Service Solutions Pty Ltd,"$82,277.44",06-Jun-2029, 
INV136311,Street cleaning,Spotless Facility Services Pty Ltd,"$233,810.32",10 November 2028,3669
INV136312,Civil infrastructure services,Citywide Service Solutions Pty Ltd,122866.36,10-Aug-2029,3665
INV136313,Melbourne Town Hall venue management,showtime event group pty ltd,0.2m,03-Mar-2026,3670
INV136314,Civil infrastructure services,Citywide Service Solutions Pty Ltd (AUS),100037.65 AUD,29/05/10,3665
INV136315,Building maintenance services,Programmed Facility Mgmt Pty Ltd,109008.04 AUD,15/11/2029,3630
INV136316,Building maintenance services,programmed facility management pty ltd,203092.66 AUD,09/11/2027,3630
INV136317,Waste management services,Cleanaway,129402.99,26-Jun-2029,3556
INV136318,Parking technology services,Reino,0.2m,19-Jul-2025,3623
INV136319,Management of Active Melbourne recreation facilities,Victoriak YMCA Community Programming Pty Ltd,"$74,115.57",02-Jul-2026,3615
INV136320,Parking technology services,reino international pty ltd t/a duncan solutions,0.2m,11 November 2025,3623
INV136321,Management of Active Melbourne recreation facilities,Victorian,138738.12,03 September 2029,3615
INV136322,Civil infrastructure services,Citywide Service ,48559.06,25-Jul-2028,3665
INV136323,Melbourne Town Hall venue management,Showtime Event Group Pty Ltd,222033.67,2028-10-19,3670
INV136324,Waste management services,CleanawayWasteManagementLimited,91904.18,07-Oct-2025,3556
INV136325,Vehicle tow away and impound services,Nationwide,87104.24 AUD,2029-10-26,3585
INV136326,Street cleaning,SpotlessFacilityServicesPtyLtd,14065.28 AUD,2026-05-02,3669
INV136327,Open spaces management - region 2,SERCO,4559.56,26-Jun-2027,3677
INV136328,Open spaces management - region 1,Citywide Service Solutions Pty. Ltd.,0.2m,27-Mar-2027,3676
INV136329,Melbourne Town Hall venue management,Showtime Event Group Pty Ltd (AU),0.0m,28/08/26,3670
INV136330,Parking technology services,ReinoInternationalPtyLtdT/ADuncanSolutions,166438.94,24/10/2029,3623
INV136331,Integrated security services,National Protectiv,185369.93,28/12/22,3686
INV136332,Building maintenance services,Programmed Facility Management Pty Ltd,99845.5,2028-05-04,3630
INV136333,Parking technology services,Reino International Pty Ltd T/A Duncan Solutions,0.0m,12/07/2029,3623
INV136334,Street cleaning,SpotlessFacilityServicesPtyLtd,0.1m,26/05/22,3669
INV136335,Vehicle tow away and impound services,Nationwide Towing Services,0.2m,31/05/2025,3585
INV136336,Street cleaning,Spotless Facility Services Pty Ltd,"$67,475.48",2026-11-29,3669
INV136337,Vehicle tow away and impound services,Nationwide Towing Services (AU),"$224,981.09",2029-12-01,3585
INV136338,Integrated security services,National Protective Services Pty Ltd (AU),4016.95,2028-08-11,3686
INV136339,Graffiti management and pressure cleaning services,Calcorp Services Pty Ltd,182400.97 AUD,05 October 2027,3668
INV136340,Open spaces management - region 2,SERCO (AU),34497.77 AUD,07/03/2026,3677
INV136341,Melbourne Town Hall venue management,SHOWTIME EVENT GROUP PTY LTD,209225.21,28/10/17,3670
INV136342,Management of Active Melbourne recreation facilities,Victorian,80504.92 AUD,24 August 2027,3615
INV136343,Vehicle tow away and impound services,NationwideTowingServices,1644.87,25 March 2028, 
INV136344,Parking technology services,Reino International Pty ,109487.54,26-Oct-2027,3623
INV136345,Civil infrastructure services,Citywide Service Solutions Pty Ltd,63471.47,31-Mar-2029,3665
INV136346,Open spaces management - region 2,serco,"$226,590.62",2027-06-24,3677
INV136347,Parking technology services,Reino International Pty. Ltd. T/A Duncan Solutions,0.2m,2025-04-24,3623
INV136348,Parking technology services,Reino International Pty. Ltd. T/A Duncan Solutions,157659.93,04/12/2026,3623
INV136349,Parking technology services,Reino,151212.72,26/07/28,3623
INV136350,Management of Active Melbourne recreation facilities,Victorian YMCA Community Programming Pty Ltd,0.1m,17-Jul-2025,3615
INV136351,Open spaces management - region 1,Citywide Service Solutions Pty Ltd,230895.09 AUD,27/12/09,3676
INV136352,Civil infrastructure services,Citywide Service Solutions Pty Ltd (AU),0.2m,20 January 2026,3665
INV136353,Open spaces management - region 1,Citywide,179517.32,11 January 2027,3676
INV136354,Vehicle tow away and impound services,Nationwide Towing Services (AUS),192626.32,28/07/18,3585
INV136355,Tree management maintenance services,Citywide Service ,0.2m,27/08/29,3678
INV136356,Tree management maintenance services,Citywide  Service  Solutions  Pty  Ltd,236033.84,10-Jan-2026,3678
INV136357,Civil infrastructure services,CITYWIDE SERVICE SOLUTIONS PTY LTD,203646.97 AUD,15-Jan-2029,3665
INV136358,Civil infrastructure services,Citywide Service Solutions Pty Ltd,49447.66,31 January 2026,3665
INV136359,Graffiti management and pressure cleaning services,Calcorp Services Pty Ltd,24923.28,25/03/19,3668
INV136360,Integrated security services,NationalProtectiveServicesPtyLtd,"$89,747.57",14-Jan-2027,3686
INV136361,Graffiti management and pressure cleaning services,CalcorpServicesPtyLtd,49260.99,04/10/2027,3668
INV136362,Tree management maintenance services,Citywide Service Solutions Pty Ltd,"$95,996.75",2029-04-12,3678
INV136363,Waste management services,CleanawayWasteManagementLimited,205576.01,2028-02-27,3556
INV136364,Tree management maintenance services,citywide service solutions pty ltd,0.0m,06/05/2028,3678
INV136365,Vehicle tow away and impound services,Nationwide Towing Services,174335.62 AUD,08/04/2026,3585
INV136366,Open spaces management - region 1,CITYWIDE SERVICE SOLUTIONS PTY LTD,,14 November 2026,3676
INV136367,Vehicle tow away and impound services,Nationwide  Towing  Services,0.2m,09 June 2027,3585
INV136368,Building cleaning services,Menzies Internationfl (Aust) Pty Ltd,206735.3,24/12/2029,3634
INV136369,Integrated security services,National Protective Services Pty Ltd (AU),0.2m,27/04/04,3686
INV136370,Vehicle tow away and impound services,Nationwide Towing Services,32969.82 AUD,08-Apr-2025,3585
INV136371,Management of Active Melbourne recreation facilities,Victorian YMCA Community Programming Pty Ltd (AUS),"$61,923.66",2028-09-07,3615
INV136372,Building cleaning services,Menzies  International  (Aust)  Pty  Ltd,167497.35 AUD,12/03/2025,3634
INV136373,Graffiti management and pressure cleaning services,Nationwide Towing Services,9160.22,14/01/2029,3585
INV136374,Open spaces management - region 2,SERCO,110553.41,30/06/2027,3677
INV136375,Melbourne Town Hall venue management,showtime event group pty ltd,116470.13,30-Sep-2028,3670
INV136376,Street cleaning,Spotless,241124.12,21-Apr-2028,3669
INV136377,Building maintenance services,Programmed,237306.34,17/01/2026,3630
INV136378,Management of Active Melbourne recreation facilities,Victorian Ymca Community Programming Pty Ltd,0.0m,13/06/2027,3615
INV136379,Waste management services,Cleanaway Waste Management Limited,"$18,171.93",2025-07-29,3556
INV136380,Graffiti management and pressure cleaning services,Calcorp Services Pty Ltd,111706.11 AUD,10 January 2028,3668
INV136381,Civil infrastructure services,Citywide Service Solutions Pty Ltd,0.1m,2027-01-08,3665
INV136382,Melbourne Town Hall venue management,SHOWTIME EVENT GROUP PTY LTD,59863.93,29/03/24,3670
INV136383,Integrated security services,National  Protective  Services  Pty  Ltd,0.0m,15/10/2026,3686
INV136384,Civil infrastructure services,Citywide Service Solutions Pty Ltd,95211.88 AUD,2028-12-25,3665
INV136385,Parking technology services,Reino  International  Pty  Ltd  T/A  Duncan  Solutions,"$79,515.9",06-Apr-2028,3623
INV136386,Graffiti management and pressure cleaning services,Calcorp Services Pty. Ltd.,64657.35 AUD,2025-02-04,3668
INV136387,Vehicle tow away and impound services,Nationwide,116233.45 AUD,2029-09-19,3585
INV136388,Open spaces management - region 1,Citywide Service Solutions Pry Ltd,$269.0,15 August 2027,3676
INV136389,Street cleaning,Spotless Facility Services Pty Ltd (AU),"$108,649.33",28/03/2029,3669
INV136390,Parking technology services,Reino International P/L T/A Duncan Solutions,0.1m,29/02/22,3623
INV136391,Vehicle tow away and impound services,Nationwide Towing Services (AU),154909.54 AUD,09-Nov-2027,3585
INV136392,Open spaces management - region 2,SERjO,0.0m,2029-09-30,3677
INV136393,Vehicle tow away and impound services,NationwideTowingServices,"$9,044.56",27/12/01,3585
INV136394,Management of Active Melbourne recreation facilities,Serco,0.2m,03/06/2028,3677
INV136395,Parking technology services,Cleanaway Waste ManagementvLimited,214263.92 AUD,2027-12-22,3556
INV136396,Open spaces management - region 1,Citywide Service Solutions Pty Ltd,206794.81,29/05/31,3676
INV136397,Building maintenance services,programmed facility management pty ltd,"$59,012.67",26/06/20,3630
INV136398,Integrated security services,National Protectiv,30650.63 AUD,17/03/2029,3686
INV136399,Waste management services,Cleanaway Waste Management Limited (AU),140701.11,29/12/13,3556
INV136400,Waste management services,Cleanaway Waste Management LTD,223807.68,10/12/2026,3556
INV136401,Building cleaning services,Menzies International (Aust) Pty Ltd,0.2m,27/12/15,3634
INV136402,Vehicle tow away and impound services,Nationwide To,14256.31 AUD,2027-07-11, 
INV136403,Tree management maintenance services,Citywide Service Sjlutions Pty Ltd,14690.88,26/09/2028,3678
INV136404,Open spaces management - region 1,Citywide Service Solutions Pty Ltd,159052.61 AUD,01 September 2025,3676
INV136405,Tree management maintenance services,Citywide Service Solutions Pty. Ltd.,0.2m,16-Sep-2025,3678
INV136406,Street cleaning,Spotless  Facility  Services  Pty  Ltd,136588.36 AUD,2027-06-24, 
INV136407,Building cleaning services,Menzies  International  (Aust)  Pty  Ltd,105492.0,25/10/2025,3634
INV136408,Parking technology services,REINO INTERNATIONAL PTY LTD T/A DUNCAN SOLUTIONS,163459.11 AUD,26/04/25,3623
INV136409,Parking technology services,Reino  International  Pty  Ltd  T/A  Duncan  Solutions,"$133,748.69",11 April 2029,3623
INV136410,Street cleaning,Showtime Event Group Pty Ltd (AU),234040.29,2027-07-24,3670
INV136411,Building cleaning services,Menzies International (Aust) P/L,166509.67,22-Apr-2029,3634
INV136412,Open spaces management - region 1,citywide service solutions pty ltd,"$46,959.09",21/04/2027,3676
INV136413,Open spaces management - region 2,SERCO,54381.04,10-Nov-2028,3677
INV136414,Melbourne Town Hall venue management,Showtime Event Group Pty. Ltd.,167887.66 AUD,15/08/2026,3670
INV136415,Civil infrastructure services,Citywide Service Solutions Pty Ltd,191103.53,03/05/2026,3665
INV136416,Open spaces management - region 2,Serco,197108.91,25/08/06,3677
INV136417,Melbourne Town Hall venue management,Showtime Event Group Pty. Ltd.,143461.39,10 June 2028,3670
INV136418,Tree management maintenance services,Citywide  Service  Solutions  Pty  Ltd,148511.85,21-Apr-2026,3678
INV136419,Management of Active Melbourne recreation facilities,Victorian YMCA Community Programming Pty Ltd (AUS),"$45,815.48",2029-06-22,3615
INV136420,Open spaces management - region 1,Citywide Service Solutions Pty Ltd (AU),105507.27,18 September 2029, 
INV136421,Graffiti management and pressure cleaning services,Calcorp Services Pty. Ltd.,152923.35,18 July 2026,3668
INV136422,Open spaces management - region 1,CITYWIDE SERVICE SOLUTIONS PTY LTD,248210.22,11 July 2027,3676
INV136423,Street cleaning,Spotless Facility Services P/L,"$65,889.34",15-Apr-2025,3669
INV136424,Tree management maintenance services,citywide service solutions pty ltd,242559.75,2028-10-11,3678
INV136425,Building cleaning services,menzies international (aust) pty ltd,127022.03 AUD,29/08/10,3634
INV136426,Open spaces management - region 2,SERCO (AUS),107283.95 AUD,28/12/2028,3677
INV136427,Building maintenance services,Programmed Facility Management P/L,620.39,26/10/08,3630
INV136428,Parking technology services,Reino International P/L T/A Duncan Solutions,172938.49,26/01/25, 
INV136429,Waste management services,Cleanaway,"$161,286.5",11/06/2028,3556
INV136430,Street cleaning,National Protective Services Pty Ltd,0.2m,01/12/2028,3686
INV136431,Open spaces management - region 2,serco,224177.66 AUD,2026-10-29,3677
INV136432,Parking technology services,Reino  International  Pty  Ltd  T/A  Duncan  Solutions,198808.35 AUD,2028-08-06,3623
INV136433,Melbourne Town Hall venue management,Showtime Event Group Pty. Ltd.,0.1m,19-May-2026,3670
INV136434,Building maintenance services,Programmed  Facility  Management  Pty  Ltd,199282.0,17-Dec-2029,3630
INV136435,Building cleaning services,Menzies International (Aust) Pty Ltd,158517.42 AUD,09-Jan-2025,3634
INV136436,Building maintenance services,Progravmed Facility Management Pty Ltd,184433.12 AUD,25/12/30,3630
INV136437,Civil infrastructure services,citywide service solutions pty ltd,7678.52 AUD,08/11/2029,3665
INV136438,Graffiti management and pressure cleaning services,Calcorp Services Pty Ltd,238615.15,27-Mar-2028,3668
INV136439,Tree management maintenance services,CITYWIDE SERVICE SOLUTIONS PTY LTD,43646.98,17/04/2025,3678
INV136440,Building maintenance services,Programmed Facility Management Pty Ltd,174775.36 AUD,20 October 2025,3630
INV136441,Open spaces management - region 1,Citywide Service Solutions Pty Ltd,0.0m,21 February 2027,3676
INV136442,Open spaces management - region 2,SERCO (AUS),2048.56 AUD,24-Aug-2025,3677
INV136443,Building cleaning services,Menzies Intl (Aust) Pty Ltd,4733.56,2026-09-22,3634
INV136444,Melbourne Town Hall venue management,ShowtimeEventGroupPtyLtd,218304.09,11-Jul-2029,3670
INV136445,Street cleaning,Spotless Facility Services Pty Ltd (AU),"$220,565.9",23 October 2027,3669
INV136446,Integrated security services,National Protective Services Pty Ltd (AU),41106.97 AUD,02-Feb-2025,3686
INV136447,Open spaces management - region 1,Reino International Pty Ltd T/A Duncan Solutions,"$228,336.38",25/10/05,3623
INV136448,Open spaces management - region 2,SERCO,0.2m,08-Apr-2026,3677
INV136449,Management of Active Melbourne recreation facilities,Victorian YMCA Community Programming Pty. Ltd.,0.2m,10-Nov-2029,3615
INV136450,Building maintenance services,Programmed Facility Management Pty. Ltd.,0.2m,01-Sep-2027,3630
INV136451,Waste management services,Cleanaway  Waste  Management  Limited,97769.96,02 April 2026,3556
INV136452,Street cleaning,SpotlessFacilityServicesPtyLtd,215314.53,15 January 2025,3669
INV136453,Building cleaning services,Menzies Int’l (Aust) Pty Ltd,"$135,803.2",12/01/2028,3634
INV136454,Building cleaning services,Menzies Intl (Aust) Pty Ltd,147453.2 AUD,09-Nov-2026,3634
INV136455,Waste management services,Cleanaway Waste Management Limited (AU),23866.46 AUD,28/07/26,3556
INV136456,Melbourne Town Hall venue management,showtime event group pty ltd,99303.28,22 September 2026,3670
INV136457,Melbourne Town Hall venue management,Showtime  Event  Group  Pty  Ltd,243226.76,29/04/18,3670
INV136458,Melbourne Town Hall venue management,Showtime  Event  Group  Pty  Ltd,0.1m,30/10/2026,3670
INV136459,Melbourne Town Hall venue management,Showtime Event Group P/L,"$240,905.9",2026-08-09, 
INV136460,Open spaces management - region 2,SERCO,171233.37,29/05/30,3677
INV136461,Parking technology services,Reino Intl Pty Ltd T/A Duncan Solutions,198731.75 AUD,04/08/2028,3623
INV136462,Parking technology services,Reino Intl Pty Ltd T/A Duncan Solutions,49634.73,2028-02-14,3623
INV136463,Melbourne Town Hall venue management,Showtime Event Group P/L,36165.33 AUD,30/07/2026,3670
INV136464,Open spaces management - region 2,SERCO,144478.27,25/07/24,3677
INV136465,Melbourne Town Hall venue management,Spotless  Facility  Services  Pty  Ltd,27416.22,27/09/23,3669
INV136466,Melbourne Town Hall venue management,Showtime Event Group Pty Ltd,0.2m,29/03/11,3670
INV136467,Building cleaning services,Menzies  International  (Aust)  Pty  Ltd,3586.71,08/08/2029,3634
INV136468,Open spaces management - region 1,CITYWIDE SERVICE SOLUTIONS PTY LTD,73497.29,12/08/2025,3676
INV136469,Building cleaning services,Menzies International (Aust) Pty. Ltd.,"$215,922.14",22 May 2027,3634
INV136470,Tree management maintenance services,Citywide Service ,204536.26,15 September 2025,3678
INV136471,Building cleaning services,Menzies Intl (Aust) Pty Ltd,182226.72 AUD,26/06/2029,3634
INV136472,Open spaces management - region 1,Citywide,0.0m,01 January 2029, 
INV136473,Graffiti management and pressure cleaning services,Calcorp Services Pty Ltd (AUS),0.0m,26/10/10,3668
INV136474,Graffiti management and pressure cleaning services,Calcorp Servicps Pty Ltd,114443.0,25/03/14,3668
INV136475,Building maintenance services,Programmed Facility Management P/L,0.0m,16-Jun-2029,3630
INV136476,Integrated security services,National Protective Services Pty Ltd (AUS),238144.44,2027-05-10, 
INV136477,Street cleaning,Spotless Facility Services Pty Ltd (AU),96271.31,29/08/08,3669
INV136478,Graffiti management and pressure cleaning services,CALCORP SERVICES PTY LTD,59884.4,13/06/2025,3668
INV136479,Vehicle tow away and impound services,Nationwide Towing Services,"$42,872.03",18/05/2026,3585
INV136480,Waste management services,Cleanaway Waste M,0.1m,06-Apr-2029,3556
INV136481,Melbourne Town Hall venue management,Showtime Event Group Pty Ltd,108453.57 AUD,27/12/13,3670
INV136482,Building maintenance services,Programmed Facility Management Pty. Ltd.,"$34,566.96",2029-11-17,3630
INV136483,Building maintenance services,Programmed  Facility  Management  Pty  Ltd,"$200,764.28",29/01/2028,3630
INV136484,Integrated security services,national protective services pty ltd,55055.65,,3686
INV136485,Waste management services,CLEANAWAY WASTE MANAGEMENT LIMITED,168331.63,2025-08-12,3556
INV136486,Management of Active Melbourne recreation facilities,Victorian YMCA Community Programming Pty Ltd,"$161,538.64",09 December 2028,3615
INV136487,Waste management services,Cleanaway Waste Management LTD,0.2m,09/02/2028,3556
INV136488,Open spaces management - region 1,Citywide Service Solutions Pty Ltd (AU),203957.79,30/07/2025,3676
INV136489,Graffiti management and pressure cleaning services,Calcorp Services Pty Ltd,228436.62,2027-11-21,3668
INV136490,Graffiti management and pressure cleaning services,Calcorp Services Pty Ltd (AUS),"$209,340.45",20/02/2027,3668
INV136491,Open spaces management - region 1,Citywide Service Solutions Pty Ltd (AUS),"$81,394.36",25/03/24,3676
INV136492,Open spaces management - region 2,SERCO,0.1m,2029-07-11,3677
INV136493,Management of Active Melbourne recreation facilities,Victorian YMCA Comeunity Programming Pty Ltd,,21 February 2026,3615
INV136494,Tree management maintenance services,Citywide,35881.59,2025-12-13,3678
INV136495,Parking technology services,Reino International Pty Ltd T/A Duncan Solutions (AU),0.1m,22-Dec-2027,3623
INV136496,Integrated security services,Calcorp Services Pty. Ltd.,"$2,672.02",31 October 2028,3668
INV136497,Civil infrastructure services,Menzies International (Aust) P/L,106105.7,14 June 2027,3634
INV136498,Graffiti management and pressure cleaning services,CALCORP SERVICES PTY LTD,167810.25 AUD,2025-04-10,3668
INV136499,Graffiti management and pressure cleaning services,Programmed Facility Management Pty Ltd (AU),149230.1,22/10/2027,3630
INV136500,Open spaces management - region 1,Citywide  Service  Solutions  Pty  Ltd,0.1m,24-May-2027,3676
INV136501,Civil infrastructure services,Citywide Service Solutions Pty Ltd,"$43,182.69",2026-08-08,3665
INV136502,Management of Active Melbourne recreation facilities,victorian ymca community programming pty ltd,"$172,643.7",19-Oct-2027,3615
INV136503,Parking technology services,Reino International Pty Ltd T/A Duncan Solutions,98311.09,24-Oct-2028,3623
INV136504,Tree management maintenance services,Citywide Service Solutions Pty Ltd,55065.13 AUD,25/02/20,3678
INV136505,Building cleaning services,Menzies International (Aust) P/L,40311.43,25/07/08,3634
INV136506,Integrated security services,national protective services pty ltd,75950.99,26/05/02,3686
INV136507,Integrated security services,National Protective Services Pty. Ltd.,209246.23 AUD,2029-02-22,3686
INV136508,Graffiti management and pressure cleaning services,Calcorp,102178.1,25/04/14,3668
INV136509,Civil infrastructure services,calcorp services pty ltd,46207.65,20/10/2025,3668
INV136510,Open spaces management - region 2,SERCO,0.2m,01/07/2026,3677
INV136511,Open spaces management - region 1,Citywide Service Solutions P/L,"$78,434.29",02 June 2026,3676
INV136512,Vehicle tow away and impound services,Nationwide Towing Services (AUS),76893.91 AUD,02/05/2026,3585
INV136513,Management of Active Melbourne recreation facilities,VictorianYMCACommunityProgrammingPtyLtd,,2029-03-03,3615
INV136514,Waste management services,Cleanaway Waste Management Limited,138441.15,22/11/2028,3556
INV136515,Management of Active Melbourne recreation facilities,Victorian,88796.77,17/08/2025,3615
INV136516,Tree management maintenance services,citywide service solutions pty ltd,58300.6 AUD,25/08/2029,3678
INV136517,Street cleaning,SPOTLESS FACILITY SERVICES PTY LTD,0.1m,16/09/2027,3669
INV136518,Tree management maintenance services,Citywide Service Solutions P/L,416.87,16 April 2029,3678
INV136519,Building cleaning services,Menzies International (Aust) P/L,0.1m,03/08/2028,3634
INV136520,Building cleaning services,Menzies International (Aust) Pty Ltd,86965.67,16/09/2027,3634
INV136521,Street cleaning,Spotless Facility Services Pty. Ltd.,125309.52 AUD,10-Apr-2029,3669
INV136522,Building maintenance services,Programmed Facility,6389.14,14 March 2027,3630
INV136523,Waste management services,Cleanaway Waste Management Ltd,245109.36 AUD,14/02/2026,3556
INV136524,Integrated security services,national protective services pty ltd,88229.93 AUD,28 April 2025,3686
INV136525,Parking technology services,Reino International Pty. Ltd. T/A Duncan Solutions,0.2m,15 January 2029,3623
INV136526,Integrated security services,National Protective Services Pty Ltd,0.0m,23/06/2029,3686
INV136527,Melbourne Town Hall venue management,Showtime Event Group Pty. Ltd.,"$69,719.11",24-Feb-2027,3670
INV136528,Open spaces management - region 1,Citywide Service ,"$122,245.83",2027-01-15,3676
INV136529,Open spaces management - region 2,SERCO,87599.63 AUD,31-Aug-2026,3677
INV136530,Civil infrastructure services,Citywide,100972.24,21/11/2026, 
INV136531,Street cleaning,Menzies International (Aust) Pty Ltd,84557.89,19-Apr-2029,3634
INV136532,Civil infrastructure services,Citywide Service Solutions wty Ltd,222963.21,19 November 2025,3665
INV136533,Open spaces management - region 1,Citywide Service Solutions P/L,93317.92 AUD,15-Jun-2029,3676
INV136534,Management of Active Melbourne recreation facilities,Victorian Ymca Community Programming Pty Ltd,154341.51,2027-04-11,3615
INV136535,Graffiti management and pressure cleaning services,Calcorp Servbces Pty Ltd,195218.8,25/07/13,3668
INV136536,Integrated security services,National Protective Services Pty Ltd,,04-Mar-2029,3686
INV136537,Building cleaning services,Menzies International (Aust) Pty Ltd (AU),130958.67,2025-01-26,3634
INV136538,Vehicle tow away and impound services,Nationwide Towing Services (AUS),"$47,273.09",2027-11-02,3585
INV136539,Management of Active Melbourne recreation facilities,Victorian YMCA Communi,57677.75 AUD,03-Jan-2029,3615
INV136540,Management of Active Melbourne recreation facilities,VictorianYMCACommunityProgrammingPtyLtd,0.1m,19 August 2029,3615
INV136541,Parking technology services,Reino Intl Pty Ltd T/A Duncan Solutions,150085.87,02/06/2028,3623
INV136542,Building maintenance services,Programmed Facility Management Pty Ltd (AUS),0.0m,29/03/27,3630
INV136543,Waste management services,Cleanaway Waste M,221751.7 AUD,23-Oct-2028,3556
INV136544,Graffiti management and pressure cleaning services,Calcorp Services P/L,0.0m,28/03/29,3668
INV136545,Melbourne Town Hall venue management,Showtime Event Group Pty. Ltd.,,23-Jun-2025,3670
INV136546,Street cleaning,Spotless Facility Services Pty Ltd,99423.43,08-Feb-2026,3669
INV136547,Graffiti management and pressure cleaning services,Calxorp Services Pty Ltd,200522.13,2027-04-13,3668
INV136548,Open spaces management - region 1,Citywide Service Solutions Pty Ltd (AUS),0.1m,24/09/2025,3676
INV136549,Tree management maintenance services,Citywide Service Solutions Pty Ltd,"$105,320.39",2029-11-05,3678
INV136550,Management of Active Melbourne recreation facilities,Victorian YMCA Community Programming Pty Ltd,128753.59 AUD,16 June 2028,3615
INV136551,Building cleaning services,Menzies International (Aust) Pty Ltd (AUS),22198.6 AUD,05 August 2028,3634
INV136552,Vehicle tow away and impound services,Nationwide Towing Services,"$56,530.32",10-Aug-2025,3585
INV136553,Graffiti management and pressure cleaning services,CalcorpServicesPtyLtd,96831.91 AUD,25/08/20,3668
INV136554,Vehicle tow away and impound services,Nationwide Towing Services (AUS),155498.3,11-Jan-2029,3585
INV136555,Tree management maintenance services,Citywide Service Solutions P/L,"$47,972.99",07 February 2029,3678
INV136556,Integrated security services,National Protective Services P/L,118845.22,12/11/2025,3686
INV136557,Waste management services,Cleanaway Waste Management LTD,,2027-01-06,3556
INV136558,Melbourne Town Hall venue management,showtime event group pty ltd,19409.85,12-Oct-2025,3670
INV136559,Building cleaning services,menzies international (aust) pty ltd,249260.53,28/04/2025,3634
INV136560,Vehicle tow away and impound services,Nationwide To,0.2m,2025-03-01,3585
INV136561,Melbourne Town Hall venue management,Showtime Event Group Pty Ltd,77702.0,21 April 2025,3670
INV136562,Building cleaning services,menzies international (aust) pty ltd,138529.55 AUD,2028-02-05,3634
INV136563,Civil infrastructure services,Citywide Service Solutions Pty. Ltd.,0.1m,07-Mar-2026,3665
INV136564,Melbourne Town Hall venue management,Showtime,0.2m,11/12/2028, 
INV136565,Civil infrastructure services,Reino International Pty Ltd T/A Duncan Solutions,0.0m,02/10/2026,3623
INV136566,Graffiti management and pressure cleaning services,Calcorp Services Pty Ltd (AUS),"$110,531.95",06 October 2026,3668
INV136567,Melbourne Town Hall venue management,Showtime Event Group Pty Ltd (AU),"$51,488.27",04/10/2029,3670
INV136568,Melbourne Town Hall venue management,showtime event group pty ltd,18592.01,23 May 2027,3670
INV136569,Open spaces management - region 1,Citywide  Service  Solutions  Pty  Ltd,86109.97,25 November 2029,3676
INV136570,Open spaces management - region 1,Citywide Service Solutions Pty Ltd,141151.22 AUD,26/01/30,3676
INV136571,Management of Active Melbourne recreation facilities,Victorian YMCA Community Programming Pty Ltd (AU),"$115,749.18",22/02/2029,3615
INV136572,Melbourne Town Hall venue management,Citywide  Service  Solutions  Pty  Ltd,0.1m,24/06/2025,3676
INV136573,Vehicle tow away and impound services,Nationwide Towing Services,9707.02,11/10/2028,3585
INV136574,Graffiti management and pressure cleaning services,Calcorp Services P/L,"$150,748.7",01/05/2026,3668
INV136575,Management of Active Melbourne recreation facilities,Victorian YMCA Community Programming Pty Ltd (AU),157709.8,31 May 2026,3615
INV136576,Building cleaning services,Menzies Internatio,91274.39,2029-12-05,3634
INV136577,Open spaces management - region 1,Citywide Service Solutions Pty Ltd (AUS),208141.75,28/10/05,3676
INV136578,Parking technology services,Reino International Pty ,"$107,876.39",03/02/2025,3623
INV136579,Building cleaning services,Reino International Pty Ltd T/A Duncan Solutions (AUS),"$116,303.58",2029-06-05,3623
INV136580,Street cleaning,Spotless Facility Services P/L,0.1m,04-Aug-2028,3669
INV136581,Building maintenance services,Programmed Facility Management Pty Ltd,5013.0 AUD,06/07/2026,3630
INV136582,Waste management services,Cleanaway Waste Management Limited (AUS),0.1m,05/05/2026,3556
INV136583,Melbourne Town Hall venue management,Showtime Event Group Pty Ltd (AU),"$94,678.74",14 September 2027,3670
INV136584,Building cleaning services,menzies international (aust) pty ltd,129486.66 AUD,06-Oct-2027, 
INV136585,Civil infrastructure services,Citywide  Service  Solutions  Pty  Ltd,"$244,500.52",14/07/2026,3665
INV136586,Vehicle tow away and impound services,Nationwide Towing Services (AU),0.2m,2028-09-04,3585
INV136587,Management of Active Melbourne recreation facilities,Victorran YMCA Community Programming Pty Ltd,184658.37,21-Apr-2029,3615
INV136588,Melbourne Town Hall venue management,Showtime Event Group Pty. Ltd.,0.1m,28/07/2027,3670
INV136589,Building maintenance services,Programmed,197004.35,22/07/2028,3630
INV136590,Open spaces management - region 2,SERCO,249515.9 AUD,15/03/2027, 
INV136591,Management of Active Melbourne recreation facilities,Programmed,109260.03,2026-09-08,3630
INV136592,Open spaces management - region 2,SERCd,"$16,426.44",28/10/10,3677
INV136593,Street cleaning,spotless facility services pty ltd,"$107,049.19",10-May-2025,3669
INV136594,Tree management maintenance services,Citywide Service Solutions Pty Ltd,87142.54,27-Jan-2029, 
INV136595,Management of Active Melbourne recreation facilities,Victorian YMCA Community Programming Pty Ltd,"$215,584.47",06-Mar-2026,3615
INV136596,Vehicle tow away and impound services,Nationwide To,215161.44,22/09/2026,3585
INV136597,Tree management maintenance services,citywide service solutions pty ltd,"$200,039.84",22/04/2029,3678
INV136598,Open spaces management - region 1,Citywide Service Solutions Pty Ltd (AUS),0.2m,2029-03-23,3676
INV136599,Integrated security services,National Protective Services P/L,"$117,502.77",2026-09-24,3686
INV136600,Waste management services,Cleanaway,225460.68 AUD,2026-09-14,3556
INV136601,Tree management maintenance services,Citywide Service Solutions Pty Ltd,0.2m,12-May-2027,3678
INV136602,Open spaces management - region 1,Citywide  Service  Solutions  Pty  Ltd,187618.31 AUD,21 May 2026,3678
INV136603,Melbourne Town Hall venue management,Showtime  Event  Group  Pty  Ltd,181300.51,26/07/02,3670
INV136604,Building cleaning services,MenziesInternational(Aust)PtyLtd,30597.0 AUD,12/08/2028,3634
INV136605,Waste management services,Cleanaway Waste Management Limited (AU),227412.46 AUD,29/10/22,3556
INV136606,Management of Active Melbourne recreation facilities,Victorian YMCA Community Programming Pty Ltd,"$80,896.91",2025-04-06,3615
INV136607,Street cleaning,Spotless iacility Services Pty Ltd,"$161,154.46",05-May-2028,3669
INV136608,Parking technology services,Reino Int’l Pty Ltd T/A Duncan Solutions,232192.02,28/01/04,3623
INV136609,Street cleaning,Spotless  Facility  Services  Pty  Ltd,"$227,727.13",2027-07-26,3669
INV136610,Management of Active Melbourne recreation facilities,Victorian YMCA Community Programming Pty Ltd,0.1m,02 November 2028,3615
INV136611,Graffiti management and pressure cleaning services,Calcorp Services Pty Ltd (AUS),"$241,042.34",12/09/2025,3668
INV136612,Open spaces management - region 2,SERCO,0.2m,27 June 2026,3677
INV136613,Civil infrastructure services,Citywide Service Solutions Pty Ltd (AUS),98014.42 AUD,26/08/2026,3665
INV136614,Vehicle tow away and impound services,NATIONWIDE TOWING SERVICES,110787.45 AUD,2029-09-05,3585
INV136615,Vehicle tow away and impound services,nationwide towing services,"$144,118.35",2025-06-10,3585
INV136616,Management of Active Melbourne recreation facilities,victorian ymca community programming pty ltd,114661.62,03-Apr-2025,3615
INV136617,Tree management maintenance services,CITYWIDE SERVICE SOLUTIONS PTY LTD,"$163,584.47",25/12/21,3678
INV136618,Building cleaning services,Menzies Internatio,27904.29,10/06/2029,3634
INV136619,Civil infrastructure services,CITYWIDE SERVICE SOLUTIONS PTY LTD,55439.44 AUD,21 July 2027,3665
INV136620,Waste management services,Cleanaway Waste Management Ltd,"$234,671.25",25/11/04,3556
INV136621,Street cleaning,Spotless Facility Services Pty Ltd,"$13,787.33",03/07/2026,3669
INV136622,Tree management maintenance services,Citywide Service ,0.1m,07 October 2026,3678
INV136623,Tree management maintenance services,CitywideServiceSolutionsPtyLtd,205013.21,14/07/2026,3678
INV136624,Integrated security services,National Protective Services Pty Ltd,20186.25,16 November 2029,3686
INV136625,Waste management services,CLEANAWAY WASTE MANAGEMENT LIMITED,0.1m,12/10/2026, 
INV136626,Graffiti management and pressure cleaning services,CALCORP SERVICES PTY LTD,206044.81 AUD,13 May 2025,3668
INV136627,Management of Active Melbourne recreation facilities,VictorianYMCACommunityProgrammingPtyLtd,60519.45,09 April 2029,3615
INV136628,Management of Active Melbourne recreation facilities,Victorian YMCA Community Programming Pty Ltd,0.1m,06/08/2028,3615
INV136629,Building maintenance services,Programmed Facility,"$62,698.24",28/09/17,3630
INV136630,Open spaces management - region 1,Citywide Service ,39606.73,06/12/2027,3676
INV136631,Street cleaning,Spotless Facility,100613.74 AUD,12 June 2025,3669
INV136632,Graffiti management and pressure cleaning services,Calcorp,214459.77,17/05/2029,3668
INV136633,Open spaces management - region 2,SERCO,92242.53,16 March 2025,3677
INV136634,Building maintenance services,ProgrammedFacilityManagementPtyLtd,0.2m,29/04/17,3630
INV136635,Waste management services,CleanawayWasteManagementLimited,181078.01,16/07/2027,3556
INV136636,Graffiti management and pressure cleaning services,calcorp services pty ltd,0.1m,26 February 2028,3668
INV136637,Building maintenance services,Programmed Facility Mgmt Pty Ltd,"$38,480.44",2027-12-09,3630
INV136638,Open spaces management - region 1,Citywide Service Solutions Pty Ltd (AU),0.1m,2027-12-10,3676
INV136639,Management of Active Melbourne recreation facilities,VICTORIAN YMCA COMMUNITY PROGRAMMING PTY LTD,"$73,322.48",23-Jul-2026,3615
INV136640,Melbourne Town Hall venue management,Showtime Event Group Pty Lts,"$232,664.19",2029-08-12,3670
INV136641,Civil infrastructure services,Citywide,"$65,857.8",15 April 2026,3665
INV136642,Integrated security services,National Protective Services Pty Ltd (AU),150703.86,17/04/2026,3686
INV136643,Open spaces management - region 2,SERCO,130833.71,2028-03-21,3677
INV136644,Tree management maintenance services,Citywide Service Solutions P/L,"$75,929.87",27 January 2026, 
INV136645,Management of Active Melbourne recreation facilities,Victorian YMCA Community Programming P/L,161632.16,12 August 2029,3615
INV136646,Vehicle tow away and impound services,Nationwide Towing Services,39266.52,30/03/2026,3585
INV136647,Integrated security services,National Protective Services Pty Ltd,0.1m,28/04/02,3686
INV136648,Open spaces management - region 2,Serco,152064.83 AUD,13 January 2025,3677
INV136649,Building maintenance services,Programmed Facility Management Pty Ltd (AU),0.2m,2027-03-23, 
INV136650,Vehicle tow away and impound services,Nationwide,154153.28 AUD,16-Oct-2028,3585
INV136651,Building maintenance services,Programmed Facility Management Pty Ltd (AU),113665.33,30 May 2026,3630
INV136652,Building maintenance services,Programmed Facility Management Pty Ltd,184124.58,08/04/2028,3630
INV136653,Open spaces management - region 1,Citywide Service Solutions Pty Ltd,218366.68 AUD,25 September 2029,3676
INV136654,Open spaces management - region 1,Citywide Service Solutions Pty Ltd,"$249,621.32",15/11/2025,3676
INV136655,Parking technology services,Reino International Pty ,133410.03,26/01/05,3623
INV136656,Melbourne Town Hall venue management,SHOWTIME EVENT GROUP PTY LTD,145223.61 AUD,05/10/2026,3670
INV136657,Open spaces management - region 2,SERCO,0.2m,2025-11-13,3677
INV136658,Building cleaning services,Menzies International (Aust) Pty Ltd (AU),"$75,508.95",24/10/2025,3634
INV136659,Building cleaning services,Menzies International (Aust) Pty Ltd,60465.37,03 July 2028,3634
INV136660,Building cleaning services,Menzies  International  (Aust)  Pty  Ltd,25280.59,22/03/2027,3634
INV136661,Tree management maintenance services,Citywide  Service  Solutions  Pty  Ltd,120688.89 AUD,24-Jun-2025,3678
INV136662,Street cleaning,spotless Facility Services Pty Ltd,198285.56 AUD,31 August 2028,3669
INV136663,Melbourne Town Hall venue management,ShowtimeEventGroupPtyLtd,0.1m,27/09/16,3670
INV136664,Street cleaning,showtime event group pty ltd,"$50,593.08",05/04/2026,3670
INV136665,Management of Active Melbourne recreation facilities,Victorian YMCA Community Programming Pty Ltd (AUS),"$136,564.76",07 April 2026,3615
INV136666,Parking technology services,Reino International Pty Ltd T/A Duncan Solutions,180152.25 AUD,11 April 2026,3623
INV136667,Building cleaning services,MENZIES INTERNATIONAL (AUST) PTY LTD,210537.2,28/05/14,3634
INV136668,Vehicle tow away and impound services,Nationwide Towing Services,"$48,604.98",26/11/2025,3585
INV136669,Tree management maintenance services,Citywide Service Solutions Pty Ltd,9844.06 AUD,2025-08-27,3678
INV136670,Tree management maintenance services,citywide service solutions pty ltd,245805.71,06 November 2029,3678
INV136671,Tree management maintenance services,Citywide ServicezSolutions Pty Ltd,"$131,317.35",29/12/31,3678
INV136672,Building maintenance services,PROGRAMMED FACILITY MANAGEMENT PTY LTD,,15-Nov-2029,3630
INV136673,Street cleaning,Spotless Famility Services Pty Ltd,"$233,955.78",14/05/2025, 
INV136674,Civil infrastructure services,Citywide Service Solutions Pty Ltd,0.0m,27/01/03, 
INV136675,Waste management services,CLEANAWAY WASTE MANAGEMENT LIMITED,,05/07/2026,3556
INV136676,Street cleaning,Spotless Facility Services Pty Ltd (AUS),181431.83 AUD,26-Feb-2027,3669
INV136677,Civil infrastructure services,Citywide Service Solutions Pty Ltd,0.1m,14-Nov-2025,3665
INV136678,Management of Active Melbourne recreation facilities,Victorian,42508.86,03/12/2025,3615
INV136679,Integrated security services,victorian ymca community programming pty ltd,"$92,656.88",2025-08-03, 
INV136680,Management of Active Melbourne recreation facilities,Victorian YMCA Community Programming Pty Ltd,198153.63,02/06/2025,3615
INV136681,Graffiti management and pressure cleaning services,Calcorp Services Pty Ltd,118290.35 AUD,07/11/2028,3668
INV136682,Tree management maintenance services,Citywike Service Solutions Pty Ltd,87147.18 AUD,29/10/2025,3678
INV136683,Street cleaning,Spotless Facility Services Pty Ltd,0.2m,27/01/18,3669
INV136684,Open spaces management - region 1,Citywide Service Solutions Pty. Ltd.,"$13,618.78",19 January 2029,3676
INV136685,Vehicle tow away and impound services,Nationwide,124720.1 AUD,11 October 2027,3585
INV136686,Tree management maintenance services,Citywide  Service  Solutions  Pty  Ltd,33664.6 AUD,21 April 2027,3678
INV136687,Building cleaning services,Menzies International (Aust) Pty Ltd,90575.16,27-Apr-2029,3634
INV136688,Building cleaning services,Menzies Internatio,67993.24,25/08/07,3634
INV136689,Street cleaning,Spotless Facility Services P/L,99477.19,04-Jan-2025, 
INV136690,Civil infrastructure services,citywide service solutions pty ltd,78793.74 AUD,11 January 2026,3665
INV136691,Civil infrastructure services,Citywide Service Solutions Pty Ltd (AU),247288.61,16-Jan-2029,3665
INV136692,Vehicle tow away and impound services,NATIONWIDE TOWING SERVICES,0.1m,21 November 2026,3585
INV136693,Building maintenance services,programmed facility management pty ltd,0.2m,08-Apr-2026,3630
INV136694,Waste management services,Cleanaway Waste Management Limited,"$161,416.39",08-May-2027,3556
INV136695,Civil infrastructure services,Citywide Service Solutions Pty Ltd (AU),"$70,342.19",15-Aug-2028, 
INV136696,Building cleaning services,MENZIES INTERNATIONAL (AUST) PTY LTD,38770.96,31 May 2027,3634
INV136697,Building maintenance services,PROGRAMMED FACILITY MANAGEMENT PTY LTD,"$221,021.74",2025-05-10,3630
INV136698,Open spaces management - region 1,Citywide Service Solutions Pty Lod,"$41,763.52",27/05/2029,3676
INV136699,Civil infrastructure services,citywide service solutions pty ltd,"$204,852.58",30-Oct-2025,3665
INV136700,Civil infrastructure services,Citywide Service Solutions Pty Ltd,0.2m,10 August 2027,3665
INV136701,Building maintenance services,PROGRAMMED FACILITY MANAGEMENT PTY LTD,"$243,669.2",2027-05-29,3630
INV136702,Waste management services,Cleanaway,62881.9,28/04/11,3556
INV136703,Integrated security services,National,"$196,490.9",25/12/10,3686
INV136704,Building maintenance services,Programmed Facility Management P/L,"$25,847.78",08-Nov-2029,3630
INV136705,Management of Active Melbourne recreation facilities,Victorian,84813.46,28/11/12,3615
INV136706,Integrated security services,National Protective Services Pty Ltd (AU),"$46,599.51",14/01/2029,3686
INV136707,Open spaces management - region 1,CitywideServiceSolutionsPtyLtd,"$77,603.0",06-Feb-2025,3676
INV136708,Civil infrastructure services,hitywide Service Solutions Pty Ltd,105410.12,2025-01-22,3665
INV136709,Management of Active Melbourne recreation facilities,Victorian Ymca Community Programming Pty Ltd,232779.06,31 March 2029,3615
INV136710,Tree management maintenance services,Citywide Service Solutions Pty Ltd,150265.9,14-Feb-2026,3678
INV136711,Building cleaning services,Menzies International (Aust) Pty Ltd (AU),"$83,107.91",26-Jul-2025,3634
INV136712,Building cleaning services,Menzies,0.0m,2027-08-17,3634
INV136713,Street cleaning,Spotless Facility,114950.17 AUD,21 February 2028,3669
INV136714,Parking technology services,Reino International Pty. Ltd. T/A Duncan Solutions,236775.08,2028-08-26,3623
INV136715,Graffiti management and pressure cleaning services,Calcorp Sejvices Pty Ltd,162060.13,19/01/2028,3668
INV136716,Open spaces management - region 1,Citywide Service Solutions Pty. Ltd.,0.1m,23-Jun-2029,3676
INV136717,Parking technology services,Reino International Pty Ltd T/A Duncan Solutions (AU),174987.46 AUD,28/06/2025,3623
INV136718,Integrated security services,National Protective Services Pty Ltd,140520.84 AUD,02/08/2029,3686
INV136719,Parking technology services,Reino  International  Pty  Ltd  T/A  Duncan  Solutions,0.1m,01/01/2025,3623
INV136720,Waste management services,National,130212.92,23-Dec-2027,3686
INV136721,Building maintenance services,Programmed Facility Management P/L,80766.71,28-Jul-2028,3630
INV136722,Building cleaning services,Menzies Internatio,51259.97 AUD,06/03/2025,3634
INV136723,Melbourne Town Hall venue management,Showtime Event Group Pty Ltd (AU),219942.05 AUD,25/06/2026,3670
INV136724,Vehicle tow away and impound services,Nationwide,232040.98 AUD,28/12/06,3585
INV136725,Building maintenance services,programmed facility management pty ltd,105258.67,29/06/13,3630
INV136726,Waste management services,Citywide  Service  Solutions  Pty  Ltd,72367.17 AUD,26/06/2025,3678
INV136727,Melbourne Town Hall venue management,Showtime,88028.93 AUD,25/02/15,3670
INV136728,Open spaces management - region 2,SERCO,110245.33 AUD,29/12/02,3677
INV136729,Street cleaning,Spotless Facility Services Pty Ltd (AU),76731.64,13/08/2025,3669
INV136730,Integrated security services,National Protective Services Pty Ltd,0.1m,27/10/01,3686
INV136731,Integrated security services,National Protective Services Pty Ltd,59600.35,09/10/2026,3686
INV136732,Civil infrastructure services,Citywide,0.1m,07/09/2029,3665
INV136733,Parking technology services,Reino International Pty Ltd T/A Duncan Solutions (AUS),66321.47 AUD,26/12/2026,3623
INV136734,Open spaces management - region 1,Citywide Service Solutions Pty Ltd (AU),0.1m,05/11/2025,3676
INV136735,Graffiti management and pressure cleaning services,Calcorp Serv,151855.06 AUD,11/07/2027,3668
INV136736,Building maintenance services,Programmed Facility Management P/L,"$63,360.51",08/03/2025,3630
INV136737,Civil infrastructure services,Citywide Service ,104187.06 AUD,2028-05-08,3665
INV136738,Vehicle tow away and impound services,NationwideTowingServices,123782.0,2025-05-09,3585
INV136739,Waste management services,Reino International Pty. Ltd. T/A Duncan Solutions,"$148,653.23",22/10/2029,3623
INV136740,Street cleaning,Spotless Facility Serlices Pty Ltd,"$173,632.05",27/01/2027,3669
INV136741,Parking technology services,Reino International Pty Ltd T/A Duncan Solutions,81565.16,04/10/2027,3623
INV136742,Parking technology services,Reino International Pty Ltd T/A Duncan Solutions (AU),221433.67,23/11/2026,3623
INV136743,Waste management services,Cleanaway Waste Management LTD,15806.06 AUD,2029-12-20,3556
INV136744,Open spaces management - region 2,SERCO,154411.12 AUD,25/08/28, 
INV136745,Tree management maintenance services,Citywide Service Solutions Pty Ltd,0.1m,14 April 2025,3678
INV136746,Vehicle tow away and impound services,Nationwide Towing Services (AUS),0.1m,15/11/2029,3585
INV136747,Parking technology services,Reino  International  Pty  Ltd  T/A  Duncan  Solutions,87315.92,27/08/12,3623
INV136748,Civil infrastructure services,Citywide Service Solutions Pty Ltd (AU),81993.25 AUD,2026-07-07,3665
INV136749,Management of Active Melbourne recreation facilities,Victorian YMCA Community Programming Pty Ltd,178506.96,09/02/2026,3615
INV136750,Street cleaning,Spotless Facility Services Pty Ltd,47450.94,25/12/2027,3669
INV136751,Integrated security services,National Protective Services Pty Ltd,29512.84 AUD,22 July 2028,3686
INV136752,Integrated security services,programmed facility management pty ltd,141547.47,10-Jan-2025,3630
INV136753,Graffiti management and pressure cleaning services,Calcorp Services Pty Ltd (AU),168074.43,2026-08-26,3668
INV136754,Civil infrastructure services,Citywide Service Solutions Pty Ltd,"$198,734.0",2025-08-27,3665
INV136755,Melbourne Town Hall venue management,Showtime Event,0.1m,21/09/2028,3670
INV136756,Building maintenance services,Programmed  Facility  Management  Pty  Ltd,68303.73 AUD,03 July 2027,3630
INV136757,Integrated security services,National Protective Services Pty Ltd,219961.99,28-Sep-2028,3686
INV136758,Integrated security services,National Protectiv,80712.19 AUD,20/06/2029,3686
INV136759,Vehicle tow away and impound services,Nationwide Towing Services,"$134,000.88",2028-02-29,3585
INV136760,Open spaces management - region 2,SERuO,0.1m,29/01/28,3677
INV136761,Building maintenance services,Programmed Facility Mgmt Pty Ltd,0.1m,16/09/2028,3630
INV136762,Parking technology services,Reino Izternational Pty Ltd T/A Duncan Solutions,152952.17 AUD,2029-09-28,3623
INV136763,Management of Active Melbourne recreation facilities,VICTORIAN YMCA COMMUNITY PROGRAMMING PTY LTD,"$84,084.09",28/07/14,3615
INV136764,Open spaces management - region 2,SERCO,0.2m,01/12/2026,3677
INV136765,Tree management maintenance services,Citywide Service Solutions Pty Ltd,242164.51 AUD,24/11/2025,3678
INV136766,Building cleaning services,Menzies International (Aust) Pty Ltd,242369.9,28/10/16,3634
INV136767,Management of Active Melbourne recreation facilities,Victorian YMCA Community Programming Pty Ltd (AUS),240388.1 AUD,26 April 2029,3615
INV136768,Integrated security services,National Protective Seuvices Pty Ltd,"$147,188.14",29/10/22,3686
INV136769,Street cleaning,Spotless Facility Services Pty Ltd,215961.17,07/04/2027,3669
INV136770,Parking technology services,Reino,226167.45,18/03/2028,3623
INV136771,Graffiti management and pressure cleaning services,Calcorp Services P/L,80477.53,06/02/2029,3668
INV136772,Street cleaning,Spotless Facility Services Pty Ltd,0.1m,12 August 2026,3669
INV136773,Melbourne Town Hall venue management,Showtime Event Group Pty Ltd (AUS),202303.59 AUD,2029-08-28,3670
INV136774,Melbourne Town Hall venue management,Showtime Event Group Pty Ltd,193022.13 AUD,10-May-2025,3670
INV136775,Parking technology services,Reino Intl Pty Ltd T/A Duncan Solutions,"$68,774.85",14-Apr-2029,3623
INV136776,Tree management maintenance services,Citywide Service Solutions Pty Ltd,0.2m,26 April 2025,3678
INV136777,Vehicle tow away and impound services,Nationwide Towing Services,0.1m,28/04/2029,3585
INV136778,Open spaces management - region 2,SERCO,196666.56,04/08/2029,3677
INV136779,Open spaces management - region 1,Citywide  Service  Solutions  Pty  Ltd,0.2m,03/07/2025,3676
INV136780,Building cleaning services,Menzies International (Aust) Pty Ltd,0.1m,05/08/2029,3634
INV136781,Open spaces management - region 1,Citywide Service Solutions Pty Ltd,41561.08,29/10/16,3676
INV136782,Melbourne Town Hall venue management,Showtime Event Group Pty Ltd (AUS),33014.8,29/12/30,3670
INV136783,Open spaces management - region 2,SERCO (AU),78740.24,24/07/2029,3677
INV136784,Parking technology services,Reino International Pty Ltd T/A Duncan Solutions,86044.23 AUD,18-Sep-2028,3623
INV136785,Civil infrastructure services,Citywidu Service Solutions Pty Ltd,216263.62,26 December 2027,3665
INV136786,Open spaces management - region 2,SERCO (AU),160227.09,02-Jan-2027,3677
INV136787,Vehicle tow away and impound services,Nationwice Towing Services,65421.56,09/07/2025,3585
INV136788,Integrated security services,National  Protective  Services  Pty  Ltd,70086.24,19/12/2026,3686
INV136789,Open spaces management - region 1,Citywide Service Solutions P/L,"$203,632.65",28/01/2029,3676
INV136790,Melbourne Town Hall venue management,Showtime Event Group Pty Ltd (AU),0.2m,2026-12-22,3670
INV136791,Management of Active Melbourne recreation facilities,Victorian YMCA Community Programming Pty Ltd,89059.17,17/04/2025,3615
INV136792,Graffiti management and pressure cleaning services,balcorp Services Pty Ltd,59883.13,26/02/24,3668
INV136793,Vehicle tow away and impound services,Nationwide  Towing  Services,212507.68,27 January 2029,3585
INV136794,Street cleaning,Spotless Facility Services Pty Ltd,228075.85,03 March 2027,3669
INV136795,Open spaces management - region 2,Showtime Event Group P/L,17246.88,11-Dec-2029,3670
INV136796,Management of Active Melbourne recreation facilities,Victorian  YMCA  Community  Programming  Pty  Ltd,169195.45 AUD,27/07/12,3615
INV136797,Integrated security services,National Protective Services Pty Ltd,"$132,848.21",22 December 2026,3686
INV136798,Civil infrastructure services,citywide service solutions pty ltd,157233.2 AUD,28 July 2028, 
INV136799,Tree management maintenance services,Citywide,75820.42,2027-09-02,3678
INV136800,Street cleaning,Citywide Service Solutions Pty. Ltd.,124736.68,20/04/2029,3676
INV136801,Building maintenance services,Programmed Facility Management P/L,227231.17,2025-08-20,3630
INV136802,Building cleaning services,Menzies Int’l (Aust) Pty Ltd,114035.39 AUD,26/05/2027,3634
INV136803,Open spaces management - region 1,Citywide Service Solutions Pty. Ltd.,"$214,623.07",25/05/2027,3676
INV136804,Building maintenance services,Programmed Facility Management Pty Ltd,"$54,100.2",08/11/2025,3630
INV136805,Parking technology services,Reino International Pty ,0.1m,11/12/2027,3623
INV136806,Civil infrastructure services,Citywide Service Solutions Pty Ltd,0.1m,29/11/2027,3665
INV136807,Open spaces management - region 1,Citywide,0.2m,2027-08-06,3676
INV136808,Management of Active Melbourne recreation facilities,Victorian YMCA Community Programming Pty Ltd (AUS),221449.47,27/04/14,3615
INV136809,Open spaces management - region 1,CITYWIDE SERVICE SOLUTIONS PTY LTD,"$31,647.27",31/05/2029,3676
INV136810,Civil infrastructure services,Citywide Service Solutions Pty. Ltd.,183677.77,26/10/01,3665
INV136811,Building maintenance services,Programmed Facility Management Pty Ltd (AU),43962.62,2028-06-14,3630
INV136812,Civil infrastructure services,citywide service solutions pty ltd,206969.32 AUD,13/02/2025,3665
INV136813,Building cleaning services,menzies international (aust) pty ltd,157697.21 AUD,07/09/2029, 
INV136814,Waste management services,CITYWIDE SERVICE SOLUTIONS PTY LTD,93643.14 AUD,30/11/2025,3678
INV136815,Tree management maintenance services,Citywide Service Solutions Pty Ltd,48803.98,21 April 2029,3678
INV136816,Building cleaning services,MENZIES INTERNATIONAL (AUST) PTY LTD,209319.37,23 March 2026,3634
INV136817,Vehicle tow away and impound services,Nationwide,233766.6,2029-05-18,3585
INV136818,Open spaces management - region 1,Citywide  Service  Solutions  Pty  Ltd,0.2m,30 June 2029,3676
INV136819,Open spaces management - region 1,Citywide Service ,"$148,536.0",26-Sep-2029,3676
INV136820,Building cleaning services,Menzies International (Aust) Pty Ltd,121326.53 AUD,08 August 2027,3634
INV136821,Civil infrastructure services,Citywide Service Solutions Pty. Ltd.,"$189,144.96",17/04/2026,3665
INV136822,Waste management services,Cleanaway Waste Management Ltd,174180.67,27/10/02,3556
INV136823,Waste management services,Cleanaway Waste Management Ltd,0.1m,2026-06-21,3556
INV136824,Tree management maintenance services,citywide service solutions pty ltd,67748.97,03/12/2026,3678
INV136825,Tree management maintenance services,CitywideServiceSolutionsPtyLtd,0.1m,25/12/05,3678
INV136826,Integrated security services,NationalProtectiveServicesPtyLtd,201899.56,27/02/22,3686
INV136827,Open spaces management - region 2,SERCO,0.2m,27/02/2025,3677
INV136828,Vehicle tow away and impound services,Nationwide Towing Services,0.1m,11-Dec-2026,3585
INV136829,Melbourne Town Hall venue management,Showtime Event Group Pty Ltd,0.1m,2029-03-20,3670
INV136830,Integrated security services,National Protective Services Pty Ltd,210151.67,2029-04-14,3686
INV136831,Graffiti management and pressure cleaning services,Calcorp Services P/L,186758.74,17/02/2028,3668
INV136832,Building cleaning services,Menzies International (Aust) Pty. Ltd.,"$217,649.45",05 February 2027,3634
INV136833,Open spaces management - region 2,SERCO (AU),0.2m,25 July 2029,3677
INV136834,Street cleaning,Spotless Facility,"$99,981.6",14-May-2025,3669
INV136835,Building maintenance services,Programmed Facility,,09/09/2028,3630
INV136836,Management of Active Melbourne recreation facilities,Victorian Ymca Community Programming Pty Ltd,88816.53,30/05/2025,3615
INV136837,Civil infrastructure services,Citywide Service Solutions Pty. Ltd.,97983.63,27-Aug-2028,3665
INV136838,Building maintenance services,Programmed Facility Management Pty Ltd,"$75,656.29",23-Feb-2026,3630
INV136839,Building maintenance services,Programmed Facility Management Pty. Ltd.,0.1m,04-Sep-2026,3630
INV136840,Graffiti management and pressure cleaning services,Calcorp Services Pty. Ltd.,190515.31 AUD,30/07/2028,3668
INV136841,Open spaces management - region 1,Citywide Service Solutions Pty Ltd,0.2m,04/07/2027,3676
INV136842,Open spaces management - region 2,SERCO,155396.12 AUD,18/07/2026,3677
INV136843,Open spaces management - region 2,SERCO,0.0m,27/04/16,3677
INV136844,Civil infrastructure services,Citywide Service Solutions P/L,"$109,796.44",16-Sep-2028,3665
INV136845,Waste management services,Calcorp,77732.27,25/05/2025,3668
INV136846,Civil infrastructure services,Citywide,0.1m,25/05/18,3665
INV136847,Integrated security services,National Protective Services Pty Ltd (AUS),110231.18,29/09/13,3686
INV136848,Waste management services,Cleanaway Waste Management Ltd,150445.62,26 June 2029,3556
INV136849,Management of Active Melbourne recreation facilities,Victorian YMCA Community Programming Pty Ltd (AUS),247556.02,2026-05-26,3615
INV136850,Vehicle tow away and impound services,Nationwide Towing Services,"$24,064.17",20/10/2028,3585
INV136851,Graffiti management and pressure cleaning services,Calcorp Serv,"$80,497.1",09 June 2026,3668
INV136852,Management of Active Melbourne recreation facilities,Victorian YMCA Community Programming P/L,"$210,655.53",03/09/2028,3615
INV136853,Waste management services,nationwide towing services,32888.34,21/03/2025,3585
INV136854,Integrated security services,National Protective Services Pty. Ltd.,24725.91 AUD,26-May-2029,3686
INV136855,Tree management maintenance services,Citywide Service Solutions P/L,249329.96,02/12/2029,3678
INV136856,Civil infrastructure services,Citywide Service Solutions Pty Ltd (AUS),"$223,746.19",03/03/2028,3665
INV136857,Open spaces management - region 2,Serco,130178.99,19/08/2027,3677
INV136858,Tree management maintenance services,Citywide Service Solutions P/L,142598.48 AUD,28/11/27,3678
INV136859,Melbourne Town Hall venue management,showtime event group pty ltd,0.1m,09/04/2027,3670
INV136860,Open spaces management - region 2,SERCO,"$72,544.25",15/04/2028,3677
INV136861,Waste management services,Cleanaway Waste Management Limrted,15806.55 AUD,14-Mar-2028,3556
INV136862,Tree management maintenance services,CitywideServiceSolutionsPtyLtd,228159.1,19/06/2029,3678
INV136863,Management of Active Melbourne recreation facilities,Victorian YMCA Community Programming Pty Ltd (AUS),26283.23,24-Jan-2027,3615
INV136864,Integrated security services,National Protective Services P/L,"$208,368.24",28/12/2026,3686
INV136865,Open spaces management - region 2,SERCO,242123.17,12 March 2027,3677
INV136866,Vehicle tow away and impound services,Nationwide Towing Services (AUS),22443.96 AUD,06/10/2029,3585
INV136867,Street cleaning,Spotless Facility Services Pty. Ltd.,142449.01,29/09/01,3669
INV136868,Building cleaning services,Menzies International (Aust) Pty Ltd,137236.66 AUD,03-Oct-2026,3634
INV136869,Melbourne Town Hall venue management,Showtime,89819.52,25/06/2027,3670
INV136870,Melbourne Town Hall venue management,Showtime,70259.93,03/03/2029,3670
INV136871,Street cleaning,Spotless Facility Services Pty Ltd (AUS),"$106,936.06",11 February 2028, 
INV136872,Open spaces management - region 2,serco,70080.71 AUD,2027-08-12,3677
INV136873,Vehicle tow away and impound services,NationwideTowingServices,"$38,385.11",17/10/2029,3585
INV136874,Integrated security services,NationalProtectiveServicesPtyLtd,0.1m,29/12/2026,3686
INV136875,Management of Active Melbourne recreation facilities,Victorian Ymca Community Programming Pty Ltd,210121.56,21 April 2026,3615
INV136876,Graffiti management and pressure cleaning services,Reino International Pty ,"$159,910.9",25/10/2027,3623
INV136877,Vehicle tow away and impound services,Nationwide Towing Services (AUS),83238.32,28/02/11,3585
INV136878,Vehicle tow away and impound services,Nationwide Towing Services,114828.59,20/05/2029,3585
INV136879,Integrated security services,National Protective Services Pty. Ltd.,8523.6,12 April 2028,3686
INV136880,Building maintenance services,Programmed Facility Management Pty Ltd,134177.88,14/04/2028,3630
INV136881,Management of Active Melbourne recreation facilities,Victorian Ymca Community Programming Pty Ltd,201098.45 AUD,01 March 2027,3615
INV136882,Management of Active Melbourne recreation facilities,Victorian Ymca Community Programming Pty Ltd,0.0m,01 December 2025,3615
INV136883,Parking technology services,ReinoInternationalPtyLtdT/ADuncanSolutions,0.1m,21/12/2029,3623
INV136884,Building maintenance services,Programmed Facility Management Pty Ltd,"$100,466.14",29/10/06,3630
INV136885,Melbourne Town Hall venue management,Showtime Event Group Pty Ltd (AUS),"$73,820.5",27/08/22,3670
INV136886,Integrated security services,National Protective Services Pty Ltd,183153.01 AUD,2026-06-13,3686
INV136887,Building cleaning services,Menzies International (Aupt) Pty Ltd,135879.62 AUD,28/08/16,3634
INV136888,Vehicle tow away and impound services,Nationwide Towing Services,0.1m,25/10/2029,3585
INV136889,Graffiti management and pressure cleaning services,Calcorp Services uty Ltd,26657.08,07/02/2026,3668
INV136890,Building cleaning services,Menzies International (Aust) Pty Ltd,176039.47,05 May 2025,3634
INV136891,Tree management maintenance services,citywide service solutions pty ltd,236399.74 AUD,28/12/2029,3678
INV136892,Building cleaning services,Menzies International (Aust) Pty Ltd,181251.74,16-Jan-2027,3634
INV136893,Street cleaning,Nationwide Towing Services (AUS),"$158,381.18",24/12/2026,3585
INV136894,Parking technology services,Reino Int’l Pty Ltd T/A Duncan Solutions,66969.62,24-Apr-2026,3623
INV136895,Building maintenance services,ProgrammedFacilityManagementPtyLtd,246993.99 AUD,2028-08-18,3630
INV136896,Integrated security services,National Protective Services Pty Ltd,"$230,588.45",18 April 2027,3686
INV136897,Integrated security services,National Protpctive Services Pty Ltd,151106.87,17 May 2029,3686
INV136898,Vehicle tow away and impound services,Nationwide Towing Services (AUS),"$19,114.87",22-Oct-2025,3585
INV136899,Vehicle tow away and impound services,Nationwide Towing Services,94851.49 AUD,24/12/2027,3585
INV136900,Street cleaning,Spotless Facility Services Pty Ltd,0.2m,09/08/2029,3669
INV136901,Civil infrastructure services,Citywide Service Solutions Pty Ltd,159253.67,23 July 2026,3665
INV136902,Waste management services,Cleanaway Waste Mgmt Limited,0.1m,21 February 2027,3556
INV136903,Vehicle tow away and impound services,NationwideTowingServices,0.1m,07/06/2029,3585
INV136904,Building cleaning services,MENZIES INTERNATIONAL (AUST) PTY LTD,82975.44,09/05/2028,3634
INV136905,Management of Active Melbourne recreation facilities,Victorian YMCA Community Programming Pty Ltd (AU),63898.64,2025-10-11,3615
INV136906,Building cleaning services,Menzies Internatio,"$18,223.04",29/10/2029,3634
INV136907,Open spaces management - region 1,Citywide Service Solutions Pty Ltd (AUS),211832.52,07/12/2025,3676
INV136908,Tree management maintenance services,Citywide Service Solutions Pty Ltd,82659.95,05/01/2026,3678
INV136909,Vehicle tow away and impound services,nationwide towing services,246920.82 AUD,16-Feb-2026,3585
INV136910,Waste management services,Cleanaway,117425.07,13/03/2027,3556
INV136911,Building cleaning services,Menzies International (Aust) Pty. Ltd.,159704.28,2026-07-16,3634
INV136912,Building cleaning services,menzies international (aust) pty ltd,129575.06,16/12/2026,3634
INV136913,Tree management maintenance services,Citywide Service Solutions Pty Ltd,190344.83 AUD,28/10/14,3678
INV136914,Waste management services,cleanaway waste management limited,0.1m,10/12/2025,3556
INV136915,Tree management maintenance services,Citywide Service ,14701.19,21/06/2025,3678
INV136916,Vehicle tow away and impound services,Nationwide Towing Services (AUS),13825.12,25/09/2029,3585
INV136917,Melbourne Town Hall venue management,Showtime Event Group Pty Ltd,62295.38,22/05/2025,3670
INV136918,Street cleaning,Spotless Facility Services Pty Ltd (AU),204169.91,19/10/2027,3669
INV136919,Open spaces management - region 2,SERCO,229668.17 AUD,27/07/04, 
INV136920,Melbourne Town Hall venue management,Victorian YMCA Community Programming Pty Ltd (AUS),45327.48,2027-09-06,3615
INV136921,Vehicle tow away and impound services,Nationwide,43052.04,26-Dec-2027,3585
INV136922,Building maintenance services,programmed facility management pty ltd,"$7,253.99",31/07/2025,3630
INV136923,Tree management maintenance services,Citywide Service Solutions P/L,121143.69 AUD,26 November 2028,3678
INV136924,Waste management services,Cleanaway Waste Management Ltd,0.2m,28/02/2029,3556
INV136925,Building maintenance services,Programmed Facility Management Pty Ltd (AU),0.2m,07/08/2028, 
INV136926,Management of Active Melbourne recreation facilities,Victorian,118222.84 AUD,27/08/23,3615
INV136927,Waste management services,Cleanaway Waste Management Ltd,186924.85 AUD,29/11/2026,3556
INV136928,Integrated security services,National Protective Services Pty Ltd (AU),125737.59,02/08/2026,3686
INV136929,Building maintenance services,Programmed Facility Management Pty. Ltd.,0.1m,18 May 2028,3630
INV136930,Building cleaning services,Menzies  International  (Aust)  Pty  Ltd,0.1m,09-Dec-2027,3634
INV136931,Integrated security services,National Protective Services Pty Ltd,74622.22 AUD,20/05/2028,3686
INV136932,Integrated security services,NATIONAL PROTECTIVE SERVICES PTY LTD,38826.15,28/03/23,3686
INV136933,Vehicle tow away and impound services,Nationwide Towing Services,245840.33,27/07/31,3585
INV136934,Street cleaning,Spotless Facility Services Pty. Ltd.,"$211,784.41",11/12/2026,3669
INV136935,Integrated security services,National Protective Services P/L,58969.41,27/07/22,3686
INV136936,Melbourne Town Hall venue management,ShowtimeEventGroupPtyLtd,0.1m,10-Jul-2027,3670
INV136937,Tree management maintenance services,Citywide  Service  Solutions  Pty  Ltd,5718.67 AUD,08/04/2025,3676
INV136938,Melbourne Town Hall venue management,Showtime,65477.27 AUD,22/11/2026,3670
INV136939,Street cleaning,Spotless Facility Services Pty Ltd (AU),"$35,100.31",22 August 2029,3669
INV136940,Open spaces management - region 2,SERCO (AU),11289.7 AUD,23 November 2025,3677
INV136941,Vehicle tow away and impound services,Nationwide To,"$67,039.86",11/01/2025,3585
INV136942,Open spaces management - region 2,Serco,92828.5,11/04/2025,3677
INV136943,Street cleaning,Spotless Facility Services Pty. Ltd.,248861.52,08/07/2026,3669
INV136944,Street cleaning,Spotless Facility Services Pty Ltd,"$140,925.58",23/08/2025, 
INV136945,Building cleaning services,Menzies International (Aust) Pty Ltd (AU),130710.27 AUD,27/09/01,3634
INV136946,Vehicle tow away and impound services,Nationwide Towing Services (AU),224219.31,2026-05-13,3585
INV136947,Building maintenance services,ProgrammedFacilityManagementPtyLtd,0.1m,11-Feb-2029,3630
INV136948,Building cleaning services,Menzies International (Aust) Pty Ltd,0.1m,25/03/02,3634
INV136949,Melbourne Town Hall venue management,showtime event group pty ltd,198412.07,29/06/2029,3670
INV136950,Management of Active Melbourne recreation facilities,Victorian YMCA Community Programming Pty. Ltd.,206573.44,18/06/2028,3615
INV136951,Tree management maintenance services,Citywide Service Solutions Pty Ltd,174749.69 AUD,26/04/29,3678
INV136952,Tree management maintenance services,Citywide Service Solutions Pty Ltd (AUS),167368.64,22 January 2026,3678
INV136953,Open spaces management - region 1,Citywide Service Solutions Pty Ltd,"$66,626.41",25/10/2026,3676
INV136954,Waste management services,Cleanaway,221975.82,02/04/2027,3556
INV136955,Waste management services,cleanaway waste management limited,"$244,642.29",02 December 2026,3556
INV136956,Street cleaning,Spotless Facility Services Pty Ltd,14186.17 AUD,2026-07-05,3669
INV136957,Open spaces management - region 1,Citywide Service Solutions Pty Ltd,60818.25,2026-11-06,3676
INV136958,Waste management services,Cleanaway Waste Management Limited (AU),247881.36,30-Aug-2027,3556
INV136959,Tree management maintenance services,Citywide,151742.9 AUD,17 January 2025,3678
INV136960,Parking technology services,Reino International Pty Ltd T/A Duncan Solutions,215294.4 AUD,26/03/01,3623
INV136961,Integrated security services,National Protective Services Pty Ltd (AU),36522.11,2027-03-09,3686
INV136962,Tree management maintenance services,Citywide  Service  Solutions  Pty  Ltd,0.0m,25/09/16,3678
INV136963,Building maintenance services,Programmed Facility Management Pty Ltd,"$154,602.72",06/11/2027,3630
INV136964,Building cleaning services,Menzies International (Aust) Pty Ltd (AUS),87067.22,06/12/2028,3634
INV136965,Graffiti management and pressure cleaning services,Calcorp Services Pty. Ltd.,"$209,829.33",05/06/2027,3668
INV136966,Parking technology services,Reino International P/L T/A Duncan Solutions,"$167,477.38",16/03/2028,3623
INV136967,Building cleaning services,Menzies International (Aust) Pty Ltd,91188.19,26/11/2027,3634
INV136968,Management of Active Melbourne recreation facilities,VICTORIAN YMCA COMMUNITY PROGRAMMING PTY LTD,18850.94 AUD,22/03/2027,3615
INV136969,Tree management maintenance services,Citywide Service ,58140.66 AUD,07-Jan-2027,3678
INV136970,Management of Active Melbourne recreation facilities,Victorian YMCA Community Programming Pty Ltd (AU),107487.21 AUD,2025-11-05,3615
INV136971,Parking technology services,Spotless Facility Services Pty Ltd (AUS),185670.62,30/10/2027,3669
INV136972,Integrated security services,Natconal Protective Services Pty Ltd,0.1m,11/06/2026, 
INV136973,Tree management maintenance services,Citywide Service ,0.2m,,3678
INV136974,Building maintenance services,Programmed,157706.02 AUD,24 December 2028,3630
INV136975,Open spaces management - region 2,SEmCO,98827.42 AUD,28/10/09,3677
INV136976,Graffiti management and pressure cleaning services,SfRCO,244099.92,02-Aug-2029,3677
INV136977,Waste management services,Cleanaway Waste Management Limited,"$82,103.57",23-Oct-2029,3556
INV136978,Parking technology services,reino international pty ltd t/a duncan solutions,"$158,317.55",06-Aug-2028,3623
INV136979,Civil infrastructure services,Citywide Service Solutions Pty. Ltd.,0.2m,26/07/05,3665
INV136980,Parking technology services,REINO INTERNATIONAL PTY LTD T/A DUNCAN SOLUTIONS,183489.27 AUD,08/06/2028,3623
INV136981,Parking technology services,reino international pty ltd t/a duncan solutions,213532.99,05 May 2027,3623
INV136982,Civil infrastructure services,Citywide Service Solutions Pty Ltd,"$182,885.96",25/02/10,3665
INV136983,Civil infrastructure services,Citywide Service Solutions Pty Ltd,152328.93 AUD,27/08/12,3665
INV136984,Waste management services,Cleanaway Waste Management Limited (AUS),236787.81 AUD,01-May-2026,3556
INV136985,Tree management maintenance services,Citywide Service Solutions Pty Ltd (AU),188179.48,15/11/2027,3678
INV136986,Management of Active Melbourne recreation facilities,victorian ymca community programming pty ltd,121046.99,,3615
INV136987,Open spaces management - region 1,citywide service solutions pty ltd,146786.56,30/10/2029,3676
INV136988,Graffiti management and pressure cleaning services,Calcorp Services Pty Ltd (AUS),"$187,179.55",2025-10-27,3668
INV136989,Graffiti management and pressure cleaning services,Calcorp Services Pty Ltd (AUS),0.1m,05/12/2025,3668
INV136990,Integrated security services,national protective services pty ltd,"$177,852.9",16/01/2026,3686
INV136991,Open spaces management - region 2,SERkO,"$183,971.9",03/06/2028,3677
INV136992,Vehicle tow away and impound services,Nationwide Towing Servtces,57251.83,09 October 2028,3585
INV136993,Integrated security services,National Protective Services Pty Ltd,214056.94,23-Apr-2026,3686
INV136994,Management of Active Melbourne recreation facilities,Victorian YMCA Community Programming Pty Ltd,0.1m,28/02/25,3615
INV136995,Vehicle tow away and impound services,Nationwide Towing Services,0.1m,28/07/10,3585
INV136996,Building cleaning services,Menzies International (Aust) Pty Ltd,170440.34,27 June 2027,3634
INV136997,Melbourne Town Hall venue management,Showtime Event Group Pty Ltd (AU),142031.08,11 August 2025,3670
INV136998,Open spaces management - region 2,SERCO,221281.66 AUD,23/03/2028,3677
INV136999,Parking technology services,Menzies International (Aust) Pty Ltd,83439.3,26/11/08,3634
INV137000,Open spaces management - region 1,Citywide Service Solutions Pty Ltd (AUS),231589.09 AUD,30 May 2026,3676
