InvoiceID,ContractTitle,Provider,InvoiceAmount,InvoiceDate,ContractNumber
INV249001,Integrated security services,National Protectiv,"$7,776.27",29/02/17,3686
INV249002,Civil infrastructure services,Citywide Service Solutions Pty Ltd (AUS),84043.02,26-Dec-2026,3665
INV249003,Waste management services,CLEANAWAY WASTE MANAGEMENT LIMITED,83919.49 AUD,07/09/2026,3556
INV249004,Waste management services,CleanawayWasteManagementLimited,0.0m,2028-02-18,3556
INV249005,Tree management maintenance services,Citywide Service Solutions Pty Ltd,60323.79,03 August 2028,3678
INV249006,Open spaces management - region 1,CITYWIDE SERVICE SOLUTIONS PTY LTD,63095.23,14 November 2028,3676
INV249007,Waste management services,Cleanaway Waste Management Limited,41747.52,25 December 2028,3556
INV249008,Parking technology services,Reino Intl Pty Ltd T/A Duncan Solutions,90481.41,25/05/25,3623
INV249009,Melbourne Town Hall venue management,Showtime Event Group Pty Ltd,118863.49 AUD,2026-10-06,3670
INV249010,Parking technology services,Reino International P/L T/A Duncan Solutions,"$104,826.06",27-Nov-2027,3623
INV249011,Open spaces management - region 1,Citywide Servibe Solutions Pty Ltd,"$36,198.48",23/06/2025,3676
INV249012,Open spaces management - region 2,SERCO,"$147,166.65",01/07/2027,3677
INV249013,Melbourne Town Hall venue management,Showtime Event Group Pty Ltd,"$183,518.99",28-May-2025,3670
INV249014,Open spaces management - region 2,SERCO (AU),"$127,793.19",14-Sep-2028,3677
INV249015,Management of Active Melbourne recreation facilities,Victorian YMCA Community Programming Pty. Ltd.,0.2m,29/03/27,3615
INV249016,Vehicle tow away and impound services,Nationwide To,249203.9,06/04/2026,3585
INV249017,Integrated security services,NATIONAL PROTECTIVE SERVICES PTY LTD,218337.71,2029-06-19,3686
INV249018,Building maintenance services,Programmed Facility Management P/L,213342.77,2027-01-18,3630
INV249019,Waste management services,Cleanaway Waste Mgmt Limited,0.2m,29/06/29, 
INV249020,Tree management maintenance services,Citywide Service ,"$44,476.84",15/03/2028,3678
INV249021,Management of Active Melbourne recreation facilities,Victorian YMCA Community Programming Pty Ltd,"$173,476.22",02-Jan-2025,3615
INV249022,Building maintenance services,Programmed Facility Management Pty Ltd,163010.14 AUD,31-Dec-2028,3630
INV249023,Open spaces management - region 2,SERCO,114179.61 AUD,2027-01-02,3677
INV249024,Vehicle tow away and impound services,Nationwide Towing Services (AUS),160886.02,,3585
INV249025,Graffiti management and pressure cleaning services,calcorp services pty ltd,0.2m,06-Aug-2025,3668
INV249026,Tree management maintenance services,CitywideServiceSolutionsPtyLtd,118524.31,25/06/01,3678
INV249027,Building maintenance services,PROGRAMMED FACILITY MANAGEMENT PTY LTD,0.0m,29/09/2026,3630
INV249028,Tree management maintenance services,CitywideServiceSolutionsPtyLtd,0.0m,17 April 2027,3678
INV249029,Parking technology services,ReinoInternationalPtyLtdT/ADuncanSolutions,"$163,656.43",25/11/2029,3623
INV249030,Street cleaning,Spotless,157848.37 AUD,18-May-2027,3669
INV249031,Melbourne Town Hall venue management,menzies international (aust) pty ltd,94588.38,25 February 2027,3634
INV249032,Management of Active Melbourne recreation facilities,Victorian YMCA Communi,"$247,233.6",15/06/2028,3615
INV249033,Civil infrastructure services,Citywide Service Solutions Pty Ltd (AU),0.2m,2026-11-15,3665
INV249034,Open spaces management - region 1,Citywide  Service  Solutions  Pty  Ltd,"$158,519.86",2027-08-29,3676
INV249035,Tree management maintenance services,citywide service solutions pty ltd,"$151,675.39",10/11/2029,3678
INV249036,Street cleaning,Spotless  Facility  Services  Pty  Ltd,0.2m,05/02/2029,3669
INV249037,Vehicle tow away and impound services,Nationwide Towing Services,86037.25,17 December 2028,3585
INV249038,Open spaces management - region 1,CITYWIDE SERVICE SOLUTIONS PTY LTD,0.2m,27/03/2028,3676
INV249039,Waste management services,Cleanaway Waste Management Limited (AU),"$242,174.16",2027-03-11,3556
INV249040,Integrated security services,Calcorp Services Pty Ltd (AUS),0.1m,2025-04-27,3668
INV249041,Open spaces management - region 2,SERCO,0.2m,20/09/2025,3677
INV249042,Integrated security services,NationalProtectiveServicesPtyLtd,0.2m,20 September 2028,3686
INV249043,Open spaces management - region 1,Citywide Service Solutions Pty Ltd (AUS),96358.95 AUD,2026-05-31, 
INV249044,Street cleaning,SpotlessFacilityServicesPtyLtd,0.1m,26/10/03,3669
INV249045,Graffiti management and pressure cleaning services,CalcorpServicesPtyLtd,184108.37 AUD,29/07/2025,3668
INV249046,Building maintenance services,Programmed Facility Management Pty Ltd (AU),116702.84 AUD,2027-07-04,3630
INV249047,Civil infrastructure services,Citywide Service Solutions Pty. Ltd.,14932.27,27/03/23,3665
INV249048,Street cleaning,Spotless Facility Services P/L,207744.69 AUD,20-Sep-2025,3669
INV249049,Open spaces management - region 1,Citywide Service Solutions Pty Ltd (AU),"$54,549.7",07/01/2026,3676
INV249050,Integrated security services,National Protective Services Pty Ltd (AU),0.0m,25/11/2028,3686
INV249051,Melbourne Town Hall venue management,Showtime Event Greup Pty Ltd,0.1m,2027-04-02,3670
INV249052,Street cleaning,Spotless Facility Services Pty. Ltd.,29468.03,26/05/07,3669
INV249053,Tree management maintenance services,Citywide  Service  Solutions  Pty  Ltd,28607.97 AUD,28/05/25,3678
INV249054,Building maintenance services,Programmed  Facility  Management  Pty  Ltd,69245.97 AUD,28/08/05,3630
INV249055,Parking technology services,Reino Int’l Pty Ltd T/A Duncan Solutions,0.2m,09 May 2027,3623
INV249056,Waste management services,CLEANAWAY WASTE MANAGEMENT LIMITED,0.1m,25-Jan-2028,3556
INV249057,Building maintenance services,ProgrammedFacilityManagementPtyLtd,0.1m,16/04/2025,3630
INV249058,Building cleaning services,Menzies Intl (Aust) Pty Ltd,"$71,317.1",14-Nov-2027,3634
INV249059,Melbourne Town Hall venue management,Showtime Event Group Pty Ltd,3865.58,28/07/05,3670
INV249060,Street cleaning,Spotless Facility Services Pty. Ltd.,144899.05,2028-07-13,3669
INV249061,Building maintenance services,PROGRAMMED FACILITY MANAGEMENT PTY LTD,0.1m,10/09/2029,3630
INV249062,Tree management maintenance services,Citywide Service Solutions Pty. Ltd.,171874.54,04/06/2025,3678
INV249063,Tree management maintenance services,citywide service solutions pty ltd,"$47,197.72",16/01/2027,3678
INV249064,Parking technology services,Reino Intl Pty Ltd T/A Duncan Solutions,92290.97,29/06/29,3623
INV249065,Management of Active Melbourne recreation facilities,victorian ymca community programming pty ltd,42905.25,26/02/2025,3615
INV249066,Integrated security services,National Protective Services Pty Ltd (AU),141669.36,10 February 2028,3686
INV249067,Building cleaning services,Menzies International (Aust) Pty Ltd,57688.49,03 May 2026,3634
INV249068,Open spaces management - region 1,CITYWIDE SERVICE SOLUTIONS PTY LTD,0.1m,29/11/2026,3676
INV249069,Tree management maintenance services,citywide service solutions pty ltd,218164.81,2025-09-17,3678
INV249070,Tree management maintenance services,Citywide Service Solutions Pty Ltd,0.0m,26-Feb-2028,3678
INV249071,Open spaces management - region 2,SERCO,"$24,451.61",03-Jul-2027,3677
INV249072,Waste management services,Cleanaway Waste Management Limited,0.1m,14/03/2028, 
INV249073,Melbourne Town Hall venue management,Showtime Event Group Pty. Ltd.,0.1m,25/01/29,3670
INV249074,Waste management services,Cleanaway Waste Management Limited,"$4,556.64",15/06/2028, 
INV249075,Graffiti management and pressure cleaning services,Calcorp Services Pty Ltd (AU),141713.7,11/07/2026,3668
INV249076,Tree management maintenance services,Citywide Service Solutions Pty Ltd,2914.2,03 April 2029,3678
INV249077,Tree management maintenance services,CITYWIDE SERVICE SOLUTIONS PTY LTD,0.0m,26/11/18,3678
INV249078,Civil infrastructure services,Citywide Service Solutions Pty Ltd (AU),0.0m,07-Jun-2028,3665
INV249079,Integrated security services,National Protective Services Pty Ltd (AUS),0.1m,31 March 2029,3686
INV249080,Management of Active Melbourne recreation facilities,Victorian YMCA Community Programming P/L,"$197,548.91",28/06/2027,3615
INV249081,Integrated security services,National Protective Services Pty Ltd,54145.16,30/10/2027,3686
INV249082,Management of Active Melbourne recreation facilities,Victorian,60760.84,28/11/10,3615
INV249083,Graffiti management and pressure cleaning services,Calcorp Services Pty Ltd,212920.79 AUD,29/10/21,3668
INV249084,Open spaces management - region 2,SERCO,0.2m,2027-08-11,3677
INV249085,Tree management maintenance services,Citywide Service Solutions Pty. Ltd.,"$145,535.48",15 June 2029,3678
INV249086,Waste management services,Cleanaway Waste Management Limited (AUS),0.2m,2026-04-05,3556
INV249087,Building maintenance services,PROGRAMMED FACILITY MANAGEMENT PTY LTD,0.1m,2027-06-08,3630
INV249088,Tree management maintenance services,Citywide Service Solutions Pty Ltd (AU),112118.59,26/12/10,3678
INV249089,Vehicle tow away and impound services,Nationwide Towing Services,235238.03 AUD,23 July 2027,3585
INV249090,Integrated security services,National Protective Services Pty Ltd,88061.34 AUD,02/12/2028,3686
INV249091,Building cleaning services,Menzies Internatio,0.0m,26/03/28,3634
INV249092,Management of Active Melbourne recreation facilities,Victorian Ymca Community Programming Pty Ltd,71869.71 AUD,,3615
INV249093,Civil infrastructure services,Citywide Service Solutions P/L,71140.95,27/09/30,3665
INV249094,Management of Active Melbourne recreation facilities,Victorian  YMCA  Community  Programming  Pty  Ltd,22248.01,19/12/2029,3615
INV249095,Tree management maintenance services,Citywide Service Solutions Pty Ltd (AU),0.2m,31 July 2025,3678
INV249096,Integrated security services,National Protective Services Pty Ltd,"$80,087.6",11/08/2028,3686
INV249097,Civil infrastructure services,citywide service solutions pty ltd,145995.55 AUD,29/01/28,3665
INV249098,Melbourne Town Hall venue management,Showtime Event Group Pty Ltd (AUS),37461.41,2026-09-05,3670
INV249099,Building cleaning services,Menzies Internatio,0.1m,29/03/2025,3634
INV249100,Civil infrastructure services,Citywide ServicepSolutions Pty Ltd,4335.31,28/09/24,3665
INV249101,Street cleaning,Spotless Facility Services Pty. Ltd.,30508.76,27/05/27,3669
INV249102,Building cleaning services,Menzies International (Aust) Pty Ltd,227522.57,06 September 2026,3634
INV249103,Integrated security services,National Protective Services P/L,31574.6,05/08/2029,3686
INV249104,Open spaces management - region 1,CitywideServiceSolutionsPtyLtd,"$82,420.68",25/06/11,3676
INV249105,Integrated security services,National Protective Services Pty Ltd,0.1m,29/10/22,3686
INV249106,Street cleaning,Spotless Facility Services Pty Ltd,"$245,494.36",04/04/2029,3669
INV249107,Management of Active Melbourne recreation facilities,Victorian Ymca Community Programming Pty Ltd,167220.48,09 August 2027,3615
INV249108,Graffiti management and pressure cleaning services,CalcorpServicesPtyLtd,20835.14,05/05/2026,3668
INV249109,Vehicle tow away and impound services,NATIONWIDE TOWING SERVICES,0.2m,26/04/10,3585
INV249110,Building maintenance services,Programmed Facility Management P/L,233473.94,26/08/2026,3630
INV249111,Vehicle tow away and impound services,Nationwide Towing Services (AU),187017.83,28/07/07,3585
INV249112,Building maintenance services,Programmed Facility,248459.28,01-Feb-2026,3630
INV249113,Vehicle tow away and impound services,NATIONWIDE TOWING SERVICES,70097.66 AUD,2029-05-24,3585
INV249114,Building cleaning services,Menzies Intl (Aust) Pty Ltd,148438.16,2029-02-04,3634
INV249115,Vehicle tow away and impound services,SERCO,"$72,803.6",2028-06-14,3677
INV249116,Building cleaning services,Menzies International (Aust) Pty Ltd,106763.52,23-Apr-2028,3634
INV249117,Vehicle tow away and impound services,NATIONWIDE TOWING SERVICES,"$162,641.69",2025-01-30,3585
INV249118,Tree management maintenance services,Citywide Service Solutions Pty Ltd,"$121,951.98",25/05/23,3676
INV249119,Graffiti management and pressure cleaning services,National Protective Services Pty Ltd,205393.82 AUD,18/12/2025,3686
INV249120,Management of Active Melbourne recreation facilities,VICTORIAN YMCA COMMUNITY PROGRAMMING PTY LTD,244109.7,21 May 2028,3615
INV249121,Vehicle tow away and impound services,nationwide towing services,87463.74 AUD,06 October 2028,3585
INV249122,Street cleaning,Citywide  Service  Solutions  Pty  Ltd,"$218,849.75",23 April 2026,3676
INV249123,Waste management services,Cleanaway Waste Management Limited,0.2m,30/01/2028,3556
INV249124,Vehicle tow away and impound services,Nationwide  Towing  Services,0.1m,02 October 2028,3585
INV249125,Street cleaning,Spotless Facility Services P/L,0.0m,13-Nov-2029,3669
INV249126,Civil infrastructure services,Citywide  Service  Solutions  Pty  Ltd,0.2m,06/08/2029,3665
INV249127,Melbourne Town Hall venue management,Showtime Event Group Pty Ltd (AU),208222.19,22-Mar-2028,3670
INV249128,Civil infrastructure services,Citywide Sdrvice Solutions Pty Ltd,"$33,082.45",24/03/2027,3665
INV249129,Open spaces management - region 2,SERCO,"$139,520.33",28/03/2029,3677
INV249130,Vehicle tow away and impound services,NationwideTowingServices,194445.13 AUD,02 October 2025,3585
INV249131,Waste management services,Cleanaway Waste Management Ltd,"$134,996.84",27/11/24,3556
INV249132,Vehicle tow away and impound services,NationwideTowingServices,6335.28,28/06/2028,3585
INV249133,Melbourne Town Hall venue management,ShowtimeEventGroupPtyLtd,212439.81,08-Jan-2028,3670
INV249134,Management of Active Melbourne recreation facilities,Victorian YMCA Community Programming Pty. Ltd.,199530.63,16/07/2027,3615
INV249135,Tree management maintenance services,Cleanaway Waste Management Limited (AUS),0.1m,23/11/2027,3556
INV249136,Management of Active Melbourne recreation facilities,Programmed Facility Management Pty Ltd,"$147,080.81",05/05/2028,3630
INV249137,Building cleaning services,Menzies International (Aust) Pty Ltd,164665.59,2029-03-14,3634
INV249138,Vehicle tow away and impound services,Nationwide Towing Servmces,47748.66,28/10/22,3585
INV249139,Integrated security services,National Protective Services P/L,149182.31,04-Jul-2025,3686
INV249140,Management of Active Melbourne recreation facilities,Victorian YMCA Communi,0.2m,29/09/2025,3615
INV249141,Graffiti management and pressure cleaning services,CALCORP SERVICES PTY LTD,123755.65 AUD,01/01/2026,3668
INV249142,Open spaces management - region 2,SEReO,"$6,974.05",29/02/23, 
INV249143,Building maintenance services,Programmed Facility Mgmt Pty Ltd,204776.82,24/02/2029,3630
INV249144,Tree management maintenance services,Citywide Service Solutions Pty. Ltd.,37696.88,05/11/2027,3678
INV249145,Street cleaning,Spotless Facility Services Pty Ltd (AUS),28849.44,16/10/2025,3669
INV249146,Open spaces management - region 2,Serco,0.1m,2028-11-03,3677
INV249147,Management of Active Melbourne recreation facilities,VICTORIAN YMCA COMMUNITY PROGRAMMING PTY LTD,0.1m,22 January 2028,3615
INV249148,Management of Active Melbourne recreation facilities,Victorian,0.2m,02-Mar-2026,3615
INV249149,Melbourne Town Hall venue management,ShowtimeEventGroupPtyLtd,153995.39,12-Nov-2025,3670
INV249150,Waste management services,Cleanaway Waste Management Limited,56653.29,28/12/29,3556
INV249151,Integrated security services,Programmed Facility Management Pty Ltd,103436.7,25/01/2029,3630
INV249152,Melbourne Town Hall venue management,showtime event group pty ltd,82747.47,09 March 2029,3670
INV249153,Street cleaning,Spotless Facility Services Pty Ltd,0.2m,23-Jan-2025, 
INV249154,Open spaces management - region 2,Victorian YMCA Communi,0.2m,08-Dec-2027,3615
INV249155,Integrated security services,National Protective Services Pty. Ltd.,0.1m,25/10/24,3686
INV249156,Civil infrastructure services,CITYWIDE SERVICE SOLUTIONS PTY LTD,127428.83,04 September 2028,3665
INV249157,Open spaces management - region 1,CitywideServiceSolutionsPtyLtd,"$84,283.78",2026-01-29,3676
INV249158,Vehicle tow away and impound services,nationwide towing services,165471.46,14-Mar-2025,3585
INV249159,Open spaces management - region 2,serco,"$73,158.62",08/03/2028,3677
INV249160,Integrated security services,National Protective Services Pty. Ltd.,59790.6 AUD,26/10/19,3686
INV249161,Open spaces management - region 2,SERCO,43856.23,10/04/2026,3677
INV249162,Melbourne Town Hall venue management,Showtime Event Group Pty Ltd,85087.55,27/04/2025,3670
INV249163,Building cleaning services,reino international pty ltd t/a duncan solutions,0.0m,10/02/2025,3623
INV249164,Vehicle tow away and impound services,Nationwide,"$199,054.56",2027-02-27,3585
INV249165,Tree management maintenance services,Citywide Service Solutions Pty Ltd (AU),35929.89 AUD,22-Jul-2029,3678
INV249166,Vehicle tow away and impound services,Nationwide Towing Services (AU),0.1m,20-Aug-2028,3585
INV249167,Melbourne Town Hall venue management,showtime event group pty ltd,"$230,201.29",27/01/27, 
INV249168,Vehicle tow away and impound services,Nationwide Towing Services,0.1m,04-Dec-2027,3585
INV249169,Vehicle tow away and impound services,nationwide towing services,0.1m,16 May 2025, 
INV249170,Vehicle tow away and impound services,Nationwide,34266.66,2026-01-23,3585
INV249171,Melbourne Town Hall venue management,Showtime Event,33934.22,21/05/2029,3670
INV249172,Waste management services,Cleanaway Waste Management Limited,0.1m,17/12/2028,3556
INV249173,Graffiti management and pressure cleaning services,Calcorp Services Pty Ltd (AU),"$71,352.72",13-Sep-2027,3668
INV249174,Parking technology services,Reino International Pty. Ltd. T/A Duncan Solutions,"$58,837.83",15/01/2028,3623
INV249175,Open spaces management - region 1,citywide service solutions pty ltd,"$146,564.59",12 November 2028,3676
INV249176,Melbourne Town Hall venue management,Showtime Event Group Pty Ltd (AUS),87747.04,17-Feb-2026,3670
INV249177,Management of Active Melbourne recreation facilities,Victorian YMCA Community Programming Pty. Ltd.,0.0m,08/09/2025,3615
INV249178,Waste management services,Cleanaway Waste Mgmt Limited,75408.86,24/12/2025,3556
INV249179,Tree management maintenance services,Citywide Service Solutions Pty Ltd (AU),"$79,341.61",08/07/2028,3678
INV249180,Vehicle tow away and impound services,Nationwide Towing Services,234285.42,10 January 2025,3585
INV249181,Graffiti management and pressure cleaning services,CalcorpServicesPtyLtd,0.2m,28/10/20, 
INV249182,Parking technology services,Reino International Pty. Ltd. T/A Duncan Solutions,"$234,202.68",25-Nov-2025,3623
INV249183,Civil infrastructure services,CitywideServiceSolutionsPtyLtd,"$187,173.56",17 April 2025,3665
INV249184,Integrated security services,National,0.1m,10/11/2026,3686
INV249185,Melbourne Town Hall venue management,Spotless,82448.13,13 November 2027,3669
INV249186,Building cleaning services,Menzies Int’l (Aust) Pty Ltd,10718.09 AUD,2025-05-08,3634
INV249187,Vehicle tow away and impound services,Nationwide To,0.2m,28-Apr-2025,3585
INV249188,Integrated security services,national protective services pty ltd,0.1m,29/01/01,3686
INV249189,Parking technology services,reino international pty ltd t/a duncan solutions,"$92,179.2",2025-12-19,3623
INV249190,Open spaces management - region 2,SERCO,95785.29 AUD,15/02/2027,3677
INV249191,Street cleaning,Spotless Facdlity Services Pty Ltd,"$114,737.33",26/02/18,3669
INV249192,Management of Active Melbourne recreation facilities,Victorian YMCAhCommunity Programming Pty Ltd,0.1m,21-May-2028,3615
INV249193,Graffiti management and pressure cleaning services,Calcorp Services P/L,"$97,296.61",28/03/03,3668
INV249194,Tree management maintenance services,Citywide Service Solutions Pty Ltd (AU),"$157,684.01",25/09/05,3678
INV249195,Waste management services,CLEANAWAY WASTE MANAGEMENT LIMITED,80864.09,28/05/20,3556
INV249196,Building maintenance services,Programmed Facility Management P/L,210025.81 AUD,2026-07-17,3630
INV249197,Building cleaning services,Menzies International (Aust) Pty Ltd,"$235,016.38",11 June 2026,3634
INV249198,Building maintenance services,Programmed Facility Management Pty Ltd (AUS),176883.92,01/04/2026,3630
INV249199,Melbourne Town Hall venue management,Spotless Facility Services Pty Ltd,0.0m,13/05/2028,3669
INV249200,Open spaces management - region 1,citywide service solutions pty ltd,63705.81 AUD,18/07/2028,3676
INV249201,Integrated security services,National Protective Services Pty Ltd (AU),138033.39 AUD,04 April 2026,3686
INV249202,Integrated security services,National,93580.03 AUD,29/04/15,3686
INV249203,Graffiti management and pressure cleaning services,Calcorp Services P/L,226428.28,22/12/2028,3668
INV249204,Open spaces management - region 2,SERCO,7771.19,2025-03-16,3677
INV249205,Street cleaning,Spotless Facilwty Services Pty Ltd,140516.18,29/01/2027,3669
INV249206,Open spaces management - region 2,SEoCO,9100.28,20/08/2025,3677
INV249207,Waste management services,Cleanaway Waste Managemgnt Limited,226897.99,10/05/2025,3556
INV249208,Graffiti management and pressure cleaning services,Calcorp Services Pty. Ltd.,87477.2,11 August 2028,3668
INV249209,Melbourne Town Hall venue management,Showtime Event Group Pty Ltd,"$127,471.09",27-Nov-2029,3670
INV249210,Tree management maintenance services,Citywide Service ,64965.16,05 January 2025,3678
INV249211,Melbourne Town Hall venue management,ShowtimeEventGroupPtyLtd,162353.28 AUD,17/03/2028,3670
INV249212,Building cleaning services,menzies international (aust) pty ltd,235201.44 AUD,12-Oct-2026,3634
INV249213,Building cleaning services,menzies international (aust) pty ltd,165002.85,24/02/2029,3634
INV249214,Open spaces management - region 2,SERCO,0.2m,17 December 2029,3677
INV249215,Vehicle tow away and impound services,nationwide towing services,"$52,703.27",21 November 2027,3585
INV249216,Open spaces management - region 2,SERCO (AU),40244.64,2028-09-02,3677
INV249217,Management of Active Melbourne recreation facilities,Victorian YMCA Community Programming Pty Ltd,78481.21 AUD,2028-06-21,3615
INV249218,Open spaces management - region 1,Citywide,"$193,501.97",03/02/2026,3676
INV249219,Waste management services,Cleanaway,0.0m,2025-12-10,3556
INV249220,Civil infrastructure services,Citywide,0.2m,01/07/2025,3665
INV249221,Building cleaning services,Menzies International (Aust) P/L,0.1m,2029-06-13,3634
INV249222,Parking technology services,Reino International Pty Ltd T/A Duncan Solutions (AU),104582.18 AUD,15/11/2025,3623
INV249223,Building maintenance services,PROGRAMMED FACILITY MANAGEMENT PTY LTD,0.2m,08-Jul-2029,3630
INV249224,Street cleaning,Spotless Facility Services Pty Ltd,83401.45 AUD,29/11/03,3669
INV249225,Vehicle tow away and impound services,Nationwide Towing Services (AU),"$55,576.05",28/07/11,3585
INV249226,Open spaces management - region 1,CitywideServiceSolutionsPtyLtd,,27/01/16,3676
INV249227,Building cleaning services,Menzies International (Aust) Pty Ltd (AUS),0.1m,2029-04-27,3634
INV249228,Integrated security services,National Protective Services Pty. Ltd.,0.0m,27/10/11,3686
INV249229,Building cleaning services,Menzies  International  (Aust)  Pty  Ltd,21209.38,10/02/2025,3634
INV249230,Open spaces management - region 1,Citywide,78282.61,08-Feb-2027,3676
INV249231,Open spaces management - region 1,Citywide Service ,11423.63,,3676
INV249232,Melbourne Town Hall venue management,Showtime,"$9,791.84",2027-11-13,3670
INV249233,Open spaces management - region 2,SERCO,107935.4 AUD,12-Jan-2027,3677
INV249234,Open spaces management - region 1,citywide service solutions pty ltd,70503.66 AUD,26/07/13,3676
INV249235,Graffiti management and pressure cleaning services,Calcorp,0.1m,03 April 2025,3668
INV249236,Building maintenance services,Programmed Facility Management Pty Ltd,"$181,984.9",28/07/19,3630
INV249237,Building maintenance services,Programmed Facility Management Pty. Ltd.,0.2m,09-Jul-2028,3630
INV249238,Building cleaning services,Menzies Int’l (Aust) Pty Ltd,"$132,412.78",18 February 2026,3634
INV249239,Building maintenance services,Programmed Facility Management Pty Ltd,7367.72 AUD,08/09/2026,3630
INV249240,Integrated security services,National Protective Services Pty Ltd (AU),7169.76,02 February 2026,3686
INV249241,Building maintenance services,Programmed Facility Management Pty Ltd,38402.1,29/06/07,3630
INV249242,Graffiti management and pressure cleaning services,CalcorpServicesPtyLtd,0.0m,19/12/2027,3668
INV249243,Tree management maintenance services,Citywide Service Solutions Pty Ltd (AUS),$659.76,01/06/2028,3678
INV249244,Integrated security services,National Protective Services Pty Ltd,"$132,391.18",28/12/2025,3686
INV249245,Building maintenance services,Programmed Facility Management Pty. Ltd.,149376.59,2028-10-06,3630
INV249246,Open spaces management - region 1,Citywide  Service  Solutions  Pty  Ltd,202755.0,06/03/2025,3676
INV249247,Open spaces management - region 1,CITYWIDE SERVICE SOLUTIONS PTY LTD,102054.23 AUD,02/05/2026,3676
INV249248,Street cleaning,SERCO,"$232,760.43",27 January 2028,3677
INV249249,Open spaces management - region 1,Citywide Service Solutions Pty Ltd,170846.9,26/02/2029,3676
INV249250,Parking technology services,Reino International Pty Ltd T/A Dunpan Solutions,"$176,173.23",31-Aug-2026,3623
INV249251,Graffiti management and pressure cleaning services,CalcorpServicesPtyLtd,194351.21 AUD,09-Aug-2025,3668
INV249252,Civil infrastructure services,CITYWIDE SERVICE SOLUTIONS PTY LTD,"$227,213.1",16 February 2026,3665
INV249253,Open spaces management - region 2,SERCO,177161.11 AUD,01/02/2028,3677
INV249254,Melbourne Town Hall venue management,Showtime Event Group Pty. Ltd.,"$16,999.12",2029-05-12,3670
INV249255,Management of Active Melbourne recreation facilities,victorian ymca community programming pty ltd,0.1m,24/12/2027,3615
INV249256,Tree management maintenance services,Citywide,"$194,274.92",06-Aug-2029,3678
INV249257,Street cleaning,Spotless Facility Services Pty Ltd,66051.11,2028-01-07,3669
INV249258,Graffiti management and pressure cleaning services,Calcorp  Services  Pty  Ltd,"$132,304.41",27/12/2025,3668
INV249259,Integrated security services,National Protective Services Pty Ltd (AUS),143776.05,12-Oct-2026,3686
INV249260,Building cleaning services,Menzies,212816.25,16-Jan-2029,3634
INV249261,Civil infrastructure services,CITYWIDE SERVICE SOLUTIONS PTY LTD,0.2m,29/11/21,3665
INV249262,Graffiti management and pressure cleaning services,Programmed Facility Manavement Pty Ltd,12359.06 AUD,2029-11-04, 
INV249263,Management of Active Melbourne recreation facilities,Victorian YMCA Community Programming Pty Ltd (AU),178850.04,26/03/24,3615
INV249264,Parking technology services,Reino International Pty Ltd T/A Duncan Solutions,0.2m,03/10/2025,3623
INV249265,Street cleaning,Spotless Facility Services P/L,217813.72 AUD,27-Sep-2028,3669
INV249266,Street cleaning,Spotless Facility Services Pty. Ltd.,223938.52,26/09/2026,3669
INV249267,Vehicle tow away and impound services,Nationwide,13447.48 AUD,24/12/2029,3585
INV249268,Open spaces management - region 1,Cithwide Service Solutions Pty Ltd,46335.6 AUD,03/01/2025,3676
INV249269,Integrated security services,National  Protective  Services  Pty  Ltd,0.0m,23/09/2029,3686
INV249270,Integrated security services,National Protective Services Pty Ltd (AUS),151619.57,28 March 2027,3686
INV249271,Tree management maintenance services,Citywide Service Solutions Pty. Ltd.,218148.77,05 December 2028,3678
INV249272,Parking technology services,ReinoInternationalPtyLtdT/ADuncanSolutions,111267.73 AUD,27/10/18,3623
INV249273,Integrated security services,National  Protective  Services  Pty  Ltd,73009.7 AUD,15/10/2026,3686
INV249274,Street cleaning,Spotless,135414.92 AUD,31 March 2028, 
INV249275,Waste management services,Cleanaway Waste M,177253.53,2025-10-18,3556
INV249276,Graffiti management and pressure cleaning services,Calcorp Services Pty Ltd (AU),,08/02/2027,3668
INV249277,Waste management services,CLEANAWAY WASTE MANAGEMENT LIMITED,15640.96 AUD,14/03/2027, 
INV249278,Melbourne Town Hall venue management,Showtime Event Group Pty Ltd,173058.59 AUD,21 October 2027,3670
INV249279,Building cleaning services,Menzies International (Aust) P/L,192361.02,03 October 2028,3634
INV249280,Integrated security services,NATIONAL PROTECTIVE SERVICES PTY LTD,"$4,466.64",13/01/2025,3686
INV249281,Open spaces management - region 1,Citywiee Service Solutions Pty Ltd,38252.49,11/09/2029,3676
INV249282,Building maintenance services,Programmed Facility Management Pty. Ltd.,138221.84,06 July 2025,3630
INV249283,Open spaces management - region 1,CitywideServiceSolutionsPtyLtd,203943.28 AUD,2027-11-11,3676
INV249284,Tree management maintenance services,Citywide Service Solutions Pty. Ltd.,121902.78 AUD,26-Dec-2025,3678
INV249285,Graffiti management and pressure cleaning services,Calcorp  Services  Pty  Ltd,219797.96 AUD,2026-07-02,3668
INV249286,Tree management maintenance services,Citywide Service ,"$176,947.82",13/06/2025,3678
INV249287,Building cleaning services,Menzies,106094.68,25/06/05,3634
INV249288,Parking technology services,Reino International Pty. Ltd. T/A Duncan Solutions,47360.96,2026-10-16,3623
INV249289,Open spaces management - region 1,citywide service solutions pty ltd,0.1m,26/01/25,3676
INV249290,Civil infrastructure services,Citywide Service Solutions P/L,189001.38,29/04/04,3665
INV249291,Street cleaning,Spotless Facility Services P/L,119792.5,13/08/2025,3669
INV249292,Building cleaning services,MenziesInternational(Aust)PtyLtd,"$185,554.77",21/07/2027,3634
INV249293,Waste management services,Cleanaway  Waste  Management  Limited,,28/03/31,3556
INV249294,Waste management services,Cleanaway Waste Management Limited (AU),57139.82,07-Apr-2026,3556
INV249295,Civil infrastructure services,Citywide Service Solutions Pty. Ltd.,0.1m,24-Jan-2025,3665
INV249296,Building maintenance services,PROGRAMMED FACILITY MANAGEMENT PTY LTD,"$174,441.72",10-Aug-2028,3630
INV249297,Civil infrastructure services,Citywide Service Solutions Pty Ltd,0.1m,2029-11-13,3665
INV249298,Building cleaning services,Menzies  International  (Aust)  Pty  Ltd,0.2m,09-Apr-2027, 
INV249299,Street cleaning,Spotless Facility Services Pty. Ltd.,,05 August 2028,3669
INV249300,Open spaces management - region 2,Serco,130287.04,26 July 2025,3677
INV249301,Open spaces management - region 2,National  Protective  Services  Pty  Ltd,124749.04,2026-03-20,3686
INV249302,Waste management services,Cleanaway Waste Management Limited (AUS),188866.05,29/06/16,3556
INV249303,Graffiti management and pressure cleaning services,CalcorpServicesPtyLtd,30881.89,25/02/17,3668
INV249304,Building cleaning services,menzies international (aust) pty ltd,0.2m,02/04/2025,3634
INV249305,Building cleaning services,Menzies Internatio,38038.83 AUD,05-Aug-2025,3634
INV249306,Open spaces management - region 2,SERCO,206087.31 AUD,20/02/2027,3677
INV249307,Melbourne Town Hall venue management,Showtime Event,59762.85,08/06/2029,3670
INV249308,Management of Active Melbourne recreation facilities,Victorian YMCA Community Programming Pty Ltd,182412.06,31/10/2027,3615
INV249309,Graffiti management and pressure cleaning services,calcorp services pty ltd,"$14,879.85",2027-01-16,3668
INV249310,Management of Active Melbourne recreation facilities,Victorian YMCA Community Programming Pty Ltd,187173.0,26/11/13,3615
INV249311,Management of Active Melbourne recreation facilities,Victorian YMCA Communi,"$79,818.47",2027-10-09,3615
INV249312,Management of Active Melbourne recreation facilities,Victorian YMCA Community Programming Pty Ltd,192390.43,01/07/2026,3615
INV249313,Civil infrastructure services,Citywide Service ,"$185,916.55",08 June 2028,3665
INV249314,Melbourne Town Hall venue management,Showtime Ekent Group Pty Ltd,231505.97,29-Aug-2029,3670
INV249315,Waste management services,Cleanaway Waste Management Limited (AUS),14037.3 AUD,25/10/29,3556
INV249316,Street cleaning,Spotless Facility Services Pty Ltd,,18/08/2026,3669
INV249317,Building maintenance services,Programmed Facility,"$247,068.32",27/06/19,3630
INV249318,Management of Active Melbourne recreation facilities,Victorian,19752.36 AUD,06 April 2026,3615
INV249319,Waste management services,Cleanaway Waste Management Limited,28012.12,26/06/03,3556
INV249320,Open spaces management - region 2,SERCO,102098.03,18 November 2029,3677
INV249321,Open spaces management - region 2,SERCO,159337.56,19/04/2028, 
INV249322,Graffiti management and pressure cleaning services,Calcorp Services Pty Ltd,0.1m,07 September 2029,3668
INV249323,Street cleaning,Spotless Facility Services Pty Ltd (AUS),121849.07 AUD,18/03/2026,3669
INV249324,Open spaces management - region 1,Citywide Service Solutions Pty Ltd,"$179,890.62",2028-04-13,3678
INV249325,Integrated security services,National Protectiv,0.2m,25/06/12,3686
INV249326,Building cleaning services,Menzies Internatio,32837.47 AUD,2027-09-18,3634
INV249327,Open spaces management - region 2,Serco,"$234,885.21",15 October 2025,3677
INV249328,Parking technology services,Reino International Pty. Ltd. T/A Duncan Solutions,0.1m,29/01/22,3623
INV249329,Street cleaning,spotless facility services pty ltd,0.2m,05-Sep-2027,3669
INV249330,Building maintenance services,Programmed Facility Management Pty. Ltd.,"$99,846.66",25/03/27,3630
INV249331,Open spaces management - region 2,SnRCO,19477.78,27-Jun-2026,3677
INV249332,Open spaces management - region 1,Citywide Service Solutions Pty Ltd (AU),97932.5 AUD,04-Nov-2029, 
INV249333,Vehicle tow away and impound services,Nationwide  Towing  Services,"$127,414.33",15/10/2029,3585
INV249334,Graffiti management and pressure cleaning services,Calcorp,212472.2,29/11/22,3668
INV249335,Parking technology services,Reino  International  Pty  Ltd  T/A  Duncan  Solutions,246529.75 AUD,31/05/2025,3623
INV249336,Parking technology services,Reino Intl Pty Ltd T/A Duncan Solutions,161195.64,21-Aug-2025,3623
INV249337,Open spaces management - region 2,SERCO,196811.37,13 October 2026,3677
INV249338,Integrated security services,National Protective Services Pty Ltd (AU),23590.02,2026-01-31,3686
INV249339,Building maintenance services,Programmed Facility Management Pty Ltd,211240.98 AUD,14 December 2025,3630
INV249340,Civil infrastructure services,Citywide Service Sslutions Pty Ltd,0.0m,27/10/11, 
INV249341,Management of Active Melbourne recreation facilities,victorian ymca community programming pty ltd,"$164,841.33",24/03/2029,3615
INV249342,Melbourne Town Hall venue management,NATIONAL PROTECTIVE SERVICES PTY LTD,218124.88 AUD,2025-02-26,3686
INV249343,Parking technology services,reino international pty ltd t/a duncan solutions,"$217,985.03",07/06/2029,3623
INV249344,Civil infrastructure services,Citywide Service Solutions Pty. Ltd.,147894.96,11-Jul-2029,3665
INV249345,Parking technology services,Reino International Pty Ltd T/A Duncan Solutions,207600.97 AUD,30/08/2029,3623
INV249346,Waste management services,Cleanaway Waste management Limited,135515.99,14/06/2025,3556
INV249347,Graffiti management and pressure cleaning services,Calcorp Serv,"$55,145.44",26/04/10,3668
INV249348,Integrated security services,national protective services pty ltd,97418.78,25/06/26,3686
INV249349,Street cleaning,Spotless Facility Services Pty Ltd,0.1m,21/10/2029,3669
INV249350,Melbourne Town Hall venue management,ohowtime Event Group Pty Ltd,53800.75,2029-12-17,3670
INV249351,Street cleaning,Spotless Facility,156482.11,08-Oct-2027,3669
INV249352,Civil infrastructure services,Citywide  Service  Solutions  Pty  Ltd,0.0m,10/10/2029,3665
INV249353,Graffiti management and pressure cleaning services,Calcorp Services Pty Ltd,0.2m,11 March 2027,3668
INV249354,Vehicle tow away and impound services,Nationwide Towing Services,163474.5,2025-03-09,3585
INV249355,Integrated security services,National Protective Services PtytLtd,130833.67,2029-09-22,3686
INV249356,Management of Active Melbourne recreation facilities,VictorianYMCACommunityProgrammingPtyLtd,51298.63,18/09/2026,3615
INV249357,Waste management services,Cleanaway Waste M,35895.82 AUD,16/03/2029,3556
INV249358,Open spaces management - region 2,Serco,0.1m,2029-05-29,3677
INV249359,Graffiti management and pressure cleaning services,citywide service solutions pty ltd,0.1m,30-Sep-2027,3678
INV249360,Integrated security services,Nafional Protective Services Pty Ltd,0.1m,25/05/30,3686
INV249361,Civil infrastructure services,Citywide Service Solutions Pty Ltd (AUS),"$189,184.71",21/06/2029,3665
INV249362,Building maintenance services,programmed facility management pty ltd,0.2m,30 June 2025,3630
INV249363,Waste management services,Cleanaway Waste Management Limited,224421.27 AUD,14-Oct-2025,3556
INV249364,Open spaces management - region 2,SERCO (AUS),6199.74 AUD,03 October 2029,3677
INV249365,Parking technology services,Reino International Pty Ltd T/A Duncan Solutions,0.2m,29/12/15,3623
INV249366,Parking technology services,REINO INTERNATIONAL PTY LTD T/A DUNCAN SOLUTIONS,114892.17,14/06/2026,3623
INV249367,Waste management services,Cleanaway Waste Management Limited (AUS),74067.32,29-Aug-2027,3556
INV249368,Building cleaning services,Menzies International (Aust) Pty Ltd,69837.72 AUD,24 April 2026,3634
INV249369,Building cleaning services,Menzies International (Aust) Pty Lhd,"$205,108.25",12/12/2025,3634
INV249370,Open spaces management - region 1,Citywide,16986.24,27/04/12,3676
INV249371,Open spaces management - region 1,Citywide Service Solutions Pty Ltd (AUS),231477.34 AUD,03/12/2027,3676
INV249372,Open spaces management - region 2,SERCO,246189.03 AUD,26/01/05,3677
INV249373,Waste management services,Cleanaway Waste Management Limited,136061.17,04/06/2028,3556
INV249374,Integrated security services,Citywide Service Solutaons Pty Ltd,"$165,561.74",08-May-2029,3665
INV249375,Management of Active Melbourne recreation facilities,Victorian YMCA Communi,94437.14,05/12/2025,3615
INV249376,Tree management maintenance services,CitywideServiceSolutionsPtyLtd,131387.36,17/08/2027,3678
INV249377,Civil infrastructure services,Citywide Service Solutions Pty Ltd (AUS),89985.32,2025-07-12,3665
INV249378,Street cleaning,Notionwide Towing Services,218987.63 AUD,27-Apr-2027,3585
INV249379,Civil infrastructure services,Citywide,0.1m,23/11/2025,3665
INV249380,Building maintenance services,Programmed  Facility  Management  Pty  Ltd,203615.09 AUD,2028-09-18,3630
INV249381,Management of Active Melbourne recreation facilities,Victorian YMCA Community Programmiig Pty Ltd,"$151,829.65",2028-03-09,3615
INV249382,Graffiti management and pressure cleaning services,Calcorp Services Pty. Ltd.,175014.33,18/04/2025,3668
INV249383,Building maintenance services,Programmed Facility,0.2m,2026-01-21,3630
INV249384,Open spaces management - region 1,Citywide Service Solutions gty Ltd,"$110,092.71",2028-08-18,3676
INV249385,Civil infrastructure services,Citywide Service Solutions Pty. Ltd.,"$122,237.93",2026-12-18,3665
INV249386,Waste management services,Cleanaway Waste Management Limited (AUS),0.2m,25/03/2029,3556
INV249387,Vehicle tow away and impound services,Nationwide  Towing  Services,233573.66 AUD,03/03/2026,3585
INV249388,Building maintenance services,Programmed Facility Management Pty Ltd,0.1m,27/12/2028,3630
INV249389,Integrated security services,National  Protective  Services  Pty  Ltd,0.2m,07 October 2028,3686
INV249390,Building maintenance services,Programmed Facility Management Pty Ltd,"$13,123.48",2026-11-09,3630
INV249391,Civil infrastructure services,CITYWIDE SERVICE SOLUTIONS PTY LTD,227531.63,21 July 2028,3665
INV249392,Graffiti management and pressure cleaning services,Calcorp Services Pty Ltd (AU),"$128,453.0",16 July 2025,3668
INV249393,Integrated security services,National Protective Services P/L,110469.78,04-Jun-2028,3686
INV249394,Open spaces management - region 1,SPOTLESS FACILITY SERVICES PTY LTD,145533.92,28/11/2027,3669
INV249395,Civil infrastructure services,Citywide Syrvice Solutions Pty Ltd,196658.96 AUD,25/07/01,3665
INV249396,Integrated security services,National Protective Services Pty Ltd,211980.78,29/03/01,3686
INV249397,Building maintenance services,Programmed Facility Management Pty Ltd,0.0m,23 October 2025,3630
INV249398,Parking technology services,Reino International Pty ,185105.15 AUD,15/06/2029,3623
INV249399,Integrated security services,NationalProtectiveServicesPtyLtd,160015.65 AUD,14 October 2028,3686
INV249400,Building maintenance services,ProgrammedFacilityManagementPtyLtd,163287.85 AUD,21-Nov-2029,3630
INV249401,Open spaces management - region 1,Citywide Service Solutions P/L,34159.73,2027-08-28,3676
INV249402,Graffiti management and pressure cleaning services,Calcorp Services Pty Ltd (AUS),63377.55 AUD,2025-04-04,3668
INV249403,Waste management services,Cleanaway,0.2m,08 May 2026,3556
INV249404,Open spaces management - region 1,citywide service solutions pty ltd,48120.55 AUD,07-Nov-2029,3676
INV249405,Graffiti management and pressure cleaning services,Calcorp,4139.35 AUD,28/10/2028,3668
INV249406,Building maintenance services,Programmed Facility Mgmt Pty Ltd,178137.66 AUD,29 August 2025, 
INV249407,Integrated security services,NationalProtectiveServicesPtyLtd,"$22,550.87",2029-01-17,3686
INV249408,Integrated security services,national protective services pty ltd,58588.83,26/11/23,3686
INV249409,Tree management maintenance services,Citywide,10520.28 AUD,2027-05-16,3678
INV249410,Street cleaning,SPOTLESS FACILITY SERVICES PTY LTD,120239.39,17/02/2025, 
INV249411,Tree management maintenance services,Citywide Service Solutions Pty Ltd (AUS),161736.1,2027-09-08,3678
INV249412,Vehicle tow away and impound services,Nationwide Towing Services (AU),191940.2,2028-07-14,3585
INV249413,Parking technology services,Reino International Pty Ltd T/A Duncan Solutions (AU),206349.83,2029-12-10,3623
INV249414,Open spaces management - region 2,SERCO,"$7,664.33",09-Jun-2025,3677
INV249415,Graffiti management and pressure cleaning services,CalcorpServicesPtyLtd,"$9,031.52",14 June 2027,3668
INV249416,Vehicle tow away and impound services,nationwide towing services,"$135,588.34",11/01/2026,3585
INV249417,Open spaces management - region 1,CitywideServiceSolutionsPtyLtd,71894.29 AUD,28/02/2026,3676
INV249418,Management of Active Melbourne recreation facilities,VICTORIAN YMCA COMMUNITY PROGRAMMING PTY LTD,142408.17,30-Jun-2028,3615
INV249419,Waste management services,Citywide Service Solutions Pty Ltd,"$167,618.16",12 February 2026,3678
INV249420,Parking technology services,Reino International Pty Ltd T/A Duncan Solutions,219068.39,2029-10-18,3623
INV249421,Melbourne Town Hall venue management,Showtime Event Group Pty Ltd,37218.02,10 May 2026, 
INV249422,Vehicle tow away and impound services,Nationwide Towing Services (AUS),0.1m,28/10/09,3585
INV249423,Civil infrastructure services,Citywide Service Solutions Pty. Ltd.,136142.03,21 February 2028,3665
INV249424,Melbourne Town Hall venue management,Showtime Event Group Pty Ltd (AU),83720.03 AUD,2029-09-10,3670
INV249425,Street cleaning,Spotless Facility,98128.26,24/10/2028,3669
INV249426,Building maintenance services,PROGRAMMED FACILITY MANAGEMENT PTY LTD,109246.11 AUD,01/11/2028,3630
INV249427,Open spaces management - region 2,SERCO,184190.6,2025-06-17,3677
INV249428,Building maintenance services,Programmed Facility Management Pty Ltd (AU),245566.15,26-Sep-2027, 
INV249429,Open spaces management - region 2,National Protective Services Pty. Ltd.,200328.25,03/02/2028,3686
INV249430,Melbourne Town Hall venue management,Showtime Event,145464.58,29/08/22,3670
INV249431,Tree management maintenance services,Citywide Service Solutions P/L,0.2m,02/01/2027,3678
INV249432,Open spaces management - region 1,Citywide Service Solutions Pty Ltd (AUS),"$219,658.18",05 July 2029,3676
INV249433,Open spaces management - region 2,Serco,192593.05,07-Sep-2025,3677
INV249434,Integrated security services,National Protective Services Pty Ltd,"$94,407.65",02-Dec-2028,3686
INV249435,Integrated security services,national protective services pty ltd,216062.54 AUD,04-Mar-2028,3686
INV249436,Graffiti management and pressure cleaning services,Calcorp Services P/L,"$40,220.44",2027-02-18,3668
INV249437,Melbourne Town Hall venue management,Showtime Event Group Pty Ltd (AU),0.1m,2028-10-17,3670
INV249438,Tree management maintenance services,Citywide Service Solutions Pty Ltd,5228.27,30 November 2025,3678
INV249439,Open spaces management - region 1,CitywideServiceSolutionsPtyLtd,185321.0,26/01/18,3676
INV249440,Open spaces management - region 2,SERCO,231102.52 AUD,28/03/19,3677
INV249441,Integrated security services,National,11103.5,12-Aug-2026,3686
INV249442,Open spaces management - region 1,CITYWIDE SERVICE SOLUTIONS PTY LTD,10558.76,26/04/02,3676
INV249443,Graffiti management and pressure cleaning services,CALCORP SERVICES PTY LTD,"$144,058.59",27/08/21,3668
INV249444,Civil infrastructure services,Citywide Service Solutionb Pty Ltd,0.1m,28/07/08,3665
INV249445,Vehicle tow away and impound services,Nationwide Towing Services,"$110,176.17",28/09/14,3585
INV249446,Street cleaning,Spotless Facility Services P/L,51395.88 AUD,18/04/2026,3669
INV249447,Open spaces management - region 1,Citywide Service Solutions Pty Ltd (AUS),13006.34,15 November 2025,3676
INV249448,Building maintenance services,Programmed Facility Mgmt Pty Ltd,173246.22,10/12/2029,3630
INV249449,Vehicle tow away and impound services,Nationwide Towing Services,36245.37 AUD,02 February 2026,3585
INV249450,Building maintenance services,Programmed Facylity Management Pty Ltd,211684.48,06 January 2029,3630
INV249451,Civil infrastructure services,Citywide,26012.28 AUD,27/09/05,3665
INV249452,Street cleaning,SpotlessFacilityServicesPtyLtd,"$148,799.17",06 January 2026,3669
INV249453,Building cleaning services,Menzies International (Aust) Pty Ltd,188536.87,2027-01-26,3634
INV249454,Civil infrastructure services,Citywiqe Service Solutions Pty Ltd,0.0m,08 September 2029,3665
INV249455,Civil infrastructure services,CITYWIDE SERVICE SOLUTIONS PTY LTD,"$142,044.75",2029-12-11,3665
INV249456,Open spaces management - region 2,Showtime Event,0.2m,2027-04-05,3670
INV249457,Street cleaning,SPOTLESS FACILITY SERVICES PTY LTD,154398.79,2025-07-02,3669
INV249458,Integrated security services,National Protective Services P/L,0.0m,09 October 2027,3686
INV249459,Vehicle tow away and impound services,Natioywide Towing Services,136762.15 AUD,24/09/2028,3585
INV249460,Building maintenance services,Programmed Facility Management P/L,"$194,513.51",18/09/2026,3630
INV249461,Building maintenance services,Programmed Facility Management Pty Ltd,"$219,632.28",2028-07-12,3630
INV249462,Melbourne Town Hall venue management,Showtime Event Group Pty Ltd,128704.87 AUD,2027-07-16,3670
INV249463,Building maintenance services,programmed facility management pty ltd,0.0m,23 February 2027,3630
INV249464,Melbourne Town Hall venue management,Showtime Event Group Pty Ltd (AU),59904.16,14/12/2027,3670
INV249465,Graffiti management and pressure cleaning services,CALCORP SERVICES PTY LTD,99036.19,04-May-2029,3668
INV249466,Management of Active Melbourne recreation facilities,Victorian YMCA Community Programming P/L,210028.15 AUD,2029-05-11,3615
INV249467,Integrated security services,National Protective Services Pty Ltd (AUS),"$183,205.56",15 May 2027,3686
INV249468,Vehicle tow away and impound services,Nationwide To,164970.25,28/05/20,3585
INV249469,Tree management maintenance services,CitywideServiceSolutionsPtyLtd,69818.05,10/07/2028,3678
INV249470,Management of Active Melbourne recreation facilities,VICTORIAN YMCA COMMUNITY PROGRAMMING PTY LTD,156012.84 AUD,19/06/2027,3615
INV249471,Vehicle tow away and impound services,Nationwide Towing Services,0.0m,19/05/2028,3585
INV249472,Open spaces management - region 1,Citywide Service Solutions P/L,,,3676
INV249473,Waste management services,Cleanaway,13542.26,24/05/2027,3556
INV249474,Building maintenance services,programmed facility management pty ltd,"$15,846.83",06/02/2026,3630
INV249475,Civil infrastructure services,citywide service solutions pty ltd,153546.5,29/10/15,3665
INV249476,Integrated security services,NATIONAL PROTECTIVE SERVICES PTY LTD,77983.09 AUD,2028-05-21,3686
INV249477,Parking technology services,Reino International Pty Ltd T/A Duncan Solutions (AUS),55829.93,03/06/2029,3623
INV249478,Management of Active Melbourne recreation facilities,Victorian  YMCA  Community  Programming  Pty  Ltd,118285.26,2029-11-15,3615
INV249479,Tree management maintenance services,Menzies Internatio,"$95,392.36",13/02/2025,3634
INV249480,Tree management maintenance services,Citywide Service Solutions Pty ttd,0.2m,04-Jun-2027,3678
INV249481,Management of Active Melbourne recreation facilities,Victorian YMCA Communi,"$191,935.05",02-Aug-2025,3615
INV249482,Open spaces management - region 2,serco,0.2m,16/05/2027,3677
INV249483,Open spaces management - region 1,CITYWIDE SERVICE SOLUTIONS PTY LTD,"$150,990.86",14-Jul-2028,3676
INV249484,Melbourne Town Hall venue management,Showtime Event Group Pty Ltd,115400.76,2026-03-29,3670
INV249485,Vehicle tow away and impound services,Nationwide Towing Services,106668.86,02/03/2028, 
INV249486,Vehicle tow away and impound services,Nationwide,231536.8 AUD,10 June 2025,3585
INV249487,Building maintenance services,Programmed Facility Management Pty. Ltd.,0.1m,16-Jun-2025,3630
INV249488,Melbourne Town Hall venue management,SHOWTIME EVENT GROUP PTY LTD,149435.59,26/03/2026,3670
INV249489,Open spaces management - region 1,CitywideServiceSolutionsPtyLtd,189952.43,25/09/26,3676
INV249490,Waste management services,CLEANAWAY WASTE MANAGEMENT LIMITED,248762.24,06-Jan-2029,3556
INV249491,Graffiti management and pressure cleaning services,Calcorp Services Pty Ltd (AUS),"$245,305.93",09 May 2025, 
INV249492,Vehicle tow away and impound services,Nationwide Towing Services,"$164,946.39",11/10/2027,3585
INV249493,Open spaces management - region 2,SERCO,0.2m,02-May-2029,3677
INV249494,Management of Active Melbourne recreation facilities,Victorian YMCA Communi,25520.65,30/03/2028,3615
INV249495,Waste management services,Cleanaway Waste Management Limited (AUS),0.2m,20/08/2026,3556
INV249496,Melbourne Town Hall venue management,Showtime Event Group Pty Ltd (AUS),196330.11,21 May 2026,3670
INV249497,Integrated security services,National  Protective  Services  Pty  Ltd,"$17,050.48",26/12/15,3686
INV249498,Melbourne Town Hall venue management,Showtime Event Group Pty. Ltd.,22786.25,20/07/2028,3670
INV249499,Integrated security services,national protective services pty ltd,"$62,308.88",2029-06-20,3686
INV249500,Melbourne Town Hall venue management,Showtime Event Group Pty Ltd (AU),178241.91,2027-01-20,3670
INV249501,Vehicle tow away and impound services,NationwideTowingServices,229666.73 AUD,28/07/2025,3585
INV249502,Graffiti management and pressure cleaning services,Calcorp Services Pty Ltd,240592.38 AUD,25/08/15, 
INV249503,Street cleaning,Spotless Facility Services Pty Ltd,84545.29,15/12/2025,3669
INV249504,Building cleaning services,MENZIES INTERNATIONAL (AUST) PTY LTD,0.1m,30-May-2026,3634
INV249505,Management of Active Melbourne recreation facilities,Victorian YMCA Community Programming Pty Ltd,50707.67,10-Jun-2026,3615
INV249506,Integrated security services,NATIONAL PROTECTIVE SERVICES PTY LTD,113600.8,29/01/15,3686
INV249507,Vehicle tow away and impound services,Nationwide To,88225.65,04-Aug-2029,3585
INV249508,Street cleaning,Spotless Facility Services Pty Ltd,152088.49,2027-10-15,3669
INV249509,Management of Active Melbourne recreation facilities,VICTORIAN YMCA COMMUNITY PROGRAMMING PTY LTD,0.2m,14 January 2029, 
INV249510,Waste management services,Cleanaway Waste Management Limited (AU),0.1m,13 May 2029,3556
INV249511,Waste management services,Cleanaway gaste Management Limited,0.2m,27-Jan-2028,3556
INV249512,Melbourne Town Hall venue management,Showtime Event,175653.24,07 September 2028,3670
INV249513,Open spaces management - region 1,Citywibe Service Solutions Pty Ltd,66327.84,14 September 2029,3676
INV249514,Parking technology services,Reino International Pty Ltd T/A Duncan Solutions (AU),"$128,224.61",09/08/2029,3623
INV249515,Civil infrastructure services,CitywideServiceSolutionsPtyLtd,245208.8,29/05/24,3665
INV249516,Parking technology services,Reino International Pty Ltd T/A Duncan Solutions (AUS),164373.94,07-Apr-2028,3623
INV249517,Graffiti management and pressure cleaning services,Calcorp,4568.72,22/08/2029,3668
INV249518,Open spaces management - region 2,Calcorp Services Pty. Ltd.,95295.65,28/03/09,3668
INV249519,Open spaces management - region 2,SERCO,7640.93,13/05/2027,3677
INV249520,Vehicle tow away and impound services,Nationwide Towing Services,0.2m,01/02/2026,3585
INV249521,Building cleaning services,Menzies International (Aust) Pty Ltd,183622.83 AUD,2027-11-09,3634
INV249522,Tree management maintenance services,Citywide Service Solutions Pty Ltd,187382.85,28 June 2028,3678
INV249523,Integrated security services,National Protective Services Pty Ltd (AUS),4493.98,06/05/2028, 
INV249524,Integrated security services,National Protectiv,161866.7 AUD,15/09/2029,3686
INV249525,Tree management maintenance services,Citywide Service Solutions Pty Ltd,215898.28,17-Mar-2026,3678
INV249526,Open spaces management - region 2,serco,45827.1,14/02/2025,3677
INV249527,Vehicle tow away and impound services,NATIONWIDE TOWING SERVICES,"$108,131.72",27-Aug-2028,3585
INV249528,Vehicle tow away and impound services,NationwideTowingServices,215842.94,01/01/2029,3585
INV249529,Vehicle tow away and impound services,Nationwide Towing Services,77255.56 AUD,03/12/2025,3585
INV249530,Graffiti management and pressure cleaning services,Calcorp Serv,222273.91 AUD,04 June 2028,3668
INV249531,Tree management maintenance services,Citywide,96734.85,24/04/2025,3678
INV249532,Building maintenance services,Programmed Facility Management Pty Ltd,0.1m,07/03/2027,3630
INV249533,Vehicle tow away and impound services,Nationwide Towing Services (AUS),0.2m,29/03/18,3585
INV249534,Tree management maintenance services,Citywide Service Solutions Pty Ltd (AUS),243864.6,2029-06-22,3678
INV249535,Graffiti management and pressure cleaning services,Calcorp  Services  Pty  Ltd,66433.46,18-Mar-2025,3668
INV249536,Vehicle tow away and impound services,Nationwide Towing Services,"$78,215.38",25/02/09,3585
INV249537,Civil infrastructure services,CitywideqService Solutions Pty Ltd,3009.91 AUD,14-Aug-2025,3665
INV249538,Melbourne Town Hall venue management,CITYWIDE SERVICE SOLUTIONS PTY LTD,200592.64,21/07/2026,3665
INV249539,Open spaces management - region 1,Citywide Service Solutions Pty Ltd,198407.58,30 September 2027,3676
INV249540,Vehicle tow away and impound services,NationwideTowingServices,"$193,495.6",22-Jun-2029,3585
INV249541,Street cleaning,SPOTLESS FACILITY SERVICES PTY LTD,"$40,901.89",05 June 2028,3669
INV249542,Melbourne Town Hall venue management,ShowtimeEventGroupPtyLtd,708.93 AUD,11 January 2027,3670
INV249543,Tree management maintenance services,Citywide Service ,0.2m,25-Jun-2025,3678
INV249544,Graffiti management and pressure cleaning services,CALCORP SERVICES PTY LTD,195063.11,22-Aug-2029, 
INV249545,Open spaces management - region 1,Citywide Service Solutions Pty Ltd (AUS),239667.61 AUD,20/12/2026,3676
INV249546,Street cleaning,Spotless Facility Services Pty. Ltd.,165595.74,06/11/2026,3669
INV249547,Civil infrastructure services,Citywide Service Solutions Pty Ltd (AUS),135413.8 AUD,15/05/2026,3665
INV249548,Parking technology services,Reino  International  Pty  Ltd  T/A  Duncan  Solutions,"$150,278.77",2027-06-07,3623
INV249549,Parking technology services,Reino International Pty Ltd T/A Duncan Solutions (AU),248979.18,2027-04-17,3623
INV249550,Building cleaning services,Menzies Internatio,129407.41,07-May-2029,3634
INV249551,Tree management maintenance services,Citywide,33543.28,08/03/2025, 
INV249552,Tree management maintenance services,citywide service solutions pty ltd,44511.14 AUD,2027-01-05,3678
INV249553,Open spaces management - region 1,CitywideServiceSolutionsPtyLtd,68447.56,27/07/25,3676
INV249554,Tree management maintenance services,Citywide Service Solutions P/L,176006.06,15/01/2029,3678
INV249555,Integrated security services,Nationwide Towing Services (AU),41614.78,15 February 2028, 
INV249556,Parking technology services,Programmed Facility Management P/L,0.2m,28/07/26,3630
INV249557,Waste management services,Cleanaway Waste Management Limited (AUS),225950.8 AUD,25/06/12,3556
INV249558,Integrated security services,National Protective Services Pty Ltd,82980.74,29/11/2027,3686
INV249559,Graffiti management and pressure cleaning services,Calcorp,181835.77,27/01/31,3668
INV249560,Management of Active Melbourne recreation facilities,Victorian YMCA Community Programming Pty Ltd,,08-Jun-2025,3615
INV249561,Building cleaning services,Menzies International (Aust) Pty Ltd,176488.4,28/05/2029,3634
INV249562,Open spaces management - region 2,Serco,0.1m,11 February 2028,3677
INV249563,Open spaces management - region 1,Citywide Service Solutions Pty Ltd,0.2m,28 July 2026,3676
INV249564,Open spaces management - region 1,CITYWIDE SERVICE SOLUTIONS PTY LTD,190049.76,2028-02-04,3676
INV249565,Waste management services,cleanaway waste management limited,11732.09,,3556
INV249566,Melbourne Town Hall venue management,Showtime  Event  Group  Pty  Ltd,61358.15,29/05/05,3670
INV249567,Integrated security services,National Protective Services Pty Ltd,58416.53 AUD,29/09/09,3686
INV249568,Melbourne Town Hall venue management,Showtime Event Group Pty. Ltd.,0.1m,26/10/2028,3670
INV249569,Building maintenance services,Programmed Facility Management Pty Ltd,0.0m,07-Feb-2025,3630
INV249570,Melbourne Town Hall venue management,Showtime Event Group Pty Ltd (AU),0.1m,25/02/03,3670
INV249571,Civil infrastructure services,Citywide,0.1m,08-Jan-2029,3665
INV249572,Management of Active Melbourne recreation facilities,Victorian,0.2m,2026-06-09,3615
INV249573,Parking technology services,Reino International Pty Ltd T/A Duncan Solutions (AUS),198496.22,27-Mar-2026,3623
INV249574,Parking technology services,Reino Intl Pty Ltd T/A Duncan Solutions,"$201,585.14",2025-08-10,3623
INV249575,Open spaces management - region 2,SERCO,222182.6 AUD,11 June 2025,3677
INV249576,Management of Active Melbourne recreation facilities,Victorian YMCA Community Programming Pty Ltd (AU),53699.87 AUD,07/06/2029, 
INV249577,Integrated security services,SHOWTIME EVENT GROUP PTY LTD,"$146,669.98",29/01/04, 
INV249578,Open spaces management - region 1,Citywide Service Solutions Pty Ltd (AUS),33519.29 AUD,27/12/24,3676
INV249579,Tree management maintenance services,CitywideServiceSolutionsPtyLtd,88087.9 AUD,18/05/2029,3678
INV249580,Tree management maintenance services,Citywide  Service  Solutions  Pty  Ltd,224365.54 AUD,2027-04-02,3678
INV249581,Civil infrastructure services,citywide service solutions pty ltd,99069.93,13/06/2029,3665
INV249582,Management of Active Melbourne recreation facilities,Victorian  YMCA  Community  Programming  Pty  Ltd,31568.21 AUD,09-May-2029,3615
INV249583,Vehicle tow away and impound services,Nationwide Tlwing Services,0.1m,10/10/2027,3585
INV249584,Street cleaning,Spotless Facility Services P/L,242498.92,14-Oct-2025,3669
INV249585,Waste management services,Cleanaway Wastr Management Limited,10310.38,03/11/2027,3556
INV249586,Open spaces management - region 1,Citywide Service Solutions Pty Ltd,102248.83,18-Aug-2025, 
INV249587,Graffiti management and pressure cleaning services,Calcorp Services Pty Ltd,81069.2,2028-06-26,3668
INV249588,Street cleaning,SpotlessFacilityServicesPtyLtd,47100.15,2025-12-30,3669
INV249589,Management of Active Melbourne recreation facilities,Victorian YMCA Communi,20449.5,28 March 2028,3615
INV249590,Open spaces management - region 2,SERCO (AUS),"$30,558.32",24 April 2026,3677
INV249591,Vehicle tow away and impound services,Nationwide Towing Services (AU),"$217,240.72",04 July 2027,3585
INV249592,Management of Active Melbourne recreation facilities,VICTORIAN YMCA COMMUNITY PROGRAMMING PTY LTD,"$172,638.86",14 December 2029,3615
INV249593,Civil infrastructure services,Citywide Service Solutions uty Ltd,"$128,555.48",2029-10-21,3665
INV249594,Building cleaning services,Menzies International (Aust) P/L,193191.78 AUD,17/07/2028,3634
INV249595,Parking technology services,Reino International Pty Ltd T/A Duncan Solutions (AU),"$8,008.65",2028-01-02,3623
INV249596,Open spaces management - region 1,Citywide Service Solutions Pty Ltd,"$94,554.87",29/02/11,3676
INV249597,Waste management services,Cleanaway Waste M,86697.84,10-Jan-2028,3556
INV249598,Parking technology services,Reino International Pty Ltd T/A Duncan Solutions (AU),"$203,606.24",13/03/2026, 
INV249599,Vehicle tow away and impound services,Nationwide Towing Services (AUS),177946.41,04 June 2029,3585
INV249600,Waste management services,CleanawayWasteManagementLimited,87012.12 AUD,11/10/2029,3556
INV249601,Parking technology services,ReinoInternationalPtyLtdT/ADuncanSolutions,116219.13,12-Jan-2026,3623
INV249602,Vehicle tow away and impound services,Nationwide Tywing Services,0.2m,27/07/08,3585
INV249603,Civil infrastructure services,CitywideServiceSolutionsPtyLtd,"$159,693.63",11/07/2027,3665
INV249604,Building maintenance services,Programmed,151506.47,26/11/2026,3630
INV249605,Open spaces management - region 1,CitywideServiceSolutionsPtyLtd,164815.21,25 February 2028,3676
INV249606,Open spaces management - region 1,Citywide Service Solutions Pty Ltd (AUS),0.0m,28/06/30,3676
INV249607,Graffiti management and pressure cleaning services,Calcorp Services P/L,0.1m,03 August 2027,3668
INV249608,Building maintenance services,Programmed Facility Management P/L,14142.45,18/09/2025,3630
INV249609,Vehicle tow away and impound services,Nationwide Towing Services,31357.55,14-Sep-2028,3585
INV249610,Open spaces management - region 1,Citywide Service Solutions Pty Ltd (AU),104194.31 AUD,14/06/2028,3676
INV249611,Waste management services,Cleanaway Waste Management LTD,"$105,726.94",20-Sep-2028,3556
INV249612,Integrated security services,National Protectiv,"$178,009.33",,3686
INV249613,Parking technology services,Reino International Pty. Ltd. T/A Duncan Solutions,177351.66,25/01/26,3623
INV249614,Open spaces management - region 1,Citywide Service Solutions Pty Ltd,165876.59,08-Dec-2026,3676
INV249615,Open spaces management - region 1,Citywide Service Solutions Pty Ltd,186380.01,07-Mar-2026,3676
INV249616,Melbourne Town Hall venue management,Showtime Event Group P/L,158614.72 AUD,21 December 2029,3670
INV249617,Open spaces management - region 1,Citywide Service Solutions Pty Ltd (AU),163516.22,2027-11-20,3676
INV249618,Management of Active Melbourne recreation facilities,Victorian YMCA Community Programming Pty Ltd (AU),68000.7,21/03/2026,3615
INV249619,Tree management maintenance services,Citywide,61377.81 AUD,22-Jan-2029,3678
INV249620,Building maintenance services,Programmed Facility Management Pty Ltd (AUS),0.2m,2025-06-26,3630
INV249621,Open spaces management - region 2,SERCO (AUS),0.1m,06 September 2026,3677
INV249622,Graffiti management and pressure cleaning services,Calcorp Serv,0.1m,25/07/17,3668
INV249623,Open spaces management - region 1,Citywide Service Solutions Pty Ltd (AUS),"$236,201.17",05/10/2026,3676
INV249624,Open spaces management - region 1,Citywide,0.2m,06/08/2025,3676
INV249625,Parking technology services,Reino International Pty Ltd T/A Duncan Solutions,224309.18 AUD,17 June 2028,3623
INV249626,Melbourne Town Hall venue management,Showtime Event Group Pty Ltd (AU),0.2m,30/08/2027,3670
INV249627,Tree management maintenance services,Citywide Service Solutions Pty Ltd,152971.89 AUD,19 June 2027,3678
INV249628,Tree management maintenance services,Citywide Service Solutions Pty. Ltd.,0.2m,10 February 2029, 
INV249629,Graffiti management and pressure cleaning services,Calcorp Services Pty Ltd,237755.71 AUD,27/12/05,3668
INV249630,Parking technology services,ReinoInternationalPtyLtdT/ADuncanSolutions,30273.46,05-Feb-2025,3623
INV249631,Building cleaning services,Menzies Int’l (Aust) Pty Ltd,46137.59 AUD,19-Mar-2028,3634
INV249632,Melbourne Town Hall venue management,Showtime Event Group Pty Ltd,233035.18,01 May 2028,3670
INV249633,Building cleaning services,Menzies International (Aust) Pty Ltd,67588.13 AUD,05/09/2029,3634
INV249634,Waste management services,Cleanaway,187822.97,28/03/09,3556
INV249635,Graffiti management and pressure cleaning services,Calcorp  Services  Pty  Ltd,24174.51,15/05/2029,3668
INV249636,Parking technology services,reino international pty ltd t/a duncan solutions,79678.22,17/03/2028,3623
INV249637,Graffiti management and pressure cleaning services,CALCORP SERVICES PTY LTD,18728.53,30 November 2027,3668
INV249638,Waste management services,cleanaway waste management limited,142288.54,2029-01-25,3556
INV249639,Building maintenance services,Programmed Facility Management Pty Ltd (AUS),78755.94,2028-10-03,3630
INV249640,Building maintenance services,Citywide,201860.58 AUD,04/05/2027,3665
INV249641,Graffiti management and pressure cleaning services,Calcorp,"$174,359.59",03 October 2025,3668
INV249642,Vehicle tow away and impound services,Nationwide Towing Services,218978.73 AUD,18/04/2026,3585
INV249643,Building cleaning services,Menzies Intl (Aust) Pty Ltd,20387.01,21-May-2027,3634
INV249644,Tree management maintenance services,Citywide Service Solutions Pty Ltd,236164.79,26/05/2029,3678
INV249645,Building cleaning services,MenziesInternational(Aust)PtyLtd,176379.55,14/06/2026,3634
INV249646,Management of Active Melbourne recreation facilities,Victorian  YMCA  Community  Programming  Pty  Ltd,122981.11 AUD,28/01/10,3615
INV249647,Parking technology services,Reino  International  Pty  Ltd  T/A  Duncan  Solutions,"$130,576.15",12/10/2026,3623
INV249648,Vehicle tow away and impound services,Nationwidf Towing Services,191132.97,26/07/15,3585
INV249649,Civil infrastructure services,Citywide Service Solutions Pty Ltd,0.2m,29 September 2026,3665
INV249650,Vehicle tow away and impound services,Nationwide Towing Services (AU),0.2m,2028-01-14,3585
INV249651,Tree management maintenance services,CITYWIDE SERVICE SOLUTIONS PTY LTD,"$59,713.29",26/02/01,3678
INV249652,Integrated security services,National Protective Services Pty Ltd,"$61,808.64",25/11/2028,3686
INV249653,Civil infrastructure services,Citywide Service Solutions Pty Ltd (AUS),11337.81 AUD,18/07/2028,3678
INV249654,Management of Active Melbourne recreation facilities,VICTORIAN YMCA COMMUNITY PROGRAMMING PTY LTD,0.1m,2027-09-09,3615
INV249655,Street cleaning,Spotless Facility Services Pty Ltd,58202.92,12-Jul-2027,3669
INV249656,Building cleaning services,MenziesInternational(Aust)PtyLtd,136255.94 AUD,05/02/2027,3634
INV249657,Building cleaning services,Menzies International (Aust) Pty Ltd (AU),37058.17 AUD,26/01/23,3634
INV249658,Street cleaning,SpotlessFacilityServicesPtyLtd,"$65,715.31",25/09/2029,3669
INV249659,Vehicle tow away and impound services,NATIONWIDE TOWING SERVICES,228024.02,2029-01-23,3585
INV249660,Management of Active Melbourne recreation facilities,VictorianYMCACommunityProgrammingPtyLtd,,19 May 2025,3615
INV249661,Melbourne Town Hall venue management,SHOWTIME EVENT GROUP PTY LTD,0.2m,16/11/2029,3670
INV249662,Building maintenance services,Programmed  Facility  Management  Pty  Ltd,153015.99 AUD,06-Feb-2027,3630
INV249663,Waste management services,Cleanaway Waste Management LTD,0.1m,08/01/2026,3556
INV249664,Open spaces management - region 2,SERCO (AUS),188991.79,19-Aug-2025,3677
INV249665,Street cleaning,Spotless Facility Services Pty Ltd (AUS),"$126,763.36",09 October 2028,3669
INV249666,Graffiti management and pressure cleaning services,CALCORP SERVICES PTY LTD,112984.95 AUD,2028-09-20,3668
INV249667,Melbourne Town Hall venue management,ShowtimeEventGroupPtyLtd,227213.18 AUD,27/08/28,3670
INV249668,Civil infrastructure services,Citywide Service Solutions Pty Ltd (AU),0.0m,2027-09-02,3665
INV249669,Parking technology services,Reino International Pty Ltd T/A Duncan Solutions,150973.51,29/08/06,3623
INV249670,Street cleaning,Spotless Facility Services Pty Ltd,"$195,766.08",28-Sep-2027,3669
INV249671,Vehicle tow away and impound services,Nationwide,"$244,691.11",2026-08-05,3585
INV249672,Building maintenance services,Programmed,"$236,230.42",2029-11-27,3630
INV249673,Building cleaning services,MenziesInternational(Aust)PtyLtd,91379.73 AUD,2025-10-08,3634
INV249674,Vehicle tow away and impound services,Nationwide,36440.95,29/10/21,3585
INV249675,Open spaces management - region 1,Citywide Service Solutions Pty. Ltd.,130768.0,16-Jul-2025,3676
INV249676,Tree management maintenance services,Citywide Service ,0.0m,27/05/01,3678
INV249677,Building maintenance services,Programmed Facility Management Pty Ltd,"$239,574.56",27/08/15,3630
INV249678,Graffiti management and pressure cleaning services,Calcorp Services Pty Ltd (AUS),0.2m,2025-04-19,3668
INV249679,Building cleaning services,Menzies International (Aust) Pty Ltd (AU),"$155,078.66",07 April 2027,3634
INV249680,Civil infrastructure services,CitywideServiceSolutionsPtyLtd,68578.28,27-Apr-2026,3665
INV249681,Civil infrastructure services,Citywide Service ,"$171,241.41",15 January 2029,3665
INV249682,Melbourne Town Hall venue management,Showtime Event Group Pty Ltd,95059.55,31/08/2027,3670
INV249683,Waste management services,National Protective Services P/L,242770.76,16-Jan-2025,3686
INV249684,Building cleaning services,Menzies International (Aust) Pty Ltd,"$131,213.8",2027-10-28, 
INV249685,Street cleaning,Spotless Facility Services Pty Ltd (AU),"$62,719.47",29/10/20,3669
INV249686,Open spaces management - region 2,Showtime Event Group Pty Ltd,112789.08 AUD,12-Mar-2027,3670
INV249687,Melbourne Town Hall venue management,ShowtimeEventGroupPtyLtd,140920.21,23-Apr-2025,3670
INV249688,Management of Active Melbourne recreation facilities,Victorian YMCA Communi,99087.73 AUD,26/09/26,3615
INV249689,Open spaces management - region 1,Citywide Service Solutions Pty Ltd,0.2m,14/08/2027,3676
INV249690,Civil infrastructure services,Citywide Service ,0.1m,28/05/31,3665
INV249691,Graffiti management and pressure cleaning services,Calcorp Services Pty Ltd (AU),232203.17,27/06/15,3668
INV249692,Civil infrastructure services,CitywideServiceSolutionsPtyLtd,221400.41 AUD,08/09/2027,3665
INV249693,Parking technology services,Reino vnternational Pty Ltd T/A Duncan Solutions,122707.66 AUD,24 September 2029,3623
INV249694,Vehicle tow away and impound services,Nationwide Towing Services (AU),0.2m,23 December 2029,3585
INV249695,Vehicle tow away and impound services,nationwide towing services,91028.8 AUD,08 December 2026, 
INV249696,Tree management maintenance services,Citywide Service Solutions Pty Ltd (AUS),0.1m,09/07/2028,3678
INV249697,Street cleaning,Programmed  Facility  Management  Pty  Ltd,"$143,256.72",14-Apr-2026,3630
INV249698,Vehicle tow away and impound services,NATIONWIDE TOWING SERVICES,21897.35 AUD,06/05/2026,3585
INV249699,Waste management services,Cleanaway Waste Management Ltd,"$184,839.1",28/06/03, 
INV249700,Civil infrastructure services,citywide service solutions pty ltd,38454.12,06/12/2028,3665
INV249701,Open spaces management - region 1,Citywide,62168.05 AUD,07 November 2025,3676
INV249702,Building maintenance services,Programmed Facility Management Pty Ltd,"$103,614.53",31-Aug-2027,3630
INV249703,Building maintenance services,Programmed,44596.65,01 August 2026,3630
INV249704,Integrated security services,National,"$30,626.49",31-Jul-2029,3686
INV249705,Open spaces management - region 1,Cioywide Service Solutions Pty Ltd,0.0m,10/01/2026,3676
INV249706,Civil infrastructure services,Citywide Service Solutions Pty. Ltd.,195508.61,23/07/2028,3665
INV249707,Integrated security services,National Protective Services Pty Ltd,85040.83,26-Dec-2027,3686
INV249708,Waste management services,CLEANAWAY WASTE MANAGEMENT LIMITED,"$16,710.39",2028-08-13,3556
INV249709,Waste management services,Cleanaway,29105.41 AUD,04/12/2029,3556
INV249710,Street cleaning,Spotlyss Facility Services Pty Ltd,"$172,648.22",26/12/22,3669
INV249711,Graffiti management and pressure cleaning services,Calcorp Serv,"$132,732.77",25/03/09,3668
INV249712,Management of Active Melbourne recreation facilities,Victorian YMCA Community Programming PtymLtd,"$109,017.73",26 July 2029,3615
INV249713,Vehicle tow away and impound services,Nationwide,"$22,969.39",27/10/15,3585
INV249714,Melbourne Town Hall venue management,Nationwide Towing Services,154624.78 AUD,29/08/2026,3585
INV249715,Waste management services,Cleanaway Waste M,"$165,188.29",2028-05-30,3556
INV249716,Waste management services,Cleanaway,114210.36,2026-05-19,3556
INV249717,Building cleaning services,Menzies International (Aust) Pty Ltd,0.2m,2027-11-02,3634
INV249718,Open spaces management - region 2,serco,"$217,995.97",21-May-2025,3677
INV249719,Parking technology services,Reino,"$172,828.25",18/09/2028,3623
INV249720,Building maintenance services,Programmed Facility Management Pty Ltd,"$225,575.42",26/11/2027,3630
INV249721,Waste management services,Cleanaway Waste Mgmt Limited,"$79,222.8",2027-12-08, 
INV249722,Open spaces management - region 2,SERCO,21052.05,26/11/15,3677
INV249723,Management of Active Melbourne recreation facilities,Victorian  YMCA  Community  Programming  Pty  Ltd,"$4,673.29",19 October 2028,3615
INV249724,Tree management maintenance services,Citywide Service Solutions Pty. Ltd.,"$95,395.89",08-Feb-2029,3678
INV249725,Melbourne Town Hall venue management,Showtime Event Group Pty Ltd,24237.4,04/02/2027,3670
INV249726,Tree management maintenance services,Citywide Servire Solutions Pty Ltd,0.2m,30 July 2027,3678
INV249727,Integrated security services,National Protective Services Pty Lfd,108556.1,20/08/2027,3686
INV249728,Melbourne Town Hall venue management,SHOWTIME EVENT GROUP PTY LTD,0.2m,02-Oct-2028,3670
INV249729,Integrated security services,national protective services pty ltd,"$131,846.14",27 October 2027,3686
INV249730,Open spaces management - region 1,SERCO,0.2m,2026-12-30,3677
INV249731,Management of Active Melbourne recreation facilities,Victorian YMCA Community Programming Pty Ltd (AUS),154040.28,02 November 2026,3615
INV249732,Waste management services,Clearaway Waste Management Limited,"$160,286.68",29/06/2028, 
INV249733,Open spaces management - region 1,Citywide Service Solutions Pty. Ltd.,170773.37,08/05/2029,3676
INV249734,Civil infrastructure services,citywide service solutions pty ltd,0.2m,27/08/07, 
INV249735,Open spaces management - region 1,Citywide Service Solutionj Pty Ltd,"$110,209.75",25/03/08,3676
INV249736,Parking technology services,Reino International Pty ,219181.82 AUD,06/02/2027,3623
INV249737,Parking technology services,Reino International Pty Ltd T/A Duncyn Solutions,"$23,886.75",20 October 2025,3623
INV249738,Melbourne Town Hall venue management,Showtime Event Group Pty Ltd (AUS),52215.0,26-Jun-2029,3670
INV249739,Open spaces management - region 2,Cleanaway Waste Management LTD,"$181,471.8",20 September 2029,3556
INV249740,Building maintenance services,Programmed Facility Management Pty Ltd,42892.11 AUD,12 November 2026,3630
INV249741,Parking technology services,Reino International P/L T/A Duncan Solutions,"$71,882.51",26/12/2025,3623
INV249742,Integrated security services,National Protective Services Pty Ltd (AUS),0.0m,13/12/2025,3686
INV249743,Civil infrastructure services,citywide service solutions pty ltd,"$92,773.84",22 February 2025,3665
INV249744,Integrated security services,Serco,229952.48,09/12/2028,3677
INV249745,Management of Active Melbourne recreation facilities,VictorianYMCACommunityProgrammingPtyLtd,,29/11/08,3615
INV249746,Management of Active Melbourne recreation facilities,Calcorp Serv,243963.58,24 July 2026,3668
INV249747,Melbourne Town Hall venue management,Showtime Event Group Pty Ltd,4262.17 AUD,2025-12-23,3670
INV249748,Waste management services,NATIONWIDE TOWING SERVICES,55088.96,25/04/11,3585
INV249749,Open spaces management - region 1,Showtime Event Group P/L,0.1m,2027-01-29,3670
INV249750,Open spaces management - region 2,SERCO,0.1m,12/05/2028,3677
INV249751,Parking technology services,reino international pty ltd t/a duncan solutions,129668.18,01 October 2029,3623
INV249752,Integrated security services,National Protective Services Pty Ltd,117276.6 AUD,20/09/2028,3686
INV249753,Open spaces management - region 1,citywide service solutions pty ltd,,2027-06-28,3676
INV249754,Melbourne Town Hall venue management,Showtime Event Group Pty Ltd (AUS),101294.47 AUD,04 August 2029,3670
INV249755,Waste management services,Cleanaway,86377.52 AUD,31/01/2029,3556
INV249756,Building cleaning services,Menzies International (Aust) Pty Ltd (AU),0.2m,27/05/09,3634
INV249757,Waste management services,Cleanaway Waste Management Limited (AU),"$2,861.49",02-Nov-2028,3556
INV249758,Tree management maintenance services,Citywide Service Solutions Pty Ltd,111902.62 AUD,2026-12-03,3678
INV249759,Graffiti management and pressure cleaning services,Calcorp Services Pty. Ltd.,214463.45,2026-05-31,3668
INV249760,Integrated security services,National Protective Services Pty Ltd,"$211,125.84",24/12/2026,3686
INV249761,Parking technology services,ReinoInternationalPtyLtdT/ADuncanSolutions,102111.35,2027-09-19,3623
INV249762,Waste management services,Cleanawgy Waste Management Limited,9668.37 AUD,2029-08-23,3556
INV249763,Civil infrastructure services,Citywide Service ,70162.21 AUD,2027-11-21,3665
INV249764,Waste management services,Cleanaway,0.1m,2028-12-23,3556
INV249765,Street cleaning,Spotless  Facility  Services  Pty  Ltd,159164.09 AUD,2028-02-10,3669
INV249766,Building cleaning services,MENZIES INTERNATIONAL (AUST) PTY LTD,0.2m,10 April 2028, 
INV249767,Tree management maintenance services,Citywzde Service Solutions Pty Ltd,126633.03,2026-05-16,3678
INV249768,Open spaces management - region 2,SERCO,64134.93,14 July 2028,3677
INV249769,Graffiti management and pressure cleaning services,Calcorp Services Pty Ltd (AU),176019.87,12/08/2029,3668
INV249770,Open spaces management - region 1,Citywide Service Solutions Pty Ltd (AU),0.1m,20/01/2026,3676
INV249771,Civil infrastructure services,Citywide Service Solutions Pty Ltd (AU),6403.13,03/08/2027,3665
INV249772,Vehicle tow away and impound services,Nationwide Towing Services (AUS),"$93,252.38",29/08/30,3585
INV249773,Vehicle tow away and impound services,NationwideTowingServices,218781.95,2027-09-09,3585
INV249774,Street cleaning,SpotlessFacilityServicesPtyLtd,69180.92,03-Sep-2026, 
INV249775,Integrated security services,National Protective Services Pty. Ltd.,"$10,325.11",29/08/19,3686
INV249776,Integrated security services,National Protective Services Pty Ltd (AUS),95447.66,23 November 2028,3686
INV249777,Graffiti management and pressure cleaning services,calcorp services pty ltd,"$199,488.79",20/05/2027, 
INV249778,Parking technology services,Reino International Pty. Ltd. T/A Duncan Solutions,232428.86,07/12/2027,3623
INV249779,Civil infrastructure services,Citywide Service Solutions Pty Ltd,125243.15,13-Oct-2027, 
INV249780,Integrated security services,NationalcProtective Services Pty Ltd,0.2m,26/03/2028,3686
INV249781,Waste management services,Cleanaway  Waste  Management  Limited,"$95,185.49",16 August 2026,3556
INV249782,Integrated security services,National Protective Services P/L,"$70,744.98",08 July 2027,3686
INV249783,Open spaces management - region 1,Citywide  Service  Solutions  Pty  Ltd,193550.12 AUD,02-Dec-2027,3676
INV249784,Integrated security services,NATIONAL PROTECTIVE SERVICES PTY LTD,84285.5 AUD,2027-02-28,3686
INV249785,Waste management services,Cleanaway Waste Management Limited,"$1,159.36",28/04/2026,3556
INV249786,Graffiti management and pressure cleaning services,CALCORP SERVICES PTY LTD,"$210,417.45",19/12/2025,3668
INV249787,Integrated security services,National Protektive Services Pty Ltd,143773.22 AUD,19/02/2029,3686
INV249788,Waste management services,Cleananay Waste Management Limited,"$204,823.94",07-Mar-2028,3556
INV249789,Building maintenance services,ProgrammedFacilityManagementPtyLtd,20685.51,23/10/2027,3630
INV249790,Building maintenance services,Programmed Facility Management Pty Ltd (AU),84228.74,2028-12-16,3630
INV249791,Management of Active Melbourne recreation facilities,Victorian YMCA Community Pyogramming Pty Ltd,67356.45,10-Jun-2026,3615
INV249792,Vehicle tow away and impound services,Nationwide  Towing  Services,0.1m,29/09/28,3585
INV249793,Building cleaning services,Menzies International (Aust) Pty Ltd,"$179,035.31",15/06/2025,3634
INV249794,Parking technology services,Reino Int’l Pty Ltd T/A Duncan Solutions,"$111,531.51",25/09/02,3623
INV249795,Tree management maintenance services,Citywide  Service  Solutions  Pty  Ltd,0.1m,22-Sep-2027,3678
INV249796,Management of Active Melbourne recreation facilities,Victorian YMCA Community Programming Pty Ltd,219782.18,16/01/2029, 
INV249797,Building cleaning services,MENZIES INTERNATIONAL (AUST) PTY LTD,21526.97,28/03/04,3634
INV249798,Graffiti management and pressure cleaning services,calcorp services pty ltd,85209.28 AUD,31 October 2027,3668
INV249799,Melbourne Town Hall venue management,SHOWTIME EVENT GROUP PTY LTD,0.2m,13/02/2029,3670
INV249800,Graffiti management and pressure cleaning services,Calcorp Services Pty Ltd,43194.05 AUD,16 August 2027,3668
INV249801,Management of Active Melbourne recreation facilities,Victorian YMCA Community Programming Pty Ltd,"$221,754.36",03/01/2029, 
INV249802,Parking technology services,Reino Int’l Pty Ltd T/A Duncan Solutions,"$185,230.88",2029-12-08, 
INV249803,Management of Active Melbourne recreation facilities,Victorian YMCA Communi,114653.78 AUD,2029-06-25,3615
INV249804,Civil infrastructure services,Citywide Service Solutions Pty Ltd,"$13,112.03",18-Aug-2028,3665
INV249805,Building cleaning services,Menzies Int’l (Aust) Pty Ltd,0.2m,22/02/2026,3634
INV249806,Building maintenance services,Programmed Facility Management Pty Ltd,80416.18,06-Jan-2027,3630
INV249807,Waste management services,Cleanaway Waste Management Limited (AUS),"$66,388.76",13/08/2027,3556
INV249808,Tree management maintenance services,CitywideServiceSolutionsPtyLtd,12829.33,13-Feb-2028,3678
INV249809,Tree management maintenance services,CitywideServiceSolutionsPtyLtd,113235.18,14-Nov-2028,3678
INV249810,Open spaces management - region 2,Serco,132069.16 AUD,21/02/2026,3677
INV249811,Graffiti management and pressure cleaning services,Calcorp Services Pty Ltd (AUS),2858.35 AUD,28/04/2026,3668
INV249812,Management of Active Melbourne recreation facilities,Victorian YMCA Community Programming Pty Ltd,0.0m,29/09/2028,3615
INV249813,Management of Active Melbourne recreation facilities,Victorian Ymca Community Programming Pty Ltd,0.1m,06/04/2026,3615
INV249814,Vehicle tow away and impound services,Nationwide Towing Services (AUS),0.1m,29/12/16,3585
INV249815,Open spaces management - region 1,Citywide  Service  Solutions  Pty  Ltd,67081.29 AUD,29/04/2026,3676
INV249816,Management of Active Melbourne recreation facilities,Victorian YMCA Community Programming Pty Ltd (AU),122131.38 AUD,11-Feb-2028,3615
INV249817,Civil infrastructure services,CITYWIDE SERVICE SOLUTIONS PTY LTD,"$46,758.73",03/06/2025,3665
INV249818,Integrated security services,National Protective Services Pty Ltd,19898.34,04/10/2027,3686
INV249819,Melbourne Town Hall venue management,Showtime Event,214311.94,21/11/2026,3670
INV249820,Graffiti management and pressure cleaning services,Calcorp Serv,168984.88 AUD,28/04/06,3668
INV249821,Building cleaning services,Menzies Internatio,"$12,711.44",26 November 2029,3634
INV249822,Graffiti management and pressure cleaning services,Calcorp Services P/L,76818.53,25 December 2027,3668
INV249823,Integrated security services,National,86478.48,2028-01-22,3686
INV249824,Graffiti management and pressure cleaning services,Calcorp  Services  Pty  Ltd,0.2m,19 July 2025,3668
INV249825,Open spaces management - region 1,National Protective Services Pty Ltd,15540.31,14/09/2029,3686
INV249826,Integrated security services,National  Protective  Services  Pty  Ltd,199119.73 AUD,27/10/10,3686
INV249827,Tree management maintenance services,Citywide  Service  Solutions  Pty  Ltd,80980.73,27-Aug-2027,3678
INV249828,Open spaces management - region 1,Citywide Service Solutions Pty Ltd,"$203,699.89",06 February 2029,3676
INV249829,Open spaces management - region 1,Citywide,"$139,301.05",03 May 2027,3676
INV249830,Waste management services,Cleanaway Waste Management Limited,0.0m,24/12/2025,3556
INV249831,Waste management services,CLEANAWAY WASTE MANAGEMENT LIMITED,108381.39,12 June 2026,3556
INV249832,Street cleaning,Spotless,0.2m,21 July 2029,3669
INV249833,Open spaces management - region 2,SERCO (AUS),"$47,019.31",14 November 2029,3677
INV249834,Melbourne Town Hall venue management,Showtime Event Group Pty Ltd (AUS),5930.94,03 June 2028,3670
INV249835,Waste management services,Cleanaway,0.1m,29/01/2029, 
INV249836,Integrated security services,National,0.2m,11/10/2027,3686
INV249837,Building maintenance services,Programmed,"$172,379.62",15/11/2025,3630
INV249838,Melbourne Town Hall venue management,Showtime Event Group Pty. Ltd.,"$64,666.51",22/08/2027,3670
INV249839,Melbourne Town Hall venue management,Showtime Event Group Pty Ltd,127098.11,24/06/2029,3670
INV249840,Tree management maintenance services,Citywide  Service  Solutions  Pty  Ltd,46991.83,04-Oct-2028,3678
INV249841,Open spaces management - region 1,Citywide Service Solutions P/L,0.2m,29/01/2029,3676
INV249842,Graffiti management and pressure cleaning services,Calcorp Services Pty Ltd (AUS),"$41,665.47",13/05/2027,3668
INV249843,Management of Active Melbourne recreation facilities,Victorian,0.1m,2026-12-16,3615
INV249844,Parking technology services,Reino  International  Pty  Ltd  T/A  Duncan  Solutions,0.1m,09-Jun-2027,3623
INV249845,Graffiti management and pressure cleaning services,Calcorp Services Pty Ltd,107130.46,04 September 2028,3668
INV249846,Graffiti management and pressure cleaning services,CalcorpServicesPtyLtd,248265.69,18-Jan-2029,3668
INV249847,Building cleaning services,Menzies International (Aust) Pty. Ltd.,"$142,714.66",05 February 2026,3634
INV249848,Open spaces management - region 1,Citywide  Service  Solutions  Pty  Ltd,0.2m,01-Sep-2026,3676
INV249849,Waste management services,Cleanaway,"$210,595.78",24-Mar-2026,3556
INV249850,Waste management services,CLEANAWAY WASTE MANAGEMENT LIMITED,25865.84,31/05/2026,3556
INV249851,Civil infrastructure services,CitywideServiceSolutionsPtyLtd,93325.65,03 October 2026,3665
INV249852,Tree management maintenance services,Citywide Service Solutions Pty Ltd (AUS),10495.01,2028-05-25,3678
INV249853,Building cleaning services,Menzies Internationwl (Aust) Pty Ltd,0.1m,2028-11-29,3634
INV249854,Parking technology services,Reino International Pty Ltd T/A Duncan Solutions,118049.59 AUD,14/08/2026,3623
INV249855,Street cleaning,Victorian YMCA Community Programming Pty Ltd,"$202,837.24",29/04/21,3615
INV249856,Building maintenance services,PROGRAMMED FACILITY MANAGEMENT PTY LTD,173951.58,17/05/2025,3630
INV249857,Graffiti management and pressure cleaning services,Calcorp Services Pty Ltd,,29-Oct-2029,3668
INV249858,Civil infrastructure services,Menzies,69877.59,27/05/2026,3634
INV249859,Management of Active Melbourne recreation facilities,VICTORIAN YMCA COMMUNITY PROGRAMMING PTY LTD,214788.26,18/01/2025, 
INV249860,Open spaces management - region 1,CITYWIDE SERVICE SOLUTIONS PTY LTD,168931.46,01-May-2028,3676
INV249861,Building cleaning services,MenziesInternational(Aust)PtyLtd,248621.87 AUD,03/01/2026,3634
INV249862,Melbourne Town Hall venue management,Showtime Event Group Pty Ltd,9967.39 AUD,16/12/2025,3670
INV249863,Civil infrastructure services,Citywide Service ,"$141,453.07",27 March 2029,3665
INV249864,Building cleaning services,Menzies Intl (Aust) Pty Ltd,234407.74,26 December 2029,3634
INV249865,Vehicle tow away and impound services,Nationwide Towing Services,224540.31 AUD,22 May 2026,3585
INV249866,Civil infrastructure services,Citywide Service Solutions Pty. Ltd.,115148.94 AUD,06-Dec-2029,3665
INV249867,Waste management services,Cleanaway Waste Management Limited,228562.05,29 July 2026,3556
INV249868,Open spaces management - region 2,SERCO (AUS),"$104,053.05",14-Mar-2027,3677
INV249869,Waste management services,Cleanaway Waste Management Limited,148394.62,07-Sep-2029,3556
INV249870,Civil infrastructure services,citywide service solutions pty ltd,114172.15,22/03/2027,3665
INV249871,Integrated security services,NATIONAL PROTECTIVE SERVICES PTY LTD,0.0m,27/01/08,3686
INV249872,Building maintenance services,Programmed Facility Management P/L,0.1m,26/12/13,3630
INV249873,Building maintenance services,programmed facility management pty ltd,0.2m,27/09/23,3630
INV249874,Building cleaning services,Menzies Intl (Aust) Pty Ltd,"$30,969.47",2027-02-03,3634
INV249875,Open spaces management - region 2,SERCO,89316.57 AUD,22/05/2025,3677
INV249876,Building cleaning services,Menzies International (Aust) P/L,139145.67 AUD,2026-08-19,3634
INV249877,Melbourne Town Hall venue management,SHOWTIME EVENT GROUP PTY LTD,248467.11 AUD,22/08/2028,3670
INV249878,Building cleaning services,SERCO (AUS),0.1m,10-Oct-2029,3677
INV249879,Graffiti management and pressure cleaning services,calcorp services pty ltd,7001.58,01-Oct-2025,3668
INV249880,Melbourne Town Hall venue management,Showtime Event Group Pty. Ltd.,0.2m,20 February 2029,3670
INV249881,Building maintenance services,PROGRAMMED FACILITY MANAGEMENT PTY LTD,214890.72 AUD,29/02/02,3630
INV249882,Open spaces management - region 1,Citywide Service Solutions Pty. Ltd.,"$210,506.89",04/05/2027,3676
INV249883,Integrated security services,National Protective Services Pty Ltd,"$72,180.41",25-Jun-2025,3686
INV249884,Street cleaning,Spotless,"$35,024.47",01-May-2028,3669
INV249885,Building cleaning services,serco,0.0m,2026-08-04,3677
INV249886,Waste management services,CLEANAWAY WASTE MANAGEMENT LIMITED,242181.81,2026-12-16,3556
INV249887,Open spaces management - region 2,SERCO (AU),"$220,754.9",2026-01-04,3677
INV249888,Open spaces management - region 1,Citywide Service Solutions P/L,223089.31,2027-07-05,3676
INV249889,Graffiti management and pressure cleaning services,Calcorp Services Pty Ltd (AUS),25685.06,04/10/2026,3668
INV249890,Open spaces management - region 1,Citywide,"$173,665.1",04/10/2025,3676
INV249891,Building cleaning services,Menzies International (Aust) Pty Ltd (AU),111883.98 AUD,28/02/06,3634
INV249892,Waste management services,Cleanaway Waste Management LTD,"$102,145.76",2029-04-03,3556
INV249893,Graffiti management and pressure cleaning services,Calcorp  Services  Pty  Ltd,142245.31 AUD,2029-08-11,3668
INV249894,Civil infrastructure services,Citywide,0.1m,2027-08-04,3665
INV249895,Melbourne Town Hall venue management,Reino International P/L T/A Duncan Solutions,"$55,823.51",31 January 2029, 
INV249896,Graffiti management and pressure cleaning services,CALCORP SERVICES PTY LTD,44566.66,2027-12-08,3668
INV249897,Waste management services,Cleanaway Waste Mgmt Limited,"$240,192.58",05/08/2025,3556
INV249898,Open spaces management - region 2,Serco,22264.02,29/11/04,3677
INV249899,Open spaces management - region 1,CitywideServiceSolutionsPtyLtd,0.2m,09-May-2029,3676
INV249900,Building cleaning services,MENZIES INTERNATIONAL (AUST) PTY LTD,246996.74,24 January 2026,3634
INV249901,Building maintenance services,programmed facility management pty ltd,"$233,578.2",21-Jan-2025,3630
INV249902,Melbourne Town Hall venue management,Showtime,176988.31 AUD,2029-07-15, 
INV249903,Parking technology services,Reino International Pty Ltd T/A Duncan Solutions,102191.09,26/09/2025,3623
INV249904,Building cleaning services,Menzies International (Aust) Pty Ltd,0.2m,26/02/2028,3634
INV249905,Management of Active Melbourne recreation facilities,victorian ymca community programming pty ltd,132154.28,11 October 2025,3615
INV249906,Building maintenance services,Programmed Facility Management Pty Ltd,21665.88,2025-09-03,3630
INV249907,Building cleaning services,MenziesInternational(Aust)PtyLtd,123894.76 AUD,14-Jun-2028,3634
INV249908,Graffiti management and pressure cleaning services,Calcorp Services Pty xtd,0.1m,31 March 2027,3668
INV249909,Waste management services,Cleanaway Waste Management Limmted,"$162,339.44",13/01/2028,3556
INV249910,Graffiti management and pressure cleaning services,Calcorp Services Pty Ltd,"$41,043.96",07 July 2028,3668
INV249911,Tree management maintenance services,Citywide Service Solutions Pty Ltd (AUS),"$85,310.51",16/02/2027,3678
INV249912,Waste management services,CLEANAWAY WASTE MANAGEMENT LIMITED,59083.33 AUD,25/12/13,3556
INV249913,Building maintenance services,Programmed Facility,119543.92,21 September 2028,3630
INV249914,Building cleaning services,Menzies  International  (Aust)  Pty  Ltd,119474.97,17/02/2026,3634
INV249915,Building maintenance services,Programmed Facility Management Pty Ltd,76687.97,28/06/24, 
INV249916,Graffiti management and pressure cleaning services,Calcorp Services Pty Ltd,204331.14,11/09/2026,3668
INV249917,Civil infrastructure services,Citywide Service ,63350.21,18/07/2028,3665
INV249918,Tree management maintenance services,citywide service solutions pty ltd,68904.22,17/11/2026,3678
INV249919,Civil infrastructure services,Citywide Service Solutions Pty Ltd (AUS),138147.92 AUD,2026-05-10,3665
INV249920,Street cleaning,Spotless Facility Services Pty. Ltd.,234955.86,25 November 2027,3669
INV249921,Open spaces management - region 1,Citywide  Service  Solutions  Pty  Ltd,0.2m,27/09/23,3676
INV249922,Open spaces management - region 1,citywide service solutions pty ltd,0.2m,07-Feb-2028,3676
INV249923,Building cleaning services,MenziesInternational(Aust)PtyLtd,0.0m,2028-03-21,3634
INV249924,Management of Active Melbourne recreation facilities,VictorianYMCACommunityProgrammingPtyLtd,34324.69,10/06/2028,3615
INV249925,Tree management maintenance services,Citywide  Service  Solutions  Pty  Ltd,0.2m,21-Feb-2029,3678
INV249926,Street cleaning,SPOTLESS FACILITY SERVICES PTY LTD,185132.93 AUD,06-Sep-2029,3669
INV249927,Waste management services,Cleanaway Waste Management LTD,85966.02,2026-11-06,3556
INV249928,Building maintenance services,Programmed Facility,0.1m,30 June 2025,3630
INV249929,Building cleaning services,Menzies International (Aust) Pty. Ltd.,"$210,015.17",2028-09-21,3634
INV249930,Civil infrastructure services,Calcorp Services Pty Ltd,169436.5,06/06/2028, 
INV249931,Open spaces management - region 2,SERCO,17726.1,14 March 2029,3677
INV249932,Building cleaning services,Menzies International (Aust) Pty Ltd (AUS),0.2m,26/03/10, 
INV249933,Tree management maintenance services,Citywide Service Solutions Pty Ltd,100548.09 AUD,2026-12-11,3678
INV249934,Waste management services,Cleanaway,85653.09,2029-10-19,3556
INV249935,Tree management maintenance services,Citywide Service Solutions Pty Ltd (AU),142137.26,07-Aug-2029,3678
INV249936,Melbourne Town Hall venue management,Showtime Event Group Pty Ltd,"$119,432.1",27 January 2026,3670
INV249937,Street cleaning,Spotless Facility Services Pty Ltd,60336.42 AUD,05/07/2026,3669
INV249938,Open spaces management - region 1,Citywide Service Solutions Pty Ltd,131682.12 AUD,09-Sep-2029,3676
INV249939,Civil infrastructure services,Citywide Service Solutions Pty Ltd,138257.67,08 March 2029,3665
INV249940,Tree management maintenance services,Citywide Service ,37576.51,22/05/2028,3678
INV249941,Open spaces management - region 2,Serco,179282.21,04/06/2028,3677
INV249942,Waste management services,Cleanaway Waste M,"$172,118.44",04/07/2027,3556
INV249943,Parking technology services,Reino Intl Pty Ltd T/A Duncan Solutions,79511.54,2029-09-25,3623
INV249944,Melbourne Town Hall venue management,ShowtimeEventGroupPtyLtd,138434.83,27/11/26,3670
INV249945,Building maintenance services,Programmed,53943.9 AUD,2025-04-26,3630
INV249946,Waste management services,Cleanaway  Waste  Management  Limited,4276.7,25/05/24,3556
INV249947,Open spaces management - region 1,Citywide Service Solutions Pty Ltd,1744.68,2027-08-25,3676
INV249948,Building maintenance services,Programmed Facilqty Management Pty Ltd,102515.83 AUD,21/01/2028,3630
INV249949,Tree management maintenance services,Citywide,180043.27 AUD,2028-04-01,3678
INV249950,Vehicle tow away and impound services,Nationwide Towing Services (AUS),"$85,981.29",26/02/2029,3585
INV249951,Graffiti management and pressure cleaning services,Cylcorp Services Pty Ltd,"$157,635.57",2025-03-11,3668
INV249952,Open spaces management - region 2,Serco,0.0m,2027-12-23,3677
INV249953,Building maintenance services,Programmed Facixity Management Pty Ltd,"$164,970.99",26/12/2028,3630
INV249954,Open spaces management - region 2,SERCO,0.2m,,3677
INV249955,Waste management services,Cleanaway Waste Management Limited,"$230,307.35",22 April 2029,3556
INV249956,Open spaces management - region 1,Citywide Service Solutions Pty Ltd (AU),49842.42,02/01/2026,3676
INV249957,Graffiti management and pressure cleaning services,Calcorp,"$26,330.28",12/08/2027,3668
INV249958,Graffiti management and pressure cleaning services,Reino Int’l Pty Ltd T/A Duncan Solutions,54771.18 AUD,2027-08-07,3623
INV249959,Building maintenance services,programmed facility management pty ltd,156637.55,10 February 2027, 
INV249960,Vehicle tow away and impound services,Nationwide,17423.34,04/10/2026,3585
INV249961,Tree management maintenance services,Citywide Service Solutions Pty Ltd (AU),28106.29 AUD,2025-01-16,3678
INV249962,Street cleaning,Spotless Facility Servines Pty Ltd,151817.97 AUD,2025-05-08,3669
INV249963,Parking technology services,Reino  International  Pty  Ltd  T/A  Duncan  Solutions,191025.07,2027-09-11,3623
INV249964,Melbourne Town Hall venue management,SHOWTIME EVENT GROUP PTY LTD,"$23,090.36",2027-07-07,3670
INV249965,Graffiti management and pressure cleaning services,calcorp services pty ltd,0.2m,29/08/21,3668
INV249966,Tree management maintenance services,Citywide Service Solutions Pty Ltd (AU),169142.84,08/01/2026,3678
INV249967,Street cleaning,SPOTLESS FACILITY SERVICES PTY LTD,171618.49,24-Nov-2026,3669
INV249968,Management of Active Melbourne recreation facilities,VICTORIAN YMCA COMMUNITY PROGRAMMING PTY LTD,219167.58,18-May-2029, 
INV249969,Tree management maintenance services,Citywide Service Solutions Pty Ltd,60562.62,2025-02-08,3678
INV249970,Parking technology services,Reino International Pty Ltd T/A Duncan Solutions,"$82,889.85",05 February 2025,3623
INV249971,Street cleaning,spotless facility services pty ltd,41579.22,19/09/2029,3669
INV249972,Civil infrastructure services,Citywide Service Solutions Pty Ltd,"$4,140.46",25/02/2028,3665
INV249973,Management of Active Melbourne recreation facilities,victorian ymca community programming pty ltd,165811.67,12/03/2029,3615
INV249974,Building maintenance services,Programmed Facility Management Pty Ltd,76350.44,01/02/2026,3630
INV249975,Tree management maintenance services,CITYWIDE SERVICE SOLUTIONS PTY LTD,82643.08,2028-04-28,3678
INV249976,Civil infrastructure services,Citywide Service Solutions Pty Ltd,207930.67,2026-09-23,3665
INV249977,Melbourne Town Hall venue management,Showtime Event Group Pty Ltd,64498.72,2027-07-21,3670
INV249978,Waste management services,Cleanaway Waste Management Limited (AU),102975.61,05/10/2026,3556
INV249979,Building maintenance services,Programmed Facility Management Pty Ltd (AUS),150623.14,21 August 2028,3630
INV249980,Melbourne Town Hall venue management,CALCORP SERVICES PTY LTD,152988.05 AUD,25/03/06,3668
INV249981,Street cleaning,Spotless  Facility  Services  Pty  Ltd,10448.1 AUD,08/04/2028,3669
INV249982,Open spaces management - region 2,SERCO,181912.54,2029-07-20, 
INV249983,Open spaces management - region 1,Citywide Servzce Solutions Pty Ltd,125653.39,22-Jan-2025,3676
INV249984,Building maintenance services,Programmed Facility Management Pty Ltd,"$245,689.58",02/10/2029,3630
INV249985,Vehicle tow away and impound services,Nationwide Towing Services,103607.04 AUD,30/11/2029,3585
INV249986,Integrated security services,NationalProtectiveServicesPtyLtd,"$210,051.3",24 September 2029,3686
INV249987,Parking technology services,Reino,10928.73,27/11/26,3623
INV249988,Tree management maintenance services,CITYWIDE SERVICE SOLUTIONS PTY LTD,192442.05 AUD,21/03/2025,3678
INV249989,Open spaces management - region 1,citywide service solutions pty ltd,183564.62,2028-09-23,3676
INV249990,Management of Active Melbourne recreation facilities,Victorian YMCA Community Programming Pty Ltd (AUS),122322.68,2026-08-28,3615
INV249991,Building cleaning services,Menzies International (Aust) Pty Ltd,90584.41,26/12/16,3634
INV249992,Civil infrastructure services,Citywide Service Solutions Pty Ltd,120851.32,21/03/2027,3665
INV249993,Graffiti management and pressure cleaning services,CalcorpServicesPtyLtd,0.2m,2029-12-19,3668
INV249994,Melbourne Town Hall venue management,Showtime Event Group Pty Ltd,"$131,113.45",2025-06-19,3670
INV249995,Parking technology services,Reino International Pty Ltd T/A Duncan Solutions,151963.12,30-Jun-2025,3623
INV249996,Graffiti management and pressure cleaning services,Calcorp Services Pty Ltd,230863.04 AUD,29/01/2029,3668
INV249997,Building cleaning services,Menzies  International  (Aust)  Pty  Ltd,103285.8,02 November 2026,3634
INV249998,Building maintenance services,Programmed Facility Management Pty Ltd (AU),0.1m,,3630
INV249999,Civil infrastructure services,Citywide Service Solutions Pty Ltd (AUS),"$104,775.11",11-Mar-2027,3665
INV250000,Integrated security services,National Protective Services Pty Ltd,132252.05,27/10/05,3686
