InvoiceID,ContractTitle,Provider,InvoiceAmount,InvoiceDate,ContractNumber
INV26001,Graffiti management and pressure cleaning services,Caucorp Services Pty Ltd,"$231,099.17",06/06/2029,3668
INV26002,Civil infrastructure services,Cstywide Service Solutions Pty Ltd,79771.22,2026-09-10,3665
INV26003,Melbourne Town Hall venue management,Showtime Event Group Pty. Ltd.,170673.7,15/11/2026,3670
INV26004,Parking technology services,Reino International P/L T/A Duncan Solutions,210316.81,31-Mar-2028,3623
INV26005,Melbourne Town Hall venue management,Showtime Event Group Pty Ltd,159382.47,27/01/16,3670
INV26006,Tree management maintenance services,Citywide Service Solutions Pty Ltd,72984.38,13/08/2029,3678
INV26007,Integrated security services,National Protective Services Pty Ltd (AU),82219.25,27/01/22,3686
INV26008,Civil infrastructure services,Citywide Service ,0.1m,10/07/2027,3665
INV26009,Parking technology services,Reino International Pty Ltd T/A Duncan Solutions (AUS),149805.19,09 May 2025,3623
INV26010,Open spaces management - region 1,CitywideServiceSolutionsPtyLtd,219923.23,14 May 2027,3676
INV26011,Melbourne Town Hall venue management,SHOWTIME EVENT GROUP PTY LTD,101319.95,2025-11-11,3670
INV26012,Waste management services,Cleanaway Waste Management Limited,58050.61,29/07/24,3556
INV26013,Graffiti management and pressure cleaning services,Calcorp Services Pty Ltd (AUS),74213.79,05-Apr-2026,3668
INV26014,Graffiti management and pressure cleaning services,Calcorp Services Pty Ltd,8545.87,30/01/2026,3668
INV26015,Building cleaning services,MenziesInternational(Aust)PtyLtd,0.0m,27/09/13,3634
INV26016,Open spaces management - region 1,Citywide Service Solutions Pty Ltd,0.2m,24/09/2027,3676
INV26017,Vehicle tow away and impound services,Nationwide Towing Services,0.2m,2028-05-12,3585
INV26018,Graffiti management and pressure cleaning services,Calcorp Services Pty Ltd (AU),205925.76,26/11/2027,3668
INV26019,Building cleaning services,Menzies International (Aust) Pty. Ltd.,155278.69,08/03/2028,3634
INV26020,Melbourne Town Hall venue management,Showtime Event Group Pty Ltd,83513.51 AUD,24-May-2025,3670
INV26021,Building maintenance services,Programmed  Facility  Management  Pty  Ltd,0.0m,01 March 2028,3630
INV26022,Waste management services,Cleanaway Waote Management Limited,17653.45,28/10/2028,3556
INV26023,Open spaces management - region 1,Citywide Service Solutions Pty Ltd (AUS),0.2m,26-Nov-2027,3676
INV26024,Street cleaning,Spotless Facility Services Pty Ltd,145074.24 AUD,23 November 2028,3669
INV26025,Integrated security services,National  Protective  Services  Pty  Ltd,48101.51,29/01/29,3686
INV26026,Open spaces management - region 1,Citywide Service Solutions Pty Ltd,98121.59,30/08/2025, 
INV26027,Street cleaning,SPOTLESS FACILITY SERVICES PTY LTD,0.0m,2025-05-19,3669
INV26028,Building maintenance services,Programmed  Facility  Management  Pty  Ltd,"$175,173.51",02/07/2029,3630
INV26029,Building maintenance services,Cleanaway Waste Management Limited (AUS),"$207,939.2",08/12/2029,3556
INV26030,Waste management services,Cleanaway Waste Mgmt Limited,0.2m,16/04/2029,3556
INV26031,Civil infrastructure services,Citywide Service Solutions Pty Ltd (AU),14917.72,03-Oct-2028,3665
INV26032,Management of Active Melbourne recreation facilities,Victorian YMCA Community Programming Pty Ltd,189315.53,12 November 2029,3615
INV26033,Building maintenance services,Programmed Facility Management P/L,0.0m,2028-03-05,3630
INV26034,Vehicle tow away and impound services,Nationwide Towing Services,100338.32 AUD,26/07/13,3585
INV26035,Management of Active Melbourne recreation facilities,Victorian Ymca Community Programming Pty Ltd,"$101,881.35",25/09/30,3615
INV26036,Parking technology services,Reino,"$47,721.93",15 November 2027,3623
INV26037,Open spaces management - region 1,Citywide Service Solutions P/L,"$117,824.44",17/07/2029,3676
INV26038,Building cleaning services,Menzies International (Aust) Pty. Ltd.,157838.43,2026-05-15,3634
INV26039,Management of Active Melbourne recreation facilities,VICTORIAN YMCA COMMUNITY PROGRAMMING PTY LTD,7388.22,09 May 2026,3615
INV26040,Building cleaning services,Menzies Internatio,60006.01,2028-08-22,3634
INV26041,Open spaces management - region 1,Citywide ServicetSolutions Pty Ltd,0.1m,27/05/2028,3676
INV26042,Civil infrastructure services,Citywide Service Solutions P/L,"$104,976.46",29/12/19, 
INV26043,Building maintenance services,Programmed Facility Management P/L,"$175,151.96",04-Jan-2026,3630
INV26044,Open spaces management - region 1,Citywide  Service  Solutions  Pty  Ltd,"$206,787.27",01/07/2025,3676
INV26045,Building maintenance services,Programmed Facility,0.2m,28/05/19,3630
INV26046,Graffiti management and pressure cleaning services,Calcorp Services Pty Ltd (AUS),0.1m,2027-03-22,3668
INV26047,Open spaces management - region 1,Citywide  Service  Solutions  Pty  Ltd,"$216,859.28",23-Oct-2028,3676
INV26048,Parking technology services,ReinoInternationalPtyLtdT/ADuncanSolutions,126701.91 AUD,03-Nov-2029,3623
INV26049,Vehicle tow away and impound services,Nationwide Towing Services,144669.94 AUD,04/03/2025,3585
INV26050,Integrated security services,NationalProtectiveServicesPtyLtd,"$39,329.03",29-Apr-2028,3686
INV26051,Waste management services,Cleanaway  Waste  Management  Limited,0.1m,20/06/2025,3556
INV26052,Building maintenance services,PROGRAMMED FACILITY MANAGEMENT PTY LTD,3725.2 AUD,04 June 2025,3630
INV26053,Melbourne Town Hall venue management,showtime event group pty ltd,0.2m,10-May-2027,3670
INV26054,Open spaces management - region 2,SERCO,172850.63,22/09/2029,3677
INV26055,Open spaces management - region 2,serco,99864.45 AUD,09/11/2026,3677
INV26056,Building cleaning services,MenziesInternational(Aust)PtyLtd,"$229,217.77",2027-07-06,3634
INV26057,Building cleaning services,Menzies International (Aust) Pty Ltd (AUS),"$85,260.0",13/05/2028,3634
INV26058,Building cleaning services,Menzies International (Aust) P/L,30609.25,07-Aug-2029, 
INV26059,Management of Active Melbourne recreation facilities,Showtime Event Group Pty Ltd,1751.41,22/09/2026,3670
INV26060,Waste management services,Cleanaway,140056.61,05/10/2029, 
INV26061,Tree management maintenance services,CITYWIDE SERVICE SOLUTIONS PTY LTD,"$228,021.43",2029-10-07,3678
INV26062,Open spaces management - region 2,SERCO,199131.59,2028-09-03,3677
INV26063,Civil infrastructure services,citywide service solutions pty ltd,239153.3,2027-05-26,3665
INV26064,Parking technology services,National Protective Services Pty Ltd,"$203,111.78",2027-01-10,3686
INV26065,Street cleaning,Spotless Facility Services Pty Ltd,59924.93,04/06/2026, 
INV26066,Graffiti management and pressure cleaning services,Calcorp Serv,0.2m,15/02/2028,3668
INV26067,Melbourne Town Hall venue management,ShowtimeEventGroupPtyLtd,194433.78,02-Mar-2027,3670
INV26068,Open spaces management - region 1,Citywide,0.1m,16/09/2026,3676
INV26069,Open spaces management - region 2,SERCO,0.2m,16/11/2029,3677
INV26070,Civil infrastructure services,citywide service solutions pty ltd,"$205,450.85",13-Jun-2025,3665
INV26071,Tree management maintenance services,Citywide  Service  Solutions  Pty  Ltd,169354.22,09/03/2025,3678
INV26072,Management of Active Melbourne recreation facilities,Victorian Ymca Community Programming Pty Ltd,217406.82,30/03/2028,3615
INV26073,Civil infrastructure services,CITYWIDE SERVICE SOLUTIONS PTY LTD,111408.5 AUD,2026-10-05,3665
INV26074,Open spaces management - region 1,Citywide Service Solutions Pty Ltd,144554.28,26/01/06,3676
INV26075,Street cleaning,Spotless Facility Services Pty Ltd,141268.19,2029-01-17,3669
INV26076,Management of Active Melbourne recreation facilities,Victorian YMCA Community Programming Pty Ltd (AUS),114704.02 AUD,21/01/2028,3615
INV26077,Open spaces management - region 1,Citywide  Service  Solutions  Pty  Ltd,230376.14 AUD,10 April 2029,3676
INV26078,Street cleaning,Spotless Facility Services Pty. Ltd.,82071.59,02/03/2027,3669
INV26079,Vehicle tow away and impound services,Nationwide Towing Services (AUS),0.2m,04/10/2027,3585
INV26080,Integrated security services,National Protectiv,195677.61,18/12/2025,3686
INV26081,Tree management maintenance services,Citywide Service Solutions Pty Ltd,12273.85,10/08/2029,3678
INV26082,Melbourne Town Hall venue management,Showtime Event,225318.3 AUD,27/01/2029,3670
INV26083,Waste management services,CleanawayWasteManagementLimited,0.2m,20/02/2028,3556
INV26084,Vehicle tow away and impound services,Nationwide,"$96,347.38",21/10/2025,3585
INV26085,Waste management services,Menzies International (Aust) Pty Ltd (AU),25883.59,16/07/2029,3634
INV26086,Building cleaning services,Menzies International (Aust) Pty Ltd (AUS),49974.06,13 November 2027,3634
INV26087,Integrated security services,national protective services pty ltd,0.2m,25/09/06,3686
INV26088,Open spaces management - region 1,Citywide Service Solutions Pty Ltd (AUS),77745.92,23 September 2028,3676
INV26089,Parking technology services,Reino Int’l Pty Ltd T/A Duncan Solutions,164744.58 AUD,02-Jan-2027,3623
INV26090,Street cleaning,Spotless Facility Services Pty Ltd,136251.09 AUD,25/10/2025,3669
INV26091,Vehicle tow away and impound services,nationwide towing services,"$201,249.81",12 March 2029,3585
INV26092,Building cleaning services,Menzies International (Aust) Pty Ltd (AU),"$200,492.31",22/04/2026,3634
INV26093,Vehicle tow away and impound services,Nationwide Towing Services,"$229,782.77",25/06/16,3585
INV26094,Building maintenance services,Programmed Facility Management Pty Ltd (AUS),"$31,177.87",27/01/03, 
INV26095,Parking technology services,Reino Int’l Pty Ltd T/A Duncan Solutions,48889.5,2028-06-13,3623
INV26096,Open spaces management - region 2,Serco,19708.66 AUD,28 July 2028,3677
INV26097,Management of Active Melbourne recreation facilities,victorian ymca community programming pty ltd,186528.16,2029-10-15,3615
INV26098,Vehicle tow away and impound services,NATIONWIDE TOWING SERVICES,168752.65 AUD,2026-04-09,3585
INV26099,Open spaces management - region 1,CITYWIDE SERVICE SOLUTIONS PTY LTD,28593.29,2025-12-16,3676
INV26100,Vehicle tow away and impound services,Nationwide Towing Services (AUS),90621.27 AUD,24 November 2028,3585
INV26101,Tree management maintenance services,Citywide Service Solutions Pty Ltd,10985.25,2026-05-20,3678
INV26102,Building cleaning services,Menzies International (Aust) Pty. Ltd.,"$174,408.75",28/02/14,3634
INV26103,Graffiti management and pressure cleaning services,Calcorp Services Pty Ltd (AU),115973.59 AUD,27/04/20,3668
INV26104,Vehicle tow away and impound services,Nationwide Tlwing Services,121897.93,03/08/2027,3585
INV26105,Graffiti management and pressure cleaning services,Calcorp Services Pty. Ltd.,84513.12 AUD,27/11/23,3668
INV26106,Melbourne Town Hall venue management,Showtime Event Group Pty Ltd,0.1m,04-Oct-2026,3670
INV26107,Management of Active Melbourne recreation facilities,Victorian YMCA Community Programming P/L,91078.3,28/06/2029,3615
INV26108,Graffiti management and pressure cleaning services,CALCORP SERVICES PTY LTD,160180.02,2029-02-12,3668
INV26109,Tree management maintenance services,Citywide Service Solutions P/L,0.2m,09-Jun-2029,3678
INV26110,Building cleaning services,MENZIES INTERNATIONAL (AUST) PTY LTD,0.0m,03 October 2029, 
INV26111,Melbourne Town Hall venue management,Showtime Event Group Pty Ltd,67434.71,08/01/2027,3670
INV26112,Building cleaning services,Menzies,"$205,207.51",18/02/2029,3634
INV26113,Tree management maintenance services,Citywide Service Solutions Pty Ltd (AUS),117733.52,10/11/2026,3678
INV26114,Melbourne Town Hall venue management,Nationwide Towing Services,217209.82,2027-12-06,3585
INV26115,Vehicle tow away and impound services,Nationwide To,141252.97,28/11/12,3585
INV26116,Tree management maintenance services,citywide service solutions pty ltd,0.2m,2029-03-19,3678
INV26117,Building maintenance services,ProgrammedFacilityManagementPtyLtd,,04 July 2029,3630
INV26118,Graffiti management and pressure cleaning services,Calcorp Services Pty. Ltd.,29059.94 AUD,2025-04-03,3668
INV26119,Building cleaning services,Menzies Int’l (Aust) Pty Ltd,122297.39 AUD,26/10/13,3634
INV26120,Graffiti management and pressure cleaning services,CalcorpgServices Pty Ltd,0.2m,31/07/2028,3668
INV26121,Parking technology services,Reino Int’l Pty Ltd T/A Duncan Solutions,125400.6,27-Feb-2025,3623
INV26122,Civil infrastructure services,citywide service solutions pty ltd,"$208,776.84",05 October 2027,3665
INV26123,Civil infrastructure services,CitywideServiceSolutionsPtyLtd,0.1m,06-Aug-2026,3665
INV26124,Integrated security services,National Protective Services Pty Ltd (AUS),116559.23,08/02/2029,3686
INV26125,Integrated security services,National Protective Services Pty Ltd,25075.35,30-Apr-2029, 
INV26126,Parking technology services,Redno International Pty Ltd T/A Duncan Solutions,85446.79,06/06/2029,3623
INV26127,Building cleaning services,Menzies International (Aust) Pty Ltd (AUS),221158.68,2026-12-26,3634
INV26128,Open spaces management - region 1,Citywide  Service  Solutions  Pty  Ltd,0.1m,18-Oct-2028,3676
INV26129,Waste management services,Cleanaway Waste Management Limited,118585.37 AUD,2026-12-31,3556
INV26130,Tree management maintenance services,Citywide  Service  Solutions  Pty  Ltd,56963.68 AUD,29/02/11,3678
INV26131,Civil infrastructure services,Citywide Service ,158862.64 AUD,2027-10-07,3665
INV26132,Street cleaning,Spotless Facility Services Pty Ltd,"$209,780.51",03-Aug-2026,3669
INV26133,Open spaces management - region 1,Citywide Service ,2951.67,21 November 2027,3676
INV26134,Vehicle tow away and impound services,NationwideTowingServices,109178.18,2026-07-23, 
INV26135,Integrated security services,National Protective Serhices Pty Ltd,13600.23,01-May-2027,3686
INV26136,Waste management services,Cleanaway Waste Mgmt Limited,21576.84 AUD,11-May-2025,3556
INV26137,Building maintenance services,Programmed Facility Management Pty Ltd,0.2m,20/02/2029,3630
INV26138,Integrated security services,National Protective Services P/L,77380.07,12/07/2025,3686
INV26139,Building maintenance services,Programmed Facility Management P/L,109469.46,2026-03-12,3630
INV26140,Civil infrastructure services,citywide service solutions pty ltd,70137.59,26/04/2029,3665
INV26141,Melbourne Town Hall venue management,Showtime Event Group Pty. Ltd.,129161.81,26/01/2028,3670
INV26142,Civil infrastructure services,REINO INTERNATIONAL PTY LTD T/A DUNCAN SOLUTIONS,"$123,064.64",16 November 2026,3623
INV26143,Vehicle tow away and impound services,NATIONWIDE TOWING SERVICES,0.2m,2027-10-09,3585
INV26144,Parking technology services,Reino International Pty Ltd TyA Duncan Solutions,0.1m,2025-08-29,3623
INV26145,Integrated security services,National  Protective  Services  Pty  Ltd,0.1m,18/03/2027,3686
INV26146,Waste management services,Cleanaway,175034.2,24 April 2026,3556
INV26147,Open spaces management - region 1,Citywide  Service  Solutions  Pty  Ltd,"$2,067.59",27/12/25,3676
INV26148,Open spaces management - region 1,Citywide Service ,57345.47,24 November 2027,3676
INV26149,Building maintenance services,Programmed Facility Management Pty Ltd (AUS),"$10,254.61",10 July 2029,3630
INV26150,Melbourne Town Hall venue management,Showtime Event Group Pty Ltd,0.2m,20/03/2027,3670
INV26151,Graffiti management and pressure cleaning services,CalcorpServicesPtyLtd,0.2m,04/11/2025,3668
INV26152,Tree management maintenance services,CitywideServiceSolutionsPtyLtd,20244.99,14/10/2027,3678
INV26153,Waste management services,Cleanaway Waste ManagementnLimited,,28/02/01,3556
INV26154,Civil infrastructure services,National Protective Services P/L,0.2m,29/07/19,3686
INV26155,Tree management maintenance services,CITYWIDE SERVICE SOLUTIONS PTY LTD,154090.19,01/11/2027,3678
INV26156,Vehicle tow away and impound services,NATIONWIDE TOWING SERVICES,47347.86,16/05/2027,3585
INV26157,Building maintenance services,Programmed,171134.86 AUD,23/11/2025,3630
INV26158,Open spaces management - region 1,Citywide Service Solutions Pty Ltd,144517.78,29/04/2025,3676
INV26159,Vehicle tow away and impound services,nationwide towing services,63087.04 AUD,2026-08-27,3585
INV26160,Graffiti management and pressure cleaning services,Calcorp Services Pty Ltd,"$38,330.47",25/08/01,3668
INV26161,Graffiti management and pressure cleaning services,calcorp services pty ltd,231392.61 AUD,2026-05-02,3668
INV26162,Melbourne Town Hall venue management,Showtime Event,0.1m,30/03/2028, 
INV26163,Integrated security services,National Protective Services Pty. Ltd.,191196.65,11/08/2026,3686
INV26164,Open spaces management - region 1,Citywide Service Solutions Pty Ltd (AUS),0.0m,26/07/22,3676
INV26165,Management of Active Melbourne recreation facilities,Victorian YMCA Community Programming Pty Ltd,221415.37,11/09/2025,3615
INV26166,Building cleaning services,Menziel International (Aust) Pty Ltd,0.1m,2029-11-04,3634
INV26167,Waste management services,Cleataway Waste Management Limited,0.2m,2025-07-18,3556
INV26168,Waste management services,Cleanaway Waste Management Limited (AU),100576.06,09/08/2026,3556
INV26169,Tree management maintenance services,Citywide,"$2,140.55",16/08/2029,3678
INV26170,Melbourne Town Hall venue management,Showtime Event Group Pty. Ltd.,101122.31,28 May 2026,3670
INV26171,Street cleaning,Spotless,195609.99 AUD,08/01/2029,3669
INV26172,Tree management maintenance services,Citywide Seavice Solutions Pty Ltd,0.2m,2027-01-07,3678
INV26173,Melbourne Town Hall venue management,Showtime  Event  Group  Pty  Ltd,"$160,325.23",28-Jan-2025,3670
INV26174,Graffiti management and pressure cleaning services,Calcorp Services Pty Ltd,210090.49,05/07/2028,3668
INV26175,Parking technology services,CITYWIDE SERVICE SOLUTIONS PTY LTD,232618.62,28/06/02,3665
INV26176,Melbourne Town Hall venue management,Showtime Event Group Pty. Ltd.,242212.7 AUD,28/12/2028, 
INV26177,Building cleaning services,MenziesInternational(Aust)PtyLtd,"$11,743.23",11 January 2027,3634
INV26178,Building cleaning services,Menzies Int’l (Aust) Pty Ltd,"$45,581.02",26/07/10, 
INV26179,Waste management services,Cleanaway Waste Management Limited,0.2m,19/10/2026,3556
INV26180,Parking technology services,Reinm International Pty Ltd T/A Duncan Solutions,238555.57,11/09/2027,3623
INV26181,Tree management maintenance services,Citywide Service Solutions Pty Ljd,,10-Aug-2026,3678
INV26182,Open spaces management - region 2,SEzCO,0.1m,05/02/2027,3677
INV26183,Waste management services,Cleanaway Waste Management Limited,220255.89,01/06/2027,3556
INV26184,Vehicle tow away and impound services,Nationwide Towing Services (AUS),92933.58,25/01/2028,3585
INV26185,Vehicle tow away and impound services,Nationwide Towing Services,151530.45,01/08/2029,3585
INV26186,Parking technology services,Reino International Pty ,0.0m,10/10/2027,3623
INV26187,Melbourne Town Hall venue management,Showtime Event Group Pty Ltd (AU),0.1m,25/12/12, 
INV26188,Tree management maintenance services,Citywide Service Solutions Pty Ltd,0.1m,28/03/2025,3678
INV26189,Management of Active Melbourne recreation facilities,Victorian YMCA Community Programming Pty Ltd,148301.52 AUD,25-Jan-2025,3615
INV26190,Open spaces management - region 1,Citywide Service Solutions Pty Ltd,198061.85 AUD,02/04/2027,3676
INV26191,Tree management maintenance services,Citywide Service Solutions P/L,128725.83,29/06/04,3678
INV26192,Street cleaning,Spotless Facility Services Pty Ltd,154562.67,26 April 2028,3669
INV26193,Integrated security services,National  Protective  Services  Pty  Ltd,0.2m,2028-04-30,3686
INV26194,Parking technology services,REINO INTERNATIONAL PTY LTD T/A DUNCAN SOLUTIONS,0.2m,2025-02-05,3623
INV26195,Building maintenance services,Programmed Facility Management P/L,31563.56,29/01/05,3630
INV26196,Civil infrastructure services,Citywide Service Solutions Pty Ltd,74046.84,29/10/12,3665
INV26197,Open spaces management - region 2,SERCO,204432.45 AUD,31 January 2025,3677
INV26198,Melbourne Town Hall venue management,Showtime Event Group Pty Ltd (AU),0.1m,26 January 2027,3670
INV26199,Melbourne Town Hall venue management,ShowtimeEventGroupPtyLtd,182442.44,27/10/2025, 
INV26200,Building maintenance services,Progjammed Facility Management Pty Ltd,0.2m,28-Jan-2029,3630
INV26201,Civil infrastructure services,CITYWIDE SERVICE SOLUTIONS PTY LTD,78689.68,09/08/2028,3665
INV26202,Melbourne Town Hall venue management,Showtime Event Group Pty Ltd,0.2m,15/02/2028,3670
INV26203,Melbourne Town Hall venue management,Showtime Event Group Pty Ltd (AU),154913.79,2029-09-11,3670
INV26204,Parking technology services,reino international pty ltd t/a duncan solutions,0.2m,05/07/2028, 
INV26205,Civil infrastructure services,Citywide Service Solutions Pty Ltd,106193.22 AUD,25/09/20,3665
INV26206,Tree management maintenance services,Citywide Service Solutions Pty Ltd,74342.81,28/04/18,3678
INV26207,Street cleaning,Spotless Facility Services Pty Ltd,234420.83,2028-11-12,3669
INV26208,Building cleaning services,Menzies International (Aust) Pty Ltd (AU),0.1m,09/06/2029,3634
INV26209,Melbourne Town Hall venue management,Showtime Event Group Pty. Ltd.,178544.76,25-Oct-2025,3670
INV26210,Open spaces management - region 2,SERCO,33942.7,08/07/2027,3677
INV26211,Building maintenance services,Programmed Facility Management Pty Ltd,22258.28,2028-11-28,3630
INV26212,Street cleaning,Spotless Facility Services Pty Ltd,164934.44 AUD,12/09/2028,3669
INV26213,Street cleaning,Spotless Facility Services Pty. Ltd.,3440.41,10-Oct-2028,3669
INV26214,Graffiti management and pressure cleaning services,Calcorp Services Pty Ltd,240724.23,23/09/2027,3668
INV26215,Waste management services,CLEANAWAY WASTE MANAGEMENT LIMITED,83726.57,20/09/2029,3556
INV26216,Civil infrastructure services,Citywide Service Solutions Pty Ltd (AU),73280.94 AUD,14 May 2029,3665
INV26217,Management of Active Melbourne recreation facilities,victorian ymca community programming pty ltd,0.2m,25 October 2027,3615
INV26218,Open spaces management - region 2,SERCO,57955.89,24-Oct-2027,3677
INV26219,Waste management services,Cleanaway Waste Management Limited (AU),232292.26,01/01/2028,3556
INV26220,Graffiti management and pressure cleaning services,Calcorp Services Pty Ltd (AUS),0.2m,01-Apr-2025,3668
INV26221,Melbourne Town Hall venue management,Showtime Event Group Pty Ltd,"$26,350.06",26/06/20,3670
INV26222,Integrated security services,National Protective Services Pty Ltd (AUS),130701.32 AUD,27/09/2027,3686
INV26223,Waste management services,Cleanaway Waste Manaqement Limited,72620.76,08 July 2025,3556
INV26224,Graffiti management and pressure cleaning services,Calcorp Serv,72069.56 AUD,14/05/2027,3668
INV26225,Building maintenance services,Programmed  Facility  Management  Pty  Ltd,16451.58,06/01/2028,3630
INV26226,Graffiti management and pressure cleaning services,Calcorp  Services  Pty  Ltd,"$155,565.34",28/02/2025,3668
INV26227,Open spaces management - region 1,Citywide Service ,152902.46,29 March 2026, 
INV26228,Building maintenance services,Programmed Facility Management Pty Ltd (AU),11668.75 AUD,22/02/2025,3630
INV26229,Street cleaning,Spotless  Facility  Services  Pty  Ltd,0.1m,2025-04-28,3669
INV26230,Open spaces management - region 1,CitywideServiceSolutionsPtyLtd,238160.32 AUD,16 March 2025,3676
INV26231,Integrated security services,National Protective Services Pty Ltd (AU),0.1m,03-Jun-2028,3686
INV26232,Tree management maintenance services,citywide service solutions pty ltd,0.1m,22-Jun-2025,3678
INV26233,Graffiti management and pressure cleaning services,Calcorp Services Pty Ltd,235641.52,03/10/2028,3668
INV26234,Vehicle tow away and impound services,Nationwide Towing Services,0.1m,23-Jun-2025,3585
INV26235,Open spaces management - region 2,SERCO,127201.83,29/11/02,3677
INV26236,Integrated security services,National Protective Services Pty Ltd (AU),197477.88 AUD,31/01/2025,3686
INV26237,Vehicle tow away and impound services,Nationwide  Towing  Services,94827.12 AUD,23 October 2026,3585
INV26238,Melbourne Town Hall venue management,ShowtimeeEvent Group Pty Ltd,124838.06,04/03/2025,3670
INV26239,Building cleaning services,Menzies Ijternational (Aust) Pty Ltd,0.0m,2025-01-01,3634
INV26240,Building cleaning services,Menzies International (Aust) P/L,0.1m,2029-09-12,3634
INV26241,Building maintenance services,Cleanaway Waste M,0.2m,30/11/2029,3556
INV26242,Street cleaning,Spotless Facility Services Pty Ltd,143753.37,29 June 2025,3669
INV26243,Open spaces management - region 1,Citywide Service Sotutions Pty Ltd,0.1m,08-Mar-2027,3676
INV26244,Open spaces management - region 2,SERCO (AUS),230258.52,2027-04-15,3677
INV26245,Open spaces management - region 2,kERCO,218534.97,12-Jan-2027,3677
INV26246,Parking technology services,Reino International Pty Ltd T/A Duncan Solutions (AUS),"$229,936.19",17-Mar-2026,3623
INV26247,Parking technology services,Reino,"$58,473.2",23/12/2028,3623
INV26248,Melbourne Town Hall venue management,Showtime Event,0.0m,28/09/2027,3670
INV26249,Open spaces management - region 2,SERCO,0.1m,01-Jun-2028,3677
INV26250,Tree management maintenance services,Citywide  Service  Solutions  Pty  Ltd,0.1m,26 May 2025,3678
INV26251,Street cleaning,Spotless Facility Services Pty Ltd (AUS),"$78,790.6",14 October 2026,3669
INV26252,Graffiti management and pressure cleaning services,Calcorp,0.1m,11 May 2027,3668
INV26253,Building maintenance services,ProgrammedFacilityManagementPtyLtd,0.2m,01/01/2029,3630
INV26254,Civil infrastructure services,Citywide Service Solutions Pty Ltd,38213.26,2025-11-22,3665
INV26255,Tree management maintenance services,Citywide Service Solutions Pty Ltd,,2028-06-14,3678
INV26256,Street cleaning,Spotless Facility Services Pty Ltd (AU),"$214,772.96",05 April 2029,3669
INV26257,Integrated security services,National Protective Services Pty Ltd,0.2m,2026-02-19,3686
INV26258,Open spaces management - region 1,Citywide,112573.84 AUD,19 May 2026,3678
INV26259,Tree management maintenance services,Citywide Service Solutions Pty Ltd,224863.98 AUD,26/03/05,3678
INV26260,Waste management services,Cleanaway Waste Management Limited (AUS),104648.42,,3556
INV26261,Open spaces management - region 1,Citywide Service Solutions Pty Ltd (AU),181594.77,26/03/2029,3678
INV26262,Street cleaning,spotless facility services pty ltd,76470.41 AUD,29/04/12, 
INV26263,Building cleaning services,Menzies International yAust) Pty Ltd,242135.78,02 October 2029,3634
INV26264,Integrated security services,National Protective Services Pty Ltd,116591.6,29/06/19, 
INV26265,Parking technology services,Nationwide Towing Services (AUS),221251.97,25/06/21,3585
INV26266,Management of Active Melbourne recreation facilities,Victorian YMCA Community Programming P/L,"$240,049.7",25/02/26,3615
INV26267,Management of Active Melbourne recreation facilities,Victorian,0.1m,16-Sep-2029,3615
INV26268,Parking technology services,Reino International Pty Ltd T/A Duncan Solutions,158046.34,17/09/2026,3623
INV26269,Graffiti management and pressure cleaning services,CITYWIDE SERVICE SOLUTIONS PTY LTD,19773.99,14/02/2026,3665
INV26270,Vehicle tow away and impound services,Nationwide Towing Services,"$248,314.89",2027-10-04,3585
INV26271,Waste management services,Cleanaway Waste Management Limited,"$105,655.83",18 July 2028,3556
INV26272,Graffiti management and pressure cleaning services,Calcorp Serv,196746.21 AUD,29/08/06,3668
INV26273,Melbourne Town Hall venue management,SHOWTIME EVENT GROUP PTY LTD,207319.22 AUD,13/10/2026,3670
INV26274,Graffiti management and pressure cleaning services,Calcorp Services Pty Ltd,67502.4,15/05/2027,3668
INV26275,Civil infrastructure services,CitywideServiceSolutionsPtyLtd,57247.2,01 February 2027,3665
INV26276,Management of Active Melbourne recreation facilities,Victorian YMfA Community Programming Pty Ltd,0.1m,2025-08-31,3615
INV26277,Building maintenance services,Programmed Facility Mgmt Pty Ltd,"$113,552.7",23-Sep-2029,3630
INV26278,Building cleaning services,Menzies International (Aust) P/L,"$198,960.14",09-Jan-2027,3634
INV26279,Parking technology services,Reino Intl Pty Ltd T/A Duncan Solutions,0.1m,2025-09-25,3623
INV26280,Integrated security services,National  Protective  Services  Pty  Ltd,183131.58,26/05/18,3686
INV26281,Management of Active Melbourne recreation facilities,Victorian  YMCA  Community  Programming  Pty  Ltd,50159.76,15-Feb-2025,3615
INV26282,Street cleaning,Spotless  Facility  Services  Pty  Ltd,213466.41 AUD,04/04/2028,3669
INV26283,Graffiti management and pressure cleaning services,Calcorp Services Pty Ltd,0.1m,17/01/2028,3668
INV26284,Graffiti management and pressure cleaning services,Calcorp Services Pty Ltd,140926.36 AUD,22/02/2025,3668
INV26285,Waste management services,CleanawayWasteManagementLimited,176391.27 AUD,27/08/01,3556
INV26286,Graffiti management and pressure cleaning services,Calcorp  Services  Pty  Ltd,137864.33,2025-03-08,3668
INV26287,Open spaces management - region 1,Citywide,"$230,271.07",05 April 2027,3676
INV26288,Street cleaning,Spotless Facility Services Pty Ltd,0.1m,11 April 2027,3669
INV26289,Melbourne Town Hall venue management,Showtime Event Group Pty. Ltd.,0.1m,14-Nov-2029,3670
INV26290,Open spaces management - region 1,Citywide Service Solutions Pty Ltd (AU),"$175,118.1",25/06/2027,3676
INV26291,Open spaces management - region 1,Citywide  Service  Solutions  Pty  Ltd,,17-May-2029,3676
INV26292,Waste management services,Cleanaway Waste ranagement Limited,160375.54,09 January 2028,3556
INV26293,Waste management services,Cleanaway Waste Mgmt Limited,150510.73,2026-10-09,3556
INV26294,Parking technology services,REINO INTERNATIONAL PTY LTD T/A DUNCAN SOLUTIONS,"$74,256.01",2025-05-12,3623
INV26295,Melbourne Town Hall venue management,ShowtimeEventGroupPtyLtd,"$92,988.32",26-Aug-2026,3670
INV26296,Parking technology services,Reino International Pty ,"$240,470.05",04/02/2026,3623
INV26297,Civil infrastructure services,Citywide Service Solutions Pty Ltd,197810.14,22/01/2029,3665
INV26298,Building cleaning services,Menzies International (Aust) Pty Ltd,"$5,818.68",18-Oct-2027,3634
INV26299,Graffiti management and pressure cleaning services,Calcorp Services P/L,57273.85,26/05/22,3668
INV26300,Open spaces management - region 1,Citywide Service Solutions Pty. Ltd.,0.1m,28-Sep-2025,3676
INV26301,Street cleaning,Spotless Facility,147837.92,26 May 2026,3669
INV26302,Graffiti management and pressure cleaning services,Calcorp Services Pty Ltd (AUS),"$12,225.43",27/07/07,3668
INV26303,Graffiti management and pressure cleaning services,Calcorp  Services  Pty  Ltd,0.2m,08/12/2028,3668
INV26304,Parking technology services,REINO INTERNATIONAL PTY LTD T/A DUNCAN SOLUTIONS,21440.01 AUD,21 February 2027,3623
INV26305,Building cleaning services,Menzies Internatio,161329.87,08/02/2026,3634
INV26306,Management of Active Melbourne recreation facilities,VICTORIAN YMCA COMMUNITY PROGRAMMING PTY LTD,239822.33,26/04/11,3615
INV26307,Vehicle tow away and impound services,Nationwide Towing Services,247190.31 AUD,10/03/2027,3585
INV26308,Integrated security services,National Protentive Services Pty Ltd,169875.72 AUD,22 December 2029,3686
INV26309,Open spaces management - region 2,SERCO,243853.07,2025-05-21,3677
INV26310,Waste management services,Cleanaway Waste Management Limited,235755.59 AUD,08 March 2026,3556
INV26311,Vehicle tow away and impound services,nationwide towing services,39293.38,28/12/27,3585
INV26312,Building maintenance services,Programmnd Facility Management Pty Ltd,"$11,690.36",15-Aug-2029, 
INV26313,Open spaces management - region 1,CitywideServiceSolutionsPtyLtd,0.2m,27/03/23,3676
INV26314,Street cleaning,Spotless Facility Services Pty Ltd,129337.09 AUD,22 January 2027,3669
INV26315,Vehicle tow away and impound services,Nationwide To,2836.08,30/05/2027,3585
INV26316,Parking technology services,Reino International Pty Ltd T/A Duncan Solutions,10155.61 AUD,25-Sep-2025,3623
INV26317,Building cleaning services,Menzies International (Aust) Pty Ltd (AUS),"$100,444.36",2029-08-13,3634
INV26318,Melbourne Town Hall venue management,Nationwide Towing Services,101452.71,26/12/2027,3585
INV26319,Street cleaning,Spotless Facility Services P/L,62655.84 AUD,2026-02-26,3669
INV26320,Tree management maintenance services,Citywide Service Solutions Pty Ltd (AU),0.0m,2026-10-28,3678
INV26321,Open spaces management - region 2,SERCO,156844.89,30/07/2025,3677
INV26322,Open spaces management - region 1,CITYWIDE SERVICE SOLUTIONS PTY LTD,0.1m,2027-06-23,3676
INV26323,Vehicle tow away and impound services,Nationwide Towing Services,0.2m,26/07/2026,3585
INV26324,Building cleaning services,menzies international (aust) pty ltd,57350.92,2028-07-18,3634
INV26325,Integrated security services,National Protective Services P/L,"$96,221.85",18/12/2027,3686
INV26326,Graffiti management and pressure cleaning services,Calcorp Services Pty. Ltd.,64508.19,16/10/2026,3668
INV26327,Integrated security services,National,0.1m,05/10/2027,3686
INV26328,Vehicle tow away and impound services,Nationwide Towing Services,109148.1,07/03/2029,3585
INV26329,Open spaces management - region 1,Citywide Service Solutions Pty Ltd (AUS),227460.76,29/04/21,3676
INV26330,Open spaces management - region 2,SERCO,206364.13,2025-05-26,3677
INV26331,Open spaces management - region 2,SERCO,139512.92,26/12/2028,3677
INV26332,Parking technology services,Reino International Pty Ltd T/A Duncan Solutions,0.2m,13/01/2026,3623
INV26333,Street cleaning,Spotless Facility Services P/L,"$221,349.0",03-Apr-2027,3669
INV26334,Vehicle tow away and impound services,NATIONWIDE TOWING SERVICES,10537.41,2026-09-14, 
INV26335,Open spaces management - region 2,serco,"$121,008.26",20/02/2027,3677
INV26336,Building cleaning services,Menzies International (Aust) Pty Ltd,0.2m,29/03/08,3634
INV26337,Open spaces management - region 2,SERCO,"$170,948.95",26/06/2026, 
INV26338,Civil infrastructure services,CitywideServiceSolutionsPtyLtd,153042.54,29/09/11,3665
INV26339,Tree management maintenance services,Citywide,182858.68,24/01/2025,3678
INV26340,Waste management services,Cleanaway Waste Management Limited,58562.65,2027-11-24,3556
INV26341,Street cleaning,spotless facility services pty ltd,5732.32,2029-09-05,3669
INV26342,Building maintenance services,Programmed Facility Management Pty Ltd,0.1m,2027-03-08,3630
INV26343,Civil infrastructure services,SpotlessFacilityServicesPtyLtd,154520.02,22-Dec-2025,3669
INV26344,Building maintenance services,Programmed Facility Management Pty Ltd,166046.84,26/02/17,3630
INV26345,Graffiti management and pressure cleaning services,Calcorp Services P/L,18460.56,12-Mar-2027, 
INV26346,Open spaces management - region 2,SHOWTIME EVENT GROUP PTY LTD,"$228,223.22",03/03/2026,3670
INV26347,Graffiti management and pressure cleaning services,CALCORP SERVICES PTY LTD,222927.96 AUD,20/12/2029,3668
INV26348,Tree management maintenance services,Citywide  Service  Solutions  Pty  Ltd,0.1m,18-Oct-2027,3678
INV26349,Tree management maintenance services,Citywide Service Solutions Pty. Ltd.,246694.87,13/03/2028,3678
INV26350,Open spaces management - region 2,serco,"$96,499.31",17 December 2025,3677
INV26351,Building cleaning services,MENZIES INTERNATIONAL (AUST) PTY LTD,0.0m,2027-10-25,3634
INV26352,Street cleaning,Spotless Facility Services Pty Ltd (AU),88754.37 AUD,25/02/2026,3669
INV26353,Street cleaning,Spotless,205723.27,06/01/2025,3669
INV26354,Open spaces management - region 2,SERCO (AUS),0.0m,2025-06-13,3677
INV26355,Street cleaning,spotless facility services pty ltd,63118.35,19/10/2029,3669
INV26356,Management of Active Melbourne recreation facilities,Victorian YMCA Community Programmiig Pty Ltd,57152.69 AUD,10/01/2029,3615
INV26357,Tree management maintenance services,Citywide Service Solutions Pty Ltd,"$67,344.6",25/10/2027,3678
INV26358,Waste management services,Cleanaway,0.1m,2027-08-26,3556
INV26359,Tree management maintenance services,Citywide,147632.82 AUD,2026-05-30,3678
INV26360,Melbourne Town Hall venue management,Showtime Event,0.2m,21-Jan-2028, 
INV26361,Parking technology services,Reino International Pty Ltd T/A Duncan Solutions,"$68,086.41",28/01/01,3623
INV26362,Building maintenance services,Programmed Facility Mgmt Pty Ltd,75398.47 AUD,16/11/2027,3630
INV26363,Graffiti management and pressure cleaning services,Calcorp Serv,"$99,293.9",23-Nov-2025,3668
INV26364,Building maintenance services,Programmed Facility Mgmt Pty Ltd,125565.19 AUD,21 April 2029,3630
INV26365,Integrated security services,national protective services pty ltd,0.1m,2027-01-12,3686
INV26366,Civil infrastructure services,Spotless,"$8,447.55",18-May-2025,3669
INV26367,Building maintenance services,Programmed,135035.11 AUD,17/04/2026, 
INV26368,Integrated security services,National Protective Services Pty Ltd,6567.42,2027-10-05,3686
INV26369,Street cleaning,Spotless Facility Services Pty Ltd,85644.02,05-Nov-2026,3669
INV26370,Melbourne Town Hall venue management,SERCO,197636.15,2027-03-17,3677
INV26371,Street cleaning,Spotless Facility Services Pty Ltd,49927.27 AUD,2025-10-25,3669
INV26372,Street cleaning,SPOTLESS FACILITY SERVICES PTY LTD,0.1m,15-Oct-2029,3669
INV26373,Open spaces management - region 1,Citywide Service Solutions Pty Ltd,"$50,498.16",01/08/2028,3676
INV26374,Civil infrastructure services,CitywideServiceSolutionsPtyLtd,125022.1,26/06/19,3665
INV26375,Management of Active Melbourne recreation facilities,Victorian,214896.71 AUD,2026-03-06,3615
INV26376,Graffiti management and pressure cleaning services,Calcorp Services Pty Ltd (AU),17788.11 AUD,25-Oct-2026,3668
INV26377,Building maintenance services,Programmed  Facility  Management  Pty  Ltd,150166.02,20-Dec-2028,3630
INV26378,Graffiti management and pressure cleaning services,Calcorp Services Pty Ltb,"$249,337.42",2028-05-21,3668
INV26379,Tree management maintenance services,Citywide Service Solutions Pty Ltd (AUS),0.2m,2028-04-13,3678
INV26380,Graffiti management and pressure cleaning services,Calcorp Services Pty. Ltd.,173537.76 AUD,14-Jan-2027,3668
INV26381,Tree management maintenance services,Citywide Service ,0.1m,2026-04-22,3678
INV26382,Civil infrastructure services,citywide service solutions pty ltd,248749.84 AUD,19/03/2025,3665
INV26383,Management of Active Melbourne recreation facilities,Victorian YMCA Community Programming Pty Ltd,243753.51,02/10/2026,3615
INV26384,Parking technology services,Reino Int’l Pty Ltd T/A Duncan Solutions,6095.63,26/11/09,3623
INV26385,Open spaces management - region 1,Citywide,0.1m,24-Oct-2025,3676
INV26386,Tree management maintenance services,Citywide Service Solutions Pty Ltl,0.2m,24/02/2026, 
INV26387,Building cleaning services,menzies international (aust) pty ltd,1157.23,2028-04-11,3634
INV26388,Open spaces management - region 1,CitywideServiceSolutionsPtyLtd,,28/05/31,3676
INV26389,Vehicle tow away and impound services,Nationwide Towing Services (AUS),95224.11,21/10/2029,3585
INV26390,Tree management maintenance services,Citywide Service ,"$197,004.37",2027-08-30,3678
INV26391,Street cleaning,spotless facility services pty ltd,"$226,652.57",2028-03-18,3669
INV26392,Building cleaning services,Menzies International (Aust) P/L,"$142,470.27",2028-02-26,3634
INV26393,Street cleaning,spotless facility services pty ltd,60529.63,26/02/21,3669
INV26394,Building maintenance services,Programmed  Facility  Management  Pty  Ltd,37250.78,03-Jan-2028,3630
INV26395,Vehicle tow away and impound services,Nationwide  Towing  Services,"$150,636.65",20 March 2029,3585
INV26396,Building cleaning services,Menzies International (Aust) Pty Ltd,140305.89,29 January 2027,3634
INV26397,Integrated security services,NationalProtectiveServicesPtyLtd,"$12,232.48",08/01/2027,3686
INV26398,Vehicle tow away and impound services,nationwide towing services,0.2m,28/01/02,3585
INV26399,Tree management maintenance services,Citywide Service Solutions Pty Ltd,178159.65,26/07/21,3678
INV26400,Street cleaning,SPOTLESS FACILITY SERVICES PTY LTD,11307.31,2029-08-27,3669
INV26401,Management of Active Melbourne recreation facilities,Victorian YMCA Community Programming Pty Ltd (AUS),158595.6 AUD,08/06/2029,3615
INV26402,Open spaces management - region 1,Citywide Service Solutions Pty Ltd,"$43,032.87",01/02/2028,3676
INV26403,Building cleaning services,Menzies,"$81,728.0",28/07/16,3634
INV26404,Open spaces management - region 1,Citywide Service Solutions Pty Ltd,"$13,729.98",18/04/2028,3676
INV26405,Graffiti management and pressure cleaning services,Calcorp Services Pty. Ltd.,31776.28,06 April 2026,3668
INV26406,Street cleaning,spotless facility services pty ltd,"$78,102.07",14/07/2027,3669
INV26407,Melbourne Town Hall venue management,showtime event group pty ltd,108569.35,12/09/2029,3670
INV26408,Civil infrastructure services,Citywide Service Solutions Pty Ltd,31349.95,17 March 2028,3665
INV26409,Integrated security services,NATIONAL PROTECTIVE SERVICES PTY LTD,0.2m,17/08/2025,3686
INV26410,Open spaces management - region 1,Citywide  Service  Solutions  Pty  Ltd,0.1m,19/08/2025,3676
INV26411,Open spaces management - region 2,SERkO,"$167,655.52",27/03/10,3677
INV26412,Open spaces management - region 2,Serco,92284.19 AUD,09/06/2029,3677
INV26413,Integrated security services,national protective services pty ltd,"$161,770.03",26-Jan-2025, 
INV26414,Integrated security services,NATIONAL PROTECTIVE SERVICES PTY LTD,148123.94,03-Feb-2025,3686
INV26415,Melbourne Town Hall venue management,Showtime,59234.36,2027-09-19,3670
INV26416,Parking technology services,Reino International Pty Ltd T/A Duncan Solutions,73654.63,20/06/2028,3623
INV26417,Melbourne Town Hall venue management,Showtime  Event  Group  Pty  Ltd,"$38,385.79",04/07/2025,3670
INV26418,Open spaces management - region 2,SERCO (AU),"$194,065.92",10/06/2026,3677
INV26419,Melbourne Town Hall venue management,Showtime Event Group P/L,106104.35,27 October 2026,3670
INV26420,Integrated security services,National Protective Services Pty Ltd,"$41,620.75",02 November 2027,3686
INV26421,Graffiti management and pressure cleaning services,CALCORP SERVICES PTY LTD,"$101,148.1",24-Jan-2029,3668
INV26422,Melbourne Town Hall venue management,Showtime Event Group Pty Ltd (AU),0.0m,12 October 2026,3670
INV26423,Street cleaning,Spotlels Facility Services Pty Ltd,11845.73,27 January 2028,3669
INV26424,Waste management services,Cleanaway Waste Management Limited,"$39,644.34",18/08/2029,3556
INV26425,Integrated security services,National Protective Services Pty Ltd (AUS),53781.45 AUD,2029-07-12,3686
INV26426,Vehicle tow away and impound services,Nationwide Towing Services,0.1m,11/11/2026,3585
INV26427,Civil infrastructure services,Citywide  Service  Solutions  Pty  Ltd,25595.0 AUD,09/03/2029,3665
INV26428,Building cleaning services,Menzies International (Aust) P/L,40590.14 AUD,18/10/2027,3634
INV26429,Management of Active Melbourne recreation facilities,Victorian YMCA Community Programming Pty Ltd,187571.15,13/10/2027,3615
INV26430,Waste management services,Cleanaway  Waste  Management  Limited,0.2m,20-Mar-2027,3556
INV26431,Open spaces management - region 1,Citywide Service Solutions Pty Ltd (AUS),15396.35,27/01/05,3676
INV26432,Melbourne Town Hall venue management,Showtime Event Group Pty Ltd,54536.39,17-Feb-2026,3670
INV26433,Management of Active Melbourne recreation facilities,Victorian YMCA Community Programming Pty Ltd,"$46,511.49",22-Jun-2029,3615
INV26434,Open spaces management - region 2,SERCO,"$95,812.7",15/05/2028,3677
INV26435,Management of Active Melbourne recreation facilities,Victorian YMCA Community Programming Pty. Ltd.,107524.79,06/02/2029,3615
INV26436,Tree management maintenance services,CITYWIDE SERVICE SOLUTIONS PTY LTD,23665.74,2028-04-04, 
INV26437,Civil infrastructure services,citywide service solutions pty ltd,"$25,315.71",28/09/16,3665
INV26438,Vehicle tow away and impound services,Nationwide Towing Services,113303.31,30/06/2028,3585
INV26439,Open spaces management - region 1,Citywide Service Solutions Pty Ltp,"$95,150.65",04-Oct-2029,3676
INV26440,Graffiti management and pressure cleaning services,Calcorp Services Pty Ltd,94231.67,06/04/2027,3668
INV26441,Graffiti management and pressure cleaning services,CalcorpServicesPtyLtd,"$67,372.43",28/07/25,3668
INV26442,Tree management maintenance services,Citywide  Service  Solutions  Pty  Ltd,108221.33 AUD,18 October 2025,3678
INV26443,Street cleaning,Spotless Facility Services Pty. Ltd.,"$218,765.79",18/05/2027,3669
INV26444,Management of Active Melbourne recreation facilities,Victorian YMCA Communi,121030.58,2026-03-26,3615
INV26445,Open spaces management - region 1,SpotlessFacilityServicesPtyLtd,0.2m,31 May 2028,3669
INV26446,Building cleaning services,Menzies Intl (Aust) Pty Ltd,"$177,609.79",08-Jul-2027,3634
INV26447,Parking technology services,Reino Intl Pty Ltd T/A Duncan Solutions,19219.28 AUD,25/01/2026,3623
INV26448,Tree management maintenance services,Citywide Service Solutions Pty Ltd,0.1m,16/11/2029,3678
INV26449,Management of Active Melbourne recreation facilities,Victorian YMCA Community Programming P/L,237882.03,30 March 2026,3615
INV26450,Street cleaning,Spotless,0.1m,30/11/2026,3669
INV26451,Management of Active Melbourne recreation facilities,Victorian YMCA Community Programming Pty Ltd (AU),124786.21 AUD,2025-05-06,3615
INV26452,Parking technology services,Spotless Facility Services Pty Ltd,214328.02 AUD,18-Sep-2025,3669
INV26453,Vehicle tow away and impound services,Nationwide Towing Services,58828.81 AUD,23/12/2027, 
INV26454,Tree management maintenance services,CITYWIDE SERVICE SOLUTIONS PTY LTD,126719.14 AUD,12 February 2027,3678
INV26455,Integrated security services,National Protective Services P/L,0.2m,27/10/31,3686
INV26456,Open spaces management - region 1,Citywide Service Solutions P/L,"$76,310.13",29/05/05, 
INV26457,Civil infrastructure services,Citywide Service Solutions Pty Ltd,79372.85,09-Nov-2027,3665
INV26458,Vehicle tow away and impound services,NATIONWIDE TOWING SERVICES,0.1m,2025-11-01,3585
INV26459,Building cleaning services,Menzies Internatio,85809.27 AUD,2026-09-10,3634
INV26460,Building cleaning services,Menzies,226056.77 AUD,05/08/2027,3634
INV26461,Street cleaning,Spotless Facility Services P/L,238350.7 AUD,09/07/2026,3669
INV26462,Waste management services,Cleanaway Waste Management Limited,"$206,658.03",03/07/2028, 
INV26463,Management of Active Melbourne recreation facilities,Victorian,217029.1 AUD,26/08/16,3615
INV26464,Parking technology services,Reino International Pty Ltd T/A Duncan Solutions,0.2m,2028-02-02,3623
INV26465,Building maintenance services,programmed facility management pty ltd,0.1m,2028-08-15,3630
INV26466,Street cleaning,Spotless Facility Services Pty Ltd (AU),203782.56 AUD,10/12/2025,3669
INV26467,Building cleaning services,Menzies  International  (Aust)  Pty  Ltd,0.0m,2028-03-31,3634
INV26468,Vehicle tow away and impound services,Nationwide To,55690.24,08/11/2025,3585
INV26469,Management of Active Melbourne recreation facilities,Victorian YMCA Community Programming Pty Ltd,0.0m,14/07/2025,3615
INV26470,Management of Active Melbourne recreation facilities,VictorianYMCACommunityProgrammingPtyLtd,2631.1,18-Jan-2026,3615
INV26471,Civil infrastructure services,Citywide Service Solutions Pty Ltd (AU),"$237,521.37",26/02/03, 
INV26472,Graffiti management and pressure cleaning services,Calcorp  Services  Pty  Ltd,45677.97,08 August 2028,3668
INV26473,Vehicle tow away and impound services,Nationwide To,13601.05,13 January 2025,3585
INV26474,Melbourne Town Hall venue management,Showtime Event Group Pty Ltd,0.1m,18/09/2027,3670
INV26475,Vehicle tow away and impound services,NATIONWIDE TOWING SERVICES,0.1m,03-Dec-2025,3585
INV26476,Civil infrastructure services,Citywide Service Solutions Ptw Ltd,218354.04 AUD,2026-08-11,3665
INV26477,Vehicle tow away and impound services,Nationwide Towing Services (AU),130373.88 AUD,16 December 2025,3585
INV26478,Open spaces management - region 2,SERCO,50369.98 AUD,03/02/2026,3677
INV26479,Civil infrastructure services,Citywide Service Solutions P/L,0.0m,25/02/13,3665
INV26480,Melbourne Town Hall venue management,Showtime Event Group Pty Ltd,29751.64 AUD,01/09/2026,3670
INV26481,Parking technology services,Reino  International  Pty  Ltd  T/A  Duncan  Solutions,158655.18,2027-10-30,3623
INV26482,Graffiti management and pressure cleaning services,CalcorpServicesPtyLtd,207205.67 AUD,29/10/23,3668
INV26483,Vehicle tow away and impound services,NATIONWIDE TOWING SERVICES,73014.27,27-May-2029,3585
INV26484,Civil infrastructure services,citywide service solutions pty ltd,0.1m,04/04/2025,3665
INV26485,Parking technology services,Reino International Pty ,"$15,260.26",19/09/2029,3623
INV26486,Street cleaning,Spotless Facility Services Pty Ltd,"$213,035.82",29/10/22,3669
INV26487,Vehicle tow away and impound services,NationwidejTowing Services,0.2m,07 May 2027,3585
INV26488,Waste management services,Cleanaway Waste Management Limited,189809.96 AUD,05/04/2026,3556
INV26489,Tree management maintenance services,Citywide Service Solutions Pty Ltd (AU),145554.82 AUD,07-Apr-2027,3678
INV26490,Civil infrastructure services,Citywide Service Solutions P/L,229695.56,20-Jan-2027,3665
INV26491,Open spaces management - region 2,SERCO,201791.49,28 September 2025,3677
INV26492,Melbourne Town Hall venue management,Showtime Event Group Pty Ltd (AUS),0.2m,26/06/13,3670
INV26493,Tree management maintenance services,Citywide Service Solutions Pty Ltd,"$246,554.14",25 October 2025,3678
INV26494,Open spaces management - region 2,serco,158753.56,29/01/2029,3677
INV26495,Waste management services,Cleanaway,0.2m,10/12/2027,3556
INV26496,Open spaces management - region 1,Citywide Service ,95940.81,03/03/2027,3676
INV26497,Parking technology services,Reino,"$40,827.11",11/07/2027,3623
INV26498,Parking technology services,Reino International P/L T/A Duncan Solutions,183764.23,26/07/2025,3623
INV26499,Waste management services,Cleanaway Waste Management Limited,4675.27,13 February 2027,3556
INV26500,Tree management maintenance services,Citywide Service ,144753.76,2025-09-05,3678
INV26501,Graffiti management and pressure cleaning services,Calcorp Services Pty Ltd (AUS),"$20,811.42",26/07/2025,3668
INV26502,Graffiti management and pressure cleaning services,Calcorp  Services  Pty  Ltd,63974.84,23/05/2027,3668
INV26503,Parking technology services,Reino International Pty. Ltd. T/A Duncan Solutions,237926.09,14-Dec-2028,3623
INV26504,Management of Active Melbourne recreation facilities,VICTORIAN YMCA COMMUNITY PROGRAMMING PTY LTD,"$131,914.47",28/04/2025,3615
INV26505,Open spaces management - region 2,SERCO,178144.28,31-May-2027,3677
INV26506,Open spaces management - region 2,Showtime Event Group Pty Ltd (AUS),57320.97,04/09/2026,3670
INV26507,Melbourne Town Hall venue management,Showtime Event Group P/L,"$38,231.01",30/09/2026,3670
INV26508,Street cleaning,SPOTLESS FACILITY SERVICES PTY LTD,"$121,214.2",28/11/21, 
INV26509,Vehicle tow away and impound services,NationwideTowingServices,"$176,705.29",17/03/2026,3585
INV26510,Management of Active Melbourne recreation facilities,Victorian YMCA CommunityyProgramming Pty Ltd,0.1m,15/10/2028,3615
INV26511,Tree management maintenance services,Citywide Service Solutions Pty Ltd,62153.77,05 March 2028,3678
INV26512,Street cleaning,Spotless  Facility  Services  Pty  Ltd,"$177,499.83",24/05/2027,3669
INV26513,Open spaces management - region 2,Serco,"$187,566.45",13/09/2028,3677
INV26514,Street cleaning,Spotless Facility Services Pty Ltd (AUS),156794.75 AUD,27/07/2029,3669
INV26515,Waste management services,Cleanaway Waste Management Limited,94641.66 AUD,2027-07-16,3556
INV26516,Street cleaning,Spotless,182396.54,22/01/2027,3669
INV26517,Management of Active Melbourne recreation facilities,National Protective Services Pty Ltd (AU),30276.39 AUD,07 May 2028,3686
INV26518,Building maintenance services,Programmed Facility Mgmt Pty Ltd,4116.95,03/08/2027,3630
INV26519,Graffiti management and pressure cleaning services,Calcorp Services Pty. Ltd.,52287.49 AUD,27/05/03,3668
INV26520,Building cleaning services,MENZIES INTERNATIONAL (AUST) PTY LTD,"$136,654.1",18-May-2028,3634
INV26521,Civil infrastructure services,Citywide  Service  Solutions  Pty  Ltd,139060.04 AUD,15/04/2027,3665
INV26522,Open spaces management - region 1,Citywide  Service  Solutions  Pty  Ltd,"$161,683.04",13/04/2027,3676
INV26523,Civil infrastructure services,Citywide Service Solutions Pty Ltd (AU),244315.71,29/10/2029,3665
INV26524,Open spaces management - region 2,SERCO (AUS),"$1,910.35",27 December 2029,3677
INV26525,Vehicle tow away and impound services,Nationwide To,0.2m,25-Oct-2026, 
INV26526,Waste management services,Spotless,"$43,623.71",27/02/20,3669
INV26527,Parking technology services,Reino  International  Pty  Ltd  T/A  Duncan  Solutions,43053.9,2025-04-01,3623
INV26528,Civil infrastructure services,Citywidv Service Solutions Pty Ltd,"$71,047.71",14/03/2025,3665
INV26529,Integrated security services,National Protective Services P/L,0.1m,21-Feb-2025,3686
INV26530,Management of Active Melbourne recreation facilities,Victorian  YMCA  Community  Programming  Pty  Ltd,223278.64,09/12/2026,3615
INV26531,Waste management services,Cleanaway,80342.86,06/05/2029,3556
INV26532,Graffiti management and pressure cleaning services,Calcorp  Services  Pty  Ltd,198585.03 AUD,05-Oct-2028,3668
INV26533,Parking technology services,REINO INTERNATIONAL PTY LTD T/A DUNCAN SOLUTIONS,91242.62,13 October 2028,3623
INV26534,Building maintenance services,Programmed  Facility  Management  Pty  Ltd,134529.87 AUD,19/10/2027,3630
INV26535,Parking technology services,Reino,194514.21,19/10/2029,3623
INV26536,Melbourne Town Hall venue management,Reino,0.0m,30-Sep-2026,3623
INV26537,Tree management maintenance services,Citywide Service Solutions Pty Ltd,39089.62 AUD,03/08/2025,3678
INV26538,Melbourne Town Hall venue management,Showtime Event Group Pty Ltd (AUS),224371.25,03-Jul-2029, 
INV26539,Graffiti management and pressure cleaning services,Citywide Servicf Solutions Pty Ltd,"$71,723.26",04/10/2028,3678
INV26540,Civil infrastructure services,Citywide Service ,0.0m,2025-10-16,3665
INV26541,Parking technology services,Reino International Pty Ltd T/A Duncan golutions,0.1m,21/05/2028,3623
INV26542,Melbourne Town Hall venue management,Showtime Event Group Pty Ltd,"$222,245.26",25/06/06,3670
INV26543,Civil infrastructure services,Citywide Service Solutions P/L,104979.96 AUD,09-Aug-2029,3665
INV26544,Parking technology services,Reino International Pty Ltd T/A Duncan Solutions,0.1m,04/08/2025,3623
INV26545,Graffiti management and pressure cleaning services,Calcorp Serv,191422.17,30/09/2027,3668
INV26546,Melbourne Town Hall venue management,Showtime  Event  Group  Pty  Ltd,137446.31,24 July 2029,3670
INV26547,Building maintenance services,PROGRAMMED FACILITY MANAGEMENT PTY LTD,48899.31 AUD,27/07/2025,3630
INV26548,Waste management services,Cleanaway Waste Management Limited,130502.78,2029-01-17,3556
INV26549,Open spaces management - region 2,serco,41474.66 AUD,2025-09-28,3677
INV26550,Building maintenance services,Programmed,216859.73 AUD,12 October 2029,3630
INV26551,Open spaces management - region 2,SERCO (AUS),144030.13,15 March 2028,3677
INV26552,Open spaces management - region 1,CitywideServiceSolutionsPtyLtd,"$195,639.29",02/05/2025,3676
INV26553,Building maintenance services,Citywide Service Solutions Pty Ltd (AU),"$12,769.32",26/05/2029,3665
INV26554,Graffiti management and pressure cleaning services,Calcorp  Services  Pty  Ltd,218758.33 AUD,29/12/27,3668
INV26555,Graffiti management and pressure cleaning services,Calcorp Services Pty. Ltd.,"$77,940.92",07/06/2027,3668
INV26556,Open spaces management - region 1,Citywide Service Solutions Pty. Ltd.,107961.41,09 June 2027, 
INV26557,Tree management maintenance services,Citywide Service Solutions Pty Ltd,230492.2 AUD,23 March 2025,3678
INV26558,Integrated security services,National Protective Services Pty. Ltd.,0.0m,04-Mar-2029,3686
INV26559,Civil infrastructure services,Citywide Service Solutions P/L,105821.16,12/03/2025,3665
INV26560,Melbourne Town Hall venue management,Showtime Event Group Pty Ltd (AUS),"$121,822.08",06/02/2027,3670
INV26561,Parking technology services,reino international pty ltd t/a duncan solutions,0.2m,17/04/2026,3623
INV26562,Street cleaning,Spotless Facility Services Pty. Ltd.,168938.63,2026-11-09,3669
INV26563,Building cleaning services,Menzies pnternational (Aust) Pty Ltd,"$109,924.79",28/02/2029,3634
INV26564,Tree management maintenance services,citywide service solutions pty ltd,0.2m,08 March 2027, 
INV26565,Graffiti management and pressure cleaning services,calcorp services pty ltd,112952.29 AUD,18/07/2028,3668
INV26566,Open spaces management - region 1,Citywide Service Solutions Pty. Ltd.,84883.29 AUD,09-Apr-2027,3676
INV26567,Graffiti management and pressure cleaning services,Calcorp Services Pty Ltd,0.2m,03/09/2025,3668
INV26568,Melbourne Town Hall venue management,Showtime Event Group P/L,0.2m,26/06/03,3670
INV26569,Open spaces management - region 1,Citywide Service Solutions Pty Ltd,161017.63,28 March 2025,3676
INV26570,Open spaces management - region 2,Serco,0.2m,2025-08-20,3677
INV26571,Building cleaning services,Menzies Int’l (Aust) Pty Ltd,2221.24,17-Dec-2028,3634
INV26572,Waste management services,Cleanaway Waste Management Limited,"$193,340.92",27-Dec-2026,3556
INV26573,Building maintenance services,Programmed  Facility  Management  Pty  Ltd,0.1m,2029-12-24,3630
INV26574,Integrated security services,National Protective Services Pty Ltd,190901.96,26/11/22,3686
INV26575,Melbourne Town Hall venue management,Showtime Event Group Pty Ltd (AUS),114164.37,2029-08-27,3670
INV26576,Street cleaning,Spotless  Facility  Services  Pty  Ltd,118658.43,11 July 2026,3669
INV26577,Civil infrastructure services,Citywide,0.1m,02-Jun-2028,3665
INV26578,Graffiti management and pressure cleaning services,Calcorp Sekvices Pty Ltd,64301.85,05/04/2025,3668
INV26579,Graffiti management and pressure cleaning services,Calcorp Sesvices Pty Ltd,121585.2,2026-09-01,3668
INV26580,Integrated security services,National Protective Services Pty Ltd,140576.22,02/12/2027,3686
INV26581,Graffiti management and pressure cleaning services,CalcorpServicesPtyLtd,116368.89,30/03/2026,3668
INV26582,Management of Active Melbourne recreation facilities,Victorian YMCA Community Programming P/L,22393.57,27/09/05,3615
INV26583,Street cleaning,Spotless Facility Services P/L,118951.32,2027-06-30,3669
INV26584,Building cleaning services,Menzies International (Aust) Pty Ltd,137052.08,27/01/02,3634
INV26585,Vehicle tow away and impound services,Nationwide Towing Services (AU),0.0m,28/09/28,3585
INV26586,Open spaces management - region 1,Citywide,151888.63,27/06/2029,3676
INV26587,Melbourne Town Hall venue management,Showtime Event Group Pty Ltd,124757.7 AUD,01-Jun-2028,3670
INV26588,Parking technology services,Reino International Pty Ltd T/A Duncan Solutions,103096.48,15 January 2028,3623
INV26589,Vehicle tow away and impound services,Nationwide Towing Services,157741.3 AUD,2028-12-26,3585
INV26590,Vehicle tow away and impound services,Nationwide,34465.1,29/11/26,3585
INV26591,Building cleaning services,Menzies Int’l (Aust) Pty Ltd,83123.25,15/08/2029, 
INV26592,Waste management services,Cleanaway Waste Management Limited,35291.78,28 August 2027,3556
INV26593,Civil infrastructure services,CitywideServiceSolutionsPtyLtd,34848.64 AUD,26/11/03, 
INV26594,Building maintenance services,ProgrammedmFacility Management Pty Ltd,194529.49 AUD,28/06/2026,3630
INV26595,Building cleaning services,MENZIES INTERNATIONAL (AUST) PTY LTD,100094.71,2029-02-04,3634
INV26596,Graffiti management and pressure cleaning services,Cleanaway Waste Mgmt Limited,66430.82,26/11/07,3556
INV26597,Street cleaning,Spotless  Facility  Services  Pty  Ltd,131776.59 AUD,06/11/2028,3669
INV26598,Building maintenance services,Programmed,101552.13,15/11/2029,3630
INV26599,Building cleaning services,MenziesInternational(Aust)PtyLtd,126222.01,10/08/2025,3634
INV26600,Open spaces management - region 2,SERCO,"$73,835.77",2025-10-22,3677
INV26601,Civil infrastructure services,Citywide Service ,118043.78,20/08/2029,3665
INV26602,Integrated security services,NationalProtectiveServicesPtyLtd,0.0m,13 May 2025,3686
INV26603,Open spaces management - region 2,bERCO,139218.93,2026-11-14,3677
INV26604,Management of Active Melbourne recreation facilities,Victorian YMCA Community Programming Pty Ltd,"$126,121.58",25/08/2029,3615
INV26605,Civil infrastructure services,Showtime,202232.41 AUD,2025-02-21,3670
INV26606,Management of Active Melbourne recreation facilities,Victorian YMCA Community Programming Pty Ltd,208967.03,12-May-2028,3615
INV26607,Parking technology services,Reino Int’l Pty Ltd T/A Duncan Solutions,188869.8,05-Aug-2029,3623
INV26608,Open spaces management - region 1,citywide service solutions pty ltd,"$45,166.71",02/01/2025,3676
INV26609,Tree management maintenance services,Citywide  Service  Solutions  Pty  Ltd,121879.66,27/09/2028,3678
INV26610,Civil infrastructure services,Citywide Service Solutions P/L,40508.09 AUD,02-Jun-2028,3665
INV26611,Parking technology services,Reino International Pty Ltd T/A Duncan Solutions,0.2m,01/05/2025,3623
INV26612,Integrated security services,National Protective Services Pty Ltd (AUS),0.1m,28/10/2029,3686
INV26613,Open spaces management - region 2,SERCO,"$122,915.27",25/08/25,3677
INV26614,Building maintenance services,Programmed Facility Management Pty Ltd,44470.22,23/02/2027,3630
INV26615,Waste management services,Cleanaway Waste Management Limited (AU),0.2m,29/08/15,3556
INV26616,Civil infrastructure services,citywide service solutions pty ltd,166001.14,05/01/2026,3665
INV26617,Graffiti management and pressure cleaning services,Calcorp Services Pty Ltd,223398.65,2028-09-24,3668
INV26618,Management of Active Melbourne recreation facilities,Victorian YMCA Community Programming Pty Ltd (AU),0.2m,28/05/20, 
INV26619,Building maintenance services,Programmed Facility Mgmt Pty Ltd,228892.67,18-Sep-2027,3630
INV26620,Graffiti management and pressure cleaning services,Calcorp Services Pty Ltd,64116.65,30-Jun-2029,3668
INV26621,Vehicle tow away and impound services,Nationwide Towing Services (AU),101467.24,30/04/2026,3585
INV26622,Open spaces management - region 1,Citywide Service Solutions Pty Ltd,30968.22 AUD,06/03/2027,3676
INV26623,Open spaces management - region 1,Citywide Service Solutions Pty Ltd,220568.59,06/06/2029,3676
INV26624,Management of Active Melbourne recreation facilities,Victorian YMCA Community Programming Pty Ltd,0.1m,2025-03-31,3615
INV26625,Parking technology services,Reino International Pty Ltd T/A Duncan Solutions (AUS),0.2m,24/09/2028,3623
INV26626,Parking technology services,reino international pty ltd t/a duncan solutions,"$37,026.18",06/06/2027,3623
INV26627,Integrated security services,National,225569.72 AUD,09/01/2025,3686
INV26628,Open spaces management - region 2,SERCO (AUS),"$168,335.28",10/08/2028,3677
INV26629,Tree management maintenance services,Citywide Service Solutions Pty Ltd,"$157,598.86",03/09/2029,3678
INV26630,Street cleaning,Spotless,81488.11 AUD,09/11/2026,3669
INV26631,Open spaces management - region 1,CitywideServiceSolutionsPtyLtd,0.2m,26/07/2025,3676
INV26632,Open spaces management - region 1,Citywide  Service  Solutions  Pty  Ltd,60809.11,02-Mar-2028,3676
INV26633,Open spaces management - region 2,SERCO (AU),"$166,610.65",15/12/2027,3677
INV26634,Melbourne Town Hall venue management,SHOWTIME EVENT GROUP PTY LTD,153603.78,18 January 2028,3670
INV26635,Building cleaning services,Menzies  International  (Aust)  Pty  Ltd,199786.74,28/02/08, 
INV26636,Open spaces management - region 1,Citywide,6065.82,25/02/10,3676
INV26637,Melbourne Town Hall venue management,Showtime Event Group Pty. Ltd.,"$61,891.46",2025-05-29,3670
INV26638,Graffiti management and pressure cleaning services,CalcorpServicesPtyLtd,3881.55,15-Sep-2028,3668
INV26639,Integrated security services,National Protective Services P/L,226109.09,16/12/2027,3686
INV26640,Tree management maintenance services,CitywideServiceSolutionsPtyLtd,226759.43,28/08/14,3678
INV26641,Parking technology services,Reino International Pty Lvd T/A Duncan Solutions,12346.14 AUD,04/08/2025,3623
INV26642,Building cleaning services,MENZIES INTERNATIONAL (AUST) PTY LTD,131090.58,15 March 2026,3634
INV26643,Waste management services,Cleanaway Waste Management Limpted,82050.62,24 October 2026,3556
INV26644,Building maintenance services,Programmed Facility Mgmt Pty Ltd,128650.93,14/09/2025,3630
INV26645,Graffiti management and pressure cleaning services,Calcorp  Services  Pty  Ltd,42581.57,22 February 2025,3668
INV26646,Parking technology services,REINO INTERNATIONAL PTY LTD T/A DUNCAN SOLUTIONS,114050.82 AUD,15 September 2029,3623
INV26647,Open spaces management - region 2,SERCO,120121.01 AUD,2029-08-20,3677
INV26648,Open spaces management - region 2,SERCO (AUS),226790.9,06-Jul-2029,3677
INV26649,Open spaces management - region 2,serco,0.2m,06-Jan-2025,3677
INV26650,Tree management maintenance services,citywide service solutions pty ltd,"$83,508.48",06/07/2027,3678
INV26651,Integrated security services,National Protective Services Pty Ltd,"$109,777.94",01/10/2028,3686
INV26652,Parking technology services,Reino International Pty Ltd T/A Duncan Solutions,3883.85 AUD,26/09/2029,3623
INV26653,Waste management services,Cleanaway Waste Mgmt Limited,0.1m,17-Apr-2025,3556
INV26654,Building maintenance services,ProgrammedFacilityManagementPtyLtd,141555.13 AUD,30/03/2029,3630
INV26655,Parking technology services,Reino International Pty. Ltd. T/A Duncan Solutions,193087.52,2029-06-26,3623
INV26656,Integrated security services,National Protective Services Pty. Ltd.,"$188,918.74",28/01/11,3686
INV26657,Vehicle tow away and impound services,Nationwide Towing Services,1588.56,28/06/2028,3585
INV26658,Street cleaning,Spotless  Facility  Services  Pty  Ltd,182969.22 AUD,08/06/2029,3669
INV26659,Vehicle tow away and impound services,Nationwide Towing Servicws,244417.12,26/08/13,3585
INV26660,Open spaces management - region 1,Citywide Service Solutions Pty Ltd (AUS),162012.63 AUD,27-Mar-2027,3676
INV26661,Building maintenance services,PROGRAMMED FACILITY MANAGEMENT PTY LTD,,2026-05-29,3630
INV26662,Tree management maintenance services,Citywide Service Solutions P/L,"$83,571.9",12 April 2028,3678
INV26663,Building maintenance services,Programmed Facility Management P/L,34077.07,04 June 2025,3630
INV26664,Waste management services,Cleanaway Waste Management Ltd,236656.24,21-Dec-2025,3556
INV26665,Management of Active Melbourne recreation facilities,Victorian YMCA Communi,9581.84 AUD,13-Nov-2028,3615
INV26666,Building cleaning services,Menzies International (Aust) Pty Ltd,93922.23,25/10/26,3634
INV26667,Tree management maintenance services,Citywide,"$94,402.2",27/11/29,3678
INV26668,Management of Active Melbourne recreation facilities,Victorian YMCA Community Programming Pty Ltd (AUS),0.1m,02 June 2027,3615
INV26669,Building maintenance services,Programmed Facility,27940.32 AUD,22-Jul-2028, 
INV26670,Management of Active Melbourne recreation facilities,Victorian YMCA Community Programming Pty Ltd,77009.42 AUD,27 September 2026,3615
INV26671,Building maintenance services,Programmed Facility Maqagement Pty Ltd,207506.09,2026-07-16, 
INV26672,Waste management services,Cleanaway Waste Management Ltd,0.2m,16-Jul-2028,3556
INV26673,Civil infrastructure services,Citywide Service Solutions Pty Ltx,141110.63,21/11/2026,3665
INV26674,Parking technology services,Reino International Pty Ltd T/A Duncan Souutions,63705.83 AUD,05/02/2029,3623
INV26675,Building maintenance services,Programmed Facility Management Pty Ltd,"$205,882.61",12/05/2026,3630
INV26676,Graffiti management and pressure cleaning services,Calcorp Services Pty Ltd,52496.4,09 July 2025,3668
INV26677,Street cleaning,Spotless Facility Services Pty Ltd (AUS),68404.12 AUD,28/01/29,3669
INV26678,Building cleaning services,Menzies International (Aust) P/L,"$208,774.76",2029-11-12,3634
INV26679,Tree management maintenance services,CITYWIDE SERVICE SOLUTIONS PTY LTD,0.1m,18/07/2028,3678
INV26680,Building maintenance services,Programmed Facility Management P/L,195425.37,29/04/22,3630
INV26681,Melbourne Town Hall venue management,Showtime Event Group Pty Ltd,249892.97 AUD,2025-01-01,3670
INV26682,Open spaces management - region 1,CITYWIDE SERVICE SOLUTIONS PTY LTD,0.2m,2026-01-05,3676
INV26683,Graffiti management and pressure cleaning services,Calcorp,"$184,924.74",14-Nov-2025,3668
INV26684,Street cleaning,SPOTLESS FACILITY SERVICES PTY LTD,207257.84 AUD,29-May-2025,3669
INV26685,Management of Active Melbourne recreation facilities,Victorian YMCA Community Programming Pty. Ltd.,124257.99 AUD,28/12/2027,3615
INV26686,Vehicle tow away and impound services,Nationwide Towing Services,"$144,547.84",06-Jan-2028,3585
INV26687,Management of Active Melbourne recreation facilities,victorian ymca community programming pty ltd,0.1m,25/06/20,3615
INV26688,Open spaces management - region 2,serco,12191.19 AUD,19/11/2028,3677
INV26689,Street cleaning,SPOTLESS FACILITY SERVICES PTY LTD,166441.9 AUD,08/11/2028,3669
INV26690,Melbourne Town Hall venue management,Showtime Event Group Pty Ltd (AUS),121402.68,27/06/28,3670
INV26691,Management of Active Melbourne recreation facilities,Reino International Pty. Ltd. T/A Duncan Solutions,111200.43,10 April 2029,3623
INV26692,Civil infrastructure services,Citywide Service Solutions Pty Ltd (AUS),215523.72,16-Jul-2025, 
INV26693,Building maintenance services,Programmed Facility,0.1m,28/04/11,3630
INV26694,Civil infrastructure services,CITYWIDE SERVICE SOLUTIONS PTY LTD,94602.02 AUD,2025-07-25,3665
INV26695,Parking technology services,Reino International Pty Ltd T/A Duncan Solutions,"$214,897.22",29/09/15,3623
INV26696,Civil infrastructure services,Citywide Service Solutions Pty. Ltd.,0.1m,07-Jun-2025,3665
INV26697,Tree management maintenance services,Citywide Service Solutions Pty Ltd,"$230,373.86",22/06/2029,3678
INV26698,Tree management maintenance services,Citywide Service ,52797.55,28/03/28,3678
INV26699,Building cleaning services,Menzies International (Aust) Pty. Ltd.,108967.7,28/01/10,3634
INV26700,Management of Active Melbourne recreation facilities,victorian ymca community programming pty ltd,"$247,080.42",29-Mar-2029,3615
INV26701,Open spaces management - region 2,SERCo,233709.93 AUD,08-Jun-2027,3677
INV26702,Parking technology services,Reino,"$94,831.52",13/11/2026,3623
INV26703,Melbourne Town Hall venue management,Showtime  Event  Group  Pty  Ltd,192634.7 AUD,29/10/30,3670
INV26704,Vehicle tow away and impound services,Nationwide Towing Services (AUS),118822.4,26/06/11,3585
INV26705,Civil infrastructure services,Citywide,0.1m,27/08/07,3665
INV26706,Integrated security services,NATIONAL PROTECTIVE SERVICES PTY LTD,0.1m,28/07/26,3686
INV26707,Vehicle tow away and impound services,Nationwide Towing Services,131906.67,19/07/2027,3585
INV26708,Open spaces management - region 1,Citywide Service Solutions PtyeLtd,131834.02,10-Sep-2027,3676
INV26709,Waste management services,Cleanaway Waste Management Lilited,0.2m,22/08/2025,3556
INV26710,Tree management maintenance services,citywide service solutions pty ltd,"$195,302.67",07 March 2027,3678
INV26711,Waste management services,National Protective Services Pty Ltd,13292.48 AUD,25 March 2029,3686
INV26712,Building cleaning services,Menzies International (Aust) Pty Ltd,237755.98,29/04/30,3634
INV26713,Management of Active Melbourne recreation facilities,VICTORIAN YMCA COMMUNITY PROGRAMMING PTY LTD,197752.38 AUD,04/07/2027,3615
INV26714,Civil infrastructure services,CITYWIDE SERVICE SOLUTIONS PTY LTD,215197.53 AUD,22 November 2026,3665
INV26715,Waste management services,Cleanaway Waste Management Limited,237553.69,08/06/2025,3556
INV26716,Graffiti management and pressure cleaning services,CalcorpServicesPtyLtd,184557.91 AUD,20-Dec-2028,3668
INV26717,Building cleaning services,Menzies Int’l (Aust) Pty Ltd,90722.81,16/07/2028,3634
INV26718,Vehicle tow away and impound services,Nationwide Towing Services,31020.13,09/10/2029,3585
INV26719,Tree management maintenance services,CitywideServiceSolutionsPtyLtd,"$191,449.81",25/01/25,3678
INV26720,Open spaces management - region 2,SERCO (AU),"$150,388.01",02 October 2027,3677
INV26721,Integrated security services,National,29375.09,25/03/10,3686
INV26722,Integrated security services,National Protective Services Pty Ltd (AUS),10785.55 AUD,29/07/03,3686
INV26723,Graffiti management and pressure cleaning services,Calcorp Services Pty Ltd,234437.38 AUD,03/12/2025,3668
INV26724,Civil infrastructure services,Citywide  Service  Solutions  Pty  Ltd,"$80,850.47",07/11/2026, 
INV26725,Open spaces management - region 1,Citywide Service ,"$20,153.11",25/12/06,3676
INV26726,Tree management maintenance services,Citywide Serzice Solutions Pty Ltd,167173.17,02-Nov-2025,3678
INV26727,Building maintenance services,Programmed  Facility  Management  Pty  Ltd,39954.95,07 July 2025,3630
INV26728,Integrated security services,National Protective Services uty Ltd,"$95,214.39",18-Feb-2028,3686
INV26729,Building maintenance services,Programmed Facility Management Pty Ltd,0.2m,22/09/2027,3630
INV26730,Open spaces management - region 2,SERCO,0.2m,15 July 2027,3677
INV26731,Integrated security services,National Protective Services Pty Ltd,221188.78,16-Aug-2029,3686
INV26732,Management of Active Melbourne recreation facilities,VictorianYMCACommunityProgrammingPtyLtd,163781.59 AUD,27/07/2029,3615
INV26733,Management of Active Melbourne recreation facilities,victorian ymca community programming pty ltd,0.1m,08 June 2029,3615
INV26734,Building cleaning services,Menzies Int’l (Aust) Pty Ltd,123096.37,20/11/2025,3634
INV26735,Open spaces management - region 1,Citywide Service Solutions P/L,245231.78,06/09/2025,3676
INV26736,Civil infrastructure services,Citywide Service Solutions P/L,"$144,893.03",26/06/13,3665
INV26737,Waste management services,Cleanaway Waste Management Limited (AUS),2453.28 AUD,01/07/2029,3556
INV26738,Open spaces management - region 1,Citywide Service Solutions Pty. Ltd.,198466.37 AUD,29/10/07,3676
INV26739,Tree management maintenance services,Citywmde Service Solutions Pty Ltd,69553.49 AUD,05 February 2029,3678
INV26740,Graffiti management and pressure cleaning services,Calcorp Services Pty Ltd (AUS),0.0m,15/07/2027,3668
INV26741,Building cleaning services,Menzies Internatio,"$26,561.27",2029-11-22,3634
INV26742,Open spaces management - region 1,Citywide Service Solutions Pty Ltd,"$1,453.9",25/06/2027,3676
INV26743,Street cleaning,Spotless Facility Services Pty Ltd,200271.9,06/08/2025,3669
INV26744,Melbourne Town Hall venue management,Showtime Event Group P/L,0.0m,03/11/2027,3670
INV26745,Open spaces management - region 2,SERCO,17058.8 AUD,21 February 2029,3677
INV26746,Vehicle tow away and impound services,Nationwide Towing Services,79575.33,2028-01-19,3585
INV26747,Management of Active Melbourne recreation facilities,Victorian YMCA Community Programming P/L,248849.13,16 February 2028,3615
INV26748,Open spaces management - region 1,Citywide Service Solutions Pty Ltd (AU),"$31,677.24",22 June 2025,3676
INV26749,Parking technology services,Reino International Pty Ltd T/A Dancan Solutions,219294.12,2028-11-29,3623
INV26750,Melbourne Town Hall venue management,ShowtimeEventGroupPtyLtd,0.1m,06/08/2029,3670
INV26751,Management of Active Melbourne recreation facilities,Victorian Ymca Community Programming Pty Ltd,36158.85 AUD,2028-02-20,3615
INV26752,Integrated security services,National Protectiv,"$136,695.13",14 March 2026,3686
INV26753,Management of Active Melbourne recreation facilities,Victorian YMCA Community Programming Pty Ltd (AUS),66800.38,25/08/07,3615
INV26754,Tree management maintenance services,Citywide Servibe Solutions Pty Ltd,0.1m,23/11/2025,3678
INV26755,Open spaces management - region 2,SERCO,12781.2,2026-05-04,3677
INV26756,Melbourne Town Hall venue management,SHOWTIME EVENT GROUP PTY LTD,184871.48,27/09/09,3670
INV26757,Management of Active Melbourne recreation facilities,VictorianYMCACommunityProgrammingPtyLtd,5795.67,2025-09-22,3615
INV26758,Vehicle tow away and impound services,nationwide towing services,0.1m,11-Mar-2026,3585
INV26759,Street cleaning,SPOTLESS FACILITY SERVICES PTY LTD,143536.37,18 July 2029,3669
INV26760,Open spaces management - region 1,Citywide Service Solutions Pty Ltd (AU),0.1m,12-Mar-2026,3676
INV26761,Vehicle tow away and impound services,Spotless,234277.96,04 September 2029,3669
INV26762,Waste management services,Cleanaway Waste Management Limited,52857.44 AUD,29/05/12,3556
INV26763,Waste management services,cleanaway waste management limited,80123.01,25/07/26,3556
INV26764,Waste management services,cleanaway waste management limited,0.0m,03/11/2026,3556
INV26765,Vehicle tow away and impound services,NATIONWIDE TOWING SERVICES,120569.46,30/05/2029,3585
INV26766,Civil infrastructure services,Citywide Service Solutions Pty Ltd,31176.39 AUD,29/05/19,3665
INV26767,Management of Active Melbourne recreation facilities,Reino International Pty Ltd T/A Duncan Solutions,75422.01,28/11/2026,3623
INV26768,Building cleaning services,Menzies International (Aust) Pty Ltd,,22 September 2029,3634
INV26769,Open spaces management - region 2,SERCO,"$33,679.83",02/01/2029, 
INV26770,Parking technology services,REINO INTERNATIONAL PTY LTD T/A DUNCAN SOLUTIONS,"$78,268.91",12-Nov-2028,3623
INV26771,Open spaces management - region 1,Citywide Service Solutions Pty Ltd,0.2m,05-Feb-2028,3676
INV26772,Civil infrastructure services,Citywide Service Solutions Pty Ltd (AUS),0.2m,27/04/2029,3665
INV26773,Management of Active Melbourne recreation facilities,Victorian YMCA Community Programming pty Ltd,153923.27 AUD,13-May-2026,3615
INV26774,Parking technology services,Reino International P/L T/A Duncan Solutions,0.0m,07-Jun-2028,3623
INV26775,Tree management maintenance services,Citywide Service Solutions Pty Ltd (AUS),7767.13,18/10/2027,3678
INV26776,Vehicle tow away and impound services,Showtime,"$59,803.01",2028-07-06,3670
INV26777,Building maintenance services,ProgrammedFacilityManagementPtyLtd,"$21,584.38",28/03/28,3630
INV26778,Open spaces management - region 2,SERCO,141326.81,14/07/2027,3677
INV26779,Vehicle tow away and impound services,Nationwide  Towing  Services,7968.78 AUD,28/08/2026,3585
INV26780,Integrated security services,National Protectiv,28350.6 AUD,14/08/2025,3686
INV26781,Waste management services,Cleanaway  Waste  Management  Limited,194841.09 AUD,25/09/2029,3556
INV26782,Vehicle tow away and impound services,Nationwide Towing Services,0.0m,26/04/25,3585
INV26783,Graffiti management and pressure cleaning services,Calcorp Services P/L,49841.35,22/09/2029,3668
INV26784,Parking technology services,Reino International P/L T/A Duncan Solutions,102639.17 AUD,09-May-2027,3623
INV26785,Graffiti management and pressure cleaning services,Calcorp Services P/L,0.0m,05-Feb-2027,3668
INV26786,Graffiti management and pressure cleaning services,Calcorp Services Pty Ltd,0.0m,03/10/2025,3668
INV26787,Waste management services,Citywide Service Solutions Pty Ltd (AU),"$135,565.16",14/02/2025,3676
INV26788,Waste management services,Cleanaway Waste Management Ltd,"$162,748.62",25/11/29,3556
INV26789,Waste management services,Cleanaway Waste Management Limited (AU),66118.5,2029-10-24,3556
INV26790,Melbourne Town Hall venue management,SHOWTIME EVENT GROUP PTY LTD,4010.43 AUD,12/08/2026,3670
INV26791,Open spaces management - region 2,SERCO,39746.04,26/10/12,3677
INV26792,Management of Active Melbourne recreation facilities,Victorian  YMCA  Community  Programming  Pty  Ltd,97234.2 AUD,2025-02-05,3615
INV26793,Parking technology services,Reino Intl Pty Ltd T/A Duncan Solutions,"$181,459.23",28/07/10,3623
INV26794,Graffiti management and pressure cleaning services,Calcorp Services Pty Ltd,0.1m,26 December 2029,3668
INV26795,Street cleaning,spotless facility services pty ltd,26609.15,2027-10-22,3669
INV26796,Vehicle tow away and impound services,nationwide towing services,"$217,420.82",07-Jul-2027, 
INV26797,Vehicle tow away and impound services,National Protective cervices Pty Ltd,188072.01 AUD,2029-08-22,3686
INV26798,Building cleaning services,Menzies International (Aust) Pty Ltd (AUS),0.0m,2027-11-22,3634
INV26799,Vehicle tow away and impound services,Nationwide TowingeServices,"$17,508.65",29/10/2028,3585
INV26800,Parking technology services,Reino Int’l Pty Ltd T/A Duncan Solutions,118141.92 AUD,23/08/2025,3623
INV26801,Tree management maintenance services,CITYWIDE SERVICE SOLUTIONS PTY LTD,83006.65,21/02/2027,3678
INV26802,Civil infrastructure services,Citywide Service Solutions Phy Ltd,223663.83,16/03/2029,3665
INV26803,Waste management services,Cleanaway Waste Management Limited,181534.72 AUD,05 October 2026,3556
INV26804,Civil infrastructure services,Citywide  Service  Solutions  Pty  Ltd,"$145,471.74",2025-08-26,3665
INV26805,Building cleaning services,Menzies International (Aust) Pty Ltd,"$7,545.19",17/04/2029,3634
INV26806,Parking technology services,Reino International Pty Ltd T/A Duncan Solutions,0.2m,2029-07-10,3623
INV26807,Building maintenance services,Programmed  Facility  Management  Pty  Ltd,169570.76,26/03/10,3630
INV26808,Building cleaning services,Menzies Internatio,"$148,977.77",02-Sep-2025,3634
INV26809,Tree management maintenance services,Citywide Service ,0.2m,08/06/2029,3678
INV26810,Civil infrastructure services,Citywide Service Solutions Pty Ltd,188021.54,15-Feb-2027,3665
INV26811,Open spaces management - region 2,SERCO,0.1m,2028-10-13,3677
INV26812,Civil infrastructure services,CITYWIDE SERVICE SOLUTIONS PTY LTD,216595.6 AUD,14/09/2027, 
INV26813,Graffiti management and pressure cleaning services,Calcorp zervices Pty Ltd,110836.21,29/08/21,3668
INV26814,Building maintenance services,Programmed,"$86,415.97",05 May 2029,3630
INV26815,Street cleaning,Spotless  Facility  Services  Pty  Ltd,"$168,050.0",30/05/2027, 
INV26816,Street cleaning,Spotless Facility Services Pty Ltd,93119.85 AUD,2028-08-21,3669
INV26817,Graffiti management and pressure cleaning services,Calcorp Services Pty Ltd,"$99,795.33",19/07/2026,3668
INV26818,Graffiti management and pressure cleaning services,Calcorp Services Pty Ltd,2894.14,,3668
INV26819,Management of Active Melbourne recreation facilities,Victorian YMCA Community Programming Pty. Ltd.,138603.92 AUD,2028-04-03,3615
INV26820,Civil infrastructure services,Citywide Service Solutions Pty Ltd (AU),2451.15,11-Dec-2027,3665
INV26821,Street cleaning,Spotless  Facility  Services  Pty  Ltd,167669.9 AUD,26/02/2025,3669
INV26822,Melbourne Town Hall venue management,Showtime Event Group Pty Ltd,197027.43,12 October 2025,3670
INV26823,Graffiti management and pressure cleaning services,Calcorp Services Pty Ltd,134265.56 AUD,08 February 2026,3668
INV26824,Civil infrastructure services,Citywide,91851.93 AUD,04/08/2025,3665
INV26825,Street cleaning,Spotless Facility Services Pty Ltd,"$165,412.99",2026-05-10,3669
INV26826,Street cleaning,Spotless Facility Services Pty Ltd (AUS),"$49,273.22",2029-10-21,3669
INV26827,Graffiti management and pressure cleaning services,Calcorp Services Pty Ltd,"$109,528.17",29/03/29,3668
INV26828,Vehicle tow away and impound services,Nationwide Towing Services,240580.96,09 September 2027,3585
INV26829,Waste management services,Cleanaway Waste Management Limited (AU),0.2m,27/06/25,3556
INV26830,Vehicle tow away and impound services,Nationwide Towing Services,194049.73 AUD,28/10/24,3585
INV26831,Open spaces management - region 2,SERCO,"$205,174.66",2028-06-28,3677
INV26832,Parking technology services,Reino International Pty Ltd T/A Duncan Solutions,"$193,364.63",16 May 2026,3623
INV26833,Street cleaning,Spotless  Facility  Services  Pty  Ltd,0.2m,05/10/2026,3669
INV26834,Waste management services,Cleanaway Waste Management Limited (AUS),0.1m,15/05/2028,3556
INV26835,Building cleaning services,menzies international (aust) pty ltd,111476.5 AUD,31/08/2029,3634
INV26836,Tree management maintenance services,Citywide Service ,154268.29,10 March 2028,3678
INV26837,Open spaces management - region 1,Citywide Service Solutions Pty Ltd (AU),0.1m,20 October 2028,3676
INV26838,Building cleaning services,Programmed Facility Manngement Pty Ltd,0.1m,09/02/2029,3630
INV26839,Parking technology services,Reino  International  Pty  Ltd  T/A  Duncan  Solutions,24470.86 AUD,23 October 2028, 
INV26840,Open spaces management - region 1,Citywide Service ,196450.34 AUD,2029-11-01,3676
INV26841,Melbourne Town Hall venue management,SHOWTIME EVENT GROUP PTY LTD,0.2m,03-Aug-2026,3670
INV26842,Civil infrastructure services,Citywide Service Solutions Pty Ltd,146128.79,07-Dec-2026,3665
INV26843,Building cleaning services,Menzies International (Aust) Pty Ltd (AUS),0.0m,26/05/08,3634
INV26844,Tree management maintenance services,Citypide Service Solutions Pty Ltd,0.1m,10-Feb-2025,3678
INV26845,Open spaces management - region 2,Calcorp Services Pty Ltd,0.2m,19-Jun-2025,3668
INV26846,Parking technology services,Reino  International  Pty  Ltd  T/A  Duncan  Solutions,"$174,815.69",17-Nov-2025,3623
INV26847,Open spaces management - region 1,Citywide Service Solutions Pty Ltd,"$117,886.9",2026-08-02,3676
INV26848,Management of Active Melbourne recreation facilities,Victorian,162058.43,07 February 2028,3615
INV26849,Civil infrastructure services,Citywide Service Solutions Pty Lzd,11101.29,24/08/2025,3665
INV26850,Building maintenance services,Programmed Facility Mgmt Pty Ltd,"$117,089.12",07-Oct-2027,3630
INV26851,Parking technology services,Reino International Pty Ltd T/A Duncan Solutions,0.0m,03-Jan-2028,3623
INV26852,Civil infrastructure services,Citywide Service Solutions Pty. Ltd.,"$56,611.07",02/04/2026,3665
INV26853,Management of Active Melbourne recreation facilities,VICTORIAN YMCA COMMUNITY PROGRAMMING PTY LTD,77132.75,31-May-2029,3615
INV26854,Civil infrastructure services,Citywide Service Solutions Pty Ltd,212483.85 AUD,04 February 2025,3665
INV26855,Building maintenance services,Programmed Facility,"$207,113.54",2025-01-02,3630
INV26856,Parking technology services,REINO INTERNATIONAL PTY LTD T/A DUNCAN SOLUTIONS,0.2m,30-Sep-2025,3623
INV26857,Open spaces management - region 2,Programmed Facility Management Pty Ltd,197680.04,24-Jan-2029,3630
INV26858,Street cleaning,Spotless,200785.94 AUD,22-Jan-2027,3669
INV26859,Melbourne Town Hall venue management,Showtime Event,9266.56,28/06/2026,3670
INV26860,Open spaces management - region 1,Citywide Service Solutions Pty Ltd,146851.69,14-Jan-2025,3676
INV26861,Open spaces management - region 2,Nationwide Towing Services,"$139,913.97",19 April 2027,3585
INV26862,Graffiti management and pressure cleaning services,Calcorp Services P/L,"$131,980.03",19-Jul-2025,3668
INV26863,Street cleaning,SpotlesssFacility Services Pty Ltd,104233.57 AUD,05/06/2026,3669
INV26864,Civil infrastructure services,Citywide Service Solutions P/L,0.2m,08/11/2029,3665
INV26865,Waste management services,Cleanaway  Waste  Management  Limited,"$115,270.43",09/05/2027, 
INV26866,Melbourne Town Hall venue management,Showtime Event Group Pty Ltd (AU),"$238,857.62",31/08/2026,3670
INV26867,Vehicle tow away and impound services,Nationwide  Towing  Services,235301.11,2026-01-03,3585
INV26868,Melbourne Town Hall venue management,Showtime Event,0.1m,03 February 2025,3670
INV26869,Open spaces management - region 1,Citywide Service Solutions Pty Ltd,0.1m,27/08/29,3676
INV26870,Civil infrastructure services,Citywide  Service  Solutions  Pty  Ltd,243032.14,23 April 2025,3665
INV26871,Parking technology services,Reino International Pty ,"$208,434.11",2027-09-04,3623
INV26872,Building maintenance services,Programmed Facility Management Pty Ltd (AU),195159.38 AUD,2028-08-08,3630
INV26873,Building maintenance services,Programmed Facility Management Pty Ltd (AU),0.1m,08/02/2026,3630
INV26874,Civil infrastructure services,Citywide Service Solutions P/L,68492.9,26/10/20,3665
INV26875,Management of Active Melbourne recreation facilities,Victorian  YMCA  Community  Programming  Pty  Ltd,"$120,567.27",01-Jan-2027,3615
INV26876,Street cleaning,reino international pty ltd t/a duncan solutions,0.1m,05/05/2026,3623
INV26877,Graffiti management and pressure cleaning services,Calcorp  Services  Pty  Ltd,184817.89 AUD,27/10/08,3668
INV26878,Parking technology services,ReinoInternationalPtyLtdT/ADuncanSolutions,0.0m,12/01/2029,3623
INV26879,Building cleaning services,Menzies Internetional (Aust) Pty Ltd,"$214,360.92",11 May 2025,3634
INV26880,Melbourne Town Hall venue management,Showtime,85077.35,31 May 2026,3670
INV26881,Open spaces management - region 1,CITYWIDE SERVICE SOLUTIONS PTY LTD,238007.81,2026-12-13,3676
INV26882,Melbourne Town Hall venue management,Showtime Event Group Pty Ltd,178437.95,06-Dec-2028,3670
INV26883,Waste management services,SeRCO,0.0m,25/05/16,3677
INV26884,Waste management services,Showtime  Event  Group  Pty  Ltd,31619.95 AUD,03/06/2026,3670
INV26885,Graffiti management and pressure cleaning services,calcorp services pty ltd,"$140,454.52",13/01/2025,3668
INV26886,Management of Active Melbourne recreation facilities,Victorian  YMCA  Community  Programming  Pty  Ltd,0.0m,07/03/2025,3615
INV26887,Open spaces management - region 1,CITYWIDE SERVICE SOLUTIONS PTY LTD,0.1m,07/11/2026,3676
INV26888,Open spaces management - region 1,Citywide  Service  Solutions  Pty  Ltd,93050.3,2028-12-25,3676
INV26889,Integrated security services,National Protective Services Pty Ltd,62896.63 AUD,18/07/2027,3686
INV26890,Parking technology services,Reino International Pty Ltd T/A Duncan Solutions (AUS),0.0m,28/01/2028,3623
INV26891,Tree management maintenance services,Citywide Service Solutions P/L,0.2m,25/02/2027,3678
INV26892,Tree management maintenance services,Citywide,218171.71 AUD,18-Apr-2028,3678
INV26893,Melbourne Town Hall venue management,Showtime Event Gnoup Pty Ltd,213938.31,22-Mar-2027,3670
INV26894,Integrated security services,National  Protective  Services  Pty  Ltd,"$226,358.86",28/12/23,3686
INV26895,Building cleaning services,menzies international (aust) pty ltd,61084.86,2029-07-22,3634
INV26896,Civil infrastructure services,citywide service solutions pty ltd,"$115,412.92",07/06/2026,3665
INV26897,Vehicle tow away and impound services,Nationwide Towing Services (AUS),168281.27,2025-08-15,3585
INV26898,Melbourne Town Hall venue management,Showtime Event Group Pty Ltd (AUS),1025.71,27/05/09,3670
INV26899,Building maintenance services,Programmed Facility Management Pty Ltd (AU),55917.76 AUD,25/12/09,3630
INV26900,Tree management maintenance services,Citywide Service Solutions Pty Ltd (AU),0.1m,10 November 2027,3678
INV26901,Building maintenance services,Programmed Facility Management Pty Ltd,0.1m,29 March 2027,3630
INV26902,Graffiti management and pressure cleaning services,Calcorp,112485.25,2028-10-08,3668
INV26903,Waste management services,Cleanaway Waste M,"$62,932.21",10/02/2025,3556
INV26904,Open spaces management - region 1,Citywide Service Solutions Pty Ltd,"$81,782.37",27/06/2029,3676
INV26905,Graffiti management and pressure cleaning services,calcorp services pty ltd,117450.65,08-Oct-2027,3668
INV26906,Civil infrastructure services,Citywide Service Solutions Pty. Ltd.,111986.52,22 May 2029,3665
INV26907,Street cleaning,spotless facility services pty ltd,97404.89,2025-07-29,3669
INV26908,Tree management maintenance services,Citywide Service Solutions Pty Ltd (AU),127579.19,28-May-2029, 
INV26909,Graffiti management and pressure cleaning services,Calcorp  Services  Pty  Ltd,0.0m,26/03/2026,3668
INV26910,Integrated security services,National  Protective  Services  Pty  Ltd,162227.84,22 December 2025,3686
INV26911,Building maintenance services,programmed facility management pty ltd,206781.58,2026-04-24,3630
INV26912,Melbourne Town Hall venue management,Showtime Event Group P/L,104786.49 AUD,20/05/2029,3670
INV26913,Building maintenance services,ProgrammedFacilityManagementPtyLtd,16168.71,03/10/2026,3630
INV26914,Building maintenance services,Programmed Facility Management Pty Ltd,"$99,556.35",27 June 2025,3630
INV26915,Waste management services,Cleanaway Waste Management Limited (AUS),143417.95 AUD,13/03/2029,3556
INV26916,Civil infrastructure services,Citywide Service Solutions Pty Ltd,45579.57,28 May 2026,3665
INV26917,Vehicle tow away and impound services,Nationwide To,209958.21 AUD,27/10/03,3585
INV26918,Street cleaning,Spotless Facility Services Pty. Ltd.,224734.89,20-Apr-2025,3669
INV26919,Open spaces management - region 2,serco,44145.59,30-Jul-2028,3677
INV26920,Civil infrastructure services,Citywide Service Solutions P/L,249832.27 AUD,03/08/2028,3665
INV26921,Building maintenance services,Programmed Facility Management P/L,165090.5,2026-11-16, 
INV26922,Vehicle tow away and impound services,Nationwide Towing Services,"$184,184.07",04/01/2027,3585
INV26923,Integrated security services,National Protectiv,55871.98,2026-06-02,3686
INV26924,Graffiti management and pressure cleaning services,CalcorpServicesPtyLtd,0.2m,2026-09-06,3668
INV26925,Waste management services,Cleanaway  Waste  Management  Limited,191442.42 AUD,10-May-2025,3556
INV26926,Street cleaning,Spotless Facility Services P/L,0.2m,2026-06-05,3669
INV26927,Waste management services,Cleanaway  Waste  Management  Limited,0.1m,24/10/2028,3556
INV26928,Street cleaning,Spotless  Facility  Services  Pty  Ltd,113060.42 AUD,22-Apr-2029,3669
INV26929,Waste management services,Cleanaway Waste Management Limited (AUS),204104.4,26/01/2027,3556
INV26930,Open spaces management - region 2,SERCO,"$49,892.18",2029-07-15,3677
INV26931,Street cleaning,Spotless Facility Services Pty Ltd (AUS),"$83,454.82",05 April 2025,3669
INV26932,Building cleaning services,MENZIES INTERNATIONAL (AUST) PTY LTD,0.0m,31 March 2025, 
INV26933,Graffiti management and pressure cleaning services,Calcorp Services Pty Ltd (AU),"$221,786.55",10 October 2028, 
INV26934,Vehicle tow away and impound services,Nationwide Towing Services (AU),"$242,460.94",21 July 2028,3585
INV26935,Management of Active Melbourne recreation facilities,Victorian YMCA Community Programming Pty Ltd,8571.92,2025-05-24,3615
INV26936,Vehicle tow away and impound services,Nationwide Towing Services (AUS),"$214,557.54",19/03/2025,3585
INV26937,Building maintenance services,Programmed Facility,151471.94,23-May-2026,3630
INV26938,Parking technology services,Reino Int’l Pty Ltd T/A Duncan Solutions,0.2m,30/10/2028,3623
INV26939,Open spaces management - region 1,Citywide Service Solutiono Pty Ltd,"$121,027.81",25/12/24, 
INV26940,Building maintenance services,Programmed Facility Mantgement Pty Ltd,,2028-05-07,3630
INV26941,Open spaces management - region 2,SERCO,"$145,212.08",27 July 2028,3677
INV26942,Management of Active Melbourne recreation facilities,Victorian,"$249,020.54",2028-02-18,3615
INV26943,Melbourne Town Hall venue management,Showtime Event Group Pty Ltd,201430.33,11/06/2029,3670
INV26944,Graffiti management and pressure cleaning services,Calcorp  Services  Pty  Ltd,191630.51 AUD,25/09/19,3668
INV26945,Vehicle tow away and impound services,NATIONWIDE TOWING SERVICES,171591.61 AUD,21-Mar-2025,3585
INV26946,Building maintenance services,programmed facility management pty ltd,59603.48 AUD,25/01/26,3630
INV26947,Building maintenance services,Programmed Facility Management Pty Ltd (AU),162451.69,18/12/2029,3630
INV26948,Open spaces management - region 1,Citywide Service ,173196.75,02/02/2028,3676
INV26949,Building cleaning services,Menzies  International  (Aust)  Pty  Ltd,57117.01,21-Jan-2027,3634
INV26950,Melbourne Town Hall venue management,Showtime Event Group Pty Ltd (AUS),0.1m,07 July 2027,3670
INV26951,Open spaces management - region 2,SERCO,,29/07/28,3677
INV26952,Building cleaning services,Menzies Int’l (Aust) Pty Ltd,113996.08,26/01/22,3634
INV26953,Civil infrastructure services,CitywideServiceSolutionsPtyLtd,138349.29 AUD,11-Nov-2029,3665
INV26954,Vehicle tow away and impound services,Nationwide Towing Services (AU),213359.46,09-Jan-2025,3585
INV26955,Open spaces management - region 2,SERCO,"$48,017.62",10-Nov-2025, 
INV26956,Building cleaning services,Menzies International (Aust) Pty. Ltd.,74880.54,2028-04-17,3634
INV26957,Waste management services,Cleanaway Waste Management Limited,38518.9,22 November 2027,3556
INV26958,Parking technology services,Reino Int’l Pty Ltd T/A Duncan Solutions,214924.33,29/09/17, 
INV26959,Graffiti management and pressure cleaning services,Calcorp Services Pty Ltd,0.2m,27/05/04,3668
INV26960,Graffiti management and pressure cleaning services,Calcorp Services Pty Ltd (AUS),0.2m,15/02/2025,3668
INV26961,Tree management maintenance services,Citywide Service Solutions Pty Ltd,49463.02 AUD,29-Sep-2029,3678
INV26962,Open spaces management - region 1,Citywide Service Solutions Pty Ltd,0.1m,21-Jun-2025, 
INV26963,Vehicle tow away and impound services,Nationwide Towing Services (AU),"$240,670.53",11 February 2029,3585
INV26964,Integrated security services,National,0.1m,28/02/17,3686
INV26965,Parking technology services,Menzies International (Aust) Pty Ltd (AUS),110645.29,2025-06-13,3634
INV26966,Street cleaning,Spotless Facility Services Pty Ltd (AUS),"$98,900.84",26/04/21,3669
INV26967,Graffiti management and pressure cleaning services,Calcorp Services Pty. Ltd.,1089.03 AUD,25 May 2026,3668
INV26968,Open spaces management - region 2,SERCO,19576.0,28-Feb-2028,3677
INV26969,Open spaces management - region 1,Citywide  Service  Solutions  Pty  Ltd,12482.63,10/10/2026,3676
INV26970,Building cleaning services,Menzies  International  (Aust)  Pty  Ltd,143731.87 AUD,15/08/2025, 
INV26971,Street cleaning,Spotless Facility Services Pty Ltd (AUS),0.1m,26/05/2026,3669
INV26972,Waste management services,Cleanaway Waste Mgmt Limited,124620.47,2028-08-28,3556
INV26973,Waste management services,Cleanaway,"$219,183.21",26-Jun-2025,3556
INV26974,Open spaces management - region 1,citywide service solutions pty ltd,222934.73,04/01/2028,3676
INV26975,Open spaces management - region 1,ReinoInternationalPtyLtdT/ADuncanSolutions,"$217,558.76",2028-07-19,3623
INV26976,Open spaces management - region 2,SERCO,"$103,646.15",04 August 2029,3677
INV26977,Tree management maintenance services,citywide service solutions pty ltd,71563.07 AUD,31/05/2029,3678
INV26978,Graffiti management and pressure cleaning services,Calcorp Services Pty Ltd,171404.79,15 January 2029, 
INV26979,Open spaces management - region 1,Citywide  Service  Solutions  Pty  Ltd,0.1m,01/12/2029,3676
INV26980,Open spaces management - region 1,Citywide Service Solutions Pty Ltd (AU),18379.36,29/06/11,3676
INV26981,Civil infrastructure services,Citywide Service Solutions Pty Ltd (AUS),64818.12,2028-02-27,3665
INV26982,Street cleaning,Spotless  Facility  Services  Pty  Ltd,193889.71,14/06/2029,3669
INV26983,Street cleaning,Spotless Facility Services Pty Ltd,34339.96,23 October 2025,3669
INV26984,Graffiti management and pressure cleaning services,Calcorp Services Pty Lud,195575.32,28/01/29,3668
INV26985,Melbourne Town Hall venue management,Showtime,66630.19,29/03/28,3670
INV26986,Integrated security services,National Protective Services Pty Ltd,223592.57,2026-01-20, 
INV26987,Open spaces management - region 1,Citywide Service Solutions Pty. Ltd.,59945.16 AUD,2029-06-13,3676
INV26988,Waste management services,Cleanaway Waste Management Limited,207330.7,2029-02-28,3556
INV26989,Parking technology services,Reino International Pty LtdmT/A Duncan Solutions,"$139,410.06",25/09/2026,3623
INV26990,Management of Active Melbourne recreation facilities,Victorian YMCA Community Programming Pty Ltd (AUS),"$147,796.66",2029-11-03,3615
INV26991,Integrated security services,National,0.1m,27/12/08,3686
INV26992,Integrated security services,National,"$246,396.59",08 December 2026,3686
INV26993,Graffiti management and pressure cleaning services,Calcorp Services Pty Ltd,191916.02,29/05/2026,3668
INV26994,Open spaces management - region 1,Citywide Service Solutions Pty Ltd (AU),0.1m,13-Jul-2027,3676
INV26995,Building cleaning services,Menzies International (Aust) Pty Ltd,17589.99,20-Aug-2029,3634
INV26996,Civil infrastructure services,National Protective Services P/L,56515.29,29/12/2025, 
INV26997,Parking technology services,Reino Intl Pty Ltd T/A Duncan Solutions,176379.67,21/08/2027,3623
INV26998,Civil infrastructure services,Citywide Service ,4524.13,25/10/13,3665
INV26999,Management of Active Melbourne recreation facilities,Victorian YMCA Community Programming Pty Ltd,0.1m,30 March 2027,3615
INV27000,Waste management services,Cleanaway Waste Management Limited,129828.97,04 June 2028,3556
