InvoiceID,ContractTitle,Provider,InvoiceAmount,InvoiceDate,ContractNumber
INV217001,Vehicle tow away and impound services,Nationwide Towing Services,"$101,653.89",2029-04-20,3585
INV217002,Building maintenance services,Programmed Facility Management Pty Ltd (AUS),0.0m,26/03/11,3630
INV217003,Parking technology services,Reino Intl Pty Ltd T/A Duncan Solutions,77843.29,2029-05-18,3623
INV217004,Building maintenance services,Programmed Facility Mgmt Pty Ltd,"$159,742.4",22-Jul-2027,3630
INV217005,Open spaces management - region 2,SERCO (AU),122342.93,26/04/29,3677
INV217006,Melbourne Town Hall venue management,Showtime Event Group Pty Ltd,139294.02,2027-10-10,3670
INV217007,Open spaces management - region 1,Citywide Service Solutions Pty Ltd,0.1m,2026-07-18,3676
INV217008,Integrated security services,national protective services pty ltd,"$42,132.18",25/03/19,3686
INV217009,Integrated security services,National Protective Services Pty Ltd,70751.21,30/04/2029,3686
INV217010,Building cleaning services,Menzies International (Aust) Pty Ltd,144881.82,02 April 2028,3634
INV217011,Open spaces management - region 1,CITYWIDE SERVICE SOLUTIONS PTY LTD,124118.87 AUD,14/10/2029,3676
INV217012,Parking technology services,REINO INTERNATIONAL PTY LTD T/A DUNCAN SOLUTIONS,240497.25,16 February 2028, 
INV217013,Parking technology services,Reino International P/L T/A Duncan Solutions,128394.02 AUD,30-Oct-2027,3623
INV217014,Management of Active Melbourne recreation facilities,Victorian  YMCA  Community  Programming  Pty  Ltd,141765.67,25/06/15, 
INV217015,Vehicle tow away and impound services,nationwide towing services,"$91,003.76",26/08/2028,3585
INV217016,Parking technology services,reino international pty ltd t/a duncan solutions,186200.59 AUD,21 September 2028,3623
INV217017,Management of Active Melbourne recreation facilities,Victorian YMCA Communi,"$13,557.17",24-Jul-2026,3615
INV217018,Building cleaning services,Menzies International (Aust) Pty Ltd,105546.23,02/11/2026,3634
INV217019,Tree management maintenance services,Citywide Service Solutions Pty Ltd,91851.45,07-Jan-2027,3678
INV217020,Waste management services,Cleanaway  Waste  Management  Limited,202608.52 AUD,21/04/2027,3556
INV217021,Civil infrastructure services,Natoonwide Towing Services,"$232,464.23",25/05/2028,3585
INV217022,Management of Active Melbourne recreation facilities,VictorianYMCACommunityProgrammingPtyLtd,235298.93,21/09/2026,3615
INV217023,Parking technology services,Reino International Pty Ltd T/A Duncan Solutions (AU),15825.51 AUD,12/09/2028,3623
INV217024,Waste management services,cleanaway waste management limited,"$208,280.98",14 October 2025,3556
INV217025,Open spaces management - region 2,Reino International Pty Ltd T/A Duncan Solutions,143856.92,17-Aug-2025,3623
INV217026,Civil infrastructure services,Citywide  Service  Solutions  Pty  Ltd,128783.16 AUD,08-May-2029,3665
INV217027,Parking technology services,Reino Intl Pty Ltd T/A Duncan Solutions,96138.18,06 June 2028, 
INV217028,Integrated security services,NationalProtectiveServicesPtyLtd,239542.99,28/10/26,3686
INV217029,Graffiti management and pressure cleaning services,Calcorp  Services  Pty  Ltd,65773.92,29/05/18,3668
INV217030,Open spaces management - region 2,SERCO,0.1m,2028-07-27,3677
INV217031,Open spaces management - region 2,serco,"$178,370.13",2028-10-22,3677
INV217032,Parking technology services,Reino International Pty ,"$214,584.54",14/07/2026, 
INV217033,Integrated security services,national protective services pty ltd,0.2m,2029-03-22,3686
INV217034,Vehicle tow away and impound services,nationwide towing services,0.1m,25 April 2026,3585
INV217035,Open spaces management - region 2,serco,0.1m,11-Apr-2029, 
INV217036,Open spaces management - region 2,serco,120662.65,03 November 2025, 
INV217037,Street cleaning,Spotless Facility Services Pty Ltd (AU),108124.65 AUD,2029-12-10,3669
INV217038,Building cleaning services,MENZIES INTERNATIONAL (AUST) PTY LTD,0.2m,2029-02-02,3634
INV217039,Open spaces management - region 2,Serco,"$98,478.04",05/05/2029,3677
INV217040,Open spaces management - region 1,Citywide Service Solutions Pty Ltd (AU),48745.82 AUD,12/01/2028,3676
INV217041,Management of Active Melbourne recreation facilities,VictorianYMCACommunityProgrammingPtyLtd,231493.69,01 February 2029,3615
INV217042,Integrated security services,National,0.1m,12 February 2028,3686
INV217043,Integrated security services,national protective services pty ltd,234369.8,24 April 2027,3686
INV217044,Integrated security services,national protective services pty ltd,"$223,503.55",27/02/2029,3686
INV217045,Vehicle tow away and impound services,Nationwide To,77400.29 AUD,23/08/2028,3585
INV217046,Tree management maintenance services,Citywide,0.1m,07-Nov-2026,3678
INV217047,Building maintenance services,Programmed Facility Manalement Pty Ltd,0.1m,26/07/21,3630
INV217048,Parking technology services,Reino International Pty Ltd T/A Duncan Solutions,"$148,256.94",26/11/03,3623
INV217049,Open spaces management - region 1,Citywide Service Solutions P/L,29285.3 AUD,14-Aug-2029,3676
INV217050,Open spaces management - region 2,SERCO,0.2m,29/06/23,3677
INV217051,Building cleaning services,Menzies International (Aust) Pty Ltd,"$199,359.23",21 November 2026, 
INV217052,Parking technology services,REINO INTERNATIONAL PTY LTD T/A DUNCAN SOLUTIONS,0.1m,11-Aug-2025,3623
INV217053,Vehicle tow away and impound services,Nationwide  Towing  Services,56263.91,07-Feb-2025,3585
INV217054,Integrated security services,National Protective Services P/L,33958.79 AUD,27 January 2029,3686
INV217055,Management of Active Melbourne recreation facilities,VictorianYMCACommunityProgrammingPtyLtd,"$129,902.23",2026-01-07, 
INV217056,Melbourne Town Hall venue management,Showtime Event,0.1m,2029-12-31,3670
INV217057,Management of Active Melbourne recreation facilities,Victorian,"$64,182.67",24-Apr-2028, 
INV217058,Street cleaning,citywide service solutions pty ltd,199380.45,2025-08-07,3665
INV217059,Open spaces management - region 2,SERCO (AUS),150722.32,20/10/2028,3677
INV217060,Building cleaning services,Menzies International (Aust) Pty Ltd (AUS),148746.31,09/01/2027,3634
INV217061,Tree management maintenance services,Citywide Service Solutions Pty Ltd,103062.95 AUD,27/12/31,3678
INV217062,Building cleaning services,Menzies Internatio,174932.7,25 June 2027,3634
INV217063,Civil infrastructure services,Cijywide Service Solutions Pty Ltd,0.2m,26/02/12,3665
INV217064,Building maintenance services,Programmed Facility Management Pty Ltd,50125.6 AUD,01/11/2029,3630
INV217065,Civil infrastructure services,CitywideServiceSolutionsPtyLtd,50220.83,07/03/2027,3665
INV217066,Tree management maintenance services,Citywide,0.1m,18 April 2029,3678
INV217067,Integrated security services,National,0.1m,2029-12-30,3686
INV217068,Street cleaning,Spotless Facility Services P/L,23321.13 AUD,14-Apr-2027,3669
INV217069,Waste management services,Cleanaway Waste M,147315.1,2027-11-13,3556
INV217070,Building cleaning services,Menzies Int’l (Aust) Pty Ltd,189230.17,26/03/19,3634
INV217071,Vehicle tow away and impound services,Nationwide Towing Services (AU),0.2m,21/06/2026,3585
INV217072,Building cleaning services,Menzies International (lust) Pty Ltd,"$124,682.81",20/07/2026,3634
INV217073,Vehicle tow away and impound services,Nationwide Toging Services,145761.21,15/03/2027,3585
INV217074,Melbourne Town Hall venue management,SHOWTIME EVENT GROUP PTY LTD,158795.07,28/11/2025,3670
INV217075,Civil infrastructure services,Citywide Servcce Solutions Pty Ltd,99696.89,27/05/22,3665
INV217076,Parking technology services,Reino International Pty Ltd T/A Duncan Solutions,0.0m,06 June 2026,3623
INV217077,Management of Active Melbourne recreation facilities,Victorian,193502.44 AUD,11/02/2025,3615
INV217078,Street cleaning,Victorian,97018.25 AUD,2028-09-03,3615
INV217079,Street cleaning,Spotless Facility Services P/L,0.2m,2028-04-02,3669
INV217080,Management of Active Melbourne recreation facilities,Victorian YMCA Community Programming Pty Ltd,216409.43 AUD,26/07/2028,3615
INV217081,Building maintenance services,Programmed Facility Management Pty Ltd,"$213,108.84",15-Jan-2026,3630
INV217082,Street cleaning,Spotless Facility Services Pty Ltd,143134.86,16/03/2027,3669
INV217083,Open spaces management - region 1,Citywide Service ,173713.02,06 June 2026,3676
INV217084,Graffiti management and pressure cleaning services,CALCORP SERVICES PTY LTD,"$164,530.87",29/11/15, 
INV217085,Parking technology services,ReinoInternationalPtyLtdT/ADuncanSolutions,168574.26,29/03/18,3623
INV217086,Melbourne Town Hall venue management,Showtime Event Group Pty Ltd,182812.4,25/02/04,3670
INV217087,Building cleaning services,Menzies International (Aust) Pty Ltd (AUS),0.1m,28/01/13,3634
INV217088,Tree management maintenance services,Citywide Service Solutions Pty. Ltd.,0.1m,20/10/2026,3678
INV217089,Integrated security services,National Protective Services P/L,147958.37,29/03/08,3686
INV217090,Building cleaning services,Menzies,"$136,282.55",12-Jan-2029,3634
INV217091,Open spaces management - region 1,Citywide Service Solutions Pty Ltd,216417.88,2026-04-11,3676
INV217092,Melbourne Town Hall venue management,Showtime Event Group Pty Ltd,60874.45,06-Dec-2028,3670
INV217093,Building maintenance services,Programmed Facility Management Pty Ltd,"$187,529.67",01/12/2027,3630
INV217094,Graffiti management and pressure cleaning services,CALCORP SERVICES PTY LTD,115972.36,24-Jul-2026,3668
INV217095,Parking technology services,Reino International Pty Ltd T/A Duncan Solutions (AU),74012.08,24-Feb-2028,3623
INV217096,Building cleaning services,MenziesInternational(Aust)PtyLtd,"$105,631.77",22-Jun-2026,3634
INV217097,Open spaces management - region 1,Citywide Service Solutions Pty Ltd (AUS),,2025-10-24,3676
INV217098,Tree management maintenance services,Citywide Service Solutions Pty Ltd,236236.32 AUD,02/12/2026,3678
INV217099,Building cleaning services,Menzies International (Aust) Pty Ltd (AU),0.1m,26/02/25,3634
INV217100,Integrated security services,National Protective Services Pty. Ltd.,235321.04,24/11/2029,3686
INV217101,Management of Active Melbourne recreation facilities,victorian ymca community programming pty ltd,163169.17,26/03/31,3615
INV217102,Open spaces management - region 2,Victorian YMCA Community Programming Pty Ltd,150904.37,28-Nov-2026,3615
INV217103,Vehicle tow away and impound services,Nationwide Tosing Services,"$151,268.31",15-Nov-2029,3585
INV217104,Tree management maintenance services,Citywide Service Solutions Pty Ltd (AU),0.0m,22 February 2028,3678
INV217105,Parking technology services,Reino International Pty Ltd T/A Duncan Solutions (AUS),124803.88,07-Jun-2026,3623
INV217106,Open spaces management - region 2,Serco,0.2m,30/01/2026,3677
INV217107,Open spaces management - region 1,Citywide Service Solutions Pty Ltd,0.1m,2026-12-29,3676
INV217108,Melbourne Town Hall venue management,Showtime Event Group Pty Ltd (AUS),117786.51,29/12/19,3670
INV217109,Parking technology services,Reino International Pty Ltd T/A Duncan Solutions (AUS),"$111,380.37",25/07/26,3623
INV217110,Civil infrastructure services,Citywide,177347.98 AUD,02/11/2026, 
INV217111,Tree management maintenance services,Citywide Service Solutions Pty Ltd,10908.43,15 August 2025, 
INV217112,Graffiti management and pressure cleaning services,Calcorp Serv,0.1m,13 September 2026,3668
INV217113,Management of Active Melbourne recreation facilities,VictorianYMCACommunityProgrammingPtyLtd,"$170,050.35",28/03/17, 
INV217114,Building cleaning services,Menzies International (Aust) Pty Ltd (AU),47307.32 AUD,29/02/02, 
INV217115,Civil infrastructure services,Citywide Service Solutions Pty Ltd,15725.02 AUD,12/10/2028,3665
INV217116,Parking technology services,Reino International Pty Ltd T/A Duncan Solutions,0.0m,14/07/2026,3623
INV217117,Management of Active Melbourne recreation facilities,Victorian YMCA Community Programming Pty. Ltd.,165191.0,21/09/2028,3615
INV217118,Waste management services,CLEANAWAY WASTE MANAGEMENT LIMITED,98513.11,29-May-2025, 
INV217119,Vehicle tow away and impound services,nationwide towing services,"$170,092.58",21/02/2025,3585
INV217120,Building maintenance services,Prograomed Facility Management Pty Ltd,109249.5,2028-07-14,3630
INV217121,Graffiti management and pressure cleaning services,CalcorpServicesPtyLtd,0.2m,05 August 2028,3668
INV217122,Civil infrastructure services,Citywide Service Solutions Pty. Ltd.,"$24,549.43",29/11/18,3665
INV217123,Open spaces management - region 2,Calcorp Services Pty Lgd,114020.22,29/06/03,3668
INV217124,Management of Active Melbourne recreation facilities,Victorian YMCA Community Programming Pty Ltd,2007.64,09-May-2029,3615
INV217125,Graffiti management and pressure cleaning services,Calcorp Services Pty Ltd (AUS),117615.68,24/11/2028,3668
INV217126,Building cleaning services,Menzies International (Aust) P/L,202523.91 AUD,07/08/2027,3634
INV217127,Graffiti management and pressure cleaning services,Calcorp Services P/L,271.87 AUD,26/03/28,3668
INV217128,Melbourne Town Hall venue management,Showtime Event Group Pty Ltd (AUS),"$146,188.14",2029-10-07,3670
INV217129,Tree management maintenance services,Citywide Service Solutions P/L,"$38,415.4",01/11/2029,3678
INV217130,Management of Active Melbourne recreation facilities,Victorian YMCA Community Programming Pty Ltd,61637.71,28/04/17,3615
INV217131,Integrated security services,National Protectcve Services Pty Ltd,147569.66,12/03/2026,3686
INV217132,Waste management services,Cleanaway Waste Management Limited,163230.26,17-May-2026, 
INV217133,Street cleaning,Spotless Facility Services Pty Ltd,"$230,724.25",27/01/14,3669
INV217134,Melbourne Town Hall venue management,Showtime Event Group Pty Ltd (AU),119637.88 AUD,24-Oct-2025,3670
INV217135,Street cleaning,Spotless vacility Services Pty Ltd,"$170,637.09",12 June 2026,3669
INV217136,Tree management maintenance services,NationalProtectiveServicesPtyLtd,35136.52,29/04/09,3686
INV217137,Street cleaning,Spotless Facility Services P/L,119685.84,2025-06-25,3669
INV217138,Integrated security services,National Protective Services Pty Ltd (AU),244210.95,13-Nov-2029,3686
INV217139,Street cleaning,Spotless Facility Services Pty Ltd,165274.71 AUD,28/10/26,3669
INV217140,Open spaces management - region 2,SERCO,0.1m,29 January 2025,3677
INV217141,Tree management maintenance services,Citywide Service Solutions Pty Ltd,43104.8,15-May-2028,3678
INV217142,Waste management services,Cleanaway Waste Management Ltd,189709.1,07 September 2025,3556
INV217143,Waste management services,Cleanaway Waste Mgmt Limited,47789.45,2027-10-23,3556
INV217144,Vehicle tow away and impound services,NationwideTowingServices,62935.69 AUD,2025-09-17,3585
INV217145,Civil infrastructure services,Citywide Service Solutions Pty Ltd (AUS),56073.21,2029-12-07,3665
INV217146,Integrated security services,NationalProtectiveServicesPtyLtd,"$174,847.08",08 August 2026,3686
INV217147,Open spaces management - region 1,Citywide Service Solutions Pty Ltd,36643.77 AUD,10 October 2025,3676
INV217148,Parking technology services,Reino Intl Pty Ltd T/A Duncan Solutions,202677.41 AUD,20/07/2027,3623
INV217149,Management of Active Melbourne recreation facilities,VICTORIAN YMCA COMMUNITY PROGRAMMING PTY LTD,70545.62,13/11/2029,3615
INV217150,Open spaces management - region 2,SERCO,"$179,667.51",18/12/2029,3677
INV217151,Building maintenance services,Programmed Facility Management Pty Ltd (AUS),0.1m,28 July 2026,3630
INV217152,Building cleaning services,Menzies International (Aust) P/L,219543.64 AUD,11/05/2026,3634
INV217153,Building cleaning services,Menzies International (Aust) Pty Ltd,0.1m,15/09/2028,3634
INV217154,Tree management maintenance services,Citywide Service ,40486.96,23/03/2028,3678
INV217155,Integrated security services,National Protective Services Pty Ltd (AUS),148748.23,23-Sep-2027,3686
INV217156,Building cleaning services,Menzies International (Aust) Pty Ltd (AUS),0.2m,02/07/2028,3634
INV217157,Vehicle tow away and impound services,nationwide towing services,230509.75,24 January 2025,3585
INV217158,Open spaces management - region 1,Citywide  Service  Solutions  Pty  Ltd,172161.06 AUD,17/04/2028,3676
INV217159,Tree management maintenance services,Citywide Service Solutions Pty. Ltd.,173443.43,21-Jul-2029,3678
INV217160,Melbourne Town Hall venue management,ShowtimeEventGroupPtyLtd,"$178,225.88",25 March 2025,3670
INV217161,Vehicle tow away and impound services,Nationwide To,"$176,158.86",09/03/2027,3585
INV217162,Tree management maintenance services,Citywide Service Solutions Pty Ltd,171063.62,2028-02-21,3678
INV217163,Management of Active Melbourne recreation facilities,Victorian  YMCA  Community  Programming  Pty  Ltd,"$83,483.74",28 July 2029,3615
INV217164,Open spaces management - region 2,SERCO,48823.28 AUD,22/10/2029,3677
INV217165,Parking technology services,Reino International Pty Ltd T/A Duncan Solutions,109591.17,21-Dec-2029,3623
INV217166,Management of Active Melbourne recreation facilities,Victorian YMCA Community Programming Pty Ltd (AU),0.0m,2026-04-19,3615
INV217167,Waste management services,Cleanaway,"$155,335.93",17-Dec-2027,3556
INV217168,Street cleaning,Spotless Facility Services P/L,51759.17 AUD,01/05/2028,3669
INV217169,Waste management services,Cleanaway Waste Management Limited,160418.33 AUD,26 October 2026,3556
INV217170,Building cleaning services,Menzies International (Aust) Pty. Ltd.,30797.01 AUD,25/06/08,3634
INV217171,Graffiti management and pressure cleaning services,Calcorp Services Pty Ltd,248738.35,29 December 2029,3668
INV217172,Tree management maintenance services,Citywide Service Solutions Pty. Ltd.,160344.77,29/09/21,3678
INV217173,Vehicle tow away and impound services,nationwide towing services,"$227,730.73",,3585
INV217174,Melbourne Town Hall venue management,Showtime Event Group Pty Ltd,183062.44,25/01/21,3670
INV217175,Integrated security services,National Protective Services Pty Ltd (AUS),39522.77 AUD,11 October 2027,3686
INV217176,Management of Active Melbourne recreation facilities,ShowtimeEventGroupPtyLtd,"$86,207.64",20 January 2026,3670
INV217177,Open spaces management - region 1,Citywide Service Solutions Pty. Ltd.,138492.09,26 June 2027,3676
INV217178,Graffiti management and pressure cleaning services,Calcorp Services Pty Ltd (AUS),119070.22,26/11/26,3668
INV217179,Open spaces management - region 1,Citywide Service Solutions Pty. Ltd.,211571.02 AUD,30 October 2026,3676
INV217180,Open spaces management - region 2,SERCO,216045.25 AUD,13 July 2027,3677
INV217181,Graffiti management and pressure cleaning services,Calcorp Services Pty Ltd,"$39,357.33",18-Feb-2028,3668
INV217182,Vehicle tow away and impound services,nationwide towing services,144983.2,25/09/14,3585
INV217183,Integrated security services,National Protective Services Pty Ltd,95515.67 AUD,27-Feb-2028,3686
INV217184,Building maintenance services,Calcorp Serv,161326.24 AUD,13/08/2025,3668
INV217185,Street cleaning,Spotless Facility,119350.64,26/06/13,3669
INV217186,Graffiti management and pressure cleaning services,Calcorp Services Pty Ltd,35427.26,2026-05-09,3668
INV217187,Integrated security services,National Protective Services Pty Ltd (AU),0.1m,15 July 2026,3686
INV217188,Management of Active Melbourne recreation facilities,VictorianYMCACommunityProgrammingPtyLtd,"$63,815.21",23 November 2028,3615
INV217189,Street cleaning,Spotless Facility Services Pty Ltd (AUS),0.2m,12 January 2025,3669
INV217190,Open spaces management - region 1,Citywide Service ,0.1m,12/01/2029,3676
INV217191,Graffiti management and pressure cleaning services,CALCORP SERVICES PTY LTD,0.1m,25/11/08,3668
INV217192,Waste management services,Cleanaway Waste M,18202.61,25-Jul-2027,3556
INV217193,Waste management services,cleanaway waste management limited,"$194,057.05",27-Jun-2027,3556
INV217194,Vehicle tow away and impound services,Nationwide Towiqg Services,"$62,846.12",04 July 2025,3585
INV217195,Graffiti management and pressure cleaning services,Calcorp Services Pty. Ltd.,0.2m,11 December 2026,3668
INV217196,Civil infrastructure services,Citywide Service Solutions Pty Ltd (AU),144022.87,21 March 2025,3665
INV217197,Street cleaning,spotless facility services pty ltd,"$224,512.91",20/06/2026,3669
INV217198,Open spaces management - region 2,Serco,61799.18,13 June 2027,3677
INV217199,Building maintenance services,Programmed Facility Mgmt Pty Ltd,87784.57 AUD,2028-08-22,3630
INV217200,Building maintenance services,Programmed Facility Management Pty Ltd,23320.54,20-Aug-2025,3630
INV217201,Building maintenance services,Programmed Facility Management P/L,"$165,766.59",20/11/2029,3630
INV217202,Civil infrastructure services,CitywideServiceSolutionsPtyLtd,39122.65 AUD,26 November 2027, 
INV217203,Management of Active Melbourne recreation facilities,Victorian YMCA Community Programming Pty Ltd (AU),0.2m,26/07/03,3615
INV217204,Integrated security services,National Protective Services P/L,91951.11,,3686
INV217205,Building cleaning services,Menzies International (Aust) Pty. Ltd.,"$96,961.53",28 April 2026,3634
INV217206,Parking technology services,Reino International Pty ,245058.13,26/08/21,3623
INV217207,Melbourne Town Hall venue management,SHOWTIME EVENT GROUP PTY LTD,0.2m,,3670
INV217208,Open spaces management - region 2,SERCO,224961.18 AUD,2029-04-15,3677
INV217209,Open spaces management - region 1,Citywide  Service  Solutions  Pty  Ltd,138934.48,07 July 2029,3676
INV217210,Parking technology services,REINO INTERNATIONAL PTY LTD T/A DUNCAN SOLUTIONS,0.2m,26/04/29,3623
INV217211,Civil infrastructure services,Citywide Service Stlutions Pty Ltd,0.1m,2025-10-31,3665
INV217212,Open spaces management - region 2,SERCO (AUS),106708.49,26/08/02,3677
INV217213,Integrated security services,National Protective Services Pty. Ltd.,"$154,702.06",28/11/29,3686
INV217214,Tree management maintenance services,CitywideServiceSolutionsPtyLtd,"$160,533.8",23/06/2025,3678
INV217215,Vehicle tow away and impound services,Nationwide Towing Services (AU),161511.51,29/07/29,3585
INV217216,Vehicle tow away and impound services,NATIONWIDE TOWING SERVICES,205188.35,09/01/2029,3585
INV217217,Vehicle tow away and impound services,nationwide towing services,179734.94,17/04/2025,3585
INV217218,Melbourne Town Hall venue management,ShowtimeEventGroupPtyLtd,0.1m,09-Dec-2026,3670
INV217219,Building cleaning services,Menzies International (Aust) Pty Ltd (AUS),156875.64,,3634
INV217220,Tree management maintenance services,Citywide Service Solutions Pty Ltd,"$215,162.97",03/11/2026,3678
INV217221,Civil infrastructure services,citywide service solutions pty ltd,0.2m,20/12/2026,3665
INV217222,Tree management maintenance services,Citywide Service Solutions P/L,"$126,969.04",2029-09-20,3678
INV217223,Melbourne Town Hall venue management,Showtime Event Group P/L,58054.48,25/04/28,3670
INV217224,Tree management maintenance services,Citywide Service Solutions Pty Ltd,"$69,660.97",19/03/2029,3678
INV217225,Melbourne Town Hall venue management,Showtime  Event  Group  Pty  Ltd,175703.0,03 June 2025,3670
INV217226,Integrated security services,National Protective Services Pty Ltd,81040.67,28 January 2026,3686
INV217227,Waste management services,Cleanaway Waste Management Limited,118911.55,13-Jun-2026,3556
INV217228,Tree management maintenance services,CitywideServiceSolutionsPtyLtd,"$230,888.56",09/05/2028,3678
INV217229,Building cleaning services,Menzies International (Aust) Pty Ltd (AU),99668.22,27/09/16,3634
INV217230,Management of Active Melbourne recreation facilities,VICTORIAN YMCA COMMUNITY PROGRAMMING PTY LTD,143296.73,25/04/2029,3615
INV217231,Waste management services,cleanaway waste management limited,"$234,290.5",2029-04-18,3556
INV217232,Melbourne Town Hall venue management,Showtime Event Group Pty Ltd (AUS),182925.34 AUD,05/09/2026,3670
INV217233,Open spaces management - region 1,Citywide Service Solutions Pty Ltd (AU),"$230,449.59",28/07/2028,3676
INV217234,Tree management maintenance services,Citywide Service Solutions Pty Ltd,136259.54,23/07/2027, 
INV217235,Integrated security services,National Protective Services Pty Ltd (AU),"$217,262.78",02-Jan-2026,3686
INV217236,Open spaces management - region 1,CITYWIDE SERVICE SOLUTIONS PTY LTD,"$137,460.07",29/05/26,3676
INV217237,Building cleaning services,VICTORIAN YMCA COMMUNITY PROGRAMMING PTY LTD,86891.93 AUD,06/07/2025,3615
INV217238,Open spaces management - region 1,Citywide Service ,221324.97,2029-12-29,3676
INV217239,Open spaces management - region 1,Citywide Service Solutions Pty Ltd,"$75,245.11",26/01/21,3676
INV217240,Building cleaning services,Menzies  International  (Aust)  Pty  Ltd,26237.03 AUD,25/09/2028,3634
INV217241,Melbourne Town Hall venue management,Showtime Event Group Pty Ltd (AUS),"$183,664.83",15/12/2027,3670
INV217242,Open spaces management - region 2,serco,"$214,391.57",30/08/2027,3677
INV217243,Waste management services,Cleanaway Waste Management Limited (AUS),"$15,935.34",25-Jul-2028,3556
INV217244,Waste management services,Cleanaway Waste Management Limited,245086.51,12/02/2026,3556
INV217245,Vehicle tow away and impound services,Nationwide Towing Services (AUS),0.2m,22/02/2028,3585
INV217246,Open spaces management - region 1,Citywide Service Solutions Pty Ltd (AU),28886.54 AUD,29/08/09,3676
INV217247,Melbourne Town Hall venue management,Showtime Event Group Pty Ltd,"$85,119.84",29/03/2028,3670
INV217248,Building maintenance services,Programmed Facility Management Pty. Ltd.,155173.45,2025-11-14,3630
INV217249,Building cleaning services,Menzies International (Aust) Pty Ltd (AUS),125103.48,25/10/2029,3634
INV217250,Open spaces management - region 1,Citywide Service Solutions Pty Ltd,0.2m,20-May-2026,3676
INV217251,Tree management maintenance services,Victorian  YMCA  Community  Programming  Pty  Ltd,0.1m,29-Dec-2029,3615
INV217252,Management of Active Melbourne recreation facilities,Victorian YMCA Community Programming Pty Ltd (AUS),4741.67,29 April 2029,3615
INV217253,Parking technology services,reino international pty ltd t/a duncan solutions,225198.0 AUD,25/04/30, 
INV217254,Building maintenance services,Programmed Facility Management Pty Ltd,40752.15,12 July 2027,3630
INV217255,Civil infrastructure services,Citywide Service Solutions Pty Ltd,115627.46,23 June 2026,3665
INV217256,Management of Active Melbourne recreation facilities,Cleanaway Waste Management Limited,97917.67,12/05/2026,3556
INV217257,Melbourne Town Hall venue management,Showtime Event Group Pty Ltd (AUS),163326.58 AUD,13 November 2029,3670
INV217258,Parking technology services,Reino,16600.32,15-Oct-2025,3623
INV217259,Open spaces management - region 2,SEhCO,179231.65 AUD,03/10/2029,3677
INV217260,Open spaces management - region 1,Citywide Service Solutions Pty Ltd,0.1m,29-Mar-2029,3676
INV217261,Building cleaning services,Menzies Int’l (Aust) Pty Ltd,2939.21,16/09/2026,3634
INV217262,Street cleaning,Spotless  Facility  Services  Pty  Ltd,225333.49 AUD,2025-01-28,3669
INV217263,Waste management services,Nationwide Towing Services (AU),149371.99,14 September 2025,3585
INV217264,Open spaces management - region 1,Citywide,0.1m,17/06/2028, 
INV217265,Open spaces management - region 2,SERCO (AUS),165210.04,21/04/2025,3677
INV217266,Building cleaning services,MenziesInternational(Aust)PtyLtd,163513.33,2029-11-03,3634
INV217267,Melbourne Town Hall venue management,Showtime Event Group Pty. Ltd.,"$183,854.09",2027-04-17,3670
INV217268,Open spaces management - region 2,SERCO,128800.24 AUD,26-Jun-2025,3677
INV217269,Tree management maintenance services,Citywide Service Solutions Pty Ltd,118665.36 AUD,2026-10-20,3678
INV217270,Integrated security services,Natihnal Protective Services Pty Ltd,220406.23,07/04/2027,3686
INV217271,Melbourne Town Hall venue management,SHOWTIME EVENT GROUP PTY LTD,234934.44,29/08/17,3670
INV217272,Parking technology services,Reino International Pty Ltd T/A Duncan Solutions,67643.83,13-Sep-2028,3623
INV217273,Open spaces management - region 2,pERCO,"$158,844.96",01/10/2027,3677
INV217274,Street cleaning,Spotless,"$65,506.07",18 June 2028,3669
INV217275,Open spaces management - region 2,serco,246294.55,28/09/24,3677
INV217276,Open spaces management - region 1,Citywide Service Solutions Pty Ltd (AUS),247003.06,2025-07-10,3676
INV217277,Parking technology services,Reino International Pty Ltd T/A Duncan Solutions,0.1m,29/12/08,3623
INV217278,Building cleaning services,Menzies International (Aust) Pty Ltd,0.0m,30/10/2029,3634
INV217279,Street cleaning,Spotless  Facility  Services  Pty  Ltd,0.1m,13/10/2025,3669
INV217280,Street cleaning,Spotless Facility Services Pty. Ltd.,"$120,308.31",09/07/2026,3669
INV217281,Integrated security services,NationalProtectiveServicesPtyLtd,182357.14,21 October 2026,3686
INV217282,Management of Active Melbourne recreation facilities,Victorian  YMCA  Community  Programming  Pty  Ltd,163153.67,2029-04-30,3615
INV217283,Graffiti management and pressure cleaning services,Calcorp Serv,162867.49 AUD,04 December 2026,3668
INV217284,Civil infrastructure services,CitywideServiceSolutionsPtyLtd,"$76,569.44",14 August 2026,3665
INV217285,Vehicle tow away and impound services,Nationwide,"$159,747.48",11/04/2028,3585
INV217286,Tree management maintenance services,Citywide  Service  Solutions  Pty  Ltd,0.2m,27 November 2026,3678
INV217287,Integrated security services,National  Protective  Services  Pty  Ltd,0.2m,03 November 2029,3686
INV217288,Waste management services,Cleanaway Waste Management Limited,"$220,348.79",13/06/2029,3556
INV217289,Tree management maintenance services,Citywide Service Solutions Pty Ltd (AU),57229.63 AUD,27/05/10,3678
INV217290,Management of Active Melbourne recreation facilities,National Protectiv,"$196,820.18",16 September 2029,3686
INV217291,Parking technology services,ReinoInternationalPtyLtdT/ADuncanSolutions,0.2m,19/09/2029,3623
INV217292,Civil infrastructure services,Citywide Service Solutions Pty Ltd,"$221,122.16",23/04/2028,3665
INV217293,Building maintenance services,Programmed Facility Management Pty Ltd,132045.96,26/03/25,3630
INV217294,Waste management services,cleanaway waste management limited,123198.56,2027-03-15,3556
INV217295,Open spaces management - region 2,SERCO (AU),"$33,883.33",2025-10-13,3677
INV217296,Integrated security services,NATIONAL PROTECTIVE SERVICES PTY LTD,231967.12,2026-07-13,3686
INV217297,Graffiti management and pressure cleaning services,Calcorp Services Pty Ltd,"$31,482.53",12/01/2027,3668
INV217298,Vehicle tow away and impound services,NATIONWIDE TOWING SERVICES,247901.71,22 September 2027,3585
INV217299,Building cleaning services,Menzies Int’l (Aust) Pty Ltd,"$172,594.58",15-Feb-2026,3634
INV217300,Civil infrastructure services,Nationwide  Towing  Services,0.1m,23/03/2027,3585
INV217301,Building maintenance services,Cleanaway Waste Managehent Limited,8683.59,07-Jan-2029,3556
INV217302,Parking technology services,Reino,29765.89,27/05/05,3623
INV217303,Tree management maintenance services,Citywide Service Solutions Pty Ltd (AU),0.1m,29/02/01,3678
INV217304,Civil infrastructure services,Citywide  Service  Solutions  Pty  Ltd,230210.69,03/03/2027,3665
INV217305,Integrated security services,National Protective Services Pty. Ltd.,52232.54 AUD,15-Mar-2029,3686
INV217306,Integrated security services,National Protective Services Pty. Ltd.,0.1m,13/08/2027,3686
INV217307,Management of Active Melbourne recreation facilities,Victorian YMCA Community Programming Pty Ltd,174620.63,26/07/03, 
INV217308,Integrated security services,NationalProtectiveServicesPtyLtd,235693.09 AUD,07 November 2029,3686
INV217309,Parking technology services,Reino International Pty Ltd T/A Duncan Solutions,34788.83,28/12/02,3623
INV217310,Graffiti management and pressure cleaning services,Calcorp Services Pty Ltd,16613.27 AUD,10/05/2025,3668
INV217311,Parking technology services,Reino International Pty Ltd T/A Duncan Solutions (AUS),"$219,413.62",29/10/30,3623
INV217312,Building cleaning services,Menzies Int’l (Aust) Pty Ltd,0.1m,10/03/2027,3634
INV217313,Tree management maintenance services,Menzies,184282.61,23 July 2026,3634
INV217314,Civil infrastructure services,Citywide Service Solutions Pty Ltd (AU),0.0m,07-Feb-2029,3665
INV217315,Melbourne Town Hall venue management,Showtime Event Group Pty Ltd (AUS),65659.06,22/01/2027,3670
INV217316,Parking technology services,Reino wnternational Pty Ltd T/A Duncan Solutions,214368.43,06-Aug-2025,3623
INV217317,Management of Active Melbourne recreation facilities,VictorianYMCACommunityProgrammingPtyLtd,205114.15 AUD,12/08/2029,3615
INV217318,Integrated security services,NationalProtectiveServicesPtyLtd,207823.06 AUD,13-Feb-2028,3686
INV217319,Open spaces management - region 1,Citywide Service Solutions P/L,0.1m,22 September 2028,3676
INV217320,Management of Active Melbourne recreation facilities,victorian ymca community programming pty ltd,0.2m,06-Mar-2028,3615
INV217321,Building maintenance services,Programmed Facility Management Pty. Ltd.,140765.56,07-Nov-2029,3630
INV217322,Management of Active Melbourne recreation facilities,Victorian YMCA Community Programming Pty Ltd,118873.63,18-Aug-2029,3615
INV217323,Building maintenance services,Programmed Facility Management P/L,108464.61 AUD,18/09/2027,3630
INV217324,Building cleaning services,menzies international (aust) pty ltd,173661.15,29/05/2029,3634
INV217325,Tree management maintenance services,CITYWIDE SERVICE SOLUTIONS PTY LTD,169464.07,09/04/2028,3678
INV217326,Integrated security services,National Protective Services Pty Ltd (AU),151870.22,25/09/2026,3686
INV217327,Management of Active Melbourne recreation facilities,Victorian YMCA Community Programming Pty Ltd (AU),139052.73,2027-08-26,3615
INV217328,Vehicle tow away and impound services,Nationwide Towing Services (AU),106510.45 AUD,24/02/2027,3585
INV217329,Open spaces management - region 2,SERCO (AUS),0.2m,25 June 2025,3677
INV217330,Tree management maintenance services,citywide service solutions pty ltd,9412.21,16-Oct-2025,3678
INV217331,Graffiti management and pressure cleaning services,CALCORP SERVICES PTY LTD,"$66,649.06",01 November 2027,3668
INV217332,Street cleaning,SPOTLESS FACILITY SERVICES PTY LTD,0.2m,25/06/2029,3669
INV217333,Vehicle tow away and impound services,National Protective Services Pty. Ltd.,140321.95,16 September 2026,3686
INV217334,Street cleaning,Spotless Facility Services Pty Ltd (AU),0.1m,25/11/19,3669
INV217335,Building maintenance services,Programmed Facility Management Pty Ltd (AU),154809.36 AUD,19/05/2025,3630
INV217336,Integrated security services,National,96834.2 AUD,16-Feb-2027,3686
INV217337,Building maintenance services,Progrpmmed Facility Management Pty Ltd,"$226,208.88",2026-03-24,3630
INV217338,Integrated security services,National Protective Services P/L,"$1,151.08",23-Sep-2028,3686
INV217339,Melbourne Town Hall venue management,Showtime Event Group Pty Ltd,23677.53,06-Feb-2025,3670
INV217340,Open spaces management - region 1,CITYWIDE SERVICE SOLUTIONS PTY LTD,708.89,27/05/2026,3676
INV217341,Street cleaning,Spotless,"$176,841.23",2029-05-02,3669
INV217342,Parking technology services,Reino International Pty Ltd T/A Duncan Solutions (AUS),67759.7,2026-05-12,3623
INV217343,Open spaces management - region 2,SERCO,204628.28 AUD,15-Jan-2026,3677
INV217344,Vehicle tow away and impound services,Nationwide,57217.3,24-Jan-2028,3585
INV217345,Open spaces management - region 2,serco,241404.1,19 March 2028,3677
INV217346,Parking technology services,Reino Int’l Pty Ltd T/A Duncan Solutions,214618.25,01/05/2027,3623
INV217347,Tree management maintenance services,CitywideServiceSolutionsPtyLtd,"$224,535.65",09-Feb-2027,3678
INV217348,Civil infrastructure services,Citywide Service Solutions P/L,145070.78,29/11/30,3665
INV217349,Street cleaning,Spotless Facility Services Pty Ltd (AUS),"$121,780.72",30 July 2025,3669
INV217350,Street cleaning,Spotless Facility Services Pty Ltd (AU),247672.09 AUD,2026-10-28,3669
INV217351,Waste management services,Cleanaway Waste Management Limited,246971.76,27/05/02,3556
INV217352,Tree management maintenance services,CITYWIDE SERVICE SOLUTIONS PTY LTD,159063.25 AUD,15/02/2027,3678
INV217353,Building cleaning services,Menzies Intl (Aust) Pty Ltd,0.0m,25 June 2025,3634
INV217354,Graffiti management and pressure cleaning services,Calcorp Services Pty Ltd,12148.68,16-Nov-2026,3668
INV217355,Civil infrastructure services,Citywide Service Solutions Pty Ltd,"$62,714.54",09/08/2028,3665
INV217356,Waste management services,CleanawayWasteManagementLimited,186018.74,2025-07-23,3556
INV217357,Parking technology services,reino international pty ltd t/a duncan solutions,242771.75,25 November 2028, 
INV217358,Parking technology services,ReinoInternationalPtyLtdT/ADuncanSolutions,0.1m,15/04/2027,3623
INV217359,Graffiti management and pressure cleaning services,Calcorp Services P/L,85534.82,11/01/2028,3668
INV217360,Building cleaning services,Menzies International (Aust) Pty Ltd (AUS),40735.41 AUD,10-Sep-2029,3634
INV217361,Civil infrastructure services,Citywide  Service  Solutions  Pty  Ltd,218913.16 AUD,13/04/2026,3665
INV217362,Waste management services,CleanawayWasteManagementLimited,188264.13 AUD,12-Nov-2027,3556
INV217363,Open spaces management - region 2,Serco,0.2m,25/02/25,3677
INV217364,Management of Active Melbourne recreation facilities,Victorian Ymca Community Programming Pty Ltd,234379.1 AUD,26 September 2027,3615
INV217365,Building maintenance services,PROGRAMMED FACILITY MANAGEMENT PTY LTD,181271.74,10/05/2026,3630
INV217366,Building cleaning services,Menzies Intl (Aust) Pty Ltd,24165.48 AUD,08/02/2027,3634
INV217367,Building cleaning services,Menzies Internatio,0.2m,29 July 2027,3634
INV217368,Open spaces management - region 1,Citywide  Service  Solutions  Pty  Ltd,0.1m,29/05/2026,3676
INV217369,Waste management services,Cleanaway Waste Management Ltd,147124.88 AUD,12-Jan-2029,3556
INV217370,Open spaces management - region 2,SERCO,230224.89 AUD,19 February 2029,3677
INV217371,Vehicle tow away and impound services,NATIONWIDE TOWING SERVICES,91668.85,24-Aug-2025,3585
INV217372,Street cleaning,Spotless Facility Services PtyqLtd,0.1m,26/06/20,3669
INV217373,Building maintenance services,Programmed,230534.2,2028-01-25,3630
INV217374,Waste management services,Cleanaway Waste Management LTD,"$209,972.14",26/12/24,3556
INV217375,Building maintenance services,Programmed Facility Management Pty. Ltd.,"$76,306.57",06/04/2029,3630
INV217376,Waste management services,Cleanaway Waste Management Limited (AUS),0.1m,25/02/04,3556
INV217377,Graffiti management and pressure cleaning services,Calcorp Services Pty Ltd,2334.83,31-Jul-2027,3668
INV217378,Waste management services,Cleanaway Waste Management Ltd,93492.02,06 May 2028, 
INV217379,Management of Active Melbourne recreation facilities,Victorian YMCA Community Programming Pty. Ltd.,95924.58,15/08/2028,3615
INV217380,Building maintenance services,programmed facility management pty ltd,"$69,007.84",09/05/2025,3630
INV217381,Building maintenance services,Programmed Facility Management Pty Ltd,124005.48,08 March 2027,3630
INV217382,Street cleaning,Spotless Facility,0.1m,29/07/08,3669
INV217383,Building cleaning services,Menzies International (Aust) Pty Ltd (AU),92061.87 AUD,09/12/2029,3634
INV217384,Building maintenance services,Citywide Service Solutions Pty Ltd,"$225,921.51",2026-06-07,3676
INV217385,Open spaces management - region 1,Citywide,204758.81,28/02/03,3676
INV217386,Graffiti management and pressure cleaning services,CalcorpServicesPtyLtd,0.2m,24 February 2025,3668
INV217387,Waste management services,CLEANAWAY WASTE MANAGEMENT LIMITED,232911.89,31-Dec-2025,3556
INV217388,Street cleaning,Spotless Facility Services Pqy Ltd,"$23,382.98",29/04/2025,3669
INV217389,Street cleaning,Spotless Facility,150701.7,2027-03-07,3669
INV217390,Open spaces management - region 1,Citywide Servicb Solutions Pty Ltd,"$42,392.65",09-Mar-2026,3676
INV217391,Melbourne Town Hall venue management,Showtime Event,"$110,141.15",14 March 2026,3670
INV217392,Civil infrastructure services,Citywide Service Solutions Pty Ltd,91605.4 AUD,16/04/2025,3665
INV217393,Graffiti management and pressure cleaning services,Calcorp Serv,12052.05,2026-11-24,3668
INV217394,Street cleaning,Spotless  Facility  Services  Pty  Ltd,0.1m,28/02/2027, 
INV217395,Vehicle tow away and impound services,Nationwide Towing Services,124778.33,14/04/2027,3585
INV217396,Parking technology services,Reino Intl Pty Ltd T/A Duncan Solutions,179237.24,2026-03-08,3623
INV217397,Integrated security services,National Protective Services Pty Ltd,212650.86,29 June 2025,3686
INV217398,Graffiti management and pressure cleaning services,CalcorpServicesPtyLtd,0.1m,25 July 2029,3668
INV217399,Street cleaning,Spotless Facility Services Pty Ltd,131161.2,17/12/2027,3669
INV217400,Vehicle tow away and impound services,Natiunwide Towing Services,52036.5,08 November 2026,3585
INV217401,Open spaces management - region 1,Citywide Service Solutions Pty Ljd,"$186,030.11",12/06/2029,3676
INV217402,Waste management services,Cleanaway Waste Management Limited (AUS),94284.33,11 April 2026,3556
INV217403,Civil infrastructure services,Citywide Service Solutions Pty Ltd,0.2m,05-Apr-2027,3665
INV217404,Vehicle tow away and impound services,Nationwide Towing Services,"$182,624.78",07-Sep-2025,3585
INV217405,Civil infrastructure services,Citywide Service Solutions Pty. Ltd.,"$81,948.58",15-May-2026,3665
INV217406,Tree management maintenance services,CitywideServiceSolutionsPtyLtd,185198.75 AUD,25/09/22, 
INV217407,Graffiti management and pressure cleaning services,Calcorp,"$52,251.18",26/11/28,3668
INV217408,Management of Active Melbourne recreation facilities,VictorianYMCACommunityProgrammingPtyLtd,"$93,825.05",07 September 2028,3615
INV217409,Integrated security services,National Protective Services Pty Ltd,0.2m,12 August 2029,3686
INV217410,Parking technology services,Reino  International  Pty  Ltd  T/A  Duncan  Solutions,84671.35,25/04/22,3623
INV217411,Building maintenance services,Programmed Facility Management P/L,0.1m,30/11/2026,3630
INV217412,Open spaces management - region 1,Citywide Service Solutions Pty Ltd (AUS),181463.21 AUD,2027-12-12,3676
INV217413,Civil infrastructure services,Citywide Service Solutions Pty Ltd,,07 June 2028,3665
INV217414,Melbourne Town Hall venue management,Showtime Event Group Pty Ltd,"$134,722.29",24 December 2029,3670
INV217415,Management of Active Melbourne recreation facilities,Victorian YMCA Clmmunity Programming Pty Ltd,"$201,478.3",20/07/2027,3615
INV217416,Graffiti management and pressure cleaning services,Calcorp Services Pty Ltd,142482.47 AUD,2029-05-01,3668
INV217417,Parking technology services,Reino International Pty Ltd T/A Duncan Solutions (AU),58540.36 AUD,2026-12-05,3623
INV217418,Graffiti management and pressure cleaning services,Calcorp,123423.54,23 April 2026,3668
INV217419,Open spaces management - region 2,SERCO,169662.12 AUD,28/07/28,3677
INV217420,Open spaces management - region 1,Citywide Service Solutions Pty Ltd,81320.4 AUD,18/02/2025,3676
INV217421,Management of Active Melbourne recreation facilities,Victorian YMCA Community Programming Pty Ltd (AUS),0.2m,27/01/22,3615
INV217422,Melbourne Town Hall venue management,Showtime Event Group Pty Ltd (AU),156419.97,2029-01-02,3670
INV217423,Building cleaning services,Menzies Internatio,206207.25,25-Oct-2026,3634
INV217424,Parking technology services,Reino International Pty Ltd T/A Duncan Solutions,"$49,352.1",30-Jun-2026,3623
INV217425,Graffiti management and pressure cleaning services,Calcorp Services Pty. Ltd.,,09-Aug-2029,3668
INV217426,Civil infrastructure services,Citywide Service Solutions Pty. Ltd.,79295.93,27/04/12,3665
INV217427,Parking technology services,Reino  International  Pty  Ltd  T/A  Duncan  Solutions,132864.42 AUD,26-Sep-2028,3623
INV217428,Integrated security services,National Protuctive Services Pty Ltd,178378.44 AUD,26/04/26,3686
INV217429,Vehicle tow away and impound services,NATIONWIDE TOWING SERVICES,30354.81,25/09/17, 
INV217430,Tree management maintenance services,Citywide Service Solutione Pty Ltd,"$1,395.79",28/03/07,3678
INV217431,Management of Active Melbourne recreation facilities,VICTORIAN YMCA COMMUNITY PROGRAMMING PTY LTD,0.0m,24/10/2025, 
INV217432,Street cleaning,Spotless Facility Services Pty Lmd,107505.48,25/01/30,3669
INV217433,Graffiti management and pressure cleaning services,Calcorp Services P/L,198680.41,26/02/21,3668
INV217434,Street cleaning,Spotless,"$41,030.51",29/06/07,3669
INV217435,Civil infrastructure services,Citywide  Service  Solutions  Pty  Ltd,226445.02 AUD,2026-06-01,3665
INV217436,Building maintenance services,Programmed  Facility  Management  Pty  Ltd,31234.45 AUD,30/12/2027,3630
INV217437,Graffiti management and pressure cleaning services,CALCORP SERVICES PTY LTD,"$13,145.14",21-Feb-2026,3668
INV217438,Open spaces management - region 2,serco,81412.57,02/09/2028,3677
INV217439,Building cleaning services,MenziesInternational(Aust)PtyLtd,33817.91 AUD,04-Mar-2028,3634
INV217440,Open spaces management - region 2,SERCO,119033.33,08 March 2028,3677
INV217441,Management of Active Melbourne recreation facilities,Victorian YMCA Commvnity Programming Pty Ltd,206288.37 AUD,07-May-2026,3615
INV217442,Melbourne Town Hall venue management,Showtime,211821.53,25/01/12,3670
INV217443,Open spaces management - region 2,SERCO,124099.75,28/06/17,3677
INV217444,Open spaces management - region 2,SERCO,236274.0 AUD,22/11/2026, 
INV217445,Tree management maintenance services,Citywide Service Solutions Pty Ltd (AUS),214862.74 AUD,19 February 2027,3678
INV217446,Civil infrastructure services,Citywide Service Solutions Pty Ltd,49936.13 AUD,04/10/2029,3665
INV217447,Waste management services,Cleanaway Waste Management Limited,"$188,072.65",20/03/2025,3556
INV217448,Civil infrastructure services,Citywide Service Solutions P/L,211286.27,04/12/2026,3665
INV217449,Building maintenance services,Programmed  Facility  Management  Pty  Ltd,"$73,898.82",26/11/09,3630
INV217450,Vehicle tow away and impound services,Nationwide Towing Services,,17/08/2026,3585
INV217451,Management of Active Melbourne recreation facilities,Victorian YMCA Community Programming Pty Ltd,0.1m,16 March 2025,3615
INV217452,Integrated security services,National Protective Services Pty Ltd,170901.9 AUD,27/07/06,3686
INV217453,Graffiti management and pressure cleaning services,Calcorp Services Pty Ltd,65014.46 AUD,2026-03-21,3668
INV217454,Waste management services,Cleanaway  Waste  Management  Limited,"$76,713.36",18/10/2027,3556
INV217455,Open spaces management - region 2,SEyCO,51309.41,21/05/2025,3677
INV217456,Street cleaning,SpotlessFacilityServicesPtyLtd,0.2m,27/04/13,3669
INV217457,Street cleaning,Spotless Facility,"$36,103.8",2029-03-24,3669
INV217458,Open spaces management - region 2,SERCO,165451.73,14-Mar-2026,3677
INV217459,Vehicle tow away and impound services,Nationwide  Towing  Services,164186.47,26/02/18,3585
INV217460,Graffiti management and pressure cleaning services,calcorp services pty ltd,45953.63,05/01/2029,3668
INV217461,Parking technology services,Reino International Pty Ltd T/A Dunczn Solutions,0.2m,19/10/2027,3623
INV217462,Civil infrastructure services,Citywide Service Solutions Pty Ltd,"$2,952.54",29/04/15,3665
INV217463,Parking technology services,Reino Intl Pty Ltd T/A Duncan Solutions,59763.52 AUD,05-Aug-2028,3623
INV217464,Parking technology services,Reino International Pty Ltd T/A Duncan Solutions,133949.01 AUD,15-Jul-2025,3623
INV217465,Open spaces management - region 2,SEkCO,"$81,370.15",27/10/02,3677
INV217466,Civil infrastructure services,Citywide Service Solutions Pty Ltd,171910.28 AUD,29/01/04,3665
INV217467,Vehicle tow away and impound services,nationwide towing services,"$113,090.23",09/08/2028,3585
INV217468,Parking technology services,Reino International P/L T/A Duncan Solutions,115294.59,26/03/13,3623
INV217469,Melbourne Town Hall venue management,showtime event group pty ltd,100227.16,28 October 2026,3670
INV217470,Management of Active Melbourne recreation facilities,VICTORIAN YMCA COMMUNITY PROGRAMMING PTY LTD,66697.72 AUD,14 May 2028,3615
INV217471,Open spaces management - region 1,Citywide,0.1m,30 August 2029,3676
INV217472,Street cleaning,Spotless Facility,237679.28 AUD,29/08/10,3669
INV217473,Integrated security services,National,"$1,511.67",28/10/2029,3686
INV217474,Vehicle tow away and impound services,Nationwide To,66514.28,27 March 2029,3585
INV217475,Management of Active Melbourne recreation facilities,Victorian YMCA Community Programming Pty Ltd,10024.3,29/09/2029,3615
INV217476,Open spaces management - region 1,CITYWIDE SERVICE SOLUTIONS PTY LTD,"$83,127.96",05 April 2029,3676
INV217477,Management of Active Melbourne recreation facilities,Victorian Ymca Community Programming Pty Ltd,2558.84,21-Apr-2027,3615
INV217478,Street cleaning,Spotless Facility Services Pty Ltd (AUS),103854.19,27/04/2028,3669
INV217479,Parking technology services,Reino International P/L T/A Duncan Solutions,"$2,306.67",2025-08-24,3623
INV217480,Waste management services,Cleanaway Waste Management Limited,135533.98,2029-11-28,3556
INV217481,Management of Active Melbourne recreation facilities,Victorian YMCA Community Programming Pty Ltd (AU),0.0m,28/02/2027,3615
INV217482,Melbourne Town Hall venue management,SERCO,72993.62,20 October 2025, 
INV217483,Graffiti management and pressure cleaning services,CALCORP SERVICES PTY LTD,0.2m,27/12/05,3668
INV217484,Civil infrastructure services,Citywide Service Solutions Pty. Ltd.,0.1m,27/04/23,3665
INV217485,Building cleaning services,MENZIES INTERNATIONAL (AUST) PTY LTD,34670.39,25/09/2028,3634
INV217486,Melbourne Town Hall venue management,Showtime Event Group Pty Ltd (AU),180252.12,2025-03-26,3670
INV217487,Building cleaning services,Menzies International (Aust) P/L,119427.11,2028-03-25,3634
INV217488,Open spaces management - region 2,SERCO,155459.23,11 May 2027,3677
INV217489,Open spaces management - region 1,Citywide  Service  Solutions  Pty  Ltd,18571.61 AUD,12 November 2029,3676
INV217490,Melbourne Town Hall venue management,Showtime,169940.93,28/06/2026,3670
INV217491,Street cleaning,spotless facility services pty ltd,0.2m,17/04/2025,3669
INV217492,Open spaces management - region 1,citywide service solutions pty ltd,43036.22,22/02/2029,3676
INV217493,Parking technology services,Reino International Pty Ltd T/A Duncan Solutions,4172.68 AUD,18/09/2026,3623
INV217494,Open spaces management - region 2,serco,,19-Feb-2026,3677
INV217495,Waste management services,Cleanaway,180469.53 AUD,14/06/2026,3556
INV217496,Integrated security services,National,50876.31,2026-10-08,3686
INV217497,Tree management maintenance services,Citywide Service Solutions Pty Ltd (AUS),83588.63,2027-11-05,3678
INV217498,Open spaces management - region 2,SERCO,41737.21,29/12/15,3677
INV217499,Building maintenance services,Programmed Facility Management Pty Ltd,0.1m,12/12/2026,3630
INV217500,Civil infrastructure services,Citywide Service volutions Pty Ltd,139928.95,03/06/2026,3665
INV217501,Civil infrastructure services,Citywide Service Solutions Pty Ltd,0.0m,22 January 2028,3665
INV217502,Open spaces management - region 1,Citywide Service Solutions Pty Ltd,0.1m,21 December 2025,3676
INV217503,Vehicle tow away and impound services,NationwideTowingServices,84396.27,30-Jul-2026,3585
INV217504,Parking technology services,Reino  International  Pty  Ltd  T/A  Duncan  Solutions,238675.04 AUD,29 November 2025,3623
INV217505,Tree management maintenance services,Citywide,120050.68,26-Jan-2028,3678
INV217506,Open spaces management - region 2,SERCO,0.2m,28/09/2028,3677
INV217507,Waste management services,CleanawayWasteManagementLimited,8420.69 AUD,17 January 2028,3556
INV217508,Graffiti management and pressure cleaning services,Calcorp Services Pty Ltd,193572.03 AUD,25/07/17,3668
INV217509,Open spaces management - region 1,Citywide Service Solutions Pty Ltd,229002.44 AUD,13/10/2026,3676
INV217510,Waste management services,Cleanaway Waste Management Ltd,74345.67,2026-02-26,3556
INV217511,Melbourne Town Hall venue management,Showtime Event,0.0m,28/11/2029,3670
INV217512,Building cleaning services,Menzies  International  (Aust)  Pty  Ltd,242778.71,25/04/04,3634
INV217513,Vehicle tow away and impound services,Nationwide Towing Services,85763.64,11 August 2029,3585
INV217514,Graffiti management and pressure cleaning services,CalcorpjServices Pty Ltd,167861.11 AUD,28 March 2025,3668
INV217515,Management of Active Melbourne recreation facilities,Victorian YMCA Community Programming Pty Ltd,197477.79,22/06/2028,3615
INV217516,Parking technology services,REINO INTERNATIONAL PTY LTD T/A DUNCAN SOLUTIONS,"$8,029.51",05 February 2026, 
INV217517,Open spaces management - region 1,Citywide Service Solutions Pty Ltd,0.1m,05 February 2025,3676
INV217518,Open spaces management - region 1,Citywide Service Solutions Pty Ltd,"$164,367.4",28/09/2029,3676
INV217519,Management of Active Melbourne recreation facilities,victorian ymca community programming pty ltd,12527.78 AUD,2025-02-25,3615
INV217520,Open spaces management - region 1,Citywide Service Solutsons Pty Ltd,0.0m,27/05/21,3676
INV217521,Integrated security services,National Protectiv,0.2m,06 November 2028,3686
INV217522,Vehicle tow away and impound services,Nationwide Towing Services,0.1m,02-May-2026,3585
INV217523,Management of Active Melbourne recreation facilities,Victorian,0.1m,15 February 2028,3615
INV217524,Open spaces management - region 2,SERCO (AU),6781.1,08/11/2025,3677
INV217525,Waste management services,Cleanaway Waste M,165750.21,2028-04-02,3556
INV217526,Open spaces management - region 1,CitywideServiceSolutionsPtyLtd,0.2m,2028-05-01,3676
INV217527,Building cleaning services,Citywide Service Solutions Pty Ltd,"$159,529.02",13/08/2026,3676
INV217528,Vehicle tow away and impound services,SERCO,7633.03,06-Jul-2027,3677
INV217529,Waste management services,Calcorp  Services  Pty  Ltd,82237.18,26-Nov-2027,3668
INV217530,Vehicle tow away and impound services,NationwideTowingServices,88194.55,29/01/10,3585
INV217531,Parking technology services,REINO INTERNATIONAL PTY LTD T/A DUNCAN SOLUTIONS,"$170,111.15",21/04/2026,3623
INV217532,Waste management services,Cleanaway Waste M,0.1m,29/07/11,3556
INV217533,Civil infrastructure services,Calcorp Services Pty Ltd,56948.43,16-Dec-2027,3668
INV217534,Vehicle tow away and impound services,Nationwide To,"$66,352.0",2028-04-30,3585
INV217535,Open spaces management - region 2,serco,0.1m,26/12/31,3677
INV217536,Civil infrastructure services,CitywideServiceSolutionsPtyLtd,"$34,344.71",20-Mar-2025, 
INV217537,Civil infrastructure services,Citywide Service Solutions Pty. Ltd.,213267.89,13/09/2026,3665
INV217538,Tree management maintenance services,Citywide Service Solutions Pty rtd,0.1m,19/05/2029,3678
INV217539,Open spaces management - region 2,serco,,12 September 2028,3677
INV217540,Building maintenance services,ProgrammedFacilityManagementPtyLtd,"$37,696.82",11-Feb-2025,3630
INV217541,Waste management services,Cleanaway Waste Management Limited (AUS),97208.46 AUD,10/02/2029,3556
INV217542,Open spaces management - region 1,CITYWIDE SERVICE SOLUTIONS PTY LTD,75047.21,28/05/04,3676
INV217543,Building cleaning services,MenziesjInternational (Aust) Pty Ltd,9236.66,19/03/2029, 
INV217544,Open spaces management - region 1,Citywide Service ,58212.17 AUD,26 October 2025,3676
INV217545,Open spaces management - region 1,CitywideServiceSolutionsPtyLtd,166572.24,30 November 2029,3676
INV217546,Vehicle tow away and impound services,Nationwide To,"$128,452.39",27 February 2026,3585
INV217547,Melbourne Town Hall venue management,SHOWTIME EVENT GROUP PTY LTD,0.1m,24/09/2028,3670
INV217548,Open spaces management - region 1,Citywide Service Solutions Pty Ltd,"$72,602.95",2027-05-01,3676
INV217549,Civil infrastructure services,Citywide  Service  Solutions  Pty  Ltd,"$136,795.76",07-Aug-2028,3665
INV217550,Open spaces management - region 2,Cleanaway Waste Management Limited (AUS),"$16,213.52",31/07/2028,3556
INV217551,Building cleaning services,MenziesInternational(Aust)PtyLtd,148811.76,2026-06-14,3634
INV217552,Open spaces management - region 2,serco,83802.67,2029-04-24, 
INV217553,Graffiti management and pressure cleaning services,National,0.0m,31/01/2027,3686
INV217554,Street cleaning,Spotless  Facility  Services  Pty  Ltd,118114.74,26/12/14,3669
INV217555,Integrated security services,National Protectiv,"$213,634.09",17/02/2028,3686
INV217556,Graffiti management and pressure cleaning services,Calcorp Sezvices Pty Ltd,203740.01,11/07/2026,3668
INV217557,Parking technology services,Reino International Pty Ltd T/A Duncan Solutions (AU),"$111,049.23",27/04/25,3623
INV217558,Street cleaning,Spotless Facility,0.0m,28/02/2029,3669
INV217559,Management of Active Melbourne recreation facilities,Victorian YMCA Community Programming Pty Ltd,160723.02 AUD,10-Mar-2025,3615
INV217560,Building maintenance services,Programmed Facility Mgmt Pty Ltd,164173.8,16 May 2027,3630
INV217561,Civil infrastructure services,CITYWIDE SERVICE SOLUTIONS PTY LTD,130612.78 AUD,2029-08-31,3665
INV217562,Waste management services,Cleanaway  Waste  Management  Limited,"$193,954.36",25/06/03,3556
INV217563,Open spaces management - region 1,Citywide Service ,229476.37,2026-03-08,3676
INV217564,Vehicle tow away and impound services,Nationwide Towing Services,"$156,099.54",2029-07-31,3585
INV217565,Graffiti management and pressure cleaning services,CALCORP SERVICES PTY LTD,128750.42,13 January 2026,3668
INV217566,Building maintenance services,ProgrammedFacilityManagementPtyLtd,0.2m,10 July 2029,3630
INV217567,Open spaces management - region 2,SERCO,192074.54 AUD,2028-09-15,3677
INV217568,Graffiti management and pressure cleaning services,Calcorp Services Pty. Ltd.,230201.77 AUD,04 October 2028,3668
INV217569,Civil infrastructure services,Citywide Service Solutions Pty Ltd (AUS),120742.56,16/08/2029,3665
INV217570,Street cleaning,Spotless Facility Services Pty. Ltd.,94395.52 AUD,31 October 2029,3669
INV217571,Management of Active Melbourne recreation facilities,Victorian YMCA Community Programming P/L,"$175,215.82",24/02/2026,3615
INV217572,Integrated security services,National Protective Services Pty Ltd,86913.31,29 April 2026,3686
INV217573,Open spaces management - region 2,SERCO,103379.62,02/10/2028,3677
INV217574,Tree management maintenance services,Citywide Service Solutions Pty Ltd,107760.94,10/01/2026,3678
INV217575,Parking technology services,Reino Int’l Pty Ltd T/A Duncan Solutions,243749.86,14/01/2029, 
INV217576,Management of Active Melbourne recreation facilities,Victorian YMCA Community Programming Pty. Ltd.,105999.59,09/02/2028,3615
INV217577,Building maintenance services,Programmed Facility Management Pty Ltd (AU),66618.18,2025-11-25,3630
INV217578,Building cleaning services,menzies international (aust) pty ltd,243749.58,28/11/2026,3634
INV217579,Street cleaning,Spotless Facility Services Pty Ltd,72409.23,23/12/2027,3669
INV217580,Open spaces management - region 1,citywide service solutions pty ltd,0.0m,04/03/2027,3676
INV217581,Integrated security services,Natiozal Protective Services Pty Ltd,226859.28,22/06/2027,3686
INV217582,Graffiti management and pressure cleaning services,calcorp services pty ltd,0.0m,2027-12-17,3668
INV217583,Open spaces management - region 1,Citywide Service Solutions P/L,109574.56,25 August 2026,3676
INV217584,Vehicle tow away and impound services,Nationwide Towing Services,212.48,12/11/2026,3585
INV217585,Vehicle tow away and impound services,Nationwide Towing Services,86564.42,2028-06-30, 
INV217586,Open spaces management - region 2,SERCO (AU),202791.65,27/04/07,3677
INV217587,Melbourne Town Hall venue management,Showtime Event Group Pty Ltd,0.2m,20/03/2026,3670
INV217588,Street cleaning,Spotless Facility Sehvices Pty Ltd,"$8,885.64",22/07/2029,3669
INV217589,Tree management maintenance services,Citywide  Service  Solutions  Pty  Ltd,199096.68 AUD,15 December 2027,3678
INV217590,Building cleaning services,Menzies International (Aust) Pty Ltd,0.2m,27/11/26,3634
INV217591,Open spaces management - region 2,SERCO (AU),0.2m,28/12/07,3677
INV217592,Graffiti management and pressure cleaning services,Calcorp Services Pty Ltd,94465.92 AUD,2028-05-31,3668
INV217593,Integrated security services,National Protective Services P/L,148267.73 AUD,14/07/2025,3686
INV217594,Building maintenance services,Programmed Facility Management Pty. Ltd.,"$14,014.9",2025-02-24,3630
INV217595,Tree management maintenance services,Citywide Service Solutions P/L,150966.79,19 June 2029, 
INV217596,Parking technology services,Reino International Pty Ltd T/A Duncan Solutions,125218.97 AUD,10 July 2027,3623
INV217597,Parking technology services,Reino Intl Pty Ltd T/A Duncan Solutions,138024.83 AUD,25/01/04, 
INV217598,Tree management maintenance services,citywide service solutions pty ltd,"$248,610.41",29/12/28,3678
INV217599,Tree management maintenance services,Citywide Service Solutions P/L,0.2m,08/01/2029,3678
INV217600,Vehicle tow away and impound services,Nationwide Towing Services (AUS),0.1m,2028-11-12, 
INV217601,Open spaces management - region 2,Serco,0.2m,09-Aug-2026,3677
INV217602,Integrated security services,NATIONAL PROTECTIVE SERVICES PTY LTD,0.2m,29/07/2029,3686
INV217603,Melbourne Town Hall venue management,Mensies International (Aust) Pty Ltd,0.0m,30/09/2029,3634
INV217604,Management of Active Melbourne recreation facilities,Victorian,0.1m,08/09/2027,3615
INV217605,Street cleaning,spotless facility services pty ltd,0.1m,02/02/2027,3669
INV217606,Building cleaning services,MENZIES INTERNATIONAL (AUST) PTY LTD,"$174,861.38",29/06/09,3634
INV217607,Integrated security services,National,135749.64,18 November 2026, 
INV217608,Management of Active Melbourne recreation facilities,VICTORIAN YMCA COMMUNITY PROGRAMMING PTY LTD,248509.7,27/02/17,3615
INV217609,Parking technology services,Reino International Pty Ltd T/A Duncan Solutions,135190.91,03 September 2028,3623
INV217610,Integrated security services,national protective services pty ltd,"$8,406.25",17/12/2029,3686
INV217611,Integrated security services,National Protective Services Pty Ltd (AU),0.0m,04 November 2029,3686
INV217612,Building cleaning services,Menzies International (Aust) Pty. Ltd.,20499.77,27/04/18,3634
INV217613,Melbourne Town Hall venue management,Showtime,0.0m,15/02/2025,3670
INV217614,Waste management services,Cleanaway Waste Management Limited,160815.73 AUD,01 May 2029,3556
INV217615,Street cleaning,Spotless  Facility  Services  Pty  Ltd,0.1m,31 July 2027, 
INV217616,Parking technology services,REINO INTERNATIONAL PTY LTD T/A DUNCAN SOLUTIONS,229200.49 AUD,09-Nov-2027,3623
INV217617,Parking technology services,Spotless Facility Services P/L,0.2m,01/12/2027,3669
INV217618,Open spaces management - region 2,Citywide Service Solutions Pty Ltd,7336.46,06/11/2028,3678
INV217619,Building cleaning services,Menzies  International  (Aust)  Pty  Ltd,159270.59,21-May-2025,3634
INV217620,Integrated security services,National Protective Services Pty Ltd,241943.26 AUD,2029-11-14, 
INV217621,Open spaces management - region 1,Citywide Service Solutions Pty Ltd (AUS),86481.31,2027-06-30,3676
INV217622,Building maintenance services,Programmed Facility Management Pty Ltd,"$228,209.4",21-Jun-2027,3630
INV217623,Open spaces management - region 2,SERCO,10613.32,04-Feb-2028,3677
INV217624,Parking technology services,Reino International Pty Ltd T/A Duncan Solutions,219395.54,03/04/2026, 
INV217625,Civil infrastructure services,Calcorp Services Pty Ltd,218367.61,22/08/2026,3668
INV217626,Street cleaning,Spotless Facility Services Pty Ltd (AUS),44115.08 AUD,26 April 2028,3669
INV217627,Parking technology services,Reino International Pty. Ltd. T/A Duncan Solutions,0.1m,19/03/2025,3623
INV217628,Building maintenance services,Programmed Facility,217824.24,03 December 2026,3630
INV217629,Street cleaning,spotless facility services pty ltd,156624.96 AUD,27/06/19,3669
INV217630,Parking technology services,Reino International Pty Ltd T/A Duncan Solutions (AU),46312.45 AUD,03 August 2025,3623
INV217631,Melbourne Town Hall venue management,Showtime Evenm Group Pty Ltd,193810.95,29/07/2028,3670
INV217632,Open spaces management - region 1,Citywide Service Solutions Pty Ltd (AU),"$190,829.68",26 December 2029,3676
INV217633,Building maintenance services,Programmed Facility Management P/L,,25/01/2026,3630
INV217634,Integrated security services,National Protective Servicjs Pty Ltd,0.1m,2029-06-16,3686
INV217635,Vehicle tow away and impound services,Nationwide Towing zervices,"$109,571.32",2025-12-25,3585
INV217636,Vehicle tow away and impound services,NationwideTowingServices,218221.31 AUD,2028-03-24,3585
INV217637,Vehicle tow away and impound services,Nationwide  Towing  Services,131609.29,26/10/24,3585
INV217638,Civil infrastructure services,citywide service solutions pty ltd,0.2m,26/05/12,3665
INV217639,Building cleaning services,Menzies  International  (Aust)  Pty  Ltd,"$161,683.64",11 October 2027,3634
INV217640,Parking technology services,reino international pty ltd t/a duncan solutions,130773.41 AUD,2027-06-04, 
INV217641,Street cleaning,Spotless Facility Serviczs Pty Ltd,0.0m,15 April 2028,3669
INV217642,Street cleaning,Spotless Facility Services Pty Ltd,205391.99,2028-07-31,3669
INV217643,Melbourne Town Hall venue management,Showtime Event Group Pty. Ltd.,157825.08,21-Dec-2025,3670
INV217644,Parking technology services,Reino Int’l Pty Ltd T/A Duncan Solutions,0.2m,29/07/17,3623
INV217645,Building maintenance services,Programmed Facility Management Pty Ltd,196453.18 AUD,20 April 2029,3630
INV217646,Integrated security services,National  Protective  Services  Pty  Ltd,62090.42,06-Feb-2028,3686
INV217647,Parking technology services,reino international pty ltd t/a duncan solutions,157645.12,2028-09-27,3623
INV217648,Melbourne Town Hall venue management,Showtime Event Group Pty Ltd (AU),"$62,771.83",26/04/21,3670
INV217649,Integrated security services,National  Protective  Services  Pty  Ltd,138859.28,12/12/2029,3686
INV217650,Open spaces management - region 2,SERCO,"$71,064.84",26/07/2026,3677
INV217651,Tree management maintenance services,Citywide Service ,118429.35 AUD,30/08/2029,3678
INV217652,Management of Active Melbourne recreation facilities,cleanaway waste management limited,0.1m,13 March 2028, 
INV217653,Building maintenance services,Programmed Facility Management Pty Ltd,"$223,589.08",09/05/2026, 
INV217654,Tree management maintenance services,Citywide Service Solutions Pty. Ltd.,60532.74 AUD,10 December 2026,3678
INV217655,Waste management services,Cleanaway Waste Management Limpted,158394.83,09/07/2025,3556
INV217656,Tree management maintenance services,citywide service solutions pty ltd,163888.2 AUD,2028-08-13,3678
INV217657,Building maintenance services,Programmed Facility,0.2m,2029-01-27,3630
INV217658,Open spaces management - region 1,CitywideServiceSolutionsPtyLtd,202595.5 AUD,13/11/2029, 
INV217659,Street cleaning,Spotless Facility Services Pty Ltd (AU),"$173,252.06",2026-09-22,3669
INV217660,Open spaces management - region 1,Citywide Service Solutions Pty Ltd,214460.59,27/02/10,3676
INV217661,Vehicle tow away and impound services,NationwideTowingServices,107021.44,16 June 2028,3585
INV217662,Integrated security services,National Protectiv,212796.93,12 March 2026,3686
INV217663,Open spaces management - region 1,Citywide,0.1m,19/09/2029,3676
INV217664,Open spaces management - region 1,Citywide Service Solutions Pty Ltd,0.2m,03/05/2025,3676
INV217665,Integrated security services,NATIONAL PROTECTIVE SERVICES PTY LTD,,2027-01-28,3686
INV217666,Open spaces management - region 1,Citywide  Service  Solutions  Pty  Ltd,126217.19,2026-02-25,3676
INV217667,Graffiti management and pressure cleaning services,Calcorp Servires Pty Ltd,0.2m,29/03/2025,3668
INV217668,Civil infrastructure services,CitywideServiceSolutionsPtyLtd,93715.45,2029-10-29,3665
INV217669,Building maintenance services,programmed facility management pty ltd,207874.66,14/01/2027, 
INV217670,Civil infrastructure services,Spotless Facility Services Pty Ltd,195780.85,01/07/2029,3669
INV217671,Parking technology services,Reino International Pty. Ltd. T/A Duncan Solutions,184221.06 AUD,01/09/2025,3623
INV217672,Building cleaning services,Menzies Int’l (Aust) Pty Ltd,201034.28,29/06/05,3634
INV217673,Melbourne Town Hall venue management,Showtime Event Group Pty Ltd (AUS),76920.13 AUD,08/01/2029,3670
INV217674,Waste management services,Cleanaway Waste M,176763.44 AUD,19/04/2027, 
INV217675,Vehicle tow away and impound services,Nationwide To,66074.46,29-Jan-2025,3585
INV217676,Waste management services,Cleanaway Waste Mgmt Limited,72877.24,16 December 2029,3556
INV217677,Management of Active Melbourne recreation facilities,Victorian YMCA Community Programming Pty Ltd (AUS),0.2m,29 January 2025,3615
INV217678,Parking technology services,Reino International P/L T/A Duncan Solutions,141919.61 AUD,15/10/2026,3623
INV217679,Street cleaning,Spotless,18855.56,20/05/2029,3669
INV217680,Vehicle tow away and impound services,NationwideTowingServices,166062.7,27/11/03,3585
INV217681,Graffiti management and pressure cleaning services,Calcorp,"$203,592.52",2027-03-13,3668
INV217682,Graffiti management and pressure cleaning services,Calcorp Services Pty. Ltd.,182229.37,21/04/2027,3668
INV217683,Vehicle tow away and impound services,Nationwide Towing Services,60371.47 AUD,06-Jul-2026,3585
INV217684,Graffiti management and pressure cleaning services,CALCORP SERVICES PTY LTD,0.1m,13/04/2027,3668
INV217685,Waste management services,Cleanaway Waste Mgmt Limited,0.1m,19/06/2029,3556
INV217686,Melbourne Town Hall venue management,Showtime Event Group P/L,0.2m,2027-10-04, 
INV217687,Parking technology services,REINO INTERNATIONAL PTY LTD T/A DUNCAN SOLUTIONS,160438.86,18 November 2028,3623
INV217688,Civil infrastructure services,Citywide Service Solutions Pty Ltd,222648.36 AUD,21/03/2029,3665
INV217689,Management of Active Melbourne recreation facilities,VictorianYMCACommunityProgrammingPtyLtd,231252.77 AUD,15 March 2025,3615
INV217690,Parking technology services,Citywide Service Solutions Pty Ltd,"$217,110.57",26/11/05,3678
INV217691,Tree management maintenance services,Citywide Service ,,28/04/06,3678
INV217692,Street cleaning,Spotless Facility Services Pty Ltd,189310.93,2026-04-17,3669
INV217693,Melbourne Town Hall venue management,Showtime Event Group Pty Ltd (AUS),147010.15,03-Sep-2029,3670
INV217694,Building maintenance services,Programmed Facility Management Pty Ltd,195553.54,13-Nov-2027,3630
INV217695,Graffiti management and pressure cleaning services,Calcorp Services Pty Ltd,54574.95,2029-04-11,3668
INV217696,Civil infrastructure services,Citywide Service ,77964.93 AUD,07 October 2028,3665
INV217697,Open spaces management - region 1,Citywide Service ,77862.89 AUD,06-May-2028,3676
INV217698,Melbourne Town Hall venue management,Showtime  Event  Group  Pty  Ltd,0.1m,11 October 2029,3670
INV217699,Vehicle tow away and impound services,NATIONWIDE TOWING SERVICES,67259.47 AUD,26-Nov-2026,3585
INV217700,Open spaces management - region 1,REINO INTERNATIONAL PTY LTD T/A DUNCAN SOLUTIONS,25653.9,28/07/2029, 
INV217701,Open spaces management - region 2,SERCO,0.2m,2025-08-16,3677
INV217702,Graffiti management and pressure cleaning services,CalcorpServicesPtyLtd,0.0m,10 February 2028,3668
INV217703,Open spaces management - region 1,Citywide,68342.51,25-Oct-2026,3676
INV217704,Street cleaning,Spotless Facility Services Pty Ltd (AUS),214426.18 AUD,19-Mar-2027,3669
INV217705,Integrated security services,National Protectiv,47406.05 AUD,08 July 2025,3686
INV217706,Graffiti management and pressure cleaning services,Calcorp,68452.4,2025-03-07,3668
INV217707,Vehicle tow away and impound services,Nationwide Towing Services,"$95,158.92",21 March 2025,3585
INV217708,Management of Active Melbourne recreation facilities,Victorian  YMCA  Community  Programming  Pty  Ltd,0.1m,19-May-2026,3615
INV217709,Open spaces management - region 2,Serco,0.2m,23-Mar-2028,3677
INV217710,Tree management maintenance services,CitywideServiceSolutionsPtyLtd,90038.45 AUD,25/08/03,3678
INV217711,Waste management services,Cleanaway Waste Management Ltd,"$63,546.65",26/12/20,3556
INV217712,Parking technology services,Menzies International (Aust) P/L,27479.21,10-Nov-2029,3634
INV217713,Civil infrastructure services,Citywide Service Solutions Pty Ltd (AU),25149.14,19-Apr-2025,3665
INV217714,Melbourne Town Hall venue management,Showtime,"$75,660.5",04-Jul-2026,3670
INV217715,Parking technology services,Reino International Pty ,"$51,726.05",21-Oct-2025,3623
INV217716,Melbourne Town Hall venue management,Showtime Event Group Pty Ltd,0.2m,20-Jun-2025,3670
INV217717,Waste management services,CLEANAWAY WASTE MANAGEMENT LIMITED,"$132,755.43",02 January 2029,3556
INV217718,Vehicle tow away and impound services,Nationwide To,203420.72 AUD,2029-01-01,3585
INV217719,Vehicle tow away and impound services,Nationwide Towing Services,63272.59,2029-01-19,3585
INV217720,Waste management services,Cleanaway Waste Management Limited,98815.35,24/11/2029, 
INV217721,Management of Active Melbourne recreation facilities,Vietorian YMCA Community Programming Pty Ltd,92813.74 AUD,10/05/2027,3615
INV217722,Open spaces management - region 1,Citywide,63195.32 AUD,06 May 2025,3676
INV217723,Street cleaning,SPOTLESS FACILITY SERVICES PTY LTD,6657.5,27/12/23,3669
INV217724,Parking technology services,Reino International Pty ,0.1m,23/05/2029,3623
INV217725,Melbourne Town Hall venue management,showtime event group pty ltd,201945.76 AUD,26/11/28,3670
INV217726,Street cleaning,Spotless Facility Services Pty Ltd (AUS),1162.26,03-Aug-2029,3669
INV217727,Open spaces management - region 1,Citywide Service ,42071.81,2027-07-26,3676
INV217728,Management of Active Melbourne recreation facilities,VICTORIAN YMCA COMMUNITY PROGRAMMING PTY LTD,248886.13,29-Dec-2025,3615
INV217729,Graffiti management and pressure cleaning services,CalcorpServicesPtyLtd,26827.48,30/03/2026,3668
INV217730,Building maintenance services,Programmed Facility Management Pty Ltd (AUS),"$63,700.14",10/06/2025,3630
INV217731,Waste management services,cleanaway waste management limited,70758.82 AUD,18/11/2025,3556
INV217732,Tree management maintenance services,Citywide Service Solutions Pty Ltd,143437.97,10/05/2025,3678
INV217733,Open spaces management - region 2,SERCO (AU),"$170,880.55",31-Jul-2028,3677
INV217734,Integrated security services,National Protectiv,"$101,193.19",08/01/2025,3686
INV217735,Melbourne Town Hall venue management,Showtime Event Group Pty Ltd,43380.48 AUD,03/08/2029,3670
INV217736,Building cleaning services,Menzies,239807.34,17 March 2026,3634
INV217737,Graffiti management and pressure cleaning services,Calcorp Services Pty Ltd,0.1m,03/01/2026,3668
INV217738,Vehicle tow away and impound services,Nationwide Towing Services,0.2m,05-Aug-2028,3585
INV217739,Melbourne Town Hall venue management,Showtime Event,9860.82,29 April 2029,3670
INV217740,Street cleaning,SpotlessFacilityServicesPtyLtd,0.1m,26/12/2027,3669
INV217741,Graffiti management and pressure cleaning services,Calcorp Services Pty Ltd,0.1m,18-Mar-2026,3668
INV217742,Open spaces management - region 2,SERCO (AU),"$228,393.44",17/12/2025,3677
INV217743,Management of Active Melbourne recreation facilities,Victorian Ymca Community Programming Pty Ltd,211851.58 AUD,25/12/13,3615
INV217744,Parking technology services,ReinoInternationalPtyLtdT/ADuncanSolutions,5568.17 AUD,29/11/19,3623
INV217745,Civil infrastructure services,Citywide,2693.96,26/09/21,3665
INV217746,Building maintenance services,Programmed Facility Management Pty Ltd (AU),0.1m,27/03/31,3630
INV217747,Integrated security services,national protective services pty ltd,151642.94 AUD,18/10/2026,3686
INV217748,Building cleaning services,Menzies  International  (Aust)  Pty  Ltd,"$21,727.71",21/09/2026, 
INV217749,Open spaces management - region 2,SERCO (AU),"$168,909.37",01/11/2025,3677
INV217750,Open spaces management - region 2,serco,62571.33,18-Oct-2027,3677
INV217751,Open spaces management - region 2,SERCO (AUS),30939.16 AUD,04/09/2029,3677
INV217752,Tree management maintenance services,Citywide Service Solutions Pty. Ltd.,33803.19,06/07/2027,3678
INV217753,Waste management services,Cleanaway,0.2m,2026-06-17,3556
INV217754,Vehicle tow away and impound services,Nationwide,90792.1,2026-06-05,3585
INV217755,Melbourne Town Hall venue management,Showtime  Event  Group  Pty  Ltd,11484.49,2026-11-15,3670
INV217756,Graffiti management and pressure cleaning services,Calcorp Services Pty Ltd,"$207,262.45",29/07/28,3668
INV217757,Open spaces management - region 2,SERCO,"$76,294.76",2028-12-23,3677
INV217758,Melbourne Town Hall venue management,ShowtimeEventGroupPtyLtd,49337.31 AUD,15-Aug-2029, 
INV217759,Graffiti management and pressure cleaning services,Calcorp,"$128,491.2",2026-02-14,3668
INV217760,Vehicle tow away and impound services,Nationwide Towinu Services,"$66,235.97",11/07/2029,3585
INV217761,Street cleaning,Spotless Facility,85836.67 AUD,29-Oct-2025,3669
INV217762,Vehicle tow away and impound services,Nationwide Towing Services,46262.56,,3585
INV217763,Melbourne Town Hall venue management,Showtime Event Gjoup Pty Ltd,222434.93,26/10/23,3670
INV217764,Waste management services,Cleanaway Waste Management Limited (AUS),177327.18,07/01/2025,3556
INV217765,Graffiti management and pressure cleaning services,Calcorp Services Pty Ltd (AUS),"$227,634.77",12-Jul-2025,3668
INV217766,Management of Active Melbourne recreation facilities,Victorian YMCA Community Programming P/L,"$44,639.77",25/02/2028,3615
INV217767,Open spaces management - region 1,CITYWIDE SERVICE SOLUTIONS PTY LTD,165936.92,08 March 2025,3676
INV217768,Integrated security services,National Protective Services Pty Ltd (AU),0.2m,10 February 2027,3686
INV217769,Open spaces management - region 2,Serco,157600.4 AUD,27/01/05,3677
INV217770,Building cleaning services,Menzies International (Aust) Pty Ltd,3818.01 AUD,02/04/2029,3634
INV217771,Graffiti management and pressure cleaning services,citywide service solutions pty ltd,40334.67,27/02/13,3665
INV217772,Civil infrastructure services,Citywide Service Solutions Pty Ltd (AUS),"$173,265.8",12/05/2025, 
INV217773,Street cleaning,Spotless,172338.77,06-Nov-2025,3669
INV217774,Melbourne Town Hall venue management,Showtime Event Group Pty Ltd (AUS),0.2m,03 November 2027,3670
INV217775,Open spaces management - region 1,CitywideServiceSolutionsPtyLtd,167993.72,09 May 2026,3676
INV217776,Street cleaning,Spotless Facility Services P/L,202319.94,21/10/2026,3669
INV217777,Street cleaning,Spotless Facility Services Pty. Ltd.,"$119,836.19",2028-11-09,3669
INV217778,Open spaces management - region 1,Citywide  Service  Solutions  Pty  Ltd,41310.53 AUD,16-Feb-2027,3676
INV217779,Integrated security services,NationalProtectiveServicesPtyLtd,164378.4,25 February 2026,3686
INV217780,Management of Active Melbourne recreation facilities,Victorian YMCA Community Programming Pty Ltd (AUS),76408.11,25/01/04,3615
INV217781,Melbourne Town Hall venue management,Showtime,0.0m,10/02/2026, 
INV217782,Civil infrastructure services,Citywide Service Solutions Pty Ltd,155785.85,14 April 2029,3665
INV217783,Integrated security services,National Protective Services Pty Ltd,107099.45,2029-06-10,3686
INV217784,Management of Active Melbourne recreation facilities,Victorian YMCA Communi,0.0m,07/10/2026,3615
INV217785,Parking technology services,Reino Int’l Pty Ltd T/A Duncan Solutions,196806.58,18 March 2029,3623
INV217786,Integrated security services,National Protective Services P/L,88997.06,08/07/2026,3686
INV217787,Vehicle tow away and impound services,NationwideTowingServices,0.2m,18/08/2027,3585
INV217788,Building maintenance services,Programmed Facility Management Pty Ltd (AU),0.2m,17/12/2028,3630
INV217789,Melbourne Town Hall venue management,ShowtimeEventGroupPtyLtd,0.1m,23-Dec-2026,3670
INV217790,Building cleaning services,Menzies International (Aust) Pty. Ltd.,60891.18,25/05/05,3634
INV217791,Building maintenance services,PROGRAMMED FACILITY MANAGEMENT PTY LTD,197189.73,27 August 2028,3630
INV217792,Waste management services,Cleanaway Waste Management Limited,110585.93 AUD,29-Aug-2029,3556
INV217793,Street cleaning,spotless facility services pty ltd,32179.8,2029-11-10,3669
INV217794,Civil infrastructure services,Citywide Service Solutions Pty Ltd (AU),98544.1,30 March 2028,3665
INV217795,Street cleaning,Spotless Facility,79441.16,26/01/2027,3669
INV217796,Parking technology services,Reino International Pty Ltd T/A Duncan Solutions (AUS),69040.91 AUD,24/06/2025,3623
INV217797,Graffiti management and pressure cleaning services,Calcorp Services Pty Ltd,0.1m,30/09/2029,3668
INV217798,Waste management services,Cleanaway Waste M,150872.95,25/10/03,3556
INV217799,Building cleaning services,Menzies International (Aust) Pty Ltd,63420.46 AUD,2028-09-01, 
INV217800,Waste management services,Cleanaway  Waste  Management  Limited,"$136,173.24",05-Jul-2025,3556
INV217801,Building maintenance services,Programmed Facility Management Pty Ltd (AUS),"$39,465.02",2025-10-18,3630
INV217802,Open spaces management - region 2,SERCO (AU),"$84,868.62",22 August 2028,3677
INV217803,Building cleaning services,MENZIES INTERNATIONAL (AUST) PTY LTD,231780.94,06/09/2026,3634
INV217804,Waste management services,Cleanaway Waste sanagement Limited,0.2m,27/09/10,3556
INV217805,Management of Active Melbourne recreation facilities,Victorian YMCA Community Programming P/L,149428.13,2029-04-24, 
INV217806,Tree management maintenance services,CitywideServiceSolutionsPtyLtd,204032.61,09-Apr-2026,3678
INV217807,Integrated security services,National Protectiv,204616.48,30-Sep-2027,3686
INV217808,Tree management maintenance services,Citywide Service ,93928.25 AUD,29/12/13,3678
INV217809,Open spaces management - region 1,Citywide Service Solutions Pty Ltd (AUS),239980.34,12/10/2028,3676
INV217810,Street cleaning,Spotless Facility Services Pty Ltd,"$77,417.29",08/09/2026,3669
INV217811,Tree management maintenance services,Citywide Service Solutions P/L,220894.58 AUD,27/12/15,3678
INV217812,Building cleaning services,Menzies,"$155,643.91",26 April 2026,3634
INV217813,Open spaces management - region 2,serco,0.2m,28/06/30,3677
INV217814,Civil infrastructure services,Citywide Service Solutions Pty Ltd (AU),"$102,426.06",2028-07-14,3665
INV217815,Parking technology services,SERCO,"$138,277.64",2028-07-10,3677
INV217816,Graffiti management and pressure cleaning services,Calcorp Services Pty. Ltd.,69559.66,2028-11-13,3668
INV217817,Waste management services,Cleanaway Waste Management Limited (AUS),0.2m,10 October 2026,3556
INV217818,Civil infrastructure services,Citywide Service Solutions Pty Ltd,"$170,702.56",2027-05-18, 
INV217819,Street cleaning,Spotless Facility Services P/L,122503.23,27/05/2027,3669
INV217820,Street cleaning,Spotless Facility Services P/L,193213.11,21 October 2027,3669
INV217821,Waste management services,Cleanaway Waste Management Limited (AU),123329.05,30-Jan-2028,3556
INV217822,Melbourne Town Hall venue management,showtime event group pty ltd,155698.57 AUD,26/06/30,3670
INV217823,Civil infrastructure services,Citywide Service Solutions Pty Ltd,"$20,948.85",2025-06-11,3665
INV217824,Parking technology services,REINO INTERNATIONAL PTY LTD T/A DUNCAN SOLUTIONS,0.1m,29/06/07,3623
INV217825,Graffiti management and pressure cleaning services,Calcorp Services P/L,0.2m,27/11/2028,3668
INV217826,Street cleaning,CITYWIDE SERVICE SOLUTIONS PTY LTD,236770.12 AUD,13 September 2026, 
INV217827,Vehicle tow away and impound services,Nationwide Towing Services (AU),0.2m,28/12/2025,3585
INV217828,Building maintenance services,Prograhmed Facility Management Pty Ltd,0.1m,04-Oct-2025,3630
INV217829,Parking technology services,reino international pty ltd t/a duncan solutions,146941.27 AUD,26/03/2029,3623
INV217830,Open spaces management - region 1,Citywide Service Solutions Pty Ltd,"$227,868.2",15-Mar-2025,3676
INV217831,Open spaces management - region 2,SERCO,0.1m,04/10/2027,3677
INV217832,Parking technology services,reino international pty ltd t/a duncan solutions,"$188,885.95",28/04/2026,3623
INV217833,Building maintenance services,programmed facility management pty ltd,38367.63,05/04/2025,3630
INV217834,Waste management services,CLEANAWAY WASTE MANAGEMENT LIMITED,163044.98 AUD,17/11/2027,3556
INV217835,Street cleaning,Spotless Facility Services Pty Ltd,"$45,503.0",10/03/2027,3669
INV217836,Graffiti management and pressure cleaning services,Calcorp Serv,77809.51,11/09/2028,3668
INV217837,Street cleaning,SPOTLESS FACILITY SERVICES PTY LTD,36585.99,09 October 2028,3669
INV217838,Street cleaning,Spotless Facility Services Pty. Ltd.,0.2m,2026-10-21,3669
INV217839,Open spaces management - region 1,Citywide Service Solutions Pty. Ltd.,230228.78,19 October 2028,3676
INV217840,Building cleaning services,Menzies International (Aust) P/L,119199.61,07 October 2026,3634
INV217841,Civil infrastructure services,Citywide  Service  Solutions  Pty  Ltd,207159.66 AUD,29/05/02,3665
INV217842,Open spaces management - region 1,Citywide Service Solutions Pty Ltd (AUS),"$179,978.04",25 May 2028,3676
INV217843,Building maintenance services,Programmed Facility Management Pty Ltd (AU),128772.14,13-Apr-2029,3630
INV217844,Open spaces management - region 2,SERCO (AUS),0.2m,2029-06-16,3677
INV217845,Parking technology services,Reino International Pty Ltd T/A Duncan Solutions,52131.35,11-Apr-2028,3623
INV217846,Integrated security services,National Protective Services Pty Ltd,0.0m,2027-10-31,3686
INV217847,Building maintenance services,Programmed Facility Mgmt Pty Ltd,"$73,802.32",28 February 2026,3630
INV217848,Building cleaning services,Menzies International (Aust) P/L,"$215,926.6",25/09/2029,3634
INV217849,Open spaces management - region 1,Citywide Service Solutions Pty. Ltd.,0.2m,10/05/2027,3676
INV217850,Integrated security services,National Protective Services Pty. Ltd.,249402.92,29/01/27,3686
INV217851,Civil infrastructure services,Citywide Service Solutions P/L,0.2m,20/05/2027,3665
INV217852,Vehicle tow away and impound services,Nationwide Towing Services,232674.53,10/04/2027,3585
INV217853,Street cleaning,Spotless Facility Services P/L,129777.69,31/12/2029,3669
INV217854,Building cleaning services,Menzies Intl (Aust) Pty Ltd,46928.03 AUD,09 May 2026,3634
INV217855,Tree management maintenance services,CITYWIDE SERVICE SOLUTIONS PTY LTD,137728.84,02-Dec-2028,3678
INV217856,Vehicle tow away and impound services,Nationwide Towing Services,0.2m,30 March 2028,3585
INV217857,Melbourne Town Hall venue management,Showtime Event aroup Pty Ltd,"$156,909.09",2026-03-15,3670
INV217858,Civil infrastructure services,Citywide Service Solutions Pty. Ltd.,196538.38 AUD,28 November 2029,3665
INV217859,Melbourne Town Hall venue management,Showtime Event Group Pty Ltd,183484.41,28/01/05,3670
INV217860,Waste management services,Cleanaway Waste Management Limited (AU),"$124,324.9",05-Dec-2028, 
INV217861,Integrated security services,National,"$226,569.96",25/12/08,3686
INV217862,Integrated security services,National Protective Services P/L,109787.86,2026-05-05,3686
INV217863,Open spaces management - region 2,SERCO,"$70,404.1",2025-03-22,3677
INV217864,Building cleaning services,Menzies International (Aust) Pty Ltd (AUS),"$209,839.99",25/09/19,3634
INV217865,Melbourne Town Hall venue management,Showtime Event Group Pty Ltd,178449.72,19-Jan-2029,3670
INV217866,Management of Active Melbourne recreation facilities,Victorian YMCA Community Programming Pty Ltd,"$92,205.94",2026-06-26,3615
INV217867,Open spaces management - region 1,Citywide Service Solutions Pty Ltd,39955.39,26/07/2028,3676
INV217868,Open spaces management - region 1,Citywide Service Solutions Pty Ltd (AU),"$50,312.46",26/03/2026,3676
INV217869,Building cleaning services,Menzies International (Aust) Pty Ltd,249182.35 AUD,2029-01-10,3634
INV217870,Building maintenance services,Programmed Facility,"$119,911.12",27/12/22,3630
INV217871,Building cleaning services,Menzies International (Aust) Pty Ltd (AUS),209930.03 AUD,09 January 2028,3634
INV217872,Melbourne Town Hall venue management,Showtime Event Group Pty. Ltd.,"$100,034.02",01/03/2029,3670
INV217873,Vehicle tow away and impound services,Nationwide Towing Services (AU),31366.53,02/02/2025,3585
INV217874,Graffiti management and pressure cleaning services,CalcorptServices Pty Ltd,69968.36,27/02/22,3668
INV217875,Street cleaning,Spotless Facility,82796.65,26/09/07,3669
INV217876,Integrated security services,National Protective Services Pty Ltd,18713.66,28/01/26,3686
INV217877,Open spaces management - region 1,CitywideServiceSolutionsPtyLtd,142967.31,13/07/2027,3676
INV217878,Vehicle tow away and impound services,Nationwide Towing Services,100605.41,2029-09-03, 
INV217879,Parking technology services,Reino Intl Pty Ltd T/A Duncan Solutions,0.1m,29/10/23,3623
INV217880,Waste management services,Cleanaway Waste Management Limited (AUS),0.2m,2027-08-03,3556
INV217881,Open spaces management - region 2,SERCO,236294.29 AUD,06/01/2025,3677
INV217882,Management of Active Melbourne recreation facilities,Victorian YMCA Community Programming Pty Ltd (AUS),50587.47,26/07/09,3615
INV217883,Building cleaning services,Menzies International (Aust) Pty Ltd (AU),"$81,575.03",16/04/2026, 
INV217884,Melbourne Town Hall venue management,Showtime Event Group P/L,0.1m,26/01/16, 
INV217885,Tree management maintenance services,Citywide,"$3,518.85",12-Jun-2028,3678
INV217886,Integrated security services,NationalProtectiveServicesPtyLtd,"$155,518.87",04/04/2027,3686
INV217887,Vehicle tow away and impound services,NationwideTowingServices,0.2m,21-Mar-2027,3585
INV217888,Waste management services,Cleanaway Waste Management Limited (AUS),4541.6,2028-06-22,3556
INV217889,Open spaces management - region 2,SERCO,154718.07,28/06/02,3677
INV217890,Waste management services,Cleanaway  Waste  Management  Limited,249415.87 AUD,27/09/20,3556
INV217891,Melbourne Town Hall venue management,Showtime Event Group P/L,10381.79 AUD,2028-05-28,3670
INV217892,Vehicle tow away and impound services,Nationwide  Towing  Services,245892.48 AUD,05 January 2028,3585
INV217893,Street cleaning,spotless facility services pty ltd,"$16,848.96",03/04/2028,3669
INV217894,Building cleaning services,Menzies,"$188,318.61",23-Aug-2026,3634
INV217895,Management of Active Melbourne recreation facilities,victorian ymca community programming pty ltd,0.2m,27/03/02,3615
INV217896,Street cleaning,Spotless Facility Services Pty Ltd,113612.02,29/03/28,3669
INV217897,Open spaces management - region 1,Citywide Service Solutions Pty Ltd (AUS),0.2m,25/11/16, 
INV217898,Waste management services,Cleanaway Waste Mgmt Limited,149328.61,14-Mar-2026,3556
INV217899,Integrated security services,National Protective Services Pty Ltd,"$108,198.68",13/12/2025,3686
INV217900,Melbourne Town Hall venue management,Showtime Event Group P/L,0.2m,09/11/2028,3670
INV217901,Building maintenance services,Programmed Fasility Management Pty Ltd,"$227,782.82",20/10/2028,3630
INV217902,Parking technology services,Reino Intl Pty Ltd T/A Duncan Solutions,17057.37 AUD,11-Jul-2029,3623
INV217903,Graffiti management and pressure cleaning services,Calcorp Services P/L,,25/08/27,3668
INV217904,Street cleaning,Spotless Facility Services Pty Ltd (AU),101177.2 AUD,14/03/2025,3669
INV217905,Parking technology services,ReinoInternationalPtyLtdT/ADuncanSolutions,"$31,265.75",04-Apr-2028,3623
INV217906,Parking technology services,Reino International Pty. Ltd. T/A Duncan Solutions,"$16,723.04",2027-06-13,3623
INV217907,Building cleaning services,Menzies International (Aust) Pty. Ltd.,0.2m,25 August 2027,3634
INV217908,Vehicle tow away and impound services,Nationwide Towing Services (AUS),"$204,936.71",18 June 2027,3585
INV217909,Management of Active Melbourne recreation facilities,VICTORIAN YMCA COMMUNITY PROGRAMMING PTY LTD,25695.23,11-Aug-2029,3615
INV217910,Integrated security services,Nasional Protective Services Pty Ltd,"$130,407.34",04/12/2028,3686
INV217911,Management of Active Melbourne recreation facilities,Victorian YMCA Community Programming Pty Ltd,130331.48,15-Nov-2025,3615
INV217912,Integrated security services,NationaltProtective Services Pty Ltd,244870.12,2026-06-25,3686
INV217913,Graffiti management and pressure cleaning services,calcorp services pty ltd,204474.43 AUD,14 September 2026,3668
INV217914,Parking technology services,Reino International Pty. Ltd. T/A Duncan Solutions,34036.72 AUD,12/08/2027, 
INV217915,Tree management maintenance services,Citywide Service Solutions Pty Ltd (AUS),"$88,954.36",13-Jul-2026,3678
INV217916,Graffiti management and pressure cleaning services,Calcorp Services Pty Ltd,141359.76,28/07/17,3668
INV217917,Integrated security services,National Protective Services Pty Ltd,0.1m,2028-03-18,3686
INV217918,Open spaces management - region 1,Citywide Service Solutions Pty Ltd (AUS),0.1m,2027-03-12,3676
INV217919,Integrated security services,National Protectiv,26897.52 AUD,2025-01-20,3686
INV217920,Vehicle tow away and impound services,Nationwide  Towing  Services,62862.92,2026-12-27,3585
INV217921,Tree management maintenance services,Citywide Service Solutions P/L,0.2m,12/01/2025,3678
INV217922,Management of Active Melbourne recreation facilities,Victorian YMCA Community Programming Pty. Ltd.,217830.99,07 December 2026,3615
INV217923,Graffiti management and pressure cleaning services,Nationwide Towing Services,136572.64,25/04/12,3585
INV217924,Building cleaning services,Menzies Int’l (Aust) Pty Ltd,"$113,782.51",12-Apr-2027,3634
INV217925,Management of Active Melbourne recreation facilities,Victorian Ymca Community Programming Pty Ltd,138105.21,2026-04-29,3615
INV217926,Parking technology services,ReinoInternationalPtyLtdT/ADuncanSolutions,"$185,889.02",2029-11-08,3623
INV217927,Graffiti management and pressure cleaning services,Calcorp Services Pty. Ltd.,"$228,351.25",14 June 2026,3668
INV217928,Street cleaning,SPOTLESS FACILITY SERVICES PTY LTD,113485.66 AUD,27/06/02,3669
INV217929,Open spaces management - region 2,SERCO,"$36,509.22",28/10/14,3677
INV217930,Parking technology services,Reino International Pty Ltd T/A Duncan Solutions,82605.35,14-Jan-2026,3623
INV217931,Integrated security services,National Protective Services P/L,199557.17,2028-05-21,3686
INV217932,Tree management maintenance services,Citywide Service Solutions Pty Ltd,119798.62 AUD,2029-07-29,3678
INV217933,Management of Active Melbourne recreation facilities,Victorian YMCA Community Programming Pty Ltd (AU),37356.95,2029-12-31, 
INV217934,Integrated security services,National Protective Services Pty Ltd,148743.31,10 July 2029,3686
INV217935,Melbourne Town Hall venue management,Showtimf Event Group Pty Ltd,0.1m,11/06/2026,3670
INV217936,Tree management maintenance services,Citywide,0.0m,2027-07-13,3678
INV217937,Open spaces management - region 2,SERCO,0.0m,17/06/2025,3677
INV217938,Management of Active Melbourne recreation facilities,victorian ymca community programming pty ltd,0.1m,06-Sep-2028,3615
INV217939,Waste management services,Cleanaway Waste Management Ltd,165904.06,26/04/2028,3556
INV217940,Graffiti management and pressure cleaning services,Calcorp  Services  Pty  Ltd,0.2m,26/07/07,3668
INV217941,Melbourne Town Hall venue management,Showtime Event Group P/L,161084.04,06/09/2025,3670
INV217942,Parking technology services,Reino International Pty. Ltd. T/A Duncan Solutions,"$58,758.02",31/12/2029,3623
INV217943,Open spaces management - region 2,SERCO,147058.04 AUD,25/05/2027,3677
INV217944,Building maintenance services,programmed facility management pty ltd,30068.12,2027-09-18,3630
INV217945,Vehicle tow away and impound services,nationwide towing services,108415.0,21-May-2026,3585
INV217946,Vehicle tow away and impound services,Nationwide Towing Services,0.0m,03/10/2027,3585
INV217947,Open spaces management - region 1,Citywide Service Solutions Pty Ltd,0.1m,27/11/14,3676
INV217948,Tree management maintenance services,Citywide Service Solutions Pty Ltd,0.1m,27/10/14,3678
INV217949,Open spaces management - region 1,Citywide Service ,0.1m,24/08/2027,3676
INV217950,Tree management maintenance services,Citywide Service Solutions Pty. Ltd.,231072.87,03 March 2027,3678
INV217951,Melbourne Town Hall venue management,Showtime,0.2m,09 February 2026, 
INV217952,Street cleaning,Spotless Facility Services Pty Ltd,91423.52,14-Nov-2029,3669
INV217953,Open spaces management - region 2,SERCO,67532.17 AUD,26/03/2028,3677
INV217954,Melbourne Town Hall venue management,Showtime Event,228015.56 AUD,14/04/2026,3670
INV217955,Management of Active Melbourne recreation facilities,Victorian YMCA Community Programming Pty. Ltd.,172234.12 AUD,21 July 2026,3615
INV217956,Graffiti management and pressure cleaning services,Calcorp Services Pty Ltd,0.2m,29 May 2025,3668
INV217957,Graffiti management and pressure cleaning services,Calcorp Serv,"$108,516.53",26/10/2025,3668
INV217958,Waste management services,Cleanaway  Waste  Management  Limited,"$152,836.49",11/12/2025,3556
INV217959,Melbourne Town Hall venue management,SHOWTIME EVENT GROUP PTY LTD,11256.15,2026-08-07,3670
INV217960,Open spaces management - region 2,serco,165538.91,06-May-2025,3677
INV217961,Management of Active Melbourne recreation facilities,Victorian YMCA Community Programming Pty Ltd (AUS),0.2m,2026-04-01,3615
INV217962,Waste management services,Cleanaway,113755.88,2026-01-28,3556
INV217963,Graffiti management and pressure cleaning services,Calcorp Services Pty. Ltd.,227980.02,31/03/2027,3668
INV217964,Management of Active Melbourne recreation facilities,Victorian YMCA Community Programming Pty Ltd,77052.01 AUD,12-Apr-2026,3615
INV217965,Tree management maintenance services,Citywide,"$9,971.12",25-Oct-2027,3678
INV217966,Building maintenance services,Programmed Facility Management Pty Ltd (AUS),0.0m,20/01/2026,3630
INV217967,Integrated security services,national protective services pty ltd,201472.8,2027-04-07,3686
INV217968,Open spaces management - region 1,Citywide Service Solutions Pty Ltd,214865.41,27-Jul-2025,3676
INV217969,Melbourne Town Hall venue management,Showtime Event Group Pty Ltd (AU),90228.4 AUD,28/05/26,3670
INV217970,Melbourne Town Hall venue management,Showtime Event Group Pty Ltd (AU),30994.25 AUD,26/04/27,3670
INV217971,Tree management maintenance services,citywide service solutions pty ltd,"$148,470.64",2026-12-07,3678
INV217972,Management of Active Melbourne recreation facilities,Victorian YMCA Community Programming Pty Ltd (AUS),105026.02,30/03/2025,3615
INV217973,Melbourne Town Hall venue management,Showtime Event Group Pty Ltd,98706.07,27/05/10,3670
INV217974,Graffiti management and pressure cleaning services,Calcorp  Services  Pty  Ltd,98706.51,13/07/2025, 
INV217975,Open spaces management - region 1,Citywide Service Solutions Pty. Ltd.,93099.49 AUD,2025-08-23,3676
INV217976,Street cleaning,Spotless Facility Services Pty Ltd (AU),136656.37,28/08/30, 
INV217977,Melbourne Town Hall venue management,showtime event group pty ltd,200867.1 AUD,27/09/2027,3670
INV217978,Melbourne Town Hall venue management,ShowtimeEventGroupPtyLtd,177263.45,2027-11-23,3670
INV217979,Building maintenance services,Programmed Facility Management Pty. Ltd.,19990.55 AUD,25/12/19,3630
INV217980,Street cleaning,Spotless,"$25,660.19",28/01/21, 
INV217981,Waste management services,Cleanaway Waste Management LTD,15220.77,27/04/2026,3556
INV217982,Graffiti management and pressure cleaning services,Calcorp Services Pty Ltd,0.1m,17 August 2028,3668
INV217983,Integrated security services,NationalProtectiveServicesPtyLtd,58075.61,25/08/26,3686
INV217984,Civil infrastructure services,Citywide Service Solutions Pty Ltd (AU),245528.43 AUD,13 January 2029,3665
INV217985,Vehicle tow away and impound services,NATIONWIDE TOWING SERVICES,0.1m,13/04/2026,3585
INV217986,Street cleaning,Spotless,124652.57,09/12/2027,3669
INV217987,Management of Active Melbourne recreation facilities,victorian ymca community programming pty ltd,"$88,603.21",03/04/2027,3615
INV217988,Graffiti management and pressure cleaning services,Calcorp Services Pty. Ltd.,69538.25,26/11/2025,3668
INV217989,Open spaces management - region 1,Citywide Service Solutions Pty Ltd,0.0m,2026-05-29,3676
INV217990,Vehicle tow away and impound services,Nationwide Towing Services (AUS),0.2m,04 October 2027,3585
INV217991,Open spaces management - region 2,SERCO,"$159,954.54",2026-06-30,3677
INV217992,Graffiti management and pressure cleaning services,Calcorp Services Pty Ltd,51999.59,06/09/2027,3668
INV217993,Integrated security services,National Protective Services Pty Ltd (AU),92189.47,23/02/2026,3686
INV217994,Building maintenance services,Programmed Facility Management Pty Ltd,0.0m,29/02/26,3630
INV217995,Open spaces management - region 1,Citywide Service Solutions Pty Ltd,191184.62,02-Apr-2026,3676
INV217996,Graffiti management and pressure cleaning services,Calcorp Services Pty. Ltd.,99473.6 AUD,28 April 2025,3668
INV217997,Building maintenance services,Programmed Facility Management Pty Ltd (AU),"$124,710.68",08/12/2025,3630
INV217998,Civil infrastructure services,CitywideServiceSolutionsPtyLtd,244100.45,07-Jan-2028,3665
INV217999,Building maintenance services,Programmed Facility Management P/L,0.1m,13 September 2027,3630
INV218000,Graffiti management and pressure cleaning services,Calcorp  Services  Pty  Ltd,106945.74,08 December 2027,3668
