InvoiceID,ContractTitle,Provider,InvoiceAmount,InvoiceDate,ContractNumber
INV183001,Integrated security services,National Protective Services Pty Ltd,118338.38,2029-08-17,3686
INV183002,Melbourne Town Hall venue management,Showtime Event Group Pty Ltd,87400.47 AUD,2025-09-20,3670
INV183003,Building maintenance services,PROGRAMMED FACILITY MANAGEMENT PTY LTD,245579.67 AUD,27-Jul-2025,3630
INV183004,Management of Active Melbourne recreation facilities,Victorian YMCA Community Programming Pty Ltd,"$56,482.85",19-Sep-2027,3615
INV183005,Building cleaning services,Menzies Internatoonal (Aust) Pty Ltd,238090.98,23/10/2027,3634
INV183006,Management of Active Melbourne recreation facilities,VICTORIAN YMCA COMMUNITY PROGRAMMING PTY LTD,"$114,564.08",2029-07-26,3615
INV183007,Management of Active Melbourne recreation facilities,VICTORIAN YMCA COMMUNITY PROGRAMMING PTY LTD,122990.09 AUD,29/11/12,3615
INV183008,Management of Active Melbourne recreation facilities,Victorian YMCA Community Programming Pty Ltd,99480.66,,3615
INV183009,Open spaces management - region 2,SERCO,0.2m,01/03/2025,3677
INV183010,Waste management services,Cleanaway Waste Management Limited (AU),241752.9,27-Dec-2026,3556
INV183011,Open spaces management - region 2,SERCO (AU),55529.51,01/04/2025,3677
INV183012,Parking technology services,REINO INTERNATIONAL PTY LTD T/A DUNCAN SOLUTIONS,"$65,060.7",08/10/2026,3623
INV183013,Vehicle tow away and impound services,Nationwide  Towing  Services,"$241,619.52",13/07/2025,3585
INV183014,Vehicle tow away and impound services,Nationwide Towing Services,"$141,212.16",25/11/2026,3585
INV183015,Vehicle tow away and impound services,nationwide towing services,0.1m,19/07/2028,3585
INV183016,Management of Active Melbourne recreation facilities,Victorian YMCA Community Programming Pty Ltd (AU),19238.92,11/07/2028,3615
INV183017,Street cleaning,spotless facility services pty ltd,"$154,025.13",15/01/2025, 
INV183018,Integrated security services,National Protective Services P/L,0.2m,27/04/20,3686
INV183019,Graffiti management and pressure cleaning services,CalcorpServicesPtyLtd,0.0m,2028-12-31,3668
INV183020,Building cleaning services,MenziesInternational(Aust)PtyLtd,110265.74,24-Jun-2027,3634
INV183021,Building cleaning services,Menzies,245117.82,27-Mar-2027,3634
INV183022,Civil infrastructure services,Citywide Service ,0.0m,11 March 2029, 
INV183023,Graffiti management and pressure cleaning services,Spotless,112649.7,28/10/01,3669
INV183024,Civil infrastructure services,citywide service solutions pty ltd,66539.94 AUD,2028-08-11,3665
INV183025,Waste management services,Cleanaway Waste M,"$190,872.04",21/04/2026,3556
INV183026,Street cleaning,Spotless Facility Services Pty Ltd (AU),0.0m,21/09/2028,3669
INV183027,Parking technology services,Reino  International  Pty  Ltd  T/A  Duncan  Solutions,"$166,790.71",19-Aug-2026,3623
INV183028,Melbourne Town Hall venue management,Showtime Event Group Pty Ltd,169343.05,22/11/2029,3670
INV183029,Waste management services,Cleanaway Waste Managemenm Limited,"$165,301.36",29/04/05,3556
INV183030,Management of Active Melbourne recreation facilities,VICTORIAN YMCA COMMUNITY PROGRAMMING PTY LTD,118581.47 AUD,29/07/27,3615
INV183031,Open spaces management - region 1,Citywide Service Solutions Pty Ltd (AUS),0.0m,2026-11-12,3676
INV183032,Open spaces management - region 2,SERCO,0.1m,25-Oct-2029,3677
INV183033,Street cleaning,Spotless Facility Services P/L,13163.46 AUD,06/10/2027,3669
INV183034,Street cleaning,Spotless Facility Services Pty. Ltd.,184965.08 AUD,22/12/2028,3669
INV183035,Tree management maintenance services,Citywide  Service  Solutions  Pty  Ltd,216118.4 AUD,29/05/21,3678
INV183036,Building cleaning services,Menzies International (Aust) Pty Ltd,135614.8 AUD,28/03/21,3634
INV183037,Melbourne Town Hall venue management,Showtime Event Group Pty Ltd,237755.37 AUD,11 November 2026,3670
INV183038,Integrated security services,National Protective Services Pty Ltd,188712.74 AUD,26/05/21,3686
INV183039,Graffiti management and pressure cleaning services,Calcorp Services Pty Ltd,44134.36,28 April 2029,3668
INV183040,Building cleaning services,menzies international (aust) pty ltd,0.1m,18/12/2029,3634
INV183041,Waste management services,Cleanaway Waste Management Limited,"$36,886.07",06 October 2027,3556
INV183042,Open spaces management - region 1,CITYWIDE SERVICE SOLUTIONS PTY LTD,207665.82 AUD,2029-11-18,3676
INV183043,Graffiti management and pressure cleaning services,Calcorp Services Pty Ltd (AU),52470.46 AUD,2029-03-25,3668
INV183044,Civil infrastructure services,Citywide Service Solutions Pty Ltd (AU),210021.76,27 November 2027,3665
INV183045,Open spaces management - region 2,SERCO,100353.58,04-Oct-2026,3677
INV183046,Tree management maintenance services,CitywideServiceSolutionsPtyLtd,224878.77,02-Dec-2026,3678
INV183047,Waste management services,Cleanaway  Waste  Management  Limited,"$111,857.77",18-Feb-2029,3556
INV183048,Open spaces management - region 1,National Protective Services Pty. Ltd.,"$117,293.7",07/08/2027,3686
INV183049,Building maintenance services,programmed facility management pty ltd,108621.71,31/12/2029,3630
INV183050,Waste management services,Cleanaway  Waste  Management  Limited,47069.86,10/08/2026,3556
INV183051,Graffiti management and pressure cleaning services,Cqlcorp Services Pty Ltd,"$128,292.27",13-Jun-2028,3668
INV183052,Building maintenance services,PROGRAMMED FACILITY MANAGEMENT PTY LTD,237211.86 AUD,,3630
INV183053,Building cleaning services,Menzies Intl (Aust) Pty Ltd,94702.95,26/01/17,3634
INV183054,Parking technology services,Reino International Pty Ltd T/A Duncan Solutions,58942.2,18 May 2026,3623
INV183055,Building maintenance services,Programmed Facility Management Pty Ltd,10144.22 AUD,09/03/2025,3630
INV183056,Street cleaning,Spotless Facility Services Pty. Ltd.,63551.5,22/02/2028,3669
INV183057,Graffiti management and pressure cleaning services,Calcorp Services Pty Ltd (AU),89304.6,01/05/2025,3668
INV183058,Graffiti management and pressure cleaning services,Showtime Event Group Pty. Ltd.,170674.8,2025-03-19,3670
INV183059,Civil infrastructure services,Citywide Service Solutions Pty Ltd (AUS),60163.95,01-Aug-2025,3665
INV183060,Civil infrastructure services,Citywide Service Solutions Pty Ltd (AUS),0.1m,13/06/2025,3665
INV183061,Management of Active Melbourne recreation facilities,Victorian YMCA Community Programming P/L,0.2m,28/12/17,3615
INV183062,Parking technology services,Reino International Pty Ltd T/A Duncan Solutions,145791.8,16 April 2026,3623
INV183063,Civil infrastructure services,SERCO,187856.33,27/10/01,3677
INV183064,Parking technology services,Relno International Pty Ltd T/A Duncan Solutions,150515.52 AUD,01-Jan-2028,3623
INV183065,Parking technology services,Reino International Pty Ltd T/A Duncan Solutions (AUS),,,3623
INV183066,Open spaces management - region 1,Citywide Service Solutions Pty Ltd (AUS),,17-Nov-2025,3676
INV183067,Melbourne Town Hall venue management,Showtime,0.0m,27/08/2026,3670
INV183068,Vehicle tow away and impound services,Nationwide Towing Services (AUS),78139.26,18 May 2025,3585
INV183069,Civil infrastructure services,Citywide Service Solutions Pty Ltd (AU),193527.89,27 June 2025,3665
INV183070,Parking technology services,REINO INTERNATIONAL PTY LTD T/A DUNCAN SOLUTIONS,234047.2,29-Aug-2025, 
INV183071,Open spaces management - region 2,SERCO,29274.93,2029-07-19,3677
INV183072,Building cleaning services,Menzies International (Aust) Pty Ltd,162261.13,01/10/2025,3634
INV183073,Open spaces management - region 1,Citywide Service Solutions P/L,0.1m,2027-06-01,3676
INV183074,Open spaces management - region 1,Citywide Service Solutions Pty Lte,"$127,460.53",28/06/05,3676
INV183075,Civil infrastructure services,Citywide Service Solujions Pty Ltd,97090.0,28 August 2025,3665
INV183076,Parking technology services,REINO INTERNATIONAL PTY LTD T/A DUNCAN SOLUTIONS,104954.37,25/10/2026,3623
INV183077,Integrated security services,national protective services pty ltd,"$246,060.92",04 June 2029,3686
INV183078,Integrated security services,National  Protective  Services  Pty  Ltd,"$64,725.76",22/01/2028,3686
INV183079,Street cleaning,Spotless,68151.18,01/04/2026,3669
INV183080,Vehicle tow away and impound services,Nationwide To,"$132,267.02",08/11/2028,3585
INV183081,Management of Active Melbourne recreation facilities,Victorian,76217.7 AUD,27/08/09,3615
INV183082,Integrated security services,National Protective Services Pty Ltd,"$119,899.21",28/02/02,3686
INV183083,Street cleaning,Spotless  Facility  Services  Pty  Ltd,109409.18,24-Jun-2026,3669
INV183084,Integrated security services,SHOWTIME EVENT GROUP PTY LTD,237804.34,23/10/2029,3670
INV183085,Graffiti management and pressure cleaning services,Calcorp Services Pty Ltd,0.1m,03/04/2027,3668
INV183086,Management of Active Melbourne recreation facilities,victorian ymca community programming pty ltd,4624.66,27/10/03,3615
INV183087,Management of Active Melbourne recreation facilities,Victorian YMCA Community Programming Pty Ltd,0.1m,2028-05-21,3615
INV183088,Building maintenance services,ProgrammedFacilityManagementPtyLtd,"$108,607.46",13/01/2028,3630
INV183089,Open spaces management - region 2,SERCO,56416.53,09/06/2029,3677
INV183090,Building maintenance services,Programmed,147985.77,21 March 2025,3630
INV183091,Open spaces management - region 2,SERCO,108041.21 AUD,02 October 2027, 
INV183092,Building maintenance services,Programmed Facility Management Pty Ltd,225252.96 AUD,2027-01-08, 
INV183093,Vehicle tow away and impound services,Citywide Service Solutions Pty Ltd (AUS),0.1m,28/01/16,3665
INV183094,Vehicle tow away and impound services,Nationwide Towing Services,28331.42,2025-11-17,3585
INV183095,Melbourne Town Hall venue management,Showtime Event Group Pty Ltd,166289.08,08 March 2029,3670
INV183096,Street cleaning,Spotless,93884.27,27/08/29,3669
INV183097,Tree management maintenance services,SERCO,"$200,728.13",27-Jun-2028,3677
INV183098,Vehicle tow away and impound services,NATIONWIDE TOWING SERVICES,187453.52 AUD,24-Jun-2025,3585
INV183099,Civil infrastructure services,Spotless Facility Services Pty Ltd (AUS),19945.67 AUD,03/01/2028,3669
INV183100,Building cleaning services,Menzies Internatio,"$183,408.84",2028-07-23,3634
INV183101,Parking technology services,Reino International Pty Ltd T/A Duncan Solutions,0.2m,27/01/30, 
INV183102,Building maintenance services,programmed facility management pty ltd,0.2m,2029-09-19,3630
INV183103,Street cleaning,Spotless Facility Services Pty. Ltd.,0.0m,05-Feb-2027,3669
INV183104,Open spaces management - region 1,CITYWIDE SERVICE SOLUTIONS PTY LTD,116072.44,18/11/2025,3676
INV183105,Open spaces management - region 1,CitywideServiceSolutionsPtyLtd,0.0m,04-Apr-2026, 
INV183106,Open spaces management - region 1,citywide service solutions pty ltd,0.2m,21 January 2025,3676
INV183107,Tree management maintenance services,Citywide Service Solutions Pty. Ltd.,0.2m,20 November 2026,3678
INV183108,Building cleaning services,Menzies International (Aust) P/L,3976.41,25/10/2026,3634
INV183109,Melbourne Town Hall venue management,Showtime Event Group Pty Ltd,219064.34 AUD,06/12/2025,3670
INV183110,Management of Active Melbourne recreation facilities,Victorian YMCA Community Programming Pty. Ltd.,"$131,430.76",18-Jul-2027, 
INV183111,Integrated security services,National Pnotective Services Pty Ltd,"$51,041.53",08 June 2029,3686
INV183112,Tree management maintenance services,Citywide Service ,"$151,733.66",06-Jun-2028,3678
INV183113,Melbourne Town Hall venue management,showtime event group pty ltd,11634.05,2028-12-24,3670
INV183114,Open spaces management - region 2,SERCO,"$119,367.68",29/01/2026,3677
INV183115,Civil infrastructure services,Citywide Service ,40772.83 AUD,28-Nov-2026,3665
INV183116,Management of Active Melbourne recreation facilities,Victorian YMCA Community Programmiyg Pty Ltd,172053.77,06/02/2026,3615
INV183117,Waste management services,Cleanaway Waste Management Limited,0.0m,2025-06-19,3556
INV183118,Melbourne Town Hall venue management,Showtime Event Group Pty. Ltd.,187563.39,09/05/2025,3670
INV183119,Open spaces management - region 2,serco,201533.24,08 September 2029,3677
INV183120,Civil infrastructure services,SERCO (AUS),114320.32,28/02/09,3677
INV183121,Building maintenance services,Programmed Facility Management PtytLtd,240591.41 AUD,16/06/2025,3630
INV183122,Civil infrastructure services,Citywide Service Solutions Pty. Ltd.,200479.22 AUD,22/04/2026,3665
INV183123,Graffiti management and pressure cleaning services,Calcorp Services Pty Ltd (AUS),0.2m,16 February 2027,3668
INV183124,Street cleaning,Spotless Facility Services Pty Ltd,109096.71,09-Aug-2026,3669
INV183125,Building cleaning services,Menzies International (Aust) Pty Ltd (AU),60399.18 AUD,26/11/09,3634
INV183126,Building maintenance services,Programmed Facility Management Pty. Ltd.,0.2m,05/07/2026,3630
INV183127,Melbourne Town Hall venue management,Showtime  Event  Group  Pty  Ltd,211770.99 AUD,04-Jan-2029,3670
INV183128,Parking technology services,Reino International P/L T/A Duncan Solutions,113569.27 AUD,16/05/2025,3623
INV183129,Building maintenance services,Programmed Facility Management P/L,0.2m,12 June 2028,3630
INV183130,Vehicle tow away and impound services,Nationwide To,"$221,866.78",26/03/25,3585
INV183131,Tree management maintenance services,Citywide Service Solutions Pty Ltd (AUS),200644.27,2029-07-08,3678
INV183132,Building maintenance services,Programmed Facility Management Pty Ltd,0.2m,07 March 2029,3630
INV183133,Building maintenance services,Programmed,0.1m,13/04/2025,3630
INV183134,Melbourne Town Hall venue management,Showtime Event Group Pty Ltd (AU),229992.16 AUD,07/09/2027,3670
INV183135,Waste management services,Cleanaway  Waste  Management  Limited,"$110,251.19",21-May-2028,3556
INV183136,Street cleaning,Spotless Facility,0.0m,,3669
INV183137,Waste management services,Cleanaway Waste Management Limited,0.2m,26/09/09,3556
INV183138,Integrated security services,National Protective Services P/L,229403.86,20/02/2027,3686
INV183139,Parking technology services,Reino International Pty Ltd T/A Duncan Solutions,7760.98,21-Mar-2026,3623
INV183140,Civil infrastructure services,Citywide Service Solutions Pty Ltd (AUS),208571.15,10-Sep-2029,3665
INV183141,Graffiti management and pressure cleaning services,calcorp services pty ltd,22080.68,26/05/02, 
INV183142,Management of Active Melbourne recreation facilities,VICTORIAN YMCA COMMUNITY PROGRAMMING PTY LTD,4002.67,28/02/05,3615
INV183143,Vehicle tow away and impound services,Nationwide,0.0m,2026-05-31,3585
INV183144,Building cleaning services,Menzies Int’l (Aust) Pty Ltd,156967.54,28/02/20,3634
INV183145,Graffiti management and pressure cleaning services,Calcorp,9655.03,26/09/2027,3668
INV183146,Building maintenance services,Programmed Facility Management Pty Ltd,50061.24 AUD,28/09/20,3630
INV183147,Melbourne Town Hall venue management,SHOWTIME EVENT GROUP PTY LTD,245162.32 AUD,01/08/2026,3670
INV183148,Civil infrastructure services,CITYWIDE SERVICE SOLUTIONS PTY LTD,0.1m,21/01/2027,3665
INV183149,Open spaces management - region 2,Serco,125987.87,27/03/04,3677
INV183150,Civil infrastructure services,Citywide Service Solutions Pty Ltd,102129.4,2029-07-08,3665
INV183151,Open spaces management - region 2,SERCO,3553.1,28/07/11,3677
INV183152,Civil infrastructure services,Citywide Service Solutions Pty Ltd (AU),0.2m,24/02/2027,3665
INV183153,Building cleaning services,Menzies International (Aust) Pty. Ltd.,0.0m,21 October 2029,3634
INV183154,Building cleaning services,Nationwide Towing Services,24204.8 AUD,19/11/2027,3585
INV183155,Waste management services,Cleanaway Waste Management Limited,85316.29,30 October 2025,3556
INV183156,Integrated security services,National Protective Services Pty Ltd,0.1m,29/07/03,3686
INV183157,Parking technology services,Reino International Pty Ltd T/A Duncan Solutions (AUS),72294.36,26-Dec-2026,3623
INV183158,Street cleaning,Spotless Facility Services Pty Ltd,"$170,466.64",01/10/2029,3669
INV183159,Open spaces management - region 2,SERCO,"$31,389.14",28 April 2025,3677
INV183160,Melbourne Town Hall venue management,Showtime Event Group P/L,195020.03,04/11/2027,3670
INV183161,Melbourne Town Hall venue management,Showtime Event Group Pty Ltd (AUS),"$62,723.71",29/04/2027,3670
INV183162,Open spaces management - region 2,SERCO,"$180,606.8",11 May 2029,3677
INV183163,Building maintenance services,ProgrammedFacilityManagementPtyLtd,34018.01,2025-05-25,3630
INV183164,Open spaces management - region 1,Citywide Service Solutions Pty. Ltd.,"$137,555.65",2028-10-01,3676
INV183165,Parking technology services,Reino International Pty. Ltd. T/A Duncan Solutions,184511.66 AUD,27-Jul-2029,3623
INV183166,Building cleaning services,Menzies International (Aust) Pty Ltd,"$234,353.13",18-Apr-2028,3634
INV183167,Graffiti management and pressure cleaning services,Calcorp Services Pty Ltd (AUS),0.1m,29/12/2025,3668
INV183168,Graffiti management and pressure cleaning services,Calcorp Services Pty Ltd (AU),0.1m,2026-02-05,3668
INV183169,Open spaces management - region 2,SERCO,0.2m,16 March 2026,3677
INV183170,Building cleaning services,Menzies Internatio,97060.14,27/04/20,3634
INV183171,Integrated security services,national protective services pty ltd,118847.3,08-Mar-2025,3686
INV183172,Open spaces management - region 1,Citywide Service Solutions Pty Ltd (AUS),"$90,746.4",26/05/19,3676
INV183173,Waste management services,Cleanaway  Waste  Management  Limited,242656.36,03 November 2026,3556
INV183174,Tree management maintenance services,Citywide,96167.04,25-May-2028,3678
INV183175,Civil infrastructure services,Citywide  Service  Solutions  Pty  Ltd,73593.11 AUD,18 December 2026,3665
INV183176,Waste management services,Cleanaway Waste Management Limited,"$143,596.94",25/07/13,3556
INV183177,Street cleaning,Spotless  Facility  Services  Pty  Ltd,112148.75 AUD,29/10/05,3669
INV183178,Tree management maintenance services,Citywide Service ,0.2m,28/12/15,3678
INV183179,Tree management maintenance services,Citywide Service Solutions Pty. Ltd.,0.2m,07 June 2027,3678
INV183180,Civil infrastructure services,Citywide Service Solutions Pty Ltd,94150.72 AUD,13 March 2025,3665
INV183181,Civil infrastructure services,CITYWIDE SERVICE SOLUTIONS PTY LTD,128429.49,31/10/2026,3665
INV183182,Civil infrastructure services,Citywide Service Solutions Pty Ltd,0.0m,21-Apr-2028,3665
INV183183,Graffiti management and pressure cleaning services,CALCORP SERVICES PTY LTD,24529.36 AUD,16/11/2029,3668
INV183184,Street cleaning,Spotless  Facility  Services  Pty  Ltd,45366.76,15-Oct-2028,3669
INV183185,Vehicle tow away and impound services,Nationwide Towing Services,107593.85,04/02/2026,3585
INV183186,Melbourne Town Hall venue management,Showtime Event Group P/L,0.2m,25/07/04,3670
INV183187,Building maintenance services,programmed facility management pty ltd,21876.06,29/04/23,3630
INV183188,Civil infrastructure services,Citywide,"$50,103.73",14-May-2025,3665
INV183189,Building cleaning services,menzies international (aust) pty ltd,237641.2 AUD,27/07/26,3634
INV183190,Building maintenance services,Programmed Facility Management Pty Ltd,209185.51,20/10/2029,3630
INV183191,Vehicle tow away and impound services,ProgrammedFacilityManagementPtyLtd,"$214,128.21",23-Nov-2026,3630
INV183192,Street cleaning,Spotless  Facility  Services  Pty  Ltd,18711.09,19/07/2028,3669
INV183193,Building maintenance services,Programmed,,28/12/2027,3630
INV183194,Waste management services,Cleanaway,106083.72,2029-03-28, 
INV183195,Vehicle tow away and impound services,Nationwide Towing Services,172734.96,04-Mar-2025,3585
INV183196,Open spaces management - region 2,SERCO,0.1m,17 April 2029,3677
INV183197,Parking technology services,ReinoInternationalPtyLtdT/ADuncanSolutions,118370.2 AUD,15 May 2028,3623
INV183198,Civil infrastructure services,CITYWIDE SERVICE SOLUTIONS PTY LTD,94027.57 AUD,2026-02-10,3665
INV183199,Management of Active Melbourne recreation facilities,VICTORIAN YMCA COMMUNITY PROGRAMMING PTY LTD,203854.99 AUD,28/06/07,3615
INV183200,Street cleaning,Spotless Facility Services Pty. Ltd.,0.1m,25/05/24,3669
INV183201,Parking technology services,Reino International Pty Lta T/A Duncan Solutions,0.1m,25 March 2026,3623
INV183202,Tree management maintenance services,Citywide Service Solutions Pty. Ltd.,"$231,799.74",22/08/2027, 
INV183203,Graffiti management and pressure cleaning services,Calcorp Services Pty Ltd (AU),249957.49,29/06/29,3668
INV183204,Management of Active Melbourne recreation facilities,Victorian  YMCA  Community  Programming  Pty  Ltd,"$81,224.86",13-Aug-2029,3615
INV183205,Waste management services,CLEANAWAY WASTE MANAGEMENT LIMITED,0.1m,29/04/2028,3556
INV183206,Building cleaning services,MenziesInternational(Aust)PtyLtd,113372.74,26/08/20,3634
INV183207,Graffiti management and pressure cleaning services,CALCORP SERVICES PTY LTD,57748.69 AUD,10/06/2025,3668
INV183208,Open spaces management - region 1,Citywide Service Solutions Pty Ltd (AU),"$114,647.81",29 April 2028,3676
INV183209,Building maintenance services,Programmed Facility Management Pty Ltd (AU),0.1m,05-Feb-2025,3630
INV183210,Waste management services,cleanaway waste management limited,"$128,771.67",07 March 2025,3556
INV183211,Melbourne Town Hall venue management,Showtime Event Group Pty. Ltd.,143888.24 AUD,26-Sep-2029,3670
INV183212,Management of Active Melbourne recreation facilities,Victorian YMCA Communi,9145.17,27/01/2027,3615
INV183213,Melbourne Town Hall venue management,Showtime Event Group P/L,86232.23,17/11/2025,3670
INV183214,Parking technology services,Reino Intvrnational Pty Ltd T/A Duncan Solutions,0.2m,18-Apr-2027,3623
INV183215,Graffiti management and pressure cleaning services,Calcorp Services Pty. Ltd.,48095.2 AUD,23-Mar-2029,3668
INV183216,Open spaces management - region 1,Citywide Service Solutions P/L,0.2m,27/06/19,3676
INV183217,Open spaces management - region 2,SERCO (AU),0.0m,25/05/22,3677
INV183218,Vehicle tow away and impound services,Nationwide Towing Services,193597.48 AUD,28/07/26,3585
INV183219,Melbourne Town Hall venue management,Showtime Event Group Pty Ltd,0.1m,22 August 2026,3670
INV183220,Management of Active Melbourne recreation facilities,Victorian YMCA Community Programming P/L,217492.54,21/05/2026,3615
INV183221,Civil infrastructure services,Citywide Service Solutions P/L,231353.07 AUD,20 February 2029,3665
INV183222,Tree management maintenance services,Citywide Service Solutions Pty Ltd (AU),29991.25,2028-04-26,3678
INV183223,Civil infrastructure services,CitywideServiceSolutionsPtyLtd,92422.62,29/02/2028,3665
INV183224,Waste management services,Cleanaway Waste Management Limited,193592.56 AUD,29/05/10,3556
INV183225,Building maintenance services,Programmed Facility Mgmt Pty Ltd,"$24,735.6",01/03/2027,3630
INV183226,Street cleaning,Spotless  Facility  Services  Pty  Ltd,91799.96,22-Nov-2025,3669
INV183227,Open spaces management - region 1,Citywide Service Solutions P/L,0.0m,27/10/2027,3676
INV183228,Vehicle tow away and impound services,Nationwide Towing Services (AUS),119338.38 AUD,19 November 2025, 
INV183229,Street cleaning,spotless facility services pty ltd,216251.05 AUD,29/06/10,3669
INV183230,Open spaces management - region 1,Citywide Service Solutions Pty Ltd (AU),"$10,345.7",2027-04-18,3676
INV183231,Tree management maintenance services,Citywide Service Solutions Pty Ltd (AU),"$59,171.15",22-May-2025,3678
INV183232,Graffiti management and pressure cleaning services,CALCORP SERVICES PTY LTD,45048.48 AUD,2027-10-22,3668
INV183233,Vehicle tow away and impound services,Nationwide To,179871.12,19 July 2028,3585
INV183234,Parking technology services,Reino International Pty. Ltd. T/A Duncan Solutions,246890.33,28/05/10,3623
INV183235,Tree management maintenance services,Citywide Service Solutions Pty Ltd (AU),117266.65,28/06/2026,3678
INV183236,Open spaces management - region 2,SERCO,26176.47,02 September 2029,3677
INV183237,Parking technology services,Reino Intl Pty Ltd T/A Duncan Solutions,"$90,312.65",21/04/2026,3623
INV183238,Civil infrastructure services,Citywide Service Solutions Pty Ltd,60745.1,12 October 2026,3665
INV183239,Open spaces management - region 1,Citywide Service Solutions Pty. Ltd.,8574.51,29/02/24,3676
INV183240,Vehicle tow away and impound services,Nationwide Towing Services,0.2m,29/09/10, 
INV183241,Street cleaning,Spotless  Facility  Services  Pty  Ltd,209922.97,29-Oct-2025,3669
INV183242,Civil infrastructure services,Citywide Service Solutions Pty Ltd,"$143,319.48",2027-07-01,3665
INV183243,Parking technology services,Reino  International  Pty  Ltd  T/A  Duncan  Solutions,"$184,443.96",19/08/2025,3623
INV183244,Melbourne Town Hall venue management,Showtime Event Group Pty Ltd (AUS),136642.94,29/03/17, 
INV183245,Street cleaning,Spotless Facility Services Pty Ltd,33440.64,23/02/2026,3669
INV183246,Building maintenance services,Programmed Facility Management Pty. Ltd.,"$166,747.6",2028-01-23,3630
INV183247,Tree management maintenance services,Citywide Service Solutions Pty Ltd,"$238,665.92",2026-04-25,3678
INV183248,Vehicle tow away and impound services,NATIONWIDE TOWING SERVICES,57772.46,01 April 2029,3585
INV183249,Integrated security services,National  Protective  Services  Pty  Ltd,9115.46 AUD,27/02/2028, 
INV183250,Graffiti management and pressure cleaning services,Calcorp Services Pty. Ltd.,0.2m,,3668
INV183251,Integrated security services,National,22608.85,05-Jun-2027,3686
INV183252,Tree management maintenance services,Citywide Service Soiutions Pty Ltd,164226.48,25 January 2028,3678
INV183253,Management of Active Melbourne recreation facilities,Victorian YMCA Community Programming Pty Ltd,102377.98,25 May 2028,3615
INV183254,Tree management maintenance services,Citywide Service Solutions Pty Ltd,25449.44 AUD,13/12/2027,3678
INV183255,Tree management maintenance services,Citywide Service Solutions Pty Ltd,67276.32,21/11/2029,3678
INV183256,Melbourne Town Hall venue management,showtime event group pty ltd,46347.32,27/08/31,3670
INV183257,Graffiti management and pressure cleaning services,Calcorp Services Pty Ltd,95840.03,12/03/2027,3668
INV183258,Open spaces management - region 2,Serco,148840.03,18/02/2028,3677
INV183259,Parking technology services,Reino International Pty. Ltd. T/A Duncan Solutions,82011.38,2028-11-19,3623
INV183260,Melbourne Town Hall venue management,phowtime Event Group Pty Ltd,90105.57,23-Jun-2029,3670
INV183261,Open spaces management - region 2,kERCO,"$208,709.88",01/02/2029, 
INV183262,Civil infrastructure services,Citywide Service Solutions Pty Ltd,22780.71,18-Apr-2026,3665
INV183263,Building maintenance services,Spotless Facility Services Pty Ltd,41986.14,30/05/2026,3669
INV183264,Melbourne Town Hall venue management,Showtime Event Group Pty. Ltd.,"$41,388.52",20-Dec-2026,3670
INV183265,Street cleaning,Citywide Service Solutions Pty Ltd (AU),65797.38,29/12/2025, 
INV183266,Civil infrastructure services,Citywide Service Solutions P/L,53972.0,29/08/04,3665
INV183267,Building cleaning services,Menzies International (Aust) Pty Ltd,0.1m,2029-05-01,3634
INV183268,Management of Active Melbourne recreation facilities,Victorian YMCA Community Programming Pty Ltd,0.1m,15/01/2028,3615
INV183269,Parking technology services,Reino International P/L T/A Duncan Solutions,"$50,440.32",2026-09-26,3623
INV183270,Building maintenance services,Programmed Facility Management Pty Ltd,228033.26,03/07/2025,3630
INV183271,Street cleaning,Spotless Facility Services P/L,148204.5 AUD,29/04/16,3669
INV183272,Tree management maintenance services,citywide service solutions pty ltd,"$205,415.12",23/10/2029,3678
INV183273,Building maintenance services,Programmed Facility Mgmt Pty Ltd,248108.77 AUD,17/06/2026,3630
INV183274,Melbourne Town Hall venue management,Showtime Event Group Pty Lrd,242113.69,2025-08-22,3670
INV183275,Open spaces management - region 1,Citywide Service Solutions Pty Ltd,63254.95,25/06/06,3676
INV183276,Vehicle tow away and impound services,NATIONWIDE TOWING SERVICES,"$45,767.75",25/04/27,3585
INV183277,Civil infrastructure services,Citywide Service Solutions Pty. Ltd.,83472.51 AUD,2029-08-17,3665
INV183278,Vehicle tow away and impound services,Nationwide Towing Serlices,160923.54,17 January 2029,3585
INV183279,Waste management services,Cleanaway Waste Management Limited,48507.88 AUD,25/07/03,3556
INV183280,Melbourne Town Hall venue management,SHOWTIME EVENT GROUP PTY LTD,"$100,558.12",27/02/27, 
INV183281,Building cleaning services,Menzies International (Aust) Pty Ltd (AUS),"$45,823.72",26/05/13,3634
INV183282,Graffiti management and pressure cleaning services,CALCORP SERVICES PTY LTD,127146.41,10 December 2027, 
INV183283,Open spaces management - region 1,Citywide  Service  Solutions  Pty  Ltd,"$179,867.22",27/12/21,3676
INV183284,Waste management services,Cleanaway,60144.56 AUD,23/07/2027,3556
INV183285,Waste management services,Cleanaway,94523.83 AUD,11-Sep-2026,3556
INV183286,Graffiti management and pressure cleaning services,Calcorp Services Pty Ltd,12549.82 AUD,14 June 2029,3668
INV183287,Civil infrastructure services,Citywide Service Solutions Pty Ltd,156737.08 AUD,2026-10-02,3665
INV183288,Open spaces management - region 2,SERCO,94044.32,27/07/2025,3677
INV183289,Graffiti management and pressure cleaning services,CalcorpServicesPtyLtd,0.1m,2026-06-12,3668
INV183290,Building maintenance services,Programmed Facility Mgmt Pty Ltd,179914.81,04/08/2029,3630
INV183291,Building maintenance services,Programmed Facility,"$216,010.2",29/11/2027,3630
INV183292,Street cleaning,Spotless Facility Services Pty Ltd,223778.83,15-Dec-2027,3669
INV183293,Building cleaning services,MenziesInternational(Aust)PtyLtd,96273.71,03/07/2026,3634
INV183294,Vehicle tow away and impound services,Nationwide,30191.93,28/11/05,3585
INV183295,Street cleaning,SpotlessFacilityServicesPtyLtd,164634.5,05 March 2025,3669
INV183296,Parking technology services,Reino Intl Pty Ltd T/A Duncan Solutions,0.1m,24/07/2027,3623
INV183297,Melbourne Town Hall venue management,Showtime Event Group Pty Ltd,"$205,372.85",2028-06-09,3670
INV183298,Building maintenance services,Programmed Facility Mgmt Pty Ltd,204059.72,11/03/2026,3630
INV183299,Management of Active Melbourne recreation facilities,Victorian Ymca Community Programming Pty Ltd,120186.04 AUD,2029-09-09,3615
INV183300,Vehicle tow away and impound services,NATIONWIDE TOWING SERVICES,"$196,801.35",15/01/2029,3585
INV183301,Graffiti management and pressure cleaning services,calcorp services pty ltd,"$50,215.27",2028-06-05,3668
INV183302,Melbourne Town Hall venue management,Showtime Event Group Pty Ltd,33361.86 AUD,2025-11-26,3670
INV183303,Waste management services,cleanaway waste management limited,"$197,722.44",2029-08-11,3556
INV183304,Open spaces management - region 2,SERCO (AU),198741.32,2025-08-26,3677
INV183305,Civil infrastructure services,Citiwide Service Solutions Pty Ltd,0.2m,06 December 2029,3665
INV183306,Building cleaning services,Menzies International (Aust) Pty Ltd,"$87,426.73",11/02/2028,3634
INV183307,Graffiti management and pressure cleaning services,Calcorp Services Pty Ltd (AU),102372.1,04/01/2028,3668
INV183308,Civil infrastructure services,citywide service solutions pty ltd,0.1m,14/01/2026,3665
INV183309,Melbourne Town Hall venue management,Showtime Event Group P/L,197632.15,2027-01-19,3670
INV183310,Open spaces management - region 2,SERCO,184234.57 AUD,24/02/2026,3677
INV183311,Parking technology services,Reino International Pty. Ltd. T/A Duncan Solutions,104746.81,01 June 2027,3623
INV183312,Melbourne Town Hall venue management,Showtime Event Group Pty Ltd,114079.64,25/05/10, 
INV183313,Graffiti management and pressure cleaning services,Calcorp  Services  Pty  Ltd,0.2m,11/12/2026,3668
INV183314,Parking technology services,Reino International Pty Ltd T/A Duncan Solutions,91253.59,10/03/2025,3623
INV183315,Civil infrastructure services,Citywide Service ,21425.18,25/12/12,3665
INV183316,Management of Active Melbourne recreation facilities,Victorian YMCA Community Programming P/L,41323.44 AUD,24/02/2028,3615
INV183317,Parking technology services,Reino International Pty Ltd T/A Duncan Solutions (AU),"$55,378.83",11/07/2028,3623
INV183318,Building cleaning services,Menzies International (Aust) Pty Ltd (AUS),30025.79 AUD,27/06/2029,3634
INV183319,Civil infrastructure services,Citywide Service Solutions Pty Ltd (AU),191623.91,25/10/12,3665
INV183320,Street cleaning,SPOTLESS FACILITY SERVICES PTY LTD,0.1m,21-Sep-2025,3669
INV183321,Melbourne Town Hall venue management,Showtime  Event  Group  Pty  Ltd,139398.15,19/10/2027,3670
INV183322,Street cleaning,SpotlessFacilityServicesPtyLtd,171192.48,29/03/04,3669
INV183323,Graffiti management and pressure cleaning services,Calcorp Services P/L,"$16,911.69",25/09/14,3668
INV183324,Integrated security services,National Protective Services Pty Ltd (AU),32465.39 AUD,21-Aug-2029,3686
INV183325,Integrated security services,National,213317.54,27/06/02,3686
INV183326,Waste management services,CleanawayWasteManagementLimited,90480.49,16/08/2028,3556
INV183327,Integrated security services,National Protective Services Pty Ltd,"$153,986.64",23/01/2027, 
INV183328,Parking technology services,ReinoInternationalPtyLtdT/ADuncanSolutions,157961.39,2028-03-22,3623
INV183329,Civil infrastructure services,Citywide Service Solutions Pty Ltd (AUS),"$100,273.57",2029-07-27,3665
INV183330,Civil infrastructure services,Citywide Service ,"$121,097.41",15/09/2027,3665
INV183331,Vehicle tow away and impound services,Nationwide Towing Services,48804.66 AUD,26/02/2029,3585
INV183332,Parking technology services,Reino International Pty Ltd T/A Duncan Solutions,123448.84 AUD,2028-05-02,3623
INV183333,Building cleaning services,Menzies International (Aust) Pty Ltd (AUS),216679.03,03 January 2026,3634
INV183334,Open spaces management - region 2,SERCw,0.1m,01/12/2026,3677
INV183335,Building cleaning services,Menzies International (Aust) Pty. Ltd.,24656.71,11-Jul-2025,3634
INV183336,Melbourne Town Hall venue management,Showtime Event Group Pty Ltd (AUS),169043.16,15/12/2028,3670
INV183337,Open spaces management - region 1,Citywide Service Solutions Pty Ltd (AUS),0.2m,2028-05-23,3676
INV183338,Vehicle tow away and impound services,Nationwide Towing Services,132917.53 AUD,17 September 2027, 
INV183339,Open spaces management - region 1,Citywide Service Solutions Pty Lid,134866.84,28/09/10,3676
INV183340,Management of Active Melbourne recreation facilities,Victorian,0.1m,2029-09-30,3615
INV183341,Tree management maintenance services,Citywide Service Solutions Pty Ltd,0.1m,2027-06-27,3678
INV183342,Street cleaning,SPOTLESS FACILITY SERVICES PTY LTD,234717.26,16/07/2029,3669
INV183343,Open spaces management - region 1,Citywide Service Solutions Pty Ltd (AUS),24818.06 AUD,23-Mar-2026,3676
INV183344,Vehicle tow away and impound services,Nationwide Towing Services,"$87,976.35",25/06/2029,3585
INV183345,Street cleaning,Spotless Facility Services Pty Ltd (AU),0.2m,26/04/28,3669
INV183346,Building maintenance services,Programmed Facility Management Pty Ltd,41587.6,23-Nov-2029,3630
INV183347,Vehicle tow away and impound services,Nationwide Towing Services,88106.79 AUD,26/01/25,3585
INV183348,Melbourne Town Hall venue management,ShowtimeEventGroupPtyLtd,0.1m,21/08/2028,3670
INV183349,Building maintenance services,Programmed  Facility  Management  Pty  Ltd,0.1m,23/03/2025, 
INV183350,Melbourne Town Hall venue management,Showtime  Event  Group  Pty  Ltd,"$187,908.19",29/03/26,3670
INV183351,Civil infrastructure services,CitywideServiceSolutionsPtyLtd,"$40,112.14",27/04/28,3665
INV183352,Integrated security services,National Protective Services Pty Ltd (AUS),31590.92 AUD,10-Jan-2025,3686
INV183353,Open spaces management - region 1,Citywide Service Solutions P/L,9698.34,07 January 2025,3676
INV183354,Melbourne Town Hall venue management,Showtime Event Grgup Pty Ltd,146451.3,18-Feb-2026,3670
INV183355,Integrated security services,National Protective Services Pty Ltd (AU),"$155,397.02",2026-04-02,3686
INV183356,Management of Active Melbourne recreation facilities,Victorian  YMCA  Community  Programming  Pty  Ltd,29921.85,20/05/2026,3615
INV183357,Management of Active Melbourne recreation facilities,Victorian Ymca Community Programming Pty Ltd,"$25,708.3",2027-12-02,3615
INV183358,Management of Active Melbourne recreation facilities,Calcorp Serv,228572.76,11-Sep-2028,3668
INV183359,Management of Active Melbourne recreation facilities,Victorian YMCA Community Programming Pty Ltd,126767.69,08/12/2025,3615
INV183360,Building cleaning services,Menzies  International  (Aust)  Pty  Ltd,222320.74,14 February 2028,3634
INV183361,Building cleaning services,Menzies International (Aust) Pty Ltd,76453.26 AUD,2025-08-01,3634
INV183362,Building maintenance services,Programmed Facility Management Pty Ltd,74687.7,21-May-2028,3630
INV183363,Integrated security services,National Protective Services Pty Ltd,35704.63 AUD,04-Oct-2025,3686
INV183364,Open spaces management - region 1,Citywide Service Solutions Pty Ltd (AU),7434.91,09-Jul-2029,3676
INV183365,Building maintenance services,Programmed  Facility  Management  Pty  Ltd,236013.35,2029-06-02,3630
INV183366,Building cleaning services,Menzies International (Aust) Pty Ltd (AUS),0.1m,20-Dec-2027,3634
INV183367,Melbourne Town Hall venue management,showtime event group pty ltd,0.1m,15-Dec-2028,3670
INV183368,Waste management services,Cleanaway,"$51,497.39",06-Dec-2027, 
INV183369,Management of Active Melbourne recreation facilities,Victorian YMCA Community Programming Pty Ltd,61470.32 AUD,21 April 2028,3615
INV183370,Graffiti management and pressure cleaning services,Calcorp Services Pty Ltd (AUS),"$171,989.83",2025-02-17,3668
INV183371,Integrated security services,NATIONAL PROTECTIVE SERVICES PTY LTD,247548.18,2025-05-08,3686
INV183372,Management of Active Melbourne recreation facilities,Victorian YMCA Community Programming Pty. Ltd.,"$50,594.12",12/06/2029, 
INV183373,Open spaces management - region 2,SlRCO,0.0m,12/02/2027,3677
INV183374,Building maintenance services,programmed facility management pty ltd,218600.31,01/04/2029,3630
INV183375,Building cleaning services,Menzies Intl (Aust) Pty Ltd,91263.38,27-Nov-2029,3634
INV183376,Melbourne Town Hall venue management,Showtime Event,0.1m,2027-04-20,3670
INV183377,Open spaces management - region 2,SERCO,"$188,381.63",16/09/2028,3677
INV183378,Melbourne Town Hall venue management,Showtime Event Group Pty Ltd (AU),91992.4 AUD,2028-02-25,3670
INV183379,Building cleaning services,Menzies  International  (Aust)  Pty  Ltd,58084.57 AUD,29/12/04,3634
INV183380,Management of Active Melbourne recreation facilities,Victorian YMCA Community Programming Pty Ltd (AU),"$71,397.99",27/04/27,3615
INV183381,Graffiti management and pressure cleaning services,Calcorp Services P/L,"$220,396.75",28/03/2027,3668
INV183382,Waste management services,Cleanaway Waste Management Limited,114613.64,30-Nov-2025,3556
INV183383,Management of Active Melbourne recreation facilities,Viqtorian YMCA Community Programming Pty Ltd,0.1m,10-May-2028,3615
INV183384,Open spaces management - region 1,Citywide Service Solutions Pty Ltd (AUS),"$174,134.11",16 June 2027,3676
INV183385,Tree management maintenance services,Citywide Service Solutions Pty Ltd,158782.75,28/12/14,3678
INV183386,Melbourne Town Hall venue management,Showtime Event,91917.01,27 May 2025,3670
INV183387,Building cleaning services,menzies international (aust) pty ltd,"$7,575.6",20 May 2028,3634
INV183388,Building maintenance services,Programmed Facility Management Pty Ltd (AUS),131130.77,27/05/2028,3630
INV183389,Integrated security services,National Protective Services Pty Ltd (AUS),89416.16,11/01/2027,3686
INV183390,Building maintenance services,Programmed  Facility  Management  Pty  Ltd,"$89,443.88",27/04/2028,3630
INV183391,Building cleaning services,Menzies  International  (Aust)  Pty  Ltd,63896.02 AUD,28-Jul-2029,3634
INV183392,Vehicle tow away and impound services,Nationwide To,0.2m,25/07/2027,3585
INV183393,Melbourne Town Hall venue management,Showtime,182787.92 AUD,04/11/2025,3670
INV183394,Vehicle tow away and impound services,nationwide towing services,112516.52 AUD,25/11/22,3585
INV183395,Building cleaning services,MENZIES INTERNATIONAL (AUST) PTY LTD,0.0m,05-Jun-2025,3634
INV183396,Open spaces management - region 1,Citywide Service ,225500.56,,3676
INV183397,Tree management maintenance services,CITYWIDE SERVICE SOLUTIONS PTY LTD,"$115,780.87",06-Jun-2026,3678
INV183398,Building maintenance services,PROGRAMMED FACILITY MANAGEMENT PTY LTD,150995.85,29/01/13,3630
INV183399,Building maintenance services,Programmed  Facility  Management  Pty  Ltd,0.2m,13/03/2026,3630
INV183400,Civil infrastructure services,Citywide Service Solutions Pty Ltd,0.1m,01-Jan-2029,3665
INV183401,Melbourne Town Hall venue management,Showtime Event Group Pty Ltd,"$71,726.03",29-Jun-2029,3670
INV183402,Civil infrastructure services,Citywide Serviie Solutions Pty Ltd,21600.39,27/10/2025,3665
INV183403,Building maintenance services,programmed facility management pty ltd,23008.75,08-Jan-2027,3630
INV183404,Building cleaning services,Menzies Int’l (Aust) Pty Ltd,137731.2,29/07/2029,3634
INV183405,Waste management services,CleanawayWasteManagementLimited,165077.54,27 January 2026,3556
INV183406,Management of Active Melbourne recreation facilities,Victorian  YMCA  Community  Programming  Pty  Ltd,119685.81 AUD,27/09/03,3615
INV183407,Melbourne Town Hall venue management,Showtime,73211.75,2028-10-23,3670
INV183408,Building cleaning services,Menzies International (Aust) Pty Ltd,31153.07 AUD,20/07/2026,3634
INV183409,Management of Active Melbourne recreation facilities,Victorian YMCA Community Programming Pty Ltd (AUS),182301.6,26/09/21,3615
INV183410,Waste management services,cleanaway waste management limited,175508.46,10-Feb-2027,3556
INV183411,Building maintenance services,Programmed Facility Management Pty. Ltd.,"$189,249.46",08/06/2029,3630
INV183412,Vehicle tow away and impound services,nationwide towing services,180695.95 AUD,28-May-2029,3585
INV183413,Vehicle tow away and impound services,Nationwide To,"$167,388.65",25/07/11,3585
INV183414,Street cleaning,Spotless Facility Services Pty Ltd,92077.4,08/06/2027,3669
INV183415,Tree management maintenance services,Citywide Service Solutions Pty. Ltd.,79783.43,08 September 2025,3678
INV183416,Management of Active Melbourne recreation facilities,Victorian Ymca Community Programming Pty Ltd,41334.7,11-Oct-2025,3615
INV183417,Integrated security services,National Protective Services Pty Ltd (AUS),"$4,531.69",28/12/31, 
INV183418,Parking technology services,Reino International Pty. Ltd. T/A Duncan Solutions,"$62,516.02",17-Dec-2026,3623
INV183419,Integrated security services,National Protective Services Pty Ltd,156476.3 AUD,15 November 2028,3686
INV183420,Integrated security services,National  Protective  Services  Pty  Ltd,60994.41,2028-10-05,3686
INV183421,Integrated security services,National Protective Services Pty Ltd,131390.75 AUD,13/09/2025,3686
INV183422,Graffiti management and pressure cleaning services,Calcorp Serv,"$54,737.34",09/06/2026,3668
INV183423,Management of Active Melbourne recreation facilities,Victorian YMCA Communi,26936.11,2025-12-21,3615
INV183424,Waste management services,Cleanaway Waste Managemeny Limited,81022.31,02-Apr-2026,3556
INV183425,Graffiti management and pressure cleaning services,Calcorp Services Pty Ltd (AUS),"$127,944.02",06-Mar-2026,3668
INV183426,Open spaces management - region 2,SERCO,25756.25,18/02/2028, 
INV183427,Management of Active Melbourne recreation facilities,Victorian Ymca Community Programming Pty Ltd,0.2m,2028-04-11,3615
INV183428,Tree management maintenance services,citywide service solutions pty ltd,"$2,315.63",27/07/27,3678
INV183429,Management of Active Melbourne recreation facilities,Victorian  YMCA  Community  Programming  Pty  Ltd,167570.43 AUD,05-Sep-2025,3615
INV183430,Building maintenance services,Programmed Facility Management Pty Ltd,0.0m,06 June 2029,3630
INV183431,Melbourne Town Hall venue management,Showtime,0.0m,09/09/2029,3670
INV183432,Waste management services,CLEANAWAY WASTE MANAGEMENT LIMITED,33882.49,29/11/01,3556
INV183433,Building maintenance services,Programmed Facility Management Pty. Ltd.,0.2m,,3630
INV183434,Melbourne Town Hall venue management,ShowtimeEventGroupPtyLtd,27674.18,28/04/2025,3670
INV183435,Vehicle tow away and impound services,Nationwide Towing Services (AUS),87668.56,2025-07-30,3585
INV183436,Building maintenance services,Programmed Facility Management Pty Ltd (AU),"$192,504.84",25/04/23,3630
INV183437,Open spaces management - region 2,SERCO,195125.05,25/12/2029,3677
INV183438,Tree management maintenance services,Citywide Service Solutions Pty Ltd,0.2m,05 April 2025,3678
INV183439,Building cleaning services,Menzies International (Aust) Pty Ltd,0.1m,10/09/2027,3634
INV183440,Building cleaning services,Menzies Internationalm(Aust) Pty Ltd,140495.31 AUD,2026-10-26,3634
INV183441,Parking technology services,Reino International Pty Ltd T/A Duncan Solutions,99737.31,28/04/24,3623
INV183442,Civil infrastructure services,CITYWIDE SERVICE SOLUTIONS PTY LTD,202601.25,20/10/2029,3665
INV183443,Vehicle tow away and impound services,NationwideTowingServices,177228.72,29/07/03,3585
INV183444,Open spaces management - region 1,MenziesInternational(Aust)PtyLtd,105044.78 AUD,26/09/23,3634
INV183445,Civil infrastructure services,Citywide Service Solutions Pty Ltd (AUS),0.2m,12-Mar-2026,3665
INV183446,Parking technology services,Reino  International  Pty  Ltd  T/A  Duncan  Solutions,9585.92,14 March 2026,3623
INV183447,Open spaces management - region 1,Citywide Service Solutions Pty Ltd (AU),44676.66,28/08/21,3676
INV183448,Graffiti management and pressure cleaning services,Calcorp Services Pty Ltd (AU),40151.29 AUD,2025-02-08,3668
INV183449,Open spaces management - region 1,Citywide Service Solutions Pty. Ltd.,185417.74,28/03/2028,3676
INV183450,Graffiti management and pressure cleaning services,Calcorp Services P/L,146849.35,28/09/03,3668
INV183451,Open spaces management - region 2,SERCO,120839.02,28/06/2029,3677
INV183452,Civil infrastructure services,citywide service solutions pty ltd,57460.44 AUD,27/08/22,3665
INV183453,Management of Active Melbourne recreation facilities,Victorian YMCA Community Programming Pty Ltd (AU),"$187,944.22",18/12/2025, 
INV183454,Waste management services,Cleanaway Waste Management Limited (AUS),0.1m,26-Nov-2027,3556
INV183455,Tree management maintenance services,citywide service solutions pty ltd,"$68,084.71",15/08/2029, 
INV183456,Graffiti management and pressure cleaning services,Calcorp  Services  Pty  Ltd,59417.52,28/11/13,3668
INV183457,Building cleaning services,Menzies International (Aust) P/L,"$2,515.71",2025-06-29,3634
INV183458,Management of Active Melbourne recreation facilities,Victorian,121506.4,,3615
INV183459,Waste management services,Cleanaway Waste Mgmt Limited,0.2m,09/03/2028,3556
INV183460,Tree management maintenance services,citywide service solutions pty ltd,40768.03 AUD,2029-08-29,3678
INV183461,Building cleaning services,Menzies Intl (Aust) Pty Ltd,103707.46,25-Dec-2029,3634
INV183462,Graffiti management and pressure cleaning services,CALCORP SERVICES PTY LTD,147418.76,10/09/2026,3668
INV183463,Building cleaning services,Menzies International (Aust) Pty Ltd,124815.84,25/06/2027,3634
INV183464,Street cleaning,Spotless tacility Services Pty Ltd,112572.57 AUD,01-Apr-2028,3669
INV183465,Open spaces management - region 1,citywide service solutions pty ltd,188530.51,06/06/2028,3676
INV183466,Graffiti management and pressure cleaning services,CalcorpServicesPtyLtd,108635.59,24 August 2027,3668
INV183467,Parking technology services,Reino International Pty Ltd T/A Duncan Solutions (AUS),210680.3 AUD,07-Jun-2028,3623
INV183468,Waste management services,Cleanaway Waste Management Limited,81706.61,2029-10-06,3556
INV183469,Open spaces management - region 1,Citywide Service Solutions Pty Ltd,0.2m,14-Apr-2025,3676
INV183470,Building cleaning services,Menzies  International  (Aust)  Pty  Ltd,236873.67,04-Nov-2025,3634
INV183471,Building maintenance services,Programmed,"$248,014.4",29/06/22,3630
INV183472,Integrated security services,National Protective Services Pty Ltd (AU),0.1m,07/12/2028,3686
INV183473,Graffiti management and pressure cleaning services,Calcorp Services Pty Ltd (AU),168952.35,27/10/11,3668
INV183474,Building maintenance services,Programmed Facility Management Pty. Ltd.,0.1m,2026-11-28,3630
INV183475,Building maintenance services,Programmed,19095.17,10-Nov-2027,3630
INV183476,Integrated security services,National Protectiv,"$157,229.65",2026-05-01,3686
INV183477,Parking technology services,Reino International Pty Ltd T/A Duncan Solutions (AUS),0.2m,30/11/2029, 
INV183478,Parking technology services,ReinoInternationalPtyLtdT/ADuncanSolutions,"$35,508.98",15-Feb-2027,3623
INV183479,Parking technology services,Reino International Pty Ltd T/A Duncan Solutions,0.0m,01/12/2025,3623
INV183480,Open spaces management - region 1,CitywideServiceSolutionsPtyLtd,"$165,013.66",2026-11-08,3676
INV183481,Building cleaning services,Menzies Internotional (Aust) Pty Ltd,191250.23,04/05/2026,3634
INV183482,Open spaces management - region 1,Citywide  Service  Solutions  Pty  Ltd,236624.63 AUD,2027-08-23,3676
INV183483,Building cleaning services,Menzies Internatio,0.1m,03 February 2028,3634
INV183484,Vehicle tow away and impound services,Nationwide Towing Services,143871.23,05/12/2026,3585
INV183485,Building cleaning services,Menzies Internatio,216502.69,2028-06-18,3634
INV183486,Open spaces management - region 2,SERCO,0.1m,22 May 2025,3677
INV183487,Integrated security services,National Protectiv,0.1m,2028-01-18,3686
INV183488,Management of Active Melbourne recreation facilities,Victorian Ymca Community Programming Pty Ltd,,03/07/2028,3615
INV183489,Parking technology services,Reino International Pty Ltd T/A Duncan Solutions (AU),"$94,326.49",15/06/2027,3623
INV183490,Waste management services,Citywide,0.2m,26/09/04,3665
INV183491,Open spaces management - region 2,SzRCO,"$19,212.13",12-Apr-2026,3677
INV183492,Civil infrastructure services,Citywide,192341.46,13-Jun-2027,3665
INV183493,Vehicle tow away and impound services,Nationwide,"$89,684.87",26 June 2026,3585
INV183494,Waste management services,Cleanaway Waste Management Limited (AUS),"$92,248.47",24 January 2027, 
INV183495,Street cleaning,spotless facility services pty ltd,0.2m,02/12/2029,3669
INV183496,Building cleaning services,Menzies Intl (Aust) Pty Ltd,"$119,739.96",2028-08-01,3634
INV183497,Management of Active Melbourne recreation facilities,Victorian YMCA Community Programming Pty Ltd,106840.4 AUD,30-Jul-2026,3615
INV183498,Tree management maintenance services,Citywide Service Solutions Pty. Ltd.,"$44,078.31",02/05/2026,3678
INV183499,Building maintenance services,Programmed Facility Management Pty Ltd (AUS),"$66,507.91",17 February 2025,3630
INV183500,Street cleaning,SpotlessFacilityServicesPtyLtd,73308.97,26/02/06,3669
INV183501,Parking technology services,Reino Int’l Pty Ltd T/A Duncan Solutions,164253.35,2025-07-21,3623
INV183502,Open spaces management - region 2,SERCO (AU),,09/06/2026,3677
INV183503,Open spaces management - region 2,SERCO,238023.61,2028-09-23,3677
INV183504,Building maintenance services,ProgrammedFacilityManagementPtyLtd,114972.46 AUD,19 October 2027,3630
INV183505,Melbourne Town Hall venue management,Showtime  Event  Group  Pty  Ltd,13433.85,26/01/12,3670
INV183506,Open spaces management - region 2,SERCO,60633.8,07 August 2028,3677
INV183507,Parking technology services,reino international pty ltd t/a duncan solutions,"$174,152.54",26/11/2027,3623
INV183508,Open spaces management - region 2,SERCO,0.0m,29/01/13,3677
INV183509,Management of Active Melbourne recreation facilities,Victorian YMCA Community Programming Pty Ltd,85150.58 AUD,19/07/2028,3615
INV183510,Parking technology services,Reino International Pty Ltd T/A Duncan Solutions,27098.55,01-Dec-2027,3623
INV183511,Integrated security services,National  Protective  Services  Pty  Ltd,206081.82,11-Dec-2028,3686
INV183512,Street cleaning,SPOTLESS FACILITY SERVICES PTY LTD,125603.07,16/02/2027,3669
INV183513,Civil infrastructure services,Citywide Service Solutiono Pty Ltd,0.2m,22-Nov-2026,3665
INV183514,Building cleaning services,Menzies,187290.87,24/08/2026,3634
INV183515,Graffiti management and pressure cleaning services,calcorp services pty ltd,105279.03 AUD,17/05/2026,3668
INV183516,Building cleaning services,Menzies International (Aust) Pty Ltd (AU),0.1m,05/04/2029,3634
INV183517,Open spaces management - region 2,SERCO (AU),106861.79 AUD,13/06/2026,3677
INV183518,Waste management services,Cleanaway Waste Management Limited,"$171,840.44",10/11/2025,3556
INV183519,Parking technology services,Reino Intl Pty Ltd T/A Duncan Solutions,96853.39,2027-02-05,3623
INV183520,Vehicle tow away and impound services,Nationwide To,80361.74,2029-09-20,3585
INV183521,Building maintenance services,Programmed,178786.12,05/07/2026,3630
INV183522,Street cleaning,Spotless Facility Services Pty. Ltd.,0.1m,25/04/16, 
INV183523,Building maintenance services,Programmed Facility,240686.13,15/01/2026,3630
INV183524,Melbourne Town Hall venue management,showtime event group pty ltd,195633.24,21-Oct-2029,3670
INV183525,Integrated security services,national protective services pty ltd,0.2m,2028-07-31,3686
INV183526,Civil infrastructure services,CitywideServiceSolutionsPtyLtd,12980.23,12-Apr-2029,3665
INV183527,Parking technology services,Reino International Pty. Ltd. T/A Duncan Solutions,109459.86,08/09/2026,3623
INV183528,Open spaces management - region 2,SERCO (AUS),"$45,168.71",2025-10-29, 
INV183529,Building maintenance services,programmed facility management pty ltd,114626.76,05-Jun-2025,3630
INV183530,Civil infrastructure services,Citywide Service Solutions Pty Ltd (AU),"$137,329.29",22/02/2029,3665
INV183531,Parking technology services,ReinoInternationalPtyLtdT/ADuncanSolutions,25387.74 AUD,27/04/28,3623
INV183532,Management of Active Melbourne recreation facilities,Victorian YMCA Communi,33722.19,29/03/2025,3615
INV183533,Building maintenance services,Programmed Facility Management Pty Ltd (AUS),138817.18,24 September 2027,3630
INV183534,Management of Active Melbourne recreation facilities,Victorian YMCA Community Programming Pty Ltd (AU),144242.28,08/06/2026,3615
INV183535,Tree management maintenance services,Citywide Service Solutisns Pty Ltd,"$161,089.95",22 June 2026,3678
INV183536,Graffiti management and pressure cleaning services,CalcorpServicesPtyLtd,111302.47,04/04/2025,3668
INV183537,Tree management maintenance services,Citywide  Service  Solutions  Pty  Ltd,136598.26 AUD,28 November 2025,3678
INV183538,Tree management maintenance services,Citywide Service Solutions Pty. Ltd.,233920.4,27/10/31,3678
INV183539,Melbourne Town Hall venue management,Showtime Event Group Pty Ltd,0.0m,28/11/10,3670
INV183540,Open spaces management - region 2,serco,32145.12,17/02/2028,3677
INV183541,Melbourne Town Hall venue management,Showtime Event Group Pty Ltd (AUS),"$152,170.14",28/03/2029, 
INV183542,Melbourne Town Hall venue management,Showwime Event Group Pty Ltd,"$25,505.95",29/11/2028,3670
INV183543,Melbourne Town Hall venue management,Showtime Event Gdoup Pty Ltd,0.1m,03-Aug-2029,3670
INV183544,Graffiti management and pressure cleaning services,Calcorp  Services  Pty  Ltd,"$70,431.51",2025-09-12,3668
INV183545,Civil infrastructure services,Citywide Service Solutions Pty Ltd (AU),97687.71,05-Oct-2025,3665
INV183546,Open spaces management - region 2,SERCO,0.2m,29/10/11,3677
INV183547,Integrated security services,National Protectiv,0.2m,2028-09-14,3686
INV183548,Civil infrastructure services,Citywide Service Solutions Pty Ltd (AUS),157851.73 AUD,27/08/05,3665
INV183549,Building cleaning services,Menzies International (Aust) Pty Ltd,"$134,734.25",25/05/2028,3634
INV183550,Open spaces management - region 2,SERCO,172527.1,26/09/27,3677
INV183551,Management of Active Melbourne recreation facilities,Victorian Ymca Community Programming Pty Ltd,27035.43 AUD,2025-05-24,3615
INV183552,Melbourne Town Hall venue management,SHOWTIME EVENT GROUP PTY LTD,187603.56,17 March 2026,3670
INV183553,Graffiti management and pressure cleaning services,Calcorp Serv,60984.81,27/08/2025,3668
INV183554,Management of Active Melbourne recreation facilities,VictorianYMCACommunityProgrammingPtyLtd,"$153,991.16",08-May-2026,3615
INV183555,Street cleaning,Spotless Facility Services Pty Ltd,0.2m,28/10/28,3669
INV183556,Graffiti management and pressure cleaning services,Calcorp Services Pty Ltd (AUS),0.1m,23/05/2028,3668
INV183557,Open spaces management - region 1,citywide service solutions pty ltd,77626.94,24/04/2026,3676
INV183558,Integrated security services,National Protectiv,"$130,558.84",01-Aug-2025,3686
INV183559,Melbourne Town Hall venue management,Showtime Event Group Pty Ltd,"$201,071.09",25 February 2025,3670
INV183560,Management of Active Melbourne recreation facilities,Victorian YMCA Community Programming Pty Ltd,217448.32,13/12/2027,3615
INV183561,Vehicle tow away and impound services,NATIONWIDE TOWING SERVICES,65043.79 AUD,27/03/2029,3585
INV183562,Integrated security services,National,127109.49,2027-11-07,3686
INV183563,Melbourne Town Hall venue management,Showtime,113837.48 AUD,11 February 2025,3670
INV183564,Civil infrastructure services,Citywide Service Solutions Pty Ltd (AUS),0.2m,09/12/2029,3665
INV183565,Open spaces management - region 1,Citywide Service Solutions P/L,168580.96,03-Apr-2029,3676
INV183566,Graffiti management and pressure cleaning services,Calcorp  Services  Pty  Ltd,79668.56,2026-11-26,3668
INV183567,Vehicle tow away and impound services,NationwideTowingServices,106932.92 AUD,05 September 2027,3585
INV183568,Waste management services,Cleanaway Waste Management Limited (AUS),112995.13,03-Jul-2027, 
INV183569,Street cleaning,Spotless Facility Serwices Pty Ltd,"$5,694.83",2027-07-02,3669
INV183570,Vehicle tow away and impound services,Nationwide Towing Services,131182.1,28/07/02,3585
INV183571,Street cleaning,SpotlessFacilityServicesPtyLtd,"$52,356.08",27/11/2028,3669
INV183572,Building cleaning services,Menzies International (Aust) P/L,122068.74 AUD,19 March 2025,3634
INV183573,Integrated security services,National Protective rervices Pty Ltd,97604.94 AUD,13 July 2026,3686
INV183574,Building cleaning services,Menzies Internationak (Aust) Pty Ltd,0.1m,25/11/12,3634
INV183575,Open spaces management - region 2,SERCO,0.2m,18 February 2029,3677
INV183576,Building maintenance services,programmed facility management pty ltd,97761.39,14-Mar-2027,3630
INV183577,Open spaces management - region 2,SERCO,124740.34,30/09/2026,3677
INV183578,Building cleaning services,Menzies Intl (Aust) Pty Ltd,61524.72,28-Mar-2027,3634
INV183579,Building cleaning services,Menzies International (Ausc) Pty Ltd,0.2m,12-Jan-2029,3634
INV183580,Building maintenance services,Programmei Facility Management Pty Ltd,10119.57,17 January 2026,3630
INV183581,Civil infrastructure services,Citywide Service Solutions Pty Ltd,52957.56 AUD,2026-08-08,3665
INV183582,Street cleaning,SpotlessFacilityServicesPtyLtd,232650.02,02/04/2026,3669
INV183583,Civil infrastructure services,Citywide,115399.16,22 June 2027,3665
INV183584,Graffiti management and pressure cleaning services,Calcorp Services Pty Ltd (AUS),"$22,375.66",06/08/2025,3668
INV183585,Vehicle tow away and impound services,Nationwide Towing Services,41291.68 AUD,26/12/15,3585
INV183586,Building maintenance services,Programmed Facility Mgmt Pty Ltd,160645.81,24 January 2027,3630
INV183587,Integrated security services,national protective services pty ltd,82874.32 AUD,19 December 2027,3686
INV183588,Building cleaning services,Menzies International (Aust) Pty Ltd,42647.07,15/02/2028,3634
INV183589,Graffiti management and pressure cleaning services,Calcorp Services Pty Ltd,100672.86 AUD,13 June 2028,3668
INV183590,Tree management maintenance services,Citywide Service Solutions Pty Ltd (AU),56182.02 AUD,28-May-2026,3678
INV183591,Melbourne Town Hall venue management,Showtime Event Group Pty Ltd,0.2m,23 December 2029,3670
INV183592,Graffiti management and pressure cleaning services,Calcorp Services Pty. Ltd.,195915.79,29/04/12,3668
INV183593,Open spaces management - region 2,SERCO,108295.17,27/06/17,3677
INV183594,Building maintenance services,Programmed Facility Mgmt Pty Ltd,167395.42,13-Dec-2028,3630
INV183595,Waste management services,Cleanaway Waste M,21681.36,02 August 2025,3556
INV183596,Parking technology services,Programmed Facility Management Pty Ltd (AU),"$169,692.61",2028-10-14,3630
INV183597,Street cleaning,Spotlesj Facility Services Pty Ltd,0.2m,11 January 2026,3669
INV183598,Waste management services,cleanaway waste management limited,206117.47,18-Sep-2025,3556
INV183599,Vehicle tow away and impound services,Nationwide Towing Services,115939.19,18 December 2028,3585
INV183600,Melbourne Town Hall venue management,Showtime Event Group Pty Lnd,184000.49,2025-07-31,3670
INV183601,Building cleaning services,Menzies International (Aust) Pty Ltd,"$242,637.94",11/07/2029,3634
INV183602,Street cleaning,Nationwide To,113156.93,28/07/23,3585
INV183603,Open spaces management - region 2,SERrO,135034.46 AUD,11/06/2025,3677
INV183604,Building cleaning services,Menzies International (Aust) Pty. Ltd.,127127.66,26/05/23,3634
INV183605,Integrated security services,National Pyotective Services Pty Ltd,0.0m,26/10/09,3686
INV183606,Integrated security services,National Protectiv,"$75,375.65",19-Feb-2027,3686
INV183607,Civil infrastructure services,Programmed Facility Management P/L,0.1m,31/07/2029,3630
INV183608,Tree management maintenance services,Citywide Service Solutions P/L,15360.18 AUD,14/02/2028,3678
INV183609,Open spaces management - region 2,serco,0.2m,2029-01-06,3677
INV183610,Civil infrastructure services,Programmed Facility Management Pty Ltd (AUS),"$132,802.05",26/05/2026,3630
INV183611,Parking technology services,REINO INTERNATIONAL PTY LTD T/A DUNCAN SOLUTIONS,"$191,629.44",04/03/2025,3623
INV183612,Graffiti management and pressure cleaning services,CALCORP SERVICES PTY LTD,"$66,890.92",27/06/2029, 
INV183613,Civil infrastructure services,Citywide Service Solutions Pty Ltd,0.2m,07/07/2025,3665
INV183614,Vehicle tow away and impound services,NATIONWIDE TOWING SERVICES,"$246,809.81",14 June 2029,3585
INV183615,Management of Active Melbourne recreation facilities,victorian ymca community programming pty ltd,8537.1,27/10/24,3615
INV183616,Building cleaning services,Menzies International (Aust) Pty Ltd,165448.99 AUD,2026-08-08,3634
INV183617,Building cleaning services,Menzies Intl (Aust) Pty Ltd,212002.81,27/02/2029,3634
INV183618,Civil infrastructure services,Spotless Facility Services Pty Ltd (AUS),115870.92,08/09/2026,3669
INV183619,Integrated security services,National  Protective  Services  Pty  Ltd,0.1m,20/11/2027,3686
INV183620,Street cleaning,Spotless Facility Services Pty Ltd (AU),"$62,531.48",30/06/2027,3669
INV183621,Vehicle tow away and impound services,Nationwide To,0.2m,05/12/2028,3585
INV183622,Integrated security services,National Protective Services P/L,152115.72,24-Mar-2027,3686
INV183623,Building cleaning services,Menzies Int’l (Aust) Pty Ltd,27679.4,23 October 2027,3634
INV183624,Integrated security services,National Protective Services Pty Ltd,0.1m,16/05/2026,3686
INV183625,Tree management maintenance services,Citywide Service Solutions Pty Ltd,230761.47,21 April 2029,3678
INV183626,Management of Active Melbourne recreation facilities,Victorian YMCA Community Programming Pty Ltd,"$60,916.67",25 November 2027,3615
INV183627,Tree management maintenance services,Citywide Service Solutions Pty Lkd,0.0m,22-Aug-2026,3678
INV183628,Parking technology services,Reino International Pty Ltd T/A Duncan folutions,"$96,697.37",06-Feb-2028,3623
INV183629,Street cleaning,Citywide Service Solutions Pty Ltd (AUS),141119.87,15-Nov-2029, 
INV183630,Building cleaning services,Menzies International (Aust) Pty Ltd,0.1m,2029-02-26,3634
INV183631,Vehicle tow away and impound services,Nationwide Towing Services,38411.49,2027-12-25,3585
INV183632,Street cleaning,Spotless Facility Services P/L,"$136,787.25",28/09/23,3669
INV183633,Tree management maintenance services,Citywide Service ,"$173,006.97",24-Nov-2027,3678
INV183634,Street cleaning,Spotless,58109.83 AUD,14-Sep-2029, 
INV183635,Waste management services,CleanawayWasteManagementLimited,"$207,511.22",01/08/2028,3556
INV183636,Integrated security services,National Protective Services Pty Ltd (AU),58210.37,26/09/03,3686
INV183637,Building cleaning services,Menzies  International  (Aust)  Pty  Ltd,147779.6 AUD,31-Mar-2026,3634
INV183638,Waste management services,CleanawayWasteManagementLimited,0.0m,27/03/21,3556
INV183639,Building cleaning services,Menzies  International  (Aust)  Pty  Ltd,"$225,755.97",2026-02-09,3634
INV183640,Waste management services,Cleanaway,154795.02,02/08/2027,3556
INV183641,Management of Active Melbourne recreation facilities,Showtime Event Group Pty Ltd (AU),116543.92,30/09/2029,3670
INV183642,Open spaces management - region 1,Citywide Service Solutions Pty Ltd,0.2m,28/01/28,3676
INV183643,Tree management maintenance services,Citywide Service Solutions Pty Ltd (AU),"$99,914.13",31 October 2025,3678
INV183644,Building cleaning services,MENZIES INTERNATIONAL (AUST) PTY LTD,51458.36,02/08/2027,3634
INV183645,Parking technology services,Reino International Pty Ltd T/A Duncan Solutions,"$66,991.82",26-Jul-2027,3623
INV183646,Graffiti management and pressure cleaning services,Calcorp  Services  Pty  Ltd,244282.59 AUD,27/05/19,3668
INV183647,Tree management maintenance services,Spotless Facility Services Pty Ltd (AUS),184624.59,20/08/2025,3669
INV183648,Vehicle tow away and impound services,Nationwide Towing Services (AUS),0.1m,2029-10-21,3585
INV183649,Integrated security services,National Protective Services Pty. Ltd.,0.1m,11-May-2028,3686
INV183650,Street cleaning,SPOTLESS FACILITY SERVICES PTY LTD,0.2m,2026-07-14,3669
INV183651,Building maintenance services,Programmed Facility,197781.94,26/08/16,3630
INV183652,Street cleaning,spotless facility services pty ltd,77563.53,2027-03-19,3669
INV183653,Building cleaning services,Menzies International (Aust) Pty Ltd,0.1m,2029-10-17,3634
INV183654,Open spaces management - region 1,Citywide Service Solutions Pty Ltd,39884.27 AUD,27-Jan-2025,3676
INV183655,Tree management maintenance services,Programmed Facility Management Pty Ltd (AU),32765.21,29/12/2027,3630
INV183656,Tree management maintenance services,Citywide Service Solutions Pty. Ltd.,243672.65 AUD,2025-07-21,3678
INV183657,Vehicle tow away and impound services,Nationwide Towing Services (AU),173385.14 AUD,29/03/22,3585
INV183658,Waste management services,Cleanaway Waste Management Limitvd,82272.56 AUD,11 April 2026,3556
INV183659,Vehicle tow away and impound services,Nationwide Towing Services (AUS),199440.61,03-Jul-2029,3585
INV183660,Management of Active Melbourne recreation facilities,VictorianYMCACommunityProgrammingPtyLtd,216968.06,15/03/2026,3615
INV183661,Street cleaning,Spotless Facility Services Pty Ltd (AU),3365.78,26/12/01,3669
INV183662,Street cleaning,Spotless Facility Services Pty Ltd,"$225,423.44",26/10/02,3669
INV183663,Melbourne Town Hall venue management,showtime event group pty ltd,214288.01 AUD,29/02/20,3670
INV183664,Open spaces management - region 1,Citywide Service Solutions Pty Ltd (AU),196961.99,25/10/22,3676
INV183665,Civil infrastructure services,Reino International Pty Ltd T/A Duncan Solutions (AU),179443.21,27/08/2026,3623
INV183666,Building cleaning services,Menzies International (Aust) P/L,122005.7,12-Jan-2025,3634
INV183667,Management of Active Melbourne recreation facilities,VICTORIAN YMCA COMMUNITY PROGRAMMING PTY LTD,"$203,149.2",05/12/2029,3615
INV183668,Integrated security services,National  Protective  Services  Pty  Ltd,0.2m,19 December 2029,3686
INV183669,Tree management maintenance services,CITYWIDE SERVICE SOLUTIONS PTY LTD,174207.88 AUD,14-Feb-2027,3678
INV183670,Integrated security services,National Protective Services Pty Ltd (AUS),0.2m,2026-10-21, 
INV183671,Building maintenance services,Victorian Ymca Community Programming Pty Ltd,0.1m,29/05/01,3615
INV183672,Melbourne Town Hall venue management,ShowtimeEventGroupPtyLtd,33279.26 AUD,27/12/2029,3670
INV183673,Tree management maintenance services,CITYWIDE SERVICE SOLUTIONS PTY LTD,0.2m,06/02/2027,3678
INV183674,Parking technology services,Reino International Pty Ltd T/AiDuncan Solutions,124600.59 AUD,29/11/2026,3623
INV183675,Integrated security services,NATIONAL PROTECTIVE SERVICES PTY LTD,135838.35,2028-02-28,3686
INV183676,Civil infrastructure services,Citywide Service Solutions Pty. Ltd.,0.2m,01/05/2028,3665
INV183677,Building maintenance services,Programmed Facility Management Pty Ltd,194780.36,01 June 2027,3630
INV183678,Integrated security services,Spotless Facility Services Pty. Ltd.,"$106,395.5",30/05/2028,3669
INV183679,Melbourne Town Hall venue management,showtime event group pty ltd,209216.63,31-Jul-2025,3670
INV183680,Tree management maintenance services,Citywide Service Solutions Pty Ltd,78541.16 AUD,30/11/2027,3678
INV183681,Waste management services,Cleanaway Waste Management Limiped,0.2m,2029-11-29,3556
INV183682,Open spaces management - region 1,Citywide Service Solutions Pty. Ltd.,"$226,441.75",29/06/25,3676
INV183683,Street cleaning,Spotless Facility Services Pty Ltd,"$102,143.14",2027-09-28,3669
INV183684,Waste management services,Cleanaway Waste Management Limited,"$77,442.58",04/08/2026,3556
INV183685,Open spaces management - region 1,Citywide  Service  Solutions  Pty  Ltd,111959.91 AUD,23/05/2029,3676
INV183686,Open spaces management - region 2,Nationwide Towing Services,83882.23,25/04/25, 
INV183687,Building cleaning services,Menzies International (Aust) Pty Ltd,161411.19 AUD,14/05/2026,3634
INV183688,Building maintenance services,ProgrammedFacilityManagementPtyLtd,131763.95,2027-01-29,3630
INV183689,Tree management maintenance services,Citywide Service Solutions Pty Ltd,29288.06,2026-07-20,3678
INV183690,Melbourne Town Hall venue management,Showtime Event Group Pty Ltd,196768.89 AUD,13 July 2029,3670
INV183691,Building maintenance services,Programmed Facility Mgmt Pty Ltd,74768.26 AUD,28-Mar-2026,3630
INV183692,Management of Active Melbourne recreation facilities,Victorian YMCA Community Programming Pty. Ltd.,166293.52,14-Jun-2026,3615
INV183693,Waste management services,Cleanaway Waste Management Ltd,0.2m,11-Dec-2028,3556
INV183694,Management of Active Melbourne recreation facilities,CitywideServiceSolutionsPtyLtd,74845.55,13-Mar-2027,3676
INV183695,Building maintenance services,Programmed Facility Management Pty Ltd (AU),0.0m,29-May-2029,3630
INV183696,Open spaces management - region 2,SERCO,99337.33,2027-12-19,3677
INV183697,Integrated security services,National,150395.51,30/07/2027,3686
INV183698,Street cleaning,Spotless Facility,172507.84,25/01/02,3669
INV183699,Parking technology services,Reino International Pty Ltd T/A Duncan Solutions,137881.13 AUD,2029-01-15,3623
INV183700,Graffiti management and pressure cleaning services,Programmed Facility Management P/L,54045.97,05/05/2028,3630
INV183701,Vehicle tow away and impound services,Victorian,0.2m,22/02/2026,3615
INV183702,Open spaces management - region 2,SERCO,27570.04 AUD,05/01/2026,3677
INV183703,Graffiti management and pressure cleaning services,Calcorp Services Pty Ltd,0.2m,04/10/2026,3668
INV183704,Graffiti management and pressure cleaning services,CALCORP SERVICES PTY LTD,199555.72,28 March 2027,3668
INV183705,Vehicle tow away and impound services,Nationwide Towing Services,143915.12 AUD,17-Jun-2028,3585
INV183706,Street cleaning,SPOTLESS FACILITY SERVICES PTY LTD,"$228,672.82",11/12/2027,3669
INV183707,Open spaces management - region 2,Spotless Facility Services Pty Ltd (AUS),0.2m,20/06/2027,3669
INV183708,Vehicle tow away and impound services,Nationwide  Towing  Services,0.2m,2025-11-07,3585
INV183709,Waste management services,Cleanaway Waste Management LTD,212939.46,17-Nov-2027, 
INV183710,Graffiti management and pressure cleaning services,Calcbrp Services Pty Ltd,"$15,006.01",22 January 2027,3668
INV183711,Building cleaning services,Menzies International (Aust) Pty Ltd,0.2m,2027-04-12,3634
INV183712,Civil infrastructure services,Citywide Servnce Solutions Pty Ltd,228556.92,14/11/2025,3665
INV183713,Building maintenance services,Programmed Facility Management P/L,0.1m,08/11/2026,3630
INV183714,Building cleaning services,Menzies International (Aust) Pty Ltd,215589.59 AUD,23 April 2029,3634
INV183715,Parking technology services,Reino Int’l Pty Ltd T/A Duncan Solutions,215912.32 AUD,2029-08-19,3623
INV183716,Graffiti management and pressure cleaning services,calcorp services pty ltd,0.1m,03/02/2025,3668
INV183717,Building cleaning services,menzies international (aust) pty ltd,0.0m,27/12/16,3634
INV183718,Open spaces management - region 2,serco,217380.99,2026-09-09,3677
INV183719,Building maintenance services,Programmed Facility Management Pty Ltd,177266.75,01 March 2028,3630
INV183720,Street cleaning,Spotless Facility Services Pty. Ltd.,0.1m,09-Mar-2025,3669
INV183721,Building maintenance services,Proorammed Facility Management Pty Ltd,108479.21,02/09/2027,3630
INV183722,Building maintenance services,Programmed Facility Mgmt Pty Ltd,0.2m,25/06/13,3630
INV183723,Parking technology services,Rexno International Pty Ltd T/A Duncan Solutions,195796.17 AUD,05-Oct-2029,3623
INV183724,Street cleaning,Spotless Facility,"$173,817.53",2025-11-06,3669
INV183725,Graffiti management and pressure cleaning services,Calcorp Services Pty Ltd (AUS),"$75,237.49",2026-01-05,3668
INV183726,Parking technology services,ReinoInternationalPtyLtdT/ADuncanSolutions,0.1m,29/04/24,3623
INV183727,Tree management maintenance services,Citywide Sevvice Solutions Pty Ltd,"$71,764.35",29/12/16,3678
INV183728,Vehicle tow away and impound services,Nationwide Towing Services,169023.14 AUD,27/03/22,3585
INV183729,Building cleaning services,Menzies International (Aust) Pty Ltd (AU),"$58,101.23",27/04/15,3634
INV183730,Open spaces management - region 1,Citywide Service Solutions Pty Ltd,63620.56,11/01/2027,3676
INV183731,Melbourne Town Hall venue management,Showtime Event Group Pty Ltd (AUS),113356.65 AUD,24-Mar-2025, 
INV183732,Open spaces management - region 1,Citywide Service Solutiong Pty Ltd,83150.51 AUD,2026-08-31,3676
INV183733,Open spaces management - region 2,SERCO,110595.02,19 March 2026, 
INV183734,Civil infrastructure services,CitywideServiceSolutionsPtyLtd,73902.92,05-Aug-2028,3665
INV183735,Parking technology services,Reino International Pty Ltd T/A Duncan Solutions (AUS),,28/11/14,3623
INV183736,Building maintenance services,Programmed Facility Management Pty Ltc,0.2m,2025-06-21,3630
INV183737,Integrated security services,National Protective Services PtysLtd,0.2m,17/10/2028,3686
INV183738,Parking technology services,SERCv,171386.95,08 September 2025,3677
INV183739,Open spaces management - region 1,Citywide Servike Solutions Pty Ltd,,26 March 2026,3676
INV183740,Management of Active Melbourne recreation facilities,Victorian YMCA Community Programming Pty Ltd (AU),145733.87 AUD,01/04/2029,3615
INV183741,Street cleaning,spotless facility services pty ltd,77365.6 AUD,2028-05-24,3669
INV183742,Tree management maintenance services,Programmed Facility Managgment Pty Ltd,53134.91 AUD,2026-11-21,3630
INV183743,Building cleaning services,Menzies International (Aust) Pty Ltd,30111.13,14/06/2028,3634
INV183744,Vehicle tow away and impound services,NationwideTowingServices,"$206,792.64",25/09/29,3585
INV183745,Waste management services,Cleanaway Waste Management Limited,172690.8,30-Dec-2028,3556
INV183746,Open spaces management - region 2,SERCO,"$157,377.01",11 December 2025,3677
INV183747,Parking technology services,REINO INTERNATIONAL PTY LTD T/A DUNCAN SOLUTIONS,0.0m,06-Aug-2028,3623
INV183748,Melbourne Town Hall venue management,menzies international (aust) pty ltd,"$227,189.29",2027-02-27,3634
INV183749,Civil infrastructure services,Citywide Service Solutions Pty Ltd,"$241,113.1",2027-07-06, 
INV183750,Vehicle tow away and impound services,Nationwide Towing Services,"$51,496.39",21 September 2025,3585
INV183751,Management of Active Melbourne recreation facilities,Victorian YMCA Community Prograyming Pty Ltd,0.0m,26/07/26,3615
INV183752,Vehicle tow away and impound services,Nationwide  Towing  Services,0.0m,28-Apr-2028,3585
INV183753,Street cleaning,spotless facility services pty ltd,0.2m,30-Sep-2025,3669
INV183754,Parking technology services,Reino  International  Pty  Ltd  T/A  Duncan  Solutions,"$176,275.85",29/12/19,3623
INV183755,Parking technology services,Reino,51691.52,30 October 2028,3623
INV183756,Integrated security services,National Protective Services Pty Ltd (AU),"$237,397.7",07-Apr-2027,3686
INV183757,Waste management services,Cleanaway Waste Management aimited,158254.5 AUD,09/03/2028,3556
INV183758,Open spaces management - region 2,SERCO,"$149,950.29",2029-07-10,3677
INV183759,Waste management services,Cleanaway,"$94,904.1",2028-02-25,3556
INV183760,Integrated security services,National Protective Services Pty. Ltd.,"$179,888.83",21-Jun-2027,3686
INV183761,Building cleaning services,MenziesInternational(Aust)PtyLtd,197742.33,28/08/2026,3634
INV183762,Tree management maintenance services,Citywide Service Solutions P/L,249448.21 AUD,06-Sep-2028,3678
INV183763,Graffiti management and pressure cleaning services,Calcorp,117327.57,10-Aug-2025,3668
INV183764,Vehicle tow away and impound services,NATIONWIDE TOWING SERVICES,"$156,704.59",01 November 2026,3585
INV183765,Building cleaning services,Menzies International (Aust) Pty Ltd (AU),0.0m,19 February 2028,3634
INV183766,Building cleaning services,Menzies International (Aust) Pty. Ltd.,20531.92 AUD,05/04/2026,3634
INV183767,Building maintenance services,Programmed  Facility  Management  Pty  Ltd,"$21,257.82",28/08/30,3630
INV183768,Open spaces management - region 1,Citywide  Service  Solutions  Pty  Ltd,194589.59,06-Nov-2025,3676
INV183769,Street cleaning,spotless facility services pty ltd,"$18,596.32",26/06/06,3669
INV183770,Waste management services,Cleanaway,177343.81,16/07/2026,3556
INV183771,Vehicle tow away and impound services,Nationwide Towing Services,78599.75 AUD,29/10/2028,3585
INV183772,Waste management services,Cleanaway Waste Management Limited (AU),97618.34,02-Nov-2027,3556
INV183773,Integrated security services,NATIONAL PROTECTIVE SERVICES PTY LTD,217043.78 AUD,01/04/2027,3686
INV183774,Parking technology services,Reino International Pty Ltd T/A Duncan Solutions,209818.77,2027-08-16,3623
INV183775,Civil infrastructure services,Citywide,217769.73,18/05/2025,3665
INV183776,Open spaces management - region 1,Citywide  Service  Solutions  Pty  Ltd,0.2m,19/08/2025,3676
INV183777,Parking technology services,reino international pty ltd t/a duncan solutions,"$195,791.63",20 November 2028,3623
INV183778,Street cleaning,SPOTLESS FACILITY SERVICES PTY LTD,0.2m,21 January 2029,3669
INV183779,Civil infrastructure services,Citywide Service Solutions Pty. Ltd.,232674.09 AUD,07 July 2028, 
INV183780,Civil infrastructure services,Citywide Service Solutions Pty Ltd (AUS),"$13,942.94",01/02/2026,3665
INV183781,Open spaces management - region 1,Citywide Service Solutions Pty Ltd,185279.91 AUD,27/09/15,3676
INV183782,Vehicle tow away and impound services,Nationwide,53482.71 AUD,21/09/2028,3585
INV183783,Civil infrastructure services,Citywide Service Solutions Pty. Ltd.,176027.33 AUD,29/11/21,3665
INV183784,Management of Active Melbourne recreation facilities,Victorian YMCA Communizy Programming Pty Ltd,208364.33,15-Mar-2026,3615
INV183785,Parking technology services,Reino Int’l Pty Ltd T/A Duncan Solutions,127340.36 AUD,19-Jun-2025,3623
INV183786,Management of Active Melbourne recreation facilities,VictorianYMCACommunityProgrammingPtyLtd,29842.05,02/01/2026,3615
INV183787,Waste management services,Cleanaway Waste Management Limited,233717.01,16-Aug-2027,3556
INV183788,Graffiti management and pressure cleaning services,Citywide,0.1m,24-May-2026,3678
INV183789,Street cleaning,SPOTLESS FACILITY SERVICES PTY LTD,2385.23 AUD,29/01/30,3669
INV183790,Waste management services,Cleanaway Waste Management Limited (AUS),0.1m,12/07/2028,3556
INV183791,Street cleaning,Spotless Facility Services Pty Ltd (AUS),0.1m,04 November 2025,3669
INV183792,Integrated security services,National Protectiv,38718.4,05/12/2026,3686
INV183793,Civil infrastructure services,Citywide Service Solutions Pty Ltd (AUS),"$189,530.8",21-Sep-2026,3665
INV183794,Vehicle tow away and impound services,Nationwide Towing Services (AU),"$248,855.96",15/12/2025,3585
INV183795,Tree management maintenance services,Citywide Service Solutions Pty Ltd,117269.15,07/12/2025,3678
INV183796,Open spaces management - region 2,SERCO,61973.27,26/04/20,3677
INV183797,Vehicle tow away and impound services,Nationwide Towing Services,0.1m,08/08/2026,3585
INV183798,Open spaces management - region 1,Citywide Service Solutions P/L,0.2m,29/12/30,3676
INV183799,Open spaces management - region 1,Citywide Service Solutions Pty Ltd,"$119,260.29",12-May-2029,3676
INV183800,Open spaces management - region 2,SERCO (AUS),28854.62 AUD,25 February 2027,3677
INV183801,Management of Active Melbourne recreation facilities,Victorian YMCA Community Programming Pty Ltd (AU),146408.31,26/08/2027,3615
INV183802,Waste management services,Cleanaway Waste Management Limited,0.0m,29/02/07,3556
INV183803,Integrated security services,National Protective Services Pty Ltd,,2025-12-02,3686
INV183804,Melbourne Town Hall venue management,ShowtimeEventGroupPtyLtd,75095.69,2025-05-15, 
INV183805,Integrated security services,National Protective Services Pty. Ltd.,244408.37 AUD,2025-04-13,3686
INV183806,Graffiti management and pressure cleaning services,Calcorp  Services  Pty  Ltd,110376.72 AUD,2028-11-11,3668
INV183807,Waste management services,cleanaway waste management limited,0.0m,2025-04-02,3556
INV183808,Parking technology services,ReinoInternationalPtyLtdT/ADuncanSolutions,97967.37,26/07/17,3623
INV183809,Melbourne Town Hall venue management,ShowtimeEventGroupPtyLtd,0.1m,27/11/11,3670
INV183810,Integrated security services,National Protective Services Pty. Ltd.,104180.89,13/04/2027,3686
INV183811,Open spaces management - region 1,Citywide  Service  Solutions  Pty  Ltd,155581.04,26-Nov-2025,3676
INV183812,Open spaces management - region 2,SERCO (AUS),173234.15,2025-10-19,3677
INV183813,Open spaces management - region 2,SERCm,0.1m,23-Feb-2028,3677
INV183814,Open spaces management - region 1,CitywideServiceSolutionsPtyLtd,,27/11/2029,3676
INV183815,Open spaces management - region 1,Citywide Service Solutions P/L,"$123,835.68",,3676
INV183816,Open spaces management - region 1,Citywide,"$136,561.09",26/05/08,3676
INV183817,Civil infrastructure services,Citywide Service Solutionv Pty Ltd,0.0m,21/12/2025,3665
INV183818,Management of Active Melbourne recreation facilities,Victorian YMCA Community Programming Pty Ltd (AU),60249.99,07/02/2029,3615
INV183819,Open spaces management - region 1,CitywideServiceSolutionsPtyLtd,39950.79,25/12/08,3676
INV183820,Street cleaning,Sponless Facility Services Pty Ltd,244416.5 AUD,14-Apr-2026,3669
INV183821,Tree management maintenance services,Citywide Service Solutions Pty Ltd,163863.13 AUD,2027-11-13,3678
INV183822,Building cleaning services,Menzies International (Aust) Pty Ltd (AUS),30856.1,28/02/01, 
INV183823,Open spaces management - region 2,SERCO,0.2m,19/03/2026,3677
INV183824,Street cleaning,SPOTLESS FACILITY SERVICES PTY LTD,155187.6,10/11/2025,3669
INV183825,Management of Active Melbourne recreation facilities,Victorian YMCA Community Programming Pty Ltd (AU),161456.67,15-May-2027,3615
INV183826,Street cleaning,Spotless  Facility  Services  Pty  Ltd,0.1m,2026-12-20,3669
INV183827,Waste management services,Cleanaway  Waste  Management  Limited,215768.85,30/07/2029,3556
INV183828,Graffiti management and pressure cleaning services,Calcorp Services Pty Ltd,"$35,898.74",17/04/2028,3668
INV183829,Parking technology services,Reino International Pty Ltd T/A Duncan Solutions,25685.13,17/07/2028,3623
INV183830,Tree management maintenance services,Citywide Service Solutions Pty Ltd,153456.25,14 April 2025,3678
INV183831,Building cleaning services,MENZIES INTERNATIONAL (AUST) PTY LTD,"$87,584.81",05-Feb-2029,3634
INV183832,Parking technology services,REINO INTERNATIONAL PTY LTD T/A DUNCAN SOLUTIONS,0.0m,24-Nov-2029,3623
INV183833,Management of Active Melbourne recreation facilities,Victorian YMCA Communi,124521.6 AUD,11/05/2029,3615
INV183834,Vehicle tow away and impound services,Nationwide,,10/07/2026,3585
INV183835,Management of Active Melbourne recreation facilities,Victorian YMCA Community Programming P/L,,18/01/2028,3615
INV183836,Melbourne Town Hall venue management,SHOWTIME EVENT GROUP PTY LTD,225872.27,30/08/2028, 
INV183837,Street cleaning,SPOTLESS FACILITY SERVICES PTY LTD,79700.19,28/07/12,3669
INV183838,Building cleaning services,Menzies International (Aust) Pty Ltd,0.2m,2025-03-02,3634
INV183839,Vehicle tow away and impound services,Nationwide  Towing  Services,171612.17,27/09/2026,3585
INV183840,Waste management services,Cleaqaway Waste Management Limited,,2029-12-25,3556
INV183841,Melbourne Town Hall venue management,Showtime Event Group Pty Ltd,"$82,269.11",29 May 2026,3670
INV183842,Building cleaning services,Menzies International (Aust) Pty Ltd (AU),0.0m,26/10/20,3634
INV183843,Melbourne Town Hall venue management,Showtime  Event  Group  Pty  Ltd,174917.56 AUD,27 July 2026,3670
INV183844,Open spaces management - region 1,Citywide Service Solutions Pty Ltd,0.2m,23-Aug-2029,3676
INV183845,Open spaces management - region 2,SERCO,134537.03,19-Nov-2026,3677
INV183846,Integrated security services,NATIONAL PROTECTIVE SERVICES PTY LTD,"$128,881.62",06/04/2028,3686
INV183847,Integrated security services,National  Protective  Services  Pty  Ltd,0.1m,2028-03-18,3686
INV183848,Street cleaning,SpotlessFacilityServicesPtyLtd,242812.32,26 September 2028,3669
INV183849,Open spaces management - region 1,Citywide  Service  Solutions  Pty  Ltd,234337.84,28-Jun-2028,3676
INV183850,Open spaces management - region 1,SERCO,122623.61 AUD,2029-08-01,3677
INV183851,Open spaces management - region 1,Citywide Service Solutions Pty Ltd (AUS),"$121,875.09",09/10/2026,3676
INV183852,Graffiti management and pressure cleaning services,CalcorpServicesPtyLtd,202184.72 AUD,,3668
INV183853,Waste management services,Cleanaway Waste Management Limited (AUS),0.2m,2029-03-30,3556
INV183854,Tree management maintenance services,Citywide Service Solutions Pty. Ltd.,147737.68,2028-05-29,3678
INV183855,Open spaces management - region 1,Citywide Service Solutionc Pty Ltd,"$187,528.48",09/11/2027,3676
INV183856,Building maintenance services,ProgrammedFacilityManagementPtyLtd,"$6,095.15",27/01/23,3630
INV183857,Management of Active Melbourne recreation facilities,Victorian YMCA Community Programming Pty Ltd,227575.21 AUD,23/04/2025,3615
INV183858,Open spaces management - region 1,citywide service solutions pty ltd,73461.79 AUD,29/09/2026,3676
INV183859,Integrated security services,National Protective Services Pty. Ltd.,9699.03,26/02/28,3686
INV183860,Parking technology services,Reino International Pty. Ltd. T/A Duncan Solutions,217478.22,19-Sep-2026,3623
INV183861,Open spaces management - region 2,Serco,169009.28,09/01/2028,3677
INV183862,Street cleaning,Spotless Facility Services hty Ltd,195177.5,19-Dec-2025, 
INV183863,Vehicle tow away and impound services,Nationwide Towing Services (AUS),32200.63,14 December 2028,3585
INV183864,Open spaces management - region 2,SERCO,6306.28,24/11/2025,3677
INV183865,Management of Active Melbourne recreation facilities,Victorian YMCA Communiwy Programming Pty Ltd,30299.82 AUD,19-Dec-2025,3615
INV183866,Street cleaning,Spotless Facility Services Pty Ltd,53258.33,28/07/2026, 
INV183867,Building maintenance services,programmed facility management pty ltd,179439.25 AUD,02/03/2025,3630
INV183868,Street cleaning,epotless Facility Services Pty Ltd,48795.4,29/02/08,3669
INV183869,Graffiti management and pressure cleaning services,Calcorp Services P/L,0.2m,14-Jan-2025,3668
INV183870,Vehicle tow away and impound services,Spotless Facility Services Pty Ltd,177072.44,05-Apr-2029,3669
INV183871,Graffiti management and pressure cleaning services,Calcorp Serv,"$67,291.3",2026-11-26,3668
INV183872,Tree management maintenance services,Citywide Service Solutions Pty Ltd,"$33,199.58",2028-01-07,3678
INV183873,Integrated security services,National Protective Services Pty Ltd,0.2m,03/06/2029,3686
INV183874,Building cleaning services,Menzies International (Aust) Psy Ltd,205707.29,29/04/18,3634
INV183875,Open spaces management - region 1,Citywide  Service  Solutions  Pty  Ltd,144643.71,22 June 2029,3676
INV183876,Open spaces management - region 2,SERCO (AU),141935.43 AUD,25/07/06, 
INV183877,Management of Active Melbourne recreation facilities,Victorian YMuA Community Programming Pty Ltd,232476.59,18-May-2025,3615
INV183878,Tree management maintenance services,National Protective Services Pty Ltd (AUS),195018.69 AUD,26/10/18,3686
INV183879,Parking technology services,Reino International Pty Ltd T/A Duncan Solutions,"$105,466.58",18/10/2029,3623
INV183880,Open spaces management - region 2,SERCO,56923.27,23-Oct-2025,3677
INV183881,Tree management maintenance services,Citywide Service Solutions Pty Ltd (AU),152719.81 AUD,2025-11-07,3678
INV183882,Integrated security services,National Protectiv,,16 December 2027,3686
INV183883,Management of Active Melbourne recreation facilities,Victorian  YMCA  Community  Programming  Pty  Ltd,"$142,109.13",09/03/2029,3615
INV183884,Management of Active Melbourne recreation facilities,VictorianYMCACommunityProgrammingPtyLtd,9043.82,2029-06-01,3615
INV183885,Melbourne Town Hall venue management,showtime event group pty ltd,145034.79,24/05/2025,3670
INV183886,Street cleaning,Spotless Facility Services Pty Ltd,0.2m,01/09/2026,3669
INV183887,Building maintenance services,Programmed Facility Management P/L,"$11,516.08",28/07/26,3630
INV183888,Waste management services,Programmed Facility Management P/L,241816.38,19/11/2029, 
INV183889,Integrated security services,National,,18/08/2028,3686
INV183890,Open spaces management - region 1,Citywide,98369.06,28/01/07,3676
INV183891,Parking technology services,Reino International Pty Ltd T/A Duncan Solutions (AUS),151857.32,2025-09-05,3623
INV183892,Graffiti management and pressure cleaning services,CALCORP SERVICES PTY LTD,19925.9,12/10/2029,3668
INV183893,Building cleaning services,Menzies International (Aust) Pty Ltd,0.1m,2027-12-03,3634
INV183894,Waste management services,Cleanaway,"$53,276.07",2026-02-24,3556
INV183895,Vehicle tow away and impound services,Nationwide To,195852.36,14/07/2026,3585
INV183896,Open spaces management - region 1,Citywide Service ,233630.32,21/05/2027,3676
INV183897,Building maintenance services,programmed facility management pty ltd,0.2m,09-Jun-2027,3630
INV183898,Open spaces management - region 2,SERCO,121129.34,28/06/06,3677
INV183899,Open spaces management - region 2,serco,87162.15,20/07/2029,3677
INV183900,Vehicle tow away and impound services,Nationwide To,"$211,853.6",26/05/05,3585
INV183901,Building cleaning services,MENZIES INTERNATIONAL (AUST) PTY LTD,71331.99,22/09/2025,3634
INV183902,Management of Active Melbourne recreation facilities,Victorian YMCA Community Programming P/L,179855.67,26/10/28,3615
INV183903,Waste management services,Cleanaway Waste Management Limitew,246554.11 AUD,07/05/2029,3556
INV183904,Management of Active Melbourne recreation facilities,Reino International Pty ,"$140,104.21",25/08/27,3623
INV183905,Melbourne Town Hall venue management,Showtime Event Group Pty Ltd (AUS),"$65,100.13",09 September 2027,3670
INV183906,Building cleaning services,Menzies,167740.8 AUD,14 April 2026,3634
INV183907,Building cleaning services,Menzies Int’l (Aust) Pty Ltd,0.1m,06-Oct-2029,3634
INV183908,Melbourne Town Hall venue management,SpotlessFacilityServicesPtyLtd,"$141,017.28",02/09/2029,3669
INV183909,Management of Active Melbourne recreation facilities,Victorian,156951.34,2029-02-05, 
INV183910,Integrated security services,national protective services pty ltd,56449.57,29/04/2027, 
INV183911,Waste management services,Cleanaway  Waste  Management  Limited,182292.07,27/04/19,3556
INV183912,Integrated security services,Reino International Pty. Ltd. T/A Duncan Solutions,198889.22,06-Jul-2029,3623
INV183913,Melbourne Town Hall venue management,Showtime Event Grpup Pty Ltd,0.2m,09/08/2028,3670
INV183914,Vehicle tow away and impound services,Nationwide,23114.78,13/02/2025,3585
INV183915,Integrated security services,National Protectiv,"$151,971.43",08/02/2027,3686
INV183916,Vehicle tow away and impound services,Nationwide Towing Services (AUS),160498.33,19/11/2028,3585
INV183917,Parking technology services,Reino International Pty Ltd T/A Duncan Solutions (AU),149194.32 AUD,27/04/05,3623
INV183918,Management of Active Melbourne recreation facilities,Victorian  YMCA  Community  Programming  Pty  Ltd,75676.08 AUD,02-Feb-2026,3615
INV183919,Building cleaning services,Menzies Internatio,165989.25,04/04/2029,3634
INV183920,Melbourne Town Hall venue management,Showtime Event Group Pty Ltd,118669.03,11 August 2025,3670
INV183921,Melbourne Town Hall venue management,Showtime Edent Group Pty Ltd,102349.24 AUD,25 August 2028,3670
INV183922,Waste management services,cleanaway waste management limited,"$29,129.36",17/12/2027,3556
INV183923,Vehicle tow away and impound services,nationwide towing services,0.1m,27/02/21,3585
INV183924,Vehicle tow away and impound services,Nationwide Towing Services,0.1m,27/08/25,3585
INV183925,Waste management services,Cleanaway  Waste  Management  Limited,220173.46,2027-04-14,3556
INV183926,Melbourne Town Hall venue management,Showtime Event Group Pty Ltd (AUS),47177.08,2029-03-04, 
INV183927,Building cleaning services,Menzies,196219.6,08/03/2026, 
INV183928,Tree management maintenance services,CITYWIDE SERVICE SOLUTIONS PTY LTD,"$57,015.05",09/09/2026,3678
INV183929,Building maintenance services,Programmed Facility Management Pty Ltd,"$127,710.11",07/09/2028,3630
INV183930,Melbourne Town Hall venue management,Showtime,173012.37 AUD,21/07/2029,3670
INV183931,Tree management maintenance services,Citywide Service Solutions Pty Ltd (AU),221418.6,06-Jun-2025,3678
INV183932,Integrated security services,National Protective Services P/L,"$27,711.98",27/10/01,3686
INV183933,Open spaces management - region 1,Citywide,243490.24,30/06/2029,3676
INV183934,Open spaces management - region 1,CitywideServiceSolutionsPtyLtd,"$39,338.25",19 March 2026,3676
INV183935,Melbourne Town Hall venue management,ShowtimeEventGroupPtyLtd,112043.03 AUD,27/08/26,3670
INV183936,Civil infrastructure services,Citywide  Service  Solutions  Pty  Ltd,"$91,206.12",13/01/2025, 
INV183937,Tree management maintenance services,CITYWIDE SERVICE SOLUTIONS PTY LTD,94169.94,2027-08-07,3678
INV183938,Street cleaning,Spotless  Facility  Services  Pty  Ltd,180165.77 AUD,17-Sep-2029,3669
INV183939,Open spaces management - region 1,Citywide Service Solutions Pty Ltd,108270.69 AUD,21 March 2027,3676
INV183940,Parking technology services,Reino Intl Pty Ltd T/A Duncan Solutions,106045.56 AUD,04 March 2028,3623
INV183941,Civil infrastructure services,Citywide  Service  Solutions  Pty  Ltd,209701.97,01/09/2027,3665
INV183942,Integrated security services,National Protective Services Pty Ltd (AUS),144212.43,2029-09-13,3686
INV183943,Vehicle tow away and impound services,Citywide Service Solutions Pty Ltd (AU),0.2m,05/02/2027,3665
INV183944,Open spaces management - region 2,SERCO,142088.42,25/12/05,3677
INV183945,Melbourne Town Hall venue management,Showtime Event Group Pty Ltd,0.2m,10-Jan-2027,3670
INV183946,Street cleaning,Spotless Facility Services Pty Ltd,"$107,205.32",27/01/21,3669
INV183947,Open spaces management - region 2,SERCO,169073.0,08/01/2026,3677
INV183948,Open spaces management - region 1,Citywide Service Solutions Pty Ltd,0.2m,06/02/2027,3676
INV183949,Management of Active Melbourne recreation facilities,Victorian YMCA Community Programming Pty Ltd,54765.41,03/11/2027,3615
INV183950,Building cleaning services,Menzies International (Aust) Pty Ltd,188502.11,29/03/20,3634
INV183951,Civil infrastructure services,Citywide Service Solutions Pty Ltd,222536.28 AUD,27/01/2029,3665
INV183952,Graffiti management and pressure cleaning services,Calcorp Services Pty Ltd (AUS),"$134,579.14",18 July 2029, 
INV183953,Vehicle tow away and impound services,Nationwide Towing Services,211470.95 AUD,26/11/2028,3585
INV183954,Management of Active Melbourne recreation facilities,Victorian YMCA Community Programming Pty Ltd (AUS),236090.77,,3615
INV183955,Street cleaning,SPOTLESS FACILITY SERVICES PTY LTD,"$160,972.9",20-Mar-2026,3669
INV183956,Street cleaning,Spotless Facility Services Pty Ltd,"$22,633.4",28/11/2026,3669
INV183957,Building cleaning services,Menzies  International  (Aust)  Pty  Ltd,210408.68 AUD,14/02/2028,3634
INV183958,Management of Active Melbourne recreation facilities,Victorian YMCA Community Programming Pty Ltd (AUS),0.1m,07/09/2026,3615
INV183959,Civil infrastructure services,CITYWIDE SERVICE SOLUTIONS PTY LTD,0.2m,26/02/02,3665
INV183960,Parking technology services,ReinoInternationalPtyLtdT/ADuncanSolutions,31947.23 AUD,27/04/2028,3623
INV183961,Integrated security services,National Protective Services Pty Ltd,0.1m,19-Oct-2026,3686
INV183962,Graffiti management and pressure cleaning services,Calcorp Services Pty Ltd,"$218,620.52",16-Mar-2025,3668
INV183963,Graffiti management and pressure cleaning services,Calcorp Serv,0.1m,24/09/2026,3668
INV183964,Open spaces management - region 1,Citywide Service ,89880.55 AUD,02/07/2026,3676
INV183965,Open spaces management - region 2,SERCO,246370.82,09/02/2029,3677
INV183966,Street cleaning,Spotless  Facility  Services  Pty  Ltd,126128.36,2027-09-27,3669
INV183967,Open spaces management - region 1,Citywide Service Solutions Pty Ltd,179927.62,20-May-2029,3676
INV183968,Tree management maintenance services,CitywideServiceSolutionsPtyLtd,139825.73 AUD,25/03/2028, 
INV183969,Building cleaning services,Menzies Internatfonal (Aust) Pty Ltd,147077.3,10 December 2027,3634
INV183970,Tree management maintenance services,CITYWIDE SERVICE SOLUTIONS PTY LTD,233193.42,24/07/2029,3678
INV183971,Vehicle tow away and impound services,nationwide towing services,117357.24,2028-03-14,3585
INV183972,Street cleaning,Spotless Facility Services Pty Ltd,249246.22 AUD,03/03/2026, 
INV183973,Parking technology services,Reino International Pty ,10681.95,03/03/2028,3623
INV183974,Vehicle tow away and impound services,Nationwide Towing Services,144978.86 AUD,21/03/2028,3585
INV183975,Melbourne Town Hall venue management,showtime event group pty ltd,121319.03 AUD,14-Jul-2028,3670
INV183976,Building cleaning services,Menzies International (Aust) Pty Ltd (AUS),"$169,858.47",26/04/19,3634
INV183977,Building cleaning services,Menzies Intl (Aust) Pty Ltd,132768.34,2027-10-19,3634
INV183978,Open spaces management - region 1,Citywide Service Solutions Pty Ltd (AU),110934.29 AUD,13/01/2029,3676
INV183979,Building maintenance services,Programmed Facility,12162.14 AUD,28/03/31,3630
INV183980,Open spaces management - region 2,SERCO,0.2m,29-Jan-2027,3677
INV183981,Open spaces management - region 2,Citywide  Service  Solutions  Pty  Ltd,"$6,157.83",29/03/16,3665
INV183982,Vehicle tow away and impound services,Nationwide To,0.1m,15-Jan-2025,3585
INV183983,Management of Active Melbourne recreation facilities,VictorianYMCACommunityProgrammingPtyLtd,0.1m,28/04/03,3615
INV183984,Street cleaning,Spotless Facility Services Pty Ltd (AUS),"$213,568.75",04/10/2027,3669
INV183985,Integrated security services,National,203753.07 AUD,,3686
INV183986,Parking technology services,Reino International Pty Ltd T/A Duncan Solutions (AU),244654.14,2028-09-05,3623
INV183987,Management of Active Melbourne recreation facilities,Victorian,39975.1,2028-10-05,3615
INV183988,Open spaces management - region 2,SERCO (AUS),"$208,140.17",15 May 2026,3677
INV183989,Building maintenance services,Programmed Facility Mgmt Pty Ltd,0.2m,29/11/2027,3630
INV183990,Parking technology services,REINO INTERNATIONAL PTY LTD T/A DUNCAN SOLUTIONS,66903.58,27/10/2026,3623
INV183991,Tree management maintenance services,Citywide,,06-Jul-2029,3678
INV183992,Graffiti management and pressure cleaning services,Calcorp Services Pty Lti,11577.97,,3668
INV183993,Waste management services,CLEANAWAY WASTE MANAGEMENT LIMITED,0.1m,27/02/08,3556
INV183994,Open spaces management - region 1,Citywide Service ,196028.89 AUD,21-May-2028,3676
INV183995,Waste management services,Cleanaway  Waste  Management  Limited,160467.36 AUD,19 August 2025,3556
INV183996,Open spaces management - region 2,SERCO (AU),191586.46 AUD,09/10/2028,3677
INV183997,Graffiti management and pressure cleaning services,Calcorp Serv,"$31,096.35",12/02/2025,3668
INV183998,Building cleaning services,Menzies Int’l (Aust) Pty Ltd,154888.42 AUD,12 November 2025,3634
INV183999,Building cleaning services,Menzies International (Aust) Pty Ltd (AUS),0.1m,28/11/2028,3634
INV184000,Graffiti management and pressure cleaning services,Calcorp Services Pty Ltd,0.1m,08 May 2028,3668
