InvoiceID,ContractTitle,Provider,InvoiceAmount,InvoiceDate,ContractNumber
INV303001,Graffiti management and pressure cleaning services,Calcorp Services Pty Ltd (AUS),52202.14 AUD,24/07/2025,3668
INV303002,Vehicle tow away and impound services,NATIONWIDE TOWING SERVICES,216021.55,06-Dec-2025,3585
INV303003,Parking technology services,Programmed Facility Management Pty Ltd,0.2m,26/05/2028,3630
INV303004,Integrated security services,national protective services pty ltd,"$151,123.36",11 December 2027, 
INV303005,Open spaces management - region 2,SElCO,0.2m,02 March 2028,3677
INV303006,Integrated security services,NATIONWIDE TOWING SERVICES,131448.08,22 April 2029,3585
INV303007,Tree management maintenance services,citywide service solutions pty ltd,0.1m,2028-10-19,3678
INV303008,Civil infrastructure services,Citywide Service Solutions Pty Ltd (AUS),0.1m,2025-11-27,3665
INV303009,Tree management maintenance services,Citywide Service Solutions Pty Ltd (AU),"$149,046.04",22/10/2029,3678
INV303010,Building cleaning services,Menzies International (Aust) Pty Ltd (AU),62860.2,18/11/2027,3634
INV303011,Melbourne Town Hall venue management,Showtime,209314.0,01/05/2029,3670
INV303012,Integrated security services,National Protective Services Pty. Ltd.,"$155,234.72",29/03/2029,3686
INV303013,Melbourne Town Hall venue management,showtime event group pty ltd,"$218,866.7",17/12/2028,3670
INV303014,Street cleaning,Spotless  Facility  Services  Pty  Ltd,173895.55,27/05/15,3669
INV303015,Building cleaning services,Menzies International (Aust) Pty Ltd,0.2m,15-Apr-2027,3634
INV303016,Management of Active Melbourne recreation facilities,Victorian Ymca Community Programming Pty Ltd,0.2m,28-Aug-2027,3615
INV303017,Vehicle tow away and impound services,NATIONWIDE TOWING SERVICES,152587.26 AUD,12 October 2025,3585
INV303018,Open spaces management - region 1,CITYWIDE SERVICE SOLUTIONS PTY LTD,225304.48,05 December 2029,3676
INV303019,Vehicle tow away and impound services,Nationwide Towing Services,"$95,091.64",03-Jun-2028,3585
INV303020,Waste management services,Cleanaway Waste M,33649.93 AUD,26 April 2025,3556
INV303021,Building maintenance services,Programmed Facilitq Management Pty Ltd,0.2m,12/12/2026,3630
INV303022,Tree management maintenance services,Citywide  Service  Solutions  Pty  Ltd,237116.4 AUD,10/02/2029,3678
INV303023,Street cleaning,Spotless  Facility  Services  Pty  Ltd,"$20,782.39",10-Sep-2025,3669
INV303024,Graffiti management and pressure cleaning services,CalcorpServicesPtyLtd,162608.8 AUD,2025-08-06,3668
INV303025,Graffiti management and pressure cleaning services,Calcorp  Services  Pty  Ltd,0.1m,28/01/26,3668
INV303026,Management of Active Melbourne recreation facilities,Victorian YMCA Communi,"$53,170.45",14-Feb-2026,3615
INV303027,Melbourne Town Hall venue management,Showtime Event Group P/L,160082.12,29/06/06,3670
INV303028,Management of Active Melbourne recreation facilities,Victorian YMCA Community Programming Pty Ltd,165410.45,13 May 2027,3615
INV303029,Building cleaning services,Menzies International (Aust) Pty Ltd,208781.96,29/01/20,3634
INV303030,Street cleaning,Spotless Facility Services Pty Ltd (AUS),"$71,549.46",25/02/25, 
INV303031,Open spaces management - region 2,SERCO,5078.59 AUD,25/09/28,3677
INV303032,Open spaces management - region 2,SERCO,,02/08/2026,3677
INV303033,Tree management maintenance services,Citywide Service Solutions Pty Ltd,"$139,677.16",2029-08-04,3678
INV303034,Open spaces management - region 2,SERCf,209948.76 AUD,09 September 2026,3677
INV303035,Parking technology services,ReinoInternationalPtyLtdT/ADuncanSolutions,7029.28 AUD,14/01/2029,3623
INV303036,Management of Active Melbourne recreation facilities,VictorianYMCACommunityProgrammingPtyLtd,"$217,534.94",25/07/2025,3615
INV303037,Melbourne Town Hall venue management,Showtime Event,63003.24 AUD,29/07/04,3670
INV303038,Open spaces management - region 2,SERCO,20600.61 AUD,10/08/2027,3677
INV303039,Open spaces management - region 2,SERCO (AU),201215.35 AUD,04-Oct-2026,3677
INV303040,Integrated security services,National Protective Services Pty. Ltd.,0.2m,2028-11-03,3686
INV303041,Integrated security services,national protective services pty ltd,206420.7,21-May-2027,3686
INV303042,Integrated security services,National Protective Services Pty Ltd (AUS),64189.81 AUD,25/08/14,3686
INV303043,Open spaces management - region 2,kERCO,87246.76 AUD,11-Jun-2029,3677
INV303044,Street cleaning,Spotless Facility Services Pty. Ltd.,67002.58,30-Jan-2026,3669
INV303045,Management of Active Melbourne recreation facilities,Victorian YMCA Community Progpamming Pty Ltd,191040.92,2028-01-12,3615
INV303046,Integrated security services,National Protective Services P/L,246081.2 AUD,01/09/2028, 
INV303047,Street cleaning,SPOTLESS FACILITY SERVICES PTY LTD,49484.71,03/08/2028,3669
INV303048,Tree management maintenance services,Citywide Service Solutions Pty Ltd,249328.4,29/07/31,3678
INV303049,Melbourne Town Hall venue management,SHOWTIME EVENT GROUP PTY LTD,"$246,277.28",12 May 2025,3670
INV303050,Parking technology services,Reino International Pty Ltd T/A Duncan Solutions (AUS),"$217,193.32",10 March 2025,3623
INV303051,Waste management services,Cleanaway Waste Management Limited,0.1m,2027-03-18,3556
INV303052,Tree management maintenance services,CitywideServiceSolutionsPtyLtd,"$93,598.07",28/03/05,3678
INV303053,Building maintenance services,Programmed Facility Management P/L,166867.17,27/10/02,3630
INV303054,Tree management maintenance services,citywide service solutions pty ltd,57381.54,06-Dec-2027,3678
INV303055,Street cleaning,Spotlcss Facility Services Pty Ltd,"$239,202.56",23-Sep-2027,3669
INV303056,Building maintenance services,PROGRAMMED FACILITY MANAGEMENT PTY LTD,61879.72 AUD,2025-03-20,3630
INV303057,Building maintenance services,Programmed Facility,44007.55,18/12/2025,3630
INV303058,Management of Active Melbourne recreation facilities,Victorian YMCA Community Programming Pty Ltd (AU),0.2m,2028-02-03,3615
INV303059,Waste management services,Cleanaway Waste Management LTD,203541.75,,3556
INV303060,Graffiti management and pressure cleaning services,Calcorp Services Pty Ltd,0.2m,30/08/2028,3668
INV303061,Melbourne Town Hall venue management,Showtime Event,"$103,964.31",16/11/2027, 
INV303062,Parking technology services,Reino Int’l Pty Ltd T/A Duncan Solutions,213326.73 AUD,09-Jun-2029,3623
INV303063,Integrated security services,National Prstective Services Pty Ltd,0.2m,03/02/2028,3686
INV303064,Building maintenance services,Programmed  Facility  Management  Pty  Ltd,0.0m,20 January 2027,3630
INV303065,Building maintenance services,Programmed Facility Mgmt Pty Ltd,"$69,633.9",09/10/2026,3630
INV303066,Civil infrastructure services,Citywide  Service  Solutions  Pty  Ltd,99454.69,01/01/2027,3665
INV303067,Tree management maintenance services,Citywide,188538.16,25-Sep-2029,3678
INV303068,Civil infrastructure services,Citywide Service Solutions Pty Ltd,"$109,600.88",20-May-2027,3665
INV303069,Parking technology services,Reino International Pty Ltd T/A Duncan Solutions (AU),40859.76,01/11/2028,3623
INV303070,Graffiti management and pressure cleaning services,Calcorp Services P/L,132642.54,2027-06-15,3668
INV303071,Graffiti management and pressure cleaning services,Calcorp Serv,225142.95 AUD,28/03/17,3668
INV303072,Civil infrastructure services,Citywide Service Solutions Pty. Ltd.,0.0m,03-Aug-2026,3665
INV303073,Open spaces management - region 1,Citywide Service Solutions Pty Ltd,62107.34,11-Jul-2029,3676
INV303074,Tree management maintenance services,Citywide Service Solutions Pty Ltd (AU),0.2m,19 July 2025,3678
INV303075,Melbourne Town Hall venue management,Showtime Event Group Pty Ltd (AU),0.1m,19/05/2029,3670
INV303076,Building maintenance services,Programmed Facility Management P/L,0.1m,24 April 2029,3630
INV303077,Open spaces management - region 2,SERCO,90820.05,24/01/2026,3677
INV303078,Melbourne Town Hall venue management,ShowtimeEventGroupPtyLtd,216368.14,2025-04-20,3670
INV303079,Parking technology services,Reino International P/L T/A Duncan Solutions,"$225,867.06",26/07/02,3623
INV303080,Parking technology services,ReinoInternationalPtyLtdT/ADuncanSolutions,91479.99 AUD,10 September 2028,3623
INV303081,Open spaces management - region 2,Serco,"$18,131.84",07/08/2026,3677
INV303082,Open spaces management - region 2,SERCO,179756.42 AUD,23/06/2028,3677
INV303083,Parking technology services,Reino International P/L T/A Duncan Solutions,,15-Nov-2027,3623
INV303084,Open spaces management - region 1,CitywideServiceSolutionsPtyLtd,10793.27,25/12/2027,3676
INV303085,Civil infrastructure services,Citywide Service Solutions P/L,32213.26,2028-06-29,3665
INV303086,Integrated security services,National  Protective  Services  Pty  Ltd,123504.44,2027-10-14,3686
INV303087,Parking technology services,Reino International P/L T/A Duncan Solutions,224024.25 AUD,30/07/2029,3623
INV303088,Open spaces management - region 2,serco,0.0m,12/03/2028,3677
INV303089,Waste management services,Cleanaway Waste Management Limited,"$46,079.04",06-Oct-2027,3556
INV303090,Management of Active Melbourne recreation facilities,Victorian YMCA Community Programming Pty Ltd (AUS),0.2m,29/05/20,3615
INV303091,Civil infrastructure services,Citywide Service Solutions Pty Ltd (AU),0.1m,21 October 2028,3665
INV303092,Civil infrastructure services,Citywide Service qolutions Pty Ltd,0.2m,28/03/23,3665
INV303093,Open spaces management - region 2,SERCO,0.1m,16/07/2026, 
INV303094,Open spaces management - region 1,Citywide Service Solutiojs Pty Ltd,180076.09,13/09/2028,3676
INV303095,Graffiti management and pressure cleaning services,Calcorp Services Pty. Ltd.,"$36,489.58",2027-12-11,3668
INV303096,Tree management maintenance services,Citywide Service Solutions Pty. Ltd.,0.0m,16 July 2029,3678
INV303097,Civil infrastructure services,Citywide Service Solutions P/L,0.1m,12/12/2026,3665
INV303098,Open spaces management - region 1,Citywide Service Solutions Pty Ltd,0.1m,16/07/2027, 
INV303099,Vehicle tow away and impound services,nationwide towing services,193022.93 AUD,01-Nov-2029,3585
INV303100,Management of Active Melbourne recreation facilities,Victorian YMCA Community Programming Pty Ltd,195004.62,08 October 2027,3615
INV303101,Building cleaning services,Menzies International (Aust) P/L,"$60,627.15",06 December 2029,3634
INV303102,Waste management services,Cleanaway  Waste  Management  Limited,41472.12 AUD,23/05/2028,3556
INV303103,Building maintenance services,Programmed Facility Management Pty Ltd,93513.3,02/12/2028,3630
INV303104,Street cleaning,Spotless Facility Servicev Pty Ltd,234970.67,20/05/2025,3669
INV303105,Vehicle tow away and impound services,Victorian YMCA Community Programming P/L,25942.31,17/11/2026,3615
INV303106,Integrated security services,Nationol Protective Services Pty Ltd,47040.08,30/03/2029,3686
INV303107,Integrated security services,National Protective Services Pty Ltd,"$200,610.54",04/12/2025,3686
INV303108,Management of Active Melbourne recreation facilities,Victorian uMCA Community Programming Pty Ltd,0.1m,2028-01-02,3615
INV303109,Building maintenance services,Programmed Facility Management Pty Ltd,152751.29,29/04/25,3630
INV303110,Open spaces management - region 2,SERCO,0.1m,19/01/2029,3677
INV303111,Tree management maintenance services,Citywide Service Solutions Pty Ltd,28777.69,2029-11-24,3678
INV303112,Management of Active Melbourne recreation facilities,Victorian YMCA Community Programming Pty. Ltd.,134054.59,2027-03-11,3615
INV303113,Management of Active Melbourne recreation facilities,Victorian YMCA Community Programming Pty Ltd (AU),224813.81,11/10/2029,3615
INV303114,Management of Active Melbourne recreation facilities,Victorian Ymca Community Programming Pty Ltd,166988.61,25/12/18,3615
INV303115,Graffiti management and pressure cleaning services,Calcorp,129409.37 AUD,10/04/2027, 
INV303116,Open spaces management - region 1,Citywide  Service  Solutions  Pty  Ltd,0.2m,28/10/02,3676
INV303117,Building cleaning services,menzies international (aust) pty ltd,99455.1 AUD,01-Feb-2026,3634
INV303118,Graffiti management and pressure cleaning services,Calcorp Services Pty Ltd,50145.38,23-Jan-2026,3668
INV303119,Building cleaning services,Menzies International (Aust) Pty Ltd,202178.86 AUD,09-Sep-2028,3634
INV303120,Building maintenance services,Programmed Facility Management Pty Ltd (AUS),"$200,110.33",04 March 2026,3630
INV303121,Tree management maintenance services,Citywide  Service  Solutions  Pty  Ltd,"$2,886.28",09 February 2027,3678
INV303122,Management of Active Melbourne recreation facilities,VictorianYMCACommunityProgrammingPtyLtd,0.2m,18 November 2026,3615
INV303123,Open spaces management - region 1,Citywide,0.1m,13/10/2028,3676
INV303124,Open spaces management - region 2,Serco,62745.33 AUD,29/10/11,3677
INV303125,Graffiti management and pressure cleaning services,CALCORP SERVICES PTY LTD,146215.9,26/06/16,3668
INV303126,Building maintenance services,Programmed Facility Managexent Pty Ltd,234426.98,27/04/2029, 
INV303127,Open spaces management - region 1,CITYWIDE SERVICE SOLUTIONS PTY LTD,0.0m,21-May-2029,3676
INV303128,Parking technology services,Reino International Pty Ltd T/A Duncan Solutions,247433.18 AUD,12-Oct-2028,3623
INV303129,Vehicle tow away and impound services,Nationwide Towinr Services,9068.66,2026-06-27,3585
INV303130,Open spaces management - region 2,serco,18128.4,18 April 2028,3677
INV303131,Parking technology services,Reino International Pty Ltd T/A Duncan Solutions,"$106,356.37",27/07/2029,3623
INV303132,Melbourne Town Hall venue management,Showtime Event Group Pty Ltd,"$210,693.04",25/07/09,3670
INV303133,Building cleaning services,Menzies Internatio,0.0m,2026-07-16,3634
INV303134,Graffiti management and pressure cleaning services,Calcorp Services Pty Ltd (AU),0.1m,15/02/2029,3668
INV303135,Parking technology services,ReinoInternationalPtyLtdT/ADuncanSolutions,36031.88,25/12/28,3623
INV303136,Graffiti management and pressure cleaning services,Reino  International  Pty  Ltd  T/A  Duncan  Solutions,0.0m,11 November 2027,3623
INV303137,Tree management maintenance services,Citywide Service Solutions Pty Ltd,98972.29,26/04/19, 
INV303138,Civil infrastructure services,Citywide Service Solutions Pty Ltd,0.2m,02/08/2026,3665
INV303139,Integrated security services,national protective services pty ltd,23541.0,29/11/13,3686
INV303140,Tree management maintenance services,CITYWIDE SERVICE SOLUTIONS PTY LTD,"$44,012.64",09-Aug-2026,3678
INV303141,Building maintenance services,Programmed Facility Management Pty. Ltd.,"$169,303.55",28/06/08, 
INV303142,Building maintenance services,SERCO (AU),0.1m,09/12/2029,3677
INV303143,Graffiti management and pressure cleaning services,Calcorp Services Pty Ltd (AU),243058.39 AUD,21/11/2026,3668
INV303144,Management of Active Melbourne recreation facilities,VictorianYMCACommunityProgrammingPtyLtd,84218.9,02/11/2026,3615
INV303145,Open spaces management - region 1,CITYWIDE SERVICE SOLUTIONS PTY LTD,"$159,131.16",26/12/25,3676
INV303146,Tree management maintenance services,Citywide Service Solutions Pty Ltd,163819.01 AUD,02/07/2026,3678
INV303147,Parking technology services,ReinohInternational Pty Ltd T/A Duncan Solutions,"$169,285.37",2027-02-19,3623
INV303148,Open spaces management - region 2,SERCO (AU),109538.42 AUD,2029-11-08,3677
INV303149,Vehicle tow away and impound services,Nationwide Towing Services (AUS),242266.93 AUD,27/05/18,3585
INV303150,Open spaces management - region 2,SERCO,11434.8 AUD,05 October 2025,3677
INV303151,Tree management maintenance services,Citywide Service Solutions P/L,"$88,978.78",10 September 2027,3678
INV303152,Street cleaning,Spotless  Facility  Services  Pty  Ltd,213312.61 AUD,14/06/2029,3669
INV303153,Open spaces management - region 1,Citywide Service ,"$221,569.11",19 June 2029,3676
INV303154,Vehicle tow away and impound services,Menzies International (Aust) Pty Ltd (AUS),186296.74 AUD,03-Sep-2028,3634
INV303155,Civil infrastructure services,Citywide Service Solutions Pty Ltd,51446.46 AUD,18 September 2029,3665
INV303156,Graffiti management and pressure cleaning services,Calcorp Services P/L,121375.36 AUD,06/07/2027,3668
INV303157,Melbourne Town Hall venue management,Showtime Event Group P/L,0.1m,22-Sep-2027,3670
INV303158,Open spaces management - region 2,SERCO,"$56,109.07",28/10/10,3677
INV303159,Graffiti management and pressure cleaning services,Calcorp  Services  Pty  Ltd,30300.48,28/06/2029,3668
INV303160,Open spaces management - region 2,SERCO,160326.07 AUD,27/12/02,3677
INV303161,Tree management maintenance services,citywide service solutions pty ltd,49326.89 AUD,05/08/2025,3678
INV303162,Melbourne Town Hall venue management,Showtime Event,85470.87,13/04/2028,3670
INV303163,Melbourne Town Hall venue management,Showtime Event,185123.98,17-Aug-2026,3670
INV303164,Melbourne Town Hall venue management,Showtime Event,"$117,394.15",2025-12-03,3670
INV303165,Open spaces management - region 1,Citywide Service Solutions Pty Ltd (AUS),,27-Mar-2025,3676
INV303166,Open spaces management - region 2,SERCO,153587.3,2028-09-15,3677
INV303167,Vehicle tow away and impound services,Nationwide Towing Services (AU),80881.45,13/12/2029,3585
INV303168,Graffiti management and pressure cleaning services,Calcorp Services Pty Ltd,203306.19,23/06/2028,3668
INV303169,Building cleaning services,Menzies International (Aust) Pty Ltd (AUS),14428.14,29/08/30,3634
INV303170,Open spaces management - region 2,SERCO,"$173,797.62",25/04/09,3677
INV303171,Melbourne Town Hall venue management,showtime event group pty ltd,"$173,487.75",22/10/2026,3670
INV303172,Building cleaning services,menzies international (aust) pty ltd,0.2m,27 February 2027,3634
INV303173,Parking technology services,reino international pty ltd t/a duncan solutions,202182.3 AUD,13-Nov-2029,3623
INV303174,Integrated security services,National Protective Services Pty. Ltd.,"$31,413.45",2028-03-31,3686
INV303175,Melbourne Town Hall venue management,Showtime Event Group Pty Ltd (AU),0.1m,06-Oct-2028,3670
INV303176,Open spaces management - region 2,SERCO,0.1m,25/02/2027,3677
INV303177,Open spaces management - region 1,Citywide  Service  Solutions  Pty  Ltd,0.1m,28/05/2029,3676
INV303178,Civil infrastructure services,citywide service solutions pty ltd,0.2m,20/04/2026,3665
INV303179,Civil infrastructure services,Citywide Service Solutions Pty Ltd,"$110,545.52",28/06/24, 
INV303180,Open spaces management - region 2,SERCt,175029.28,04-Aug-2026,3677
INV303181,Vehicle tow away and impound services,Nationwide Towing Services (AUS),135535.8 AUD,2027-12-07,3585
INV303182,Parking technology services,Reino International Pty Ltd T/A DuncanfSolutions,112518.16,04/10/2028,3623
INV303183,Tree management maintenance services,Citywide Service Solutions Pty Ltd (AUS),231809.82,30 November 2025,3678
INV303184,Integrated security services,National Protective Services Pty Ltd,222762.87,2029-04-04,3686
INV303185,Graffiti management and pressure cleaning services,Calcorp Services Pty Ltd,228396.67 AUD,31-Jan-2026,3668
INV303186,Open spaces management - region 1,Citywide Service Solutions Pty Ltd,0.2m,2028-02-14,3676
INV303187,Open spaces management - region 1,Citywide Service Solutions Ptt Ltd,218705.5 AUD,26/07/2029,3676
INV303188,Building maintenance services,Programmed,0.0m,28/05/07,3630
INV303189,Street cleaning,Spotless Facility Servijes Pty Ltd,"$116,401.38",2028-12-18,3669
INV303190,Street cleaning,Spotless Facility Services Pty Lxd,237769.8,18/11/2029,3669
INV303191,Tree management maintenance services,Citywide Service ,154354.03,27/02/19,3678
INV303192,Melbourne Town Hall venue management,SHOWTIME EVENT GROUP PTY LTD,0.1m,05/06/2029,3670
INV303193,Parking technology services,reino international pty ltd t/a duncan solutions,236720.7,2025-01-12, 
INV303194,Integrated security services,National Protective Services Pty Ltd,243969.45 AUD,12/09/2026,3686
INV303195,Building maintenance services,Programmed Facility Management Pty Ltd,172686.86 AUD,10-Feb-2025,3630
INV303196,Melbourne Town Hall venue management,SHOWTIME EVENT GROUP PTY LTD,57965.35 AUD,30/04/2028,3670
INV303197,Management of Active Melbourne recreation facilities,Victorian YMCA Community Programming P/L,216027.23,29/07/06,3615
INV303198,Parking technology services,ReinoInternationalPtyLtdT/ADuncanSolutions,193115.14,01-May-2026,3623
INV303199,Building maintenance services,ProgrammedFacilityManagementPtyLtd,0.0m,13/03/2025,3630
INV303200,Open spaces management - region 1,Citywide,110206.9,06/02/2027,3676
INV303201,Open spaces management - region 1,Citywide  Service  Solutions  Pty  Ltd,0.2m,24/02/2027,3676
INV303202,Parking technology services,Reino International Pty Ltd T/A Duncan Solutions,219409.43,26/07/29,3623
INV303203,Waste management services,Cleanaway Waste Management Limited (AUS),236298.98,22/07/2029,3556
INV303204,Integrated security services,National Protective Services Pty Ltd,0.2m,08/02/2029,3686
INV303205,Management of Active Melbourne recreation facilities,Victorian  YMCA  Community  Programming  Pty  Ltd,81858.08 AUD,29/02/25,3615
INV303206,Civil infrastructure services,Citywide Service Solutions Pty Ltd,74553.99,2025-05-13,3665
INV303207,Vehicle tow away and impound services,Nationwide Towing Services (AUS),108411.61 AUD,20-Dec-2025,3585
INV303208,Open spaces management - region 1,Citywide Service Solutions Pty. Ltd.,"$149,905.77",15 October 2027,3676
INV303209,Waste management services,CLEANAWAY WASTE MANAGEMENT LIMITED,0.1m,2026-10-20,3556
INV303210,Vehicle tow away and impound services,Nationwide,"$162,954.92",2029-11-19,3585
INV303211,Open spaces management - region 1,Citywide Service Solutions Pty Ltd (AUS),0.1m,25-May-2029, 
INV303212,Vehicle tow away and impound services,Nationwide,0.2m,01/10/2028,3585
INV303213,Vehicle tow away and impound services,Nationwide Towing Services,0.1m,14-Jun-2025,3585
INV303214,Open spaces management - region 1,citywide service solutions pty ltd,117215.08,29 October 2028,3676
INV303215,Parking technology services,Reino International Pty Ltd T/A Duncan Solutions,26320.45,2027-08-31,3623
INV303216,Civil infrastructure services,Citywide,"$204,805.63",20 October 2029,3665
INV303217,Melbourne Town Hall venue management,SHOWTIME EVENT GROUP PTY LTD,183927.66 AUD,21 January 2029,3670
INV303218,Management of Active Melbourne recreation facilities,VICTORIAN YMCA COMMUNITY PROGRAMMING PTY LTD,227133.49 AUD,25/05/23,3615
INV303219,Management of Active Melbourne recreation facilities,Victorian YMCA Community Programming Pty Ltd (AU),"$111,150.78",27/01/2026,3615
INV303220,Building cleaning services,menzies international (aust) pty ltd,184779.73,21 January 2028,3634
INV303221,Vehicle tow away and impound services,Nationwide  Towing  Services,0.0m,14-Apr-2027, 
INV303222,Building cleaning services,Menzies International (Aust) Pty Ltd (AUS),221202.21,09/07/2026,3634
INV303223,Management of Active Melbourne recreation facilities,Victorian Ymca Community Programming Pty Ltd,1804.72,29/08/2028,3615
INV303224,Parking technology services,reino international pty ltd t/a duncan solutions,97970.42 AUD,2028-03-10,3623
INV303225,Open spaces management - region 1,Citywide Service Solutions Pty Ltd,15849.22 AUD,04 April 2027,3676
INV303226,Parking technology services,Reino,"$131,133.28",15-Oct-2026,3623
INV303227,Integrated security services,National Protective Services Pty Ltd (AUS),206471.04,27/10/2029,3686
INV303228,Street cleaning,Spotless Facility Services Pty. Ltd.,"$191,552.08",2029-07-31,3669
INV303229,Integrated security services,National  Protective  Services  Pty  Ltd,48364.29 AUD,16/12/2028,3686
INV303230,Vehicle tow away and impound services,Nationwide Towing Services (AUS),196675.75,19 January 2029,3585
INV303231,Waste management services,Cleanaway Waste Management Limited (AU),"$105,314.64",04/07/2029,3556
INV303232,Integrated security services,National  Protective  Services  Pty  Ltd,0.1m,18/10/2025,3686
INV303233,Parking technology services,Reino Intl Pty Ltd T/A Duncan Solutions,160692.69 AUD,05-Aug-2028,3623
INV303234,Open spaces management - region 2,SERCO (AU),"$156,306.01",04-Jul-2025,3677
INV303235,Street cleaning,Spotless,18732.85,19-Jun-2027,3669
INV303236,Melbourne Town Hall venue management,Showtime Event,191437.95,23/08/2026,3670
INV303237,Vehicle tow away and impound services,Nationwide  Towing  Services,"$68,221.74",28 December 2029,3585
INV303238,Open spaces management - region 2,SERCO,0.1m,2027-10-10,3677
INV303239,Civil infrastructure services,Citywide Service ,0.2m,05/03/2026,3665
INV303240,Building cleaning services,nenzies International (Aust) Pty Ltd,"$208,511.24",27/08/30,3634
INV303241,Management of Active Melbourne recreation facilities,Victorian YMCA Community Programming P/L,0.2m,18/06/2029,3615
INV303242,Integrated security services,National  Protective  Services  Pty  Ltd,15145.71,2026-06-26,3686
INV303243,Tree management maintenance services,Citywide Service Solutions Pty Ltd,0.2m,2026-04-13,3678
INV303244,Vehicle tow away and impound services,Nationwide Towing Services,58255.42 AUD,28/12/20,3585
INV303245,Open spaces management - region 1,Citywide Service Solutions Pty Ltd (AU),213790.29,24 December 2029,3676
INV303246,Open spaces management - region 2,SERCO (AUS),"$126,730.53",30/10/2026,3677
INV303247,Tree management maintenance services,Citywide Service Solutions Pty Ltd (AUS),244941.88,01 July 2028,3678
INV303248,Building maintenance services,Programmed Facility Management Pty Ltd,"$221,078.28",12 September 2025,3630
INV303249,Street cleaning,Spotless Facility Services Pty Ltd,220588.51 AUD,16/07/2029, 
INV303250,Tree management maintenance services,CITYWIDE SERVICE SOLUTIONS PTY LTD,13821.07,28/04/2026, 
INV303251,Open spaces management - region 2,SERCO,37716.42,05-Sep-2027, 
INV303252,Building maintenance services,Programmed Facility Management Pty Ltd,"$187,460.11",26-Dec-2025,3630
INV303253,Integrated security services,National Protective Services Pty Ltd,8740.62 AUD,16 March 2028,3686
INV303254,Tree management maintenance services,Citywide Service Solutions Pty Ltd,31176.82,19/02/2027,3678
INV303255,Graffiti management and pressure cleaning services,Calcorp,101039.2,18-Aug-2025,3668
INV303256,Graffiti management and pressure cleaning services,CalcorpServicesPtyLtd,15927.69 AUD,29/01/28,3668
INV303257,Tree management maintenance services,Citywide,0.0m,2029-03-17,3678
INV303258,Building cleaning services,Mgnzies International (Aust) Pty Ltd,158471.9,2025-04-29,3634
INV303259,Open spaces management - region 1,Citywide Service Solutians Pty Ltd,0.1m,21/07/2029,3676
INV303260,Graffiti management and pressure cleaning services,Calcorp,153986.73,2025-01-30,3668
INV303261,Melbourne Town Hall venue management,Showtime Event,0.1m,13/09/2029,3670
INV303262,Graffiti management and pressure cleaning services,Citywide Service Solutions Pty Ltd,224601.11,29/01/10,3678
INV303263,Melbourne Town Hall venue management,Showtime Event Group Pty Ltd,81392.71,20/11/2025, 
INV303264,Open spaces management - region 1,Citywide Service Solutions Pty Ltd,"$154,223.85",10/02/2028,3676
INV303265,Graffiti management and pressure cleaning services,Calcorp Services Pty Ltd (AU),106502.58,11/08/2029,3668
INV303266,Civil infrastructure services,Citywide Service Solutions Pty Ltd,155079.77,27/05/12,3665
INV303267,Melbourne Town Hall venue management,Spotless Facility Services P/L,0.1m,27 August 2029,3669
INV303268,Waste management services,CLEANAWAY WASTE MANAGEMENT LIMITED,"$134,394.87",28/02/03,3556
INV303269,Street cleaning,Spotless Facilitp Services Pty Ltd,0.2m,11/05/2026,3669
INV303270,Civil infrastructure services,Citywide,197533.28,31/05/2026,3665
INV303271,Management of Active Melbourne recreation facilities,Victorian Ymca Community Programming Pty Ltd,"$18,171.33",22 March 2026,3615
INV303272,Management of Active Melbourne recreation facilities,Citywide Service Solutions Pty. Ltd.,25035.05,07-Oct-2026,3676
INV303273,Parking technology services,reino international pty ltd t/a duncan solutions,"$93,277.7",11-Jan-2029,3623
INV303274,Waste management services,CleanawayWasteManagementLimited,0.1m,30/07/2028,3556
INV303275,Street cleaning,Spotless Facilimy Services Pty Ltd,238440.87,2028-04-15,3669
INV303276,Melbourne Town Hall venue management,Showtime Event Group Pty Ltd,0.0m,09/10/2027,3670
INV303277,Building cleaning services,Menzies International (Aust) Pty Ltd (AUS),0.1m,29/07/2025,3634
INV303278,Melbourne Town Hall venue management,SHOWTIME EVENT GROUP PTY LTD,"$29,847.35",21/11/2028,3670
INV303279,Melbourne Town Hall venue management,Showtime Event Group P/L,"$221,045.27",24/11/2029,3670
INV303280,Civil infrastructure services,CITYWIDE SERVICE SOLUTIONS PTY LTD,$331.74,2028-09-23,3665
INV303281,Building maintenance services,Programmed,"$190,319.47",2025-10-24,3630
INV303282,Street cleaning,Spotless Facility Services P/L,206277.84 AUD,10/08/2027,3669
INV303283,Building cleaning services,Menzies International (Aust) Pty Ltd,142856.73,08 December 2029,3634
INV303284,Vehicle tow away and impound services,Nationwide Towing Services,243785.81 AUD,12 April 2025,3585
INV303285,Open spaces management - region 2,SERdO,79761.5 AUD,30 December 2025,3677
INV303286,Graffiti management and pressure cleaning services,Calcorp,176984.68,13/11/2027,3668
INV303287,Open spaces management - region 2,SERCO (AU),0.1m,10/07/2025,3677
INV303288,Civil infrastructure services,Citywide,224785.95,11 July 2029,3665
INV303289,Graffiti management and pressure cleaning services,Calcorp Services Pty Ltd,247952.83,2028-11-03,3668
INV303290,Civil infrastructure services,Citywide Service ,195220.74,26/10/11,3665
INV303291,Open spaces management - region 2,SERjO,30304.08,26-Aug-2028,3677
INV303292,Tree management maintenance services,Citywide Service Solutions Pty Ltd,199184.57 AUD,26/09/08,3678
INV303293,Building cleaning services,menzies international (aust) pty ltd,152864.09 AUD,2028-12-09,3634
INV303294,Building maintenance services,programmed facility management pty ltd,182433.4,2025-03-17,3630
INV303295,Civil infrastructure services,Citywide Service Solutions Pty Ltd (AU),0.0m,29-Oct-2026,3665
INV303296,Management of Active Melbourne recreation facilities,victorian ymca community programming pty ltd,69005.13,28/01/05,3615
INV303297,Building maintenance services,Victorian YMCA Community Programming hty Ltd,"$33,319.13",12-Jul-2026,3615
INV303298,Civil infrastructure services,Citywide Service Solutions Pty Ltd,67359.23 AUD,07/12/2027, 
INV303299,Integrated security services,National Protective Services Pty. Ltd.,164658.77 AUD,14 November 2025, 
INV303300,Vehicle tow away and impound services,nationwide towing services,0.0m,19-Sep-2028,3585
INV303301,Civil infrastructure services,Citywide Service Solutions Pty Ltd,0.1m,2028-10-25,3665
INV303302,Open spaces management - region 2,SERCO (AU),0.1m,2025-06-10,3677
INV303303,Management of Active Melbourne recreation facilities,Victorian YMCA Community Programming P/L,0.2m,06 April 2027,3615
INV303304,Open spaces management - region 2,SERCO,"$227,686.11",29/12/22,3677
INV303305,Melbourne Town Hall venue management,National,169363.63 AUD,25/05/06,3686
INV303306,Open spaces management - region 2,SERCO,"$156,383.64",26/09/14,3677
INV303307,Management of Active Melbourne recreation facilities,Victorian YMCA Community Programming Pty Ltd (AUS),203072.4,16-Oct-2029,3615
INV303308,Vehicle tow away and impound services,tationwide Towing Services,13098.34,02-Mar-2029,3585
INV303309,Tree management maintenance services,Citywide,188650.07,30 March 2028,3678
INV303310,Open spaces management - region 2,SERCO,20428.0,04/12/2027,3677
INV303311,Tree management maintenance services,Citywide,134636.89,04-Jul-2026,3678
INV303312,Parking technology services,Cleanaway Waste Management Limited,"$68,513.31",2025-12-31,3556
INV303313,Street cleaning,Spotless Facility Services Pty Ltd,120275.29 AUD,08/04/2029,3669
INV303314,Graffiti management and pressure cleaning services,calcorp services pty ltd,66045.35,2025-07-31,3668
INV303315,Integrated security services,NationalProtectiveServicesPtyLtd,38950.83,27/11/2029,3686
INV303316,Open spaces management - region 1,Citywide Service Solutions Pty Ltd,"$31,439.1",25/05/06, 
INV303317,Management of Active Melbourne recreation facilities,National Protective Services Pty. Ltd.,26139.9,29/04/07,3686
INV303318,Open spaces management - region 2,SERCO,0.1m,03 January 2028,3677
INV303319,Building cleaning services,Menzies International (Aust) P/L,209081.3,16 August 2028,3634
INV303320,Graffiti management and pressure cleaning services,Calcorp Services Pty Ltd,167153.92 AUD,03/01/2028,3668
INV303321,Building maintenance services,Programmed Facility Management Pty Ltd,84917.52,25/09/12,3630
INV303322,Street cleaning,Spotless,109077.47,26/06/06,3669
INV303323,Melbourne Town Hall venue management,ShowtimeEventGroupPtyLtd,145249.08 AUD,28/09/29,3670
INV303324,Open spaces management - region 2,SERCO (AUS),135975.46,30/07/2027,3677
INV303325,Open spaces management - region 1,Citywide Service Solutions Pty Ltd,150421.23,02/09/2028,3676
INV303326,Melbourne Town Hall venue management,Showtime Event Group P/L,"$47,744.43",29/09/21,3670
INV303327,Graffiti management and pressure cleaning services,Calcorp Services Pty Ltd,183341.48 AUD,2025-09-20,3668
INV303328,Open spaces management - region 1,citywide service solutions pty ltd,"$7,667.93",2027-04-19,3676
INV303329,Open spaces management - region 2,SERCO,56584.48,27/02/2025,3677
INV303330,Vehicle tow away and impound services,Nationwide Towing Services (AU),137539.27,15/05/2025, 
INV303331,Tree management maintenance services,Citywide Service Solutions Pty Ltd,227181.62,26/04/2025,3678
INV303332,Management of Active Melbourne recreation facilities,spotless facility services pty ltd,83286.37,24/09/2026,3669
INV303333,Graffiti management and pressure cleaning services,Calcorp Services P/L,179725.26,01/06/2029,3668
INV303334,Parking technology services,Reino International Pty Ltd T/A Duncan Solutions (AUS),100640.26,2029-06-01,3623
INV303335,Melbourne Town Hall venue management,Showtime  Event  Group  Pty  Ltd,24486.12 AUD,26-May-2027,3670
INV303336,Management of Active Melbourne recreation facilities,Victorian  YMCA  Community  Programming  Pty  Ltd,32956.75,26 September 2027,3615
INV303337,Street cleaning,Spotless Facility Services Pty Ltd,0.0m,2029-09-08,3669
INV303338,Waste management services,Cleanaway Waste Management Limited,0.1m,27-Jun-2028,3556
INV303339,Street cleaning,cleanaway waste management limited,44461.07,26 January 2029,3556
INV303340,Waste management services,Cleanaway Waste Management Limited (AU),0.1m,2025-07-01,3556
INV303341,Open spaces management - region 2,SERCy,227644.2,27/10/23,3677
INV303342,Tree management maintenance services,Citywide Service Solutions Pty Ltd (AUS),0.1m,07/01/2027,3678
INV303343,Management of Active Melbourne recreation facilities,Victorian YMCA Community qrogramming Pty Ltd,0.2m,26/02/2025,3615
INV303344,Street cleaning,Spotless,"$45,056.97",2029-09-21,3669
INV303345,Graffiti management and pressure cleaning services,Calcorp Services Pty. Ltd.,0.1m,15/06/2027,3668
INV303346,Management of Active Melbourne recreation facilities,Victorian YMCA Community Programming Pty Ltd,54432.02 AUD,11/11/2027,3615
INV303347,Building maintenance services,Programmed Facility Management Pty Ltd,0.0m,23 February 2029,3630
INV303348,Parking technology services,Reino International Pty Ltd T/A Duncan Solutions,"$73,078.15",14-Mar-2027,3623
INV303349,Street cleaning,Spotless Facility Services Pty Ltd (AUS),87377.38,10/01/2029, 
INV303350,Building cleaning services,Menzies International (Aust) Pty Ltd (AU),151277.27,02 May 2029,3634
INV303351,Integrated security services,National Proteccive Services Pty Ltd,0.1m,27/05/22,3686
INV303352,Management of Active Melbourne recreation facilities,Victorian  YMCA  Community  Programming  Pty  Ltd,"$211,608.35",2026-04-21,3615
INV303353,Management of Active Melbourne recreation facilities,VICTORIAN YMCA COMMUNITY PROGRAMMING PTY LTD,177789.36 AUD,26 February 2025,3615
INV303354,Graffiti management and pressure cleaning services,calcorp services pty ltd,0.2m,13-Jul-2029,3668
INV303355,Open spaces management - region 1,Reino International Pty Ltd T/A Duncan Solutions (AUS),0.2m,11 September 2025,3623
INV303356,Parking technology services,Reino Intl Pty Ltd T/A Duncan Solutions,0.1m,2028-07-04,3623
INV303357,Street cleaning,Spotless,452.23 AUD,22/02/2025,3669
INV303358,Street cleaning,Spotless Facility Services Pty Ltd,135715.8,01 January 2025,3669
INV303359,Open spaces management - region 2,SERCO,56040.74,19/10/2026,3677
INV303360,Open spaces management - region 1,Citywide,0.0m,15/11/2026,3676
INV303361,Vehicle tow away and impound services,nationwide towing services,119658.31 AUD,29/03/17,3585
INV303362,Open spaces management - region 2,SERCO,66125.02,09/05/2025,3677
INV303363,Management of Active Melbourne recreation facilities,Victorian YMCA Community Programming Pty Ltd,232084.57,27/04/2028, 
INV303364,Graffiti management and pressure cleaning services,Calcorp Services Pty Ltd,50357.48 AUD,2026-11-29,3668
INV303365,Building maintenance services,Programmed Faciaity Management Pty Ltd,103447.9,2027-07-24,3630
INV303366,Vehicle tow away and impound services,Nationwide To,0.1m,27/11/2029,3585
INV303367,Vehicle tow away and impound services,Nationwide Towing Services,235629.95,17/06/2025,3585
INV303368,Vehicle tow away and impound services,Nationwide Towing Services (AUS),0.2m,2029-05-19,3585
INV303369,Vehicle tow away and impound services,Nationwide Towing Services,"$6,108.38",22/09/2025,3585
INV303370,Civil infrastructure services,Citywise Service Solutions Pty Ltd,"$61,447.98",11 January 2029, 
INV303371,Building maintenance services,Programmed,0.1m,29/10/22,3630
INV303372,Parking technology services,reino international pty ltd t/a duncan solutions,0.1m,2026-04-12,3623
INV303373,Vehicle tow away and impound services,Nationwide Towing Services (AUS),0.2m,21/05/2027,3585
INV303374,Management of Active Melbourne recreation facilities,Victorian YMCA Community Programming Pty Ltd,45498.65 AUD,2028-02-20,3615
INV303375,Waste management services,Cleanaway Waste Management LTD,"$143,729.12",30/11/2025,3556
INV303376,Vehicle tow away and impound services,Nationwide Towing Services,79737.09,17/09/2025,3585
INV303377,Open spaces management - region 2,SERCO,89932.64 AUD,18-Dec-2025,3677
INV303378,Waste management services,Cleanaway Waste Management Limited,65941.9 AUD,08-Apr-2026,3556
INV303379,Graffiti management and pressure cleaning services,Calcorp  Services  Pty  Ltd,,25-Jun-2029,3668
INV303380,Street cleaning,Spotless Facility Services Pty Ltd (AUS),47884.84,2028-10-29, 
INV303381,Melbourne Town Hall venue management,SHOWTIME EVENT GROUP PTY LTD,"$76,288.1",2027-12-21,3670
INV303382,Integrated security services,National Protective Services Pty Ltd (AU),"$241,533.86",13-Feb-2028,3686
INV303383,Open spaces management - region 1,Citywide Service Solutions Pty Ltd,207493.14,29/10/2025,3676
INV303384,Street cleaning,Spotless Facility Services P/L,"$184,803.32",2025-06-10,3669
INV303385,Open spaces management - region 2,SERCO,44589.52 AUD,23/02/2025,3677
INV303386,Management of Active Melbourne recreation facilities,Victorian  YMCA  Community  Programming  Pty  Ltd,170565.13,26/08/2025,3615
INV303387,Street cleaning,SPOTLESS FACILITY SERVICES PTY LTD,178947.46,28/07/28,3669
INV303388,Open spaces management - region 1,CitywideServiceSolutionsPtyLtd,0.2m,14/06/2028,3676
INV303389,Waste management services,Cleanaway,0.0m,29/04/15,3556
INV303390,Open spaces management - region 1,Citywide Service Solutions Ppy Ltd,202238.39,30 July 2029,3676
INV303391,Civil infrastructure services,Citywide Service Solutions Pty Ltd (AUS),89295.32,13-Nov-2026,3665
INV303392,Civil infrastructure services,Citywide Service Solutions Pty. Ltd.,79936.26,03/08/2025,3665
INV303393,Open spaces management - region 2,Serco,156457.28,19-Sep-2026,3677
INV303394,Street cleaning,Spotless Facility Services Pty Ltd (AU),211587.45,26/08/09,3669
INV303395,Building cleaning services,Menzies  International  (Aust)  Pty  Ltd,0.1m,14 February 2027,3634
INV303396,Civil infrastructure services,Citywide  Service  Solutions  Pty  Ltd,166731.33 AUD,05/11/2025, 
INV303397,Street cleaning,Spotless Facility,202759.0 AUD,24-Jan-2027,3669
INV303398,Tree management maintenance services,CitywideServiceSolutionsPtyLtd,158348.85,2029-07-02,3678
INV303399,Waste management services,Cleanaway Waste Management Limitem,184895.48,03/11/2029,3556
INV303400,Tree management maintenance services,Citywide Service Solutions Pty Lqd,123411.06,09/10/2026,3678
INV303401,Vehicle tow away and impound services,nationwide towing services,"$169,498.1",25/04/05,3585
INV303402,Street cleaning,Spotless Facility Services P/L,0.1m,10 July 2029,3669
INV303403,Vehicle tow away and impound services,Nationwide  Towing  Services,151791.55,29 October 2026,3585
INV303404,Waste management services,Cleanaway Waste Management LTD,0.2m,10-May-2028,3556
INV303405,Parking technology services,Reino Intl Pty Ltd T/A Duncan Solutions,48278.75,27/06/15,3623
INV303406,Tree management maintenance services,Citywide  Service  Solutions  Pty  Ltd,0.1m,25 May 2027,3678
INV303407,Tree management maintenance services,citywide service solutions pty ltd,114992.36,2029-08-03,3678
INV303408,Graffiti management and pressure cleaning services,Calcorp Services Pty Ltd (AUS),38905.3,11/11/2025,3668
INV303409,Open spaces management - region 2,Programmed Facility Management Pty Ltd (AUS),0.0m,2029-07-17,3630
INV303410,Open spaces management - region 1,Citywide Service Solutions Pty Ltd (AU),83515.41 AUD,2025-08-21,3676
INV303411,Open spaces management - region 2,SERCO,0.2m,29/05/2029,3677
INV303412,Integrated security services,National  Protective  Services  Pty  Ltd,0.2m,29/01/28,3686
INV303413,Waste management services,Cleanaway,164602.56,08/01/2026,3556
INV303414,Building cleaning services,Menzies Intl (Aust) Pty Ltd,0.2m,26/12/14,3634
INV303415,Open spaces management - region 1,serco,0.2m,2026-03-20,3677
INV303416,Melbourne Town Hall venue management,Showtime Event Group Pty. Ltd.,126991.64,25/04/27,3670
INV303417,Parking technology services,Reino International Pty Ltd T/A Duncan Solutions,"$90,319.64",06-Sep-2029,3623
INV303418,Open spaces management - region 1,Citywide Service Solutions Pty Ltd,158257.93,26/09/2027,3676
INV303419,Vehicle tow away and impound services,nationwide towing services,9577.57,01 November 2027,3585
INV303420,Civil infrastructure services,Citywide Service Sowutions Pty Ltd,168816.3,14/03/2026,3665
INV303421,Street cleaning,Spotless  Facility  Services  Pty  Ltd,"$30,804.89",18-May-2029,3669
INV303422,Vehicle tow away and impound services,Nationwide Towing Services,162828.39,01 October 2029,3585
INV303423,Open spaces management - region 2,SERCO,"$34,285.8",15/08/2028,3677
INV303424,Street cleaning,Spotless Facility Services Pty. Ltd.,238116.76,07/08/2028,3669
INV303425,Integrated security services,National  Protective  Services  Pty  Ltd,0.1m,28/04/2028,3686
INV303426,Street cleaning,Spotless Facility Services Pty Ltd,0.2m,09 October 2027,3669
INV303427,Melbourne Town Hall venue management,Victorian YMCA Community Programming Pty Ltd (AUS),66147.67,11/10/2027,3615
INV303428,Building maintenance services,Programmed Facility Management Pty. Ltd.,189169.0,18 November 2027,3630
INV303429,Graffiti management and pressure cleaning services,Calcorp Services Pty Ltd,142922.79,2027-01-11,3668
INV303430,Building maintenance services,Programmed Facility Management Pty. Ltd.,"$201,986.05",18-Mar-2028,3630
INV303431,Building cleaning services,Menzies International (Aust) Pty. Ltd.,155047.75,07 December 2027,3634
INV303432,Open spaces management - region 1,citywide service solutions pty ltd,146361.63 AUD,25/04/08,3676
INV303433,Melbourne Town Hall venue management,Showtime Event Group P/L,242122.21,27/12/19,3670
INV303434,Building maintenance services,Programmed,"$216,429.16",01/12/2028,3630
INV303435,Melbourne Town Hall venue management,Showtime Event Group P/L,0.1m,2027-06-22,3670
INV303436,Integrated security services,National Protective Services Pty. Ltd.,0.1m,22 May 2028,3686
INV303437,Civil infrastructure services,Citywide Service ,196801.02,10/08/2028,3665
INV303438,Building cleaning services,menzies international (aust) pty ltd,153673.14 AUD,2029-10-27,3634
INV303439,Open spaces management - region 1,Citywide  Service  Solutions  Pty  Ltd,9558.97,22-Aug-2027,3676
INV303440,Civil infrastructure services,Citywide Service Solutions Pty. Ltd.,0.2m,23 June 2028,3665
INV303441,Graffiti management and pressure cleaning services,Calcorp Services Pty Ltd (AUS),"$85,675.96",2029-08-30,3668
INV303442,Street cleaning,Spotless Facility Services P/L,"$216,551.74",26/11/2026,3669
INV303443,Tree management maintenance services,Citywide Service Solutions Pty Ltd (AU),0.2m,25/04/16,3678
INV303444,Building cleaning services,Menzies International (Aust) Pty Ltd (AU),102198.62,27/04/2028,3634
INV303445,Tree management maintenance services,Citywide Service Solutions Pty. Ltd.,231187.92 AUD,18 September 2029,3678
INV303446,Building maintenance services,PROGRAMMED FACILITY MANAGEMENT PTY LTD,104099.74 AUD,21/05/2029,3630
INV303447,Open spaces management - region 2,SERCO,0.2m,10/01/2025,3677
INV303448,Integrated security services,NationalProtectiveServicesPtyLtd,157671.18,2028-03-24,3686
INV303449,Vehicle tow away and impound services,Nationwide Towing Services (AU),200815.04,01/11/2025,3585
INV303450,Building cleaning services,Calcorp Services Pty. Ltd.,10065.38,25/08/23,3668
INV303451,Street cleaning,SpotlessFacilityServicesPtyLtd,164218.86 AUD,12/10/2025,3669
INV303452,Building cleaning services,Menzies,0.2m,05/09/2029,3634
INV303453,Street cleaning,Spotless  Facility  Services  Pty  Ltd,156723.25,19-Jun-2028,3669
INV303454,Management of Active Melbourne recreation facilities,Victorian  YMCA  Community  Programming  Pty  Ltd,118028.48,29/11/2027,3615
INV303455,Management of Active Melbourne recreation facilities,VictorianYMCACommunityProgrammingPtyLtd,0.2m,05-Sep-2028,3615
INV303456,Graffiti management and pressure cleaning services,Calcorp,"$6,314.03",2025-03-07,3668
INV303457,Building cleaning services,Menzies,11839.8,28/07/16,3634
INV303458,Vehicle tow away and impound services,Nationwide Towing Services (AU),"$25,056.58",26-Feb-2027, 
INV303459,Graffiti management and pressure cleaning services,Calcorp Services Pty Ltd (AU),171062.23,07 July 2028,3668
INV303460,Vehicle tow away and impound services,Nationwide Towing Services,224870.04,25 October 2028,3585
INV303461,Waste management services,CLEANAWAY WASTE MANAGEMENT LIMITED,,25/03/2026,3556
INV303462,Street cleaning,SPOTLESS FACILITY SERVICES PTY LTD,174987.74 AUD,22-Mar-2028,3669
INV303463,Street cleaning,SpotlessFacilityServicesPtyLtd,0.2m,27-Sep-2025,3669
INV303464,Management of Active Melbourne recreation facilities,Victorian YMCA Communi,43559.41,11 June 2025, 
INV303465,Building maintenance services,Programmed Facility,"$173,304.38",10-Jan-2028,3630
INV303466,Parking technology services,reino international pty ltd t/a duncan solutions,"$191,917.68",26/02/11,3623
INV303467,Building maintenance services,Programmed Facility,0.2m,29/04/21, 
INV303468,Street cleaning,spotless facility services pty ltd,0.1m,30/09/2029,3669
INV303469,Building cleaning services,Menzies Internatio,159858.28 AUD,02/11/2028,3634
INV303470,Civil infrastructure services,Nationwide Towing Services,113678.15 AUD,06 May 2028,3585
INV303471,Parking technology services,Reino International Pty Ltd T/A Duncan Solutions,"$199,357.79",14/05/2026,3623
INV303472,Melbourne Town Hall venue management,Showtime Event Group P/L,198635.45,23/01/2029,3670
INV303473,Tree management maintenance services,CITYWIDE SERVICE SOLUTIONS PTY LTD,"$18,155.02",06/03/2029,3678
INV303474,Open spaces management - region 2,SERCO (AU),0.2m,13-Dec-2028,3677
INV303475,Parking technology services,Reino International Pty Ltd T/A Duncan Solutions,220787.37 AUD,14/07/2028,3623
INV303476,Civil infrastructure services,Crtywide Service Solutions Pty Ltd,116890.15 AUD,12-Aug-2029,3665
INV303477,Vehicle tow away and impound services,NationwideTowingServices,51028.05,2028-01-28,3585
INV303478,Street cleaning,Spotless Facility Services Pty. Ltd.,"$244,810.81",2026-01-27,3669
INV303479,Building maintenance services,Programmed Facility Management Pty Ltd,"$185,100.24",14 March 2025,3630
INV303480,Open spaces management - region 2,SERCO,0.1m,25/05/2029,3677
INV303481,Management of Active Melbourne recreation facilities,Citywide Service Solutions Pty Ltd,"$6,757.12",27/04/2025,3676
INV303482,Parking technology services,Reino International Pty ,205505.87,19/02/2028,3623
INV303483,Parking technology services,REINO INTERNATIONAL PTY LTD T/A DUNCAN SOLUTIONS,0.2m,25/05/11,3623
INV303484,Graffiti management and pressure cleaning services,Calcorp Services Pty Ltd (AU),0.0m,18/11/2028,3668
INV303485,Open spaces management - region 1,CitywideServiceSolutionsPtyLtd,"$7,697.44",11/03/2028,3676
INV303486,Waste management services,Cleanaway Waste Management Limited,0.2m,14 November 2029,3556
INV303487,Building cleaning services,Menzies International (Aust) Pty Ltd,237073.97,23-Mar-2027,3634
INV303488,Tree management maintenance services,Citywide Service Solutions Pty Ltd,115766.68,25/04/20,3678
INV303489,Management of Active Melbourne recreation facilities,Victorian YMCA Community Programming Pty Ltd (AUS),169521.23,24/06/2028,3615
INV303490,Street cleaning,Spotless Facility Services Pty Ltd,211703.85 AUD,,3669
INV303491,Parking technology services,Reino International Pty Ltd T/A Duncan Solutions (AUS),"$59,268.65",05-May-2029,3623
INV303492,Parking technology services,Reino,160301.7,14/08/2025,3623
INV303493,Graffiti management and pressure cleaning services,CALCORP SERVICES PTY LTD,0.1m,2028-08-16,3668
INV303494,Tree management maintenance services,Citywide Service Solutions Pty Ltd,96333.02,2029-05-30,3678
INV303495,Building maintenance services,Programmed Facility Management Pty Ltd (AU),0.0m,05 October 2026,3630
INV303496,Civil infrastructure services,CitywideServiceSolutionsPtyLtd,"$132,230.49",2026-05-29,3665
INV303497,Melbourne Town Hall venue management,ShowtimeoEvent Group Pty Ltd,0.0m,28/08/18, 
INV303498,Civil infrastructure services,Citywide Service Solutions Pty Ltd (AUS),187483.23,04/10/2029,3665
INV303499,Management of Active Melbourne recreation facilities,Citywide Service Solutions Pty Ltd (AUS),158344.61,2028-03-04,3678
INV303500,Open spaces management - region 1,Citywide Service Solbtions Pty Ltd,0.1m,2028-05-21,3676
INV303501,Open spaces management - region 2,SERCO,20318.11,22-Dec-2028,3677
INV303502,Building maintenance services,Programmed Facilety Management Pty Ltd,0.0m,21/10/2028,3630
INV303503,Open spaces management - region 2,Serco,"$125,870.44",2029-04-05,3677
INV303504,Parking technology services,Reino Intl Pty Ltd T/A Duncan Solutions,0.2m,10-Feb-2027,3623
INV303505,Open spaces management - region 2,SERCO,82134.27,22-Jul-2029,3677
INV303506,Parking technology services,Reino  International  Pty  Ltd  T/A  Duncan  Solutions,102700.73,18/01/2025,3623
INV303507,Vehicle tow away and impound services,Nationwide Towing Sejvices,15477.48,04-Jul-2029,3585
INV303508,Building cleaning services,Menzies International (Aust) Pty Ltd (AU),93068.15 AUD,28/08/2026,3634
INV303509,Open spaces management - region 1,Citywide Service Solutions Pty. Ltd.,"$112,747.44",2026-08-24,3676
INV303510,Melbourne Town Hall venue management,Showtime Event Group Pty Ltd,232238.47 AUD,25/01/2025,3670
INV303511,Open spaces management - region 1,Citywide Service Solutions Pty Ltd (AU),212571.25 AUD,14-May-2028,3676
INV303512,Integrated security services,National Protective Services P/L,100893.19 AUD,2029-10-17,3686
INV303513,Parking technology services,Reino International Pty. Ltd. T/A Duncan Solutions,"$122,056.61",26 July 2026,3623
INV303514,Waste management services,Cleanaway,0.1m,27/01/28,3556
INV303515,Building cleaning services,menzies international (aust) pty ltd,222383.4,15-Mar-2028,3634
INV303516,Open spaces management - region 1,Citywide Service Solutions Pty Ltd,247887.04,26/10/29,3676
INV303517,Open spaces management - region 2,Serco,0.1m,15/07/2027,3677
INV303518,Parking technology services,REINO INTERNATIONAL PTY LTD T/A DUNCAN SOLUTIONS,126087.03 AUD,23/11/2028,3623
INV303519,Graffiti management and pressure cleaning services,Calcorp Serv,127106.94,22/09/2028,3668
INV303520,Parking technology services,Reino International Pty Ltd T/A Duncan Solutions (AU),64627.39 AUD,2026-06-23,3623
INV303521,Parking technology services,Reino International Pty Ltd T/A Duncan Solutions,21997.59,06/09/2027,3623
INV303522,Integrated security services,NationalProtectiveServicesPtyLtd,115830.57,11/09/2028,3686
INV303523,Open spaces management - region 1,Citywide Service Solutions Pty Ltd,"$236,396.92",2027-12-05,3676
INV303524,Parking technology services,reino international pty ltd t/a duncan solutions,"$25,637.43",28/07/09,3623
INV303525,Street cleaning,Spotless Facility Services P/L,"$110,806.41",30/03/2029,3669
INV303526,Building cleaning services,Menzies International (Aust) Pty Ltd,105525.62,28/08/12,3634
INV303527,Parking technology services,Reino International Pty Ltd T/A Duncan Solutions,23450.63,25/05/2029,3623
INV303528,Civil infrastructure services,Citywide,"$79,980.15",08/05/2025,3665
INV303529,Melbourne Town Hall venue management,Showtime Event Group P/L,203713.75 AUD,20-Jun-2026,3670
INV303530,Melbourne Town Hall venue management,Showtime Event Group Pty Ltd,204888.07,26/09/29,3670
INV303531,Melbourne Town Hall venue management,showtime event group pty ltd,222291.78,24-Oct-2028,3670
INV303532,Street cleaning,SpotlessFacilityServicesPtyLtd,145136.94 AUD,24-Jun-2027,3669
INV303533,Building maintenance services,ProgrammedFacilityManagementPtyLtd,81770.33,26/08/12,3630
INV303534,Management of Active Melbourne recreation facilities,Victorian YMCA Communi,"$55,497.42",29 December 2026,3615
INV303535,Graffiti management and pressure cleaning services,Calcorp Services Pty Ltd (AU),105746.66,18/01/2025,3668
INV303536,Open spaces management - region 1,Citywide Service Solutions Pty Ltd,84479.91,21 March 2026,3676
INV303537,Tree management maintenance services,Citywide Service Solutions Pty Ltd,141535.59 AUD,01 August 2029,3678
INV303538,Melbourne Town Hall venue management,Showtime Event Group Pty Ltd,0.1m,13-Feb-2026,3670
INV303539,Parking technology services,Reino,134880.31,08/03/2027,3623
INV303540,Parking technology services,Reino International Pty Ltd T/A Duncan Solutions,146891.78,26/11/10,3623
INV303541,Parking technology services,ReinoInternationalPtyLtdT/ADuncanSolutions,"$107,210.37",06/09/2025,3623
INV303542,Civil infrastructure services,Citywide Service Solutions Pty. Ltd.,164392.11,28/03/2027,3665
INV303543,Street cleaning,Spotless Facility Services Pty. Ltd.,136958.55,14/09/2025,3669
INV303544,Open spaces management - region 1,Citywide Service Solutions Pty Ltd,0.2m,11/04/2026,3676
INV303545,Civil infrastructure services,citywide service solutions pty ltd,31914.59 AUD,07/09/2028,3665
INV303546,Waste management services,Cleanaway Waste Management Limitek,0.1m,18/02/2026,3556
INV303547,Graffiti management and pressure cleaning services,Calcorr Services Pty Ltd,22927.16 AUD,07/10/2029,3668
INV303548,Open spaces management - region 1,Citywide Service Solutions Pty Ltd,242949.36,20/11/2025,3676
INV303549,Waste management services,Cleanaway Waste Management Ltd,85158.12,21 November 2029,3556
INV303550,Civil infrastructure services,Citywide Service Solutions Pty Ltd (AUS),0.1m,13 August 2026,3665
INV303551,Parking technology services,Reino International Pty ,153560.06 AUD,08/08/2028,3623
INV303552,Tree management maintenance services,Citywide  Service  Solutions  Pty  Ltd,"$236,715.56",12/04/2026,3678
INV303553,Tree management maintenance services,citywide service solutions pty ltd,242562.75,2025-02-04, 
INV303554,Waste management services,Cleanaway Waste M,"$88,514.54",11/09/2027,3556
INV303555,Open spaces management - region 2,SERCO,238890.42 AUD,01 April 2026,3677
INV303556,Tree management maintenance services,Citywide Service Solutions Pty Ltd (AUS),80699.52,27/11/21,3678
INV303557,Parking technology services,Reino International Pty Ltd T/A Duncan Solutions,133995.15 AUD,25/08/05,3623
INV303558,Management of Active Melbourne recreation facilities,Victorian YMCA Community Programming P/L,0.2m,24/07/2028,3615
INV303559,Waste management services,Cleanaway Waste Management Limited (AU),0.0m,04/05/2028,3556
INV303560,Vehicle tow away and impound services,NATIONWIDE TOWING SERVICES,81090.91,13-Apr-2025,3585
INV303561,Street cleaning,Spotless Facility Services Pty Ltd,115738.92 AUD,14-Jul-2027,3669
INV303562,Open spaces management - region 1,Citywide Service Solutions Pty Ltd,43715.09 AUD,2027-11-11,3676
INV303563,Building maintenance services,Programmed Facility Management Pty Ltd (AU),214178.98,30 April 2026,3630
INV303564,Parking technology services,Reino International Pty Ltd T/A Duncan Solutions (AU),"$199,269.62",23/10/2026,3623
INV303565,Street cleaning,Spotless Facility Services Pty Ltd,0.2m,02/09/2026, 
INV303566,Tree management maintenance services,Citywide Service Solutions Pty. Ltd.,136422.47,08-Jul-2025,3678
INV303567,Tree management maintenance services,National Protective qervices Pty Ltd,32368.89 AUD,2029-09-06,3686
INV303568,Open spaces management - region 2,SERCO,71464.6,27/07/07,3677
INV303569,Building cleaning services,menzies international (aust) pty ltd,"$4,093.98",24/05/2027,3634
INV303570,Building cleaning services,Menzies International (Aust) Pty Ltd,"$245,135.95",24 December 2028,3634
INV303571,Graffiti management and pressure cleaning services,Calcorp Services P/L,248741.65 AUD,15/03/2025,3668
INV303572,Graffiti management and pressure cleaning services,Calcorp Services Pty Ltd (AUS),159795.39 AUD,2029-01-27,3668
INV303573,Street cleaning,Spotless,125532.33,12-Aug-2027,3669
INV303574,Open spaces management - region 2,SERCO,0.1m,28 August 2026,3677
INV303575,Open spaces management - region 2,SERCO,0.1m,31/05/2026,3677
INV303576,Civil infrastructure services,Citywide Service Solutions Pty Ltd (AUS),0.0m,24/08/2027,3665
INV303577,Waste management services,CleanawayWasteManagementLimited,224406.74,07/05/2029,3556
INV303578,Tree management maintenance services,CitywideServiceSolutionsPtyLtd,95066.55,30 April 2026,3678
INV303579,Graffiti management and pressure cleaning services,Calcorp Services Pty Ltd (AU),0.1m,09 October 2026,3668
INV303580,Street cleaning,Spotless Facility Senvices Pty Ltd,82881.66,2028-02-06,3669
INV303581,Open spaces management - region 1,CITYWIDE SERVICE SOLUTIONS PTY LTD,161568.2 AUD,13-Jul-2027,3676
INV303582,Management of Active Melbourne recreation facilities,Victorian YMCn Community Programming Pty Ltd,30252.33 AUD,22 May 2026,3615
INV303583,Building cleaning services,MenziesInternational(Aust)PtyLtd,188435.94 AUD,14/04/2029,3634
INV303584,Building cleaning services,Menzies Intl (Aust) Pty Ltd,92023.66,09/12/2025, 
INV303585,Parking technology services,ReinoInternationalPtyLtdT/ADuncanSolutions,"$151,935.36",23-Mar-2029,3623
INV303586,Street cleaning,Spotless Facility Services P/L,0.0m,17/11/2027,3669
INV303587,Graffiti management and pressure cleaning services,Calcorp Services Pty Ltd,"$142,693.83",2026-12-25,3668
INV303588,Tree management maintenance services,Citywide,"$237,559.61",20-Feb-2028,3678
INV303589,Open spaces management - region 1,Citywide Service Solutions Pty Ltd,40316.2,14-Jul-2026,3676
INV303590,Management of Active Melbourne recreation facilities,Victorian YMCA Community Programming Pty Ltd,"$69,175.34",10-Feb-2028,3615
INV303591,Open spaces management - region 1,CitywideServiceSolutionsPtyLtd,4698.16,28/01/14,3676
INV303592,Parking technology services,Reino Int’l Pty Ltd T/A Duncan Solutions,146460.69 AUD,29/05/2026,3623
INV303593,Building maintenance services,Showtime Event Group Pty Ltd,0.1m,12 April 2025,3670
INV303594,Building maintenance services,ProgrammedtFacility Management Pty Ltd,"$155,678.98",26/12/2027,3630
INV303595,Graffiti management and pressure cleaning services,Calcorp Services Pty Ltd,0.1m,29/07/2029,3668
INV303596,Open spaces management - region 2,SERCO (AUS),211863.86,30-Nov-2028, 
INV303597,Graffiti management and pressure cleaning services,calcorp services pty ltd,233744.42,20-Aug-2027,3668
INV303598,Waste management services,Cleanaway Waste Management Limited,205363.18 AUD,01/03/2027, 
INV303599,Vehicle tow away and impound services,Nationwide Towing Services (AU),38099.66,2029-03-03,3585
INV303600,Management of Active Melbourne recreation facilities,Victorian Ymca Community Programming Pty Ltd,148113.65,01 March 2026,3615
INV303601,Tree management maintenance services,Citywide Service Solutions Pty Ltd (AU),127318.0,29/12/03,3678
INV303602,Open spaces management - region 2,Citywide Service Solutions Pty Ltd,104530.69 AUD,27/01/09, 
INV303603,Building maintenance services,ProgrammedFacilityManagementPtyLtd,76450.77,08-Nov-2025,3630
INV303604,Building maintenance services,Programmed Facility Management Pty Ltd (AU),109544.65 AUD,08/07/2025,3630
INV303605,Open spaces management - region 1,CitywideServiceSolutionsPtyLtd,0.2m,2029-01-13, 
INV303606,Open spaces management - region 2,SERCO,184473.72,11-Nov-2029,3677
INV303607,Vehicle tow away and impound services,VICTORIAN YMCA COMMUNITY PROGRAMMING PTY LTD,238323.2,23-Feb-2025,3615
INV303608,Building maintenance services,Programmed  Facility  Management  Pty  Ltd,0.2m,28 September 2029,3630
INV303609,Open spaces management - region 1,CitywideServiceSolutionsPtyLtd,"$61,865.41",23-Jul-2026,3676
INV303610,Open spaces management - region 2,Serco,176170.65,09/12/2029,3677
INV303611,Parking technology services,Reino  International  Pty  Ltd  T/A  Duncan  Solutions,"$249,265.89",22/04/2026,3623
INV303612,Melbourne Town Hall venue management,Showtime Event Group Pty Ltd,189430.44 AUD,11/12/2025,3670
INV303613,Melbourne Town Hall venue management,SHOWTIME EVENT GROUP PTY LTD,0.1m,12 March 2027,3670
INV303614,Street cleaning,Programmed Facility,206845.75,15-May-2028,3630
INV303615,Open spaces management - region 1,Citywide Service Solutions Pty. Ltd.,124818.04,10/10/2028,3676
INV303616,Street cleaning,Spotless,"$210,959.64",28/06/2027,3669
INV303617,Vehicle tow away and impound services,Nationwide  Towing  Services,123073.59,2027-09-22,3585
INV303618,Waste management services,CleanawayWasteManagementLimited,68804.51,30/06/2025,3556
INV303619,Management of Active Melbourne recreation facilities,VICTORIAN YMCA COMMUNITY PROGRAMMING PTY LTD,7639.66 AUD,09/07/2027,3615
INV303620,Integrated security services,NATIONAL PROTECTIVE SERVICES PTY LTD,109188.85 AUD,28/01/2025,3686
INV303621,Open spaces management - region 2,serco,90319.76 AUD,09-Sep-2025,3677
INV303622,Building cleaning services,Menzies Internatio,235906.68,18 September 2026,3634
INV303623,Building maintenance services,Programmed Facility Management Pty. Ltd.,95785.33 AUD,15-Sep-2025,3630
INV303624,Graffiti management and pressure cleaning services,Calcorp Services Pty Ltd (AU),78785.45,10 July 2027,3668
INV303625,Open spaces management - region 2,Serco,0.2m,23-Sep-2029,3677
INV303626,Melbourne Town Hall venue management,Showtime Event Group Pty Ltd,63157.7,21/02/2027,3670
INV303627,Building maintenance services,Programmed Facility Management Pty Ltd,"$54,523.72",15/01/2027,3630
INV303628,Open spaces management - region 1,Citywide Service Solutions Pty Ltd,0.2m,21/02/2025,3676
INV303629,Street cleaning,Spotless Facility Services Pty Ltd,18796.68 AUD,07 August 2026, 
INV303630,Tree management maintenance services,Citywide  Service  Solutions  Pty  Ltd,178039.44,29/05/24,3678
INV303631,Civil infrastructure services,Citywide,172130.2,03/10/2026,3665
INV303632,Vehicle tow away and impound services,Nationwide Towing Services (AU),"$241,844.08",28/12/29,3585
INV303633,Open spaces management - region 1,CitywideServiceSolutionsPtyLtd,116801.76 AUD,30 April 2027,3676
INV303634,Street cleaning,Spotless Facility,247323.73 AUD,22/12/2026,3669
INV303635,Building cleaning services,Mewzies International (Aust) Pty Ltd,221454.81 AUD,11/09/2029,3634
INV303636,Integrated security services,NationalProtectiveServicesPtyLtd,"$194,032.38",29/04/2026,3686
INV303637,Parking technology services,SERCO,"$68,506.29",08 December 2028,3677
INV303638,Vehicle tow away and impound services,Nationwide Towing Services,122310.24 AUD,20-Mar-2026,3585
INV303639,Graffiti management and pressure cleaning services,Calcorp Services Pty Ltd,"$178,678.24",27/05/11,3668
INV303640,Waste management services,CLEANAWAY WASTE MANAGEMENT LIMITED,0.2m,2028-11-07,3556
INV303641,Waste management services,CLEANAWAY WASTE MANAGEMENT LIMITED,208653.66 AUD,2026-04-03,3556
INV303642,Tree management maintenance services,Citywide Service Solutions Pty. Ltd.,188807.75 AUD,29/04/22,3678
INV303643,Civil infrastructure services,cleanaway waste management limited,12283.26,30/07/2028,3556
INV303644,Melbourne Town Hall venue management,ShowtimeEventGroupPtyLtd,51835.8,25/04/05,3670
INV303645,Waste management services,Cleanaway  Waste  Management  Limited,"$72,554.71",26-Apr-2025, 
INV303646,Building maintenance services,Programmed Facility Management P/L,0.1m,19 October 2026,3630
INV303647,Graffiti management and pressure cleaning services,Calcorp Services Pty Ltd,23398.26,02/10/2028,3668
INV303648,Open spaces management - region 2,SERCO,"$94,156.38",04-Nov-2027,3677
INV303649,Building maintenance services,Programmed  Facility  Management  Pty  Ltd,152240.59,28/10/06,3630
INV303650,Management of Active Melbourne recreation facilities,Victorian YMCA Community Programming Pty Ltd (AU),0.1m,2025-06-20,3615
INV303651,Integrated security services,National Protectiv,69150.13,01/02/2028,3686
INV303652,Integrated security services,National Protective Services Pty Ltd,"$228,814.82",06-Mar-2025,3686
INV303653,Graffiti management and pressure cleaning services,SERCO,55338.41 AUD,03/02/2026,3677
INV303654,Tree management maintenance services,Citywide Service Solutions Pty Ltd,0.1m,04/06/2025,3678
INV303655,Waste management services,Cleanaway Waste Management Ltd,"$102,241.68",23 January 2026,3556
INV303656,Civil infrastructure services,Citywide Service ,0.2m,03 October 2027,3665
INV303657,Parking technology services,reino international pty ltd t/a duncan solutions,"$7,136.33",21 May 2029,3623
INV303658,Building maintenance services,Programmed Facility Management Pty Ltd,74502.79,2026-08-01,3630
INV303659,Open spaces management - region 2,Serco,"$225,232.97",28/08/2026,3677
INV303660,Street cleaning,Spotless Facilitr Services Pty Ltd,0.2m,26/06/28,3669
INV303661,Street cleaning,SpotlessFacilityServicesPtyLtd,"$99,227.36",06/04/2026,3669
INV303662,Building cleaning services,MenziesInternational(Aust)PtyLtd,4824.97 AUD,12 September 2027, 
INV303663,Management of Active Melbourne recreation facilities,VictorianYMCACommunityProgrammingPtyLtd,97594.68,2026-04-12,3615
INV303664,Open spaces management - region 1,Citywide Service Solutions Pty Ltd,125542.72,2027-02-09,3676
INV303665,Street cleaning,Spotless Facility Services Pty Ltd,180389.27,20 October 2025,3669
INV303666,Waste management services,CleanawayWasteManagementLimited,0.0m,07-Aug-2028,3556
INV303667,Street cleaning,Spotless Facility Services Pty Ltd (AU),230781.91 AUD,13 February 2025,3669
INV303668,Open spaces management - region 2,SERCO,0.0m,20-Feb-2027,3677
INV303669,Open spaces management - region 1,Citywide Service Solutions Pty Ltd (AUS),196532.75,29/10/24,3676
INV303670,Building maintenance services,PROGRAMMED FACILITY MANAGEMENT PTY LTD,0.1m,2026-06-25,3630
INV303671,Waste management services,Cleanaway Waste Management LTD,"$81,980.74",25/01/31,3556
INV303672,Civil infrastructure services,Citywide,73285.6 AUD,15/08/2026,3665
INV303673,Melbourne Town Hall venue management,Cleanaway Waste Management LTD,79252.75,08 July 2027,3556
INV303674,Graffiti management and pressure cleaning services,Calcorp Serv,178240.37,25/02/24,3668
INV303675,Melbourne Town Hall venue management,Showtime Event,161598.01 AUD,2027-11-29,3670
INV303676,Graffiti management and pressure cleaning services,CalcorpServicesPtyLtd,113657.99,28/08/13,3668
INV303677,Building maintenance services,programmed facility management pty ltd,243840.54,11/05/2029,3630
INV303678,Tree management maintenance services,Citywide Service Solutions Pty Ltd (AU),220414.83 AUD,28/03/25,3678
INV303679,Street cleaning,Spotless Facility Services P/L,0.1m,22/02/2027,3669
INV303680,Building cleaning services,Citywide Service Solutions Pty Ltd,32345.19,28/12/04,3676
INV303681,Tree management maintenance services,Citywide Service Solutions Pty. Ltd.,0.2m,08/10/2025,3678
INV303682,Melbourne Town Hall venue management,Showtime Event Group Pty. Ltd.,0.1m,17/04/2027,3670
INV303683,Melbourne Town Hall venue management,ShowtimeEventGroupPtyLtd,"$126,883.79",18/04/2026,3670
INV303684,Management of Active Melbourne recreation facilities,Victorian YMCA Communi,0.0m,24/08/2026,3615
INV303685,Vehicle tow away and impound services,nationwide towing services,"$12,837.23",31/10/2027,3585
INV303686,Vehicle tow away and impound services,Nationwide Towing Services (AU),82768.57 AUD,28-Aug-2029,3585
INV303687,Melbourne Town Hall venue management,Showtime Event Group Pty Ltd (AUS),100037.58,07 September 2025,3670
INV303688,Building cleaning services,menzies international (aust) pty ltd,135777.91,25/08/2026,3634
INV303689,Civil infrastructure services,Citywide Service ,0.2m,25/09/17,3665
INV303690,Melbourne Town Hall venue management,ShowtimeEventGroupPtyLtd,30238.1,28/10/18,3670
INV303691,Civil infrastructure services,Citywide Service Solutions Pty Ltd (AU),89634.53,31/01/2028,3665
INV303692,Building cleaning services,Menzies Intl (Aust) Pty Ltd,196285.74 AUD,15-Jan-2026,3634
INV303693,Management of Active Melbourne recreation facilities,Victorian Ymca Community Programming Pty Ltd,0.2m,05/08/2029,3615
INV303694,Civil infrastructure services,Citywide Service Solutions Pty Ltd (AU),4899.29,26/09/29,3665
INV303695,Open spaces management - region 1,Citywide Service Solutions Pty. Ltd.,133524.71,05 November 2027,3676
INV303696,Building maintenance services,Programmed Facility,63190.4,2025-05-14,3630
INV303697,Open spaces management - region 1,Programmed Facility Management Pty Ltd (AUS),29695.86 AUD,13/02/2027,3630
INV303698,Management of Active Melbourne recreation facilities,Victorian YMCA Community Programming Pty. Ltd.,41339.91,08/04/2025,3615
INV303699,Building cleaning services,MENZIES INTERNATIONAL (AUST) PTY LTD,0.2m,2026-03-06,3634
INV303700,Graffiti management and pressure cleaning services,Calcorp Seevices Pty Ltd,"$99,230.18",26/10/21,3668
INV303701,Waste management services,Cleanaway Waste Management Limited (AUS),198748.68,04/05/2027,3556
INV303702,Vehicle tow away and impound services,Nationwide,132107.48,25/11/18,3585
INV303703,Street cleaning,Spotless Facility Services Pty Ltd,"$162,288.37",30 September 2028,3669
INV303704,Open spaces management - region 2,SERCO,0.0m,22 March 2028,3677
INV303705,Open spaces management - region 2,serco,"$44,171.77",06/06/2027, 
INV303706,Management of Active Melbourne recreation facilities,Victorian YMCA Communi,"$2,450.0",04 March 2027,3615
INV303707,Building cleaning services,Menzies International (Aust) Pty Ltd (AUS),212591.04,13/11/2029,3634
INV303708,Integrated security services,National Protective Services Pty Ltd,13356.7,26/02/11,3686
INV303709,Building cleaning services,Menzies,35265.61 AUD,23/12/2026,3634
INV303710,Open spaces management - region 1,Ciaywide Service Solutions Pty Ltd,157860.2,15/03/2029,3676
INV303711,Building cleaning services,Menzies Internatio,244060.12 AUD,12/12/2026,3634
INV303712,Building cleaning services,MENZIES INTERNATIONAL (AUST) PTY LTD,236182.13 AUD,2025-06-29,3634
INV303713,Open spaces management - region 1,Citywide Service Solutions Pty. Ltd.,0.1m,18/07/2025,3676
INV303714,Melbourne Town Hall venue management,Showtime Event,224710.98 AUD,29/12/19,3670
INV303715,Melbourne Town Hall venue management,Showtime Event Group P/L,0.2m,12 June 2028,3670
INV303716,Tree management maintenance services,Citywide Service Solutions Ptz Ltd,"$216,279.96",13 February 2028,3678
INV303717,Street cleaning,spotless facility services pty ltd,237159.49 AUD,25/06/18,3669
INV303718,Melbourne Town Hall venue management,Showtime Event Group Pty Ltd,208041.25,07/06/2026,3670
INV303719,Graffiti management and pressure cleaning services,Calcorp Services Pty Ltd,"$170,791.39",07/09/2028,3668
INV303720,Parking technology services,Reino International P/L T/A Duncan Solutions,94957.55,26/08/02,3623
INV303721,Management of Active Melbourne recreation facilities,Victorian  YMCA  Community  Programming  Pty  Ltd,130550.3 AUD,05/01/2027,3615
INV303722,Melbourne Town Hall venue management,Showtime Event Group Pty. Ltd.,42066.64 AUD,27 March 2028,3670
INV303723,Street cleaning,Spotless Facility Services Pty Ltd (AUS),205278.5 AUD,07/05/2026,3669
INV303724,Street cleaning,Spotless,0.1m,2028-05-15,3669
INV303725,Civil infrastructure services,Citywide Service Solutions Pty Ltd,"$229,282.27",28/07/27,3665
INV303726,Open spaces management - region 2,SERCO,0.2m,26/11/03,3677
INV303727,Street cleaning,spotless facility services pty ltd,110202.86,2026-12-08,3669
INV303728,Civil infrastructure services,Citywide Service Solutions Pty Ltd,69812.36,11 June 2025,3665
INV303729,Street cleaning,Spotless Facility Services Pty Ltd (AU),0.1m,26/07/07,3669
INV303730,Melbourne Town Hall venue management,Showtime Event Group Pty Ltd (AUS),16052.27,12 October 2026,3670
INV303731,Parking technology services,REINO INTERNATIONAL PTY LTD T/A DUNCAN SOLUTIONS,"$202,913.95",08/09/2029,3623
INV303732,Civil infrastructure services,Citywide Service Solutions Pty Ltd,82769.4,15/10/2025,3665
INV303733,Waste management services,Cleanaway  Waste  Management  Limited,90319.16,08 July 2028,3556
INV303734,Melbourne Town Hall venue management,showtime event group pty ltd,2148.79,2029-04-09,3670
INV303735,Open spaces management - region 2,CITYWIDE SERVICE SOLUTIONS PTY LTD,0.0m,07-Sep-2029,3678
INV303736,Civil infrastructure services,Citywide Service Solutions Pty Ltd (AU),148947.64,21 January 2026,3665
INV303737,Civil infrastructure services,citywide service solutions pty ltd,45647.55,28/01/21, 
INV303738,Management of Active Melbourne recreation facilities,Victorian YMCA Communi,"$77,178.33",13/06/2025,3615
INV303739,Building maintenance services,programmed facility management pty ltd,0.2m,15/05/2027,3630
INV303740,Integrated security services,National,0.0m,06-Jun-2029,3686
INV303741,Civil infrastructure services,Citywide Service Solutions Pty Ltd (AU),"$15,685.74",26/02/07,3665
INV303742,Open spaces management - region 1,Citywide Service Solutions Pty Ltd,150320.52,01-Jun-2026,3676
INV303743,Open spaces management - region 1,Cleanaway Waste Management Ltd,0.2m,04-Nov-2028,3556
INV303744,Building maintenance services,Programmed  Facility  Management  Pty  Ltd,215844.07,25/01/2026,3630
INV303745,Parking technology services,Reino International Pty ,49909.87 AUD,29/02/15,3623
INV303746,Melbourne Town Hall venue management,Showtime Event Group Pty Ltd,145134.21,05/11/2028,3670
INV303747,Vehicle tow away and impound services,Nationwide Towing Services,"$114,264.46",2029-01-15,3585
INV303748,Open spaces management - region 1,Citywide Service ,0.0m,25/05/23,3676
INV303749,Street cleaning,Spotless Facility Services Pty Ltd (AU),235501.76 AUD,21/03/2026,3669
INV303750,Melbourne Town Hall venue management,Showtime  Event  Group  Pty  Ltd,"$236,400.05",28/06/25, 
INV303751,Melbourne Town Hall venue management,Showtime Event Group Pty Ltd (AUS),"$12,837.46",06-Jun-2028,3670
INV303752,Tree management maintenance services,Citywide Service Solutions Pty Ltd (AU),"$136,468.74",20-Dec-2026,3678
INV303753,Tree management maintenance services,Citywide  Service  Solutions  Pty  Ltd,"$95,542.5",04 November 2025,3678
INV303754,Vehicle tow away and impound services,nationwide towing services,219090.24 AUD,05 March 2027,3585
INV303755,Building cleaning services,Menzies International (Aust) Pty. Ltd.,147084.96 AUD,21 February 2027, 
INV303756,Melbourne Town Hall venue management,Showtime Event Group Pty Ltd (AU),74987.86,24 March 2026,3670
INV303757,Building cleaning services,Menzies International (Aust) Pty Ltd,4252.27 AUD,27/01/13,3634
INV303758,Street cleaning,Spotless Facility Services P/L,"$35,926.07",24-Oct-2026,3669
INV303759,Civil infrastructure services,Citywide Service Solutions Pty Ltd,"$243,460.9",27/09/2026,3665
INV303760,Melbourne Town Hall venue management,Showtime  Event  Group  Pty  Ltd,124871.23 AUD,2029-07-31,3670
INV303761,Integrated security services,National Protective Services Pty. Ltd.,"$66,520.18",03-Feb-2027,3686
INV303762,Management of Active Melbourne recreation facilities,Victorian YMCA Community Programming P/L,165084.29,12/08/2029,3615
INV303763,Graffiti management and pressure cleaning services,Calcorp Services P/L,46827.96,2026-08-28,3668
INV303764,Parking technology services,Reino International Pty Ltd T/A Duncan Solutions (AUS),176208.68 AUD,2029-07-23,3623
INV303765,Melbourne Town Hall venue management,Showtime  Event  Group  Pty  Ltd,46000.42,16/01/2026,3670
INV303766,Tree management maintenance services,Citywide Service Solutions Pty Ltd (AUS),140317.27,07/11/2025,3678
INV303767,Building cleaning services,MenziesInternational(Aust)PtyLtd,0.2m,27/12/29,3634
INV303768,Integrated security services,NATIONAL PROTECTIVE SERVICES PTY LTD,"$96,134.5",2025-01-06,3686
INV303769,Open spaces management - region 2,SERCO (AU),108979.88,20/06/2026,3677
INV303770,Parking technology services,deino International Pty Ltd T/A Duncan Solutions,244669.1,19/09/2026,3623
INV303771,Open spaces management - region 1,Citywide Service Solutions Pty. Ltd.,"$197,185.91",31/01/2029,3676
INV303772,Graffiti management and pressure cleaning services,Calcorp  Services  Pty  Ltd,"$207,144.65",28/04/03,3668
INV303773,Street cleaning,Spotless Facility Services P/L,70975.79,10/03/2028,3669
INV303774,Integrated security services,National,99077.47 AUD,28/12/22,3686
INV303775,Street cleaning,Spotless Facility,0.1m,31-Aug-2028,3669
INV303776,Civil infrastructure services,Citywide Service Solutions Pty Ltd,39060.43 AUD,06 January 2026, 
INV303777,Melbourne Town Hall venue management,Showtmme Event Group Pty Ltd,"$230,275.94",22/09/2027,3670
INV303778,Building maintenance services,Programmed Facility Management Pty Ltd (AU),"$24,553.08",01/02/2026,3630
INV303779,Street cleaning,Spotless Facility,76983.99,19/10/2025,3669
INV303780,Management of Active Melbourne recreation facilities,Victorian YMCA Community Programming Pty Ltd (AUS),22318.74 AUD,2025-08-22,3615
INV303781,Parking technology services,Reino International Pty Ltd T/A Duncan Solutions (AU),93785.03,15 January 2025,3623
INV303782,Open spaces management - region 2,serco,"$14,775.41",23-Jul-2025,3677
INV303783,Management of Active Melbourne recreation facilities,Victorian YMCA Community Programming Pty. Ltd.,134757.54 AUD,10/03/2027,3615
INV303784,Open spaces management - region 2,SERCO,160642.21,29/12/2028,3677
INV303785,Melbourne Town Hall venue management,Showtime Event Group Pty Ltd (AU),14727.58,20/01/2025, 
INV303786,Melbourne Town Hall venue management,Showtime Event Group Pty Ltd (AUS),91759.96,17 November 2026,3670
INV303787,Open spaces management - region 1,Citywide Service Solutions Pty Ltd,0.1m,11/06/2027,3676
INV303788,Parking technology services,Reino  International  Pty  Ltd  T/A  Duncan  Solutions,"$62,138.78",11/12/2025,3623
INV303789,Tree management maintenance services,Citywide  Service  Solutions  Pty  Ltd,135881.29 AUD,09/12/2028,3678
INV303790,Open spaces management - region 1,CitywideServiceSolutionsPtyLtd,41901.22,31-Jan-2028,3676
INV303791,Tree management maintenance services,CitywideServiceSolutionsPtyLtd,"$112,044.88",08-Aug-2025,3678
INV303792,Building cleaning services,Menzies  International  (Aust)  Pty  Ltd,"$153,375.74",15/02/2026,3634
INV303793,Building cleaning services,Menzies,154907.61,10 July 2026,3634
INV303794,Building maintenance services,Programmed Facility Management Pty Ltd (AUS),0.2m,09/06/2029,3630
INV303795,Open spaces management - region 2,SERCO (AU),"$209,492.05",31/08/2025,3677
INV303796,Tree management maintenance services,CitywideServiceSolutionsPtyLtd,3862.71,29/04/12,3678
INV303797,Civil infrastructure services,CitywideServiceSolutionsPtyLtd,0.1m,27/05/12,3665
INV303798,Building cleaning services,Menzies International (Aust) Pty Ltd (AUS),166406.65,20 July 2029,3634
INV303799,Tree management maintenance services,Citywide,0.1m,11/06/2025,3678
INV303800,Parking technology services,Citywide Service Solutions Pty Ltd,125762.64,29/10/26,3665
INV303801,Open spaces management - region 2,SERCO (AU),118836.26,05 October 2025, 
INV303802,Management of Active Melbourne recreation facilities,CALCORP SERVICES PTY LTD,18530.09,03/06/2029,3668
INV303803,Parking technology services,Reino International Pty ,0.2m,05/05/2026,3623
INV303804,Street cleaning,Spotless Facility,145056.88 AUD,14 June 2026,3669
INV303805,Integrated security services,National  Protective  Services  Pty  Ltd,38435.03 AUD,21-Mar-2027,3686
INV303806,Integrated security services,National Protective Services Pty Ltd,207033.77,10/07/2026,3686
INV303807,Civil infrastructure services,Citywide Service Solutions Pty Ltd,"$126,633.01",11/12/2028,3665
INV303808,Management of Active Melbourne recreation facilities,Victorian YMCA Community Programming Pty Ltd (AUS),"$42,751.91",24-Oct-2028,3615
INV303809,Graffiti management and pressure cleaning services,Calcorp,,26-May-2027,3668
INV303810,Melbourne Town Hall venue management,Showtime  Event  Group  Pty  Ltd,0.2m,2028-04-15,3670
INV303811,Vehicle tow away and impound services,Nationwide To,204656.97,14 February 2027, 
INV303812,Tree management maintenance services,CitywideServiceSolutionsPtyLtd,212965.7,21/12/2025,3678
INV303813,Street cleaning,Spotless Facility Services Pty Ltd (AU),"$108,645.74",2025-07-24,3669
INV303814,Building cleaning services,Citywide Service Solutions P/L,0.2m,13-May-2028,3678
INV303815,Graffiti management and pressure cleaning services,Calcorp  Services  Pty  Ltd,51914.81,16/10/2027,3668
INV303816,Management of Active Melbourne recreation facilities,Victorian YMCA Community Programming Pty Ltd,4851.68 AUD,24/09/2029,3615
INV303817,Integrated security services,National Protective Services P/L,206465.31 AUD,2026-12-25,3686
INV303818,Waste management services,Cleanaway,49761.28,29/07/19,3556
INV303819,Street cleaning,Spotless Facility Services Pty Ltd,101096.61 AUD,29/04/08,3669
INV303820,Building cleaning services,Menzies Internatio,218197.21,27/01/18,3634
INV303821,Vehicle tow away and impound services,Nationwide,228716.56 AUD,24-May-2026,3585
INV303822,Management of Active Melbourne recreation facilities,Victorian YMCA Community Programming Pty. Ltd.,0.1m,05/07/2025,3615
INV303823,Management of Active Melbourne recreation facilities,Victorian YMCA Community Programming Pty Ltd (AUS),0.1m,23/05/2027,3615
INV303824,Waste management services,CleanawayWasteManagementLimited,226340.73,2029-02-10,3556
INV303825,Open spaces management - region 1,Citywide Service Solutions Pty Ltd,0.2m,2027-08-10,3676
INV303826,Parking technology services,REINO INTERNATIONAL PTY LTD T/A DUNCAN SOLUTIONS,97471.44,2029-03-08,3623
INV303827,Tree management maintenance services,Citywide Service Solutions Pty Ltd,199221.95 AUD,28/07/20,3678
INV303828,Melbourne Town Hall venue management,ShowtimeEventGroupPtyLtd,2815.12,27 April 2026,3670
INV303829,Integrated security services,National  Protective  Services  Pty  Ltd,11856.96,28/02/07,3686
INV303830,Tree management maintenance services,Citywide Service Solutions Pty Ltd,0.1m,05-Apr-2027,3678
INV303831,Parking technology services,Reino  International  Pty  Ltd  T/A  Duncan  Solutions,157443.04 AUD,24 July 2027,3623
INV303832,Graffiti management and pressure cleaning services,calcorp services pty ltd,0.2m,18/07/2029,3668
INV303833,Integrated security services,National Protective Services Pty Ltd,60951.27,17/10/2027,3686
INV303834,Integrated security services,national protective services pty ltd,114285.65 AUD,01/12/2025,3686
INV303835,Civil infrastructure services,Citywide Service Solutions Pty Ltd,154902.98 AUD,03/10/2029,3665
INV303836,Graffiti management and pressure cleaning services,Calcorp Services Pty Ltd,0.0m,2026-10-02, 
INV303837,Melbourne Town Hall venue management,Showtime Event Group Pty Ltd,180735.92,22 November 2027,3670
INV303838,Vehicle tow away and impound services,Nationwide  Towing  Services,0.1m,2028-11-22,3585
INV303839,Melbourne Town Hall venue management,Showtime Event Group Pty Ltd,90993.9,28 September 2026,3670
INV303840,Building maintenance services,Programmed Facility Management Pty Ltd,234395.73 AUD,01/01/2026,3630
INV303841,Open spaces management - region 1,Citywide Service Solutions Pty Ltd (AUS),"$204,054.92",2027-01-18,3676
INV303842,Melbourne Town Hall venue management,Showtime Event Group P/L,"$153,021.33",2025-06-17,3670
INV303843,Waste management services,Cleanaway Waste Management Limited,0.2m,18-Apr-2027,3556
INV303844,Open spaces management - region 1,Citywide Service Solutions Pty. Ltd.,,02 May 2025,3676
INV303845,Building cleaning services,Menzies International (Aust) Pty Ltd,"$244,890.71",2025-01-04,3634
INV303846,Open spaces management - region 2,SERCO,113755.58,28/09/10,3677
INV303847,Vehicle tow away and impound services,Nationwide,127105.97,22-Sep-2028,3585
INV303848,Civil infrastructure services,Citywide,"$158,240.97",02 August 2029,3665
INV303849,Building maintenance services,Programmed Facility Management Pty Ltd,59607.82,27/01/06,3630
INV303850,Street cleaning,spotless facility services pty ltd,0.2m,2025-06-22, 
INV303851,Waste management services,Cleanaway Waste Management Limited,0.1m,19/04/2025,3556
INV303852,Tree management maintenance services,Citywide  Service  Solutions  Pty  Ltd,0.0m,28-Jan-2028,3678
INV303853,Parking technology services,Reino International Pty Ltd T/A Duncan Solutions,"$105,116.61",07 July 2028,3623
INV303854,Melbourne Town Hall venue management,ShowtimeEventGroupPtyLtd,"$165,851.56",01 February 2028,3670
INV303855,Building cleaning services,Menzies International (Aust) Pty Ltd (AUS),1571.25,27/01/07,3634
INV303856,Melbourne Town Hall venue management,Showtime Event Group Pty Ltd,"$139,143.54",17/09/2028,3670
INV303857,Building maintenance services,SERCO,,2029-08-07,3677
INV303858,Vehicle tow away and impound services,Nationwide Towing Services,212131.67 AUD,23/09/2025,3585
INV303859,Building cleaning services,MENZIES INTERNATIONAL (AUST) PTY LTD,0.2m,04/01/2028,3634
INV303860,Building maintenance services,Programmed  Facility  Management  Pty  Ltd,43209.69,21/03/2026,3630
INV303861,Building maintenance services,Programmed Facility Management P/L,"$225,633.47",10 August 2027,3630
INV303862,Open spaces management - region 2,Serco,0.2m,29/05/18,3677
INV303863,Waste management services,CLEANAWAY WASTE MANAGEMENT LIMITED,150962.34,2029-06-20,3556
INV303864,Open spaces management - region 1,Citywide Sedvice Solutions Pty Ltd,193908.78,19/03/2026,3676
INV303865,Open spaces management - region 1,Citywide Service Solutions Pty. Ltd.,93796.82,17/10/2027,3676
INV303866,Street cleaning,Spotless Facilitb Services Pty Ltd,166564.06,17/07/2027, 
INV303867,Street cleaning,Spotless Facility Services Pty Ltd (AUS),82396.13,21 April 2025,3669
INV303868,Building cleaning services,menzies international (aust) pty ltd,"$220,074.84",03/02/2026,3634
INV303869,Street cleaning,Spotless Facility Services Pty Ltd,38504.2,17-Jan-2028,3669
INV303870,Building cleaning services,menzies international (aust) pty ltd,155223.59,04/03/2029,3634
INV303871,Graffiti management and pressure cleaning services,Calcorp Services Pty Ltd (AUS),"$11,569.64",2027-02-23,3668
INV303872,Vehicle tow away and impound services,Nationwide Towing Services,0.2m,07 April 2028,3585
INV303873,Building maintenance services,Programmed Facility Manazement Pty Ltd,"$44,027.96",2025-12-23,3630
INV303874,Building maintenance services,Programmed Facility Management Pty Ltd (AU),171009.36 AUD,04/02/2027,3630
INV303875,Civil infrastructure services,Citywide Service Solutions Pty Ltd,"$219,646.94",07 February 2027,3665
INV303876,Building maintenance services,Programmed,109333.43,11 September 2028,3630
INV303877,Building cleaning services,Menzies International (Aust) Pty Ltd (AUS),0.1m,05/03/2025,3634
INV303878,Integrated security services,National Protectbve Services Pty Ltd,0.2m,24/10/2025,3686
INV303879,Building cleaning services,Menzies International (Aust) P/L,72175.38 AUD,09/07/2025, 
INV303880,Integrated security services,National Protective Services Pty Ltd,0.1m,2029-05-03,3686
INV303881,Melbourne Town Hall venue management,Showtime Event Group Pty Ltd,5905.85,02 March 2025,3670
INV303882,Open spaces management - region 2,SERCO,"$34,893.8",26/12/29,3677
INV303883,Management of Active Melbourne recreation facilities,Victorian,0.1m,24-Apr-2029,3615
INV303884,Vehicle tow away and impound services,nationwide towing services,0.2m,2027-11-11,3585
INV303885,Tree management maintenance services,citywide service solutions pty ltd,"$128,361.09",27/03/18,3678
INV303886,Tree management maintenance services,CITYWIDE SERVICE SOLUTIONS PTY LTD,93851.61,2028-12-05,3678
INV303887,Management of Active Melbourne recreation facilities,Victorian,0.0m,27/03/23,3615
INV303888,Civil infrastructure services,Citywide Service Solutions Pty Ltd,236810.13,2027-03-25,3665
INV303889,Graffiti management and pressure cleaning services,Calcorp Services Pty Ltd,115542.48 AUD,26/12/28,3668
INV303890,Graffiti management and pressure cleaning services,Calcorp Services Pty Ltd (AUS),0.1m,24-Dec-2028,3668
INV303891,Waste management services,Cleanaway Waste Management Limited,0.2m,15 June 2029,3556
INV303892,Civil infrastructure services,Citywide Service Solutions Pty Ltd (AU),45889.66,07 September 2026, 
INV303893,Street cleaning,SPOTLESS FACILITY SERVICES PTY LTD,0.0m,27/03/15,3669
INV303894,Waste management services,Cleanaway Waste Mdnagement Limited,"$235,534.82",29-Oct-2025,3556
INV303895,Integrated security services,National Protective Services Pty Ltd,119980.41 AUD,29/01/06,3686
INV303896,Open spaces management - region 2,SERCO,13169.95 AUD,2026-10-24,3677
INV303897,Waste management services,Cleanaway Waste ManagementzLimited,217354.95,05/02/2025,3556
INV303898,Open spaces management - region 2,SERCO,"$240,572.15",22 August 2029,3677
INV303899,Tree management maintenance services,Citywide Service Solutions Pty Ltd (AU),121297.81,2025-08-01,3678
INV303900,Building cleaning services,Menzies International (Aust) Pty Ltd,240389.86,14 July 2027,3634
INV303901,Parking technology services,Reino Int’l Pty Ltd T/A Duncan Solutions,"$147,793.63",14 November 2028,3623
INV303902,Vehicle tow away and impound services,NationwidezTowing Services,37391.05,19 October 2026,3585
INV303903,Melbourne Town Hall venue management,Showtime Event Group Pty Ltd (AUS),24615.97,09 April 2029,3670
INV303904,Civil infrastructure services,CitywideServiceSolutionsPtyLtd,"$84,919.38",25/03/27,3665
INV303905,Building cleaning services,Menzies International (Aust) Pty Ltd,44039.89,2025-10-08,3634
INV303906,Street cleaning,Spotless Facility Services Pty Ltu,13186.95,2029-01-26,3669
INV303907,Vehicle tow away and impound services,nationwide towing services,37646.38,06/11/2028,3585
INV303908,Waste management services,Cleanaway Waste ManagementuLimited,151148.91,05/05/2029,3556
INV303909,Management of Active Melbourne recreation facilities,Victorian YMCA Community Programming Pty Ltd,218720.74,28 May 2027,3615
INV303910,Graffiti management and pressure cleaning services,Calcorp Serv,4059.26,25/03/07,3668
INV303911,Street cleaning,CLEANAWAY WASTE MANAGEMENT LIMITED,85390.87,30-Sep-2025,3556
INV303912,Waste management services,Cleanaway,0.2m,04-Apr-2027,3556
INV303913,Integrated security services,National Protective Services Pty Ltd (AU),"$154,802.35",10-Jul-2026,3686
INV303914,Melbourne Town Hall venue management,Showtime Event Group Pty Ltd,0.1m,07 November 2028,3670
INV303915,Waste management services,Cleanaway Waste Mgmt Limited,132710.34,04 September 2027,3556
INV303916,Parking technology services,Reino International Pty Ltd T/A Duncan Solutions,0.1m,04 July 2028,3623
INV303917,Management of Active Melbourne recreation facilities,VictorianYMCACommunityProgrammingPtyLtd,"$142,567.05",13/04/2028, 
INV303918,Waste management services,Cleanaway Waste Management Limited,"$103,685.7",29/04/14,3556
INV303919,Waste management services,Cleanaway Waste Management Limited,0.2m,23/05/2025,3556
INV303920,Civil infrastructure services,Citywide Service Solutions P/L,147350.28,24/12/2029,3665
INV303921,Tree management maintenance services,Citywide  Service  Solutions  Pty  Ltd,"$180,424.08",09/02/2025,3678
INV303922,Integrated security services,National Protective Services Pty Ltd (AU),74144.15,29/06/2028,3686
INV303923,Integrated security services,NationalProtectiveServicesPtyLtd,0.1m,07 July 2029,3686
INV303924,Vehicle tow away and impound services,Nationwide To,164578.44 AUD,02-Oct-2027,3585
INV303925,Integrated security services,National Protective Services P/L,"$165,319.36",26 September 2029,3686
INV303926,Graffiti management and pressure cleaning services,Calcorp Services Pty Ltd,120922.71 AUD,11-Apr-2026, 
INV303927,Melbourne Town Hall venue management,Showtnme Event Group Pty Ltd,213562.27,24-Oct-2025,3670
INV303928,Parking technology services,Reino  International  Pty  Ltd  T/A  Duncan  Solutions,0.2m,07/06/2028,3623
INV303929,Tree management maintenance services,Citywide Service Solutions Pty Ltd (AU),222051.48,28/02/15,3678
INV303930,Open spaces management - region 1,Citywide  Service  Solutions  Pty  Ltd,0.2m,09-Dec-2029, 
INV303931,Management of Active Melbourne recreation facilities,Victorian Ymca Community Programming Pty Ltd,60323.31 AUD,30/12/2028,3615
INV303932,Building maintenance services,programmed facility management pty ltd,0.1m,31/05/2026,3630
INV303933,Integrated security services,National Protective Services Pty Ltd,98253.34,26 April 2029,3686
INV303934,Melbourne Town Hall venue management,Showtime Event Group Pty Ltd,,,3670
INV303935,Building maintenance services,programmed facility management pty ltd,44925.45,01 October 2029,3630
INV303936,Parking technology services,ReinoInternationalPtyLtdT/ADuncanSolutions,123592.38,30/01/2027,3623
INV303937,Civil infrastructure services,citywide service solutions pty ltd,247182.57,28/04/2029,3665
INV303938,Waste management services,Cleanaway Waste Management LTD,0.2m,2025-02-19,3556
INV303939,Integrated security services,NationalProtectiveServicesPtyLtd,0.2m,11/04/2027,3686
INV303940,Civil infrastructure services,Citywide Service Solutions Pty. Ltd.,168609.43,14/06/2025,3665
INV303941,Parking technology services,Reino International Pty Ltd T/A Duncan Solutions,0.2m,16-May-2027,3623
INV303942,Integrated security services,NATIONAL PROTECTIVE SERVICES PTY LTD,224943.49 AUD,23 June 2027, 
INV303943,Vehicle tow away and impound services,Nationwide Towing Services,203825.15,28/01/08,3585
INV303944,Vehicle tow away and impound services,Citywide,25864.19,06/10/2028,3665
INV303945,Civil infrastructure services,Citywide Service Solutions Pty Ltd (AU),"$218,415.97",29 March 2029,3665
INV303946,Vehicle tow away and impound services,Nationwide eowing Services,"$186,837.29",27/08/01,3585
INV303947,Vehicle tow away and impound services,NATIONWIDE TOWING SERVICES,0.0m,18 July 2026,3585
INV303948,Graffiti management and pressure cleaning services,Calcorp Services P/L,166949.04,23-Jul-2026,3668
INV303949,Graffiti management and pressure cleaning services,Calcorp Services Pty Ltd (AUS),158742.38 AUD,21/04/2029,3668
INV303950,Parking technology services,Reino International Pty Ltd T/A Duncan Solutions (AU),36266.42,06 September 2027,3623
INV303951,Tree management maintenance services,Citywide Service Solutions P/L,0.1m,23/09/2027,3678
INV303952,Building cleaning services,MenziesInternational(Aust)PtyLtd,"$181,468.82",24 December 2026,3634
INV303953,Open spaces management - region 1,Citywide Service Solutions Pty Ltd (AUS),"$9,639.02",05-Dec-2029,3676
INV303954,Tree management maintenance services,Citywide Service ,20495.19 AUD,21/12/2027,3678
INV303955,Civil infrastructure services,Citywide Servmce Solutions Pty Ltd,,05/12/2029,3665
INV303956,Civil infrastructure services,Citywide,232349.68 AUD,16-Mar-2025,3665
INV303957,Melbourne Town Hall venue management,ShowtimeEventGroupPtyLtd,88796.31 AUD,27/10/29,3670
INV303958,Integrated security services,NationalfProtective Services Pty Ltd,232217.96 AUD,16 March 2027,3686
INV303959,Street cleaning,Spotless Facility Services P/L,34228.32,29/07/25,3669
INV303960,Open spaces management - region 1,Citywide Service Solutions P/L,18286.8,15/02/2029,3676
INV303961,Graffiti management and pressure cleaning services,Calcorp Services Pty Ltd (AUS),7589.48,07-Oct-2028,3668
INV303962,Graffiti management and pressure cleaning services,Calcorp Serv,675.98 AUD,14/02/2025,3668
INV303963,Building cleaning services,Menzies International (Aust) Pty Ltd (AUS),35952.95 AUD,25/10/23,3634
INV303964,Open spaces management - region 2,SERCO,0.2m,31/01/2025,3677
INV303965,Graffiti management and pressure cleaning services,Calcorp Serv,0.1m,31/05/2026,3668
INV303966,Open spaces management - region 1,Citywide Service ,0.2m,29/01/2025,3676
INV303967,Integrated security services,National Protective Services Pty Ltd,230933.99,13/06/2025,3686
INV303968,Graffiti management and pressure cleaning services,CALCORP SERVICES PTY LTD,13983.29,12 May 2026, 
INV303969,Parking technology services,Reino International P/L T/A Duncan Solutions,113365.31,16/08/2027,3623
INV303970,Tree management maintenance services,Citywide Service Soyutions Pty Ltd,133400.37,25/11/16,3678
INV303971,Civil infrastructure services,Citywide Service yolutions Pty Ltd,"$127,582.83",13-Oct-2029,3665
INV303972,Parking technology services,Reino International Pty Ltd T/A Duncan Solutions,89842.43,28/07/17,3623
INV303973,Civil infrastructure services,Citywide Service Solutions P/L,"$110,415.61",26/03/29,3665
INV303974,Building maintenance services,Menzies International (Aust) Pty Ltd (AUS),214784.5,15-Oct-2027,3634
INV303975,Integrated security services,National Protective Services Pty Ltd,124238.96 AUD,11 August 2028,3686
INV303976,Vehicle tow away and impound services,Nationwide Towing Services (AUS),0.2m,2029-06-06,3585
INV303977,Management of Active Melbourne recreation facilities,Victorian YMCA Community Programming Pty Ltd,41617.88,2027-02-09,3615
INV303978,Open spaces management - region 2,Menzies International (Aust) P/L,88095.48,25-Dec-2026,3634
INV303979,Street cleaning,Spotless Facility,"$218,818.23",2025-03-17, 
INV303980,Open spaces management - region 2,SERCO,165860.15 AUD,03/11/2029,3677
INV303981,Vehicle tow away and impound services,Nationwide Towing Services,73990.92,11 March 2027,3585
INV303982,Graffiti management and pressure cleaning services,calcorp services pty ltd,16872.42 AUD,07/01/2025,3668
INV303983,Open spaces management - region 2,SERCO,44929.74 AUD,27-Jun-2028,3677
INV303984,Vehicle tow away and impound services,Programmed Facility Management Pty Ltd,230204.8,29/08/03,3630
INV303985,Open spaces management - region 1,Programmed Facility Management Pty Ltd,0.2m,13-Aug-2029,3630
INV303986,Civil infrastructure services,Citywide Service Solutions Pty Ltd (AUS),224503.06,2029-06-16,3665
INV303987,Open spaces management - region 2,Nationwide Towing Services (AUS),0.2m,29-Feb-2028,3585
INV303988,Waste management services,Cleanaway Waste Mgmt Limited,0.0m,06/08/2029,3556
INV303989,Management of Active Melbourne recreation facilities,Victorian YMCA Community Programming Pty Ltd (AU),112285.71,22/09/2025,3615
INV303990,Management of Active Melbourne recreation facilities,Victorian YMCA Community Programming Pty. Ltd.,"$179,004.16",2026-07-11,3615
INV303991,Open spaces management - region 2,SERCO,23964.5,31 January 2027,3677
INV303992,Tree management maintenance services,Citywide  Service  Solutions  Pty  Ltd,239335.62,2025-10-10,3678
INV303993,Civil infrastructure services,CitywideServiceSolutionsPtyLtd,186647.06,2026-02-02, 
INV303994,Management of Active Melbourne recreation facilities,Victorian YMCA Community Programming Pty Ltd (AUS),44445.22,15/11/2027,3615
INV303995,Building cleaning services,Menzies Intzrnational (Aust) Pty Ltd,"$150,875.72",25/05/19,3634
INV303996,Management of Active Melbourne recreation facilities,Victorian YMCA Community Programming P/L,0.2m,15 June 2028,3615
INV303997,Management of Active Melbourne recreation facilities,Victorian YMCA Community Programming Pty Ltd,"$92,013.59",22/10/2029, 
INV303998,Melbourne Town Hall venue management,SHOWTIME EVENT GROUP PTY LTD,79092.24,01/07/2026,3670
INV303999,Tree management maintenance services,Citywide Service Solutions Pty Ltd (AUS),71352.96 AUD,30 July 2028,3678
INV304000,Civil infrastructure services,Citywide Service Solutions P/L,169440.1 AUD,2028-04-30,3665
