InvoiceID,ContractTitle,Provider,InvoiceAmount,InvoiceDate,ContractNumber
INV268001,Building cleaning services,Menzies International (Aust) Pty Ltd,0.1m,27/11/28,3634
INV268002,Open spaces management - region 1,Reino International Pty Ltd T/A Duncan Solutions (AU),86726.56,22/02/2028,3623
INV268003,Management of Active Melbourne recreation facilities,Victorian,80950.61,04-Feb-2027,3615
INV268004,Civil infrastructure services,Citywide Service Solutions Pty Ltd,"$121,163.93",07/05/2029,3665
INV268005,Building maintenance services,Programmed Facility Management Pty Ltd,0.0m,03 August 2027,3630
INV268006,Building maintenance services,Programmed  Facility  Management  Pty  Ltd,"$52,249.55",27 April 2029,3630
INV268007,Tree management maintenance services,Citywide Service Solutions Pty Ltd,"$163,083.65",27/05/25,3678
INV268008,Street cleaning,Spotless  Facility  Services  Pty  Ltd,"$93,827.12",05 March 2027,3669
INV268009,Open spaces management - region 1,Citywide Service Solutions Pty Ltd,0.1m,2029-02-28,3676
INV268010,Integrated security services,National Protective Services Pty Ltd,"$18,723.87",27/09/07,3686
INV268011,Building maintenance services,Programmed Facility,30693.27,17-Jul-2025,3630
INV268012,Melbourne Town Hall venue management,Showtime Event Group P/L,213279.64,14/12/2027,3670
INV268013,Melbourne Town Hall venue management,showtime event group pty ltd,74034.84,14-Mar-2027,3670
INV268014,Street cleaning,Spotless Facility Services P/L,221497.51 AUD,29/03/22,3669
INV268015,Street cleaning,Spotless Facility Services Pty Ltd,209413.26,21/02/2029,3669
INV268016,Integrated security services,NATIONAL PROTECTIVE SERVICES PTY LTD,127936.31,29 July 2029,3686
INV268017,Tree management maintenance services,Citywide,143031.01,22/05/2027,3678
INV268018,Tree management maintenance services,Citywide Service Solutions Pty Ltd,"$149,386.9",08/04/2026,3678
INV268019,Waste management services,CleanawayWasteManagementLimited,15824.52 AUD,18/07/2029,3556
INV268020,Open spaces management - region 1,Citywide Service Solutions Pty Ltd,74499.63,29/08/13,3676
INV268021,Street cleaning,SpotlessFacilityServicesPtyLtd,0.0m,28/09/05,3669
INV268022,Parking technology services,Reino International Pty Ltd T/A Duncan Solutions,0.1m,19/02/2025,3623
INV268023,Open spaces management - region 1,Citywide,231438.4,07/09/2026,3676
INV268024,Civil infrastructure services,Citywide Service Solutions Pty Ltd,240127.59,29/01/25,3665
INV268025,Building maintenance services,Pzogrammed Facility Management Pty Ltd,0.1m,27/03/06,3630
INV268026,Vehicle tow away and impound services,Nationwide,0.0m,04/08/2028,3585
INV268027,Open spaces management - region 1,Citywide Service Solutions Pty Ltd,198631.12,13/02/2027,3676
INV268028,Waste management services,cleanaway waste management limited,38998.86,26/05/11,3556
INV268029,Integrated security services,National,225452.81 AUD,03 February 2027,3686
INV268030,Open spaces management - region 1,Citywide Service ,200375.61,28-Apr-2027,3676
INV268031,Building cleaning services,Menzies International (Aust) Pty Ltd,27464.57,27/02/19,3634
INV268032,Management of Active Melbourne recreation facilities,Victorian YMCA Community Programming P/L,"$132,943.51",29/06/08,3615
INV268033,Waste management services,CleanawayWasteManagementLimited,73477.84 AUD,11-Feb-2027,3556
INV268034,Waste management services,Cleanaway Waste Management Limited,0.1m,,3556
INV268035,Integrated security services,National Protective Services Pty Ltd,182055.1,29/10/08,3686
INV268036,Management of Active Melbourne recreation facilities,Victorian  YMCA  Community  Programming  Pty  Ltd,"$239,300.47",24/12/2025,3615
INV268037,Street cleaning,spotless facility services pty ltd,"$202,269.74",25-Oct-2026,3669
INV268038,Vehicle tow away and impound services,Nationwide Towing Services (AUS),143127.75 AUD,27-Oct-2025,3585
INV268039,Vehicle tow away and impound services,Nationwide Towing Services (AU),41881.94,21 August 2027,3585
INV268040,Building maintenance services,ProgrammedFacilityManagementPtyLtd,83005.69,15/05/2025,3630
INV268041,Integrated security services,NATIONAL PROTECTIVE SERVICES PTY LTD,30431.27,2029-09-27,3686
INV268042,Waste management services,Cleanaway Waste Management Limited,140528.4,25/08/2029,3556
INV268043,Management of Active Melbourne recreation facilities,Victorian YMCA Community Programming Pty Ltd,"$69,163.85",28 December 2028,3615
INV268044,Civil infrastructure services,Citywide Service Solutions Pty. Ltd.,100400.32 AUD,22/01/2025,3665
INV268045,Integrated security services,National  Protective  Services  Pty  Ltd,94012.15 AUD,2025-11-01,3686
INV268046,Open spaces management - region 1,Citywide Service Solutions Pty Ltd (AUS),126335.45,29/01/2029,3676
INV268047,Waste management services,Cleanaway Waste Mgmt Limited,0.1m,27-Jan-2025,3556
INV268048,Management of Active Melbourne recreation facilities,Victorian Ymca Community Programming Pty Ltd,5585.78 AUD,16/06/2025,3615
INV268049,Tree management maintenance services,CitywideServiceSolutionsPtyLtd,225664.45,19/03/2026,3678
INV268050,Street cleaning,Spotless  Facility  Services  Pty  Ltd,"$67,236.08",2029-02-08,3669
INV268051,Graffiti management and pressure cleaning services,Calcorp ServicesdPty Ltd,0.1m,27/06/03,3668
INV268052,Tree management maintenance services,Citywide Service Solutions Pty Ltd (AU),0.1m,2025-12-18,3678
INV268053,Melbourne Town Hall venue management,SHOWTIME EVENT GROUP PTY LTD,"$65,942.99",16/05/2025,3670
INV268054,Vehicle tow away and impound services,nationwide towing services,0.2m,2029-03-29,3585
INV268055,Melbourne Town Hall venue management,Showtime Event GroupjPty Ltd,"$50,527.7",07/10/2027,3670
INV268056,Civil infrastructure services,Citywide Service Solutions Pty. Ltd.,0.1m,04/11/2027, 
INV268057,Melbourne Town Hall venue management,Showtime,"$78,124.75",10/09/2025,3670
INV268058,Integrated security services,Programmed Facility Management Pty Ltd,"$156,126.68",24-Aug-2029,3630
INV268059,Building cleaning services,Menzies International (Aust) Pty. Ltd.,0.1m,21-Apr-2028,3634
INV268060,Civil infrastructure services,Citywide Service Solutiona Pty Ltd,"$91,417.38",14/10/2027,3665
INV268061,Waste management services,Cleanaway Waste M,95788.04,29/02/05,3556
INV268062,Parking technology services,Reino Intl Pty Ltd T/A Duncan Solutions,"$132,356.6",14 October 2026,3623
INV268063,Tree management maintenance services,Citywide Service Solutions P/L,0.0m,02 July 2029,3678
INV268064,Building maintenance services,Programmed Facility Management Pty. Ltd.,"$20,173.45",29/11/25,3630
INV268065,Open spaces management - region 1,Citywide Service Solutions Pty Ltd,"$9,536.14",04/06/2028,3676
INV268066,Integrated security services,National,"$116,110.54",26/06/01,3686
INV268067,Parking technology services,ReinoInternationalPtyLtdT/ADuncanSolutions,193103.35 AUD,2026-07-06,3623
INV268068,Open spaces management - region 1,Citywide Service Solutions Pty Ltd,626.18 AUD,12/09/2029,3676
INV268069,Management of Active Melbourne recreation facilities,Victorian YMCA Communi,83032.07,03/03/2027,3615
INV268070,Integrated security services,National Protectiv,"$162,158.02",23 December 2029,3686
INV268071,Open spaces management - region 1,Citywide Service Solutions P/L,114126.21,16 August 2028,3665
INV268072,Street cleaning,Spotless,"$143,030.25",29/02/20,3669
INV268073,Open spaces management - region 1,Citywide Service Solutions Pty Ltd (AUS),36749.29,29/10/2029,3676
INV268074,Building maintenance services,programmed facility management pty ltd,219807.35 AUD,20 July 2029,3630
INV268075,Street cleaning,Victorian YMCA Community Programming Pty Ltd (AU),2115.93,22-Jan-2026,3615
INV268076,Waste management services,CLEANAWAY WASTE MANAGEMENT LIMITED,132091.33 AUD,13 August 2027,3556
INV268077,Street cleaning,Spotless Facility Services Pty Ltd,0.2m,03 November 2029,3669
INV268078,Integrated security services,Calcorp  Services  Pty  Ltd,"$111,624.83",2025-03-08,3668
INV268079,Parking technology services,Reino International Pty Ltd T/A Duncan Solutions,0.2m,27/01/11,3623
INV268080,Parking technology services,ReinoInternationalPtyLtdT/ADuncanSolutions,"$203,858.33",01/06/2026,3623
INV268081,Parking technology services,Reino Intl Pty Ltd T/A Duncan Solutions,146389.21 AUD,08/05/2027,3623
INV268082,Integrated security services,National Protective Services Pty Ltd (AUS),0.2m,26 April 2027,3686
INV268083,Building maintenance services,Programmed Facility Management Pty Ltd,58750.15 AUD,04-Jun-2026,3630
INV268084,Waste management services,Cleanaway,,17/11/2029,3556
INV268085,Parking technology services,Reino International Pty ,220041.67,2028-09-26,3623
INV268086,Building maintenance services,Programmed Facility Management Pty Ltd,28785.93,,3630
INV268087,Building maintenance services,ProgrammedFacilityManagementPtyLtd,10480.46,2025-03-21,3630
INV268088,Melbourne Town Hall venue management,Nationwide,0.1m,25/04/2027,3585
INV268089,Vehicle tow away and impound services,Nationwide To,0.1m,21/09/2028,3585
INV268090,Waste management services,Cleanawny Waste Management Limited,0.2m,28/04/08,3556
INV268091,Parking technology services,Reino International Pty. Ltd. T/A Duncan Solutions,184224.54,29/04/24,3623
INV268092,Melbourne Town Hall venue management,Showtime Event Group Pty. Ltd.,117040.64,25/11/26,3670
INV268093,Street cleaning,Spotless Facility Services P/L,154506.72,25/10/2028,3669
INV268094,Melbourne Town Hall venue management,Showtime Event Group Pty Ltd,147625.64,2028-03-04,3670
INV268095,Open spaces management - region 2,SEmCO,112656.03 AUD,27/09/02,3677
INV268096,Parking technology services,reino international pty ltd t/a duncan solutions,163168.53 AUD,03/08/2026,3623
INV268097,Graffiti management and pressure cleaning services,Calcorp  Services  Pty  Ltd,0.1m,,3668
INV268098,Open spaces management - region 1,Citywide Service ,180967.44 AUD,20/05/2028,3676
INV268099,Building maintenance services,Programmed  Facility  Management  Pty  Ltd,183255.7,04/01/2025,3630
INV268100,Open spaces management - region 2,SERCO,191748.85,2027-06-05,3677
INV268101,Management of Active Melbourne recreation facilities,Victorian YMCA Community Programming Pty Ltd,"$26,727.37",24/03/2025,3615
INV268102,Vehicle tow away and impound services,Nationwide Towing Services,175939.15,2028-12-24,3585
INV268103,Melbourne Town Hall venue management,Showtime Event,"$206,895.38",09/03/2027,3670
INV268104,Tree management maintenance services,citywide service solutions pty ltd,0.1m,14-Mar-2029, 
INV268105,Building maintenance services,Programmed Facility,48355.88 AUD,07 January 2027,3630
INV268106,Management of Active Melbourne recreation facilities,victorian ymca community programming pty ltd,242980.32 AUD,01 February 2028,3615
INV268107,Melbourne Town Hall venue management,Showtime,69520.72,01/05/2029,3670
INV268108,Parking technology services,Reino International Pty Ltd T/A Duncan Solutions (AUS),"$206,862.67",29/11/19,3623
INV268109,Integrated security services,Citywide,168610.95 AUD,2029-09-05,3676
INV268110,Graffiti management and pressure cleaning services,Calcorp  Services  Pty  Ltd,"$104,196.47",2025-09-12,3668
INV268111,Open spaces management - region 2,SERCr,164437.26 AUD,04 January 2025,3677
INV268112,Parking technology services,reino international pty ltd t/a duncan solutions,"$91,242.18",2028-08-16,3623
INV268113,Open spaces management - region 1,CITYWIDE SERVICE SOLUTIONS PTY LTD,184979.82,25 January 2028,3676
INV268114,Management of Active Melbourne recreation facilities,victorian ymca community programming pty ltd,113034.91,16/06/2026,3615
INV268115,Building maintenance services,Programmed Facility Management Pty Ltd (AU),"$79,085.07",10-Apr-2025,3630
INV268116,Street cleaning,Spotless Facility,88039.2,31/01/2025,3669
INV268117,Open spaces management - region 2,SERCO,11506.68 AUD,05/04/2026,3677
INV268118,Open spaces management - region 1,Citywide Service Solutions Pty Ltd,146494.57 AUD,29/11/24,3676
INV268119,Graffiti management and pressure cleaning services,calcorp services pty ltd,"$182,798.32",05-May-2028,3668
INV268120,Management of Active Melbourne recreation facilities,Victorian YMCA Community Programming Pty Ltd,0.0m,21/08/2025,3615
INV268121,Parking technology services,Reino International Pty Ltd T/A Duncan Solutions,0.2m,19/11/2025,3623
INV268122,Civil infrastructure services,Citywide Service ,"$37,788.52",2029-06-13,3665
INV268123,Vehicle tow away and impound services,NATIONWIDE TOWING SERVICES,155802.66 AUD,02/07/2027,3585
INV268124,Integrated security services,National Protective Services Pty Ltd,38936.89,31-Jan-2026,3686
INV268125,Civil infrastructure services,citywide service solutions pty ltd,99544.84 AUD,2028-05-16, 
INV268126,Tree management maintenance services,Citywide Service Solutions P/L,"$202,411.91",24/11/2028,3678
INV268127,Management of Active Melbourne recreation facilities,VICTORIAN YMCA COMMUNITY PROGRAMMING PTY LTD,226506.88,16/04/2027,3615
INV268128,Integrated security services,National  Protective  Services  Pty  Ltd,160441.03,15/12/2026,3686
INV268129,Vehicle tow away and impound services,Nationwide Towing Services,"$223,737.89",07-Aug-2027,3585
INV268130,Civil infrastructure services,Citywide  Service  Solutions  Pty  Ltd,"$127,683.33",2029-02-17,3665
INV268131,Open spaces management - region 1,Citywide Service Solutiors Pty Ltd,0.0m,2029-07-02,3676
INV268132,Street cleaning,Spotless Facility Services Pty Ltd,"$124,870.41",02 October 2026,3669
INV268133,Street cleaning,Spotless Facility Services Pty Ltd (AU),57812.32 AUD,28/12/2028,3669
INV268134,Graffiti management and pressure cleaning services,Calcorp Services Pty Ltd (AUS),"$175,385.89",07-Aug-2029,3668
INV268135,Civil infrastructure services,citywide service solutions pty ltd,0.1m,27 June 2026,3665
INV268136,Street cleaning,Spotless Facility Services Pty Ltd,51813.08 AUD,17/06/2028,3669
INV268137,Building cleaning services,MenziesInternational(Aust)PtyLtd,81727.16,09-Feb-2029,3634
INV268138,Waste management services,Cleanaway Waste Management Limited (AUS),"$228,841.33",25/06/03,3556
INV268139,Waste management services,CLEANAWAY WASTE MANAGEMENT LIMITED,9785.09,12-Oct-2026,3556
INV268140,Integrated security services,National Protective Services Pty Ltd,196787.54,12/11/2025,3686
INV268141,Civil infrastructure services,Citywide,"$19,025.34",31-Jul-2028,3665
INV268142,Waste management services,CleanawayWasteManagementLimited,0.0m,27/03/17,3556
INV268143,Civil infrastructure services,Citywide Service Solutions Pty Ltd,0.2m,28/04/05,3665
INV268144,Building maintenance services,Programmed  Facility  Management  Pty  Ltd,,17 May 2025,3630
INV268145,Graffiti management and pressure cleaning services,Victorian Ymca Community Programming Pty Ltd,77536.71,29/12/14,3615
INV268146,Open spaces management - region 1,Citywide Service Solutions Ptl Ltd,0.2m,2026-03-27,3676
INV268147,Vehicle tow away and impound services,Nationwide To,237889.46 AUD,09-Jun-2026,3585
INV268148,Street cleaning,Spotless Facility,180490.43,19 April 2027,3669
INV268149,Integrated security services,National Protective Services Pty. Ltd.,42291.89 AUD,2025-10-26,3686
INV268150,Street cleaning,spotless facility services pty ltd,226017.58 AUD,03 September 2026,3669
INV268151,Management of Active Melbourne recreation facilities,Victorian  YMCA  Community  Programming  Pty  Ltd,5914.89,31-May-2029,3615
INV268152,Building maintenance services,programmed facility management pty ltd,0.2m,07-Aug-2028,3630
INV268153,Integrated security services,national protective services pty ltd,45155.87,2025-07-09,3686
INV268154,Vehicle tow away and impound services,Nationwide To,185513.82 AUD,27/09/15,3585
INV268155,Melbourne Town Hall venue management,ShowtimeEventGroupPtyLtd,0.2m,25 June 2028,3670
INV268156,Street cleaning,Spotless Facility Services PtypLtd,226233.29,15 December 2029,3669
INV268157,Vehicle tow away and impound services,Nationwide dowing Services,118278.51 AUD,10 April 2028,3585
INV268158,Waste management services,Cleanaway Waste Management Limited,"$106,768.25",2029-03-13,3556
INV268159,Management of Active Melbourne recreation facilities,Victorian YMCA Communi,"$39,873.96",19 July 2028,3615
INV268160,Waste management services,Cleanaway,"$40,568.62",30/09/2025,3556
INV268161,Melbourne Town Hall venue management,Showtime Event Group Pty Ltd,0.0m,19/03/2029,3670
INV268162,Waste management services,Cleanaway Waste Mgmt Limited,0.1m,03/07/2028,3556
INV268163,Building cleaning services,Menzies International (Aust) P/L,107699.41 AUD,29-May-2028,3634
INV268164,Tree management maintenance services,Citywide  Service  Solutions  Pty  Ltd,162315.08,03/05/2028,3678
INV268165,Tree management maintenance services,Citywide Service ,"$159,498.8",02 January 2025,3678
INV268166,Graffiti management and pressure cleaning services,Calcorp Services Pty Ltd,99836.7,08-Feb-2028,3668
INV268167,Management of Active Melbourne recreation facilities,VICTORIAN YMCA COMMUNITY PROGRAMMING PTY LTD,"$125,551.58",21/07/2026,3615
INV268168,Vehicle tow away and impound services,nationwide towing services,137950.6,05/12/2027,3585
INV268169,Graffiti management and pressure cleaning services,Calcorp Services Pty Ltd,"$49,761.33",03-Jun-2025,3668
INV268170,Open spaces management - region 2,SERCO,88486.8 AUD,29/12/22,3677
INV268171,Management of Active Melbourne recreation facilities,Victorian YMCA Community Programming Pty Ltd,77117.95,25/11/2027,3615
INV268172,Building maintenance services,programmed facility management pty ltd,95767.51,16-Feb-2025,3630
INV268173,Street cleaning,Spotless Facility Services Pty Ltd,0.0m,31 July 2029,3669
INV268174,Open spaces management - region 2,SERCO,"$121,715.32",2028-10-25,3677
INV268175,Open spaces management - region 2,Serco,46418.92,26/05/27,3677
INV268176,Melbourne Town Hall venue management,Showtime Event Group Pty Ltd (AU),0.2m,11 October 2029,3670
INV268177,Melbourne Town Hall venue management,Showtime Event Groug Pty Ltd,0.1m,06/11/2026,3670
INV268178,Building cleaning services,Menzies International (Aust) Pty. Ltd.,"$211,880.88",2026-02-27,3634
INV268179,Open spaces management - region 1,Citywide Service Solutions Pty. Ltd.,"$127,668.59",01-Feb-2026,3676
INV268180,Civil infrastructure services,Citywide Service Solutions Pty. Ltd.,0.0m,27 August 2027,3665
INV268181,Street cleaning,Spotless Facility Services P/L,"$81,145.68",28/11/18,3669
INV268182,Open spaces management - region 2,SERCO,116340.19 AUD,03-Mar-2029, 
INV268183,Street cleaning,spotless facility services pty ltd,245594.28,25/12/27,3669
INV268184,Street cleaning,Spotless  Facility  Services  Pty  Ltd,0.2m,26/03/17,3669
INV268185,Building cleaning services,Menzies Internatio,"$111,063.88",29/10/31,3634
INV268186,Waste management services,Citywide Service Solutions Pty. Ltd.,"$61,573.16",11/07/2027,3678
INV268187,Building maintenance services,Programmed Facility,"$219,467.5",25/11/07,3630
INV268188,Graffiti management and pressure cleaning services,Calcorp Services Pty Ltd (AUS),"$70,580.93",05/11/2029,3668
INV268189,Graffiti management and pressure cleaning services,CALCORP SERVICES PTY LTD,"$92,744.21",2029-08-10,3668
INV268190,Open spaces management - region 2,SERCO (AU),201366.11 AUD,2028-01-19,3677
INV268191,Civil infrastructure services,Citywide Service Solutions Pty Ltd (AUS),"$15,439.28",27/09/20,3665
INV268192,Street cleaning,Spotless Facility,151245.34,28 February 2027,3669
INV268193,Parking technology services,Reino  International  Pty  Ltd  T/A  Duncan  Solutions,0.0m,21 June 2028,3623
INV268194,Civil infrastructure services,Citywide Service Solutions Pty Ltd,178516.47 AUD,15-Jun-2026,3665
INV268195,Management of Active Melbourne recreation facilities,Victorian YMCA Community Programming P/L,0.2m,19/12/2028,3615
INV268196,Melbourne Town Hall venue management,Showtime Event Group Pty. Ltd.,0.2m,2025-03-09,3670
INV268197,Graffiti management and pressure cleaning services,Calcorp Services Pty Ltd (AU),0.0m,05-Aug-2025,3668
INV268198,Parking technology services,Reino International Pty Ltd T/A Duncan Solutions,"$43,029.03",26/02/22,3623
INV268199,Building maintenance services,Programmed Facility Management Pty. Ltd.,0.2m,11-Sep-2028,3630
INV268200,Management of Active Melbourne recreation facilities,Victorian YMCA Community Programming Pty Ltd (AUS),57041.52,13 September 2025,3615
INV268201,Open spaces management - region 2,SERCO,89600.87,05/11/2029,3677
INV268202,Building cleaning services,menzies international (aust) pty ltd,231540.45,2025-02-04,3634
INV268203,Vehicle tow away and impound services,Nationwide Towing tervices,90479.3,01/06/2028,3585
INV268204,Street cleaning,Spotless Facility Services P/L,183451.75,19 December 2029,3669
INV268205,Street cleaning,Spotless Facility Services Pty Ltd,0.1m,2025-09-09,3669
INV268206,Parking technology services,Reino Int’l Pty Ltd T/A Duncan Solutions,205963.29 AUD,28/08/10,3623
INV268207,Melbourne Town Hall venue management,Showtime Event Group P/L,"$233,438.7",06-Dec-2026,3670
INV268208,Parking technology services,Reino Int’l Pty Ltd T/A Duncan Solutions,154011.58,25/09/22,3623
INV268209,Civil infrastructure services,Citywide,70535.43,25/09/24,3665
INV268210,Parking technology services,Reino International Pty Ltd T/A Duncan Solutions,0.2m,27/09/20,3623
INV268211,Parking technology services,Reino Intl Pty Ltd T/A Duncan Solutions,204387.33 AUD,07 January 2027,3623
INV268212,Tree management maintenance services,Citywide Service Solutions P/L,0.1m,28/03/22,3678
INV268213,Building maintenance services,Programmed Facility,"$70,359.18",19 May 2029,3630
INV268214,Waste management services,Cleanaway Waste Management Limited (AU),205064.65,05 December 2026,3556
INV268215,Integrated security services,NATIONAL PROTECTIVE SERVICES PTY LTD,"$91,921.23",26/11/2028,3686
INV268216,Management of Active Melbourne recreation facilities,victorian ymca community programming pty ltd,165841.46 AUD,07/10/2027,3615
INV268217,Waste management services,Clesnaway Waste Management Limited,137595.56,22-Sep-2028,3556
INV268218,Waste management services,Cleanaway Waste Mgmt Limited,0.0m,09-Aug-2027,3556
INV268219,Melbourne Town Hall venue management,Showtime Event Group P/L,57766.34 AUD,2027-10-19,3670
INV268220,Building maintenance services,Programmed Facility Management Pty Ltd,148800.99,28/11/21,3630
INV268221,Open spaces management - region 1,Citywide Service Solutions Pty Ltd (AU),163643.9,25/09/01,3676
INV268222,Waste management services,cleanaway waste management limited,17739.95,2029-04-06,3556
INV268223,Building cleaning services,Menzies ynternational (Aust) Pty Ltd,181890.99 AUD,21 April 2025,3634
INV268224,Waste management services,CLEANAWAY WASTE MANAGEMENT LIMITED,"$219,275.78",2028-06-19,3556
INV268225,Street cleaning,Spotless Facility Services Pty. Ltd.,0.2m,07-Apr-2028,3669
INV268226,Integrated security services,Nationzl Protective Services Pty Ltd,0.2m,05/03/2028,3686
INV268227,Open spaces management - region 2,SERCO,"$82,913.16",22-Jun-2028,3677
INV268228,Graffiti management and pressure cleaning services,Calcorp Services Pty Ltd,34064.64,31-Aug-2027, 
INV268229,Waste management services,Cleanaway Waste Management Limited,168930.98,28 April 2028,3556
INV268230,Waste management services,CleanawayWasteManagementLimited,72359.18,03/01/2029,3556
INV268231,Building cleaning services,Showtime Event Group Pty Ltd (AUS),"$99,994.07",2026-12-16,3670
INV268232,Open spaces management - region 2,serco,"$177,809.86",2025-06-10,3677
INV268233,Street cleaning,Reino International Pty Ltd T/A Duncan Solutions (AUS),"$92,359.38",22-Jun-2028,3623
INV268234,Management of Active Melbourne recreation facilities,Victorian YMCA Community Programming Pti Ltd,56551.87 AUD,24/07/2025,3615
INV268235,Melbourne Town Hall venue management,Showtime Event,0.2m,07 August 2028,3670
INV268236,Vehicle tow away and impound services,Nationwide Towing Services,"$143,052.77",26/02/09,3585
INV268237,Open spaces management - region 2,SERCO,190391.45,07/09/2029,3677
INV268238,Open spaces management - region 1,Citywide Service Solutions Pty Ltd,0.2m,21 March 2029,3676
INV268239,Waste management services,CleanawayWasteManagementLimited,182164.81 AUD,16-May-2025,3556
INV268240,Graffiti management and pressure cleaning services,CALCORP SERVICES PTY LTD,66970.61,2029-02-19,3668
INV268241,Building cleaning services,Menzies International (Aust) Pty. Ltd.,35204.09 AUD,20-Dec-2029,3634
INV268242,Graffiti management and pressure cleaning services,Calcorp Services Pty Ltd,0.1m,10-Jul-2027,3668
INV268243,Building cleaning services,Menzies Int’l (Aust) Pty Ltd,0.2m,26/09/22,3634
INV268244,Management of Active Melbourne recreation facilities,Victorian YMCA Community Programming P/L,"$201,621.12",29/01/31,3615
INV268245,Building maintenance services,Programmed Facility Management Pty Ltd (AUS),43239.47,12/08/2027,3630
INV268246,Building cleaning services,MenziesInternational(Aust)PtyLtd,"$189,498.9",27/10/05,3634
INV268247,Graffiti management and pressure cleaning services,Calcorp Serv,"$10,702.54",27 June 2028,3668
INV268248,Civil infrastructure services,CitywideServiceSolutionsPtyLtd,162208.63,27/03/2026,3665
INV268249,Civil infrastructure services,CITYWIDE SERVICE SOLUTIONS PTY LTD,0.2m,28/06/2026, 
INV268250,Parking technology services,Reino International Pty ,95845.33,02/05/2029,3623
INV268251,Graffiti management and pressure cleaning services,Calcorp Services Pty Ltd,32790.54,30 July 2028,3668
INV268252,Civil infrastructure services,Citywide,"$155,846.39",2027-04-12,3665
INV268253,Vehicle tow away and impound services,Nationwide,183446.94 AUD,05/03/2025,3585
INV268254,Building cleaning services,Menzies Int’l (Aust) Pty Ltd,25138.43,03/05/2029, 
INV268255,Building maintenance services,Programmed Facility Management P/L,244347.82 AUD,2025-03-10,3630
INV268256,Building maintenance services,Programmed  Facility  Management  Pty  Ltd,"$125,761.52",24 February 2025,3630
INV268257,Open spaces management - region 1,Citywide Service Solutions Pty Ltd (AU),204995.19,13/03/2026,3676
INV268258,Open spaces management - region 2,serco,193907.91,16/03/2028,3677
INV268259,Civil infrastructure services,Citywide,0.2m,26/12/23,3665
INV268260,Integrated security services,National Protective Servides Pty Ltd,57151.11,30 January 2027,3686
INV268261,Integrated security services,National  Protective  Services  Pty  Ltd,0.0m,2029-05-18,3686
INV268262,Parking technology services,Cleanaway Waste Management Limited,4234.6,26/05/27,3556
INV268263,Tree management maintenance services,Nationride Towing Services,178122.41 AUD,14 October 2025,3585
INV268264,Building maintenance services,programmed facility management pty ltd,"$136,820.38",20/08/2026,3630
INV268265,Building cleaning services,MenziesInternational(Aust)PtyLtd,239369.84,17/09/2028,3634
INV268266,Street cleaning,Spotless Facility,233882.86 AUD,12-Mar-2026,3669
INV268267,Graffiti management and pressure cleaning services,Calcorp Services Pty Ltd (AUS),24682.19,14/01/2029,3668
INV268268,Vehicle tow away and impound services,nationwide towing services,0.1m,09/09/2026,3585
INV268269,Civil infrastructure services,SERjO,45653.01 AUD,27/08/03,3677
INV268270,Open spaces management - region 2,Serco,18376.75,02 February 2025,3677
INV268271,Open spaces management - region 2,SERCO,249195.82,27/08/25,3677
INV268272,Civil infrastructure services,Citywide Service Solutions Pty Ltd (AU),"$197,862.22",03-Jan-2026,3665
INV268273,Building cleaning services,Menzies,"$54,932.46",21/07/2025,3634
INV268274,Graffiti management and pressure cleaning services,Calcorp Services Pty. Ltd.,22833.93,14 June 2026,3668
INV268275,Waste management services,Cleanaway Waste Management Limited (AU),85022.75,01/03/2026,3556
INV268276,Parking technology services,Reino International Pty ,0.1m,2028-11-22,3623
INV268277,Street cleaning,SpotlessFacilityServicesPtyLtd,72555.68,01-Aug-2028,3669
INV268278,Tree management maintenance services,CitywideServiceSolutionsPtyLtd,"$239,399.51",17-Feb-2025,3678
INV268279,Parking technology services,Reino International Pty. Ltd. T/A Duncan Solutions,216863.21 AUD,2027-07-29,3623
INV268280,Building maintenance services,Programmed Facility Management Pty Ltd,"$106,721.81",30 June 2029, 
INV268281,Building cleaning services,Menzies Int’l (Aust) Pty Ltd,198559.17 AUD,25-May-2026,3634
INV268282,Waste management services,Cleanaway  Waste  Management  Limited,8397.29 AUD,03/10/2028,3556
INV268283,Open spaces management - region 2,SERCO,"$204,180.28",01-Jun-2027,3677
INV268284,Civil infrastructure services,Calcorp Services Pty Ltd,0.2m,30-May-2025,3668
INV268285,Building maintenance services,Programmed Facility Management Pty Ltd,228197.74,27 July 2025,3630
INV268286,Parking technology services,ReinoInternationalPtyLtdT/ADuncanSolutions,216037.39,2029-03-15,3623
INV268287,Parking technology services,REINO INTERNATIONAL PTY LTD T/A DUNCAN SOLUTIONS,182362.64,11-Aug-2028,3623
INV268288,Management of Active Melbourne recreation facilities,Victorian,173334.89,19-Dec-2026,3615
INV268289,Graffiti management and pressure cleaning services,Calcorp Services Pty. Ltd.,88703.41 AUD,25/01/29,3668
INV268290,Civil infrastructure services,Citywide Service Solutions Pty Ltd (AU),171967.56 AUD,13 November 2027,3665
INV268291,Civil infrastructure services,citywide service solutions pty ltd,"$169,425.6",2027-01-14,3665
INV268292,Melbourne Town Hall venue management,Victorian YMCA Community Programming Pty. Ltd.,73089.1 AUD,17 November 2029, 
INV268293,Open spaces management - region 2,Showtime Event Group Pty. Ltd.,41164.36,26/11/07,3670
INV268294,Vehicle tow away and impound services,Nationwide Towing Services,0.0m,29 April 2026,3585
INV268295,Building maintenance services,ProgrammedFacilityManagementPtyLtd,"$161,504.55",25/05/31,3630
INV268296,Integrated security services,National,81686.65,22-Nov-2028,3686
INV268297,Management of Active Melbourne recreation facilities,VICTORIAN YMCA COMMUNITY PROGRAMMING PTY LTD,145465.59 AUD,19-Jul-2027,3615
INV268298,Melbourne Town Hall venue management,Showtime Event Group P/L,9164.21,2029-03-05, 
INV268299,Building cleaning services,Menzies International (Aust) Pty Ltq,100959.62,12/10/2027,3634
INV268300,Melbourne Town Hall venue management,Showtime Event Group Pty Ltd,0.1m,03 August 2029,3670
INV268301,Street cleaning,Spotless  Facility  Services  Pty  Ltd,"$44,324.29",2026-06-14,3669
INV268302,Building cleaning services,CitywideServiceSolutionsPtyLtd,0.1m,29/05/2028,3676
INV268303,Graffiti management and pressure cleaning services,Calcorp Serv,176446.0 AUD,28/05/2026,3668
INV268304,Open spaces management - region 2,SERCO,0.2m,13 December 2026,3677
INV268305,Parking technology services,CitywideServiceSolutionsPtyLtd,99425.26,22/01/2029, 
INV268306,Building maintenance services,PROGRAMMED FACILITY MANAGEMENT PTY LTD,0.0m,09/04/2027,3630
INV268307,Civil infrastructure services,Citywide Service Solutions Pty Ltd,"$221,409.05",07/12/2028,3665
INV268308,Tree management maintenance services,CITYWIDE SERVICE SOLUTIONS PTY LTD,35223.09,27-Feb-2027,3678
INV268309,Building maintenance services,Programmed Facility Management Pty Ltd,121622.81 AUD,01/12/2028,3630
INV268310,Street cleaning,Spotless Facility Services Pty Ltd,241255.9 AUD,25/03/28,3669
INV268311,Parking technology services,Reino,124380.27,2027-10-11, 
INV268312,Vehicle tow away and impound services,Nationwide Towing Services (AU),,2029-12-08,3585
INV268313,Open spaces management - region 2,SERCO,122595.27 AUD,2027-01-24, 
INV268314,Open spaces management - region 2,Serco,167873.15,04-Sep-2027,3677
INV268315,Melbourne Town Hall venue management,Showtime Event Group P/L,0.2m,07-Jul-2027,3670
INV268316,Tree management maintenance services,Citywide Service Solutions Pty Lod,0.0m,17-Dec-2029,3678
INV268317,Open spaces management - region 2,SERCO,"$11,357.29",2029-03-31,3677
INV268318,Integrated security services,NATIONAL PROTECTIVE SERVICES PTY LTD,0.1m,2026-05-31,3686
INV268319,Building cleaning services,Menzies Intl (Aust) Pty Ltd,0.2m,29/01/11,3634
INV268320,Building maintenance services,Programmed Facility Management P/L,"$238,538.06",07/07/2029,3630
INV268321,Building cleaning services,Menzies International (Aust) Pty Ltd (AU),81477.08,12/10/2025, 
INV268322,Waste management services,Cleanaway,188208.35 AUD,27/08/27,3556
INV268323,Open spaces management - region 2,Serco,57631.37 AUD,07/11/2028,3677
INV268324,Management of Active Melbourne recreation facilities,Victorian YMCA Community Programming Pty Ltd (AU),200554.42,13/05/2025,3615
INV268325,Graffiti management and pressure cleaning services,Nationwide  Towing  Services,230349.05,2025-12-11,3585
INV268326,Vehicle tow away and impound services,Nationwide To,0.1m,10/02/2025,3585
INV268327,Melbourne Town Hall venue management,Showtime  Event  Group  Pty  Ltd,"$109,539.32",13/08/2028,3670
INV268328,Graffiti management and pressure cleaning services,Calcorp Servicef Pty Ltd,0.1m,03/06/2025,3668
INV268329,Integrated security services,National Protective Services Pty Ltd (AU),"$41,774.64",24 November 2028,3686
INV268330,Tree management maintenance services,Citywide Service Solutions Pty Ltd,0.1m,31/03/2026,3678
INV268331,Building maintenance services,Citywide Service Solutiocs Pty Ltd,246991.53 AUD,27/08/01,3678
INV268332,Management of Active Melbourne recreation facilities,Victorian,20673.14,27/10/30,3615
INV268333,Tree management maintenance services,CitywideServiceSolutionsPtyLtd,0.1m,26/08/25,3678
INV268334,Graffiti management and pressure cleaning services,Calcorp Services Pty. Ltd.,166354.99,26/09/2029,3668
INV268335,Tree management maintenance services,citywide service solutions pty ltd,"$219,797.78",17-Jul-2027,3678
INV268336,Management of Active Melbourne recreation facilities,Victorian YMCA Community Programming Pty Ltd,92785.0 AUD,2026-10-30,3615
INV268337,Integrated security services,National Protective Services Pty Ltd,100515.99,24-Jan-2028,3686
INV268338,Open spaces management - region 2,SERCO (AU),176406.48 AUD,29/01/21,3677
INV268339,Tree management maintenance services,Citywide Serviue Solutions Pty Ltd,152417.04 AUD,30-Jul-2028,3678
INV268340,Parking technology services,reino international pty ltd t/a duncan solutions,135968.62 AUD,30-Mar-2026,3623
INV268341,Waste management services,Cleanaway  Waste  Management  Limited,0.2m,12/11/2029,3556
INV268342,Waste management services,Cleanaway Waste Management Limited,111431.16,16 April 2025,3556
INV268343,Parking technology services,Reino Intl Pty Ltd T/A Duncan Solutions,41198.23 AUD,2028-08-02,3623
INV268344,Melbourne Town Hall venue management,Showtime  Event  Group  Pty  Ltd,"$154,677.15",2028-05-16,3670
INV268345,Vehicle tow away and impound services,Nationwide Towing Services,"$203,170.98",07 March 2029,3585
INV268346,Waste management services,Cleanaway Waste Management Limited,"$196,710.4",25/10/04,3556
INV268347,Building cleaning services,Menzies Int’l (Aust) Pty Ltd,4225.65,18 September 2028,3634
INV268348,Building maintenance services,Programmed,0.2m,23 August 2025,3630
INV268349,Open spaces management - region 2,SERCO,63372.87,28/10/01,3677
INV268350,Street cleaning,Spotless Facility Services Pty. Ltd.,"$141,290.92",15 January 2026,3669
INV268351,Vehicle tow away and impound services,NATIONWIDE TOWING SERVICES,"$217,361.81",23/07/2029,3585
INV268352,Tree management maintenance services,Citywide Service Solutions Pte Ltd,"$33,362.82",2027-10-17,3678
INV268353,Tree management maintenance services,CITYWIDE SERVICE SOLUTIONS PTY LTD,0.2m,03 April 2029,3678
INV268354,Integrated security services,NationalProtectiveServicesPtyLtd,103701.22,2027-03-22,3686
INV268355,Melbourne Town Hall venue management,Showtime Event Group P/L,"$26,655.63",15 June 2027,3670
INV268356,Management of Active Melbourne recreation facilities,Victorian,"$76,010.81",2029-02-01,3615
INV268357,Open spaces management - region 1,Citywide,0.0m,15 August 2027,3676
INV268358,Integrated security services,National Protective Services Pty Ltd (AU),"$137,051.53",19 September 2026,3686
INV268359,Parking technology services,REINO INTERNATIONAL PTY LTD T/A DUNCAN SOLUTIONS,67778.75 AUD,30/07/2028,3623
INV268360,Building maintenance services,Programmed Facility Management Pty Ltd,7417.32 AUD,14/04/2027,3630
INV268361,Vehicle tow away and impound services,Nationwide To,0.2m,30/01/01,3585
INV268362,Street cleaning,SPOTLESS FACILITY SERVICES PTY LTD,0.1m,29/02/24, 
INV268363,Graffiti management and pressure cleaning services,CALCORP SERVICES PTY LTD,136921.24,24 December 2028,3668
INV268364,Street cleaning,bpotless Facility Services Pty Ltd,222180.35 AUD,29 July 2025,3669
INV268365,Open spaces management - region 2,SERCO,248.03,03-May-2027,3677
INV268366,Melbourne Town Hall venue management,Showtime Event Group P/L,239080.65,28-May-2026,3670
INV268367,Civil infrastructure services,Victorian YMCA Community Programming Pty Ltd,54676.0 AUD,02-Jun-2028,3615
INV268368,Management of Active Melbourne recreation facilities,VICTORIAN YMCA COMMUNITY PROGRAMMING PTY LTD,148581.13 AUD,29/08/05,3615
INV268369,Management of Active Melbourne recreation facilities,Victorian YMCA Community Programming Pty Ltd,51163.72,26/06/11,3615
INV268370,Tree management maintenance services,Citywide  Service  Solutions  Pty  Ltd,"$187,762.53",15-Feb-2029,3678
INV268371,Open spaces management - region 1,Citywide Service Solutions P/L,235276.58,25-Jul-2027,3676
INV268372,Melbourne Town Hall venue management,Showtime Event,82857.2,19-Dec-2026,3670
INV268373,Building maintenance services,Programmed,131086.41,29-Jan-2028,3630
INV268374,Management of Active Melbourne recreation facilities,victorian ymca community programming pty ltd,0.0m,03/08/2029,3615
INV268375,Graffiti management and pressure cleaning services,Calcorp Services Pty Ltd,0.0m,16/10/2027,3668
INV268376,Vehicle tow away and impound services,Spotless Facility,216917.77,20/03/2027,3669
INV268377,Civil infrastructure services,Citywide Service Solutions Pty Ltd (AU),238355.94,29/02/27,3665
INV268378,Tree management maintenance services,CitywideServiceSolutionsPtyLtd,"$89,010.03",18-Nov-2025,3678
INV268379,Vehicle tow away and impound services,NationwideTowingServices,18043.74 AUD,28-Feb-2026,3585
INV268380,Building maintenance services,nationwide towing services,16777.52 AUD,2025-03-23,3585
INV268381,Tree management maintenance services,Citywide Service Solutions Pty Ltd,214790.43,12-Dec-2026,3678
INV268382,Waste management services,Cleanaway Waste ManagementzLimited,113311.78,28/06/2029, 
INV268383,Melbourne Town Hall venue management,Showtime Event,107416.34,14 November 2027,3670
INV268384,Tree management maintenance services,Citywide  Service  Solutions  Pty  Ltd,248360.05 AUD,02 March 2026,3678
INV268385,Open spaces management - region 2,SERCO,0.1m,01/08/2026,3677
INV268386,Building maintenance services,Programmed Facility Management Pty Ltd,"$31,572.73",28/01/2028,3630
INV268387,Vehicle tow away and impound services,Nationwide Towing Services,111006.26,06/01/2026,3585
INV268388,Management of Active Melbourne recreation facilities,Victorian YMCA Community Programming P/L,"$35,626.75",03-Oct-2029, 
INV268389,Waste management services,cleanaway waste management limited,153677.21,2027-12-04,3556
INV268390,Waste management services,Cleanaway Waste Mgmt Limited,0.0m,2025-12-13,3556
INV268391,Street cleaning,Spotless Facility Services Pty Ltd,"$119,923.95",28/08/2026,3669
INV268392,Building maintenance services,Programmed Facility Management Pty Ltd (AU),143484.1 AUD,2027-03-29,3630
INV268393,Waste management services,Cleanaway Waste M,210221.32,04-Aug-2027,3556
INV268394,Open spaces management - region 2,SERCO,121320.56 AUD,2029-07-27,3677
INV268395,Parking technology services,Reino International Pty Ltd T/A Duncan Solutions (AU),199669.57,02-May-2025,3623
INV268396,Tree management maintenance services,Citywide Service Solutions lty Ltd,209302.22 AUD,05 August 2029,3678
INV268397,Tree management maintenance services,Citywide Service Solutions P/L,0.0m,2029-12-15,3678
INV268398,Waste management services,Calcorp Services Pty Ltd,"$229,009.62",09/05/2029,3668
INV268399,Parking technology services,Reino International Pty Ltd T/A Duncan Solutions,127338.08,24/10/2028,3623
INV268400,Tree management maintenance services,Citywide  Service  Solutions  Pty  Ltd,"$35,178.56",11/08/2029,3678
INV268401,Melbourne Town Hall venue management,Showtime Event Group Pty Ltd,183625.82,29/12/31,3670
INV268402,Vehicle tow away and impound services,nationwide towing services,"$71,866.47",25-Oct-2029,3585
INV268403,Vehicle tow away and impound services,Nationwide Towing Services,0.0m,11/02/2028,3585
INV268404,Graffiti management and pressure cleaning services,Calcorp Services P/L,97408.21 AUD,16/08/2029,3668
INV268405,Open spaces management - region 2,SERCO,"$31,859.22",13/10/2029,3677
INV268406,Civil infrastructure services,citywide service solutions pty ltd,248390.4 AUD,04/12/2028,3665
INV268407,Building maintenance services,Programmed,"$22,234.22",25/12/09,3630
INV268408,Open spaces management - region 2,SERCO,239022.48 AUD,06 September 2027,3677
INV268409,Open spaces management - region 1,Citywide Service Solutions P/L,107875.56 AUD,02 September 2026,3676
INV268410,Parking technology services,Reino  International  Pty  Ltd  T/A  Duncan  Solutions,123579.13,24-Jul-2028,3623
INV268411,Management of Active Melbourne recreation facilities,VictorianYMCACommunityProgrammingPtyLtd,0.1m,2025-02-04,3615
INV268412,Open spaces management - region 2,SERCO,14843.21 AUD,10/04/2027,3677
INV268413,Open spaces management - region 1,Citywide Service Solutions Pty Ltd,108020.76,04 November 2027,3676
INV268414,Vehicle tow away and impound services,Nationwide Towing Services,7436.46,15/03/2029,3585
INV268415,Tree management maintenance services,litywide Service Solutions Pty Ltd,"$192,988.36",2027-11-29,3678
INV268416,Street cleaning,Spotless Facility Servizes Pty Ltd,221749.34 AUD,2029-01-25,3669
INV268417,Vehicle tow away and impound services,Nationwide Towing Services,177384.21,17 October 2026,3585
INV268418,Vehicle tow away and impound services,Nationwide  Towing  Services,0.2m,04/08/2029,3585
INV268419,Graffiti management and pressure cleaning services,Calcorp,205716.94,29/01/02,3668
INV268420,Integrated security services,National,243343.32,29/03/09,3686
INV268421,Open spaces management - region 2,Serco,,28/08/20,3677
INV268422,Parking technology services,reino international pty ltd t/a duncan solutions,16189.68 AUD,16/07/2029,3623
INV268423,Open spaces management - region 2,SERCO,41411.51,04 April 2025,3677
INV268424,Melbourne Town Hall venue management,Showtime Event Group Pty Ltd,106197.44,22/02/2025,3670
INV268425,Building maintenance services,Programmed Facility Management Pty Ltd (AU),197354.62,2025-03-10,3630
INV268426,Waste management services,Cleanaway Waste Management LTD,173759.95,29/04/2026,3556
INV268427,Vehicle tow away and impound services,Nawionwide Towing Services,195656.33 AUD,27/05/11,3585
INV268428,Graffiti management and pressure cleaning services,Calcorp Services Pty Ltd,245283.47 AUD,15 November 2026,3668
INV268429,Vehicle tow away and impound services,Nationwide Towilg Services,0.0m,04 March 2028,3585
INV268430,Civil infrastructure services,Citywide  Service  Solutions  Pty  Ltd,101654.48 AUD,2027-05-31,3665
INV268431,Waste management services,CLEANAWAY WASTE MANAGEMENT LIMITED,0.1m,27/08/04,3556
INV268432,Civil infrastructure services,Citywide Service Solutions Pty. Ltd.,140689.75,06/10/2025,3665
INV268433,Integrated security services,National Protective Services P/L,"$156,792.49",2028-04-25,3686
INV268434,Open spaces management - region 2,serco,"$85,413.72",25-May-2029,3677
INV268435,Tree management maintenance services,Citywide Service Solutions Pty Ltd (AUS),209906.06 AUD,31 March 2027,3678
INV268436,Tree management maintenance services,Citywide Service Solutions Pty Ltd (AUS),0.0m,26 April 2027,3678
INV268437,Open spaces management - region 2,SERCO,197306.83,28/03/20,3677
INV268438,Building maintenance services,Programmed,249489.96,25/10/19,3630
INV268439,Melbourne Town Hall venue management,Showtime Event,184396.45,26 May 2025,3670
INV268440,Melbourne Town Hall venue management,Showtime Event Gcoup Pty Ltd,232883.25,29/03/24,3670
INV268441,Building cleaning services,Menzies International (Aust) P/L,142860.78,13/08/2029,3634
INV268442,Parking technology services,Reino International Pty Ltd T/A Duncan Solutions,177999.43,2027-05-09,3623
INV268443,Graffiti management and pressure cleaning services,Calcorp Services Pty Ltd,215920.9,2025-08-17,3668
INV268444,Waste management services,Cleanaway,0.1m,25/03/2027,3556
INV268445,Civil infrastructure services,citywide service solutions pty ltd,140719.09 AUD,21 January 2028,3665
INV268446,Civil infrastructure services,Citywide Service Solutions Pty Ltd (AU),"$78,690.24",03/07/2029,3665
INV268447,Integrated security services,national protective services pty ltd,201954.89,29-Apr-2026,3686
INV268448,Waste management services,Cleanaway Waste Management Limited,67712.82,07/03/2026,3556
INV268449,Building maintenance services,Programmed Facility Management Pty Ltd,0.2m,08-Apr-2028,3630
INV268450,Melbourne Town Hall venue management,SHOWTIME EVENT GROUP PTY LTD,153873.21,23/08/2025,3670
INV268451,Vehicle tow away and impound services,Nationwide,"$145,168.42",21 July 2028,3585
INV268452,Building maintenance services,Programmed Facility Management Pty Ltd,191907.02 AUD,10/10/2029,3630
INV268453,Integrated security services,National  Protective  Services  Pty  Ltd,103955.61,25/01/09,3686
INV268454,Open spaces management - region 2,SERCO,192171.58 AUD,25/07/2025,3677
INV268455,Parking technology services,Reino International Pty Ltd T/A Duncan Solutions,184763.37,24/08/2027,3623
INV268456,Open spaces management - region 2,SERCO,"$81,799.96",25/01/14,3677
INV268457,Integrated security services,National Protective Services Pty Ltd,84688.16 AUD,27/12/25,3686
INV268458,Management of Active Melbourne recreation facilities,Victorian,0.1m,02/11/2026,3615
INV268459,Management of Active Melbourne recreation facilities,VictorianYMCACommunityProgrammingPtyLtd,"$96,496.94",13-Aug-2029,3615
INV268460,Waste management services,Cleanaway Waste M,165563.47 AUD,05/05/2026,3556
INV268461,Open spaces management - region 1,Citywide Service Solutions Pty Ltd,188777.77 AUD,12/07/2027,3676
INV268462,Management of Active Melbourne recreation facilities,Victorian YMCA Community Programming Pty Ltd,86565.49,27/12/19,3615
INV268463,Open spaces management - region 2,SERCO,"$173,015.23",09 December 2025,3677
INV268464,Graffiti management and pressure cleaning services,Calcorp Serv,148234.26 AUD,06-Jun-2029,3668
INV268465,Graffiti management and pressure cleaning services,Calcorp Services P/L,19207.18,2026-04-25,3668
INV268466,Melbourne Town Hall venue management,ihowtime Event Group Pty Ltd,"$131,819.83",2027-07-08,3670
INV268467,Civil infrastructure services,Citywide Service Solutions Pty Ltd,86538.46,29/06/2027,3665
INV268468,Tree management maintenance services,Citywide,21399.89 AUD,25/04/12,3678
INV268469,Integrated security services,National Protective Services Pty Ltd (AU),0.1m,14/11/2027,3686
INV268470,Street cleaning,spotless facility services pty ltd,51371.74,29/08/2028,3669
INV268471,Parking technology services,Reino International Pty. Ltd. T/A Duncan Solutions,61058.66,07 February 2029,3623
INV268472,Building maintenance services,programmed facility management pty ltd,160429.46 AUD,2029-02-20,3630
INV268473,Open spaces management - region 2,Showtime Event rroup Pty Ltd,132250.23 AUD,06-Apr-2027,3670
INV268474,Civil infrastructure services,Citywide Service Solutions Pty Ltd,88796.48 AUD,26/09/25,3665
INV268475,Open spaces management - region 2,SERCO (AUS),"$222,877.01",14-Nov-2028,3677
INV268476,Civil infrastructure services,Citywide Service Solutions Pty Ltd,"$161,684.3",19-Jun-2028,3665
INV268477,Street cleaning,Spotless Facility Services Pty Ltd (AUS),"$218,910.19",16/07/2029,3669
INV268478,Tree management maintenance services,Citywide Service Solutions Pty Ltd,0.0m,28/12/08, 
INV268479,Vehicle tow away and impound services,Nationwide Towing Services,184315.89,2029-01-06,3585
INV268480,Open spaces management - region 1,CitywideServiceSolutionsPtyLtd,241096.21 AUD,2029-01-28,3676
INV268481,Vehicle tow away and impound services,Nationwide Towing Services (AUS),0.0m,18/01/2029,3585
INV268482,Building maintenance services,Proframmed Facility Management Pty Ltd,26317.81 AUD,2026-01-03,3630
INV268483,Street cleaning,Spotless,194081.24,02/01/2026,3669
INV268484,Graffiti management and pressure cleaning services,Calcorp Services Pty. Ltd.,111846.16,02 June 2026,3668
INV268485,Melbourne Town Hall venue management,Showtime Event Group Pty. Ltd.,0.0m,28/04/09,3670
INV268486,Open spaces management - region 2,SvRCO,"$240,346.16",09/09/2029,3677
INV268487,Building maintenance services,Programmed Facility Management Pty Ltd,166308.12,10/06/2026,3630
INV268488,Building maintenance services,Programmed Facility Management Pty. Ltd.,91743.38 AUD,28/08/2027,3630
INV268489,Building cleaning services,Menzies International (Aust) Pty dtd,23654.02,26/06/2027,3634
INV268490,Open spaces management - region 1,Citywide Service ,158687.85,05/07/2028,3676
INV268491,Management of Active Melbourne recreation facilities,victorian ymca community programming pty ltd,0.2m,25/06/26,3615
INV268492,Parking technology services,Reino International Pty Ltd T/A Duncan Solutions,"$197,624.54",03/08/2027,3623
INV268493,Open spaces management - region 1,citywide service solutions pty ltd,86877.82,2027-07-16,3676
INV268494,Building maintenance services,Programmed Facility Management Pty Ltd,159701.57 AUD,24/08/2026, 
INV268495,Vehicle tow away and impound services,Nationwide,"$89,208.31",25/10/2025,3585
INV268496,Civil infrastructure services,Citywide Service ,194638.58,20-Aug-2026,3665
INV268497,Open spaces management - region 1,Citywide Service Solutions Pty. Ltd.,"$130,215.35",25/09/19,3676
INV268498,Building cleaning services,Menzies International (Aust) Pty Ltd (AUS),0.1m,17-Sep-2025,3634
INV268499,Tree management maintenance services,Citywide Service ,160965.95,14/08/2025,3678
INV268500,Open spaces management - region 2,serco,155200.53,14-Jul-2029,3677
INV268501,Building cleaning services,Menzies International (Aust) Pty Ltd (AUS),"$176,796.18",2026-01-28,3634
INV268502,Waste management services,Cleanaway Waste Management Limited,"$227,859.6",02/12/2029,3556
INV268503,Graffiti management and pressure cleaning services,Calcorp Services Pty Ltd (AUS),89592.65 AUD,20 December 2027,3668
INV268504,Building maintenance services,Programmed Facility Management Pty Ltd,88839.52,28/07/31,3630
INV268505,Integrated security services,National Protective Services Pty Ltd,19414.68,27 August 2028,3686
INV268506,Vehicle tow away and impound services,NationwideTowingServices,3813.14,21/01/2029,3585
INV268507,Graffiti management and pressure cleaning services,Calcorp Serv,231435.33,2028-08-12,3668
INV268508,Vehicle tow away and impound services,Nationwide Towing Services,"$44,525.08",23 January 2028,3585
INV268509,Waste management services,CleanawayWasteManagementLimited,104779.83 AUD,29/10/21,3556
INV268510,Building cleaning services,Calcorp Services P/L,"$193,136.55",27/08/14,3668
INV268511,Parking technology services,Nationwide Towing Services (AUS),109916.81 AUD,22 February 2028,3585
INV268512,Tree management maintenance services,Citywide Service Solutions Pty Ltd (AU),244297.24 AUD,27/01/06,3678
INV268513,Building cleaning services,Menzies International (Aust) Pty Ltd,76079.1,03/07/2026,3634
INV268514,Management of Active Melbourne recreation facilities,Victorian YMCA Community Programming Pty Lkd,211552.45 AUD,09/01/2028,3615
INV268515,Civil infrastructure services,Citywide Service Solutions Pty Ltd,"$197,654.96",10 May 2029,3665
INV268516,Melbourne Town Hall venue management,Showtime Event Group P/L,18103.74 AUD,24-Nov-2026,3670
INV268517,Melbourne Town Hall venue management,Showtime,0.2m,2025-08-21,3670
INV268518,Graffiti management and pressure cleaning services,ualcorp Services Pty Ltd,162226.27,27-Aug-2025,3668
INV268519,Open spaces management - region 2,SERCO (AU),113383.47 AUD,13-May-2027,3677
INV268520,Street cleaning,Spotless Facility Services Pty Ltd,106233.57,28/02/2026,3669
INV268521,Open spaces management - region 2,serco,115993.88,08/11/2027,3677
INV268522,Vehicle tow away and impound services,Nationwide Towing Services,"$117,042.35",01/07/2026,3585
INV268523,Building maintenance services,Programmed  Facility  Management  Pty  Ltd,0.2m,18/01/2029,3630
INV268524,Tree management maintenance services,Citywide Service Solutions Pty Ltd,138239.21,27/10/16,3678
INV268525,Parking technology services,Reino International Pty Ltd T/A Duncan Solutions (AU),162540.05 AUD,21/08/2029,3623
INV268526,Tree management maintenance services,Citywide,"$87,951.2",17-Jan-2027,3678
INV268527,Vehicle tow away and impound services,Nationwide Towing Services (AU),20205.86 AUD,28/04/2025,3585
INV268528,Waste management services,Cleanaway Waste Management Limited (AU),0.1m,14-Jun-2028,3556
INV268529,Vehicle tow away and impound services,Nationwide Towing Services,38978.92,28-Nov-2025,3585
INV268530,Tree management maintenance services,Cleanaway Waste Management Limited (AU),131243.73,15/10/2025,3556
INV268531,Vehicle tow away and impound services,Nationwide Towing Services,104726.13,06/12/2025,3585
INV268532,Graffiti management and pressure cleaning services,Programmed Facility Management Pty Ltd,239369.67,25/03/03, 
INV268533,Street cleaning,SPOTLESS FACILITY SERVICES PTY LTD,"$231,529.46",17/08/2028,3669
INV268534,Melbourne Town Hall venue management,Showtime Event Group Pty Ltd (AUS),188236.7,2025-04-01,3670
INV268535,Management of Active Melbourne recreation facilities,Victorian YMCA Community Programming Pty Ltd (AUS),221025.37,27-Mar-2029, 
INV268536,Open spaces management - region 1,CITYWIDE SERVICE SOLUTIONS PTY LTD,151059.54,16 August 2027,3676
INV268537,Building maintenance services,Programmed Facility Mgmt Pty Ltd,"$241,203.76",13/01/2029,3630
INV268538,Waste management services,Cleanaway Waste Mgmt Limited,140006.82,27/01/07,3556
INV268539,Integrated security services,NATIONAL PROTECTIVE SERVICES PTY LTD,107924.36,19-Feb-2025,3686
INV268540,Waste management services,Cleanaway  Waste  Management  Limited,47393.14,22 November 2028,3556
INV268541,Civil infrastructure services,Citbwide Service Solutions Pty Ltd,167592.0,2027-12-14,3665
INV268542,Building cleaning services,Menzies International (Aust) Pty Ltd,"$29,705.15",11/08/2026,3634
INV268543,Building maintenance services,PROGRAMMED FACILITY MANAGEMENT PTY LTD,"$176,124.02",15-Apr-2025,3630
INV268544,Melbourne Town Hall venue management,Showtime Event,"$146,122.67",25/03/23,3670
INV268545,Building maintenance services,Programmed Facility Management Pty Ltd,0.2m,27 January 2026,3630
INV268546,Building maintenance services,Programmed Facility Management Pty Ltd,43149.59 AUD,2029-02-26,3630
INV268547,Street cleaning,Spotless Facility Services Pty Ltd (AU),"$245,197.67",29-Nov-2026,3669
INV268548,Graffiti management and pressure cleaning services,Calcorp Services P/L,38254.66,28 June 2025,3668
INV268549,Building cleaning services,MENZIES INTERNATIONAL (AUST) PTY LTD,218719.14 AUD,2029-01-08, 
INV268550,Street cleaning,Spotless Facility Services Pty Ltd,0.1m,28/11/23,3669
INV268551,Melbourne Town Hall venue management,Showtime Event Group Pty Ltd (AU),230094.74,12/08/2026,3670
INV268552,Graffiti management and pressure cleaning services,calcorp services pty ltd,"$67,360.22",2026-01-20,3668
INV268553,Integrated security services,National Protective Services Pty Ltd,158572.54 AUD,12 December 2026,3686
INV268554,Waste management services,CleanawayWasteManagementLimited,"$246,844.25",16/02/2027,3556
INV268555,Parking technology services,Reino International Pty Ltd T/A Duncan Solutions,,27/07/27,3623
INV268556,Open spaces management - region 1,Citywide  Service  Solutions  Pty  Ltd,89364.53 AUD,2025-01-20,3676
INV268557,Parking technology services,Reino International P/L T/A Duncan Solutions,0.2m,2025-10-18,3623
INV268558,Vehicle tow away and impound services,nationwide towing services,"$154,820.09",29/07/28,3585
INV268559,Civil infrastructure services,CITYWIDE SERVICE SOLUTIONS PTY LTD,138742.95,11/12/2025,3665
INV268560,Civil infrastructure services,Citywide,218135.9,20 April 2026,3665
INV268561,Parking technology services,Reino International Pty Ltd T/A Duncan Solutions (AUS),166558.73,05 February 2026,3623
INV268562,Civil infrastructure services,Citywide Service Solutions Pty Ltd,16336.69,2026-09-08,3665
INV268563,Melbourne Town Hall venue management,Showtime Event Group Pty Ltd,230797.46 AUD,03-Jan-2026,3670
INV268564,Integrated security services,National Protectiv,44080.11 AUD,14 July 2026,3686
INV268565,Street cleaning,Spotless,89144.78 AUD,02/06/2026,3669
INV268566,Graffiti management and pressure cleaning services,CALCORP SERVICES PTY LTD,73926.36,17-Feb-2028,3668
INV268567,Open spaces management - region 1,Citywide Service ,100676.4,2028-12-13,3676
INV268568,Building maintenance services,Programmed Facility Management Pty Ltd (AUS),88907.53,30 July 2025,3630
INV268569,Building maintenance services,Programmed,0.1m,2028-12-19,3630
INV268570,Street cleaning,Spotless Facility Services Pty Ltd,"$128,898.85",12-Apr-2028,3669
INV268571,Open spaces management - region 1,Citywide Service Solutions Pty Ltd (AUS),"$51,995.57",13/03/2025, 
INV268572,Parking technology services,ReinoInternationalPtyLtdT/ADuncanSolutions,156618.48,26/03/2029,3623
INV268573,Building cleaning services,Menzies Int’l (Aust) Pty Ltd,234721.62 AUD,10-May-2029,3634
INV268574,Vehicle tow away and impound services,NATIONWIDE TOWING SERVICES,230738.45 AUD,03/07/2027,3585
INV268575,Civil infrastructure services,Citywide Service Solutions Pty Ltd,0.1m,13/01/2029,3665
INV268576,Open spaces management - region 1,CITYWIDE SERVICE SOLUTIONS PTY LTD,0.1m,06 September 2025,3676
INV268577,Open spaces management - region 1,Citywide Service Solutions Pty Ltd,59310.59,2028-01-17,3676
INV268578,Building maintenance services,Programmed,184930.94,10 January 2025,3630
INV268579,Management of Active Melbourne recreation facilities,Victorian Ymca Community Programming Pty Ltd,27299.95 AUD,2028-11-16,3615
INV268580,Integrated security services,National Protective Services Pty Ltd,183889.62,2029-10-09,3686
INV268581,Civil infrastructure services,citywide service solutions pty ltd,22822.11 AUD,18/08/2027,3665
INV268582,Tree management maintenance services,CitywideServiceSolutionsPtyLtd,0.0m,19 June 2029,3678
INV268583,Melbourne Town Hall venue management,Showtime Event Group Pty. Ltd.,106234.91,02/03/2026,3670
INV268584,Tree management maintenance services,Citywide Service Solutions Pty Ltd (AUS),206617.44 AUD,19 August 2027,3678
INV268585,Waste management services,Cleanaway Waste Management Limited,51420.64 AUD,26/09/30,3556
INV268586,Open spaces management - region 1,Citywide Service Solutions Pty Ltd,121916.57,28/04/11,3676
INV268587,Open spaces management - region 2,SERCO,11653.84 AUD,26/01/04,3677
INV268588,Tree management maintenance services,Citywide Service Solutions Pty. Ltd.,"$93,331.51",28/10/07,3678
INV268589,Open spaces management - region 2,SERCO,11779.9,28/09/2027,3677
INV268590,Parking technology services,CleanawayWasteManagementLimited,"$245,596.66",03/04/2027,3556
INV268591,Open spaces management - region 2,SERCO,223229.64 AUD,29/11/27,3677
INV268592,Parking technology services,Reino International Pty. Ltd. T/A Duncan Solutions,"$182,761.57",25-Aug-2029,3623
INV268593,Civil infrastructure services,Citywide,"$206,177.37",2029-10-05,3665
INV268594,Civil infrastructure services,Citywide,166601.51 AUD,07 July 2027,3665
INV268595,Vehicle tow away and impound services,Nationwide Towing Services,0.1m,13/11/2027,3585
INV268596,Parking technology services,Reino International P/L T/A Duncan Solutions,109780.01,27 August 2027,3623
INV268597,Building cleaning services,Menzies Internatio,"$29,444.95",13-Oct-2028,3634
INV268598,Building cleaning services,Menzies Int’l (Aust) Pty Ltd,0.2m,25/10/2027,3634
INV268599,Civil infrastructure services,Citywide,115626.9,07/03/2025,3665
INV268600,Management of Active Melbourne recreation facilities,Victorian,214752.77,30/07/2026,3615
INV268601,Civil infrastructure services,citywide service solutions pty ltd,226126.54,2025-08-04,3665
INV268602,Street cleaning,Spotless,"$143,595.91",2028-04-26,3669
INV268603,Waste management services,cleanaway waste management limited,23728.05 AUD,25/01/2028,3556
INV268604,Street cleaning,spotless facility services pty ltd,119302.86 AUD,05/05/2027,3669
INV268605,Parking technology services,REINO INTERNATIONAL PTY LTD T/A DUNCAN SOLUTIONS,92279.96 AUD,03/05/2027,3623
INV268606,Street cleaning,Spotless Facility,216536.11,2027-06-29,3669
INV268607,Street cleaning,spotless facility services pty ltd,9752.6,27/01/20,3669
INV268608,Street cleaning,Spotless Facility Services Pty Ltd,18574.8,30/04/2025,3669
INV268609,Waste management services,Cleanaway Waste Management Ltd,55171.37 AUD,01-Apr-2029,3556
INV268610,Integrated security services,National Protective Services Pty Ltd,0.1m,28/10/26,3686
INV268611,Parking technology services,Victorian YMCA Community Programming Pty Ltd,212563.95,16/11/2025, 
INV268612,Tree management maintenance services,CitywideServiceSolutionsPtyLtd,137836.51,18-Feb-2029,3678
INV268613,Building maintenance services,Programmed,249168.96,2029-03-16, 
INV268614,Street cleaning,Spotless Facility Services Pty. Ltd.,204042.14 AUD,26/11/30,3669
INV268615,Integrated security services,National  Protective  Services  Pty  Ltd,0.2m,29/07/2029,3686
INV268616,Graffiti management and pressure cleaning services,Calcorp Services Pty. Ltd.,13355.98,04/07/2025,3668
INV268617,Open spaces management - region 1,Citywide Service Solutions Pty Ltd,0.2m,29 January 2028,3676
INV268618,Open spaces management - region 2,SERCO (AU),"$168,608.87",03/08/2026,3677
INV268619,Vehicle tow away and impound services,Nationwide  Towing  Services,228106.36,22 December 2026,3585
INV268620,Waste management services,Cleanaway Waste Management Limited,139480.67,2026-10-08,3556
INV268621,Civil infrastructure services,citywide service solutions pty ltd,220654.36 AUD,24 January 2026,3665
INV268622,Vehicle tow away and impound services,Nationwide Towing Services (AUS),31874.4,11-Aug-2028,3585
INV268623,Open spaces management - region 1,CitywideServiceSolutionsPtyLtd,43671.26,27/11/22,3676
INV268624,Vehicle tow away and impound services,Nationwide  Towing  Services,"$204,158.47",2028-10-05,3585
INV268625,Vehicle tow away and impound services,Nationwide Towing Services,"$24,972.82",30-Oct-2027,3585
INV268626,Melbourne Town Hall venue management,Showtime Event Group P/L,0.1m,2025-12-12,3670
INV268627,Street cleaning,Spotless Facility Services Pty Ltd (AU),228312.71,04/07/2026, 
INV268628,Melbourne Town Hall venue management,showtime event group pty ltd,4470.93,2026-06-08,3670
INV268629,Parking technology services,Reino Internatqonal Pty Ltd T/A Duncan Solutions,137344.04 AUD,06-Jan-2028,3623
INV268630,Building cleaning services,Programmed Facility Management Pty Ltd,95406.04,06 May 2027,3630
INV268631,Parking technology services,Reino International Pty. Ltd. T/A Duncan Solutions,37411.36 AUD,2027-03-21,3623
INV268632,Integrated security services,National Protective Services Pty. Ltd.,"$172,271.31",26 March 2027,3686
INV268633,Open spaces management - region 1,Citywide Service Solutions Pty Ltd,110199.18,2026-02-19,3676
INV268634,Integrated security services,National Protective Services Pty Ltd,41861.8,21/11/2027,3686
INV268635,Civil infrastructure services,Citywide Service Solutions Pty Ltd (AUS),0.2m,29/04/13,3665
INV268636,Civil infrastructure services,Citywide Service Solutions Pty Ltd (AU),179956.62,19/11/2027,3665
INV268637,Integrated security services,NationalProtectiveServicesPtyLtd,"$8,839.98",08 July 2029,3686
INV268638,Vehicle tow away and impound services,Nationwide  Towing  Services,0.1m,12-Oct-2028,3585
INV268639,Open spaces management - region 1,Citywide Service Solutions Pty Ltd (AU),184360.0 AUD,2029-02-24,3676
INV268640,Melbourne Town Hall venue management,Showtime Event Group Pty Ltd,75673.18,29/05/31,3670
INV268641,Open spaces management - region 2,serco,100773.62,31-Jan-2025,3677
INV268642,Waste management services,Cleanaway  Waste  Management  Limited,150377.13,10 January 2026,3556
INV268643,Tree management maintenance services,citywide service solutions pty ltd,15243.67 AUD,30 August 2028,3678
INV268644,Open spaces management - region 1,Citywide Service Solutions Pty. Ltd.,202352.5,03/12/2029,3676
INV268645,Building cleaning services,Menzies International (Aust) Pty Ltd (AUS),10944.91 AUD,2029-04-13,3634
INV268646,Tree management maintenance services,CitywideServiceSolutionsPtyLtd,0.1m,2025-08-24,3678
INV268647,Melbourne Town Hall venue management,showtime event group pty ltd,0.2m,2028-09-18,3670
INV268648,Vehicle tow away and impound services,NATIONWIDE TOWING SERVICES,114117.85,2025-06-24,3585
INV268649,Open spaces management - region 2,Serco,0.1m,28 September 2027,3677
INV268650,Building cleaning services,Menzies International (Aust) Pty Ltd (AUS),0.1m,18 January 2027, 
INV268651,Management of Active Melbourne recreation facilities,Victorian YMCA Community Programming P/L,139900.23,29 July 2029,3615
INV268652,Tree management maintenance services,Citywide Service Solctions Pty Ltd,169158.08,16-May-2025,3678
INV268653,Building maintenance services,Programmed Facility Management Pty Ltd,246340.54 AUD,16-Dec-2026,3630
INV268654,Graffiti management and pressure cleaning services,Calcorp  Services  Pty  Ltd,240702.76 AUD,2025-09-25,3668
INV268655,Waste management services,CLEANAWAY WASTE MANAGEMENT LIMITED,73943.87,09 December 2025,3556
INV268656,Melbourne Town Hall venue management,Showtime Event Group Pty Ltd (AUS),159978.17,04/04/2027,3670
INV268657,Waste management services,Cleanaway Waste M,"$247,596.35",28-Aug-2025,3556
INV268658,Management of Active Melbourne recreation facilities,victorian ymca community programming pty ltd,124672.04,22/05/2025,3615
INV268659,Graffiti management and pressure cleaning services,Calcorp Serv,"$226,788.93",08 April 2026,3668
INV268660,Vehicle tow away and impound services,Nationwide Towing Services,0.1m,03/04/2025,3585
INV268661,Waste management services,Cleanaway Waste Management LTD,0.0m,2026-09-25,3556
INV268662,Building cleaning services,MENZIES INTERNATIONAL (AUST) PTY LTD,178810.46,27/01/2028,3634
INV268663,Integrated security services,NationalProtectiveServicesPtyLtd,231878.04,27-May-2026,3686
INV268664,Building cleaning services,Menzies Int’l (Aust) Pty Ltd,214318.01,03-Nov-2026,3634
INV268665,Melbourne Town Hall venue management,Showtime Event Group Pty Ltd,210669.65,12/04/2026,3670
INV268666,Waste management services,Cleanaway Waste Management Limited (AU),137770.59,14 August 2029,3556
INV268667,Open spaces management - region 2,SERCO,0.0m,18-Nov-2025,3677
INV268668,Tree management maintenance services,Citywide Service Solutions Pty Ltd,"$187,244.24",29/01/29,3678
INV268669,Open spaces management - region 2,SERCO,0.1m,28/01/2025,3677
INV268670,Building maintenance services,Programmeq Facility Management Pty Ltd,29265.12,25/12/31,3630
INV268671,Building cleaning services,Menzies International (Aust) Pty. Ltd.,24445.95 AUD,07/11/2026,3634
INV268672,Melbourne Town Hall venue management,Showtime  Event  Group  Pty  Ltd,195000.96,02/02/2027,3670
INV268673,Tree management maintenance services,CITYWIDE SERVICE SOLUTIONS PTY LTD,0.2m,26/08/2026,3678
INV268674,Street cleaning,spotless facility services pty ltd,34327.95 AUD,08 March 2026,3669
INV268675,Parking technology services,Reino International Pty Ltd T/A Duncan Solutions (AU),218898.6,25/04/2026,3623
INV268676,Tree management maintenance services,Citywide  Service  Solutions  Pty  Ltd,243845.44 AUD,2028-06-12,3678
INV268677,Tree management maintenance services,Citywide Service Solutions Pty Ltd,0.1m,08 December 2028,3678
INV268678,Open spaces management - region 1,Citywide Service Solutions Pty Ltd,106254.14,05 June 2029,3676
INV268679,Vehicle tow away and impound services,NationwideTowingServices,200141.99,24-Jun-2025,3585
INV268680,Management of Active Melbourne recreation facilities,Victorian YMCA Community Programming P/L,,13-Oct-2025, 
INV268681,Civil infrastructure services,CitywideServiceSolutionsPtyLtd,0.2m,09 April 2026,3665
INV268682,Management of Active Melbourne recreation facilities,VICTORIAN YMCA COMMUNITY PROGRAMMING PTY LTD,84290.44,17 July 2028,3615
INV268683,Management of Active Melbourne recreation facilities,Victorian YMCA Community Programming Pty Ltd,104822.95,31 January 2028,3615
INV268684,Tree management maintenance services,Citywide,43333.46 AUD,29/08/11,3678
INV268685,Open spaces management - region 1,Citywide Service Solutions Pty. Ltd.,200979.29,2025-09-22,3676
INV268686,Building maintenance services,ProgrammedFacilityManagementPtyLtd,0.1m,26 December 2029,3630
INV268687,Open spaces management - region 2,serco,92858.84,18 May 2026,3677
INV268688,Vehicle tow away and impound services,Nationwide Towing Services (AU),0.0m,2027-06-23,3585
INV268689,Building maintenance services,Programmed Facility Management Pty Ltd,167456.99,29/12/03,3630
INV268690,Integrated security services,national protective services pty ltd,80873.27 AUD,04/01/2027,3686
INV268691,Street cleaning,Spotless Facility Services Pty Ltd,78363.36 AUD,31/08/2028,3669
INV268692,Graffiti management and pressure cleaning services,Calcorp Services Pty Ltd (AU),"$181,093.04",27/04/08,3668
INV268693,Building maintenance services,Programmed Facility Management Pty Ltd (AUS),3189.24 AUD,2029-03-29,3630
INV268694,Management of Active Melbourne recreation facilities,Victorian Ymca Community Programming Pty Ltd,"$105,977.5",29/04/14,3615
INV268695,Melbourne Town Hall venue management,ShowtimeEventGroupPtyLtd,162951.35,14-Jan-2028,3670
INV268696,Building maintenance services,Programmed Facility Management Pty Ltd (AU),121838.45 AUD,24/02/2029,3630
INV268697,Tree management maintenance services,citywide service solutions pty ltd,"$4,033.8",23/08/2029,3678
INV268698,Management of Active Melbourne recreation facilities,Victorian  YMCA  Community  Programming  Pty  Ltd,"$86,885.25",04/07/2026,3615
INV268699,Street cleaning,Spotless  Facility  Services  Pty  Ltd,"$48,834.79",16 January 2026,3669
INV268700,Civil infrastructure services,citywide service solutions pty ltd,126672.8 AUD,21-Feb-2028,3665
INV268701,Integrated security services,Programmed Facility Mgmt Pty Ltd,183038.33 AUD,2026-07-02,3630
INV268702,Vehicle tow away and impound services,NATIONWIDE TOWING SERVICES,0.1m,29/01/28,3585
INV268703,Open spaces management - region 2,Serco,30585.23,02 March 2028,3677
INV268704,Melbourne Town Hall venue management,Showtime Event Group P/L,"$42,257.86",09 November 2025,3670
INV268705,Street cleaning,SpotlessFacilityServicesPtyLtd,69269.06,20-Jan-2027,3669
INV268706,Street cleaning,Spotless Facility,"$124,600.52",25/08/05,3669
INV268707,Melbourne Town Hall venue management,Showtime Event Group Pty Ltd,130467.71,2029-08-12, 
INV268708,Integrated security services,National Protective Services Pty Ltd,100252.25 AUD,27/01/31,3686
INV268709,Graffiti management and pressure cleaning services,Calcorp Services Pty Ltd,10811.87,29/01/22, 
INV268710,Melbourne Town Hall venue management,Showtime,"$75,690.49",21/12/2029,3670
INV268711,Building maintenance services,Programmed Facility Management P/L,196881.78,26/01/26,3630
INV268712,Open spaces management - region 2,serco,120213.76 AUD,26/02/09,3677
INV268713,Street cleaning,Spotless Facility Services Pty Ltd,100900.19,14/02/2026,3669
INV268714,Management of Active Melbourne recreation facilities,Victorian YMCA Community Programming Pty. Ltd.,233691.95,04/01/2026,3615
INV268715,Tree management maintenance services,Citywide Service Solutions Pty Ltd (AU),225365.96,27/05/13,3678
INV268716,Integrated security services,national protective services pty ltd,11313.84,29 May 2029,3686
INV268717,Vehicle tow away and impound services,Nationwide,0.0m,19/11/2029,3585
INV268718,Tree management maintenance services,Citywide,0.1m,17/10/2028,3678
INV268719,Street cleaning,Spotless Facility Services Pty Ltd (AUS),"$27,477.6",15/06/2029,3669
INV268720,Open spaces management - region 2,SERCO,0.0m,2025-06-06,3677
INV268721,Building maintenance services,Programmed,0.2m,2027-07-17,3630
INV268722,Graffiti management and pressure cleaning services,Calcorp Services P/L,0.2m,01/03/2025,3668
INV268723,Graffiti management and pressure cleaning services,Calcorp  Services  Pty  Ltd,230759.24,29/03/10,3668
INV268724,Vehicle tow away and impound services,Natinnwide Towing Services,162210.98 AUD,03-Sep-2029,3585
INV268725,Open spaces management - region 2,SERCO (AU),"$16,551.05",03-Nov-2027,3677
INV268726,Melbourne Town Hall venue management,Showtime  Event  Group  Pty  Ltd,,28/03/2027,3670
INV268727,Civil infrastructure services,Citywide Service ,44095.44 AUD,2025-01-27,3665
INV268728,Parking technology services,Reino Intl Pty Ltd T/A Duncan Solutions,104026.35,28 January 2025,3623
INV268729,Melbourne Town Hall venue management,Showtime  Event  Group  Pty  Ltd,201698.94 AUD,21/11/2026,3670
INV268730,Graffiti management and pressure cleaning services,Calcorp Serv,"$207,765.43",25-Feb-2027,3668
INV268731,Building maintenance services,Programmed Facility Management Pty Ltd,"$241,998.68",26 February 2026,3630
INV268732,Parking technology services,Reino International Pty Ltd T/A Duncan Solutions (AU),"$246,179.17",2025-08-24,3623
INV268733,Building maintenance services,Programmed Facility Management Pty Ltd,0.1m,2025-02-15,3630
INV268734,Vehicle tow away and impound services,serco,,16/02/2028,3677
INV268735,Building maintenance services,programmed facility management pty ltd,"$44,611.07",02/11/2025, 
INV268736,Waste management services,CLEANAWAY WASTE MANAGEMENT LIMITED,175589.28,14-Aug-2029,3556
INV268737,Vehicle tow away and impound services,Nationwide Towing Services,40450.36 AUD,27/11/26,3585
INV268738,Graffiti management and pressure cleaning services,Calcorp Services P/L,171339.92,28/03/02,3668
INV268739,Parking technology services,Reino International Pty Ltd T/A Duncan Solutions,52510.09 AUD,31/05/2027, 
INV268740,Open spaces management - region 1,Citywide,119019.1,26/05/14,3676
INV268741,Building cleaning services,Menzies International (iust) Pty Ltd,"$85,395.86",30/12/2025,3634
INV268742,Integrated security services,National ProtectivewServices Pty Ltd,113969.93,2027-06-04,3686
INV268743,Tree management maintenance services,Citywide Service Solutions Pty Ltd,"$155,484.83",02/12/2025,3678
INV268744,Waste management services,cleanaway waste management limited,144089.23,29/08/31, 
INV268745,Street cleaning,spotless facility services pty ltd,97267.18 AUD,11 February 2028,3669
INV268746,Tree management maintenance services,CitywideServiceSolutionsPtyLtd,"$87,729.89",11-Sep-2029,3678
INV268747,Street cleaning,Spotless Facility Services Pty Ltd,"$79,021.21",2027-09-22,3669
INV268748,Melbourne Town Hall venue management,Showtime Event Group Pty Ltd,222105.9 AUD,28/10/02,3670
INV268749,Building cleaning services,MenziesInternational(Aust)PtyLtd,"$134,437.21",16/07/2027,3634
INV268750,Open spaces management - region 2,Citywide Service Solutions Pty Ltd,"$142,235.76",30 April 2027,3678
INV268751,Tree management maintenance services,Citywide Service Solutions Pty Ltd,130620.39,2028-04-17,3678
INV268752,Melbourne Town Hall venue management,Showtime Event Group Pty Ltd,213158.37,28/07/01,3670
INV268753,Waste management services,Spotless Facility Services Pty Ltd (AU),"$1,207.44",03/12/2029,3669
INV268754,Graffiti management and pressure cleaning services,Calcorp Services P/L,"$60,165.65",05/06/2028,3668
INV268755,Management of Active Melbourne recreation facilities,Victorian  YMCA  Community  Programming  Pty  Ltd,0.1m,2025-12-16,3615
INV268756,Open spaces management - region 1,Citywide Service Solutions Pty Ltd (AU),0.1m,26-Jun-2026,3676
INV268757,Waste management services,Cleanaway Waste Management Limited,135787.67,20-Aug-2026,3556
INV268758,Melbourne Town Hall venue management,Showtame Event Group Pty Ltd,132208.29,10/09/2025,3670
INV268759,Melbourne Town Hall venue management,Showtime Event Group Pty Ltd (AUS),"$105,573.81",2025-04-01, 
INV268760,Melbourne Town Hall venue management,Showtime Event Group Pty Ltd (AUS),0.1m,2028-01-27,3670
INV268761,Waste management services,Cleanaway Waste Management Limited,110892.19,11-Feb-2026,3556
INV268762,Management of Active Melbourne recreation facilities,Victorian YMCA Community Programming Pty Ltd (AU),"$148,584.93",10 May 2026,3615
INV268763,Vehicle tow away and impound services,Nationwide,50982.18,06/02/2027,3585
INV268764,Parking technology services,Reino International Pty Ltd T/A Duncan Solutions,1837.24 AUD,22-Sep-2027,3623
INV268765,Integrated security services,Victorian  YMCA  Community  Programming  Pty  Ltd,0.2m,03 November 2029,3615
INV268766,Tree management maintenance services,Citywide Sdrvice Solutions Pty Ltd,96805.68 AUD,2028-06-29,3678
INV268767,Waste management services,Cleanaway Waste Management Limited,63472.59,2028-07-23,3556
INV268768,Tree management maintenance services,Citywide Service Solutions P/L,0.2m,06/08/2025,3678
INV268769,Building maintenance services,Programmed,0.2m,22-Apr-2028,3630
INV268770,Management of Active Melbourne recreation facilities,Victorian YMCA Community Programming Pty Ltd,188407.22,25/06/16,3615
INV268771,Street cleaning,Spotless Facility Services Pty. Ltd.,"$203,486.13",12/05/2029,3669
INV268772,Building maintenance services,Programmed Facility Manaaement Pty Ltd,"$239,372.0",09/05/2025,3630
INV268773,Melbourne Town Hall venue management,Showtime Event Group Pty Ltd,0.1m,2029-02-08,3670
INV268774,Waste management services,Cleanaway Waste M,0.0m,20 October 2025,3556
INV268775,Graffiti management and pressure cleaning services,xalcorp Services Pty Ltd,0.2m,2029-08-20,3668
INV268776,Management of Active Melbourne recreation facilities,VictorianYMCACommunityProgrammingPtyLtd,116951.56,24/11/2025,3615
INV268777,Street cleaning,Spotless Facility Services Pry Ltd,"$14,401.21",28 November 2027,3669
INV268778,Tree management maintenance services,Citywide Service Solutions P/L,158473.17,23/02/2025,3678
INV268779,Building maintenance services,Pwogrammed Facility Management Pty Ltd,158693.18,21/01/2025,3630
INV268780,Building cleaning services,MenziesbInternational (Aust) Pty Ltd,0.0m,14-Feb-2025,3634
INV268781,Open spaces management - region 1,Citywide Service Solutions Pty Lts,129615.29,11-Dec-2028,3676
INV268782,Open spaces management - region 2,SERCO (AU),162044.24,12/04/2026,3677
INV268783,Melbourne Town Hall venue management,showtime event group pty ltd,57141.89 AUD,2025-08-29,3670
INV268784,Open spaces management - region 1,Citywide Service Solutions Pty. Ltd.,11259.12,28/10/20,3676
INV268785,Melbourne Town Hall venue management,Showtime Event Group P/L,0.0m,05/05/2028,3670
INV268786,Building cleaning services,Menzies International (Aust) Pty Ltd (AU),"$179,388.17",30 September 2028,3634
INV268787,Melbourne Town Hall venue management,ShowtimeEventGroupPtyLtd,232963.62,28/03/08,3670
INV268788,Tree management maintenance services,Citywide Service Solutions P/L,"$187,238.27",07-Jul-2025,3678
INV268789,Integrated security services,National Protective Services P/L,0.2m,29/12/14,3686
INV268790,Civil infrastructure services,Citywide Service Solutions Pty Ltd,0.0m,27/09/2025,3665
INV268791,Building cleaning services,Menzies International (Aust) Pty Ltd,"$22,601.4",03 June 2028,3634
INV268792,Civil infrastructure services,Citywide Service Solutions Pty Ltd,45526.47,10-Mar-2028,3665
INV268793,Street cleaning,Spotless Facility Services Pty Ltd (AUS),74158.85,2025-01-08,3669
INV268794,Street cleaning,Spotless Facility Sdrvices Pty Ltd,190961.53 AUD,19-Feb-2027,3669
INV268795,Open spaces management - region 2,SERCO (AUS),61207.37,25/10/21,3677
INV268796,Management of Active Melbourne recreation facilities,Victorian Ymca Community Programming Pty Ltd,21129.08 AUD,08/04/2027,3615
INV268797,Vehicle tow away and impound services,Nationwide,142070.41,30 November 2028,3585
INV268798,Building cleaning services,Menzies Internatio,0.2m,02-Feb-2028,3634
INV268799,Civil infrastructure services,Citywide Service Solutions P/L,137466.15,28/09/12,3665
INV268800,Building maintenance services,PROGRAMMED FACILITY MANAGEMENT PTY LTD,82173.49,31 July 2027,3630
INV268801,Street cleaning,Spotless Facility Services P/L,0.1m,2027-11-28,3669
INV268802,Management of Active Melbourne recreation facilities,Victorian Ymca Community Programming Pty Ltd,217449.76,07-Nov-2028,3615
INV268803,Management of Active Melbourne recreation facilities,Victorian YMCA Communi,0.0m,13-Aug-2025,3615
INV268804,Open spaces management - region 2,SERCO,0.0m,02-Jan-2026,3677
INV268805,Waste management services,Cleanaway,"$174,055.22",05/05/2028,3556
INV268806,Waste management services,cleanaway waste management limited,33701.19,28/10/08,3556
INV268807,Open spaces management - region 2,SERCO,0.2m,21/03/2029,3677
INV268808,Open spaces management - region 1,Citywide  Service  Solutions  Pty  Ltd,0.2m,2028-08-08,3676
INV268809,Vehicle tow away and impound services,Nationwide Towing Services (AU),226978.46,21/07/2029,3585
INV268810,Waste management services,CLEANAWAY WASTE MANAGEMENT LIMITED,0.1m,13/04/2026,3556
INV268811,Integrated security services,NationalProtectiveServicesPtyLtd,0.0m,19/04/2029,3686
INV268812,Integrated security services,Citywide  Service  Solutions  Pty  Ltd,188681.6,27/02/16,3676
INV268813,Civil infrastructure services,CitywideServiceSolutionsPtyLtd,"$87,200.55",03-Aug-2026,3665
INV268814,Building cleaning services,Menzies Intl (Aust) Pty Ltd,0.1m,29/12/12,3634
INV268815,Melbourne Town Hall venue management,ShowtimeEventGroupPtyLtd,25551.76 AUD,01-Jul-2028,3670
INV268816,Management of Active Melbourne recreation facilities,Victorian YMCA Community Programming Pey Ltd,114067.34,25-Oct-2025,3615
INV268817,Graffiti management and pressure cleaning services,CALCORP SERVICES PTY LTD,"$32,165.17",06-Feb-2025,3668
INV268818,Parking technology services,Reino International P/L T/A Duncan Solutions,"$243,911.5",28-Feb-2026,3623
INV268819,Open spaces management - region 1,Citywide Service Solutions Pty. Ltd.,"$249,118.14",2027-10-26,3676
INV268820,Vehicle tow away and impound services,Nationwide Towing Services (AUS),214129.78,2026-11-01,3585
INV268821,Management of Active Melbourne recreation facilities,VictorianYMCACommunityProgrammingPtyLtd,113486.01 AUD,2028-06-10,3615
INV268822,Building maintenance services,Programmed Facility,141348.61,2028-03-22,3630
INV268823,Vehicle tow away and impound services,Nationwide Towing Services,19552.47,23/11/2025,3585
INV268824,Parking technology services,Reino International Pty Ltd T/A Duncan Solutions (AU),124575.88,12-Dec-2026,3623
INV268825,Civil infrastructure services,CitywideoService Solutions Pty Ltd,"$105,923.37",24 January 2027,3665
INV268826,Management of Active Melbourne recreation facilities,VICTORIAN YMCA COMMUNITY PROGRAMMING PTY LTD,199276.53,25/02/2026,3615
INV268827,Waste management services,CLEANAWAY WASTE MANAGEMENT LIMITED,0.1m,30/07/2027,3556
INV268828,Open spaces management - region 1,Citywide Service Solutions Pty Ltd,0.2m,21 October 2027,3676
INV268829,Vehicle tow away and impound services,nationwide towing services,"$226,711.56",17/03/2026,3585
INV268830,Open spaces management - region 2,SERCO,"$91,859.16",31 January 2028,3677
INV268831,Vehicle tow away and impound services,Spotless Facility Services Pty Ltd,233692.67,27/10/09, 
INV268832,Building maintenance services,Programmed Facility Management Pty. Ltd.,"$10,175.24",28/06/01,3630
INV268833,Melbourne Town Hall venue management,Showtime Event Group Pty. Ltd.,200139.41,26-Jan-2027,3670
INV268834,Building cleaning services,Menzies International (Aust) Pty Ltd,147939.43,27/02/02,3634
INV268835,Management of Active Melbourne recreation facilities,Victorian Ymca Community Programming Pty Ltd,113766.54,02/09/2025, 
INV268836,Civil infrastructure services,Citywide Service Solutions Pty Ltd,"$53,900.99",24-Sep-2028,3665
INV268837,Parking technology services,Reino International Pty Ltd T/A Duncan Solutions,"$53,614.17",22/09/2029,3623
INV268838,Building cleaning services,Spotlesa Facility Services Pty Ltd,216303.49,2026-04-03,3669
INV268839,Tree management maintenance services,Citywide Service Solutions Pty Ltd (AU),204524.32,27/12/13,3678
INV268840,Open spaces management - region 2,Reino  International  Pty  Ltd  T/A  Duncan  Solutions,161272.27,24-Nov-2028,3623
INV268841,Tree management maintenance services,Citywide  Service  Solutions  Pty  Ltd,131216.54,06 October 2027,3678
INV268842,Civil infrastructure services,Citywide Service Solutions Ptb Ltd,"$234,437.59",2026-06-22,3665
INV268843,Vehicle tow away and impound services,Nationwide,223753.48,19 April 2025,3585
INV268844,Open spaces management - region 2,SERCO,30372.87 AUD,,3677
INV268845,Integrated security services,National,129591.54 AUD,14-Jan-2027,3686
INV268846,Graffiti management and pressure cleaning services,Calcorp Services Pty Ltd,24763.58,28/05/16,3668
INV268847,Waste management services,Cleanaway  Waste  Management  Limited,"$125,372.75",2029-01-03,3556
INV268848,Vehicle tow away and impound services,Nationwide Towing Services (AU),101173.15,21/11/2029, 
INV268849,Civil infrastructure services,Citywide,142435.99 AUD,2029-02-28,3665
INV268850,Building maintenance services,Programmed  Facility  Management  Pty  Ltd,0.2m,25/09/09,3630
INV268851,Civil infrastructure services,Citywide Service Solutions P/L,221505.46 AUD,15/04/2028,3665
INV268852,Parking technology services,Reino Int’l Pty Ltd T/A Duncan Solutions,"$162,084.2",09/12/2026,3623
INV268853,Open spaces management - region 1,Citywide Service Solutions Pty Ltd,"$20,648.88",31/03/2025,3676
INV268854,Building maintenance services,Programmed Facility Management Pty Ltd,"$165,553.22",22/07/2029,3630
INV268855,Parking technology services,Reino International Pty Ltd T/A Duncan Solutions,221059.07,20/02/2026,3623
INV268856,Waste management services,Cleanaway Waste Mgmt Limited,243785.28,08/01/2027,3556
INV268857,Integrated security services,NATIONAL PROTECTIVE SERVICES PTY LTD,105565.07,2025-12-02,3686
INV268858,Building maintenance services,Programmed,174448.5,21-Dec-2025,3630
INV268859,Building cleaning services,Menzies  International  (Aust)  Pty  Ltd,0.0m,2028-03-24,3634
INV268860,Vehicle tow away and impound services,NationwideTowingServices,0.1m,15-Jun-2029,3585
INV268861,Open spaces management - region 2,Serco,97510.44,19/08/2028,3677
INV268862,Waste management services,CleanawayWasteManagementLimited,0.1m,19/08/2028,3556
INV268863,Building maintenance services,programmed facility management pty ltd,105194.14,28-Nov-2028,3630
INV268864,Civil infrastructure services,Citywide Service Solutions Pty Ltd,"$108,667.76",2028-04-04,3665
INV268865,Building maintenance services,Programmed Facility Management Pty Ltd,182438.55,28 September 2026,3630
INV268866,Waste management services,Cleanaway Waste Management Limited (AU),"$152,263.11",27/01/2028,3556
INV268867,Street cleaning,Spotless Facility Services Pty Ltd (AU),107248.27 AUD,19/01/2027,3669
INV268868,Building cleaning services,Menzies Int’l (Aust) Pty Ltd,0.1m,24/05/2026,3634
INV268869,Integrated security services,National Protective Services Pty Ltd (AUS),240622.62,25 November 2028,3686
INV268870,Vehicle tow away and impound services,NationwideTowingServices,151152.83,2027-03-12,3585
INV268871,Waste management services,Cleanaway Waste Management Limited,0.2m,04-May-2026,3556
INV268872,Open spaces management - region 1,Citywide Service Solutions P/L,28769.73,20/06/2025,3676
INV268873,Integrated security services,National,0.1m,2026-05-14,3686
INV268874,Melbourne Town Hall venue management,Showtime Event Group Pty. Ltd.,99205.34 AUD,11-Jun-2026,3670
INV268875,Vehicle tow away and impound services,Nationwide,"$113,657.46",2026-03-22,3585
INV268876,Waste management services,CLEANAWAY WASTE MANAGEMENT LIMITED,"$64,675.7",09-Apr-2027,3556
INV268877,Street cleaning,Spotless Facility Services Pty Ltd,181806.89,12/01/2029,3669
INV268878,Graffiti management and pressure cleaning services,Calcorp Services Pty Ltd,0.0m,2027-01-26,3668
INV268879,Waste management services,CLEANAWAY WASTE MANAGEMENT LIMITED,"$27,647.75",22/07/2028,3556
INV268880,Street cleaning,Spotless,0.1m,28 August 2027,3669
INV268881,Graffiti management and pressure cleaning services,Calcorp  Services  Pty  Ltd,0.1m,08-Jun-2025,3668
INV268882,Melbourne Town Hall venue management,Showtime Event Group Pty Ltd (AU),61226.51,08/10/2025,3670
INV268883,Graffiti management and pressure cleaning services,Calcorp Services Pty Ltd (AU),"$119,191.06",05-Nov-2027,3668
INV268884,Open spaces management - region 1,Citywide  Service  Solutions  Pty  Ltd,58373.98,01 August 2027,3676
INV268885,Open spaces management - region 1,Citywide Service Solutions Pty Ltd,132847.51,02/07/2026,3676
INV268886,Civil infrastructure services,Citywide Sbrvice Solutions Pty Ltd,0.1m,2028-06-24,3665
INV268887,Tree management maintenance services,Citywide Service Solutions Pty. Ltd.,136167.28,02-Dec-2028,3678
INV268888,Civil infrastructure services,Citywide Service ,0.2m,19/05/2026,3665
INV268889,Civil infrastructure services,Citywide Service Solutions P/L,2724.5 AUD,2027-06-09,3665
INV268890,Graffiti management and pressure cleaning services,Calcorp Services Pty Ltd (AUS),67881.06,12/06/2029,3668
INV268891,Building cleaning services,Menzies Intl (Aust) Pty Ltd,192789.92,03/05/2025,3634
INV268892,Open spaces management - region 1,Citywide Serfice Solutions Pty Ltd,219527.27,26/03/2025,3676
INV268893,Civil infrastructure services,Citywide Service Solutions Pty Ltd,"$119,513.34",14/09/2028,3665
INV268894,Open spaces management - region 1,Citywide,"$129,454.56",01/06/2026,3676
INV268895,Open spaces management - region 2,SERCO,"$221,954.2",21/08/2027, 
INV268896,Building cleaning services,Menzies Int’l (Aust) Pty Ltd,34526.94 AUD,28/08/2029,3634
INV268897,Vehicle tow away and impound services,Nationwide Towing Services (AUS),84139.19,26/11/20,3585
INV268898,Management of Active Melbourne recreation facilities,Victorian,45958.9 AUD,2025-01-27,3615
INV268899,Open spaces management - region 1,Citywide  Service  Solutions  Pty  Ltd,"$187,631.31",01 September 2028,3676
INV268900,Tree management maintenance services,CitywideServiceSolutionsPtyLtd,"$173,019.25",03/06/2025,3678
INV268901,Integrated security services,NATIONAL PROTECTIVE SERVICES PTY LTD,7764.7 AUD,11/10/2025,3686
INV268902,Open spaces management - region 2,SERCO (AU),"$160,024.98",26-Sep-2028,3677
INV268903,Parking technology services,Reino Intl Pty Ltd T/A Duncan Solutions,0.1m,15/08/2028, 
INV268904,Waste management services,Cleanaway Waste Management Ltd,209443.59,23-Apr-2029,3556
INV268905,Parking technology services,Reino International Pty LtdtT/A Duncan Solutions,185351.83 AUD,2026-03-26,3623
INV268906,Graffiti management and pressure cleaning services,Calcorp Services Pty Ltd (AUS),0.2m,07 December 2025,3668
INV268907,Street cleaning,SPOTLESS FACILITY SERVICES PTY LTD,2447.25,12/03/2028,3669
INV268908,Tree management maintenance services,Citywide Service ,"$120,615.82",25/07/18,3678
INV268909,Building cleaning services,Menzies International (Aust) P/L,100920.1,2029-02-26,3634
INV268910,Street cleaning,Spotleso Facility Services Pty Ltd,105725.82,26-Dec-2026,3669
INV268911,Street cleaning,Spotless Facility,"$145,587.73",25/08/2028,3669
INV268912,Waste management services,Cleanaway Waste Management Limjted,4840.77 AUD,23/10/2028,3556
INV268913,Open spaces management - region 2,SERCO,"$150,823.7",23/09/2026,3677
INV268914,Integrated security services,NATIONAL PROTECTIVE SERVICES PTY LTD,86261.58,01-May-2026,3686
INV268915,Open spaces management - region 2,SERCO,91745.56,28/11/09,3677
INV268916,Parking technology services,reino international pty ltd t/a duncan solutions,"$174,783.97",2029-02-23,3623
INV268917,Building maintenance services,Reino International Pty Ltd T/A Duncan Solutions (AUS),76156.54,30 November 2028, 
INV268918,Management of Active Melbourne recreation facilities,Victorian YMCA Community Programming Pty Ltd (AUS),33246.68,27/05/03,3615
INV268919,Management of Active Melbourne recreation facilities,victorian ymca community programming pty ltd,0.1m,2029-04-15,3615
INV268920,Building cleaning services,Menzies International (Aust) Pty Ltd (AU),64923.35 AUD,2028-06-29,3634
INV268921,Open spaces management - region 2,serco,93634.78,24/12/2029,3677
INV268922,Parking technology services,ReinoInternationalPtyLtdT/ADuncanSolutions,170455.26,2029-04-20,3623
INV268923,Tree management maintenance services,Citywide Service Solutions Pty Ltd,0.0m,29/08/2026,3678
INV268924,Melbourne Town Hall venue management,Showtime Event Group Pty. Ltd.,249033.74 AUD,28/06/15,3670
INV268925,Melbourne Town Hall venue management,Showtime Event Group Pty Ltd,"$197,344.72",27/10/04,3670
INV268926,Waste management services,Cleanaway Waste Management Limited,93232.19 AUD,20/03/2025,3556
INV268927,Graffiti management and pressure cleaning services,Calcorp Services Pty Ltd,129498.91 AUD,27/01/2028,3668
INV268928,Waste management services,Cleanaway Waste Management Ltd,"$155,225.5",2027-06-17,3556
INV268929,Open spaces management - region 1,Citywide Service Solutions Pty Ltd,15086.11,26/08/16,3676
INV268930,Building maintenance services,Programmed Facility Management Pty Ltd (AUS),0.1m,22/04/2026,3630
INV268931,Waste management services,Cjeanaway Waste Management Limited,107412.45,27/01/2029,3556
INV268932,Tree management maintenance services,Nationwide Towing Services (AUS),196700.79 AUD,2027-08-27,3585
INV268933,Civil infrastructure services,Citywide Service Solutions Pty Ltd,0.2m,,3665
INV268934,Graffiti management and pressure cleaning services,calcorp services pty ltd,0.2m,19/10/2025,3668
INV268935,Building cleaning services,Menzies Internationaf (Aust) Pty Ltd,0.0m,25/07/30,3634
INV268936,Waste management services,Cleanaway Waste Management Limited,"$183,211.91",2026-03-21,3556
INV268937,Open spaces management - region 2,SERCO (AU),"$84,216.89",30/06/2027,3677
INV268938,Tree management maintenance services,Citywide Service Solutions P/L,"$210,934.97",28-Oct-2027,3678
INV268939,Street cleaning,spotless facility services pty ltd,112545.62,27-Nov-2029,3669
INV268940,Building maintenance services,PROGRAMMED FACILITY MANAGEMENT PTY LTD,218393.75 AUD,03-Sep-2026,3630
INV268941,Building maintenance services,Programmed Facility Mgmt Pty Ltd,159957.58,2026-08-15,3630
INV268942,Vehicle tow away and impound services,Nationwide Towing Serviccs,45567.19,08 June 2029,3585
INV268943,Open spaces management - region 2,nERCO,27112.18,23 May 2027,3677
INV268944,Graffiti management and pressure cleaning services,Calcorp,"$157,880.82",08/09/2029,3668
INV268945,Open spaces management - region 2,SERCO,211691.25,07/03/2026,3677
INV268946,Building maintenance services,Programmed Facility Management P/L,"$35,612.43",15/07/2028,3630
INV268947,Tree management maintenance services,CitywideServiceSolutionsPtyLtd,"$212,295.01",2025-01-09,3678
INV268948,Building cleaning services,Menzies International (Aust) Pty Lrd,190979.82,03/04/2025,3634
INV268949,Parking technology services,reino international pty ltd t/a duncan solutions,214953.29,23 May 2028,3623
INV268950,Tree management maintenance services,Citywide Service Solutions Ptb Ltd,"$157,721.45",25/10/2029,3678
INV268951,Civil infrastructure services,Citywide Service ,47291.04,18-Apr-2029,3665
INV268952,Building cleaning services,Menzies International (Aust) pty Ltd,214744.14,21 February 2028,3634
INV268953,Open spaces management - region 1,Citywide Service Solutions Pty Ltd,"$211,707.13",29/05/2027,3676
INV268954,Vehicle tow away and impound services,Nationwide,0.1m,01-Mar-2026,3585
INV268955,Integrated security services,National Protective Services Pty. Ltd.,"$112,469.93",27/11/2027,3686
INV268956,Open spaces management - region 1,Citywide Service Solutions Pty Ltd,175864.87,2028-09-29,3676
INV268957,Tree management maintenance services,Citywide Service Solutions Pty itd,0.0m,27/03/28,3678
INV268958,Graffiti management and pressure cleaning services,Calcorp Services Pty Ltd (AU),58952.61 AUD,10 August 2027,3668
INV268959,Parking technology services,Reino,169455.55,2026-04-20,3623
INV268960,Parking technology services,Reino Int’l Pty Ltd T/A Duncan Solutions,1457.33,27 January 2025,3623
INV268961,Melbourne Town Hall venue management,showtime event group pty ltd,135326.11,14 May 2029, 
INV268962,Street cleaning,Spotless Facility Services Pty Ltd,0.2m,06-Dec-2026,3669
INV268963,Management of Active Melbourne recreation facilities,Victorian YMCA Community Programming Pty Ltd (AU),8017.62,31-Jan-2026,3615
INV268964,Integrated security services,national protective services pty ltd,0.1m,28/09/07,3686
INV268965,Integrated security services,National  Protective  Services  Pty  Ltd,215149.19,2028-06-21,3686
INV268966,Building cleaning services,Menzies International (Aust) Pty Ltd,"$22,571.53",2025-09-01,3634
INV268967,Civil infrastructure services,citywide service solutions pty ltd,"$209,669.12",2029-07-26,3665
INV268968,Waste management services,Cleanaway Waste Management Limited,"$108,293.17",17/12/2028,3556
INV268969,Open spaces management - region 1,Citywide Service Solutions Pty Ltd,"$211,126.47",26/07/17, 
INV268970,Vehicle tow away and impound services,Nationwide  Towing  Services,118823.25,06/05/2028,3585
INV268971,Tree management maintenance services,Citywide,0.1m,04 June 2026,3678
INV268972,Management of Active Melbourne recreation facilities,Victorian YMCA Community Programming Pty Ltd (AU),59327.46,23/12/2028, 
INV268973,Building cleaning services,Menzies International (Aust) P/L,0.0m,20 June 2025,3634
INV268974,Parking technology services,ReinoInternationalPtyLtdT/ADuncanSolutions,103617.73,27/10/2027,3623
INV268975,Building cleaning services,Menzies International (Aust) P/L,209383.25 AUD,2026-09-02,3634
INV268976,Building cleaning services,Menzies International (Aust) Pty Ltd,112246.26,2026-12-24,3634
INV268977,Tree management maintenance services,citywide service solutions pty ltd,"$154,484.81",2026-02-11,3678
INV268978,Building cleaning services,Menzies  International  (Aust)  Pty  Ltd,219685.06,29/11/02,3634
INV268979,Civil infrastructure services,CitywideServiceSolutionsPtyLtd,0.1m,07-Sep-2026,3665
INV268980,Melbourne Town Hall venue management,Showtime Event Group Pty Ltd (AU),109886.81,29-Jul-2025,3670
INV268981,Building cleaning services,MENZIES INTERNATIONAL (AUST) PTY LTD,136050.07,19-Jul-2029, 
INV268982,Civil infrastructure services,CITYWIDE SERVICE SOLUTIONS PTY LTD,0.2m,2028-08-15, 
INV268983,Vehicle tow away and impound services,Nationwide Towing Services,7503.25 AUD,2025-04-20,3585
INV268984,Vehicle tow away and impound services,SERCO,181940.17 AUD,10 June 2025,3677
INV268985,Waste management services,Cleanaway  Waste  Management  Limited,25428.89,2029-08-15,3556
INV268986,Melbourne Town Hall venue management,Showtime Event Group P/L,"$104,360.66",10/01/2025,3670
INV268987,Open spaces management - region 2,SERCO,205913.12 AUD,17 December 2025,3677
INV268988,Building cleaning services,Menzies International (Aust) P/L,0.1m,01/01/2026,3634
INV268989,Melbourne Town Hall venue management,ShowtimeEventGroupPtyLtd,"$26,937.09",2029-03-30,3670
INV268990,Open spaces management - region 1,Citywide Servvce Solutions Pty Ltd,0.2m,29/04/24,3676
INV268991,Civil infrastructure services,Citywide Service Solutions Pty Ltd,44313.42 AUD,19-Mar-2026,3665
INV268992,Integrated security services,National Protective Services Pty. Ltd.,175648.53,28/12/11,3686
INV268993,Open spaces management - region 2,SERCO,141188.94,25 July 2025,3677
INV268994,Building cleaning services,Menzies International (Aust) Pty Ltd (AU),0.2m,13 March 2029,3634
INV268995,Melbourne Town Hall venue management,Showtime Event Group Pty Ltd,0.1m,2025-10-13,3670
INV268996,Building maintenance services,ProgrammedFacilityManagementPtyLtd,95659.61,25/07/28,3630
INV268997,Open spaces management - region 2,SERCO (AUS),"$21,740.85",21-Jul-2025,3677
INV268998,Integrated security services,National  Protective  Services  Pty  Ltd,248868.69,29/08/2029,3686
INV268999,Civil infrastructure services,citywide service solutions pty ltd,"$9,896.04",14 September 2025,3665
INV269000,Melbourne Town Hall venue management,Showtime EventhGroup Pty Ltd,43395.73,19-Jan-2026,3670
