InvoiceID,ContractTitle,Provider,InvoiceAmount,InvoiceDate,ContractNumber
INV270001,Open spaces management - region 2,SERCO,221338.4 AUD,29/09/10,3677
INV270002,Building maintenance services,Programmed,0.0m,14-Nov-2027,3630
INV270003,Street cleaning,Spotless  Facility  Services  Pty  Ltd,174603.63 AUD,23/04/2025,3669
INV270004,Tree management maintenance services,Citywide Service Solutions Pty Ltd (AUS),0.0m,28/04/06,3678
INV270005,Waste management services,Cleanaway Waste Management Ltd,53354.77 AUD,2025-06-21,3556
INV270006,Parking technology services,Reino International Pty. Ltd. T/A Duncan Solutions,97331.02,26/12/09,3623
INV270007,Vehicle tow away and impound services,Nationwide Towing Services (AU),27979.23,16/12/2028,3585
INV270008,Parking technology services,Reino International Pty Ltd T/A Duncan Solutions,0.0m,25 April 2028,3623
INV270009,Integrated security services,National Protective Services Pty Ltd,"$103,365.28",11/07/2026,3686
INV270010,Open spaces management - region 2,Menzies International (Aust) Pty. Ltd.,0.1m,24 August 2028,3634
INV270011,Integrated security services,National Protective Services Pty Ltd,33847.27,27/09/2027,3686
INV270012,Building cleaning services,Menzies International (Aust) Pty Ltd,"$136,076.06",,3634
INV270013,Building maintenance services,Programmxd Facility Management Pty Ltd,84604.83,08/02/2029,3630
INV270014,Open spaces management - region 1,Citywide Service Solutions Pty Ltd (AU),195284.91,17 October 2027,3676
INV270015,Waste management services,Cleanaway Waste Management Limited,226438.04,27/01/28,3556
INV270016,Building cleaning services,menzies international (aust) pty ltd,67146.61 AUD,2027-09-30,3634
INV270017,Tree management maintenance services,Citywide,"$117,459.46",28-Mar-2026,3678
INV270018,Vehicle tow away and impound services,NATIONWIDE TOWING SERVICES,244477.69 AUD,2028-05-31,3585
INV270019,Street cleaning,Spotless Facility,0.1m,24/10/2027,3669
INV270020,Tree management maintenance services,Citywide Service Solutions Pty Ltd (AUS),151899.15,25/07/01,3678
INV270021,Building maintenance services,Programmed Facility Management Pty. Ltd.,"$64,189.77",2025-07-14, 
INV270022,Open spaces management - region 2,StRCO,208251.74,2026-02-25,3677
INV270023,Graffiti management and pressure cleaning services,Calcorp Services P/L,0.0m,09/10/2025,3668
INV270024,Integrated security services,National Protective Services Pty Ltd,0.1m,2029-12-07,3686
INV270025,Waste management services,Cleanaway  Waste  Management  Limited,42854.26,2025-05-13,3556
INV270026,Open spaces management - region 2,SERCO,156936.96,27/02/02, 
INV270027,Open spaces management - region 2,Serco,233066.71,01/09/2026,3677
INV270028,Tree management maintenance services,Citywide Service Solutions Pty. Ltd.,0.0m,25/04/2028,3678
INV270029,Integrated security services,National Protective Services Pty Ltd (AU),"$147,747.57",31/01/2028,3686
INV270030,Open spaces management - region 1,Citywide Service Solutions Pty Ltd,0.1m,28/07/2025,3676
INV270031,Building maintenance services,SERCO (AUS),270.94 AUD,2028-07-31,3677
INV270032,Building maintenance services,Programmed Facility Management P/L,182850.52,04/12/2026,3630
INV270033,Tree management maintenance services,Citywide Service ,0.2m,29 June 2025,3678
INV270034,Open spaces management - region 2,SERCO,"$26,351.46",07-Sep-2028,3677
INV270035,Parking technology services,Reino International Pty Ltd T/A Duncan Solutions (AUS),0.2m,02/10/2028,3623
INV270036,Building maintenance services,Programmed Facility,73764.76,29/11/14,3630
INV270037,Street cleaning,SpotlessFacilityServicesPtyLtd,187354.24,26/10/31,3669
INV270038,Melbourne Town Hall venue management,Showtime Event Group Pty Ltd (AU),76614.02,14/11/2027,3670
INV270039,Melbourne Town Hall venue management,ShowtimeEventGroupPtyLtd,63007.85,25/12/25,3670
INV270040,Parking technology services,Reino Int’l Pty Ltd T/A Duncan Solutions,29867.96,27/12/13,3623
INV270041,Graffiti management and pressure cleaning services,Calcorp Services P/L,107819.59,27 September 2029,3668
INV270042,Street cleaning,Spotless Facility Services Pty Ltd,"$76,782.57",19-Mar-2029,3669
INV270043,Management of Active Melbourne recreation facilities,Victorian YMCA Community Programming Pty Ltd (AUS),211048.32 AUD,06/07/2028,3615
INV270044,Open spaces management - region 1,Citywide  Service  Solutions  Pty  Ltd,"$192,618.83",11/07/2027,3676
INV270045,Tree management maintenance services,Citywide,0.1m,2026-02-04,3678
INV270046,Waste management services,Cleanaway Waste Management Ltd,36701.38,25/02/2029,3556
INV270047,Building cleaning services,Menzies  International  (Aust)  Pty  Ltd,,10 November 2026,3634
INV270048,Management of Active Melbourne recreation facilities,victorian ymca community programming pty ltd,74350.17 AUD,07/04/2029,3615
INV270049,Building maintenance services,ProgrammedFacilityManagementPtyLtd,118105.77,2025-05-22,3630
INV270050,Open spaces management - region 1,CITYWIDE SERVICE SOLUTIONS PTY LTD,85358.65,2025-02-23, 
INV270051,Management of Active Melbourne recreation facilities,Victorian Ymca Community Programming Pty Ltd,0.1m,28/07/24,3615
INV270052,Graffiti management and pressure cleaning services,Calcorp Services Pty Ltd,0.0m,05/05/2027,3668
INV270053,Civil infrastructure services,Citywide Service Solutions Pty Ltd (AUS),"$11,510.07",21 August 2029,3665
INV270054,Open spaces management - region 1,Citywide Service Solutionb Pty Ltd,27828.62,20/10/2029,3676
INV270055,Melbourne Town Hall venue management,Showtime Event Group P/L,234861.78,16/04/2029,3670
INV270056,Parking technology services,ReinoInternationalPtyLtdT/ADuncanSolutions,0.2m,21/08/2027,3623
INV270057,Street cleaning,SPOTLESS FACILITY SERVICES PTY LTD,215113.6,18-Mar-2026,3669
INV270058,Waste management services,cleanaway waste management limited,158744.02 AUD,25/04/2026,3556
INV270059,Street cleaning,Spotless Facility Services Pty Ltd (AUS),240626.57 AUD,06 September 2026,3669
INV270060,Building maintenance services,Programmed Facility Mgmt Pty Ltd,"$119,198.26",30 January 2027,3630
INV270061,Vehicle tow away and impound services,NATIONWIDE TOWING SERVICES,193178.69,05/10/2025,3585
INV270062,Street cleaning,SPOTLESS FACILITY SERVICES PTY LTD,0.2m,2028-09-22,3669
INV270063,Open spaces management - region 2,Serco,156481.01,08/03/2029,3677
INV270064,Civil infrastructure services,Citywide Service Solutions Pty Ltd (AU),189087.98 AUD,26-Jul-2025,3665
INV270065,Building cleaning services,MENZIES INTERNATIONAL (AUST) PTY LTD,234815.31 AUD,22-Aug-2026,3634
INV270066,Waste management services,Cleanaway Waste M,"$76,532.86",2029-06-23,3556
INV270067,Graffiti management and pressure cleaning services,Calcorp Services Pty. Ltd.,19335.13 AUD,28/05/06,3668
INV270068,Open spaces management - region 2,Menzies International (Aust) Pty Ltd (AU),240157.8 AUD,09-Jun-2026,3634
INV270069,Building cleaning services,MenziesInternational(Aust)PtyLtd,"$169,512.27",2025-09-07,3634
INV270070,Open spaces management - region 2,serco,109770.26,10/09/2026,3677
INV270071,Tree management maintenance services,Citywide Service Solutions Pty. Ltd.,53478.08 AUD,26 January 2027,3678
INV270072,Management of Active Melbourne recreation facilities,VictorianYMCACommunityProgrammingPtyLtd,193309.72 AUD,28/04/07,3615
INV270073,Street cleaning,Spotless Facility Services Pty Ltd,0.1m,2029-02-24,3669
INV270074,Tree management maintenance services,Citywide Service ,105771.55 AUD,27-Apr-2027,3678
INV270075,Waste management services,Cleanaway,"$131,870.75",2029-09-02,3556
INV270076,Integrated security services,National Protective Services Pty Ltd (AU),16908.13,26/10/26,3686
INV270077,Parking technology services,Reino International Pty Ltd T/A Duncan Solutions,215089.53 AUD,28/05/24,3623
INV270078,Waste management services,cleanaway waste management limited,0.2m,10 November 2028,3556
INV270079,Building cleaning services,Menzies Internatio,94913.78,17 November 2026,3634
INV270080,Building cleaning services,Menzies Int’l (Aust) Pty Ltd,48778.8 AUD,2028-08-11,3634
INV270081,Parking technology services,Reino International Pty Ltd T/A Duncan Solutions,81568.31 AUD,30/03/2027,3623
INV270082,Parking technology services,Reino International Pvy Ltd T/A Duncan Solutions,0.1m,02/09/2028,3623
INV270083,Building maintenance services,Programmed,"$184,295.75",2028-01-19,3630
INV270084,Parking technology services,Reino International Pty ,61720.06,16/10/2026,3623
INV270085,Tree management maintenance services,CITYWIDE SERVICE SOLUTIONS PTY LTD,1539.88,25/04/11,3678
INV270086,Building maintenance services,Programmed Facility Management P/L,141301.8,09-May-2029,3630
INV270087,Graffiti management and pressure cleaning services,CalcorpServicesPtyLtd,0.0m,27/10/2029,3668
INV270088,Waste management services,Cleanaway Waste Mgmt Limited,"$12,438.74",2029-01-22,3556
INV270089,Waste management services,Cleanaway,183863.87,14/09/2028,3556
INV270090,Building cleaning services,Menzies  International  (Aust)  Pty  Ltd,9045.54,21 April 2026, 
INV270091,Tree management maintenance services,Citywide Service ,86987.3,21/07/2025,3678
INV270092,Open spaces management - region 2,SERCO (AU),70953.44,27/10/2025,3677
INV270093,Vehicle tow away and impound services,NATIONWIDE TOWING SERVICES,190869.24,30/06/2028,3585
INV270094,Open spaces management - region 2,SERCO (AUS),,12-Jun-2029,3677
INV270095,Parking technology services,Reinu International Pty Ltd T/A Duncan Solutions,83597.96,2027-05-28,3623
INV270096,Open spaces management - region 1,Citywide Service ,133289.0 AUD,06-May-2029,3676
INV270097,Waste management services,Cleanaway Waste Management Limited,0.0m,07 December 2029,3556
INV270098,Open spaces management - region 1,Citywide Service Solutions P/L,36116.0,20/01/2026,3676
INV270099,Parking technology services,Reino Intl Pty Ltd T/A Duncan Solutions,200652.06,13/09/2027,3623
INV270100,Building cleaning services,Menzies  International  (Aust)  Pty  Ltd,72597.73 AUD,13 September 2026,3634
INV270101,Civil infrastructure services,CITYWIDE SERVICE SOLUTIONS PTY LTD,186513.94,27/07/2029,3665
INV270102,Graffiti management and pressure cleaning services,Calcorp Services Pty Ltd,12261.3,2026-08-26,3668
INV270103,Civil infrastructure services,citywide service solutions pty ltd,94274.27,2027-12-02,3665
INV270104,Graffiti management and pressure cleaning services,Calcorp  Services  Pty  Ltd,22659.48 AUD,22/02/2029,3668
INV270105,Melbourne Town Hall venue management,Showtime,124422.17,29/04/04,3670
INV270106,Building maintenance services,Programmed Facility Management Pty Ltd,"$161,974.98",27/12/13,3630
INV270107,Management of Active Melbourne recreation facilities,Victorian YMCA Community Programming Pty Ltd,190984.1 AUD,17-Apr-2029,3615
INV270108,Building cleaning services,Nationwide Towing Services (AU),"$15,901.66",03/02/2029,3585
INV270109,Integrated security services,National Protective Services Pty Ltd (AUS),"$172,564.2",17 July 2029,3686
INV270110,Civil infrastructure services,Citywide Service ,"$105,566.36",18 October 2026,3665
INV270111,Graffiti management and pressure cleaning services,Calcorp Services Pty. Ltd.,0.2m,29/05/28,3668
INV270112,Graffiti management and pressure cleaning services,Calcorp Services P/L,128553.11,25/01/22,3668
INV270113,Parking technology services,Reino International Pty ,159322.84 AUD,27/02/18,3623
INV270114,Tree management maintenance services,CitywideServiceSolutionsPtyLtd,0.2m,2026-09-09,3678
INV270115,Integrated security services,National Protective Services Pty Ltd (AUS),"$201,542.23",27/10/27,3686
INV270116,Street cleaning,Spotless Facility Services P/L,186565.19,18/07/2029,3669
INV270117,Civil infrastructure services,Citywide Service Solutions Pty Ltd (AU),4011.34 AUD,15/09/2025,3665
INV270118,Civil infrastructure services,Citywide,"$86,828.6",07/03/2029,3665
INV270119,Street cleaning,Spotless Facility Services P/L,0.2m,28-Aug-2029,3669
INV270120,Building cleaning services,Menzies Intl (Aust) Pty Ltd,"$66,905.58",04 October 2027,3634
INV270121,Waste management services,Cleanaway Waste M,178517.13,18 December 2025,3556
INV270122,Building cleaning services,Menzies International (Aust) Pcy Ltd,151918.02,28/04/22,3634
INV270123,Street cleaning,Spotless Facility Services Pty Ltd (AUS),"$172,320.86",26/07/14,3669
INV270124,Integrated security services,National Protective Services Pty Ltd,153460.62 AUD,13 January 2025,3686
INV270125,Civil infrastructure services,Citywide Service Solutions Pty Ltd (AU),48832.6,2026-06-04,3665
INV270126,Street cleaning,Spotless Facility Services Pty. Ltd.,158675.48,25-Jun-2028,3669
INV270127,Management of Active Melbourne recreation facilities,Victorian Ymca Community Programming Pty Ltd,"$243,593.87",09/11/2027,3615
INV270128,Graffiti management and pressure cleaning services,Calcorp Serv,0.2m,04/02/2025,3668
INV270129,Parking technology services,Reino International Pty. Ltd. T/A Duncan Solutions,"$116,477.81",25/05/15,3623
INV270130,Civil infrastructure services,Citywide Service Solutions Pty Ltd (AU),"$230,952.49",2028-08-13,3665
INV270131,Open spaces management - region 2,SERCO,215696.78 AUD,15/07/2025,3677
INV270132,Building cleaning services,Menzies  International  (Aust)  Pty  Ltd,91480.68,2029-05-09,3634
INV270133,Building cleaning services,Menzies International (Aust) Pty. Ltd.,179339.27,08/11/2025,3634
INV270134,Tree management maintenance services,Citywide Service Solutions Pty Ltd,"$147,696.35",2025-05-02,3678
INV270135,Waste management services,Cleanaway Waste Management Limited (AU),72932.6,27/04/10,3556
INV270136,Building maintenance services,Programmed Facility Management Pty Ltd,121579.95,25/08/02,3630
INV270137,Graffiti management and pressure cleaning services,Calcorp Services Pty Ltd,52986.59,20/05/2027,3668
INV270138,Graffiti management and pressure cleaning services,Calcorp Services Pty. Ltd.,178605.27,14/12/2027,3668
INV270139,Waste management services,Cleanaway Waste Management Limited (AUS),"$21,214.32",01/03/2029,3556
INV270140,Vehicle tow away and impound services,NATIONWIDE TOWING SERVICES,"$155,026.55",12/05/2028,3585
INV270141,Graffiti management and pressure cleaning services,CALCORP SERVICES PTY LTD,"$145,741.47",09/12/2029,3668
INV270142,Vehicle tow away and impound services,Natihnwide Towing Services,0.1m,23 June 2027,3585
INV270143,Melbourne Town Hall venue management,Showtime Event Group Pty Ltd,"$63,161.8",27-Jun-2026,3670
INV270144,Integrated security services,National Protective Services Pty Ltd,149621.1,25/07/2029,3686
INV270145,Melbourne Town Hall venue management,ShowtimeEventGroupPtyLtd,192144.22,22/01/2026, 
INV270146,Street cleaning,Spotleso Facility Services Pty Ltd,149684.8 AUD,2028-02-03,3669
INV270147,Graffiti management and pressure cleaning services,Programmed Facility Management Pty. Ltd.,235233.8,22 March 2027,3630
INV270148,Melbourne Town Hall venue management,SHOWTIME EVENT GROUP PTY LTD,19449.1,24/07/2026,3670
INV270149,Parking technology services,Calcorp Services P/L,216754.78,28/11/16, 
INV270150,Building maintenance services,Programmed Facility Management Pty. Ltd.,"$206,764.47",03-Jul-2029,3630
INV270151,Waste management services,Cleanaway Waste M,231622.65,26/07/14,3556
INV270152,Tree management maintenance services,Citywide  Service  Solutions  Pty  Ltd,0.1m,26/01/23,3678
INV270153,Tree management maintenance services,Citywide,100853.38,28/05/06, 
INV270154,Building maintenance services,Programmed Facility Management Pty Ltd,0.1m,2028-07-28,3630
INV270155,Management of Active Melbourne recreation facilities,Victorian Ymca Community Programming Pty Ltd,"$67,199.24",21 November 2029,3615
INV270156,Civil infrastructure services,Citywide Service Solutions P/L,80281.83,2027-05-06,3665
INV270157,Open spaces management - region 1,Citywide Servfce Solutions Pty Ltd,0.1m,2029-05-04,3676
INV270158,Waste management services,Cleanaway Waste M,,01/09/2025,3556
INV270159,Vehicle tow away and impound services,Nationwide Towifg Services,"$40,683.49",2026-05-17,3585
INV270160,Open spaces management - region 1,Citywide Service Solutions P/L,41780.91,07/12/2027, 
INV270161,Building maintenance services,Programmed Facility Mgmt Pty Ltd,246821.85,28/02/14,3630
INV270162,Integrated security services,National Protective Services P/L,215334.18,23 January 2028, 
INV270163,Street cleaning,Victorian YMCA Community Programming Pty Ltd (AUS),148326.88,28/08/28,3615
INV270164,Melbourne Town Hall venue management,SHOWTIME EVENT GROUP PTY LTD,80952.05,23/04/2025, 
INV270165,Parking technology services,Reino,132264.02,28/03/04,3623
INV270166,Management of Active Melbourne recreation facilities,Vlctorian YMCA Community Programming Pty Ltd,0.0m,09 November 2026,3615
INV270167,Integrated security services,National Protectiv,0.1m,21 May 2027,3686
INV270168,Melbourne Town Hall venue management,SHOWTIME EVENT GROUP PTY LTD,0.2m,28/07/03,3670
INV270169,Tree management maintenance services,Citywide Service Solutions Pty Ltd,0.1m,22/11/2029,3678
INV270170,Tree management maintenance services,Citywide  Service  Solutions  Pty  Ltd,40673.09 AUD,28/07/05,3678
INV270171,Management of Active Melbourne recreation facilities,Vbctorian YMCA Community Programming Pty Ltd,"$211,265.15",14/11/2029,3615
INV270172,Parking technology services,Reino  International  Pty  Ltd  T/A  Duncan  Solutions,0.1m,23 June 2029,3623
INV270173,Street cleaning,Spotless Facility Services Pty Ltd (AUS),221056.96 AUD,09/10/2027,3669
INV270174,Melbourne Town Hall venue management,Showtime,182192.08,,3670
INV270175,Building cleaning services,MENZIES INTERNATIONAL (AUST) PTY LTD,117354.99,16-Jan-2029,3634
INV270176,Open spaces management - region 2,SERtO,82160.03,2026-10-02,3677
INV270177,Street cleaning,Spotless Facility Services Pty. Ltd.,93237.89,23/06/2029,3669
INV270178,Civil infrastructure services,CITYWIDE SERVICE SOLUTIONS PTY LTD,0.0m,2029-11-17,3665
INV270179,Management of Active Melbourne recreation facilities,VICTORIAN YMCA COMMUNITY PROGRAMMING PTY LTD,1654.19,04/01/2028,3615
INV270180,Building maintenance services,Programmed Facility,"$129,447.24",27/11/05,3630
INV270181,Waste management services,Cleanaway Waste M,100186.76 AUD,24-May-2026, 
INV270182,Street cleaning,spotless facility services pty ltd,0.1m,28/02/2026,3669
INV270183,Street cleaning,SpotlessFacilityServicesPtyLtd,42763.89 AUD,28/10/26,3669
INV270184,Waste management services,CLEANAWAY WASTE MANAGEMENT LIMITED,0.1m,21/11/2026,3556
INV270185,Management of Active Melbourne recreation facilities,victorian ymca community programming pty ltd,220681.2 AUD,27/01/29,3615
INV270186,Civil infrastructure services,CITYWIDE SERVICE SOLUTIONS PTY LTD,"$114,146.89",01-Jun-2026,3665
INV270187,Building maintenance services,Programmed Facility Mgmt Pty Ltd,154969.07,25/07/02,3630
INV270188,Building cleaning services,penzies International (Aust) Pty Ltd,"$170,909.16",27/08/17,3634
INV270189,Building maintenance services,Programmed Facility Mgmt Pty Ltd,"$97,417.83",03/05/2025,3630
INV270190,Building maintenance services,Programmed Facility Management P/L,158665.5 AUD,04/11/2028,3630
INV270191,Vehicle tow away and impound services,Nationwide Towing Services (AU),221095.62 AUD,18/11/2025,3585
INV270192,Civil infrastructure services,Citywide Service Sqlutions Pty Ltd,0.1m,28/01/2027,3665
INV270193,Building maintenance services,Programmed Facility Management P/L,66484.12 AUD,10/05/2026,3630
INV270194,Waste management services,Cleanaway Waste Mgmt Limited,"$186,112.71",04/11/2027,3556
INV270195,Open spaces management - region 2,SERCO (AU),197163.89 AUD,16/07/2025,3677
INV270196,Melbourne Town Hall venue management,Showtime Event Group Pty Ltd,234820.46,2027-11-23,3670
INV270197,Integrated security services,National Protective Services Pty Ltd (AUS),106689.41 AUD,27-Sep-2027,3686
INV270198,Waste management services,Cleanaway Waste Management Limited (AU),"$237,563.82",11/05/2027,3556
INV270199,Building maintenance services,Programmed Facility Mgmt Pty Ltd,0.0m,28/02/2027,3630
INV270200,Building maintenance services,PROGRAMMED FACILITY MANAGEMENT PTY LTD,0.1m,26-Mar-2025,3630
INV270201,Street cleaning,Spotless  Facility  Services  Pty  Ltd,"$236,521.53",01-Nov-2026,3669
INV270202,Building maintenance services,Programmed  Facility  Management  Pty  Ltd,132068.76,02/08/2025,3630
INV270203,Vehicle tow away and impound services,Nationwide Towing Services,"$205,271.19",28/01/2027,3585
INV270204,Open spaces management - region 1,Citywide fervice Solutions Pty Ltd,0.2m,01/04/2025, 
INV270205,Management of Active Melbourne recreation facilities,Victorian YMCA Commdnity Programming Pty Ltd,193888.34 AUD,23-Feb-2027,3615
INV270206,Melbourne Town Hall venue management,Showtime  Event  Group  Pty  Ltd,0.1m,2029-03-16,3670
INV270207,Civil infrastructure services,Citywide Service Solutions Pty Ltd (AU),181909.78,02 October 2028,3665
INV270208,Building cleaning services,Menzies Int’l (Aust) Pty Ltd,35338.14 AUD,10 January 2029,3634
INV270209,Open spaces management - region 2,CitywideServiceSolutionsPtyLtd,"$93,307.55",2028-01-27,3676
INV270210,Building cleaning services,MENZIES INTERNATIONAL (AUST) PTY LTD,0.1m,25/10/2029,3634
INV270211,Open spaces management - region 1,Citywide  Service  Solutions  Pty  Ltd,67106.11 AUD,29/10/18,3676
INV270212,Vehicle tow away and impound services,NATIONWIDE TOWING SERVICES,180285.49,29/10/16,3585
INV270213,Tree management maintenance services,Citywide Service Solutions Pty. Ltd.,40532.23,01/11/2028,3678
INV270214,Building cleaning services,Reino International Pty Ltd T/A Duncan Solutions,31600.77,16 November 2025,3623
INV270215,Civil infrastructure services,Citywide Service Solutions Pty Ltd,168691.44,,3665
INV270216,Parking technology services,Reino,39454.31,06/02/2028, 
INV270217,Open spaces management - region 1,Citywide Service ,34070.64,25/07/2028, 
INV270218,Integrated security services,National  Protective  Services  Pty  Ltd,0.2m,09 November 2027,3686
INV270219,Parking technology services,Reino International Pty Ltd T/A Duncan Solutions,"$215,933.62",03/09/2026,3623
INV270220,Civil infrastructure services,Citywide Service Solutions Pty Ltd (AUS),24379.8 AUD,27 November 2028,3665
INV270221,Melbourne Town Hall venue management,ShowtimeEventGroupPtyLtd,224141.31,30/01/2028,3670
INV270222,Waste management services,Cleanaway Waste Management Ltd,148316.38,23/02/2028,3556
INV270223,Tree management maintenance services,Citywide Service Solutions Pty Ltd (AU),,20/11/2027,3678
INV270224,Open spaces management - region 2,SERCO (AUS),"$91,205.15",01/10/2028,3677
INV270225,Parking technology services,Reino  International  Pty  Ltd  T/A  Duncan  Solutions,"$21,346.38",04/07/2026,3623
INV270226,Street cleaning,Spotless Facility Services Pty. Ltd.,17392.67,2028-01-01,3669
INV270227,Integrated security services,national protective services pty ltd,"$179,677.39",12 February 2027,3686
INV270228,Management of Active Melbourne recreation facilities,Victorian YMCA Community Programming Pty Ltd (AUS),0.2m,20/09/2027,3615
INV270229,Building cleaning services,Menzies  International  (Aust)  Pty  Ltd,"$18,691.96",02/05/2025,3634
INV270230,Street cleaning,spotless facility services pty ltd,235913.4,26/11/26,3669
INV270231,Parking technology services,Reino International Pty Ltd T/A Duncan Solutions,99461.5,13-Oct-2029,3623
INV270232,Open spaces management - region 1,Citywide Service Solutions P/L,"$48,222.21",24 May 2025,3676
INV270233,Parking technology services,reino international pty ltd t/a duncan solutions,"$158,346.07",11/02/2028,3623
INV270234,Open spaces management - region 2,SERCO,48900.59 AUD,30-Aug-2028,3677
INV270235,Building maintenance services,Progyammed Facility Management Pty Ltd,0.1m,25/04/03,3630
INV270236,Graffiti management and pressure cleaning services,Calcorp Services Pty Ltd,45360.28 AUD,09 May 2026,3668
INV270237,Integrated security services,NATIONAL PROTECTIVE SERVICES PTY LTD,203630.53,02/03/2029,3686
INV270238,Open spaces management - region 1,Citywide Service Solutions Pty. Ltd.,48114.04 AUD,17 June 2028,3676
INV270239,Open spaces management - region 1,CITYWIDE SERVICE SOLUTIONS PTY LTD,"$244,810.52",14/05/2029,3676
INV270240,Management of Active Melbourne recreation facilities,Victorian YMCA Community Programming Pty Ltd,"$10,564.72",2026-06-28,3615
INV270241,Graffiti management and pressure cleaning services,Calcorp  Services  Pty  Ltd,0.1m,20 September 2026,3668
INV270242,Building maintenance services,programmed facility management pty ltd,177311.13,11 April 2026,3630
INV270243,Parking technology services,Reino,56244.59 AUD,29/05/19,3623
INV270244,Vehicle tow away and impound services,NATIONWIDE TOWING SERVICES,0.2m,04/12/2027,3585
INV270245,Building maintenance services,Programmed Facility Management P/L,127086.36 AUD,26/11/24,3630
INV270246,Building maintenance services,Programmed Facility Management Pty Ltd,0.1m,29/02/25,3630
INV270247,Open spaces management - region 2,SERCO,244515.5,28/06/30,3677
INV270248,Open spaces management - region 2,Serco,34454.85,2026-06-06,3677
INV270249,Civil infrastructure services,CitywideServiceSolutionsPtyLtd,217994.74,19/06/2026,3665
INV270250,Vehicle tow away and impound services,Nationwidd Towing Services,190390.9,09-Feb-2029,3585
INV270251,Melbourne Town Hall venue management,Showtime Event Group Pty Ltd (AU),"$70,514.49",2029-10-16,3670
INV270252,Tree management maintenance services,Citywide Service Solutions Pty Ltd,96176.36 AUD,2026-06-02,3678
INV270253,Integrated security services,SpotlessFacilityServicesPtyLtd,153240.52,28/02/25,3669
INV270254,Waste management services,Cleanaway  Waste  Management  Limited,141002.1,2026-03-07,3556
INV270255,Street cleaning,Spotless Facility,21811.86,27/09/06,3669
INV270256,Building maintenance services,Programmed Facility Management Pty Ltd (AUS),211379.77,10-Sep-2029,3630
INV270257,Open spaces management - region 2,SERCO,"$112,071.96",29-Jan-2025,3677
INV270258,Street cleaning,Spotless  Facility  Services  Pty  Ltd,87370.1 AUD,2028-02-07,3669
INV270259,Integrated security services,National Protective Services Pty Ltd (AUS),190423.28,30/06/2025,3686
INV270260,Graffiti management and pressure cleaning services,Calcorp  Services  Pty  Ltd,0.0m,08/05/2026,3668
INV270261,Open spaces management - region 2,SERCO,"$6,625.5",26/05/2027,3677
INV270262,Integrated security services,National,13949.5,20/05/2027,3686
INV270263,Graffiti management and pressure cleaning services,CALCORP SERVICES PTY LTD,"$160,743.56",2028-03-22,3668
INV270264,Open spaces management - region 1,Citywide Service Solutions Pty Ltd (AUS),0.2m,2026-05-11, 
INV270265,Parking technology services,Reino International Pty Ltd T/A Duncan Solutions,51983.74,26/12/16,3623
INV270266,Integrated security services,national protective services pty ltd,71403.13,15 November 2027,3686
INV270267,Building cleaning services,MENZIES INTERNATIONAL (AUST) PTY LTD,"$9,078.26",01 April 2025,3634
INV270268,Civil infrastructure services,Citywide Service ,"$127,487.32",13 September 2029,3665
INV270269,Open spaces management - region 2,SERCO,"$113,352.49",2026-01-04,3677
INV270270,Civil infrastructure services,CitywideServiceSolutionsPtyLtd,108693.23,23-Apr-2027,3665
INV270271,Street cleaning,SpotlessFacilityServicesPtyLtd,127094.0,29/06/16,3669
INV270272,Open spaces management - region 1,Citywide Service ,0.1m,2027-03-11,3676
INV270273,Melbourne Town Hall venue management,ShowtimeEventGroupPtyLtd,232020.04 AUD,12/07/2029,3670
INV270274,Tree management maintenance services,Citywide Service Solutions Pty Ltd,0.0m,26/08/2027,3678
INV270275,Civil infrastructure services,CITYWIDE SERVICE SOLUTIONS PTY LTD,"$161,768.21",28/01/2027,3665
INV270276,Waste management services,Cleanaway,127341.52,2029-01-15,3556
INV270277,Graffiti management and pressure cleaning services,Calcorp Services Pty. Ltd.,177343.2,2028-03-12,3668
INV270278,Civil infrastructure services,Citywide,0.1m,26/05/04, 
INV270279,Building maintenance services,Spotless Facility Services Pty. Ltd.,49987.37 AUD,29/09/17,3669
INV270280,Management of Active Melbourne recreation facilities,Victorian YMCA Community Programming Pty Ltd (AU),197550.5 AUD,24-Mar-2029, 
INV270281,Graffiti management and pressure cleaning services,calcorp services pty ltd,57793.84 AUD,25/11/20,3668
INV270282,Street cleaning,Spotless Facility Services Pty Ltd (AUS),"$222,270.73",28-Aug-2025,3669
INV270283,Open spaces management - region 1,Citywide,230495.57,20-Dec-2028,3676
INV270284,Waste management services,Cleanaway Waste Management Limited,235546.83,29/09/24,3556
INV270285,Integrated security services,National Protective Services P/L,147146.33,2029-04-18,3686
INV270286,Graffiti management and pressure cleaning services,Calcorp Services Pty Ltd,123390.98,2029-11-06,3668
INV270287,Open spaces management - region 1,CitywideServiceSolutionsPtyLtd,53800.83,2026-10-17, 
INV270288,Vehicle tow away and impound services,Nationwide Towing Services,0.1m,04-Dec-2028,3585
INV270289,Management of Active Melbourne recreation facilities,Victorian,0.0m,2025-07-15,3615
INV270290,Management of Active Melbourne recreation facilities,VictorianYMCACommunityProgrammingPtyLtd,247056.3,26/06/01,3615
INV270291,Graffiti management and pressure cleaning services,Calcorp Services Pty Ltd,27762.85,20/06/2029,3668
INV270292,Tree management maintenance services,Citywide,35639.36,2028-08-16,3678
INV270293,Graffiti management and pressure cleaning services,Calcorp Services Pty Ltd (AU),12122.91,04 January 2029, 
INV270294,Melbourne Town Hall venue management,Showtime,0.2m,2027-04-20,3670
INV270295,Building cleaning services,Menzies International (Aust) Pty Ltd (AU),210789.44,23-Jul-2027,3634
INV270296,Civil infrastructure services,Citywide Service Solutions Pty Ltd,19744.13,2025-09-24,3665
INV270297,Street cleaning,spotless facility services pty ltd,0.1m,27/03/17,3669
INV270298,Open spaces management - region 1,Citywide Service Solutions Pty Ltd,217300.45,27/10/10,3676
INV270299,Melbourne Town Hall venue management,Showtime Event Group Pty Ltd,0.1m,01 September 2026,3670
INV270300,Melbourne Town Hall venue management,Shoutime Event Group Pty Ltd,211488.94,15/08/2028,3670
INV270301,Graffiti management and pressure cleaning services,Calcorp Services P/L,0.2m,06-May-2027,3668
INV270302,Street cleaning,Citywide Service Solutions Pty. Ltd.,0.0m,11-Aug-2027,3665
INV270303,Integrated security services,national protective services pty ltd,167783.29 AUD,25/10/02,3686
INV270304,Open spaces management - region 1,Citywide Service Solutions P/L,0.0m,07 November 2028,3676
INV270305,Tree management maintenance services,Citywide Service Solutions Pty. Ltd.,44836.28 AUD,24 February 2026,3678
INV270306,Open spaces management - region 2,SERCO (AUS),196793.15,28/01/31,3677
INV270307,Waste management services,Cleanaway  Waste  Management  Limited,"$71,230.4",2026-07-01,3556
INV270308,Waste management services,Cleanaway,"$98,553.82",03 December 2025,3556
INV270309,Civil infrastructure services,citywide service solutions pty ltd,0.0m,23 April 2029,3665
INV270310,Street cleaning,Spotless Facility Services Pty Ltd,180554.56 AUD,2027-04-09,3669
INV270311,Open spaces management - region 1,Citywide Service Solutions Pty. Ltd.,"$177,132.44",14/01/2029,3676
INV270312,Integrated security services,National Protective Services Pty. Ltd.,0.1m,04/02/2026,3686
INV270313,Vehicle tow away and impound services,nationwide towing services,0.1m,,3585
INV270314,Management of Active Melbourne recreation facilities,Victorian,82097.57 AUD,27-Oct-2028,3615
INV270315,Street cleaning,Nationwide Towing Services (AUS),124644.07 AUD,27/01/10,3585
INV270316,Street cleaning,Spotless Facility Services Pty Ltd,189651.47,31 March 2027,3669
INV270317,Street cleaning,Citywide Service Solutions Pty Ltd,"$110,348.95",28/08/2026,3665
INV270318,Building cleaning services,Menzies International (Aust) Pty Ltd,131798.35,18/03/2028,3634
INV270319,Building maintenance services,Programmed Facility Management Pty Ltd,"$187,454.15",28/01/24,3630
INV270320,Integrated security services,National Protective Services Pty Ltd,0.1m,18/08/2028,3686
INV270321,Tree management maintenance services,Citywide Service Solutions Pty Ltd,77290.2,29/06/2029,3678
INV270322,Management of Active Melbourne recreation facilities,Victorian YMCA Community Programming Pty Ltd (AU),83589.09 AUD,26-Dec-2027,3615
INV270323,Building cleaning services,Menzies International (Aust) P/L,0.2m,19/11/2029,3634
INV270324,Graffiti management and pressure cleaning services,Programmed Facility Management Pty Ltd,20425.4,25/10/21,3630
INV270325,Integrated security services,NationalProtectiveServicesPtyLtd,161317.41 AUD,25/10/26,3686
INV270326,Tree management maintenance services,Catywide Service Solutions Pty Ltd,24074.18,18/06/2029,3678
INV270327,Vehicle tow away and impound services,NATIONWIDE TOWING SERVICES,115670.8,02-May-2025,3585
INV270328,Building cleaning services,Menzies International (Aust) Pty Ltd,46579.08,26-May-2028,3634
INV270329,Civil infrastructure services,citywide service solutions pty ltd,208025.41 AUD,26/10/06,3665
INV270330,Building maintenance services,programmed facility management pty ltd,232175.43,28/02/17,3630
INV270331,Management of Active Melbourne recreation facilities,Citywide Service Solutions Pty Ltd (AUS),"$113,477.06",27/04/10,3665
INV270332,Tree management maintenance services,SERCO (AU),226246.86,29/09/10,3677
INV270333,Tree management maintenance services,citywide service solutions pty ltd,46093.34,25/01/19,3678
INV270334,Civil infrastructure services,citywide service solutions pty ltd,219517.58 AUD,16/06/2028,3665
INV270335,Civil infrastructure services,Citywide Service Solutions Pty Ltd (AUS),0.1m,28/08/23,3665
INV270336,Open spaces management - region 1,Citywide Service Solutions Pty. Ltd.,0.1m,06 October 2026,3676
INV270337,Graffiti management and pressure cleaning services,calcorp services pty ltd,0.1m,04/12/2028,3668
INV270338,Graffiti management and pressure cleaning services,Showtime Event Group Pty Ltd (AUS),0.2m,2028-09-11,3670
INV270339,Civil infrastructure services,Citywide Service Solutions Pty. Ltd.,232032.84 AUD,2027-08-11,3665
INV270340,Street cleaning,Spotless Facility Services Pty Ltd (AUS),0.2m,27/12/07,3669
INV270341,Graffiti management and pressure cleaning services,Calcorp Services Pty Ltd (AU),"$201,451.01",2025-02-15,3668
INV270342,Tree management maintenance services,CITYWIDE SERVICE SOLUTIONS PTY LTD,"$9,467.05",12/03/2027,3678
INV270343,Building maintenance services,Programmed Facility Management Pty. Ltd.,156207.61,14-Sep-2028,3630
INV270344,Building maintenance services,Programmed Facility Management Pty Ltd,"$220,955.55",28/01/12,3630
INV270345,Melbourne Town Hall venue management,showtime event group pty ltd,,27/05/02,3670
INV270346,Tree management maintenance services,Citywide Service Solutions Pty Ltd (AU),169985.8,2026-02-21,3678
INV270347,Parking technology services,Citywide Service Solutions Pty Ltd (AUS),138994.56,13 June 2029,3676
INV270348,Waste management services,Cleanaway Waste Mgmt Limited,,08/06/2026, 
INV270349,Open spaces management - region 1,Citywide,0.1m,2027-09-07,3676
INV270350,Tree management maintenance services,citywide service solutions pty ltd,"$225,382.26",08 December 2027,3678
INV270351,Civil infrastructure services,Citywide  Service  Solutions  Pty  Ltd,117628.78,05 February 2026,3665
INV270352,Open spaces management - region 2,Serco,6927.67 AUD,09/10/2027,3677
INV270353,Waste management services,CleanawayWasteManagementLimited,184474.45 AUD,13-Nov-2025,3556
INV270354,Waste management services,Cleanaway Waste Management Ltd,98467.8,26-Jul-2026,3556
INV270355,Melbourne Town Hall venue management,ShowtimepEvent Group Pty Ltd,47011.44,01/04/2028,3670
INV270356,Open spaces management - region 2,Serco,5750.37,2029-10-07,3677
INV270357,Tree management maintenance services,Citywide  Service  Solutions  Pty  Ltd,157320.54,30/01/01,3678
INV270358,Building maintenance services,Programmed Facility Management Pty Ltd (AU),240064.28,30/12/2025,3630
INV270359,Management of Active Melbourne recreation facilities,VICTORIAN YMCA COMMUNITY PROGRAMMING PTY LTD,12877.62 AUD,27/02/03,3615
INV270360,Civil infrastructure services,Citywide Service ,205734.38 AUD,12-Jan-2026,3665
INV270361,Melbourne Town Hall venue management,Showtime Event,173253.98,29/04/01,3670
INV270362,Management of Active Melbourne recreation facilities,citywide service solutions pty ltd,36411.62,29/04/22,3678
INV270363,Building cleaning services,Menzies International (Aust) Pty Ltd (AUS),86068.17 AUD,30-Oct-2026,3634
INV270364,Civil infrastructure services,Citywide Service Solutions Pty Ltd,108277.4,2026-01-13,3665
INV270365,Building cleaning services,Menzies  International  (Aust)  Pty  Ltd,"$130,765.2",2026-12-17,3634
INV270366,Building cleaning services,MenziesInternational(Aust)PtyLtd,189467.0,25/07/03,3634
INV270367,Graffiti management and pressure cleaning services,National Protective services Pty Ltd,0.2m,22 April 2027,3686
INV270368,Parking technology services,Reino International Pty ,0.1m,09-Jun-2029,3623
INV270369,Street cleaning,Spotless Facility Services Pty Ltd (AU),78961.9,2029-05-26,3669
INV270370,Integrated security services,National Protective Services Pty Ltd,161778.27,25/01/06,3686
INV270371,Civil infrastructure services,Citywide  Service  Solutions  Pty  Ltd,0.1m,30/09/2025,3665
INV270372,Vehicle tow away and impound services,Nationwide  Towing  Services,236239.32,19/09/2029,3585
INV270373,Graffiti management and pressure cleaning services,Calcorp,28056.64,05 January 2028,3668
INV270374,Waste management services,Cleanaway,0.1m,05/04/2028,3556
INV270375,Tree management maintenance services,Citywide Service Solutions Pty. Ltd.,133106.41 AUD,04-Dec-2029,3678
INV270376,Open spaces management - region 2,wERCO,150443.82,19/08/2029,3677
INV270377,Management of Active Melbourne recreation facilities,Cleanaway Waste Management Limited,0.2m,27/09/26,3556
INV270378,Building cleaning services,Menzies International (Aust) Pty Ltd,"$112,269.43",25/05/27,3634
INV270379,Vehicle tow away and impound services,Nationwide,0.2m,28/07/2025,3585
INV270380,Parking technology services,Reino Int’l Pty Ltd T/A Duncan Solutions,43984.98 AUD,24/06/2028,3623
INV270381,Open spaces management - region 1,CITYWIDE SERVICE SOLUTIONS PTY LTD,0.1m,19/10/2025,3676
INV270382,Management of Active Melbourne recreation facilities,Victorian  YMCA  Community  Programming  Pty  Ltd,157832.91,2029-06-19,3615
INV270383,Integrated security services,NATIONAL PROTECTIVE SERVICES PTY LTD,"$181,439.53",28/02/2027,3686
INV270384,Open spaces management - region 2,Reino International Pty Ltb T/A Duncan Solutions,11413.08,26/12/30, 
INV270385,Open spaces management - region 2,SERCO,"$244,201.83",18/01/2027,3677
INV270386,Open spaces management - region 1,Citywide Service ,"$78,814.27",20/11/2025,3676
INV270387,Parking technology services,Reino International Pty Ltd T/A Duncan Solutions,0.2m,29 September 2028,3623
INV270388,Open spaces management - region 2,SERCO,213633.01,26/12/11,3677
INV270389,Tree management maintenance services,Citywide Service Solutions Pty Ltd,34519.76,28/05/15,3678
INV270390,Management of Active Melbourne recreation facilities,Victorian YMCA Commmnity Programming Pty Ltd,"$11,886.68",2028-09-10,3615
INV270391,Open spaces management - region 2,SERCO (AUS),"$41,181.31",11-Mar-2027,3677
INV270392,Parking technology services,Reino International Pty Ltd T/A Duncan Solutions,"$23,982.65",05/01/2026,3623
INV270393,Melbourne Town Hall venue management,Showtime Event Group Pty Ltd,"$245,138.33",26-Jun-2027,3670
INV270394,Building maintenance services,ProgrammedFacilityManagementPtyLtd,20199.08,15 May 2028,3630
INV270395,Waste management services,Cleanaway Waste Management Limited (AUS),203874.23 AUD,30/04/2028,3556
INV270396,Parking technology services,Reino International Pty Ltd T/A Duncan Solutions,17633.56,25/07/12,3623
INV270397,Graffiti management and pressure cleaning services,CALCORP SERVICES PTY LTD,89142.56 AUD,25/01/15,3668
INV270398,Street cleaning,Spotless Facility Services Pty Ltd,"$7,908.0",2026-09-15,3669
INV270399,Open spaces management - region 2,SERCO,184001.37,12 July 2025,3677
INV270400,Melbourne Town Hall venue management,Citywide Service Solutions Pty Ltd (AUS),170948.81,02/08/2027, 
INV270401,Open spaces management - region 2,SERCO,0.0m,04-May-2026,3677
INV270402,Management of Active Melbourne recreation facilities,Victorian,90709.88,08 May 2027,3615
INV270403,Building maintenance services,Programmed,"$9,804.5",26/03/13,3630
INV270404,Building maintenance services,Programmed  Facility  Management  Pty  Ltd,,2026-07-13,3630
INV270405,Civil infrastructure services,CITYWIDE SERVICE SOLUTIONS PTY LTD,246675.23,15 August 2028,3665
INV270406,Management of Active Melbourne recreation facilities,victorian ymca community programming pty ltd,"$9,367.35",2026-08-18,3615
INV270407,Management of Active Melbourne recreation facilities,Victorian YMCA Community Programming Pty itd,0.1m,24/11/2025,3615
INV270408,Waste management services,Cleanaway Waste Management Limited,"$107,440.17",14/07/2025,3556
INV270409,Parking technology services,Reino International Pty Ltd T/A Duncan Solutions,180393.36,15/04/2028,3623
INV270410,Integrated security services,National Protectiv,0.2m,29/12/2027,3686
INV270411,Street cleaning,SPOTLESS FACILITY SERVICES PTY LTD,0.2m,2028-02-04,3669
INV270412,Parking technology services,Reino International Pty Ltd T/A Duncan Solutions,"$175,892.29",11/03/2026,3623
INV270413,Street cleaning,spotless facility services pty ltd,221011.84,22-Feb-2028,3669
INV270414,Building cleaning services,MENZIES INTERNATIONAL (AUST) PTY LTD,"$63,060.83",29/11/17,3634
INV270415,Integrated security services,National Protective Services Pty Ltd,64134.53,23/02/2025,3686
INV270416,Graffiti management and pressure cleaning services,Calcorp Services P/L,221614.04,25/10/01,3668
INV270417,Civil infrastructure services,Citywide Service Solutions Pty Ltd,232066.77 AUD,26/08/06,3665
INV270418,Building cleaning services,Menzies International (Aust) Pty Ltd,177236.05 AUD,27/03/2026,3634
INV270419,Vehicle tow away and impound services,NationwideTowingServices,226359.45,26/04/08,3585
INV270420,Building maintenance services,Programmed Facility,37627.77 AUD,27/07/10,3630
INV270421,Open spaces management - region 2,SERCO,"$102,672.72",2025-02-14,3677
INV270422,Melbourne Town Hall venue management,Showtime Event Group P/L,221444.28 AUD,01/10/2026,3670
INV270423,Melbourne Town Hall venue management,Programmed Facility Management Pty Ltd,240184.15 AUD,02 March 2027,3630
INV270424,Civil infrastructure services,Citywide Service Solutions Pty Ltd (AU),241801.91,22/12/2026,3665
INV270425,Open spaces management - region 2,SERCO (AUS),7843.18 AUD,,3677
INV270426,Building maintenance services,Programmed Facility Mgmt Pty Ltd,134188.97,09/06/2029,3630
INV270427,Melbourne Town Hall venue management,Showtime  Event  Group  Pty  Ltd,0.2m,25/05/07,3670
INV270428,Management of Active Melbourne recreation facilities,Victorian,198830.37,14/06/2029,3615
INV270429,Melbourne Town Hall venue management,Showtime Event Group Pty. Ltd.,89374.73,29/09/27,3670
INV270430,Graffiti management and pressure cleaning services,Calcorp Services Pty Ltd (AU),"$131,652.1",19/06/2026,3668
INV270431,Vehicle tow away and impound services,Nationwide Towing Services,0.0m,04/06/2027,3585
INV270432,Waste management services,Cleanaway Waste Management vimited,114439.79 AUD,20 February 2026,3556
INV270433,Parking technology services,Reino Int’l Pty Ltd T/A Duncan Solutions,224237.93,11 March 2025,3623
INV270434,Open spaces management - region 2,serco,0.1m,06/01/2029, 
INV270435,Parking technology services,Reino International Pty Ltd T/A Duncan Solutions,226012.16 AUD,26/08/2027,3623
INV270436,Civil infrastructure services,Citywide Service Solutions Pty Ltd,"$136,528.55",15/12/2029,3665
INV270437,Melbourne Town Hall venue management,Showtime Event Group P/L,"$167,790.11",04/09/2026,3670
INV270438,Graffiti management and pressure cleaning services,Calcorp Services Pty Ltd,119418.44 AUD,13 February 2026,3668
INV270439,Building maintenance services,Programmed  Facility  Management  Pty  Ltd,136917.33,15/05/2026,3630
INV270440,Open spaces management - region 1,Citywide Service ,37261.8 AUD,06-May-2026,3676
INV270441,Melbourne Town Hall venue management,Showtime Event Group Pty Ltd,126121.4,26/06/21,3670
INV270442,Building cleaning services,MenziesInternational(Aust)PtyLtd,0.0m,30-Oct-2027,3634
INV270443,Vehicle tow away and impound services,NATIONWIDE TOWING SERVICES,173569.76 AUD,2028-07-31,3585
INV270444,Waste management services,Cleanaway Waste Management Limmted,70180.61,26/04/28,3556
INV270445,Integrated security services,National Protective Services Pty. Ltd.,"$138,508.63",14/11/2026,3686
INV270446,Integrated security services,NATIONAL PROTECTIVE SERVICES PTY LTD,"$187,799.67",12/05/2026,3686
INV270447,Waste management services,Cleanaway  Waste  Management  Limited,10813.22,30/01/2029,3556
INV270448,Civil infrastructure services,Citywide Service Solutions Pty Ltd,"$160,179.01",2026-11-22,3665
INV270449,Civil infrastructure services,Citywide,172515.9,12 May 2029,3665
INV270450,Building cleaning services,MENZIES INTERNATIONAL (AUST) PTY LTD,"$34,996.28",29/09/2025,3634
INV270451,Civil infrastructure services,Citywide Service Solutions Pty Ltd (AU),0.1m,11-Apr-2027,3665
INV270452,Vehicle tow away and impound services,Nationwide  Towing  Services,122390.93,30/06/2025,3585
INV270453,Open spaces management - region 1,citywide service solutions pty ltd,1267.11 AUD,26/03/19,3676
INV270454,Management of Active Melbourne recreation facilities,Victorian Ymca Community Programming Pty Ltd,0.1m,06/05/2027,3615
INV270455,Waste management services,Cleanaway Waste Management Limited,202701.91,05 January 2028,3556
INV270456,Parking technology services,Reino International Pty. Ltd. T/A Duncan Solutions,"$202,698.44",28/02/23,3623
INV270457,Management of Active Melbourne recreation facilities,Victorian YMCA Communi,124454.29,12/01/2025,3615
INV270458,Waste management services,Cleanaway Waste Management Limited (AUS),213839.17,2025-11-04,3556
INV270459,Graffiti management and pressure cleaning services,Calcorp Services Pty Ltd (AU),71462.3,25/08/17,3668
INV270460,Building cleaning services,Menzies International (Aust) Pty Ltd (AUS),0.1m,06/01/2026,3634
INV270461,Parking technology services,Reino,"$150,162.09",11-Jan-2025,3623
INV270462,Melbourne Town Hall venue management,Showtime Event Group P/L,53613.97,25/10/2029,3670
INV270463,Integrated security services,National,46430.11,23/03/2026,3686
INV270464,Building cleaning services,MenziesInternational(Aust)PtyLtd,149572.42,08/01/2026,3634
INV270465,Parking technology services,Reino International P/L T/A Duncan Solutions,234103.97,2027-02-18,3623
INV270466,Street cleaning,Spotless Facility Services Pty Ltd (AUS),0.2m,29-Oct-2025,3669
INV270467,Graffiti management and pressure cleaning services,Calcorp,"$120,257.03",29/06/2027,3668
INV270468,Integrated security services,National Protective Services P/L,50896.71 AUD,2025-08-14,3686
INV270469,Street cleaning,Spotless  Facility  Services  Pty  Ltd,"$147,409.45",20 December 2025,3669
INV270470,Melbourne Town Hall venue management,SHOWTIME EVENT GROUP PTY LTD,209877.66,15 October 2027,3670
INV270471,Waste management services,CLEANAWAY WASTE MANAGEMENT LIMITED,"$138,820.66",28/08/18,3556
INV270472,Open spaces management - region 2,SERCO,1912.42,18/09/2029,3677
INV270473,Building cleaning services,Menzies Internatio,"$22,498.27",19-Apr-2028,3634
INV270474,Open spaces management - region 1,CitywideServiceSolutionsPtyLtd,0.1m,31-Aug-2028,3676
INV270475,Parking technology services,Reino International P/L T/A Duncan Solutions,160210.66,23/05/2027,3623
INV270476,Open spaces management - region 2,Serco,46021.19,2025-06-29,3677
INV270477,Open spaces management - region 1,Citywide Service Solutions P/L,0.2m,08-Jun-2029,3676
INV270478,Graffiti management and pressure cleaning services,Calcorp Services Pty Ltd (AUS),"$144,729.69",2026-07-20,3668
INV270479,Management of Active Melbourne recreation facilities,Victorian Ymca Community Programming Pty Ltd,212253.0,15-May-2028, 
INV270480,Open spaces management - region 2,SERCO (AUS),"$242,038.6",29/10/12, 
INV270481,Open spaces management - region 2,SERCO,"$151,534.18",2025-06-16,3677
INV270482,Integrated security services,National Protective Services Pty Ltd (AU),0.2m,08/05/2025,3686
INV270483,Open spaces management - region 2,SERCO,105891.86 AUD,09/05/2026,3677
INV270484,Civil infrastructure services,Citywide Service ,63245.49,13 September 2028,3665
INV270485,Management of Active Melbourne recreation facilities,Victorian,163483.74,14 June 2029,3615
INV270486,Graffiti management and pressure cleaning services,Calcorp Services P/L,"$173,021.72",28/05/23,3668
INV270487,Building maintenance services,Programmed Facility,20286.94 AUD,23 November 2025, 
INV270488,Vehicle tow away and impound services,NationwideTowingServices,171981.44,17-Aug-2028,3585
INV270489,Open spaces management - region 2,SERCO,27511.42,20/08/2028,3677
INV270490,Integrated security services,NationalProtectiveServicesPtyLtd,228521.5,07/08/2026,3686
INV270491,Melbourne Town Hall venue management,Showtime Event Group Pty Ltd,0.0m,22 November 2025,3670
INV270492,Integrated security services,National Protective Services Pty Ltd,0.2m,26/08/29,3686
INV270493,Management of Active Melbourne recreation facilities,Victorian YMCA Community Programming Pty Ltd,0.2m,,3615
INV270494,Building maintenance services,Programmed Facility Management Pty Ltd,148696.1,2026-01-16,3630
INV270495,Building maintenance services,programmed facility management pty ltd,0.1m,29/12/24,3630
INV270496,Tree management maintenance services,CITYWIDE SERVICE SOLUTIONS PTY LTD,151495.46,25/10/15,3678
INV270497,Integrated security services,NationalProtectiveServicesPtyLtd,204959.89,23-Jun-2027,3686
INV270498,Integrated security services,National Protective Services P/L,142764.33,25-Jul-2028,3686
INV270499,Waste management services,Showtime Event Group Pty Ltd,110907.17,26/10/2026,3670
INV270500,Melbourne Town Hall venue management,Showtime Event Group Pty Ltd,40446.79,28/12/2025,3670
INV270501,Vehicle tow away and impound services,Nationwide Towing Services,2770.73,26/07/12,3585
INV270502,Graffiti management and pressure cleaning services,calcorp services pty ltd,"$198,176.22",22 April 2025,3668
INV270503,Integrated security services,National Protective Services Pty Ltd,88090.0,2029-02-19,3686
INV270504,Melbourne Town Hall venue management,ShowtimeEventGroupPtyLtd,"$123,369.1",27/03/2029,3670
INV270505,Building maintenance services,Programmed Facility,"$67,733.24",25/07/29,3630
INV270506,Open spaces management - region 1,Citywide Servict Solutions Pty Ltd,232574.51,08-Feb-2027,3676
INV270507,Tree management maintenance services,citywide service solutions pty ltd,97627.67 AUD,2026-03-21,3678
INV270508,Civil infrastructure services,Citywide Service Solutions P/L,0.0m,27/03/26,3665
INV270509,Vehicle tow away and impound services,Nationwide Towing Services,237790.52,25/06/07, 
INV270510,Open spaces management - region 1,Citywide Service Solutions Pty Ltd,0.2m,03/09/2025,3676
INV270511,Open spaces management - region 2,VictorianYMCACommunityProgrammingPtyLtd,126922.92,01/12/2028,3615
INV270512,Open spaces management - region 2,SERCO,0.1m,28/02/16,3677
INV270513,Integrated security services,NATIONAL PROTECTIVE SERVICES PTY LTD,148866.04,28/01/08,3686
INV270514,Waste management services,Cleanaway Waste Management Ltd,133245.84 AUD,18/07/2025,3556
INV270515,Management of Active Melbourne recreation facilities,Victorian YMCA Community Programming Pty Ltd (AUS),28625.27,26/02/25,3615
INV270516,Building maintenance services,Programmed Facility Management Pty Ltd,136678.34,27/01/24,3630
INV270517,Open spaces management - region 2,SERCO,"$202,615.15",22/01/2026,3677
INV270518,Vehicle tow away and impound services,Nationwide Towing Services (AUS),"$224,144.34",2028-06-19,3585
INV270519,Graffiti management and pressure cleaning services,Calcorp  Services  Pty  Ltd,"$190,660.29",21/04/2026,3668
INV270520,Building cleaning services,Menzies International (Aust) Pty. Ltd.,126158.21,25/10/2025,3634
INV270521,Graffiti management and pressure cleaning services,Calcorp Services Pty Ltd (AU),237845.19 AUD,10/10/2025,3668
INV270522,Building maintenance services,Programmed Facility Management Pty Ltd (AU),77877.43 AUD,20/02/2027,3630
INV270523,Vehicle tow away and impound services,Nationwide Towing Services,158110.42 AUD,27/01/04,3585
INV270524,Building cleaning services,Menzies Int’l (Aust) Pty Ltd,0.2m,12/11/2026,3634
INV270525,Management of Active Melbourne recreation facilities,Victorian YMCA Community Programming Pty Ltd (AUS),149131.75 AUD,21 October 2028,3615
INV270526,Building cleaning services,Menzies International (Aust) Pty Ltd,82593.39 AUD,25/09/10,3634
INV270527,Open spaces management - region 2,serco,0.1m,30 July 2029,3677
INV270528,Parking technology services,Reino International Pty Ltd T/A Duncan Solutions,128347.19 AUD,29/05/09,3623
INV270529,Graffiti management and pressure cleaning services,Calcorp  Services  Pty  Ltd,241249.5 AUD,10/05/2029,3668
INV270530,Integrated security services,National Protectiv,"$128,250.51",28/08/11,3686
INV270531,Tree management maintenance services,Citywide Service Solutions Pty Ltd (AUS),115911.38,27/08/2026,3678
INV270532,Melbourne Town Hall venue management,Showtime Event Group Pty Ltd (AU),0.1m,28/09/19,3670
INV270533,Civil infrastructure services,CITYWIDE SERVICE SOLUTIONS PTY LTD,218133.71 AUD,24/03/2027,3665
INV270534,Tree management maintenance services,Citywide Service Solutionz Pty Ltd,11910.88 AUD,18/08/2025,3678
INV270535,Parking technology services,Reino International Pty Ltd T/A Duncan Solutions,"$175,670.07",13/05/2026,3623
INV270536,Civil infrastructure services,Citywide Service ,137690.12,05 June 2029,3665
INV270537,Parking technology services,Reino International Pty ,0.2m,31/08/2028,3623
INV270538,Melbourne Town Hall venue management,Showtime,"$49,336.4",08/05/2029,3670
INV270539,Civil infrastructure services,Citywide Service Shlutions Pty Ltd,92479.84 AUD,30/08/2028,3665
INV270540,Open spaces management - region 2,SERCO,25820.74,18/08/2025,3677
INV270541,Parking technology services,Reiko International Pty Ltd T/A Duncan Solutions,105383.91 AUD,10/03/2025,3623
INV270542,Vehicle tow away and impound services,Nationwide Towing Services (AU),91320.52 AUD,16/01/2025,3585
INV270543,Open spaces management - region 2,SERCO,"$54,278.22",20 December 2027,3677
INV270544,Civil infrastructure services,Citywide Service Solutions Pty Ltd (AU),161788.12,29/03/10,3665
INV270545,Waste management services,Cleanaway Waste Management Limited (AU),187435.81,07/01/2027,3556
INV270546,Building maintenance services,Programmed Facility Management Pty Ltd (AUS),191698.92,29-Dec-2029,3630
INV270547,Building cleaning services,Citywide Service Solutions Pty. Ltd.,0.1m,2026-04-13,3678
INV270548,Open spaces management - region 2,SERCO (AU),"$209,474.74",31/03/2029,3677
INV270549,Integrated security services,National,44993.78 AUD,2027-08-07,3686
INV270550,Waste management services,Menzies Int’l (Aust) Pty Ltd,243176.22,05/03/2028,3634
INV270551,Tree management maintenance services,Citywide Service Solutions Pty. Ltd.,"$130,726.81",07 July 2027,3678
INV270552,Building cleaning services,Menzies International (Aust) Pty Ltd,"$173,923.7",29/04/2029,3634
INV270553,Management of Active Melbourne recreation facilities,Victorian YMCA Community Programming Pty Ltd,"$11,280.16",23-Sep-2028,3615
INV270554,Melbourne Town Hall venue management,Showtime,45623.42,15-Dec-2025,3670
INV270555,Parking technology services,Reino International Pty ,7095.83,26/03/13,3623
INV270556,Open spaces management - region 1,CitywideServiceSolutionsPtyLtd,11467.9 AUD,20-Sep-2025,3676
INV270557,Integrated security services,national protective services pty ltd,224650.34,18/07/2026,3686
INV270558,Vehicle tow away and impound services,NATIONWIDE TOWING SERVICES,"$135,418.65",26/07/19,3585
INV270559,Management of Active Melbourne recreation facilities,VictorianYMCACommunityProgrammingPtyLtd,55722.59 AUD,26/12/25,3615
INV270560,Open spaces management - region 2,Serco,0.2m,11/09/2026,3677
INV270561,Street cleaning,spotless facility services pty ltd,0.2m,25/03/2027,3669
INV270562,Melbourne Town Hall venue management,Menzies International (Aust) P/L,0.1m,18/12/2026,3634
INV270563,Open spaces management - region 2,Serco,82729.53,19 May 2026,3677
INV270564,Graffiti management and pressure cleaning services,Calcorp Services Pty Ltd (AU),"$162,829.92",03/11/2026,3668
INV270565,Building cleaning services,Menzies International (Aust) Pty. Ltd.,202338.36,2026-11-17,3634
INV270566,Melbourne Town Hall venue management,showtime event group pty ltd,155804.31 AUD,28/05/16,3670
INV270567,Integrated security services,National Protective Services Pty Ltd (AUS),195171.36,27 December 2025,3686
INV270568,Waste management services,cleanaway waste management limited,154830.09 AUD,26/03/16,3556
INV270569,Graffiti management and pressure cleaning services,Calcorp Services P/L,"$54,131.48",2028-10-14, 
INV270570,Waste management services,Cleanaway Waste Management Limited (AUS),70795.93,14 July 2028,3556
INV270571,Vehicle tow away and impound services,Nationwide Towing Services,136933.58,27/11/02,3585
INV270572,Waste management services,Cheanaway Waste Management Limited,64235.57,24/04/2027,3556
INV270573,Building maintenance services,Programmed Facility Management Pty Ltd,49214.03 AUD,26/01/30, 
INV270574,Tree management maintenance services,Citywide Service Solutions Pty Ltd,188188.12,26/03/17,3678
INV270575,Tree management maintenance services,Citywide Service Solutions Pty Ltd (AU),0.1m,2028-02-18,3678
INV270576,Building maintenance services,PROGRAMMED FACILITY MANAGEMENT PTY LTD,,2027-04-03,3630
INV270577,Management of Active Melbourne recreation facilities,Victorian YMCA Communi,0.2m,23-Aug-2026,3615
INV270578,Open spaces management - region 2,SERCO,"$7,947.51",07/12/2025,3677
INV270579,Tree management maintenance services,CITYWIDE SERVICE SOLUTIONS PTY LTD,"$150,946.23",01/12/2025,3678
INV270580,Street cleaning,Spotless Facility Servicep Pty Ltd,90577.78,2025-02-28,3669
INV270581,Vehicle tow away and impound services,Nationwide  Towing  Services,0.2m,30 May 2029,3585
INV270582,Civil infrastructure services,Citywide Service Solutions Pty Ltd,"$198,680.33",2027-08-04,3665
INV270583,Building maintenance services,Programmed Facility,0.2m,23-Aug-2028,3630
INV270584,Building cleaning services,Menzies,0.2m,17-May-2027,3634
INV270585,Street cleaning,Spotless Facility Services Pty Ltd,50375.59,11/04/2028,3669
INV270586,Street cleaning,Spotless Facility Services Pty Ltd (AU),"$245,619.02",07 May 2026,3669
INV270587,Waste management services,Cleanaway Waste Mgmt Limited,"$63,639.81",12-Nov-2029,3556
INV270588,Open spaces management - region 1,Citywide,0.1m,2026-05-21,3676
INV270589,Management of Active Melbourne recreation facilities,Victorian YMCA Communi,"$168,535.89",09-Jan-2027,3615
INV270590,Building cleaning services,Menzies Int’l (Aust) Pty Ltd,209286.79,03-Dec-2028,3634
INV270591,Parking technology services,Showtime  Event  Group  Pty  Ltd,"$243,060.35",08/12/2025,3670
INV270592,Street cleaning,Spotless Facility Services Pty Ltd,42952.01 AUD,2029-11-09,3669
INV270593,Melbourne Town Hall venue management,Showtime Event Group Pty. Ltd.,0.0m,03 April 2027,3670
INV270594,Management of Active Melbourne recreation facilities,Victorian Ymca Community Programming Pty Ltd,55774.09,27/09/19, 
INV270595,Waste management services,Cleanaway Waste Mgmt Limited,"$165,588.38",2028-03-14,3556
INV270596,Integrated security services,National Protectivo Services Pty Ltd,65158.07,20/05/2026,3686
INV270597,Open spaces management - region 2,serco,"$117,665.98",20/04/2026,3677
INV270598,Vehicle tow away and impound services,Nationwide Towing Services,0.0m,19/11/2027,3585
INV270599,Building maintenance services,Programmed Facility Management Pty Ltd (AU),36502.33,09/12/2026,3630
INV270600,Parking technology services,Victorian YMCA Community Programming Pty. Ltd.,24524.88,12/01/2025,3615
INV270601,Open spaces management - region 2,NationalProtectiveServicesPtyLtd,182174.29,23-Jun-2026,3686
INV270602,Open spaces management - region 1,Citywide Service Solutions Pty Lts,161975.73,25/12/12,3676
INV270603,Vehicle tow away and impound services,NATIONWIDE TOWING SERVICES,150096.0 AUD,26/06/09,3585
INV270604,Management of Active Melbourne recreation facilities,Victorian YMCA Community Programming Pty Lbd,0.1m,09-Dec-2027,3615
INV270605,Tree management maintenance services,Citymide Service Solutions Pty Ltd,13796.43 AUD,30 September 2025,3678
INV270606,Building cleaning services,Menzies Intl (Aust) Pty Ltd,208090.42 AUD,07-Oct-2026,3634
INV270607,Building cleaning services,Menzies Int’l (Aust) Pty Ltd,152346.85,24 June 2026,3634
INV270608,Open spaces management - region 2,SERCO,"$154,584.41",31-Jan-2026,3677
INV270609,Integrated security services,national protective services pty ltd,79891.69 AUD,25/11/2027,3686
INV270610,Parking technology services,Reino International Pty. Ltd. T/A Duncan Solutions,107229.3,2028-01-05,3623
INV270611,Parking technology services,Reino International Pty. Ltd. T/A Duncan Solutions,84831.81 AUD,2029-03-26,3623
INV270612,Building cleaning services,Menzies International (Aust) Pty Ltd,"$129,827.58",18/03/2025,3634
INV270613,Waste management services,Cleanaway Waste Management Ltd,"$56,889.86",29/04/2028,3556
INV270614,Vehicle tow away and impound services,Nationwide Towing Services,0.0m,16 February 2025,3585
INV270615,Street cleaning,SpotlessFacilityServicesPtyLtd,95181.29,2026-05-27,3669
INV270616,Building cleaning services,Menzies International (Aust) Pty Ltd (AUS),0.1m,05/12/2028,3634
INV270617,Vehicle tow away and impound services,NationwideTowingServices,158029.13,25/09/08,3585
INV270618,Management of Active Melbourne recreation facilities,Calcorp Services Pty Ltd (AUS),91585.93,20 September 2027,3668
INV270619,Melbourne Town Hall venue management,Showtime Event Group Pty Lqd,"$79,230.62",23/11/2026,3670
INV270620,Graffiti management and pressure cleaning services,Calcorp Services Pty. Ltd.,"$226,550.23",20/10/2029, 
INV270621,Open spaces management - region 1,Citywide Service Solutions Pty Ltd,66871.64,26/12/2028,3676
INV270622,Melbourne Town Hall venue management,Showtime Event,119205.27,2026-11-11,3670
INV270623,Vehicle tow away and impound services,Nationwide Towing Services,193690.14,11-Nov-2025,3585
INV270624,Civil infrastructure services,Citywide Service Solutions Pty Ltd,"$212,080.5",2026-05-01,3665
INV270625,Open spaces management - region 1,Citywide Service Solutions Pty Ltd,150159.93 AUD,16/12/2027,3676
INV270626,Tree management maintenance services,Citywide Service ,0.2m,24-Jan-2029,3678
INV270627,Parking technology services,reino international pty ltd t/a duncan solutions,0.1m,05 October 2028,3623
INV270628,Civil infrastructure services,Citywide Service Solutions Pty Ltd (AU),18489.41,18/09/2028,3665
INV270629,Building maintenance services,Programmed Facility Management Pty Ltd (AUS),0.1m,19-Aug-2026,3630
INV270630,Building cleaning services,MenziesInternational(Aust)PtyLtd,14146.51,26/01/09,3634
INV270631,Open spaces management - region 2,SERCO,58188.32,,3677
INV270632,Civil infrastructure services,Citywide Service Solutions Pty Ltd,81305.67 AUD,30/09/2025,3665
INV270633,Vehicle tow away and impound services,Nationwide Towing Services,175185.17,2029-07-14,3585
INV270634,Building maintenance services,Programmed Facility Mgmt Pty Ltd,51839.89 AUD,25-Dec-2025,3630
INV270635,Tree management maintenance services,citywide service solutions pty ltd,196994.58 AUD,12/07/2028,3678
INV270636,Parking technology services,Citywide  Service  Solutions  Pty  Ltd,"$225,646.51",27/06/2025,3665
INV270637,Building maintenance services,programmed facility management pty ltd,173684.43,20 June 2027,3630
INV270638,Building maintenance services,Programmed Facility,145763.89 AUD,05/11/2029,3630
INV270639,Open spaces management - region 2,SERCO,,07-Feb-2027,3677
INV270640,Open spaces management - region 1,citywide service solutions pty ltd,77343.28,26/04/2026,3676
INV270641,Open spaces management - region 1,Citywide  Service  Solutions  Pty  Ltd,88290.72,2027-02-06,3676
INV270642,Building cleaning services,Menzies International (Aust) Pty Ltd (AUS),53721.63 AUD,01/01/2026,3634
INV270643,Parking technology services,Reino Int’l Pty Ltd T/A Duncan Solutions,2458.31,16-Sep-2028,3623
INV270644,Open spaces management - region 2,SERCO,118173.24 AUD,2026-05-10,3677
INV270645,Civil infrastructure services,Citywide,237159.2,30/05/2028,3665
INV270646,Vehicle tow away and impound services,Nationwide vowing Services,204749.77,09/06/2029,3585
INV270647,Building maintenance services,Programmed  Facility  Management  Pty  Ltd,175034.4,28/04/23,3630
INV270648,Graffiti management and pressure cleaning services,Calcorp Services Pty Ltd (AUS),77448.65 AUD,28/01/2027,3668
INV270649,Parking technology services,Reino International Pty. Ltd. T/A Duncan Solutions,71935.03,18-May-2028,3623
INV270650,Open spaces management - region 2,wERCO,13291.73,18 October 2028,3677
INV270651,Management of Active Melbourne recreation facilities,Victoxian YMCA Community Programming Pty Ltd,82268.68 AUD,11 May 2027,3615
INV270652,Open spaces management - region 1,Citywide Service ,132751.74,18/08/2029,3676
INV270653,Open spaces management - region 2,SERCO,130293.7,27/04/04,3677
INV270654,Tree management maintenance services,Citywide,65308.18,25/11/21,3678
INV270655,Building cleaning services,Menzies International (Aust) Pty Ltd (AUS),109812.34 AUD,15-Jul-2025,3634
INV270656,Melbourne Town Hall venue management,Showtime Event Group Pty Ltd,"$184,675.4",08/02/2026,3670
INV270657,Graffiti management and pressure cleaning services,Calcorp Services P/L,68810.38 AUD,28/10/2029,3668
INV270658,Management of Active Melbourne recreation facilities,Victorian YMCA Community Programming Pty Ltd,33910.52,10-Mar-2025,3615
INV270659,Management of Active Melbourne recreation facilities,Victorian YMCA Community Programming Pty Ltd,247400.79 AUD,26/06/05,3615
INV270660,Waste management services,Cleanaway Waste Manayement Limited,86498.28,06/07/2025,3556
INV270661,Parking technology services,Reino International Pty Ltd T/A Duncan Solutions,15495.97,29/03/2027,3623
INV270662,Parking technology services,REINO INTERNATIONAL PTY LTD T/A DUNCAN SOLUTIONS,107505.72,10-Sep-2027,3623
INV270663,Parking technology services,Reino International Pty. Ltd. T/A Duncan Solutions,8462.17,25/04/24,3623
INV270664,Civil infrastructure services,Citywide,12465.15,29/10/27,3665
INV270665,Waste management services,Cleanaway Waste M,194275.32 AUD,07-Nov-2029,3556
INV270666,Building maintenance services,ProgrammedFacilityManagementPtyLtd,189905.47,23/08/2029,3630
INV270667,Street cleaning,Spogless Facility Services Pty Ltd,1953.13,29 July 2029,3669
INV270668,Street cleaning,Spotless Facility Services P/L,0.1m,23 April 2028,3669
INV270669,Street cleaning,SpotlessFacilityServicesPtyLtd,247158.96,2025-08-17, 
INV270670,Civil infrastructure services,Citywide Service Solutions Pty. Ltd.,20595.97 AUD,10/09/2027,3665
INV270671,Street cleaning,SPOTLESS FACILITY SERVICES PTY LTD,"$194,875.08",28/05/25,3669
INV270672,Street cleaning,Showtime Event Group Pty Ltd,127472.73 AUD,2028-08-13,3670
INV270673,Waste management services,Cleanaway Waste M,47862.3,18/07/2028,3556
INV270674,Melbourne Town Hall venue management,Showtime Event Group Pty Ltd (AU),30987.29 AUD,10-Nov-2026,3670
INV270675,Management of Active Melbourne recreation facilities,victorian ymca community programming pty ltd,0.2m,2025-05-01, 
INV270676,Melbourne Town Hall venue management,Showtime Event Group Pty. Ltd.,146601.63 AUD,22/03/2029,3670
INV270677,Open spaces management - region 2,SERCO,204042.77 AUD,10 April 2025,3677
INV270678,Open spaces management - region 1,Citywide Service Solutions Pty Ltd (AU),"$234,330.84",26/03/31,3676
INV270679,Building maintenance services,ProgrammedFacilityManagementPtyLtd,0.0m,03/09/2025,3630
INV270680,Building cleaning services,Menzies International (Aust) P/L,0.1m,2029-08-31,3634
INV270681,Tree management maintenance services,citywide service solutions pty ltd,56885.84 AUD,06-Feb-2028,3678
INV270682,Building maintenance services,Showtime Event,170344.58 AUD,29 May 2029,3670
INV270683,Building maintenance services,CITYWIDE SERVICE SOLUTIONS PTY LTD,0.0m,10/02/2028,3665
INV270684,Waste management services,Cleanaway Waste Management Limited,"$96,093.6",01/08/2026,3556
INV270685,Vehicle tow away and impound services,NATIONWIDE TOWING SERVICES,"$64,960.73",29/08/25,3585
INV270686,Building maintenance services,Programmed Facility Management Pty Ltd,"$206,481.63",2025-12-11, 
INV270687,Open spaces management - region 2,SERCO (AUS),201509.34,29/04/2029,3677
INV270688,Open spaces management - region 1,CITYWIDE SERVICE SOLUTIONS PTY LTD,"$248,224.15",27/04/04,3676
INV270689,Waste management services,cleanaway waste management limited,0.1m,2027-08-14,3556
INV270690,Civil infrastructure services,Citywide Service Solutions Pty Ltd,203595.91,08/11/2025,3665
INV270691,Tree management maintenance services,Citywide Service Solutions Pty Ltd,221355.88,21/09/2027,3678
INV270692,Tree management maintenance services,Citywide Service Solutions Pty Ltd,84792.49,2025-08-07,3678
INV270693,Parking technology services,Reino International Pty Ltd T/A Duncan Solutions (AUS),0.1m,28/12/2029,3623
INV270694,Building cleaning services,Mekzies International (Aust) Pty Ltd,116452.92 AUD,2029-02-25, 
INV270695,Open spaces management - region 2,SERCO (AUS),91547.17 AUD,28/10/2027,3677
INV270696,Management of Active Melbourne recreation facilities,Victorian  YMCA  Community  Programming  Pty  Ltd,49706.23,25/12/17,3615
INV270697,Melbourne Town Hall venue management,SHOWTIME EVENT GROUP PTY LTD,0.0m,19-Jan-2028,3670
INV270698,Graffiti management and pressure cleaning services,Calcorp Sgrvices Pty Ltd,0.0m,02-Jun-2027,3668
INV270699,Civil infrastructure services,Citywide Service Solptions Pty Ltd,"$159,115.09",18 July 2029,3665
INV270700,Parking technology services,REINO INTERNATIONAL PTY LTD T/A DUNCAN SOLUTIONS,"$29,487.86",23/02/2027,3623
INV270701,Civil infrastructure services,citywide service solutions pty ltd,125166.94,02-Jan-2025,3665
INV270702,Graffiti management and pressure cleaning services,CalcorpServicesPtyLtd,"$174,675.11",2029-07-11,3668
INV270703,Waste management services,Cleanaway Waste Management Ltd,132922.51 AUD,14/12/2027,3556
INV270704,Graffiti management and pressure cleaning services,calcorp services pty ltd,0.0m,2027-12-07,3668
INV270705,Street cleaning,Spotless zacility Services Pty Ltd,181758.47,22/04/2029,3669
INV270706,Open spaces management - region 1,Menzies Internatio,0.2m,30-Jan-2025,3634
INV270707,Open spaces management - region 2,SERCO,0.2m,29 April 2028,3677
INV270708,Waste management services,Cleanaway Waste Management LTD,163251.7 AUD,24-Jul-2028,3556
INV270709,Building maintenance services,programmed facility management pty ltd,"$54,306.32",29/03/2027,3630
INV270710,Graffiti management and pressure cleaning services,Calcorp Services Pty Ltd (AUS),"$56,688.98",20/04/2029,3668
INV270711,Civil infrastructure services,Citywide Service Solutions P/L,155208.99,2025-04-17,3665
INV270712,Civil infrastructure services,Cleanaway Waste Management Limited,115561.93,18/07/2026,3556
INV270713,Building maintenance services,PROGRAMMED FACILITY MANAGEMENT PTY LTD,0.2m,09 August 2027,3630
INV270714,Tree management maintenance services,Citywide Service Solutions Pty Lvd,40101.45,19-May-2025,3678
INV270715,Vehicle tow away and impound services,Nationwide Towlng Services,229151.58,18/07/2025,3585
INV270716,Open spaces management - region 2,SERCO (AU),91326.88,14 November 2029,3677
INV270717,Tree management maintenance services,Citywide  Service  Solutions  Pty  Ltd,104215.32,27/04/09,3678
INV270718,Parking technology services,Reino Int’l Pty Ltd T/A Duncan Solutions,237283.08 AUD,2025-07-01,3623
INV270719,Tree management maintenance services,CITYWIDE SERVICE SOLUTIONS PTY LTD,"$13,096.64",02/02/2029,3678
INV270720,Tree management maintenance services,Citywide  Service  Solutions  Pty  Ltd,47533.76 AUD,28-Nov-2025,3678
INV270721,Waste management services,cleanaway waste management limited,183086.82,25/01/01,3556
INV270722,Integrated security services,National Protective Services Pty Ltd,145319.45 AUD,05-Jan-2027,3686
INV270723,Building cleaning services,Menzies,"$230,868.59",2027-08-05,3634
INV270724,Melbourne Town Hall venue management,Showtime Event Group Pty Ltd (AU),119553.75 AUD,25/01/2025,3670
INV270725,Graffiti management and pressure cleaning services,Calcorp Services Pty Ltd (AU),150206.36,25/01/13,3668
INV270726,Open spaces management - region 1,Citywide  Service  Solutions  Pty  Ltd,96706.47 AUD,23 March 2028,3676
INV270727,Integrated security services,NATIONAL PROTECTIVE SERVICES PTY LTD,0.0m,27/08/25,3686
INV270728,Tree management maintenance services,citywide service solutions pty ltd,"$218,829.7",04/04/2027,3678
INV270729,Open spaces management - region 1,Citywide Service Solutions Pty. Ltd.,86086.93,31 July 2025,3676
INV270730,Vehicle tow away and impound services,Nationwide Towing Services (AU),245839.75,08 September 2029,3585
INV270731,Civil infrastructure services,Citywide Service Solutions Puy Ltd,0.2m,10/03/2025,3665
INV270732,Open spaces management - region 1,CITYWIDE SERVICE SOLUTIONS PTY LTD,165769.34,2029-06-07,3676
INV270733,Civil infrastructure services,Citywide Service Solutions P/L,0.1m,2028-03-23,3665
INV270734,Integrated security services,National Protective Services Pty. Ltd.,150185.99 AUD,02-Mar-2029,3686
INV270735,Graffiti management and pressure cleaning services,Calcorp Services Pty Ltd,216413.37,05-Feb-2028, 
INV270736,Building cleaning services,Menzies Int’l (Aust) Pty Ltd,63363.58,21-Nov-2028,3634
INV270737,Parking technology services,Reino International P/L T/A Duncan Solutions,64472.07 AUD,2025-05-15, 
INV270738,Civil infrastructure services,Citywide Service Solutions Pty. Ltd.,241346.92 AUD,27/05/03,3665
INV270739,Open spaces management - region 2,SERCO,3856.87 AUD,12-May-2028,3677
INV270740,Civil infrastructure services,Showtime Event Group Pty Ltd (AUS),15147.94 AUD,15-Jan-2025,3670
INV270741,Parking technology services,Reino International PtysLtd T/A Duncan Solutions,0.1m,25/12/17,3623
INV270742,Street cleaning,Spotless Facility Services P/L,149305.4,26/06/20,3669
INV270743,Building cleaning services,Menzies International (Aust) Pty. Ltd.,"$39,662.58",10-Mar-2026,3634
INV270744,Integrated security services,national protective services pty ltd,1490.31,25-Jul-2028,3686
INV270745,Waste management services,Calcorp Services Pty Ltd (AU),224337.88 AUD,11 February 2028,3668
INV270746,Building cleaning services,Menzies Int’l (Aust) Pty Ltd,133914.71 AUD,07/02/2026,3634
INV270747,Civil infrastructure services,Citywide Service Solutions P/L,44400.29,25-Jul-2025,3665
INV270748,Parking technology services,Reino Intl Pty Ltd T/A Duncan Solutions,"$12,211.41",07 April 2028,3623
INV270749,Street cleaning,Calcorp Services Pty. Ltd.,106569.64,16/06/2026, 
INV270750,Waste management services,Cleanaway Waste Management Limited (AUS),,29/06/25,3556
INV270751,Waste management services,Cleanaway Waste Management Limited,"$173,726.13",20-May-2025,3556
INV270752,Building cleaning services,menzies international (aust) pty ltd,55651.46,16/01/2029,3634
INV270753,Integrated security services,National Protective Services Pty Ltd,117401.15 AUD,2028-03-25,3686
INV270754,Open spaces management - region 1,Citywide Service Solutions Pty. Ltd.,116117.82 AUD,13 January 2027, 
INV270755,Open spaces management - region 1,Citywide  Service  Solutions  Pty  Ltd,239205.1,26-Aug-2027,3676
INV270756,Integrated security services,National,23104.06,2026-03-25,3686
INV270757,Open spaces management - region 2,SERCO (AU),0.2m,19-Jul-2027,3677
INV270758,Vehicle tow away and impound services,Nationwide,0.2m,29-Jan-2028,3585
INV270759,Building maintenance services,ProgrammedFacilityManagementPtyLtd,96824.55,25/10/15,3630
INV270760,Street cleaning,Spotless Facility Services Pty Ltd,0.1m,,3669
INV270761,Building cleaning services,Menzies International (Aust) Pty Ltd,"$80,571.66",19/02/2027,3634
INV270762,Open spaces management - region 1,Citywide Service Solutions Pty. Ltd.,10395.69,14/07/2027,3676
INV270763,Management of Active Melbourne recreation facilities,Victorian YMCA Community Pregramming Pty Ltd,120475.38,02-Jan-2027,3615
INV270764,Melbourne Town Hall venue management,SHOWTIME EVENT GROUP PTY LTD,157967.77 AUD,12 November 2026,3670
INV270765,Open spaces management - region 2,SERCO (AU),"$77,844.58",2029-07-27,3677
INV270766,Open spaces management - region 2,serco,122207.67 AUD,13-Nov-2028,3677
INV270767,Melbourne Town Hall venue management,ShowtimeEventGroupPtyLtd,"$5,274.76",27-Feb-2025,3670
INV270768,Open spaces management - region 1,Citywide Service Solutions Pty. Ltd.,0.1m,2029-12-04,3676
INV270769,Parking technology services,Reino Int’l Pty Ltd T/A Duncan Solutions,3526.0 AUD,15 December 2029,3623
INV270770,Vehicle tow away and impound services,Nationwide To,"$191,329.85",14-Mar-2028,3585
INV270771,Integrated security services,National,"$249,653.51",06-May-2026,3686
INV270772,Waste management services,CLEANAWAY WASTE MANAGEMENT LIMITED,246424.55,09 June 2028,3556
INV270773,Open spaces management - region 1,Citywide Service ,0.2m,10-Oct-2026,3676
INV270774,Management of Active Melbourne recreation facilities,Victorian YMCA Community Programming Pty. Ltd.,86733.02,03 June 2026,3615
INV270775,Street cleaning,SERCO (AU),0.2m,20-Nov-2029,3677
INV270776,Civil infrastructure services,Citywide,128418.03 AUD,08/12/2029,3665
INV270777,Waste management services,Cleanaway Waste Mgmt Limited,0.1m,18/04/2025,3556
INV270778,Tree management maintenance services,Citywide Service rolutions Pty Ltd,62331.39 AUD,01/02/2026,3678
INV270779,Open spaces management - region 2,Serco,"$172,217.15",2028-05-17,3677
INV270780,Melbourne Town Hall venue management,Showtime Event Group Pty Ltd,"$215,095.56",29/06/16,3670
INV270781,Civil infrastructure services,Citywide Service Solutions Pty. Ltd.,"$175,846.45",26/01/2026,3665
INV270782,Building maintenance services,Programmed Facility Management Pty Ltd,164832.16 AUD,17/06/2027,3630
INV270783,Waste management services,Cleanaway Wasje Management Limited,182256.24 AUD,13/11/2029, 
INV270784,Management of Active Melbourne recreation facilities,Victorian Ymca Community Programming Pty Ltd,0.2m,28/03/22,3615
INV270785,Building maintenance services,Programmed  Facility  Management  Pty  Ltd,"$243,812.13",06/04/2029,3630
INV270786,Waste management services,Cleanaway Waste Mgmt Limited,200369.02 AUD,01 August 2027,3556
INV270787,Parking technology services,reino international pty ltd t/a duncan solutions,"$150,745.97",08/04/2027, 
INV270788,Civil infrastructure services,Citywide Service Solutions Pty Ltd,22628.44,01/02/2025,3665
INV270789,Open spaces management - region 2,serco,"$237,934.21",2027-01-06,3677
INV270790,Open spaces management - region 1,CitywideServiceSolutionsPtyLtd,118969.66,16 June 2028,3676
INV270791,Parking technology services,Reino International Pfy Ltd T/A Duncan Solutions,0.2m,2025-07-10,3623
INV270792,Tree management maintenance services,Citywide Sxrvice Solutions Pty Ltd,91068.98 AUD,22/09/2029,3678
INV270793,Open spaces management - region 1,Citywide Service Solutions Pty Ltd,10400.8,17-Nov-2028,3676
INV270794,Management of Active Melbourne recreation facilities,victorian ymca community programming pty ltd,197506.44 AUD,14/02/2028, 
INV270795,Civil infrastructure services,Citywide Service Solutions Pty. Ltd.,"$40,901.14",29/03/19,3665
INV270796,Waste management services,Cleanaway Waste Mgmt Limited,126373.8,2027-02-03,3556
INV270797,Parking technology services,Reino  International  Pty  Ltd  T/A  Duncan  Solutions,197252.14,2029-02-28,3623
INV270798,Civil infrastructure services,Citywide Service Solutions Pty Ltd,190668.9 AUD,28/05/28,3665
INV270799,Parking technology services,Reino International P/L T/A Duncan Solutions,66265.09 AUD,2028-09-27,3623
INV270800,Street cleaning,Spotless Facility Services Pty Ltd (AU),"$185,503.97",19/07/2029,3669
INV270801,Building cleaning services,MenziesInternational(Aust)PtyLtd,79101.02,2029-03-20,3634
INV270802,Melbourne Town Hall venue management,ahowtime Event Group Pty Ltd,0.0m,17/03/2028,3670
INV270803,Management of Active Melbourne recreation facilities,Victorian YMCA Communi,0.0m,2027-02-28,3615
INV270804,Vehicle tow away and impound services,nationwide towing services,"$241,190.94",21 February 2025, 
INV270805,Management of Active Melbourne recreation facilities,Victorian Ymca Community Programming Pty Ltd,222780.67,09-May-2027, 
INV270806,Waste management services,Cleanaway Waste Management Limited,0.2m,25/04/2029,3556
INV270807,Open spaces management - region 1,Citewide Service Solutions Pty Ltd,0.2m,27/06/2025,3676
INV270808,Melbourne Town Hall venue management,Showtime Event Group Pty Ltd,66962.14,12 September 2028,3670
INV270809,Waste management services,Cleanaway Waste Mgmt Limited,209684.38 AUD,16/12/2025,3556
INV270810,Tree management maintenance services,Citywide,230913.68 AUD,23/01/2025,3678
INV270811,Open spaces management - region 2,Cleanaway Waste Management Limited (AUS),122622.55 AUD,10/01/2029,3556
INV270812,Street cleaning,Menzies,11357.78,2027-01-21,3634
INV270813,Melbourne Town Hall venue management,Showtime Event Group Pty. Ltd.,57976.89,04/08/2026,3670
INV270814,Tree management maintenance services,Citywide Service Solutions Pty Ltd,21242.69,14/08/2029,3678
INV270815,Vehicle tow away and impound services,CITYWIDE SERVICE SOLUTIONS PTY LTD,0.2m,15-Apr-2027,3678
INV270816,Open spaces management - region 1,CITYWIDE SERVICE SOLUTIONS PTY LTD,54282.71,27/11/02,3676
INV270817,Melbourne Town Hall venue management,showtime event group pty ltd,0.2m,18/07/2029,3670
INV270818,Building cleaning services,Menzies International (Aust) Pty Ltd,85010.44,17 July 2026,3634
INV270819,Building cleaning services,menzies international (aust) pty ltd,"$204,741.93",28/04/27,3634
INV270820,Waste management services,Cleanaway Waste Manugement Limited,"$126,715.35",2029-02-17,3556
INV270821,Civil infrastructure services,Citywide Servace Solutions Pty Ltd,0.0m,2029-02-28,3665
INV270822,Management of Active Melbourne recreation facilities,Victorian  YMCA  Community  Programming  Pty  Ltd,121368.18,29 May 2029, 
INV270823,Open spaces management - region 1,Citywide Service ,183225.28 AUD,31 December 2025,3676
INV270824,Building maintenance services,Programmed Facility Management P/L,143926.27,03-Dec-2028,3630
INV270825,Civil infrastructure services,Citywide Service Solutions Pty Ltd (AUS),0.0m,06-Feb-2027,3665
INV270826,Street cleaning,Spotless,231424.77 AUD,15 March 2027,3669
INV270827,Open spaces management - region 1,Citywide Service Solutions P/L,237324.59,25/02/25,3676
INV270828,Building maintenance services,Programmed Facility Management P/L,143756.53,14/08/2025,3630
INV270829,Waste management services,Cleanaway Waste Management LTD,0.2m,08/06/2028,3556
INV270830,Open spaces management - region 2,SERCO,"$96,472.09",21-Mar-2028,3677
INV270831,Street cleaning,Spotless Facility Services Pty Ltd,"$20,632.66",22 May 2025,3669
INV270832,Parking technology services,Reino  International  Pty  Ltd  T/A  Duncan  Solutions,,2026-01-19,3623
INV270833,Vehicle tow away and impound services,Nationwide Towing jervices,"$79,249.83",22-Nov-2029,3585
INV270834,Open spaces management - region 1,Citywide Service Solutions nty Ltd,0.1m,25/09/2029,3676
INV270835,Open spaces management - region 1,Citywide,88015.59,11/03/2028,3676
INV270836,Street cleaning,Spotless Facility Services Pty Ltd (AU),,2026-01-02,3669
INV270837,Melbourne Town Hall venue management,Showtime Event Group P/L,0.2m,07/10/2029,3670
INV270838,Building maintenance services,PROGRAMMED FACILITY MANAGEMENT PTY LTD,207038.48,13/11/2028,3630
INV270839,Parking technology services,Reino International P/L T/A Duncan Solutions,0.2m,2026-01-27,3623
INV270840,Building cleaning services,Menzies International (Aust) Pty Ltd (AUS),31777.45,22/10/2026,3634
INV270841,Building maintenance services,programmed facility management pty ltd,55640.36,31/01/2029,3630
INV270842,Management of Active Melbourne recreation facilities,victorian ymca community programming pty ltd,"$91,675.71",2029-02-24,3615
INV270843,Waste management services,Cleanaway Waste Management Limited,0.0m,26/08/03,3556
INV270844,Management of Active Melbourne recreation facilities,Victorian YMCA Comfunity Programming Pty Ltd,68986.19,09 September 2025,3615
INV270845,Building maintenance services,ProgrammedwFacility Management Pty Ltd,"$63,648.62",20/10/2025,3630
INV270846,Vehicle tow away and impound services,NationwideTowingServices,62487.87,13/10/2027,3585
INV270847,Waste management services,Cleanaway Waste M,201843.4,17 July 2025,3556
INV270848,Civil infrastructure services,Citywide Service Solutions P/L,41686.04,25/08/18,3665
INV270849,Open spaces management - region 2,SERCO,167701.15,2025-08-17,3677
INV270850,Open spaces management - region 1,CITYWIDE SERVICE SOLUTIONS PTY LTD,242839.8 AUD,2026-12-15,3676
INV270851,Building cleaning services,Menzies International (Aust) Pty. Ltd.,217226.65,27/12/02,3634
INV270852,Civil infrastructure services,Citywide Service Solutions Pty Ltd,0.0m,2028-12-14,3665
INV270853,Waste management services,Cleanaway Waste Management Limited,0.2m,18-Jun-2025,3556
INV270854,Integrated security services,National  Protective  Services  Pty  Ltd,63593.13 AUD,15-Jan-2026,3686
INV270855,Civil infrastructure services,Citywide Service Solutions Pty Ltd (AU),0.2m,29/05/11,3665
INV270856,Tree management maintenance services,Citywide Service Solutions Pty Ltd (AU),100458.29,21-Dec-2029,3678
INV270857,Integrated security services,National Protective Services P/L,0.0m,10/12/2028,3686
INV270858,Civil infrastructure services,Citywide,235920.23,17 August 2028,3665
INV270859,Parking technology services,Reino International Pty Ltd T/A Duncan Solutions,84837.7,15/11/2028,3623
INV270860,Graffiti management and pressure cleaning services,calcorp services pty ltd,0.0m,2026-01-13,3668
INV270861,Management of Active Melbourne recreation facilities,VictorianYMCACommunityProgrammingPtyLtd,29864.96,26/06/07,3615
INV270862,Open spaces management - region 1,citywide service solutions pty ltd,0.2m,28/10/17,3676
INV270863,Integrated security services,National Protective Services Pty Ltd (AUS),189520.36,2027-06-04,3686
INV270864,Graffiti management and pressure cleaning services,Calcorp Services P/L,167743.18,12 September 2026,3668
INV270865,Melbourne Town Hall venue management,Showtime Event Group Pty Ltd,114495.32,18-Dec-2027,3670
INV270866,Building cleaning services,Menzies Intl (Aust) Pty Ltd,"$20,368.88",17 July 2026,3634
INV270867,Building maintenance services,Programmed Facility Mgmt Pty Ltd,204688.91,23-Oct-2025,3630
INV270868,Building cleaning services,Menzies Int’l (Aust) Pty Ltd,26434.86,28/12/08,3634
INV270869,Building cleaning services,Menzies International (Aust) Pty. Ltd.,17336.78 AUD,2026-12-04,3634
INV270870,Building maintenance services,Programmed Facility Management Pty Ltd,0.2m,2029-11-23,3630
INV270871,Open spaces management - region 1,Programmed Facility Mgmt Pty Ltd,"$90,143.69",29/04/2025,3630
INV270872,Parking technology services,ReinoInternationalPtyLtdT/ADuncanSolutions,0.2m,2028-10-03,3623
INV270873,Tree management maintenance services,Citywide  Service  Solutions  Pty  Ltd,0.1m,15/06/2028,3678
INV270874,Building maintenance services,Programmed Facility Management Pty. Ltd.,"$24,717.54",28/07/03,3630
INV270875,Melbourne Town Hall venue management,Showtime Event Group Pty Ltd,166803.24,19 December 2029,3670
INV270876,Tree management maintenance services,citywide service solutions pty ltd,0.1m,26/04/30,3678
INV270877,Street cleaning,SPOTLESS FACILITY SERVICES PTY LTD,195699.42,12/10/2027,3669
INV270878,Graffiti management and pressure cleaning services,Calcorp Services Pty Ltd,101361.43,19 October 2029,3668
INV270879,Melbourne Town Hall venue management,Showtime Event Group Pty. Ltd.,214125.17,29-Nov-2027,3670
INV270880,Open spaces management - region 1,Citywide Service Solutions P/L,"$184,246.13",29/10/07,3676
INV270881,Vehicle tow away and impound services,Natijnwide Towing Services,"$77,916.12",15-Feb-2028, 
INV270882,Parking technology services,Reino International Pty Ltd T/A vuncan Solutions,137111.14,24 June 2029,3623
INV270883,Management of Active Melbourne recreation facilities,Victorian YMlA Community Programming Pty Ltd,,2026-02-23,3615
INV270884,Open spaces management - region 2,Serco,98420.26,14-Feb-2025,3677
INV270885,Melbourne Town Hall venue management,Showtime,"$18,375.94",19-Oct-2027,3670
INV270886,Open spaces management - region 2,SERCO,158179.69,12 January 2025,3677
INV270887,Management of Active Melbourne recreation facilities,Victorian YMCA Community Programming Pty Ltd,73408.36 AUD,14 August 2027,3615
INV270888,Street cleaning,Spotless Facility,179241.32 AUD,29/05/10,3669
INV270889,Open spaces management - region 1,Citywide,115616.39,27/05/31,3676
INV270890,Building cleaning services,menzies international (aust) pty ltd,179013.23,27/04/27,3634
INV270891,Parking technology services,Reino Intmrnational Pty Ltd T/A Duncan Solutions,"$59,423.58",30/03/2025,3623
INV270892,Building maintenance services,Programmed Facility Management Pty Ltd,227050.77 AUD,27/09/16,3630
INV270893,Melbourne Town Hall venue management,Showtime Event Group Pty Ltd,"$110,888.59",2028-08-13,3670
INV270894,Tree management maintenance services,Citywide Service Solutions Pty Lte,56173.29,2025-01-10,3678
INV270895,Street cleaning,Spotless Facility Services Pty Ltd (AU),0.2m,10 December 2027,3669
INV270896,Open spaces management - region 1,Citywide Service ,"$173,818.82",09/07/2028,3676
INV270897,Open spaces management - region 1,Citywide Service Solutions Pty Ltd (AUS),2678.67,08/06/2025,3676
INV270898,Graffiti management and pressure cleaning services,Calcorp Services Pty Ltd (AUS),31488.23,08/08/2027,3668
INV270899,Melbourne Town Hall venue management,showtime event group pty ltd,173972.65,28/12/2028,3670
INV270900,Open spaces management - region 2,SERCO,"$171,745.26",20/06/2028,3677
INV270901,Waste management services,Cleanaway Waste Management Limited,"$95,436.66",31 May 2027,3556
INV270902,Building cleaning services,MENZIES INTERNATIONAL (AUST) PTY LTD,195663.76 AUD,28/09/12,3634
INV270903,Tree management maintenance services,Citywide Service Solutions PtyeLtd,"$13,411.51",27/03/15,3678
INV270904,Vehicle tow away and impound services,Nationwide Towing Services (AUS),"$94,664.39",15-Jul-2026,3585
INV270905,Open spaces management - region 1,Victorian,128279.21,01/04/2029,3615
INV270906,Vehicle tow away and impound services,Nationwide To,0.0m,2029-10-10,3585
INV270907,Street cleaning,Spotless Facility Services Pty Ltd,"$228,428.21",04/03/2028, 
INV270908,Open spaces management - region 2,SERCO,189675.63 AUD,05-Dec-2029,3677
INV270909,Civil infrastructure services,Citywide Service Solutions Pty Ltd,14872.1 AUD,26/02/27,3665
INV270910,Civil infrastructure services,CitywideServiceSolutionsPtyLtd,33378.99,12/07/2029,3665
INV270911,Vehicle tow away and impound services,Nationwide,97589.46 AUD,22/02/2025,3585
INV270912,Civil infrastructure services,Victorian YMCA Community Programming Pty Ltd (AU),124267.68,11-Mar-2028,3615
INV270913,Graffiti management and pressure cleaning services,Calcorp Services Pty Ltd,"$194,100.72",28/05/18,3668
INV270914,Open spaces management - region 2,Serco,98326.98,30/06/2026,3677
INV270915,Open spaces management - region 1,Citywide  Service  Solutions  Pty  Ltd,26492.94,2029-07-08,3676
INV270916,Melbourne Town Hall venue management,Showtime Event Group Pty Ltd,"$25,534.29",22/04/2027,3670
INV270917,Tree management maintenance services,Citywide Service Solutions Pty Ltd,43717.17,28/03/20,3678
INV270918,Parking technology services,Reino Int’l Pty Ltd T/A Duncan Solutions,128228.02,08-Dec-2027,3623
INV270919,Graffiti management and pressure cleaning services,Calcorp Services Pty Ltd,0.1m,04-Mar-2027,3668
INV270920,Melbourne Town Hall venue management,Showtime Event Group Piy Ltd,112136.74 AUD,15/10/2026,3670
INV270921,Civil infrastructure services,Citywide Service Solutions Pty. Ltd.,"$71,721.42",10 June 2028,3665
INV270922,Open spaces management - region 2,SERCO (AUS),73158.41,26/11/09,3677
INV270923,Open spaces management - region 2,gERCO,0.0m,26/08/2025,3677
INV270924,Tree management maintenance services,Citywide Service Solutions Pty Ltd,164590.04,03 November 2026,3678
INV270925,Tree management maintenance services,Citywide Service Solutions Pty. Ltd.,"$123,168.0",28-Apr-2029,3678
INV270926,Parking technology services,Reino International P/L T/A Duncan Solutions,"$145,584.13",10/01/2027,3623
INV270927,Integrated security services,National Protective Services Pty Ltd,182174.92 AUD,16/10/2028, 
INV270928,Management of Active Melbourne recreation facilities,Victorian YMCA Community Programming Pty Ltd,"$160,867.98",18 November 2025,3615
INV270929,Management of Active Melbourne recreation facilities,Victorian YMCA Community Programming Pty Ltd (AU),29034.3 AUD,31 December 2026,3615
INV270930,Building cleaning services,Menzies Int’l (Aust) Pty Ltd,4463.73,11/03/2026, 
INV270931,Melbourne Town Hall venue management,Showtime Event Group Pty Ltd,78056.22,29/10/2029,3670
INV270932,Civil infrastructure services,Citywide Service Solutions Pty Ltd,244655.63,17/09/2028,3665
INV270933,Building maintenance services,Programmed Facility Management P/L,224694.7 AUD,2027-06-10,3630
INV270934,Open spaces management - region 2,serco,163786.59 AUD,29/02/03,3677
INV270935,Parking technology services,CitywideServiceSolutionsPtyLtd,123346.72,2025-06-10, 
INV270936,Street cleaning,Spotless Facility Services Pty Ltd,172828.74 AUD,16-Jan-2028,3669
INV270937,Street cleaning,Spotless Facility Services Pty Ltd,0.0m,28-May-2028,3669
INV270938,Building cleaning services,Menzies International (Aust) P/L,147632.86 AUD,25/11/14,3634
INV270939,Vehicle tow away and impound services,Nationwide Towing Services (AU),105688.81 AUD,27/04/2025,3585
INV270940,Open spaces management - region 1,Citywide  Service  Solutions  Pty  Ltd,0.0m,2025-12-31,3676
INV270941,Building maintenance services,PROGRAMMED FACILITY MANAGEMENT PTY LTD,0.2m,24 June 2027,3630
INV270942,Melbourne Town Hall venue management,Showtime Event Group P/L,161005.59,29-Jun-2027,3670
INV270943,Parking technology services,Reino International Pty Ltd T/A Duncan Solutions,224175.1 AUD,27/04/07,3623
INV270944,Tree management maintenance services,Citywide,"$185,276.91",25/10/23,3678
INV270945,Melbourne Town Hall venue management,Sjowtime Event Group Pty Ltd,35781.57 AUD,29/08/02,3670
INV270946,Management of Active Melbourne recreation facilities,VictorianYMCACommunityProgrammingPtyLtd,"$176,882.2",2027-08-22,3615
INV270947,Parking technology services,Reino International Pty Ltd T/A Duncan Solutionf,"$88,718.88",2027-12-31,3623
INV270948,Tree management maintenance services,Citywide Service Solutions Pty Ltd (AU),159189.6 AUD,19 July 2027,3678
INV270949,Vehicle tow away and impound services,Nationwide Towing Services,"$185,710.97",27/02/21,3585
INV270950,Civil infrastructure services,Citywide Service Solutions Pty Ltd,4088.32,2025-05-09,3665
INV270951,Vehicle tow away and impound services,Nationwide Towing Services,81089.76,2028-09-21, 
INV270952,Integrated security services,National Protectiv,0.2m,21/01/2026,3686
INV270953,Building maintenance services,Programmed,207960.14 AUD,11/04/2025,3630
INV270954,Waste management services,Cleanaway Waste Management Limited (AUS),,26/05/20,3556
INV270955,Open spaces management - region 2,SERCO,19302.93,09/05/2027,3677
INV270956,Street cleaning,SpotlessFacilityServicesPtyLtd,42075.05,27/12/14,3669
INV270957,Management of Active Melbourne recreation facilities,VictorianYMCACommunityProgrammingPtyLtd,0.0m,24/04/2025,3615
INV270958,Building maintenance services,Programmed Facility Management Pty Ltd,"$227,448.46",26 March 2026,3630
INV270959,Melbourne Town Hall venue management,Showtime Event Group Pty Ltd (AU),0.2m,27-Aug-2028,3670
INV270960,Integrated security services,NationalProtectiveServicesPtyLtd,38634.91,04/01/2025,3686
INV270961,Waste management services,Cleanaway Waste Mgmt Limited,115787.17 AUD,25-Sep-2028,3556
INV270962,Building maintenance services,ProgrammedFacilityManagementPtyLtd,0.1m,29/02/09,3630
INV270963,Tree management maintenance services,Citywide  Service  Solutions  Pty  Ltd,"$69,833.51",04-Dec-2028,3678
INV270964,Graffiti management and pressure cleaning services,Calcorp iervices Pty Ltd,0.2m,12/08/2029,3668
INV270965,Tree management maintenance services,Citywide Service Solutions P/L,225569.57 AUD,2025-04-10,3678
INV270966,Melbourne Town Hall venue management,showtime event group pty ltd,90122.53 AUD,03 October 2025, 
INV270967,Waste management services,Cleanaway Waste Management Limited,249284.4,09/12/2029,3556
INV270968,Parking technology services,Reino International Pty Ltd T/A Duncan Solutions,227720.71 AUD,2028-04-06,3623
INV270969,Graffiti management and pressure cleaning services,Calcorp Services Pty Ltd,219267.87 AUD,16/12/2026,3668
INV270970,Tree management maintenance services,Citywide Service Solutions P/L,161431.12,15/06/2025,3678
INV270971,Parking technology services,reino international pty ltd t/a duncan solutions,"$103,555.54",2027-07-17,3623
INV270972,Street cleaning,SpotlessFacilityServicesPtyLtd,0.2m,2026-02-06,3669
INV270973,Melbourne Town Hall venue management,ShowtimeEventGroupPtyLtd,11154.02,15/03/2028,3670
INV270974,Waste management services,Cleanaway Waste Managexent Limited,138018.14 AUD,05 September 2029,3556
INV270975,Integrated security services,National Protective Services Pty. Ltd.,0.1m,07/12/2029,3686
INV270976,Building maintenance services,Programmed Facility Management Pty Ltd,0.2m,09 February 2028,3630
INV270977,Integrated security services,National Protective Services Pty Ltd,75234.72,25/01/31,3686
INV270978,Waste management services,Cleanaway  Waste  Management  Limited,0.2m,06-Feb-2029,3556
INV270979,Parking technology services,Reino,153587.21,03 February 2028,3623
INV270980,Parking technology services,ReinoInternationalPtyLtdT/ADuncanSolutions,0.2m,31-Oct-2029, 
INV270981,Civil infrastructure services,citywide service solutions pty ltd,0.1m,07/06/2029,3665
INV270982,Waste management services,Cleanaway Waste Management Limited (AUS),77339.19,2027-12-11,3556
INV270983,Parking technology services,Reino  International  Pty  Ltd  T/A  Duncan  Solutions,105644.72,28/12/22, 
INV270984,Tree management maintenance services,Citywide,69369.62 AUD,05-Feb-2027,3678
INV270985,Civil infrastructure services,Citywide Service Solutions P/L,39260.02,28/07/31,3665
INV270986,Graffiti management and pressure cleaning services,Calcorp,"$245,707.96",05/03/2025,3668
INV270987,Management of Active Melbourne recreation facilities,Victorian YMCA Community Programming Pty Ltd,78163.02,12 October 2025,3615
INV270988,Waste management services,Cleanaway,109436.93,21 August 2025,3556
INV270989,Parking technology services,Reino,65959.29,21/09/2027,3623
INV270990,Tree management maintenance services,Showtime,0.0m,2028-12-13,3670
INV270991,Melbourne Town Hall venue management,Showtime Evenb Group Pty Ltd,"$91,418.21",02/07/2029,3670
INV270992,Melbourne Town Hall venue management,Showtime Event Group Pty Ltd (AU),137392.07,2025-03-29,3670
INV270993,Vehicle tow away and impound services,Nationwide  Towing  Services,202622.98,2025-05-29,3585
INV270994,Integrated security services,National,192079.15 AUD,01/06/2029,3686
INV270995,Waste management services,Cleanaway,"$184,292.51",15 July 2027,3556
INV270996,Integrated security services,National Protective Services Pty Ltd,0.1m,2029-03-01,3686
INV270997,Parking technology services,Reino International Puy Ltd T/A Duncan Solutions,168241.82 AUD,2029-10-31,3623
INV270998,Building maintenance services,Programmed  Facility  Management  Pty  Ltd,0.0m,09/05/2027,3630
INV270999,Melbourne Town Hall venue management,Showtime Event Group P/L,0.0m,04 November 2026,3670
INV271000,Open spaces management - region 1,Citywide Service Solutions Pty Ltd,23425.13,27/11/29,3676
