InvoiceID,ContractTitle,Provider,InvoiceAmount,InvoiceDate,ContractNumber
INV134001,Management of Active Melbourne recreation facilities,Victorian YMCA Communicy Programming Pty Ltd,"$220,930.18",13/12/2025,3615
INV134002,Vehicle tow away and impound services,Nationwide,79292.22,27-Nov-2029,3585
INV134003,Civil infrastructure services,Citywide Service Solutions Pty Ltd (AUS),169331.07,2025-09-02,3665
INV134004,Building maintenance services,ProgrammedFacilityManagementPtyLtd,87954.41 AUD,05/06/2026, 
INV134005,Parking technology services,REINO INTERNATIONAL PTY LTD T/A DUNCAN SOLUTIONS,98651.06,01/10/2028,3623
INV134006,Civil infrastructure services,Citywide,"$224,346.64",,3665
INV134007,Street cleaning,Spotless Facility Services Pty Ltd,141499.92 AUD,01-Sep-2029,3669
INV134008,Waste management services,Cleanaway Waste Management Limited,0.1m,02-Nov-2026,3556
INV134009,Graffiti management and pressure cleaning services,Calcorp Serv,0.2m,13/03/2028,3668
INV134010,Parking technology services,Reino Int’l Pty Ltd T/A Duncan Solutions,52706.83,21-Mar-2026,3623
INV134011,Open spaces management - region 1,Citywide Service Solutions Pty Ltd,236169.34 AUD,25/05/16,3676
INV134012,Open spaces management - region 1,Citywide Service Solutions P/L,220785.09,10-Jul-2029,3676
INV134013,Vehicle tow away and impound services,Nationwide Towing Services,65010.54,25/11/17,3585
INV134014,Parking technology services,Reino International Pty Ltd T/A Duncan Solutions (AUS),157292.66 AUD,25/06/30,3623
INV134015,Building cleaning services,MENZIES INTERNATIONAL (AUST) PTY LTD,"$155,243.54",2025-10-17,3634
INV134016,Parking technology services,Reino International Pty Ltd T/A Duncan Solutions,"$63,891.35",01/12/2029,3623
INV134017,Open spaces management - region 1,CitywideqService Solutions Pty Ltd,,27/06/06,3676
INV134018,Management of Active Melbourne recreation facilities,Victorian YMCA Community Programming Pty Ltd (AUS),17523.71 AUD,28/12/11,3615
INV134019,Open spaces management - region 2,SERCO,"$103,758.67",14/02/2025,3677
INV134020,Street cleaning,Spotless Facility Services Pty Ltd (AU),0.1m,05-May-2029,3669
INV134021,Street cleaning,Spotless,56600.86 AUD,28-Apr-2028,3669
INV134022,Integrated security services,National Protective Services Pty Ltd,0.0m,11 December 2029,3686
INV134023,Open spaces management - region 2,SyRCO,102485.25,01 May 2026,3677
INV134024,Tree management maintenance services,Menzies Int’l (Aust) Pty Ltd,78674.85 AUD,17 January 2025,3634
INV134025,Melbourne Town Hall venue management,Nationwide To,0.1m,11/09/2026,3585
INV134026,Building maintenance services,Programmed Facility Management P/L,191435.31,26 November 2029,3630
INV134027,Parking technology services,reino international pty ltd t/a duncan solutions,"$221,004.29",19 April 2027,3623
INV134028,Open spaces management - region 2,Serco,0.2m,17 January 2028,3677
INV134029,Vehicle tow away and impound services,Nationwide Towing Servicys,164514.3,25/02/2029,3585
INV134030,Parking technology services,Reino International Pty Ltd T/A Duncan Solutions,56452.54,09 August 2028,3623
INV134031,Waste management services,Cleanaway Waste Management Ltd,0.1m,26/11/13,3556
INV134032,Open spaces management - region 1,Citywide Service ,"$185,294.68",05-Jul-2027,3676
INV134033,Melbourne Town Hall venue management,Showtime Event Group Pty Ltd,"$185,887.39",2028-05-25,3670
INV134034,Tree management maintenance services,Citywide Service Solutions Pty Ltd (AU),0.1m,28/01/12,3678
INV134035,Parking technology services,Reino International Pty Ltd T/A Duncan Solutions,0.2m,26/06/01,3623
INV134036,Graffiti management and pressure cleaning services,Calcorp  Services  Pty  Ltd,0.1m,2026-09-10,3668
INV134037,Tree management maintenance services,Citywide Service Solutions Pty. Ltd.,234712.56 AUD,2026-02-16,3678
INV134038,Building cleaning services,Menzies,"$188,697.34",2026-04-29,3634
INV134039,Vehicle tow away and impound services,Natiocwide Towing Services,74842.06 AUD,29 May 2028,3585
INV134040,Waste management services,Cleanaway Waste M,0.1m,30/04/2027,3556
INV134041,Graffiti management and pressure cleaning services,Calcorp Services Pty Ltd,206071.95,25-Mar-2026,3668
INV134042,Melbourne Town Hall venue management,SHOWTIME EVENT GROUP PTY LTD,180366.27,2025-07-15,3670
INV134043,Tree management maintenance services,CITYWIDE SERVICE SOLUTIONS PTY LTD,"$167,225.37",,3678
INV134044,Open spaces management - region 1,Citywide,226242.68,01/07/2028,3676
INV134045,Open spaces management - region 2,SERCO,"$222,952.08",21/03/2029,3677
INV134046,Open spaces management - region 2,SERCO,"$58,671.76",27/12/2025,3677
INV134047,Management of Active Melbourne recreation facilities,Victorian Ymca Community Programming Pty Ltd,37461.98 AUD,31/03/2029,3615
INV134048,Building maintenance services,Programmed Facility Management Pty Ltd,"$204,739.69",04 October 2028,3630
INV134049,Vehicle tow away and impound services,Nationwide Towing Servicem,27166.01,05 May 2028,3585
INV134050,Tree management maintenance services,Citywide,0.1m,17/06/2029,3678
INV134051,Open spaces management - region 2,SERCO,248245.99 AUD,14-Dec-2029,3677
INV134052,Open spaces management - region 2,SERCO,"$147,469.56",,3677
INV134053,Waste management services,Cleanaway,185344.77,28-Jan-2029,3556
INV134054,Graffiti management and pressure cleaning services,Calcorp Serv,30883.39,27/04/27,3668
INV134055,Building cleaning services,Menzies Int’l (Aust) Pty Ltd,0.1m,21 August 2028,3634
INV134056,Open spaces management - region 2,Serco,0.2m,2025-07-11,3677
INV134057,Open spaces management - region 1,CitywideServiceSolutionsPtyLtd,83899.15 AUD,2027-06-07,3676
INV134058,Street cleaning,Spotless Facility Services Pty Ltd,70268.16,01/09/2027,3669
INV134059,Integrated security services,national protective services pty ltd,72270.11,10-Mar-2026,3686
INV134060,Tree management maintenance services,Citywide Service Solutions Pty Ltd,239071.19,2027-08-12,3678
INV134061,Management of Active Melbourne recreation facilities,Victorian YMCA Community Programming Pty Ltd,0.2m,26/04/05,3615
INV134062,Civil infrastructure services,Citywide Service Solutions Pty Ltd,230190.46,05/11/2028,3665
INV134063,Open spaces management - region 2,SERCO,0.1m,02/05/2029,3677
INV134064,Building maintenance services,Programmed Facility Management Pty Ltd,95041.34,14 September 2027,3630
INV134065,Management of Active Melbourne recreation facilities,VICTORIAN YMCA COMMUNITY PROGRAMMING PTY LTD,90562.85 AUD,17 June 2027,3615
INV134066,Street cleaning,SpotlessFacilityServicesPtyLtd,235758.93 AUD,29/11/14,3669
INV134067,Civil infrastructure services,Citywide Service Solutions Pty Ltd,0.2m,02 February 2028,3665
INV134068,Waste management services,Cleanaway Waste Management Limited,"$1,412.62",20/12/2027,3556
INV134069,Open spaces management - region 1,Citywide Service Solutions P/L,0.0m,2025-12-25,3676
INV134070,Tree management maintenance services,Citywide Shrvice Solutions Pty Ltd,207200.05,29/09/03,3678
INV134071,Integrated security services,National Protective Services Pty Ltd,"$241,377.18",2026-07-04,3686
INV134072,Integrated security services,National Protective Services Pty Ltd,104407.84,2027-02-27,3686
INV134073,Graffiti management and pressure cleaning services,Calcorp Services Pty Ltd (AUS),147854.17,18/03/2029,3668
INV134074,Open spaces management - region 2,Serco,"$11,743.55",18-Oct-2026,3677
INV134075,Building maintenance services,Programmed Facility Management Pty Ltd (AUS),173530.93 AUD,2027-07-02,3630
INV134076,Open spaces management - region 1,CITYWIDE SERVICE SOLUTIONS PTY LTD,42264.04,2027-02-21,3676
INV134077,Building maintenance services,CitywideServiceSolutionsPtyLtd,146606.55,11-Apr-2025,3665
INV134078,Waste management services,CleanawayWasteManagementLimited,226122.55 AUD,27/09/2029,3556
INV134079,Tree management maintenance services,Citywide Service Solutions Pty. Ltd.,"$83,422.7",2028-07-13,3678
INV134080,Vehicle tow away and impound services,nationwide towing services,,26/07/05,3585
INV134081,Tree management maintenance services,CitywideServiceSolutionsPtyLtd,142995.9 AUD,2028-01-28,3678
INV134082,Building maintenance services,Programmed Facility Management Pty Ltd (AU),113535.44 AUD,25/10/2028,3630
INV134083,Management of Active Melbourne recreation facilities,Victorian,,2028-05-27,3615
INV134084,Street cleaning,Spotless Facility Services Pty. Ltd.,86740.24 AUD,28/05/08,3669
INV134085,Management of Active Melbourne recreation facilities,Victorian,69390.36,2028-06-23,3615
INV134086,Open spaces management - region 2,SERCO,7526.15,14 March 2027,3677
INV134087,Street cleaning,Spotless Facility Services P/L,"$12,870.79",11 May 2028,3669
INV134088,Building cleaning services,Menzies  International  (Aust)  Pty  Ltd,213455.66,12/08/2027,3634
INV134089,Open spaces management - region 1,Citywide Service ,77355.44,18/12/2025,3676
INV134090,Melbourne Town Hall venue management,showtime event group pty ltd,"$237,563.45",25/05/25, 
INV134091,Graffiti management and pressure cleaning services,CalcorpServicesPtyLtd,191191.57,22/04/2025,3668
INV134092,Integrated security services,National Protective hervices Pty Ltd,0.1m,04/10/2025,3686
INV134093,Waste management services,Cleanaway Waste Management Limited (AU),"$16,701.24",28/11/22,3556
INV134094,Integrated security services,National Protective Services Pty. Ltd.,54551.4,31 August 2026,3686
INV134095,Building maintenance services,programmed facility management pty ltd,"$103,673.39",28/09/30,3630
INV134096,Parking technology services,Reino International Pty Ltd T/A Duncan Solutions,232265.87,25/05/2027,3623
INV134097,Open spaces management - region 2,Serco,52146.17 AUD,24/05/2025,3677
INV134098,Street cleaning,Spotless Facility Services Pty. Ltd.,229871.9 AUD,23/05/2027,3669
INV134099,Open spaces management - region 1,Citywide Service Solutions Pty. Ltd.,182069.87,26/06/13,3676
INV134100,Melbourne Town Hall venue management,Showtime Event Group Pty Ltd (AU),71788.8 AUD,27/07/22,3670
INV134101,Building maintenance services,programmed facility management pty ltd,233241.53,22-Apr-2029,3630
INV134102,Civil infrastructure services,Citywide Service ,159606.75,02/01/2027,3665
INV134103,Parking technology services,Reino International P/L T/A Duncan Solutions,0.1m,25/11/11,3623
INV134104,Management of Active Melbourne recreation facilities,Victorian YMCA Communi,197699.36 AUD,25/07/2026, 
INV134105,Integrated security services,National Protective Services Pty Ltd,81142.31,26/09/2027,3686
INV134106,Open spaces management - region 1,Citywide Service Solutions Pty Ltd (AU),0.1m,2025-01-14,3676
INV134107,Management of Active Melbourne recreation facilities,Victorian YMCA Community Programming Pty. Ltd.,7436.92,20-Dec-2025,3615
INV134108,Management of Active Melbourne recreation facilities,Victorian Ymca Community Programming Pty Ltd,"$76,081.27",02/12/2029,3615
INV134109,Integrated security services,National,"$128,979.69",26/07/2027,3686
INV134110,Open spaces management - region 2,SEoCO,68342.35 AUD,28/03/29,3677
INV134111,Waste management services,Cleanaway Waste Management LTD,110139.15,2029-11-27,3556
INV134112,Integrated security services,National  Protective  Services  Pty  Ltd,0.2m,31 January 2025,3686
INV134113,Melbourne Town Hall venue management,SHOWTIME EVENT GROUP PTY LTD,"$207,824.69",20 April 2029, 
INV134114,Building cleaning services,Menzies,0.1m,25/01/12,3634
INV134115,Management of Active Melbourne recreation facilities,Showtime Event Group Pty Ltd (AUS),27368.65,12/02/2026, 
INV134116,Vehicle tow away and impound services,Nationwide,102902.6,09/03/2027,3585
INV134117,Management of Active Melbourne recreation facilities,Victorian YMCA Community Programmrng Pty Ltd,"$157,115.26",27-May-2028,3615
INV134118,Street cleaning,SPOTLESS FACILITY SERVICES PTY LTD,"$117,601.51",21-Nov-2025,3669
INV134119,Building cleaning services,Menzies International (Aust) Pty Ltd (AUS),42076.16 AUD,28/11/13,3634
INV134120,Graffiti management and pressure cleaning services,Calcorp Services Pty Ltd (AU),157174.56,03 September 2025,3668
INV134121,Integrated security services,National,0.2m,2025-03-11,3686
INV134122,Integrated security services,National,190018.86,08-Jan-2028,3686
INV134123,Open spaces management - region 2,SERCO,178653.28,2029-09-30,3677
INV134124,Melbourne Town Hall venue management,Showtime Ejent Group Pty Ltd,0.0m,06 September 2026,3670
INV134125,Street cleaning,Spotless Facility Services Pty Ltd (AU),0.2m,03-Apr-2026,3669
INV134126,Open spaces management - region 2,SERCO (AU),163291.1 AUD,10/08/2026,3677
INV134127,Building maintenance services,Programmed Facility Management P/L,0.1m,2028-01-27,3630
INV134128,Tree management maintenance services,Nationwide Towing Services,219889.94 AUD,14/10/2029,3585
INV134129,Melbourne Town Hall venue management,ShowtimeEventGroupPtyLtd,"$94,166.86",2026-12-25,3670
INV134130,Tree management maintenance services,citywide service solutions pty ltd,"$42,466.4",13-Sep-2027,3678
INV134131,Civil infrastructure services,Citywide Service Solutions Pty Ltd (AUS),212601.24,22/07/2028,3665
INV134132,Waste management services,Cleanaway Waste Management LTD,"$162,916.78",2026-02-11,3556
INV134133,Management of Active Melbourne recreation facilities,Victorian Ymca Community Programming Pty Ltd,174188.63 AUD,15-Jan-2027,3615
INV134134,Management of Active Melbourne recreation facilities,VictorianYMCACommunityProgrammingPtyLtd,43272.83 AUD,01/05/2026,3615
INV134135,Building maintenance services,national protective services pty ltd,"$137,662.43",14-Sep-2025,3686
INV134136,Waste management services,Cleanaway Waste Management Limited (AU),"$246,543.98",13 October 2027,3556
INV134137,Melbourne Town Hall venue management,Showtime Event Group Pty Ltd,166279.03,,3670
INV134138,Melbourne Town Hall venue management,Showtime Event Group pty Ltd,0.2m,15-Sep-2028,3670
INV134139,Graffiti management and pressure cleaning services,Calcorp Services Pty Ltd,205968.38,05 November 2027, 
INV134140,Open spaces management - region 1,Citywide Service Solutions Pty Ltd,55914.14,2029-02-08,3676
INV134141,Management of Active Melbourne recreation facilities,Victorian YMCA Community Programming Pty Ltd,"$221,804.17",2027-02-13,3615
INV134142,Melbourne Town Hall venue management,showtime event group pty ltd,"$155,333.53",2026-04-23,3670
INV134143,Integrated security services,National Protective Services Pty Ltd,0.2m,31 October 2029,3686
INV134144,Open spaces management - region 1,Citywide Service Solutions Pty Ltd,0.1m,11/01/2028,3676
INV134145,Parking technology services,REINO INTERNATIONAL PTY LTD T/A DUNCAN SOLUTIONS,0.1m,18 December 2029,3623
INV134146,Building cleaning services,MenziesInternational(Aust)PtyLtd,0.0m,2026-10-01,3634
INV134147,Management of Active Melbourne recreation facilities,Victorian YMCA Community Programming Pty Ltd,242563.07,2029-11-21,3615
INV134148,Civil infrastructure services,Citywide  Service  Solutions  Pty  Ltd,"$244,939.04",26/11/03,3665
INV134149,Open spaces management - region 1,Citywide Service Solutinns Pty Ltd,"$202,325.76",06/01/2026,3676
INV134150,Open spaces management - region 1,Citywide Service Solutions Pty Ltd (AU),159960.51 AUD,17/01/2025,3676
INV134151,Building maintenance services,Programmed  Facility  Management  Pty  Ltd,"$232,803.14",28/05/17,3630
INV134152,Waste management services,Cleanaway Waste Management Limited (AUS),118058.27,27-Jun-2026,3556
INV134153,Waste management services,Cleanaway Waste Management Limited,58335.91 AUD,28/08/09,3556
INV134154,Waste management services,Cleanaway Waste Management LTD,"$98,583.61",17/07/2026,3556
INV134155,Open spaces management - region 1,Citywide Service Solutions Pty Ltd (AU),36141.05 AUD,10/09/2026,3676
INV134156,Civil infrastructure services,Citywide Service Solutions Pty Ltd (AUS),"$205,946.24",25/03/2029,3665
INV134157,Integrated security services,National Protective Services Pty Ltd (AUS),56187.76 AUD,13/10/2026,3686
INV134158,Melbourne Town Hall venue management,Showtime Event Group Pty Ltd (AUS),223110.22 AUD,26/04/08,3670
INV134159,Melbourne Town Hall venue management,ShowtimeEventGroupPtyLtd,30332.08,25/08/2029,3670
INV134160,Management of Active Melbourne recreation facilities,VICTORIAN YMCA COMMUNITY PROGRAMMING PTY LTD,,2029-06-23,3615
INV134161,Integrated security services,NATIONAL PROTECTIVE SERVICES PTY LTD,0.2m,19 July 2029,3686
INV134162,Parking technology services,Reino International Pty Ltd T/A Duncan Solutions,96398.29 AUD,22/04/2025,3623
INV134163,Parking technology services,reino international pty ltd t/a duncan solutions,42267.56 AUD,22/05/2025,3623
INV134164,Waste management services,Calcorp Serv,0.0m,24/10/2027, 
INV134165,Building maintenance services,Programmed Facility Management Pty Ltd (AU),233875.9 AUD,08 December 2028,3630
INV134166,Open spaces management - region 2,serco,55866.12,10-Apr-2029,3677
INV134167,Building cleaning services,Menzies Int’l (Aust) Pty Ltd,132049.08,20/06/2025,3634
INV134168,Open spaces management - region 2,SERCO (AU),22541.87 AUD,16/08/2025,3677
INV134169,Graffiti management and pressure cleaning services,CALCORP SERVICES PTY LTD,170851.61,11-May-2025,3668
INV134170,Tree management maintenance services,Citywide Service Solutions Pty Ltd (AU),233938.52 AUD,26/10/16,3678
INV134171,Parking technology services,Reino International P/L T/A Duncan Solutions,146027.1,30-Jan-2026,3623
INV134172,Open spaces management - region 2,SERCO,77176.52,20/12/2025,3677
INV134173,Integrated security services,National  Protective  Services  Pty  Ltd,151610.24,31 December 2029,3686
INV134174,Building maintenance services,ProgrammedFacilityManagementPtyLtd,83340.56 AUD,12-Oct-2028,3630
INV134175,Waste management services,Cleanaway Waste Management Limited,184857.22 AUD,02/11/2026,3556
INV134176,Open spaces management - region 1,Citywide Service Solutions Pty Ltd,"$164,063.8",28/06/06, 
INV134177,Management of Active Melbourne recreation facilities,Victorian YMCA Communi,62138.92 AUD,05/11/2027,3615
INV134178,Melbourne Town Hall venue management,Showtime Event Group Pty Ltd,"$74,309.76",25/07/2025,3670
INV134179,Building maintenance services,Citywide Service Solutions Pty. Ltd.,57635.72,29/02/06,3678
INV134180,Waste management services,Cleanaway Waste Mgmt Limited,147669.44 AUD,27/10/30,3556
INV134181,Management of Active Melbourne recreation facilities,Victorian Ymca Community Programming Pty Ltd,104194.39 AUD,2028-11-27,3615
INV134182,Parking technology services,Reino International Pty Ltd T/A Duncan Solutions (AUS),"$4,496.67",03/11/2026,3623
INV134183,Integrated security services,NationalProtectiveServicesPtyLtd,"$117,873.77",14/05/2027,3686
INV134184,Vehicle tow away and impound services,fERCO,0.1m,26/08/10,3677
INV134185,Open spaces management - region 2,SERCO (AU),158809.26 AUD,2029-07-30,3677
INV134186,Melbourne Town Hall venue management,showtime event group pty ltd,148293.81 AUD,18/02/2025,3670
INV134187,Open spaces management - region 1,Citywide  Service  Solutions  Pty  Ltd,206597.06,24 May 2028,3676
INV134188,Building maintenance services,Citywide,242000.82 AUD,02/02/2027,3665
INV134189,Civil infrastructure services,Citywide Service Solutions Pty. Ltd.,"$117,422.21",04/10/2028,3665
INV134190,Open spaces management - region 2,SEzCO,217241.74 AUD,27/11/20,3677
INV134191,Management of Active Melbourne recreation facilities,Victorian YMCA Community Programming Pty Ltd (AUS),"$82,702.11",16-Dec-2025,3615
INV134192,Management of Active Melbourne recreation facilities,Victorian YMCA Community Programming Pty Ltd (AUS),14202.19 AUD,29/06/13,3615
INV134193,Waste management services,Cleanaway Waste Management Limited,164650.09,17/09/2027,3556
INV134194,Melbourne Town Hall venue management,showtime event group pty ltd,0.0m,19/02/2026,3670
INV134195,Vehicle tow away and impound services,NATIONWIDE TOWING SERVICES,215181.56,06/03/2026,3585
INV134196,Vehicle tow away and impound services,Nationwide Towing Services (AU),143686.51,01-Feb-2028,3585
INV134197,Graffiti management and pressure cleaning services,Calcorp Serv,0.1m,14/07/2027,3668
INV134198,Vehicle tow away and impound services,NATIONWIDE TOWING SERVICES,89035.17,26/11/08,3585
INV134199,Civil infrastructure services,Citywide Service Solutions Pty Ltd (AUS),3618.69 AUD,2026-12-20,3665
INV134200,Graffiti management and pressure cleaning services,Calcorp Services Pty Ltd (AU),118855.85,27/11/27,3668
INV134201,Integrated security services,National  Protective  Services  Pty  Ltd,3624.83 AUD,10/08/2029,3686
INV134202,Management of Active Melbourne recreation facilities,Victorian YMCA Community Programming Pty Ltd,170018.65,18 January 2029,3615
INV134203,Open spaces management - region 2,SERCO,0.0m,26/11/02,3677
INV134204,Open spaces management - region 2,SERCO,88493.91,2029-05-25,3677
INV134205,Tree management maintenance services,CitywideServiceSolutionsPtyLtd,238721.51 AUD,08/02/2027,3678
INV134206,Vehicle tow away and impound services,Nationwide,232813.45 AUD,28/02/2026,3585
INV134207,Waste management services,CLEANAWAY WASTE MANAGEMENT LIMITED,"$44,443.66",19/01/2026,3556
INV134208,Tree management maintenance services,Citywide Service ,19289.3 AUD,05-Jul-2029,3678
INV134209,Building cleaning services,Cleanaway Waste Management Limited (AU),"$79,563.55",25/05/27,3556
INV134210,Civil infrastructure services,Citywqde Service Solutions Pty Ltd,"$94,534.39",17-Mar-2025,3665
INV134211,Building cleaning services,MenziesInternational(Aust)PtyLtd,200478.08,13 September 2026, 
INV134212,Integrated security services,National Protective Services Pty Ltd (AUS),0.1m,09/08/2026, 
INV134213,Civil infrastructure services,Citywide Service Solutions Pty Ltd,0.1m,2027-11-19,3665
INV134214,Integrated security services,National Protective Services Pty Ltd,90000.35,05/01/2027,3686
INV134215,Parking technology services,Reino International P/L T/A Duncan Solutions,90730.0 AUD,18/08/2028,3623
INV134216,Open spaces management - region 1,Citywide Service Solutions Pty Ltd,"$13,301.85",28/09/06,3676
INV134217,Parking technology services,Reino International Pty Ltd T/A Duncan Solutions (AUS),113446.16 AUD,25/11/16,3623
INV134218,Tree management maintenance services,Citywide Service Solutions Pty Ltd,0.1m,27/03/13,3678
INV134219,Parking technology services,Reino International Pty Ltd T/A Duncan Solutions,"$210,911.9",26/08/2027,3623
INV134220,Civil infrastructure services,citywide service solutions pty ltd,0.2m,23/11/2028,3665
INV134221,Building cleaning services,MENZIES INTERNATIONAL (AUST) PTY LTD,177321.55,05/01/2028,3634
INV134222,Civil infrastructure services,Citywide  Service  Solutions  Pty  Ltd,0.2m,05 May 2027,3665
INV134223,Waste management services,cleanaway waste management limited,130672.04,07/03/2026,3556
INV134224,Waste management services,CleanawayWasteManagementLimited,0.0m,04-Mar-2025,3556
INV134225,Vehicle tow away and impound services,Nationwide  Towing  Services,238299.92 AUD,10/10/2026,3585
INV134226,Parking technology services,Reino International Pty ,188381.75,25/04/11,3623
INV134227,Waste management services,Clednaway Waste Management Limited,61817.96,21-Jul-2028,3556
INV134228,Tree management maintenance services,Citywide Service Solutions P/L,111708.8 AUD,22/02/2029,3678
INV134229,Waste management services,Cleanaway Waste Management Limited,0.1m,10/06/2026,3556
INV134230,Melbourne Town Hall venue management,Showtime Event Group Pty Ltd (AU),120694.18,16/07/2028,3670
INV134231,Graffiti management and pressure cleaning services,Calcorp Services Pty Ltd,0.2m,06-May-2026,3668
INV134232,Open spaces management - region 2,SERCO (AUS),166917.38 AUD,2027-07-19,3677
INV134233,Tree management maintenance services,Citywide Service ,134432.19 AUD,2026-06-16,3678
INV134234,Building maintenance services,Programmed Facility Management Pty Ltd (AU),"$232,294.04",07 November 2025,3630
INV134235,Integrated security services,National Protective Services Pty Ltd (AU),"$84,760.51",2025-10-05,3686
INV134236,Open spaces management - region 2,serco,112782.85,07-Mar-2025,3677
INV134237,Open spaces management - region 1,Citywide Service Solutions Pty Ltd (AU),120859.66,12 November 2025,3676
INV134238,Vehicle tow away and impound services,Citywide Service Solutions Pty Ltd,"$87,782.95",11 June 2028,3676
INV134239,Building cleaning services,Menzies International (Aust) Pty Ltd (AU),114336.19 AUD,,3634
INV134240,Open spaces management - region 1,CitywideServiceSolutionsPtyLtd,65479.92,15/02/2025,3676
INV134241,Integrated security services,National Protective Services Pty Ltd,102678.58,27/02/12,3686
INV134242,Building maintenance services,Programmed Facility Management Pty Ltd,143684.9,27/05/04,3630
INV134243,Waste management services,Cleanaway Waste Management Limited,0.1m,24-Mar-2026,3556
INV134244,Civil infrastructure services,CITYWIDE SERVICE SOLUTIONS PTY LTD,95014.37 AUD,19/10/2025,3665
INV134245,Integrated security services,National Protective Services Pty Ltd (AUS),79312.95,26 March 2028,3686
INV134246,Building cleaning services,Menzies International (Aust) Pty. Ltd.,0.2m,04-Aug-2025,3634
INV134247,Building maintenance services,Programmed,0.2m,2026-03-04,3630
INV134248,Parking technology services,reino international pty ltd t/a duncan solutions,122552.07,08/03/2028,3623
INV134249,Integrated security services,National  Protective  Services  Pty  Ltd,189328.32,2027-12-25,3686
INV134250,Open spaces management - region 2,SERCO,56652.3,18-Feb-2029,3677
INV134251,Waste management services,Cleanaway Waste Mgmt Limited,0.2m,24 September 2025,3556
INV134252,Management of Active Melbourne recreation facilities,Victorian YMCA Community Programming P/L,175450.09 AUD,13/10/2028,3615
INV134253,Building maintenance services,Programmed  Facility  Management  Pty  Ltd,120685.91,24/02/2029,3630
INV134254,Melbourne Town Hall venue management,Showtime Event Group Pty Ltd (AU),151613.45,20-Oct-2029,3670
INV134255,Building maintenance services,Programmed Facility Management Pty Ltd,218313.93,23/04/2028,3630
INV134256,Street cleaning,Spotless,161439.55,22-Jan-2029,3669
INV134257,Civil infrastructure services,Citywide Service Solutions Pty. Ltd.,76146.03 AUD,07 December 2027,3665
INV134258,Integrated security services,NATIONAL PROTECTIVE SERVICES PTY LTD,69870.82 AUD,15-Jul-2028,3686
INV134259,Waste management services,cleanaway waste management limited,207134.96 AUD,22 August 2027,3556
INV134260,Parking technology services,Reino International Pty. Ltd. T/A Duncan Solutions,0.2m,27-Sep-2025,3623
INV134261,Management of Active Melbourne recreation facilities,Victorian YMCA Communi,0.1m,17/10/2027,3615
INV134262,Melbourne Town Hall venue management,Showtime Event Group Pty. Ltd.,47318.1,2025-03-05,3670
INV134263,Tree management maintenance services,CITYWIDE SERVICE SOLUTIONS PTY LTD,175635.18 AUD,21 March 2025,3678
INV134264,Parking technology services,Reino International Pty ,242013.35,2027-08-15, 
INV134265,Melbourne Town Hall venue management,Showtime Event Group Pty Ltd (AUS),196912.64 AUD,2027-04-14,3670
INV134266,Integrated security services,National  Protective  Services  Pty  Ltd,159900.78,13/12/2028,3686
INV134267,Building maintenance services,Programmed Facility Management Pty. Ltd.,"$24,170.88",28/05/22,3630
INV134268,Open spaces management - region 2,SERCO (AUS),"$107,849.66",30/04/2025,3677
INV134269,Street cleaning,Spotless Facility Services Pty. Ltd.,0.1m,21 September 2026,3669
INV134270,Building maintenance services,Programmed Facility Management P/L,97797.69,2028-11-21,3630
INV134271,Graffiti management and pressure cleaning services,CALCORP SERVICES PTY LTD,134451.22 AUD,2025-07-28,3668
INV134272,Melbourne Town Hall venue management,Showtime Event Group Pty Ltd,0.2m,21-Apr-2026,3670
INV134273,Street cleaning,SpotlessFacilityServicesPtyLtd,83704.69 AUD,2027-06-16,3669
INV134274,Civil infrastructure services,CITYWIDE SERVICE SOLUTIONS PTY LTD,0.1m,15-Nov-2028,3665
INV134275,Management of Active Melbourne recreation facilities,Victorian YMCA Community Programming Pty. Ltd.,190143.33,16 September 2027,3615
INV134276,Parking technology services,Reino Int’l Pty Ltd T/A Duncan Solutions,0.0m,05 May 2025,3623
INV134277,Civil infrastructure services,Citywide Service Solutions Pty Ltd,122672.65,29-Oct-2025,3665
INV134278,Integrated security services,National,"$108,391.83",19/10/2028,3686
INV134279,Open spaces management - region 2,serco,229616.25,14/04/2025,3677
INV134280,Tree management maintenance services,Citywide Service ,45378.88 AUD,17/10/2027,3678
INV134281,Open spaces management - region 1,Citywide Service Solutions Pty Ltd,113819.35 AUD,28/05/20,3676
INV134282,Management of Active Melbourne recreation facilities,Citywide,85537.75 AUD,15/10/2029,3678
INV134283,Street cleaning,Spotless Facility Services Pty. Ltd.,155581.42,22/08/2028,3669
INV134284,Integrated security services,NationalProtectiveServicesPtyLtd,0.1m,30/04/2029,3686
INV134285,Street cleaning,SPOTLESS FACILITY SERVICES PTY LTD,248534.57,08/10/2028,3669
INV134286,Vehicle tow away and impound services,Nationwide  Towing  Services,0.2m,29 March 2027, 
INV134287,Melbourne Town Hall venue management,Showtime Event Group Pty Ltd,"$88,202.84",01 September 2028,3670
INV134288,Melbourne Town Hall venue management,Showtime  Event  Group  Pty  Ltd,184856.05,19 August 2028,3670
INV134289,Civil infrastructure services,Citywide,107093.52 AUD,23/10/2028,3665
INV134290,Waste management services,Cleanaway Waste Management Limited,80782.61,22-Feb-2026,3556
INV134291,Management of Active Melbourne recreation facilities,Victorian YMCA Community Programming Pty Ltd (AU),172850.14 AUD,2026-07-09,3615
INV134292,Waste management services,Cleanaway  Waste  Management  Limited,8880.9,26/11/2027,3556
INV134293,Parking technology services,Reino Int’l Pty Ltd T/A Duncan Solutions,"$62,730.0",01-Jan-2029,3623
INV134294,Civil infrastructure services,Citywide Service Solutions Pty Ltd (AUS),0.1m,17 December 2028,3665
INV134295,Civil infrastructure services,Citywide Service Solutions Pty. Ltd.,0.1m,29/03/22,3665
INV134296,Parking technology services,Reino International P/L T/A Duncan Solutions,"$29,935.31",29 August 2025,3623
INV134297,Vehicle tow away and impound services,Nationwide Towing Services,0.1m,02 August 2026,3585
INV134298,Building maintenance services,Programmed Facility Management Pty Ltd,22246.51,22 November 2025,3630
INV134299,Graffiti management and pressure cleaning services,Calcorp Services Pty Ltd (AUS),"$36,048.1",11 June 2029,3668
INV134300,Open spaces management - region 2,SERCO,"$180,875.75",05-Sep-2027, 
INV134301,Civil infrastructure services,CitywideServiceSolutionsPtyLtd,110837.94,21-Sep-2028,3665
INV134302,Street cleaning,Spotless Facility Services Pty Ltd (AUS),219632.81,27/01/2025,3669
INV134303,Building maintenance services,Programmed Facility Management Pty Ltd (AU),153554.61,23-Mar-2027,3630
INV134304,Melbourne Town Hall venue management,Showtime,126514.11,25/01/02,3670
INV134305,Parking technology services,Reino International Pty Ltd T/A Duncan Solutions,0.2m,29-Mar-2027,3623
INV134306,Melbourne Town Hall venue management,ShowtimeEventGroupPtyLtd,14003.22,2028-06-08,3670
INV134307,Open spaces management - region 2,SERCO (AUS),89212.05 AUD,01/12/2025,3677
INV134308,Parking technology services,Reino International Pty Ltd T/A Duncan Solutions,49813.43 AUD,2028-09-21,3623
INV134309,Integrated security services,National Protective Services Pty Ltd (AUS),178392.29 AUD,11/04/2028,3686
INV134310,Integrated security services,National Protective Services Pty Lts,0.2m,07/06/2026,3686
INV134311,Open spaces management - region 1,Citywide Service Solutions Pty Ltd,209605.24 AUD,2025-07-29,3676
INV134312,Vehicle tow away and impound services,Nationwide  Towing  Services,0.1m,20 April 2029,3585
INV134313,Open spaces management - region 2,SERCO,0.0m,12/06/2029,3677
INV134314,Street cleaning,Spotless Facility,105196.96,30/07/2028,3669
INV134315,Open spaces management - region 2,SERCO,10840.19,27-Jun-2029,3677
INV134316,Civil infrastructure services,citywide service solutions pty ltd,"$78,238.44",19 March 2028,3665
INV134317,Parking technology services,Reino Intl Pty Ltd T/A Duncan Solutions,0.2m,27/10/2026,3623
INV134318,Open spaces management - region 1,Citywide Service Solutions Pty Ltd,166206.42 AUD,18/04/2026,3676
INV134319,Building cleaning services,Menzies International (Aust) Pty Ltd,126653.42,10 July 2027, 
INV134320,Building maintenance services,ProgrammedFacilityManagementPtyLtd,69509.85,23-Jun-2027,3630
INV134321,Vehicle tow away and impound services,NATIONWIDE TOWING SERVICES,245642.12 AUD,2029-09-23,3585
INV134322,Parking technology services,Reino International P/L T/A Duncan Solutions,11544.97,01 December 2026,3623
INV134323,Management of Active Melbourne recreation facilities,VictorianYMCACommunityProgrammingPtyLtd,"$4,694.44",30/06/2028,3615
INV134324,Melbourne Town Hall venue management,Showtime Event Group Pty Ltd,146638.35 AUD,2027-04-23,3670
INV134325,Melbourne Town Hall venue management,Showtime Event,"$188,097.28",27/04/28,3670
INV134326,Civil infrastructure services,Citywwde Service Solutions Pty Ltd,31723.84,03-Apr-2028,3665
INV134327,Tree management maintenance services,Citywide Service Solutions P/L,67250.8,11/12/2025,3678
INV134328,Melbourne Town Hall venue management,ShowtimeEventGroupPtyLtd,95951.25,29/02/18,3670
INV134329,Open spaces management - region 1,Citywide Service Solutions Pty Ltd,24235.83 AUD,10/05/2029,3676
INV134330,Building maintenance services,Serco,25839.86,26/10/29,3677
INV134331,Parking technology services,Reino International Pty Ltd T/A Duncan Solutions (AUS),0.2m,31/08/2028,3623
INV134332,Melbourne Town Hall venue management,ShowtimeEventGroupPtyLtd,"$68,234.64",17/09/2027,3670
INV134333,Waste management services,cleanaway waste management limited,204155.51,08/09/2029,3556
INV134334,Parking technology services,Reino International Pty Ltd T/A Duncan Solutions (AUS),"$175,712.72",25/11/2029,3623
INV134335,Vehicle tow away and impound services,Nationwide Towing Services,"$203,134.78",2027-05-01,3585
INV134336,Tree management maintenance services,Citywide  Service  Solutions  Pty  Ltd,21500.26,12/06/2028,3678
INV134337,Civil infrastructure services,citywide service solutions pty ltd,191835.15,31-Jan-2026,3665
INV134338,Civil infrastructure services,citywide service solutions pty ltd,0.1m,16 August 2029,3665
INV134339,Vehicle tow away and impound services,Nationwide Towing Services (AU),18355.87 AUD,2028-06-02,3585
INV134340,Building maintenance services,PROGRAMMED FACILITY MANAGEMENT PTY LTD,0.1m,15/05/2027,3630
INV134341,Building cleaning services,Programmed Facility Management Pty. Ltd.,230813.13,18/02/2029,3630
INV134342,Parking technology services,Reino International Pty Ltd T/A Duncan Solutions (AU),138607.64 AUD,27-Jan-2029,3623
INV134343,Tree management maintenance services,Citywide,25553.11 AUD,06 March 2026,3678
INV134344,Melbourne Town Hall venue management,SHOWTIME EVENT GROUP PTY LTD,53385.41,15/01/2026,3670
INV134345,Open spaces management - region 1,Citywide Service Solutions Pty Ltd (AU),0.1m,14/12/2025,3676
INV134346,Management of Active Melbourne recreation facilities,Victorian YMCA Community Programming Pty Ltd (AUS),0.1m,2029-04-09,3615
INV134347,Graffiti management and pressure cleaning services,Calcorp Services P/L,"$38,291.6",2025-01-20,3668
INV134348,Street cleaning,Spotless Facility,90837.63,28/06/06,3669
INV134349,Parking technology services,REINO INTERNATIONAL PTY LTD T/A DUNCAN SOLUTIONS,"$47,493.0",04-Aug-2027,3623
INV134350,Parking technology services,Reino International Pty. Ltd. T/A Duncan Solutions,"$17,954.29",26/06/26,3623
INV134351,Integrated security services,National,245453.14,28/03/05,3686
INV134352,Tree management maintenance services,CITYWIDE SERVICE SOLUTIONS PTY LTD,"$12,899.35",25/06/30,3678
INV134353,Vehicle tow away and impound services,Nationwide  Towing  Services,21051.63 AUD,09/11/2026,3585
INV134354,Waste management services,Cleanaway Waste Management Limited,68139.72 AUD,09-Apr-2027,3556
INV134355,Vehicle tow away and impound services,NATIONWIDE TOWING SERVICES,203474.41 AUD,2027-05-09,3585
INV134356,Building cleaning services,MENZIES INTERNATIONAL (AUST) PTY LTD,199066.55,29-May-2029,3634
INV134357,Civil infrastructure services,Citywide Service Solutions Pty Ltd,17111.38,26/04/08,3665
INV134358,Civil infrastructure services,Citywide  Service  Solutions  Pty  Ltd,138500.38,14/11/2025,3665
INV134359,Parking technology services,Reino  International  Pty  Ltd  T/A  Duncan  Solutions,141035.67,08-Dec-2029,3623
INV134360,Tree management maintenance services,Citywide Service Solutions Pty Ltd,132154.25 AUD,2027-07-15,3678
INV134361,Open spaces management - region 2,serco,94742.51 AUD,06/11/2029,3677
INV134362,Graffiti management and pressure cleaning services,Calcorp Services Pty Ltd,179681.96,14 April 2027,3668
INV134363,Graffiti management and pressure cleaning services,Calcorp Services Pty Ltd,0.0m,21/04/2029,3668
INV134364,Melbourne Town Hall venue management,Showtime Event Group Pty. Ltd.,178138.83,31-Jul-2029,3670
INV134365,Vehicle tow away and impound services,Nationwide,235003.99,06-Jan-2026,3585
INV134366,Building maintenance services,Programmed  Facility  Management  Pty  Ltd,220373.83,2025-01-02,3630
INV134367,Waste management services,CleanawayWasteManagementLimited,0.2m,24 December 2029,3556
INV134368,Vehicle tow away and impound services,Nationwide Towing Services (AU),198025.72,10/02/2027,3585
INV134369,Building maintenance services,Programmed Facility Management Pty Ltd (AUS),202295.65 AUD,2029-02-05,3630
INV134370,Open spaces management - region 1,Citywide Service Solutions P/L,0.2m,2025-11-19,3676
INV134371,Open spaces management - region 1,Citywide Service Solutions Pty Ltd,145483.84,18/12/2026,3676
INV134372,Open spaces management - region 2,SERCO,120584.76,02/12/2029,3677
INV134373,Integrated security services,National Protective Services Pty Ltd,25869.99 AUD,13/01/2027,3686
INV134374,Waste management services,Cleanaway Waste Mgmt Limited,0.1m,07-Dec-2025,3556
INV134375,Management of Active Melbourne recreation facilities,VICTORIAN YMCA COMMUNITY PROGRAMMING PTY LTD,16106.54,11/07/2028, 
INV134376,Open spaces management - region 2,SERCO,239218.09 AUD,08-May-2029,3677
INV134377,Open spaces management - region 1,CitywideServiceSolutionsPtyLtd,0.1m,28 November 2025,3676
INV134378,Integrated security services,National Protective Services hty Ltd,15348.05,30/07/2028,3686
INV134379,Integrated security services,Cleanaway  Waste  Management  Limited,"$179,030.26",27/02/01,3556
INV134380,Open spaces management - region 1,CITYWIDE SERVICE SOLUTIONS PTY LTD,0.2m,2025-05-19,3676
INV134381,Building cleaning services,Menzies Intl (Aust) Pty Ltd,0.2m,18/02/2028,3634
INV134382,Management of Active Melbourne recreation facilities,Victorian YMCA Community Programming Pty Ltd,237947.92 AUD,25-Jul-2027,3615
INV134383,Building cleaning services,Menzies,126582.52 AUD,14 November 2027,3634
INV134384,Open spaces management - region 2,SERCO,69542.32,01-Jun-2029,3677
INV134385,Street cleaning,Spotless Facility Services Pty Ltd (AUS),193280.57,16 January 2026,3669
INV134386,Building cleaning services,MENZIES INTERNATIONAL (AUST) PTY LTD,0.2m,26/08/03,3634
INV134387,Tree management maintenance services,Citywide Service Solutions Pty Ltd,84634.43 AUD,15/11/2029,3678
INV134388,Open spaces management - region 2,serco,"$87,095.46",09/07/2026,3677
INV134389,Management of Active Melbourne recreation facilities,Victorian YMCA Community Programming Pty Lti,,31 January 2026,3615
INV134390,Vehicle tow away and impound services,Nationwide Towing Services,183445.67 AUD,29/06/19,3585
INV134391,Vehicle tow away and impound services,Nationwide Towing Services,0.0m,28/11/13,3585
INV134392,Melbourne Town Hall venue management,Showtime Event Group Pty Ltd,183147.27,30/01/2028,3670
INV134393,Tree management maintenance services,Citywide Service Solutions Pty Ltd (AUS),78591.66,27/04/13,3678
INV134394,Open spaces management - region 1,citywide service solutions pty ltd,0.1m,08/12/2029,3676
INV134395,Integrated security services,NationalProtectiveServicesPtyLtd,242457.68,31 December 2027,3686
INV134396,Street cleaning,Spotless Facility Services rty Ltd,87409.19,2026-12-21, 
INV134397,Open spaces management - region 1,Citywide  Service  Solutions  Pty  Ltd,148161.14 AUD,19/10/2026,3676
INV134398,Waste management services,Cleanaway Waste Management Limited,0.1m,2025-06-17,3556
INV134399,Graffiti management and pressure cleaning services,Calcorp Services P/L,0.2m,23 January 2028,3668
INV134400,Open spaces management - region 1,Citywide Service Solutions Pty Ltd,160431.07 AUD,03-Jun-2025,3676
INV134401,Management of Active Melbourne recreation facilities,Spotless  Facility  Services  Pty  Ltd,45320.11 AUD,20/04/2025,3669
INV134402,Street cleaning,SpotlessFacilityServicesPtyLtd,212185.07 AUD,08 November 2029,3669
INV134403,Open spaces management - region 2,SERCO,0.1m,02/02/2026,3677
INV134404,Building maintenance services,Programmed Facility Mgmt Pty Ltd,"$106,527.21",18/04/2029,3630
INV134405,Building maintenance services,Programmed Facility Management Pty Ltd,169068.42,26-Nov-2029,3630
INV134406,Graffiti management and pressure cleaning services,Calcorp Services Pty Ltd (AU),0.1m,2025-06-02, 
INV134407,Open spaces management - region 1,Citywide Service Solutions Pty Ltd,22410.9,31 October 2027,3676
INV134408,Graffiti management and pressure cleaning services,Calcorp Services Pty Ltd (AUS),"$80,312.13",2027-07-13,3668
INV134409,Waste management services,Cleanaway  Waste  Management  Limited,"$40,784.61",27/07/18,3556
INV134410,Open spaces management - region 2,SERCO (AU),109511.96,30/06/2026,3677
INV134411,Integrated security services,National Protectiv,"$146,379.85",30 December 2026,3686
INV134412,Open spaces management - region 2,SERCO,0.0m,24/03/2027,3677
INV134413,Integrated security services,National,0.1m,02/12/2028,3686
INV134414,Vehicle tow away and impound services,Nationwide Towing Services,195505.65,23/02/2028, 
INV134415,Integrated security services,National Protective Services P/L,0.2m,06/10/2027,3686
INV134416,Waste management services,Showtime Event Group P/L,240822.7,07/09/2028,3670
INV134417,Open spaces management - region 2,SERCO (AUS),"$35,243.3",06 February 2029,3677
INV134418,Open spaces management - region 1,Citywide Service Solutions P/L,"$175,144.43",25/04/11,3676
INV134419,Melbourne Town Hall venue management,Showtime Event Group Pty Ltd,169511.72,08-May-2026,3670
INV134420,Graffiti management and pressure cleaning services,Calcorp Services Pty Ltd (AU),"$247,767.95",29/07/2028,3668
INV134421,Building maintenance services,Programmed Facility,"$96,486.74",19/09/2028,3630
INV134422,Parking technology services,ReinoInternationalPtyLtdT/ADuncanSolutions,"$32,559.04",26 June 2029,3623
INV134423,Management of Active Melbourne recreation facilities,Victorian  YMCA  Community  Programming  Pty  Ltd,150507.53 AUD,04/06/2026,3615
INV134424,Integrated security services,National Protective Services Pty Ltd (AUS),"$4,399.14",27/07/11,3686
INV134425,Waste management services,Cleanaway,0.1m,05/01/2029,3556
INV134426,Open spaces management - region 1,Citywide Service Solutions Pty Ltd,164184.76,26/03/06,3676
INV134427,Tree management maintenance services,Citywide Service Solutions Pty Ltd,0.0m,27 May 2027,3678
INV134428,Street cleaning,Reino Intl Pty Ltd T/A Duncan Solutions,113230.02,2027-08-15,3623
INV134429,Graffiti management and pressure cleaning services,calcorp services pty ltd,"$66,124.91",15-Dec-2028,3668
INV134430,Waste management services,cleanaway waste management limited,140274.88 AUD,04 April 2027,3556
INV134431,Vehicle tow away and impound services,Nationwide Towing Sgrvices,194265.77,29/01/30,3585
INV134432,Vehicle tow away and impound services,Nationwide To,142464.9,03-Apr-2027, 
INV134433,Building maintenance services,Programmed Facility Management Pty Lod,"$100,221.23",07/07/2026,3630
INV134434,Graffiti management and pressure cleaning services,calcorp services pty ltd,94698.92,27/03/2028,3668
INV134435,Management of Active Melbourne recreation facilities,Victorian YMCA Community Programming Pty Ltd (AUS),152467.45,27/01/12,3615
INV134436,Graffiti management and pressure cleaning services,Calcorp  Services  Pty  Ltd,0.0m,17/08/2029,3668
INV134437,Management of Active Melbourne recreation facilities,Victorian YMCA Community Programming Pty Ltd (AUS),"$213,919.05",01 April 2026,3615
INV134438,Integrated security services,National Protective Services Pty Ltd,196860.45,13 March 2025,3686
INV134439,Integrated security services,NATIONAL PROTECTIVE SERVICES PTY LTD,13888.15,09-Feb-2028,3686
INV134440,Melbourne Town Hall venue management,Showtime Event Group Pty Ltd,"$35,707.54",26/06/25,3670
INV134441,Waste management services,Cleanaway Waste Mgmt Limited,233131.62,19/02/2027,3556
INV134442,Management of Active Melbourne recreation facilities,Calcorp Services Pty Ltd (AU),216724.36,25/11/21,3668
INV134443,Building cleaning services,Menzies International (Aust) Pty Ltd,0.0m,07/12/2026, 
INV134444,Integrated security services,National,81729.19,2026-02-16,3686
INV134445,Open spaces management - region 1,Nationwide Towing Services (AUS),216145.97,04/02/2028,3585
INV134446,Integrated security services,NATIONAL PROTECTIVE SERVICES PTY LTD,52303.47 AUD,12-Jun-2025,3686
INV134447,Melbourne Town Hall venue management,Showtime Event Group Pty Ltd,"$43,727.7",18/05/2025,3670
INV134448,Melbourne Town Hall venue management,menzies international (aust) pty ltd,111566.75 AUD,27/03/2028,3634
INV134449,Tree management maintenance services,Citywide Service Solutions P/L,"$90,705.39",2028-09-23,3678
INV134450,Graffiti management and pressure cleaning services,Calcorp,"$178,099.75",26/03/08,3668
INV134451,Open spaces management - region 2,SERCO,0.0m,29/08/30,3677
INV134452,Waste management services,Cleanaway Waste Management Ltd,55247.46,27/09/06,3556
INV134453,Vehicle tow away and impound services,Nationcide Towing Services,129585.66,27 May 2029,3585
INV134454,Building maintenance services,PROGRAMMED FACILITY MANAGEMENT PTY LTD,0.0m,15/01/2026,3630
INV134455,Vehicle tow away and impound services,NationwideTowingServices,"$176,900.46",09 July 2027,3585
INV134456,Building maintenance services,Programmed Facility Management Pty Ltd,29664.97,26/03/09,3630
INV134457,Open spaces management - region 1,Citywide Service Solutions Pty Ltd,192923.63 AUD,05-Dec-2029,3676
INV134458,Integrated security services,National Protectiv,48681.0,2027-08-19,3686
INV134459,Building cleaning services,CITYWIDE SERVICE SOLUTIONS PTY LTD,111696.34,2027-12-24,3676
INV134460,Management of Active Melbourne recreation facilities,Victorian Ymca Community Programming Pty Ltd,"$241,232.88",25 July 2029,3615
INV134461,Management of Active Melbourne recreation facilities,Victorian,"$153,784.87",2025-05-26,3615
INV134462,Vehicle tow away and impound services,NationwideTowingServices,0.1m,13/12/2025,3585
INV134463,Open spaces management - region 1,CITYWIDE SERVICE SOLUTIONS PTY LTD,0.1m,23 August 2028,3676
INV134464,Graffiti management and pressure cleaning services,Calcorp Serv,111810.06,07 September 2028,3668
INV134465,Open spaces management - region 2,SERCO (AU),242204.77,2026-07-01,3677
INV134466,Open spaces management - region 1,CitywideServiceSolutionsPtyLtd,115660.45 AUD,11/06/2026,3676
INV134467,Street cleaning,SpotlessFacilityServicesPtyLtd,3574.8,17/08/2025,3669
INV134468,Street cleaning,spotless facility services pty ltd,0.2m,20/09/2025,3669
INV134469,Vehicle tow away and impound services,Nationwide,164511.22,25 July 2028,3585
INV134470,Street cleaning,xpotless Facility Services Pty Ltd,0.1m,29/05/11,3669
INV134471,Graffiti management and pressure cleaning services,Calcorp Services Pty Ltd,"$79,055.87",17/12/2028,3668
INV134472,Open spaces management - region 1,Citywide Service Solutions Pty Ltd,180192.66 AUD,27/02/18,3676
INV134473,Building cleaning services,ReinoInternationalPtyLtdT/ADuncanSolutions,64494.41,09 July 2028,3623
INV134474,Graffiti management and pressure cleaning services,Calcorp,21590.21,03 December 2027,3668
INV134475,Waste management services,Cleanaway Waste Management Limited,"$243,037.41",22/10/2028,3556
INV134476,Graffiti management and pressure cleaning services,Calcorp Services Pty Ltd,179023.31 AUD,16/02/2027,3668
INV134477,Building cleaning services,Menzies  International  (Aust)  Pty  Ltd,0.1m,01 January 2029,3634
INV134478,Street cleaning,Cleanaway Waste Management Limited (AU),155233.84,14/03/2026,3556
INV134479,Civil infrastructure services,Citywide Service ,0.0m,18/10/2027,3665
INV134480,Civil infrastructure services,Citywide Service Solutions P/L,169605.2 AUD,26/07/02,3665
INV134481,Open spaces management - region 2,SERCO,110786.15,10/03/2026,3677
INV134482,Building maintenance services,Programmed  Facility  Management  Pty  Ltd,184477.26,26/11/26,3630
INV134483,Building cleaning services,menzies international (aust) pty ltd,58313.38 AUD,2026-12-22,3634
INV134484,Integrated security services,National Protective Services P/L,0.1m,26/01/18,3686
INV134485,Civil infrastructure services,Citywide,232860.36 AUD,25/08/30,3665
INV134486,Building cleaning services,Menzies  International  (Aust)  Pty  Ltd,40020.54,03 June 2028,3634
INV134487,Civil infrastructure services,Citywide Service Solutions Pty Ltd,13019.89,25/08/27,3665
INV134488,Vehicle tow away and impound services,Nationwide  Towing  Services,183174.61 AUD,29/03/02,3585
INV134489,Waste management services,Cleanaway Waste M,0.0m,2028-05-04,3556
INV134490,Vehicle tow away and impound services,NATIONWIDE TOWING SERVICES,91785.04 AUD,15-Dec-2028,3585
INV134491,Vehicle tow away and impound services,Nationwide Towing Services,172686.83,15/01/2027,3585
INV134492,Parking technology services,ReinoInternationalPtyLtdT/ADuncanSolutions,0.1m,28/09/27,3623
INV134493,Building cleaning services,Menzies International (Aust) Pty Ltd (AU),122731.3,25/05/16,3634
INV134494,Building cleaning services,Menzies  International  (Aust)  Pty  Ltd,197380.94,20/11/2025,3634
INV134495,Melbourne Town Hall venue management,Showtime  Event  Group  Pty  Ltd,"$126,420.73",28/06/09,3670
INV134496,Waste management services,Cleanaway Waste Manigement Limited,10569.82 AUD,2026-07-25,3556
INV134497,Street cleaning,Spotless Facility Services Pty Ltd,117980.34,29-Nov-2027,3669
INV134498,Parking technology services,reino international pty ltd t/a duncan solutions,99621.61,12-Mar-2026,3623
INV134499,Graffiti management and pressure cleaning services,CALCORP SERVICES PTY LTD,162536.7 AUD,17/11/2029,3668
INV134500,Street cleaning,Spotless Facility Services Pty Ltd,224489.83,2028-09-29,3669
INV134501,Management of Active Melbourne recreation facilities,Victorian Ymca Community Programming Pty Ltd,0.1m,24/02/2026,3615
INV134502,Melbourne Town Hall venue management,ShowtimeEventGroupPtyLtd,0.0m,18/07/2025,3670
INV134503,Management of Active Melbourne recreation facilities,Victorian YMCA Community Progralming Pty Ltd,153794.2 AUD,25/12/20,3615
INV134504,Vehicle tow away and impound services,Nationwide Towing Services,0.2m,09 October 2029,3585
INV134505,Open spaces management - region 2,SERCO,212479.22,14/07/2027,3677
INV134506,Waste management services,Cleanaway Waste Management Limited,0.2m,31/03/2027, 
INV134507,Integrated security services,National Protectiv,222132.19 AUD,2027-10-29, 
INV134508,Graffiti management and pressure cleaning services,Calcorp Services Pty Ltd,20388.6 AUD,23/03/2025,3668
INV134509,Melbourne Town Hall venue management,Showtime Event Group P/L,0.2m,27/06/2029,3670
INV134510,Building maintenance services,Programmed Facility Management Pty Ltd (AUS),88891.41,22/01/2028,3630
INV134511,Tree management maintenance services,Citywide Service Solutions Pty Ltd,"$56,708.83",2029-06-21,3678
INV134512,Integrated security services,National Protectiv,"$72,846.1",2025-06-03,3686
INV134513,Vehicle tow away and impound services,NATIONWIDE TOWING SERVICES,0.0m,13 December 2026,3585
INV134514,Melbourne Town Hall venue management,Showtime Event Group Pty Ltd (AUS),180953.96,09/07/2028,3670
INV134515,Open spaces management - region 1,Citywide Service Solutions P/L,"$43,333.71",03/05/2028,3676
INV134516,Open spaces management - region 2,SERCO (AU),44350.03 AUD,22/03/2025,3677
INV134517,Street cleaning,Spotless Facility Servicex Pty Ltd,0.1m,02/03/2026,3669
INV134518,Building cleaning services,MenziesInternational(Aust)PtyLtd,0.1m,13/08/2025,3634
INV134519,Tree management maintenance services,Citywide Service Solutions Pty Ltd,0.2m,12-Sep-2029,3678
INV134520,Parking technology services,Reino International Pty Ltd T/A Duncan Solutions (AUS),"$189,697.15",21/06/2028,3623
INV134521,Civil infrastructure services,Citywide Service Solutions Pty Ltd,"$200,139.58",03/04/2029,3665
INV134522,Building cleaning services,Menzies International (Aust) Pty Ltd,223312.63,06-Feb-2025,3634
INV134523,Parking technology services,Reino Incernational Pty Ltd T/A Duncan Solutions,71183.96,07-Nov-2025,3623
INV134524,Waste management services,Cleanaway  Waste  Management  Limited,249562.09,03-Sep-2028,3556
INV134525,Management of Active Melbourne recreation facilities,Victorian YMCA Community Programming Pty Ltd,,2027-11-10,3615
INV134526,Waste management services,Cleanaway Waste Management Limited (AU),170017.45,10/10/2028,3556
INV134527,Building maintenance services,Programmed Facility Management Pty. Ltd.,26193.58 AUD,2027-07-21, 
INV134528,Parking technology services,Reino International Pty Ltd T/A Duncan Solutions,"$182,742.49",2028-07-20, 
INV134529,Waste management services,Cleanaway Waste Management ximited,111370.21 AUD,06 January 2027,3556
INV134530,Management of Active Melbourne recreation facilities,Victorian YMCA Community Programming Pty Ltd (AUS),27544.84,26/05/2027,3615
INV134531,Integrated security services,National Protectiv,120783.98,18/09/2029,3686
INV134532,Graffiti management and pressure cleaning services,Calcorp Services Pty Ltd (AUS),67339.34,2029-04-21,3668
INV134533,Civil infrastructure services,Citywide Service ,14321.96 AUD,25/08/19,3665
INV134534,Civil infrastructure services,Citywide Service Solutions Pty Ltd,"$116,536.72",06/04/2026,3665
INV134535,Open spaces management - region 2,SERCO,"$169,372.83",2025-01-11,3677
INV134536,Open spaces management - region 1,Showtime Event Group Pty Ltd,209177.07,26/05/28,3670
INV134537,Graffiti management and pressure cleaning services,calcorp services pty ltd,"$76,763.54",29/07/04,3668
INV134538,Graffiti management and pressure cleaning services,Calcorp Services Pty. Ltd.,120691.95,15-Jun-2028,3668
INV134539,Melbourne Town Hall venue management,Showtime Event Group Pty Ltd,143177.9,2026-07-09,3670
INV134540,Graffiti management and pressure cleaning services,Calcorp Services Pty Ltd,137997.89,28/10/12,3668
INV134541,Building maintenance services,Programmed Facility,158007.52,2026-11-03,3630
INV134542,Integrated security services,National Protective Services Pty Ltd (AU),0.2m,08 February 2025,3686
INV134543,Open spaces management - region 1,Citywide Service Solutions Pty Ltd (AU),248832.64 AUD,2028-10-22,3676
INV134544,Vehicle tow away and impound services,Nationwide,92996.39,2028-08-29,3585
INV134545,Melbourne Town Hall venue management,SHOWTIME EVENT GROUP PTY LTD,0.2m,28/09/10,3670
INV134546,Civil infrastructure services,citywide service solutions pty ltd,"$186,933.34",13/08/2027,3665
INV134547,Melbourne Town Hall venue management,Showtime Event Group P/L,0.2m,21/08/2028,3670
INV134548,Integrated security services,National Protective Services Pty Ltd,159978.49,13/08/2026,3686
INV134549,Waste management services,CleanawayWasteManagementLimited,0.1m,26 March 2026,3556
INV134550,Tree management maintenance services,Citywide Service Solutions Pty Ltd (AUS),"$177,519.3",25 November 2027, 
INV134551,Vehicle tow away and impound services,Nationwide Towing Services,39092.46,2025-07-12,3585
INV134552,Vehicle tow away and impound services,NationwideTowingServices,82492.37,03 August 2025,3585
INV134553,Management of Active Melbourne recreation facilities,Victorian YMCA Communi,107648.23 AUD,09 August 2025,3615
INV134554,Management of Active Melbourne recreation facilities,Victorian YMCA Community Programming Pty. Ltd.,222117.75 AUD,26/04/22,3615
INV134555,Civil infrastructure services,Citywide Service Solutions Pty Ltd,76388.08,25/07/10,3665
INV134556,Open spaces management - region 1,ShowtimeEventGroupPtyLtd,"$197,821.26",17 September 2028,3670
INV134557,Waste management services,CLEANAWAY WASTE MANAGEMENT LIMITED,22083.87 AUD,2028-12-27,3556
INV134558,Melbourne Town Hall venue management,Showtime Event Group Pty Ltd,"$46,726.62",25/05/2025,3670
INV134559,Waste management services,Citywide Service Solutions P/L,72577.74 AUD,14 December 2029,3678
INV134560,Tree management maintenance services,CITYWIDE SERVICE SOLUTIONS PTY LTD,49216.62 AUD,27/10/16,3678
INV134561,Open spaces management - region 2,SERCO (AU),101105.95 AUD,22 May 2025,3677
INV134562,Vehicle tow away and impound services,Nationwide Towing Services (AUS),26930.85,27 August 2028,3585
INV134563,Vehicle tow away and impound services,nationwide towing services,0.0m,12/07/2026,3585
INV134564,Vehicle tow away and impound services,Nationwide To,50469.04 AUD,31-Mar-2027,3585
INV134565,Open spaces management - region 2,SERCO,0.2m,23/04/2029,3677
INV134566,Civil infrastructure services,Citywide Service Solutions Pty. Ltd.,236407.85 AUD,16-Mar-2025,3665
INV134567,Melbourne Town Hall venue management,Showtimv Event Group Pty Ltd,"$127,954.93",08 January 2028, 
INV134568,Tree management maintenance services,CitywideServiceSolutionsPtyLtd,217341.56,04-Feb-2028,3678
INV134569,Management of Active Melbourne recreation facilities,Victorian YMCA Community Programming Pty Ltd,0.1m,08-Aug-2027,3615
INV134570,Parking technology services,Reino International Pty Ltd T/A Duncan Solutions (AU),0.1m,05/04/2026,3623
INV134571,Building maintenance services,programmed facility management pty ltd,0.0m,13 June 2026,3630
INV134572,Melbourne Town Hall venue management,Showtime Event Group Pty Ltd,"$209,641.77",11-May-2029,3670
INV134573,Open spaces management - region 1,Citywide Service Solutions P/L,235393.68,27/11/28,3676
INV134574,Open spaces management - region 2,SERCO,0.1m,2029-05-06,3677
INV134575,Waste management services,CLEANAWAY WASTE MANAGEMENT LIMITED,100123.66,27/10/23,3556
INV134576,Parking technology services,Reino International Pty Ltd T/A Duncan Solutions (AUS),123885.45 AUD,08/09/2026,3623
INV134577,Melbourne Town Hall venue management,Showtime Event Group Pty Ltd (AU),34469.36,31-Mar-2025,3670
INV134578,Civil infrastructure services,Citywide Service Solutions Pty Ltd,240863.38,19/01/2026,3665
INV134579,Graffiti management and pressure cleaning services,Calcorp Services Pty Ltd,9585.58,11/08/2029,3668
INV134580,Street cleaning,SpotlessFacilityServicesPtyLtd,184826.78,26/03/20,3669
INV134581,Street cleaning,SpotlessFacilityServicesPtyLtd,204783.47,08-Mar-2025,3669
INV134582,Management of Active Melbourne recreation facilities,Victorian  YMCA  Community  Programming  Pty  Ltd,143942.39 AUD,09-Jul-2025,3615
INV134583,Management of Active Melbourne recreation facilities,Victorian Ymca Community Programming Pty Ltd,117532.03 AUD,2027-04-06,3615
INV134584,Graffiti management and pressure cleaning services,Calcorp Serv,"$187,832.74",07/05/2029,3668
INV134585,Waste management services,Cleanaway Waste Mgmt Limited,8532.57 AUD,24 December 2029,3556
INV134586,Open spaces management - region 2,SERCO,164436.26 AUD,26/01/2026,3677
INV134587,Management of Active Melbourne recreation facilities,Victorian YMCAoCommunity Programming Pty Ltd,"$163,145.37",29/10/22,3615
INV134588,Building cleaning services,Menzies  International  (Aust)  Pty  Ltd,128923.78,13/02/2026,3634
INV134589,Civil infrastructure services,CitywideServiceSolutionsPtyLtd,"$128,220.69",25/08/26,3665
INV134590,Graffiti management and pressure cleaning services,Calcorp  Services  Pty  Ltd,115136.62 AUD,07/03/2028,3668
INV134591,Melbourne Town Hall venue management,Showtime Event Group Pty Ltd,"$179,316.22",10/09/2029,3670
INV134592,Melbourne Town Hall venue management,ShowtimeEventGroupPtyLtd,192153.0 AUD,26/07/23,3670
INV134593,Open spaces management - region 2,rERCO,52021.13 AUD,26/09/26,3677
INV134594,Melbourne Town Hall venue management,Showtime Event Group Pty Ltd,37591.15,26/01/2026,3670
INV134595,Open spaces management - region 1,Citywide Service Solutions Pty Ltd,0.2m,08/09/2027,3676
INV134596,Civil infrastructure services,CitywideServiceSolutionsPtyLtd,"$150,391.36",06/12/2027,3665
INV134597,Melbourne Town Hall venue management,Showtime Event Group Pty Ltd,"$146,483.21",2025-01-13,3670
INV134598,Vehicle tow away and impound services,Natioewide Towing Services,69779.56 AUD,28/04/2028,3585
INV134599,Street cleaning,SPOTLESS FACILITY SERVICES PTY LTD,131504.2,16-Nov-2025,3669
INV134600,Tree management maintenance services,Citywide Service Solutions Pty Ltd,0.2m,31 October 2029,3678
INV134601,Vehicle tow away and impound services,Nationwide Towing Services (AU),0.2m,22-Jun-2025,3585
INV134602,Melbourne Town Hall venue management,Showtime Event Group Pty Ltd (AU),131473.41,09/12/2028,3670
INV134603,Street cleaning,Spotless  Facility  Services  Pty  Ltd,181214.46,10-Nov-2026,3669
INV134604,Building maintenance services,citywide service solutions pty ltd,6676.29,2028-05-24,3665
INV134605,Open spaces management - region 2,serco,0.2m,2029-02-15,3677
INV134606,Tree management maintenance services,Citywide Service Solutions Pty vtd,0.1m,27/10/15,3678
INV134607,Integrated security services,National  Protective  Services  Pty  Ltd,155533.36,2028-10-27,3686
INV134608,Graffiti management and pressure cleaning services,CALCORP SERVICES PTY LTD,25437.86,03 May 2028,3668
INV134609,Melbourne Town Hall venue management,Showtime Event Group Pty Ltd,57257.87 AUD,29/04/28,3670
INV134610,Open spaces management - region 1,Citywide Service Solutions Pty Ltd (AU),186791.22,2028-03-28,3676
INV134611,Street cleaning,Spotless Facility Services Pty Ltd (AU),"$100,726.49",26/11/05,3669
INV134612,Open spaces management - region 2,SERCO,0.2m,14/10/2026,3677
INV134613,Open spaces management - region 1,Showtime Event Group Pty. Ltd.,"$17,180.23",03 July 2029,3670
INV134614,Open spaces management - region 1,Citywide Service Solutions Pty Ltd,223089.23 AUD,29/12/25,3676
INV134615,Graffiti management and pressure cleaning services,Calcorp Serv,0.2m,03 June 2026,3668
INV134616,Integrated security services,National  Protective  Services  Pty  Ltd,122358.75 AUD,2025-04-06,3686
INV134617,Integrated security services,National Protective Services P/L,"$218,632.72",29/12/2028,3686
INV134618,Tree management maintenance services,Citywide,118597.78,11/10/2026,3678
INV134619,Vehicle tow away and impound services,Nationwide Towing Services (AUS),122808.89 AUD,17/02/2028,3585
INV134620,Street cleaning,Spotless Facility Services Pty Ltd (AU),163269.62 AUD,16/10/2026,3669
INV134621,Vehicle tow away and impound services,Nationwide Towing Services (AU),"$50,985.92",2025-04-29,3585
INV134622,Street cleaning,Spotless Facility,"$64,477.15",2029-10-01,3669
INV134623,Open spaces management - region 2,SERCO,107435.69,31/07/2028,3677
INV134624,Melbourne Town Hall venue management,Showtime Event Group Pty Ltd (AUS),,29/11/2028,3670
INV134625,Vehicle tow away and impound services,Nationwide Towing Services (AU),"$71,616.87",15-Mar-2029,3585
INV134626,Melbourne Town Hall venue management,Showtime Event,132541.74,01-Aug-2029,3670
INV134627,Open spaces management - region 2,SERCO,0.1m,01 January 2025,3677
INV134628,Parking technology services,Reino  International  Pty  Ltd  T/A  Duncan  Solutions,155632.96 AUD,20/12/2025,3623
INV134629,Melbourne Town Hall venue management,Showtime Event Group Pty Ltd,138056.96,26/05/13,3670
INV134630,Building maintenance services,Programmed  Facility  Management  Pty  Ltd,80370.57 AUD,26/12/2025,3630
INV134631,Melbourne Town Hall venue management,Showtime Event Group Pty Ltd,"$197,657.19",2026-11-07,3670
INV134632,Tree management maintenance services,CitywideServiceSolutionsPtyLtd,0.1m,2025-01-24,3678
INV134633,Vehicle tow away and impound services,Nationwide Towing Services,"$17,525.03",29/01/2027,3585
INV134634,Graffiti management and pressure cleaning services,Calcorp Services P/L,"$168,341.06",26/12/08,3668
INV134635,Waste management services,Cleanaway,0.1m,06 May 2029,3556
INV134636,Graffiti management and pressure cleaning services,Calcorp,"$6,329.16",28/10/03,3668
INV134637,Waste management services,Cleanaway Waste Management Limited (AUS),24598.98,2028-09-29,3556
INV134638,Building cleaning services,Menzies International (Aust) Pty Ltd (AUS),0.0m,2025-10-04,3634
INV134639,Graffiti management and pressure cleaning services,Calcorp Services Pty Ltd,140080.55,31/03/2028,3668
INV134640,Open spaces management - region 2,SERCO (AUS),100171.17 AUD,11 September 2027,3677
INV134641,Open spaces management - region 1,Citywide,24293.75,27/03/13,3676
INV134642,Waste management services,Cleanaway Waste Management Limited,205480.34 AUD,2027-06-02,3556
INV134643,Civil infrastructure services,Citywide Service Solutions P/L,134818.94 AUD,2029-12-25,3665
INV134644,Street cleaning,Spotless Facility Services Pty. Ltd.,0.1m,28/06/29,3669
INV134645,Integrated security services,National Protective Services Pty Ltd (AU),0.1m,15 July 2027,3686
INV134646,Waste management services,Cleanaway Waste Mgmt Limited,43218.31 AUD,25-Jun-2028,3556
INV134647,Integrated security services,National Protective Services P/L,0.1m,02-Sep-2027,3686
INV134648,Building maintenance services,Programmed  Facility  Management  Pty  Ltd,165776.05 AUD,2025-09-03,3630
INV134649,Integrated security services,national protective services pty ltd,0.1m,30-Apr-2025,3686
INV134650,Integrated security services,National Protective Services Pty Ltd,60005.75 AUD,28 April 2029,3686
INV134651,Building cleaning services,Menzies International (Aust) Pty Ltd,0.1m,29 April 2025,3634
INV134652,Waste management services,CLEANAWAY WASTE MANAGEMENT LIMITED,171700.89,14 May 2028,3556
INV134653,Open spaces management - region 2,SERCO,248708.18,30/06/2027,3677
INV134654,Open spaces management - region 2,SERCO (AUS),0.1m,04/03/2026,3677
INV134655,Building cleaning services,Menzies International (Aust) Pty Ltd,0.2m,28/02/06,3634
INV134656,Waste management services,Cleanaway Waste Mgmt Limited,176364.66 AUD,2025-10-20,3556
INV134657,Waste management services,Cleanaway Waste Management Limited (AU),0.2m,09 December 2029,3556
INV134658,Integrated security services,National Protective Servicex Pty Ltd,17048.89 AUD,19-Aug-2029,3686
INV134659,Tree management maintenance services,CitywideServiceSolutionsPtyLtd,158713.69 AUD,26/01/15,3678
INV134660,Integrated security services,National Protective Services Pty Ltd (AUS),0.2m,22/10/2025,3686
INV134661,Parking technology services,Reino  International  Pty  Ltd  T/A  Duncan  Solutions,189952.08,31/03/2026,3623
INV134662,Open spaces management - region 1,Citywide Service Solutions Pty Ltd (AUS),17004.04 AUD,29 April 2029,3676
INV134663,Street cleaning,Spotless Facility Services Pty Ltd,124893.27 AUD,,3669
INV134664,Open spaces management - region 1,Cleanaway Waste Management Limited,143084.93 AUD,08-Apr-2025,3556
INV134665,Building maintenance services,Programmed Facility Management P/L,181654.48,29-May-2029,3630
INV134666,Graffiti management and pressure cleaning services,Calcorp  Services  Pty  Ltd,106223.66 AUD,01 October 2026,3668
INV134667,Open spaces management - region 2,fERCO,0.2m,14/06/2029,3677
INV134668,Parking technology services,ReinoInternationalPtyLtdT/ADuncanSolutions,0.1m,16 January 2025,3623
INV134669,Vehicle tow away and impound services,Nationwide,43650.29,04-Jun-2025,3585
INV134670,Building cleaning services,Menzies International (Aust) P/L,"$194,818.23",25/08/18,3634
INV134671,Open spaces management - region 1,Citywide Service Solutions Pty Ltd (AUS),"$82,663.62",2029-10-04,3676
INV134672,Integrated security services,National,170819.99,06 May 2027,3686
INV134673,Melbourne Town Hall venue management,Showtime Event Group Pty. Ltd.,"$167,337.86",09/11/2025,3670
INV134674,Parking technology services,ReinoInternationalPtyLtdT/ADuncanSolutions,111553.76,05 March 2026,3623
INV134675,Management of Active Melbourne recreation facilities,VICTORIAN YMCA COMMUNITY PROGRAMMING PTY LTD,214786.99,25/01/2026,3615
INV134676,Waste management services,Cleanaway,0.2m,12/07/2027,3556
INV134677,Tree management maintenance services,Citywide Service Solutions Pty Ltd,64610.53,2027-06-27,3678
INV134678,Building cleaning services,Menzies International (Aust) Pty. Ltd.,48737.56,04/04/2029,3634
INV134679,Open spaces management - region 1,Citywide Service Solutions P/L,138373.06,29/12/2026,3676
INV134680,Open spaces management - region 2,serco,0.2m,28/10/05,3677
INV134681,Integrated security services,National Protectiv,"$188,736.51",2027-04-04,3686
INV134682,Waste management services,CleanawayWasteManagementLimited,90005.53,17-Dec-2026,3556
INV134683,Graffiti management and pressure cleaning services,Calcorp Services PtyeLtd,80624.15,22 March 2028,3668
INV134684,Vehicle tow away and impound services,Nationwide Towing Services,211158.56,17 September 2029,3585
INV134685,Graffiti management and pressure cleaning services,Calcorp Serviles Pty Ltd,0.2m,11 September 2029,3668
INV134686,Management of Active Melbourne recreation facilities,Victorian YMCA Community Programming Phy Ltd,0.2m,19 June 2026,3615
INV134687,Street cleaning,Spotless Facility Services Pty Ltd,0.2m,2029-07-19,3669
INV134688,Waste management services,Cleanaway Waste Management Limited (AU),109244.03,06-Feb-2027,3556
INV134689,Vehicle tow away and impound services,NATIONWIDE TOWING SERVICES,,16/09/2028,3585
INV134690,Waste management services,Cleanaway  Waste  Management  Limited,0.2m,02/05/2029,3556
INV134691,Open spaces management - region 1,Citywide Service Solutions Pty Ltd,"$68,900.39",11/10/2029,3676
INV134692,Integrated security services,National Protective Services Pty Ltd,"$118,310.94",10/08/2029,3686
INV134693,Street cleaning,Spotless Facility Services Pty Ltd,23190.37,08-Jan-2025,3669
INV134694,Civil infrastructure services,CitywideServiceSolutionsPtyLtd,218946.11,09/11/2028,3665
INV134695,Building cleaning services,Menzies,"$37,540.7",24/07/2026,3634
INV134696,Civil infrastructure services,Citywide Service Solutions Pty Ltd,"$165,502.0",28/04/02,3665
INV134697,Integrated security services,National Protective Services Pty Ltd,"$123,995.63",2027-05-20,3686
INV134698,Tree management maintenance services,Citywide  Service  Solutions  Pty  Ltd,0.2m,2026-05-12,3678
INV134699,Building cleaning services,Menzies International (Aust) Pty Ltd,0.1m,27/03/20,3634
INV134700,Graffiti management and pressure cleaning services,Calcorp Services Pty Ltd,118888.53,22/09/2027,3668
INV134701,Civil infrastructure services,Citywide Service ,217113.4 AUD,22 March 2025,3665
INV134702,Waste management services,Cleanaway Waste Management Limited,195735.46 AUD,14 August 2027,3556
INV134703,Graffiti management and pressure cleaning services,Calcorp Services Pty Ltd,58577.12,03-Dec-2028,3668
INV134704,Open spaces management - region 1,CitywideServiceSolutionsPtyLtd,"$105,977.99",06/10/2027,3676
INV134705,Graffiti management and pressure cleaning services,Calcowp Services Pty Ltd,152755.9 AUD,28/04/17,3668
INV134706,Open spaces management - region 2,serco,"$199,781.53",13-Jun-2028,3677
INV134707,Graffiti management and pressure cleaning services,Calcorp Services P/L,"$36,840.03",2027-11-26,3668
INV134708,Building maintenance services,Programmed Facility Management Pty Ltd,127720.34,18 August 2029,3630
INV134709,Management of Active Melbourne recreation facilities,Victorian YMCA Community Programming Pty Ltd (AUS),17141.08 AUD,2029-08-18, 
INV134710,Melbourne Town Hall venue management,Showtime Event Group Pty Ltd (AU),"$131,069.5",25/09/22,3670
INV134711,Parking technology services,Reino Intl Pty Ltd T/A Duncan Solutions,"$120,726.04",15-Jan-2028,3623
INV134712,Open spaces management - region 2,SERCO,"$6,961.29",2028-11-06,3677
INV134713,Street cleaning,Spotless  Facility  Services  Pty  Ltd,115739.95 AUD,27-Jul-2027,3669
INV134714,Building maintenance services,ProgrammedFacilityManagementPtyLtd,178067.15 AUD,2029-06-22,3630
INV134715,Waste management services,Cleanaway Waste M,0.2m,12/08/2025,3556
INV134716,Open spaces management - region 1,Citywide Service Solutions P/L,0.0m,2028-12-09,3676
INV134717,Open spaces management - region 2,SERCO,248553.87,03-Sep-2028,3677
INV134718,Street cleaning,Spotless Facility Services Pty Ltd,"$229,027.69",10/08/2027,3669
INV134719,Open spaces management - region 2,SERCO,167109.55,18 April 2026,3677
INV134720,Waste management services,Cleanaway Waste M,0.1m,25/01/2025,3556
INV134721,Street cleaning,Spotless vacility Services Pty Ltd,"$218,173.41",2028-10-20,3669
INV134722,Parking technology services,reino international pty ltd t/a duncan solutions,64093.04 AUD,11/02/2026,3623
INV134723,Waste management services,Cleanaway Waste M,157975.51,28-Aug-2025,3556
INV134724,Melbourne Town Hall venue management,Showtime Event Group Pty Ltd (AUS),1211.44,08/09/2028,3670
INV134725,Building maintenance services,Programmed Facility Management Pty Ltd (AUS),"$69,567.38",20-Aug-2025,3630
INV134726,Graffiti management and pressure cleaning services,Calcorp Serv,121278.07 AUD,09/04/2025,3668
INV134727,Management of Active Melbourne recreation facilities,Victorian YMCA Community Programming P/L,,28 September 2027,3615
INV134728,Management of Active Melbourne recreation facilities,Victorian YMCA Community Programming Pty. Ltd.,148013.16,14/05/2028,3615
INV134729,Vehicle tow away and impound services,Natzonwide Towing Services,0.2m,07/08/2027,3585
INV134730,Vehicle tow away and impound services,Nationwide  Towing  Services,"$193,381.12",2026-01-28,3585
INV134731,Building maintenance services,Programmed,"$100,055.45",13-May-2025, 
INV134732,Integrated security services,National Protective Services P/L,0.2m,09/08/2025,3686
INV134733,Melbourne Town Hall venue management,Showtime,232320.34,26 November 2026,3670
INV134734,Building cleaning services,Menzies  International  (Aust)  Pty  Ltd,15015.73,23/01/2027,3634
INV134735,Building cleaning services,Menzies International (Aust) Pty Ltd (AU),0.1m,18/08/2027,3634
INV134736,Waste management services,Cleanaway Waste Management LTD,34775.11 AUD,24/06/2028,3556
INV134737,Building cleaning services,MENZIES INTERNATIONAL (AUST) PTY LTD,118676.74 AUD,13-Jun-2028,3634
INV134738,Tree management maintenance services,Citywide Service ,"$63,847.67",28 August 2027,3678
INV134739,Building cleaning services,Menzies International (Aust) Pty Ltd (AU),0.1m,10 August 2028,3634
INV134740,Open spaces management - region 1,citywide service solutions pty ltd,52490.37,16 January 2029,3676
INV134741,Building cleaning services,Menzies International (Aust) cty Ltd,"$100,244.24",11/01/2028,3634
INV134742,Open spaces management - region 1,Citywide  Service  Solutions  Pty  Ltd,"$11,344.4",2026-06-09, 
INV134743,Building cleaning services,Meneies International (Aust) Pty Ltd,85875.95,17 July 2026,3634
INV134744,Melbourne Town Hall venue management,Showtime Event Group Pty Ltd (AUS),101215.52,15/07/2027,3670
INV134745,Graffiti management and pressure cleaning services,Calcorp Services Pty. Ltd.,"$134,899.44",22/11/2029,3668
INV134746,Parking technology services,Reino International Pty Ltd T/A Duncan Solutions,0.2m,28 November 2026,3623
INV134747,Building cleaning services,menzies international (aust) pty ltd,"$93,747.56",16/09/2025,3634
INV134748,Parking technology services,Reino International Pty ,237648.52,25-May-2029,3623
INV134749,Waste management services,ShowtimeEventGroupPtyLtd,"$210,609.83",07/08/2027,3670
INV134750,Waste management services,Cleanaway Waste Management Limited (AUS),197978.34,02/02/2028,3556
INV134751,Tree management maintenance services,Citywide,"$175,966.5",22/07/2028,3678
INV134752,Tree management maintenance services,Citywide Service Solutions Pty Ltd,59761.69 AUD,23-Nov-2026,3678
INV134753,Building maintenance services,Programmed Facility Mgmt Pty Ltd,112561.92,28/10/17,3630
INV134754,Open spaces management - region 2,serco,35432.02,2027-01-04,3677
INV134755,Civil infrastructure services,Citywide Service ,0.2m,12 July 2027,3665
INV134756,Building maintenance services,Programmed Facility oanagement Pty Ltd,0.0m,06-Nov-2026,3630
INV134757,Vehicle tow away and impound services,Nationwide Towing Services (AUS),68671.18,29/12/2028,3585
INV134758,Street cleaning,SpotlessFacilityServicesPtyLtd,145085.13 AUD,17-Dec-2025,3669
INV134759,Melbourne Town Hall venue management,Citywide Service Solutions P/L,216183.46 AUD,26/05/19,3676
INV134760,Civil infrastructure services,Citywide Service Solutions Pty Ltd,157431.52,07/06/2029,3665
INV134761,Building maintenance services,Programmed  Facility  Management  Pty  Ltd,"$165,011.14",17/04/2025,3630
INV134762,Parking technology services,ReinoInternationalPtyLtdT/ADuncanSolutions,209170.84,26/12/07,3623
INV134763,Integrated security services,National Prutective Services Pty Ltd,"$64,747.38",11-Dec-2029,3686
INV134764,Parking technology services,Reino  International  Pty  Ltd  T/A  Duncan  Solutions,173341.59,14 September 2028,3623
INV134765,Management of Active Melbourne recreation facilities,VictorianYMCACommunityProgrammingPtyLtd,0.0m,07-Jul-2026,3615
INV134766,Open spaces management - region 1,Citywide Service Solutions Pty Ltd,24445.06,27/08/02,3676
INV134767,Parking technology services,ReinoInternationalPtyLtdT/ADuncanSolutions,,25/04/02,3623
INV134768,Management of Active Melbourne recreation facilities,Victorian  YMCA  Community  Programming  Pty  Ltd,205586.66,2026-07-27,3615
INV134769,Open spaces management - region 1,Citywide Service Solutions Pty Ltd,93953.31 AUD,2027-07-13,3676
INV134770,Civil infrastructure services,Citywide Service Solutions Pty Ltd,185313.53 AUD,09-Jun-2027,3665
INV134771,Building maintenance services,Programmed Facility,0.2m,09/08/2026,3630
INV134772,Parking technology services,Reino,90943.41,25/08/24,3623
INV134773,Open spaces management - region 1,Citywide Service Solutions Pty Ltd (AU),0.1m,26/12/06,3676
INV134774,Civil infrastructure services,Citywide Service Solutions Pty Ltd (AUS),"$50,133.12",2027-01-31,3665
INV134775,Building maintenance services,ProgrammedFacilityManagementPtyLtd,63285.55,09/03/2029,3630
INV134776,Civil infrastructure services,Citywide Service Solutions Pty Ltd,244893.09 AUD,05-Aug-2027,3665
INV134777,Building cleaning services,Menzies Int’l (Aust) Pty Ltd,"$168,786.51",03 September 2025,3634
INV134778,Open spaces management - region 1,Citywide Service Solutions Pty Ltd,0.1m,28/04/15, 
INV134779,Building maintenance services,Programmed Facility Management Pty Ltd,165135.1,20-Jan-2027,3630
INV134780,Open spaces management - region 2,SERpO,"$35,757.85",04/11/2025,3677
INV134781,Parking technology services,Reino  International  Pty  Ltd  T/A  Duncan  Solutions,0.2m,14 June 2026,3623
INV134782,Open spaces management - region 1,Citywide Service Solutions Pty Ltd,149204.89,27/03/17,3676
INV134783,Management of Active Melbourne recreation facilities,victorian ymca community programming pty ltd,150189.39,2029-11-05,3615
INV134784,Melbourne Town Hall venue management,Showtime Event Group Pty Ltd,466.69,19/06/2029,3670
INV134785,Graffiti management and pressure cleaning services,Calcorp Services Pty. Ltd.,20620.1,19-Sep-2028,3668
INV134786,Waste management services,Cleanaway Waste Management LTD,"$100,514.95",28/12/06, 
INV134787,Parking technology services,Reino International Pty. Ltd. T/A Duncan Solutions,105408.13,22-Dec-2029,3623
INV134788,Open spaces management - region 1,Citywide Service Solutions Pty. Ltd.,0.0m,08-Jan-2027,3676
INV134789,Melbourne Town Hall venue management,Showtime Event Group Pty Ltd,190833.85,31-Oct-2026, 
INV134790,Integrated security services,National Protective Services P/L,64072.76,2028-03-12,3686
INV134791,Melbourne Town Hall venue management,Showtime Event Group Pty Ltd,189489.59,16 November 2026,3670
INV134792,Open spaces management - region 1,Citywide Service Solutions Pty. Ltd.,170849.39,2026-04-05,3676
INV134793,Management of Active Melbourne recreation facilities,Victorian YMCA CommunityeProgramming Pty Ltd,50787.28 AUD,04-Aug-2025,3615
INV134794,Civil infrastructure services,Citywide Service Solutions Pty Ltd,0.1m,11/05/2029, 
INV134795,Tree management maintenance services,Citywide Service Solutions Pty Ltd (AUS),0.1m,28/04/18, 
INV134796,Waste management services,Cleanaway Waste Management Limited (AUS),19009.59,16/08/2025,3556
INV134797,Tree management maintenance services,CitywideServiceSolutionsPtyLtd,26238.56 AUD,20/06/2029,3678
INV134798,Vehicle tow away and impound services,nationwide towing services,96844.32,26/12/14,3585
INV134799,Open spaces management - region 1,Citywide Service Solutions Pty. Ltd.,21055.15,19-Sep-2026,3676
INV134800,Parking technology services,Reino International P/L T/A Duncan Solutions,204088.15,28/05/2028,3623
INV134801,Civil infrastructure services,Citywide Service Solutions P/L,89583.4 AUD,25/09/21,3665
INV134802,Integrated security services,National Protective Services P/L,"$74,622.57",2028-09-23,3686
INV134803,Building cleaning services,Menzies International (Aust) Pty. Ltd.,,15/04/2027,3634
INV134804,Graffiti management and pressure cleaning services,CalcorpServicesPtyLtd,0.0m,25/01/05, 
INV134805,Open spaces management - region 2,serco,"$194,143.97",26-Oct-2028,3677
INV134806,Street cleaning,Spotless Facility Services Pty Ltd (AU),0.1m,2029-09-16,3669
INV134807,Street cleaning,Spotless Facility Services Pty Ltd (AU),"$109,260.66",,3669
INV134808,Building maintenance services,programmed facility management pty ltd,106393.65,2029-02-05,3630
INV134809,Integrated security services,National Protective Services Pty Ltd,"$45,439.56",10/01/2028,3686
INV134810,Waste management services,Cleanaway Waste Management Limited,34441.53,16/11/2027,3556
INV134811,Street cleaning,Spotless,7312.22 AUD,25/07/27,3669
INV134812,Management of Active Melbourne recreation facilities,Victorian YMCA Communi,0.1m,25/06/29,3615
INV134813,Open spaces management - region 1,Citywide Service Solutions Pty Ltd (AU),"$138,475.34",10 February 2025,3676
INV134814,Melbourne Town Hall venue management,Showtime,"$80,928.09",2029-03-24,3670
INV134815,Management of Active Melbourne recreation facilities,Victorian YMCA Community Programming Pty Ltd (AUS),0.1m,04-Aug-2027,3615
INV134816,Street cleaning,SpotlessFacilityServicesPtyLtd,184152.83,2029-02-13,3669
INV134817,Waste management services,CleanawayWasteManagementLimited,36800.75 AUD,16/08/2029,3556
INV134818,Civil infrastructure services,Citywide Service Solutions P/L,0.2m,22/03/2028,3665
INV134819,Parking technology services,Reino International P/L T/A Duncan Solutions,4033.24 AUD,27/10/2029,3623
INV134820,Management of Active Melbourne recreation facilities,Victorian YMCA dommunity Programming Pty Ltd,107272.29,09-Jan-2029, 
INV134821,Melbourne Town Hall venue management,Showtime Event Group Pty Ltd,"$119,249.53",26 September 2028,3670
INV134822,Street cleaning,Spotless Facility Services Pty Ltd,24598.26,14 February 2028,3669
INV134823,Management of Active Melbourne recreation facilities,Victorian YMCA Community Programming Pty Ltd,246211.97 AUD,05/02/2026,3615
INV134824,Management of Active Melbourne recreation facilities,Victorian Ymca Community Programming Pty Ltd,"$78,275.73",07/07/2028,3615
INV134825,Parking technology services,Reino Int’l Pty Ltd T/A Duncan Solutions,"$164,529.24",26/06/07,3623
INV134826,Building maintenance services,ProgrammedFacilityManagementPtyLtd,218693.87,13 April 2029,3630
INV134827,Melbourne Town Hall venue management,Showtime Event Group Pty Ltd (AUS),173350.59,02 February 2029,3670
INV134828,Parking technology services,Reino  International  Pty  Ltd  T/A  Duncan  Solutions,195715.29,26/12/2025,3623
INV134829,Building cleaning services,Menzies International (Aust) Pty Ltd,0.0m,05 November 2027,3634
INV134830,Graffiti management and pressure cleaning services,CALCORP SERVICES PTY LTD,0.2m,09 June 2029,3668
INV134831,Tree management maintenance services,Citywide Service Solutions Pty Ltd,56012.17,18/03/2028,3678
INV134832,Street cleaning,Spotless Facility,0.1m,2026-10-04,3669
INV134833,Tree management maintenance services,Citywide Service Solutions Pty Ltd,130534.74,14 May 2029,3678
INV134834,Graffiti management and pressure cleaning services,calcorp services pty ltd,"$143,373.57",26 January 2026,3668
INV134835,Waste management services,Cleanaway  Waste  Management  Limited,40508.63 AUD,31/03/2027, 
INV134836,Street cleaning,Spotless Faiility Services Pty Ltd,"$40,821.73",2029-07-11,3669
INV134837,Civil infrastructure services,Citywide,245574.57 AUD,2026-09-20,3665
INV134838,Vehicle tow away and impound services,Nationwide Towing Services (AUS),937.93 AUD,26/02/26,3585
INV134839,Parking technology services,Reino International Pty Ltd T/A Duncan Solutions (AUS),0.1m,06/08/2027,3623
INV134840,Building cleaning services,Menzies International (Aust) Pty Ltd,175149.41,12/06/2029,3634
INV134841,Open spaces management - region 1,CITYWIDE SERVICE SOLUTIONS PTY LTD,"$229,511.8",09 September 2028,3665
INV134842,Waste management services,Cleanaway Waste Management Liwited,133688.53 AUD,23/07/2027,3556
INV134843,Melbourne Town Hall venue management,Showtime Event proup Pty Ltd,"$164,203.24",2027-12-18,3670
INV134844,Management of Active Melbourne recreation facilities,Victorian YMCA Community Programming Pty Ltd,"$31,819.54",27/05/2026,3615
INV134845,Integrated security services,NATIONAL PROTECTIVE SERVICES PTY LTD,0.2m,05/04/2027,3686
INV134846,Graffiti management and pressure cleaning services,Calcorp Services P/L,63689.72,2027-08-02,3668
INV134847,Waste management services,cleanaway waste management limited,151144.32,21/03/2027,3556
INV134848,Civil infrastructure services,NationalProtectiveServicesPtyLtd,53745.52 AUD,26/02/16,3686
INV134849,Melbourne Town Hall venue management,showtime event group pty ltd,108382.2,26/02/2028,3670
INV134850,Graffiti management and pressure cleaning services,CalcorpServicesPtyLtd,36634.05 AUD,25/01/28,3668
INV134851,Graffiti management and pressure cleaning services,Calcorp Services Pty Ltd (AUS),203509.85,24 March 2026,3668
INV134852,Tree management maintenance services,CITYWIDE SERVICE SOLUTIONS PTY LTD,242659.7,05-Jan-2025,3678
INV134853,Integrated security services,National Protective Services Pty Ltd,160920.07,2026-02-27,3686
INV134854,Street cleaning,SPOTLESS FACILITY SERVICES PTY LTD,0.1m,07/03/2027,3669
INV134855,Graffiti management and pressure cleaning services,CALCORP SERVICES PTY LTD,"$243,964.07",03/04/2026,3668
INV134856,Open spaces management - region 1,Citywide Service Solutions P/L,249415.27,27-Jun-2025,3676
INV134857,Management of Active Melbourne recreation facilities,Victorian YMCA Community Programming Pty Ltd,0.1m,2028-01-11,3615
INV134858,Street cleaning,Spotless Facility Services Pty. Ltd.,"$237,907.25",19/09/2027,3669
INV134859,Building maintenance services,Programmed Facility Management P/L,138124.47,02/10/2028,3630
INV134860,Parking technology services,Reino Int’l Pty Ltd T/A Duncan Solutions,"$187,448.26",13-Apr-2025,3623
INV134861,Melbourne Town Hall venue management,Showtime Event Group Pty Ltd,51703.74,30 May 2028,3670
INV134862,Graffiti management and pressure cleaning services,Calcorp Services Pty Ltd,188050.09 AUD,14 July 2026,3668
INV134863,Melbourne Town Hall venue management,Showtime Event Group Pty. Ltd.,80526.25 AUD,18-Mar-2028,3670
INV134864,Integrated security services,national protective services pty ltd,120200.72 AUD,28/10/2029,3686
INV134865,Vehicle tow away and impound services,Nationwide Towing Services (AU),0.0m,01/04/2025,3585
INV134866,Waste management services,Cleanaway Waste Management Limited (AU),184568.08 AUD,2028-01-24,3556
INV134867,Waste management services,cleanaway waste management limited,245053.47,18/08/2025,3556
INV134868,Parking technology services,Reino International Pty Ltd T/A Duncan Solutions,"$208,809.04",21/03/2026,3623
INV134869,Integrated security services,NATIONAL PROTECTIVE SERVICES PTY LTD,129441.46,2026-11-18,3686
INV134870,Parking technology services,Reino International Pty Ltd T/A Duncan Solutions,"$118,258.04",2025-09-02,3623
INV134871,Street cleaning,Spotless,192196.64,26/01/20,3669
INV134872,Management of Active Melbourne recreation facilities,Victorian YMCA Community Programming Pty Ltd,112812.46 AUD,26/04/04, 
INV134873,Waste management services,Cleanaway Waste Management Limited,31722.64,01-Sep-2027,3556
INV134874,Civil infrastructure services,Citywide  Service  Solutions  Pty  Ltd,"$136,830.1",21/05/2028,3665
INV134875,Civil infrastructure services,Citywide Service Solutions Pty Ltd,"$180,700.88",10/12/2027,3665
INV134876,Tree management maintenance services,Citywide Service Solutions Pty Ltd,0.2m,2025-06-29,3678
INV134877,Open spaces management - region 1,Citywide Service Solutions Pty Ltd,226623.45,2028-06-05,3676
INV134878,Street cleaning,Spotless Facility Servwces Pty Ltd,"$50,312.1",25/03/28,3669
INV134879,Management of Active Melbourne recreation facilities,victorian ymca community programming pty ltd,191526.19 AUD,27/04/09,3615
INV134880,Melbourne Town Hall venue management,Showtime Event Group P/L,38979.73 AUD,03 January 2025,3670
INV134881,Integrated security services,National Protective Servibes Pty Ltd,0.1m,2029-06-15,3686
INV134882,Vehicle tow away and impound services,Nationwide Towing Services (AU),0.2m,29/10/19,3585
INV134883,Integrated security services,National Protective Services P/L,216049.01,07/09/2027,3686
INV134884,Vehicle tow away and impound services,Nationwide Towing Services (AU),130666.11,08-Jun-2027,3585
INV134885,Street cleaning,Spotless Facility Services Pty Ltd,0.2m,2027-03-09,3669
INV134886,Integrated security services,National  Protective  Services  Pty  Ltd,178570.31 AUD,2025-10-24,3686
INV134887,Parking technology services,ReinoInternationalPtyLtdT/ADuncanSolutions,128395.63,28 February 2029,3623
INV134888,Waste management services,Cleanaway Waste Management LTD,222125.99 AUD,2026-07-07,3556
INV134889,Building maintenance services,programmed facility management pty ltd,0.0m,25-Oct-2028,3630
INV134890,Open spaces management - region 2,SERCO,0.1m,09 October 2027,3677
INV134891,Waste management services,Cleanaway Waste Mgmt Limited,17182.13,2027-02-03,3556
INV134892,Civil infrastructure services,Citywide  Service  Solutions  Pty  Ltd,113763.92,17 September 2026,3665
INV134893,Civil infrastructure services,Citywide Service Solutions P/L,218505.65 AUD,2026-01-16,3665
INV134894,Street cleaning,SPOTLESS FACILITY SERVICES PTY LTD,107958.98,08-May-2026,3669
INV134895,Open spaces management - region 2,SERoO,"$93,305.21",25/04/14,3677
INV134896,Integrated security services,programmed facility management pty ltd,65618.41,06/09/2028,3630
INV134897,Open spaces management - region 2,serco,"$199,570.04",02/06/2025,3677
INV134898,Building maintenance services,Programmed Facility Management Pty Ltd,0.1m,24-Dec-2028,3630
INV134899,Open spaces management - region 2,SfRCO,226588.23,31/01/2027,3677
INV134900,Street cleaning,calcorp services pty ltd,0.0m,21/03/2029,3668
INV134901,Tree management maintenance services,CITYWIDE SERVICE SOLUTIONS PTY LTD,141904.77,16/05/2029,3678
INV134902,Building maintenance services,Programmed Facility Management Pty Ltd,4519.29,04-Jul-2027,3630
INV134903,Parking technology services,Reino International Pty ,72815.73 AUD,12-Sep-2026,3623
INV134904,Vehicle tow away and impound services,Nationwide Towing Services,"$32,207.85",07/11/2029,3585
INV134905,Integrated security services,National Protectiv,"$228,196.83",2029-12-02,3686
INV134906,Street cleaning,Spotless Facility Services Pty Ltd,37930.01 AUD,17/01/2027, 
INV134907,Parking technology services,Reino International Pty Ltd T/A Duncan Soluthons,34559.44,17 May 2026,3623
INV134908,Building maintenance services,Programmed Facility Management Pty Ltd (AUS),0.2m,20 December 2027,3630
INV134909,Waste management services,Cleanaway Waste M,"$61,534.64",10 October 2029,3556
INV134910,Management of Active Melbourne recreation facilities,Victorian YMCA Community Programming Pty Ltd,146303.45 AUD,14-Jul-2026,3615
INV134911,Open spaces management - region 1,Citywide Service Solutions Pty Ltd (AUS),0.0m,19/05/2026,3676
INV134912,Vehicle tow away and impound services,Nationwide Towing Servicns,6176.38 AUD,16-Oct-2027,3585
INV134913,Civil infrastructure services,Citywide Service Solutions Pty. Ltd.,"$246,921.72",28/07/14,3665
INV134914,Integrated security services,National Protective Services P/L,198217.47,2029-01-21,3686
INV134915,Open spaces management - region 1,citywide service solutions pty ltd,26617.75,15-Mar-2026,3676
INV134916,Vehicle tow away and impound services,Nationwide Towing Services,"$169,685.76",2027-07-05,3585
INV134917,Building cleaning services,Menzies International (Aust) Pty Ltd,"$24,191.43",29-Jul-2027,3634
INV134918,Open spaces management - region 2,SERCO,59673.28,20/10/2025,3677
INV134919,Building maintenance services,Programmed Facility Management Pty Ltd,128355.16,17-Apr-2028,3630
INV134920,Civil infrastructure services,CleanawayWasteManagementLimited,0.2m,19/08/2025,3556
INV134921,Melbourne Town Hall venue management,Showtime Event Group Pty. Ltd.,"$83,161.08",19/11/2029,3670
INV134922,Waste management services,Cleanaway Waste M,160220.81,2026-10-19,3556
INV134923,Melbourne Town Hall venue management,Showtime Event Group Pty. Ltd.,161489.92 AUD,18/10/2025,3670
INV134924,Street cleaning,Spotless Facility Services Pty Ltd (AUS),"$201,998.23",29 March 2028,3669
INV134925,Parking technology services,Reino Int’l Pty Ltd T/A Duncan Solutions,81564.42,27/11/04,3623
INV134926,Integrated security services,NationalProtectiveServicesPtyLtd,,2025-12-20,3686
INV134927,Building cleaning services,Menzies International (Aust) Pty Ltd,162105.05,21/12/2026,3634
INV134928,Building cleaning services,Menzies International (Aust) Pty Ltd,200514.08,2025-05-30,3634
INV134929,Waste management services,Cleanaway  Waste  Management  Limited,44079.39,08-Sep-2028,3556
INV134930,Integrated security services,National Protectiv,88284.89,09 January 2025,3686
INV134931,Open spaces management - region 2,serco,0.0m,10-Jul-2028,3677
INV134932,Open spaces management - region 1,Citywide Service Solutions Pty Ltw,,10/03/2026,3676
INV134933,Building cleaning services,Menzies International (Aust) Pty Ltd (AUS),80371.37,2029-07-15,3634
INV134934,Street cleaning,Spotless Facility,177565.79 AUD,08/11/2029,3669
INV134935,Open spaces management - region 2,SERCO,151869.52,25/01/29,3677
INV134936,Street cleaning,Spotless Facility,205993.41,2026-02-06,3669
INV134937,Melbourne Town Hall venue management,Showtime Event Group Pty Ltd,,14/09/2027,3670
INV134938,Parking technology services,Reino International Pty Ltd T/A Duncan Solutions (AU),124829.61,29/02/08, 
INV134939,Integrated security services,National Protective Services Pty Ltd (AUS),"$199,830.32",2026-03-29,3686
INV134940,Building maintenance services,Programmed  Facility  Management  Pty  Ltd,0.2m,25/07/15, 
INV134941,Waste management services,Cleanaway Waste Management Ltd,213289.8,30-May-2027,3556
INV134942,Tree management maintenance services,CitywideServiceSolutionsPtyLtd,"$177,474.32",25/10/08,3678
INV134943,Graffiti management and pressure cleaning services,CalcorpServicesPtyLtd,0.0m,27/09/2026,3668
INV134944,Parking technology services,Reino International P/L T/A Duncan Solutions,33082.14 AUD,2025-07-07,3623
INV134945,Waste management services,Cleanaway Waste Management Limited,80451.38 AUD,21/03/2028,3556
INV134946,Building cleaning services,Menzies  International  (Aust)  Pty  Ltd,"$109,865.05",16/10/2026,3634
INV134947,Parking technology services,reino international pty ltd t/a duncan solutions,200690.76,,3623
INV134948,Parking technology services,Reino Int’l Pty Ltd T/A Duncan Solutions,"$103,930.67",24 October 2025,3623
INV134949,Integrated security services,National  Protective  Services  Pty  Ltd,94782.86,09 June 2027,3686
INV134950,Street cleaning,Spotless Facility Services P/L,186956.42,26/08/13,3669
INV134951,Vehicle tow away and impound services,Nationwide Towing Services (AU),127527.51 AUD,11/08/2028,3585
INV134952,Tree management maintenance services,Citywide Service Solubions Pty Ltd,45032.75,19/03/2029,3678
INV134953,Management of Active Melbourne recreation facilities,Victorian YMCA Community Progdamming Pty Ltd,58000.48,14 October 2028,3615
INV134954,Open spaces management - region 2,SERCO,117573.48,27/04/19,3677
INV134955,Waste management services,Cleanaway  Waste  Management  Limited,248281.44,16/02/2027,3556
INV134956,Civil infrastructure services,Citywide Service Solutions Pty Ltd,4411.22 AUD,28/01/26,3665
INV134957,Building cleaning services,Menzies International (Aust) Pty Ltd,157240.08,28/08/29,3634
INV134958,Management of Active Melbourne recreation facilities,Calcorp Services Pty Ltd (AUS),0.2m,09/08/2025,3668
INV134959,Parking technology services,Reino Internatinnal Pty Ltd T/A Duncan Solutions,154446.26,27/09/23,3623
INV134960,Management of Active Melbourne recreation facilities,Victorian YMCA Community Programming Pty Ltd,"$226,826.15",2029-11-18,3615
INV134961,Melbourne Town Hall venue management,Showtime Event Group Pty Ltd,0.1m,01 February 2027,3670
INV134962,Open spaces management - region 1,Citywide Service Solutions Pty Ltd,0.1m,14 June 2025,3676
INV134963,Street cleaning,Spotless Facility Services Pty Ltd (AU),0.1m,16/03/2025,3669
INV134964,Waste management services,Cleanaway Waste Mgmt Limited,,10/09/2026,3556
INV134965,Civil infrastructure services,Citywide  Service  Solutions  Pty  Ltd,158496.51,27-Jan-2027,3665
INV134966,Parking technology services,Reino International P/L T/A Duncan Solutions,47919.8 AUD,18-Dec-2028,3623
INV134967,Graffiti management and pressure cleaning services,Calcorp Services Pty Ltd,"$199,276.8",29-Mar-2029,3668
INV134968,Open spaces management - region 1,Citywide  Service  Solutions  Pty  Ltd,173357.45 AUD,04/10/2028,3676
INV134969,Civil infrastructure services,Citywide Service Solutions P/L,37932.66,2026-04-01,3665
INV134970,Parking technology services,Reino International P/L T/A Duncan Solutions,0.1m,20/03/2028,3623
INV134971,Vehicle tow away and impound services,Nationwide Towing Services,214733.16,2025-02-16,3585
INV134972,Melbourne Town Hall venue management,Showtime Event Group Pty Ltd,122531.2,04/05/2028,3670
INV134973,Vehicle tow away and impound services,Nationwide Towing Services (AUS),51452.5,27/12/2027,3585
INV134974,Melbourne Town Hall venue management,Showtime  Event  Group  Pty  Ltd,57121.8,03/06/2029,3670
INV134975,Melbourne Town Hall venue management,Showtime Event Group Pty Ltd (AU),"$48,878.34",08-Jul-2028,3670
INV134976,Waste management services,Cleanaway Waste Management Limited,183870.86,08/08/2027,3556
INV134977,Waste management services,cleanaway waste management limited,85854.97,2027-01-21,3556
INV134978,Vehicle tow away and impound services,NATIONWIDE TOWING SERVICES,82744.62,25-Jan-2028,3585
INV134979,Civil infrastructure services,Citywide Service Solutions P/L,0.2m,2029-01-03,3665
INV134980,Melbourne Town Hall venue management,Showtime Event Group Pty Ltd,49526.46 AUD,07/08/2027,3670
INV134981,Melbourne Town Hall venue management,Showtime Event Group Pty Ltd,210181.78,16 April 2028, 
INV134982,Waste management services,Cleanaway Waste Management Limited (AU),113808.5 AUD,05/01/2026,3556
INV134983,Building cleaning services,Menzies International (Aust) Pty Ltd,140443.15,28/11/20,3634
INV134984,Building maintenance services,Programmed Facility,106487.6 AUD,06/03/2027,3630
INV134985,Building cleaning services,Menzies International (Aust) P/L,187525.18,11/10/2025,3634
INV134986,Street cleaning,Spotless Facility,192986.85 AUD,18 February 2027, 
INV134987,Building cleaning services,MenziesInternational(Aust)PtyLtd,0.1m,22-Dec-2027,3634
INV134988,Tree management maintenance services,Showtime  Event  Group  Pty  Ltd,146180.48 AUD,2028-02-22,3670
INV134989,Management of Active Melbourne recreation facilities,Victorian YMCA Comminity Programming Pty Ltd,"$113,321.24",04-Oct-2027,3615
INV134990,Street cleaning,SPOTLESS FACILITY SERVICES PTY LTD,0.1m,27-Feb-2028,3669
INV134991,Parking technology services,Reino International Pty ,0.1m,31/07/2025,3623
INV134992,Open spaces management - region 2,SERCO,222911.71 AUD,03 June 2029,3677
INV134993,Building cleaning services,Menzies International (Aust) P/L,232402.66,20/06/2029,3634
INV134994,Melbourne Town Hall venue management,Showtime Event,"$238,308.04",21 December 2026,3670
INV134995,Integrated security services,National Protective Services Pty. Ltd.,194012.57,28/01/29,3686
INV134996,Tree management maintenance services,Citywide Service Solutions Pty Ltd (AU),167941.19 AUD,16 April 2025,3678
INV134997,Management of Active Melbourne recreation facilities,Victorian YMCA Community Programming Pty. Ltd.,0.2m,07 November 2025,3615
INV134998,Street cleaning,Spotless Facility Services Pty. Ltd.,140459.53,05/02/2028, 
INV134999,Parking technology services,Reino International Pty Ltd T/A Duncan Solutions (AU),244855.11,2028-11-16,3623
INV135000,Integrated security services,NATIONAL PROTECTIVE SERVICES PTY LTD,"$233,226.29",2029-11-02,3686
