InvoiceID,ContractTitle,Provider,InvoiceAmount,InvoiceDate,ContractNumber
INV206001,Tree management maintenance services,Citywide Service Solutions Pty Ltd,0.2m,2026-11-16,3678
INV206002,Open spaces management - region 1,Citywide Service Solutions Pty Ltd,240654.59,26/07/06,3676
INV206003,Civil infrastructure services,citywide service solutions pty ltd,224747.72,06/10/2026,3665
INV206004,Waste management services,Cleanaway  Waste  Management  Limited,113671.48,14/11/2026,3556
INV206005,Integrated security services,National Protective Services Pty. Ltd.,246604.51,28/04/2026,3686
INV206006,Building maintenance services,Programmed Facility Management Pty Ltd,"$164,380.09",2028-01-08,3630
INV206007,Graffiti management and pressure cleaning services,Calcorp Services P/L,"$86,048.15",22-Mar-2028,3668
INV206008,Building maintenance services,Programmed Facility Management Pty Ltd,117845.99 AUD,10-Jun-2025,3630
INV206009,Street cleaning,Spotless,0.2m,16/06/2029,3669
INV206010,Graffiti management and pressure cleaning services,Calcorp Services Pty Ltd,53805.55,15/05/2025,3668
INV206011,Vehicle tow away and impound services,Nationwide Towing Services (AU),203366.72 AUD,12-Jul-2025,3585
INV206012,Waste management services,Menzies International (Aust) Pty Ltd,"$64,520.29",28-Aug-2028,3634
INV206013,Open spaces management - region 1,Citywide Service Solutions Pty Ltd,"$157,270.89",2026-06-29,3676
INV206014,Street cleaning,Spotless  Facility  Services  Pty  Ltd,165578.86,25/07/13,3669
INV206015,Open spaces management - region 1,Citywide Service Solutions Pty Ltd (AUS),0.1m,08-Jun-2026, 
INV206016,Building maintenance services,Programmed Facility Management Pty Ltd (AUS),213897.14,09 July 2026,3630
INV206017,Waste management services,Nationwide Towing Services (AUS),"$111,110.7",15/02/2025,3585
INV206018,Management of Active Melbourne recreation facilities,victorian ymca community programming pty ltd,"$213,142.28",29 January 2026,3615
INV206019,Vehicle tow away and impound services,Nationwide,208031.56 AUD,11/10/2029,3585
INV206020,Building maintenance services,Programmed Facility Management Pty Ltd (AUS),30801.4 AUD,10-May-2025,3630
INV206021,Waste management services,Cleanaway  Waste  Management  Limited,165146.54,22/07/2026,3556
INV206022,Building cleaning services,Menzies International (Aust) Pty Ltd,140768.3,26/04/20,3634
INV206023,Graffiti management and pressure cleaning services,Calcorp,"$39,099.65",27/03/07, 
INV206024,Vehicle tow away and impound services,Nationwide Towing Services,56136.8,2026-07-31, 
INV206025,Vehicle tow away and impound services,Nationwide Towing Services,107970.61,19-Mar-2028,3585
INV206026,Management of Active Melbourne recreation facilities,Victorian  YMCA  Community  Programming  Pty  Ltd,241315.03 AUD,27/03/13,3615
INV206027,Waste management services,Cleanaway WastelManagement Limited,138217.53,28-Jan-2029,3556
INV206028,Vehicle tow away and impound services,Nxtionwide Towing Services,202410.29 AUD,21/02/2026,3585
INV206029,Waste management services,Cleanaway Waste Management Limited,68131.77,04/01/2026,3556
INV206030,Management of Active Melbourne recreation facilities,Victorian YMCA Community Programming Pty Ltd (AUS),79851.95,28-Sep-2029,3615
INV206031,Vehicle tow away and impound services,Nationwide Towing Services (AUS),0.2m,01 May 2025,3585
INV206032,Open spaces management - region 2,SERCO,0.1m,26-Nov-2025,3677
INV206033,Melbourne Town Hall venue management,Showtime Event Group Pty Ltd (AUS),"$181,523.26",26-Jan-2026,3670
INV206034,Civil infrastructure services,Citywide Service Solutions P/L,0.1m,24 November 2026,3665
INV206035,Open spaces management - region 1,citywide service solutions pty ltd,223455.83,29/03/2028,3676
INV206036,Integrated security services,national protective services pty ltd,70558.39 AUD,22-Apr-2028,3686
INV206037,Vehicle tow away and impound services,Nationwide Towing Services (AUS),141463.31,22-Aug-2025,3585
INV206038,Parking technology services,Reino International Pty Ltd T/A Duncan Solutions,0.1m,2029-12-31,3623
INV206039,Vehicle tow away and impound services,Nationwide Towing Services (AUS),0.0m,26/04/05,3585
INV206040,Open spaces management - region 2,SERCO,15688.0,2025-07-01,3677
INV206041,Street cleaning,SpotlessFacilityServicesPtyLtd,21779.12,25/03/20,3669
INV206042,Management of Active Melbourne recreation facilities,Victorian YMCA Community Programming Pty Ltd,"$152,815.04",28 November 2028,3615
INV206043,Open spaces management - region 1,Citywide Service Splutions Pty Ltd,228621.19,2026-07-18,3676
INV206044,Graffiti management and pressure cleaning services,Calcorp Services Pty Ltd (AUS),7205.48,06-Feb-2029,3668
INV206045,Graffiti management and pressure cleaning services,Calcorp Services Pty Ltd,5149.39,2026-04-21,3668
INV206046,Street cleaning,Spotless Facilcty Services Pty Ltd,"$183,090.05",24 January 2027, 
INV206047,Graffiti management and pressure cleaning services,Calcorc Services Pty Ltd,122570.53,26/10/18,3668
INV206048,Vehicle tow away and impound services,Nationwide To,10554.31,2029-06-12,3585
INV206049,Parking technology services,Reino International Pty Ltd T/A Duncan Solutions (AU),0.0m,2029-05-22,3623
INV206050,Tree management maintenance services,CITYWIDE SERVICE SOLUTIONS PTY LTD,77206.81,17 March 2026,3678
INV206051,Vehicle tow away and impound services,Nationwide Towing iervices,145979.4,19/03/2029,3585
INV206052,Building maintenance services,Programmed Facility Management Pty Ltd,"$110,112.82",24/10/2028,3630
INV206053,Vehicle tow away and impound services,NationwideTowingServices,0.2m,2027-03-27,3585
INV206054,Building cleaning services,Menzies International (Aust) Pty Ltd (AU),106048.54,07/09/2028,3634
INV206055,Vehicle tow away and impound services,Nationwide Towing Services (AU),0.2m,27/11/30,3585
INV206056,Vehicle tow away and impound services,Nationwide  Towing  Services,94547.32,13/04/2026,3585
INV206057,Street cleaning,Spotless Facility Services Pty Ltd (AUS),0.2m,2026-04-29,3669
INV206058,Building maintenance services,ProgrammedFacilityManagementPtyLtd,38112.17,29/01/2028,3630
INV206059,Management of Active Melbourne recreation facilities,Victorian  YMCA  Community  Programming  Pty  Ltd,136097.49,2025-10-04,3615
INV206060,Graffiti management and pressure cleaning services,Calcorp  Services  Pty  Ltd,0.0m,2028-08-11,3668
INV206061,Management of Active Melbourne recreation facilities,Citywide Service Solutions Pty Ltd,116319.31,2026-08-08,3678
INV206062,Graffiti management and pressure cleaning services,Calcorp Services PtytLtd,164122.0 AUD,25/10/04,3668
INV206063,Vehicle tow away and impound services,Nationwide Towing Services,6480.77 AUD,03/05/2025,3585
INV206064,Waste management services,Cleanaway Waste M,115055.19,18/09/2028,3556
INV206065,Integrated security services,National Protective Srrvices Pty Ltd,134930.11,2028-07-12,3686
INV206066,Open spaces management - region 2,SERCO,71643.93,19/05/2028,3677
INV206067,Street cleaning,Spotless Facility Services Pty Ltd (AU),31527.7,2025-03-06,3669
INV206068,Building maintenance services,Programmed Facility,"$217,007.69",23/12/2026,3630
INV206069,Building maintenance services,Programmed Facility Management P/L,"$52,698.4",13 December 2027,3630
INV206070,Integrated security services,national protective services pty ltd,"$121,714.47",06 February 2029,3686
INV206071,Open spaces management - region 2,SERCO,242736.0,01/09/2028,3677
INV206072,Melbourne Town Hall venue management,Showtime Event Group Pty Ltd (AU),"$83,907.72",06 March 2026,3670
INV206073,Waste management services,Cleanaway Waste Management Ltd,120439.98,19/09/2028,3556
INV206074,Parking technology services,Reino,83456.19,28/09/01,3623
INV206075,Building cleaning services,Menzies,49850.95,03/07/2028,3634
INV206076,Open spaces management - region 1,CITYWIDE SERVICE SOLUTIONS PTY LTD,4154.21 AUD,2025-05-20,3676
INV206077,Integrated security services,National  Protective  Services  Pty  Ltd,81156.91,22-Jul-2026,3686
INV206078,Integrated security services,National Protective Services Pty Ltd (AU),68200.04,19-Mar-2025,3686
INV206079,Waste management services,Cleanaway Waste Management Limited (AUS),"$200,720.01",2027-01-06, 
INV206080,Civil infrastructure services,Citywide Service Solutions Pty Ltd (AUS),52180.64,10/10/2026,3665
INV206081,Parking technology services,Spotless Facility Services Pty Ltd (AUS),17880.53,10/07/2028,3669
INV206082,Civil infrastructure services,Citywide Service Solutions Pty. Ltd.,0.2m,11 February 2025,3665
INV206083,Building cleaning services,Menzies International (Aust) Pty Ltd,"$125,679.45",27/12/22,3634
INV206084,Open spaces management - region 1,Citywide Service Solutions Pty Ltd,40628.57 AUD,31/01/2029,3676
INV206085,Parking technology services,ReinoInternationalPtyLtdT/ADuncanSolutions,87357.31 AUD,19 September 2027,3623
INV206086,Management of Active Melbourne recreation facilities,Victorian YMCA Community Programming Pty Ltd (AUS),11157.24 AUD,26/02/10,3615
INV206087,Waste management services,Cleanaway  Waste  Management  Limited,58088.45 AUD,2028-03-05,3556
INV206088,Building maintenance services,Programmed Facility Manogement Pty Ltd,239300.0,08 November 2028,3630
INV206089,Waste management services,Cleanaway Waste Management LTD,207255.61,26-May-2029,3556
INV206090,Tree management maintenance services,NationwideTowingServices,109760.95,26/02/01,3585
INV206091,Integrated security services,National Protective Services Pty. Ltd.,147637.91,14/05/2025,3686
INV206092,Parking technology services,REINO INTERNATIONAL PTY LTD T/A DUNCAN SOLUTIONS,"$233,716.21",2029-10-17,3623
INV206093,Melbourne Town Hall venue management,Showtime Event Group Pty Ltd (AU),0.2m,16/12/2029,3670
INV206094,Street cleaning,SPOTLESS FACILITY SERVICES PTY LTD,10243.93,28/08/2027,3669
INV206095,Parking technology services,Reino International Pty Ltd T/A Duncan Solutions (AU),240272.37,28/10/18,3623
INV206096,Building cleaning services,Menzies International (Aust) Pty Ltd,"$98,578.95",15-Feb-2028,3634
INV206097,Waste management services,Cleanaway,"$120,187.45",04/06/2029,3556
INV206098,Waste management services,Cleanaway Waste Management Limiteu,91859.54,26-Nov-2028,3556
INV206099,Civil infrastructure services,Citywide,162782.41,2028-07-03,3665
INV206100,Vehicle tow away and impound services,Nationwide Towing Services (AUS),224678.38,08/02/2028,3585
INV206101,Waste management services,Cleanaway Waste Management Limited,99187.35,02/09/2027,3556
INV206102,Tree management maintenance services,Citywide Service Solutions Pty Ltd,218582.59,28/10/27,3678
INV206103,Integrated security services,National Protective Services Pty Ltd,"$29,244.81",28/07/05,3686
INV206104,Open spaces management - region 2,SERCO (AUS),"$224,512.55",23-May-2027,3677
INV206105,Graffiti management and pressure cleaning services,Calcorp Services Pty Ltd,208490.37 AUD,11 August 2029,3668
INV206106,Open spaces management - region 2,SERCO (AUS),198849.39,07 July 2027,3677
INV206107,Open spaces management - region 1,Citywide  Service  Solutions  Pty  Ltd,115268.39,26/07/14,3676
INV206108,Waste management services,Cleanaway  Waste  Management  Limited,242798.29,27/10/24,3556
INV206109,Open spaces management - region 1,Citywide Service Solutions P/L,118127.2 AUD,08 March 2027,3676
INV206110,Vehicle tow away and impound services,nationwide towing services,128229.51,26/05/29,3585
INV206111,Parking technology services,Reino International Pty Ltd T/A Duncan Solutions (AUS),"$198,763.64",16 June 2027,3623
INV206112,Management of Active Melbourne recreation facilities,VICTORIAN YMCA COMMUNITY PROGRAMMING PTY LTD,163529.02 AUD,08/04/2028,3615
INV206113,Melbourne Town Hall venue management,Showtime Event,146621.74,20-Aug-2027, 
INV206114,Open spaces management - region 1,CITYWIDE SERVICE SOLUTIONS PTY LTD,150034.38,05-Aug-2028,3676
INV206115,Building maintenance services,Programmed Facility Management Pty Ltd,76985.45,21/09/2026,3630
INV206116,Graffiti management and pressure cleaning services,Calcorp Services Pty Ltd,0.2m,18 October 2027,3668
INV206117,Management of Active Melbourne recreation facilities,victorian ymca community programming pty ltd,123843.43,2026-01-01,3615
INV206118,Street cleaning,Spotless Facility Services Pty. Ltd.,206681.8,11/03/2025,3669
INV206119,Graffiti management and pressure cleaning services,Calcorp Services Pty Ltd (AUS),226171.43,01/04/2025,3668
INV206120,Melbourne Town Hall venue management,Showtime Event Group Pty Ltd,198088.26,07-Aug-2025,3670
INV206121,Waste management services,Cleanaway  Waste  Management  Limited,51734.86 AUD,26 September 2025,3556
INV206122,Building cleaning services,Menzies International (Aust) Pty Ltd,205059.33,2029-03-29,3634
INV206123,Graffiti management and pressure cleaning services,Calcorp,"$245,212.81",07-Mar-2028,3668
INV206124,Civil infrastructure services,Citywide Service Solutions Pty Ltd,123711.59,26/12/2026,3665
INV206125,Parking technology services,Reino International P/L T/A Duncan Solutions,111250.95,24 January 2029,3623
INV206126,Street cleaning,Showtime Event Group Pty Ltd (AUS),"$171,230.86",07/11/2026,3670
INV206127,Tree management maintenance services,Citywide Service Solutions Pvy Ltd,,20/09/2029,3678
INV206128,Civil infrastructure services,Citywide Service Solutions Pty. Ltd.,0.1m,22/07/2025,3665
INV206129,Graffiti management and pressure cleaning services,Calcorp Services Pty Ltd,178066.33 AUD,30/01/2026, 
INV206130,Graffiti management and pressure cleaning services,Calcorp  Services  Pty  Ltd,"$231,571.55",19/12/2028,3668
INV206131,Civil infrastructure services,Citywide,150916.7,10 February 2029,3665
INV206132,Parking technology services,ReinoInternationalPtyLtdT/ADuncanSolutions,32949.58,2026-05-04,3623
INV206133,Integrated security services,National Protective Services Pty. Ltd.,171797.5,23/05/2026,3686
INV206134,Parking technology services,Reino Interpational Pty Ltd T/A Duncan Solutions,118705.34,05-Sep-2026,3623
INV206135,Street cleaning,Spotless Facility,130259.23,2026-06-14,3669
INV206136,Open spaces management - region 2,serco,82924.8,31/01/2029,3677
INV206137,Integrated security services,Serco,"$68,695.46",10 September 2029,3677
INV206138,Street cleaning,SPOTLESS FACILITY SERVICES PTY LTD,"$4,080.75",16/08/2025,3669
INV206139,Management of Active Melbourne recreation facilities,Victorian YMCA Community Programming Pty. Ltd.,29486.03,22-Jul-2028,3615
INV206140,Management of Active Melbourne recreation facilities,Victorian YMCA Community Programming Pty. Ltd.,4797.22,25 May 2028,3615
INV206141,Integrated security services,Cleanaway Waste Management Limited (AUS),223035.95,2026-07-16,3556
INV206142,Building cleaning services,Menzies International (Aust) Pty Ltd (AUS),"$153,391.47",04 December 2026,3634
INV206143,Waste management services,cleanaway waste management limited,159408.63,11/04/2028,3556
INV206144,Parking technology services,Reino Intl Pty Ltd T/A Duncan Solutions,4597.05,24 May 2025,3623
INV206145,Building maintenance services,Programmed Facility Management Pty Ltd,158070.36 AUD,10/11/2027,3630
INV206146,Waste management services,Cleanaway,15393.01 AUD,22/04/2028,3556
INV206147,Open spaces management - region 2,SErCO,191119.89,26/10/24,3677
INV206148,Integrated security services,National Protective Services Pty Ltd (AUS),165393.53 AUD,25 December 2029,3686
INV206149,Melbourne Town Hall venue management,Showtime,0.2m,19-Oct-2026,3670
INV206150,Waste management services,CLEANAWAY WASTE MANAGEMENT LIMITED,13626.59 AUD,16-Nov-2029,3556
INV206151,Graffiti management and pressure cleaning services,Menzies International (Aust) Pty Ltd (AU),211766.13,2026-02-01,3634
INV206152,Parking technology services,reino international pty ltd t/a duncan solutions,111944.83,25/11/26,3623
INV206153,Open spaces management - region 1,CITYWIDE SERVICE SOLUTIONS PTY LTD,83640.6,29/01/2029,3676
INV206154,Melbourne Town Hall venue management,showtime event group pty ltd,30358.72,12/01/2029,3670
INV206155,Building maintenance services,Programmed Facility Management Pty. Ltd.,203964.87 AUD,27/10/19,3630
INV206156,Management of Active Melbourne recreation facilities,Victorian YMCA Communpty Programming Pty Ltd,0.2m,15 July 2027,3615
INV206157,Waste management services,Cleanaway Waste Management Lzmited,0.1m,29-Jan-2026,3556
INV206158,Melbourne Town Hall venue management,Showtime Event Group Pty Ltd,238790.21,30/04/2029,3670
INV206159,Management of Active Melbourne recreation facilities,VictorianYMCACommunityProgrammingPtyLtd,"$153,422.14",25/10/09,3615
INV206160,Integrated security services,National Protective Services Pty Ltd (AU),61493.0 AUD,02/12/2027,3686
INV206161,Waste management services,Cleanaway  Waste  Management  Limited,"$94,779.2",28/08/23,3556
INV206162,Parking technology services,Reino  International  Pty  Ltd  T/A  Duncan  Solutions,"$164,118.1",02/11/2027,3623
INV206163,Integrated security services,Victorian,0.2m,01 February 2025,3615
INV206164,Parking technology services,Menzies International (Aust) Pty Ltd,406.44 AUD,02-Nov-2026,3634
INV206165,Civil infrastructure services,Citywide Service Solutions Pty Ltd,0.2m,14-Oct-2028,3665
INV206166,Graffiti management and pressure cleaning services,Calcorp Services zty Ltd,0.1m,02-Sep-2027,3668
INV206167,Integrated security services,National Protective Services Pty Ltd (AUS),27789.66 AUD,29/08/18,3686
INV206168,Open spaces management - region 2,SERCO (AU),62071.68,11 September 2027,3677
INV206169,Melbourne Town Hall venue management,Showtime Euent Group Pty Ltd,46635.72,10 February 2027,3670
INV206170,Building maintenance services,Programmed Facility Management Pty Ltd,90765.14,2026-08-23,3630
INV206171,Open spaces management - region 1,Citywide Service ,,2029-07-25,3676
INV206172,Open spaces management - region 2,SrRCO,"$118,527.47",21-Nov-2027,3677
INV206173,Open spaces management - region 2,SERCO,"$145,831.11",26/08/20, 
INV206174,Graffiti management and pressure cleaning services,Calcorp Services Pty. Ltd.,0.0m,2028-07-04,3668
INV206175,Graffiti management and pressure cleaning services,Calcorp Services Pty Ltd (AUS),231146.82,03/04/2025,3668
INV206176,Open spaces management - region 2,SERCO,213190.53 AUD,19/10/2025,3677
INV206177,Tree management maintenance services,Citywide Service Solutions Pty Ltd (AU),66620.03,20/03/2029,3678
INV206178,Building cleaning services,Menzies International (Aust) Pty Ltd,120728.88,2028-03-16,3634
INV206179,Parking technology services,Reino International Pty Ltd T/A Duncan Solutions,180072.92,14/08/2028,3623
INV206180,Waste management services,PROGRAMMED FACILITY MANAGEMENT PTY LTD,92716.84,28/11/02,3630
INV206181,Civil infrastructure services,Citywide Service Solutions Pty Ltd (AU),28259.01,10/08/2025,3665
INV206182,Open spaces management - region 2,SERCO,"$72,931.17",25/11/14,3677
INV206183,Melbourne Town Hall venue management,Showtime Event Group Pty. Ltd.,"$45,196.14",18 March 2027,3670
INV206184,Waste management services,Cleanaway Waste Managxment Limited,"$167,764.0",05 June 2029,3556
INV206185,Street cleaning,Spotless Facility Services Pty Ltd,13053.28,14 May 2025,3669
INV206186,Open spaces management - region 1,Citywide Service Solutions Pty Ltd (AUS),"$31,410.55",10 December 2029,3676
INV206187,Integrated security services,NATIONAL PROTECTIVE SERVICES PTY LTD,"$108,107.39",07/11/2025,3686
INV206188,Management of Active Melbourne recreation facilities,Victorian YMCA Communi,189108.69 AUD,20 May 2025,3615
INV206189,Tree management maintenance services,CitywideServiceSolutionsPtyLtd,0.2m,17/12/2028,3678
INV206190,Building cleaning services,Menzies Internatio,193272.6 AUD,10/09/2029,3634
INV206191,Open spaces management - region 2,SERCO (AUS),176185.04,26/08/26,3677
INV206192,Open spaces management - region 2,SERCO,0.0m,01-Sep-2027,3677
INV206193,Melbourne Town Hall venue management,showtime event group pty ltd,36223.79 AUD,11/04/2027,3670
INV206194,Vehicle tow away and impound services,Nationwide Towing Services,182192.26,28/03/2029,3585
INV206195,Management of Active Melbourne recreation facilities,Victorian YMCA Conmunity Programming Pty Ltd,"$228,326.59",04-Mar-2029,3615
INV206196,Street cleaning,SPOTLESS FACILITY SERVICES PTY LTD,73788.75,17/04/2025,3669
INV206197,Melbourne Town Hall venue management,Showtime Event Group Pty Ltd (AU),"$137,495.97",24/12/2026,3670
INV206198,Building maintenance services,Programmed Facility Mgmt Pty Ltd,3638.7,13/07/2025,3630
INV206199,Civil infrastructure services,Citywide Sarvice Solutions Pty Ltd,74613.98,2027-02-17,3665
INV206200,Integrated security services,National Protective Services Pty. Ltd.,168042.99 AUD,2027-12-02,3686
INV206201,Parking technology services,Reino International Pty Ltd T/A Duncan Solutions,25521.2,2025-12-04,3623
INV206202,Vehicle tow away and impound services,Nationwide Towing Services (AU),104326.44,04-Nov-2026,3585
INV206203,Integrated security services,National Protective Services Pty Ltd (AU),131739.06,08/08/2025,3686
INV206204,Tree management maintenance services,Citywide Service Solutions Pty Ltd,0.2m,05-Jul-2026,3678
INV206205,Management of Active Melbourne recreation facilities,Victorian YMCA Community Programming Pty Ltd,0.1m,,3615
INV206206,Parking technology services,Reino Intl Pty Ltd T/A Duncan Solutions,35801.28,26/04/2029,3623
INV206207,Tree management maintenance services,CITYWIDE SERVICE SOLUTIONS PTY LTD,215635.99,04/05/2027,3678
INV206208,Melbourne Town Hall venue management,Showtime Event Group Pty Ltd,0.0m,28/02/07,3670
INV206209,Melbourne Town Hall venue management,Showtime  Event  Group  Pty  Ltd,131363.23,29/05/16,3670
INV206210,Graffiti management and pressure cleaning services,Calcorp Servicns Pty Ltd,232241.61,10 September 2029, 
INV206211,Melbourne Town Hall venue management,Showtime Event Group Pty Ltd,0.1m,31/12/2027,3670
INV206212,Street cleaning,SpotlessFacilityServicesPtyLtd,172451.04,28/10/08,3669
INV206213,Open spaces management - region 2,SERCO (AUS),37409.81,06 October 2025,3677
INV206214,Vehicle tow away and impound services,Nationwide Towing Services,"$232,275.43",03 April 2028,3585
INV206215,Graffiti management and pressure cleaning services,Calcorp Services Pty Ltd (AUS),185543.7,2029-06-09,3668
INV206216,Civil infrastructure services,Citywide Service ,0.0m,16/06/2028,3665
INV206217,Open spaces management - region 2,SERCO,"$98,097.49",28/12/28,3677
INV206218,Open spaces management - region 1,Citywide Service Solutions Pty Ltd,76821.17,20/10/2026,3676
INV206219,Open spaces management - region 1,Citywide Service Solutions Pty Ltd,0.2m,27/01/29,3676
INV206220,Waste management services,CITYWIDE SERVICE SOLUTIONS PTY LTD,103563.24,04/06/2027,3678
INV206221,Graffiti management and pressure cleaning services,Calcorp Services Pty Ltd (AU),4998.89,04-Sep-2026,3668
INV206222,Waste management services,Nationwide,208760.19,08/04/2029,3585
INV206223,Street cleaning,Spotless Facizity Services Pty Ltd,115095.38,04/08/2029,3669
INV206224,Building maintenance services,Programmed  Facility  Management  Pty  Ltd,218019.97 AUD,13/05/2028,3630
INV206225,Vehicle tow away and impound services,Nationwide,142114.11 AUD,25/01/31,3585
INV206226,Melbourne Town Hall venue management,Showtime Event Group Pty. Ltd.,17847.55 AUD,18-Dec-2027,3670
INV206227,Parking technology services,Reino  International  Pty  Ltd  T/A  Duncan  Solutions,164083.93,05 April 2029,3623
INV206228,Management of Active Melbourne recreation facilities,Victorian YMCA Community Programming P/L,83906.4,2027-02-14,3615
INV206229,Civil infrastructure services,CITYWIDE SERVICE SOLUTIONS PTY LTD,"$57,382.9",11/12/2026,3665
INV206230,Vehicle tow away and impound services,Nationwide Towing Services (AUS),"$169,888.02",28/10/02,3585
INV206231,Tree management maintenance services,CitywideServiceSolutionsPtyLtd,0.2m,2026-06-15,3678
INV206232,Building maintenance services,Programmed Facility,0.1m,26/03/26,3630
INV206233,Vehicle tow away and impound services,Nationwide Towing Services,55474.83,18 April 2029,3585
INV206234,Parking technology services,Reino International Pty ,"$97,291.15",2026-05-06,3623
INV206235,Civil infrastructure services,CitywideServiceSolutionsPtyLtd,"$43,815.02",05 December 2025,3665
INV206236,Building cleaning services,Menzies International (Aust) Pty Ltd (AU),0.2m,13 July 2025,3634
INV206237,Open spaces management - region 1,citywide service solutions pty ltd,19754.97,27/05/17,3676
INV206238,Management of Active Melbourne recreation facilities,Victorian YMCA Community Programming Pty Ltd (AUS),256.18,03/03/2026,3615
INV206239,Building maintenance services,Programmed Facility Management P/L,,01/05/2025,3630
INV206240,Tree management maintenance services,Citywide  Service  Solutions  Pty  Ltd,104362.98,29/03/27,3678
INV206241,Graffiti management and pressure cleaning services,Calcorp Services Pty. Ltd.,0.2m,29/07/10,3668
INV206242,Building maintenance services,Programmed Facility Management Pty Ltd,"$99,616.47",14-Dec-2026,3630
INV206243,Open spaces management - region 1,Citywide Service ,0.2m,19-Aug-2029,3676
INV206244,Building cleaning services,Menzies,0.2m,25/10/2027,3634
INV206245,Tree management maintenance services,Citywide  Service  Solutions  Pty  Ltd,"$6,551.1",08/08/2029,3678
INV206246,Civil infrastructure services,Citywide Service Solutions Pty Ltd (AU),168865.72,26 October 2027,3665
INV206247,Street cleaning,Spotless Facility Services Pty. Ltd.,0.1m,29-Jan-2025,3669
INV206248,Civil infrastructure services,Citywide Service Solutions Pty Ltd,"$156,061.51",23 March 2027,3665
INV206249,Open spaces management - region 2,SERCO,225761.09,17-Mar-2029,3677
INV206250,Building cleaning services,Menzies Internatmonal (Aust) Pty Ltd,148893.48,17-Jul-2026,3634
INV206251,Tree management maintenance services,Citywide Service Solutions Pty. Ltd.,936.62,27/05/2025,3678
INV206252,Building maintenance services,Programmed Facility Management P/L,176178.1 AUD,2028-05-19,3630
INV206253,Management of Active Melbourne recreation facilities,VICTORIAN YMCA COMMUNITY PROGRAMMING PTY LTD,119495.82 AUD,19/05/2028,3615
INV206254,Tree management maintenance services,Citywide Service Solutions Pty Ltd,228137.31,2026-05-08,3678
INV206255,Building maintenance services,programmed facility management pty ltd,"$10,615.98",06/03/2025,3630
INV206256,Building maintenance services,Programmed Facility Management P/L,133688.92 AUD,08/01/2027,3630
INV206257,Melbourne Town Hall venue management,Showtime,59459.85,25/03/17,3670
INV206258,Management of Active Melbourne recreation facilities,Citywide Service Solutions Pty Ltd,"$149,295.24",25 March 2025,3678
INV206259,Street cleaning,Spotless Facility Services PtynLtd,244147.77,12 January 2025,3669
INV206260,Vehicle tow away and impound services,nationwide towing services,"$233,045.89",07/05/2028,3585
INV206261,Graffiti management and pressure cleaning services,Calcorp Serv,3554.86 AUD,16/06/2027,3668
INV206262,Open spaces management - region 2,SERCO,"$40,873.32",2028-04-01,3677
INV206263,Open spaces management - region 2,SERCO,"$208,154.8",30 March 2027,3677
INV206264,Open spaces management - region 2,SERCO (AU),49516.53,17/11/2028,3677
INV206265,Management of Active Melbourne recreation facilities,Victorian YMCA Community Programming Pty. Ltd.,"$249,219.9",05 November 2025,3615
INV206266,Building cleaning services,Menzies  International  (Aust)  Pty  Ltd,13392.57,30/09/2029,3634
INV206267,Open spaces management - region 2,serco,191283.56 AUD,20-Jan-2029,3677
INV206268,Parking technology services,Reino Int’l Pty Ltd T/A Duncan Solutions,0.1m,10/09/2025, 
INV206269,Vehicle tow away and impound services,Nationwide Towing Services,,2025-10-09,3585
INV206270,Civil infrastructure services,Citywide,37591.51,2027-09-06,3665
INV206271,Graffiti management and pressure cleaning services,CalcorpServicesPtyLtd,"$90,588.46",2028-12-04, 
INV206272,Melbourne Town Hall venue management,Showtime Event Group Pty Ltd (AUS),0.0m,16-Dec-2026, 
INV206273,Street cleaning,Spotless Facility Services Pty. Ltd.,217417.8,08/09/2025,3669
INV206274,Waste management services,Cleanaway Waste Management Ltd,42554.09,29/04/2028,3556
INV206275,Integrated security services,Citywide Service Solutions Pty Ltd (AUS),0.1m,2026-02-20,3676
INV206276,Melbourne Town Hall venue management,showtime event group pty ltd,245743.29,2029-04-30,3670
INV206277,Open spaces management - region 1,Citywide Service Solutions P/L,126532.2 AUD,06/09/2025, 
INV206278,Building cleaning services,Menzies International (Aust) P/L,0.1m,01 May 2028,3634
INV206279,Street cleaning,Spotless,"$15,084.86",26/08/05,3669
INV206280,Tree management maintenance services,Citywide Service Solutions Pty Ltd,"$76,119.74",28 October 2026,3678
INV206281,Building cleaning services,Menzies International (Aust) Pty Ltd,212561.18,11/04/2029, 
INV206282,Parking technology services,Reino International P/L T/A Duncan Solutions,178858.77,27-Feb-2026,3623
INV206283,Waste management services,Cleanaway Waste Management Limited,"$17,246.93",29/05/09,3556
INV206284,Street cleaning,Spotless Facility Services Pty Ltd (AUS),174473.32,20-Jul-2029,3669
INV206285,Vehicle tow away and impound services,nationwide towing services,"$4,214.45",22-Sep-2027,3585
INV206286,Building cleaning services,Menzies International (Aust) P/L,0.2m,20/08/2026,3634
INV206287,Open spaces management - region 1,Citywide Service Solutiocs Pty Ltd,0.1m,07 October 2027,3676
INV206288,Parking technology services,Reino International Pty Ltd T/A Duncan Solutions,"$71,701.34",23/03/2027,3623
INV206289,Integrated security services,NationalProtectiveServicesPtyLtd,183716.39,26/10/05,3686
INV206290,Street cleaning,spotless facility services pty ltd,0.1m,2026-12-05,3669
INV206291,Vehicle tow away and impound services,Nationwide Towing Services (AUS),4647.63,21/02/2027,3585
INV206292,Street cleaning,Spotless Facility Servhces Pty Ltd,0.2m,03/10/2028,3669
INV206293,Building cleaning services,Menzies Int’l (Aust) Pty Ltd,"$5,302.31",12-Jan-2026,3634
INV206294,Street cleaning,SpotlessFacilityServicesPtyLtd,47001.62 AUD,07 May 2026,3669
INV206295,Vehicle tow away and impound services,Nationwide,177339.1,2025-12-16,3585
INV206296,Tree management maintenance services,Citywide,60894.56,21/10/2025,3678
INV206297,Vehicle tow away and impound services,nationwide towing services,182851.31 AUD,20/08/2025,3585
INV206298,Civil infrastructure services,Citywide  Service  Solutions  Pty  Ltd,0.1m,13/02/2029,3665
INV206299,Management of Active Melbourne recreation facilities,Victorian YMCA Community Programming Pty Ltd (AU),0.0m,21-Jul-2029,3615
INV206300,Parking technology services,Reino International Pty Ltd T/A Duncan Solutions,0.1m,12/08/2029,3623
INV206301,Parking technology services,Reino International Pty Ltd T/A Duncan Solutions,"$118,733.38",28/10/31,3623
INV206302,Management of Active Melbourne recreation facilities,Victorian YMCA Communi,28694.97 AUD,2025-01-04,3615
INV206303,Parking technology services,ReinoInternationalPtyLtdT/ADuncanSolutions,"$18,681.19",27/07/28,3623
INV206304,Building maintenance services,Programmed Facility Management Pty. Ltd.,15451.92 AUD,31/08/2026,3630
INV206305,Building maintenance services,Programmed Facility ManagementqPty Ltd,5521.58 AUD,08/06/2027,3630
INV206306,Vehicle tow away and impound services,Nationwide To,112913.45 AUD,2029-06-18,3585
INV206307,Integrated security services,National Protective Services Pty Ltd (AU),63659.42 AUD,2028-09-20,3686
INV206308,Open spaces management - region 1,Citywide Service Solutions Pty Ltd (AU),"$43,531.29",22/04/2027,3676
INV206309,Management of Active Melbourne recreation facilities,Victorian YMCA Community Programming Pty. Ltd.,"$149,066.52",31/12/2027,3615
INV206310,Open spaces management - region 1,Citywide Service Solutions Pty Ltd,0.2m,2026-12-27,3676
INV206311,Vehicle tow away and impound services,Nationwide Towing Services,60145.8 AUD,20/11/2025,3585
INV206312,Street cleaning,SpotlessFacilityServicesPtyLtd,"$100,978.21",25 May 2027,3669
INV206313,Civil infrastructure services,Citywide Service Solutions Pty Ltd (AU),101347.65 AUD,2028-07-02,3665
INV206314,Management of Active Melbourne recreation facilities,Victorian Ymca Community Programming Pty Ltd,14212.21 AUD,28/12/22,3615
INV206315,Tree management maintenance services,Citywide Service Solutions Pty Ltd,60144.02,14/12/2027,3678
INV206316,Management of Active Melbourne recreation facilities,Victorian  YMCA  Community  Programming  Pty  Ltd,126485.19,2026-08-03,3615
INV206317,Graffiti management and pressure cleaning services,calcorp services pty ltd,2128.71,01 August 2026,3668
INV206318,Graffiti management and pressure cleaning services,Calcorp Serv,40065.81,2026-09-26,3668
INV206319,Waste management services,cleanaway waste management limited,33341.05,26/11/2026,3556
INV206320,Parking technology services,Reino International P/L T/A Duncan Solutions,117905.24,02/12/2025,3623
INV206321,Civil infrastructure services,Citywide Service Solutions Pty Ltd,0.2m,2025-09-20,3665
INV206322,Melbourne Town Hall venue management,Showtime  Event  Group  Pty  Ltd,161611.56,17/05/2027,3670
INV206323,Management of Active Melbourne recreation facilities,Victorian YMCA Community Programming Pty Ltd,220272.13 AUD,11-Apr-2029,3615
INV206324,Management of Active Melbourne recreation facilities,Victorian,"$205,379.41",2028-06-06,3615
INV206325,Building cleaning services,Menzies Internatio,0.2m,08/12/2026,3634
INV206326,Waste management services,Cleanaway Waste Mgmt Limited,0.0m,05/02/2028,3556
INV206327,Parking technology services,Reino,"$59,605.38",25/05/2029,3623
INV206328,Management of Active Melbourne recreation facilities,Victorian  YMCA  Community  Programming  Pty  Ltd,38588.61,26/05/2025,3615
INV206329,Vehicle tow away and impound services,NATIONWIDE TOWING SERVICES,"$247,215.53",09-Jul-2025,3585
INV206330,Open spaces management - region 1,Citywide Service Solutions Pty Ltd,"$76,273.63",27/02/2025,3676
INV206331,Street cleaning,SpotlessFacilityServicesPtyLtd,153171.14 AUD,2025-11-23,3669
INV206332,Open spaces management - region 2,SERCO,0.1m,2027-01-04,3677
INV206333,Graffiti management and pressure cleaning services,Calcorp Services P/L,49580.1,25/06/27,3668
INV206334,Open spaces management - region 1,Citywide Service Solutions Pty. Ltd.,190700.17,24/04/2029,3676
INV206335,Vehicle tow away and impound services,nationwide towing services,229342.23,13/09/2028,3585
INV206336,Graffiti management and pressure cleaning services,Calcorp Services Pty Ltd (AUS),214874.85,14 June 2026,3668
INV206337,Street cleaning,spotless facility services pty ltd,"$157,156.3",11-Mar-2029,3669
INV206338,Open spaces management - region 2,serco,157360.83 AUD,30/10/2029,3677
INV206339,Parking technology services,Spotless Facility Services Pty Ltd,226961.93,28/11/23,3669
INV206340,Street cleaning,Spotless Facility Services Pty Ltd,200193.54 AUD,13/06/2029,3669
INV206341,Melbourne Town Hall venue management,SHOWTIME EVENT GROUP PTY LTD,86540.23,28/11/2029,3670
INV206342,Graffiti management and pressure cleaning services,Calcorp Services Pty Ltd,43246.34,19 December 2028,3668
INV206343,Street cleaning,Spotless,156044.69 AUD,24/09/2029,3669
INV206344,Open spaces management - region 2,SERCO (AUS),184322.75,02/05/2027,3677
INV206345,Waste management services,Cleanaway Waste Management LTD,246749.8,06/06/2027,3556
INV206346,Vehicle tow away and impound services,Nationwide  Towing  Services,92605.68 AUD,03 March 2028,3585
INV206347,Building maintenance services,Programmed Facility Management Pty Ltd,"$248,149.62",20/07/2027,3630
INV206348,Graffiti management and pressure cleaning services,Calcorp Services Pty Ltd,0.2m,05/07/2025,3668
INV206349,Street cleaning,Spotless  Facility  Services  Pty  Ltd,0.1m,31 May 2027,3669
INV206350,Building cleaning services,Menzies  International  (Aust)  Pty  Ltd,"$176,985.6",16-Oct-2027,3634
INV206351,Street cleaning,SPOTLESS FACILITY SERVICES PTY LTD,0.0m,16 October 2028,3669
INV206352,Civil infrastructure services,Citywide Service Solutions Pty Ltd,50661.12,13-Jul-2029,3665
INV206353,Building cleaning services,menzies international (aust) pty ltd,0.0m,13 April 2026,3634
INV206354,Tree management maintenance services,Citywide Service Solutions P/L,71446.26 AUD,2029-05-04,3678
INV206355,Open spaces management - region 2,SERCO,$586.98,30 July 2025,3677
INV206356,Melbourne Town Hall venue management,showtime event group pty ltd,201830.43,21/11/2026,3670
INV206357,Melbourne Town Hall venue management,Showtime Event Group Pty Ltd,58270.46,28/04/14,3670
INV206358,Building cleaning services,Menzies International (Aust) Pty Ltd,"$147,900.75",27/04/16,3634
INV206359,Graffiti management and pressure cleaning services,Calcorp Services Pty Ltd,"$189,386.87",24/10/2025,3668
INV206360,Graffiti management and pressure cleaning services,Calcorp Services Pty Ltd (AUS),216049.11,24-Aug-2025,3668
INV206361,Graffiti management and pressure cleaning services,Calcorp Services Pty Ltd,105381.89 AUD,2025-06-21,3668
INV206362,Building cleaning services,menzies international (aust) pty ltd,219827.39,26-Apr-2026,3634
INV206363,Street cleaning,Spotless Facility Services P/L,0.1m,28/08/14,3669
INV206364,Civil infrastructure services,mitywide Service Solutions Pty Ltd,"$38,620.59",2027-06-26, 
INV206365,Civil infrastructure services,Citywide Service Solutions Pty. Ltd.,0.1m,2027-05-19,3665
INV206366,Civil infrastructure services,Citywide,0.0m,24/08/2025,3665
INV206367,Parking technology services,Reino International Pty Ltd T/A Duncan Solutions,"$237,933.08",01/09/2029,3623
INV206368,Open spaces management - region 1,CitywideServiceSolutionsPtyLtd,154327.44 AUD,2028-02-12,3676
INV206369,Tree management maintenance services,Citywide Service Solutions Pty Ltd,"$105,756.0",26/08/19,3678
INV206370,Vehicle tow away and impound services,Nationwige Towing Services,"$173,551.23",28/08/25,3585
INV206371,Vehicle tow away and impound services,Nationwide,"$170,534.63",2028-08-24,3585
INV206372,Open spaces management - region 2,SERCO,184888.05,03-Nov-2026,3677
INV206373,Civil infrastructure services,Citywide,146493.77,2025-04-01, 
INV206374,Vehicle tow away and impound services,Nationwide Towing Services (AU),0.0m,2027-02-13, 
INV206375,Open spaces management - region 2,SERCO,206512.4,2027-08-27,3677
INV206376,Waste management services,Cleanaway Waste Management LTD,208849.89 AUD,24-Jun-2026, 
INV206377,Management of Active Melbourne recreation facilities,Vintorian YMCA Community Programming Pty Ltd,231242.17,2027-02-02,3615
INV206378,Building cleaning services,Citywide Service Solutions Pty Ltd,61862.13,02/04/2025,3678
INV206379,Parking technology services,Reino,"$223,855.15",25/03/2026,3623
INV206380,Open spaces management - region 2,SERCO,9863.22,27/03/29,3677
INV206381,Integrated security services,NationalProtectiveServicesPtyLtd,0.1m,2026-09-12,3686
INV206382,Open spaces management - region 2,Serco,179748.99 AUD,23-May-2029, 
INV206383,Open spaces management - region 1,Citywide Service ,17485.45 AUD,10/03/2028,3676
INV206384,Vehicle tow away and impound services,Nationwide Towing Services,"$110,621.43",30-May-2029,3585
INV206385,Building cleaning services,Menzies Intl (Aust) Pty Ltd,157542.53,26/08/25,3634
INV206386,Open spaces management - region 1,Citywide Service ,148159.34,2027-01-31,3676
INV206387,Civil infrastructure services,CITYWIDE SERVICE SOLUTIONS PTY LTD,0.2m,2027-04-22,3665
INV206388,Open spaces management - region 2,Serco,233986.06,27/02/2028,3677
INV206389,Building cleaning services,Menzies International (Aust) Pty Ltd,0.1m,02 December 2027,3634
INV206390,Waste management services,Cleanaway Waste Management LTD,0.0m,2029-05-16,3556
INV206391,Melbourne Town Hall venue management,Showtime,17836.01 AUD,15/05/2026,3670
INV206392,Open spaces management - region 1,Citywide Service Solutions Pty Ltd (AUS),231657.18,25/10/21,3676
INV206393,Management of Active Melbourne recreation facilities,Victorian YMCA Community Programming Pty Ltd (AUS),"$233,877.13",2026-01-01,3615
INV206394,Open spaces management - region 2,SERCO,0.2m,18 February 2028,3677
INV206395,Building maintenance services,Programmed Facility Management Pty Ltd (AUS),86813.73,26/10/2029,3630
INV206396,Management of Active Melbourne recreation facilities,Reino International Pty Ltd T/A Duncan Solutions (AUS),83184.86,06/09/2026,3623
INV206397,Graffiti management and pressure cleaning services,Calcorp Services Pty Ltd (AU),212103.55,2026-03-13,3668
INV206398,Management of Active Melbourne recreation facilities,Victorian YMCA Community Programming Pty. Ltd.,"$184,343.27",2025-06-21,3615
INV206399,Vehicle tow away and impound services,Nationwide To,123007.58 AUD,25/09/30,3585
INV206400,Waste management services,Cleanaway,0.2m,2029-04-08,3556
INV206401,Civil infrastructure services,Citywide,"$150,602.22",27/09/04,3665
INV206402,Parking technology services,REINO INTERNATIONAL PTY LTD T/A DUNCAN SOLUTIONS,177629.26,27-Aug-2029,3623
INV206403,Melbourne Town Hall venue management,ShowtimeEventGroupPtyLtd,0.1m,02/09/2025,3670
INV206404,Management of Active Melbourne recreation facilities,Victorian YMCA Community Programming Pty. Ltd.,"$189,323.43",,3615
INV206405,Melbourne Town Hall venue management,Showtime Event Group Pty Ltd (AU),36621.5,26/06/17,3670
INV206406,Civil infrastructure services,Citywide  Service  Solutions  Pty  Ltd,10594.94,15 May 2027,3665
INV206407,Building maintenance services,Programmed,28722.16,18/05/2027,3630
INV206408,Civil infrastructure services,Citywide Service Solutions P/L,0.1m,20 February 2029,3665
INV206409,Management of Active Melbourne recreation facilities,Victorian YMCA Community Programming Pty Ltd,0.2m,28/11/2028,3615
INV206410,Melbourne Town Hall venue management,Showtime Event Group Pty. Ltd.,0.1m,21-Oct-2028,3670
INV206411,Building maintenance services,Programmed Facility Management Pty Ltd,211299.42,2028-07-23,3630
INV206412,Open spaces management - region 2,SERCO,165054.1,15/07/2026,3677
INV206413,Building maintenance services,Programmed Facility Management Pty Ltd,46490.98,27/03/21,3630
INV206414,Management of Active Melbourne recreation facilities,Victorian YMCA Community Programming Pty Ltd,104584.57,13/03/2026,3615
INV206415,Open spaces management - region 2,Calcorp  Services  Pty  Ltd,"$232,046.22",16/12/2029,3668
INV206416,Street cleaning,Spotiess Facility Services Pty Ltd,,28/02/27,3669
INV206417,Building cleaning services,Menzies International (Aust) Pty Ltd,163313.71,05/09/2025,3634
INV206418,Open spaces management - region 2,serco,17809.14,2025-10-20,3677
INV206419,Graffiti management and pressure cleaning services,Calcorp Services Pty Ltd (AU),"$163,062.25",29/08/2025,3668
INV206420,Integrated security services,National Protective Services Pty. Ltd.,211272.82,2025-12-25,3686
INV206421,Tree management maintenance services,Citywide Service ,196131.89,28/03/06,3678
INV206422,Waste management services,Cleanaway,0.0m,2026-09-10,3556
INV206423,Building cleaning services,Citywide Service Solutions Pty Ltd,"$173,349.69",,3676
INV206424,Building maintenance services,Programmed Facility Management Pty Ltz,107785.33 AUD,26/02/19,3630
INV206425,Open spaces management - region 1,CITYWIDE SERVICE SOLUTIONS PTY LTD,0.0m,01/10/2025,3678
INV206426,Melbourne Town Hall venue management,SHOWTIME EVENT GROUP PTY LTD,"$216,651.44",09/01/2027,3670
INV206427,Building maintenance services,Programmed,96284.76,07/11/2026,3630
INV206428,Building maintenance services,Programmed Facility Management Pty. Ltd.,"$44,021.31",2026-04-21,3630
INV206429,Civil infrastructure services,CitywideServiceSolutionsPtyLtd,"$36,849.66",2025-07-07,3665
INV206430,Parking technology services,Reino  International  Pty  Ltd  T/A  Duncan  Solutions,120143.09,18-Jul-2025,3623
INV206431,Integrated security services,National Protective Services Pty Ltd,0.2m,14 July 2027,3686
INV206432,Tree management maintenance services,Citywide Service Solutions Pty Ltd (AU),15418.94,03 February 2027,3678
INV206433,Integrated security services,National Protective Services P/L,62354.43,09/10/2027,3686
INV206434,Building maintenance services,Programmed Facility Mgmt Pty Ltd,169010.62,26 June 2029, 
INV206435,Open spaces management - region 2,serco,189350.47,27/12/25,3677
INV206436,Management of Active Melbourne recreation facilities,Victorian YMCA Community Programming Pty Ltd,210726.49 AUD,2029-03-01,3615
INV206437,Tree management maintenance services,Citywide Service Sonutions Pty Ltd,"$67,489.0",03/09/2029,3678
INV206438,Open spaces management - region 2,SERCO,51747.42,16/02/2026,3677
INV206439,Civil infrastructure services,Citywide Service Solutions Pty Ltd,222408.34,01/03/2025,3665
INV206440,Street cleaning,Spotless Facility Services Pty Ltd,247168.0,29-Jun-2025,3669
INV206441,Open spaces management - region 1,CitywideServiceSolutionsPtyLtd,"$198,983.05",, 
INV206442,Open spaces management - region 1,CitywideServiceSolutionsPtyLtd,185001.86,15/08/2025,3676
INV206443,Civil infrastructure services,CitywideServiceSolutionsPtyLtd,0.2m,27 March 2028,3665
INV206444,Building maintenance services,National Protectiv,0.1m,23-Oct-2029, 
INV206445,Graffiti management and pressure cleaning services,Calcorp Services Pty Ltd (AU),0.1m,2027-04-10,3668
INV206446,Civil infrastructure services,Citywide Service ,0.1m,15 April 2027, 
INV206447,Management of Active Melbourne recreation facilities,victorian ymca community programming pty ltd,0.2m,07/11/2026,3615
INV206448,Open spaces management - region 2,SERCO,0.1m,14/12/2027,3677
INV206449,Vehicle tow away and impound services,Nationwide Towing Services,"$210,567.44",10 April 2029,3585
INV206450,Building cleaning services,Menzies International (Aust) Pty Ltd,124657.21,28/12/20,3634
INV206451,Parking technology services,reino international pty ltd t/a duncan solutions,0.1m,01-Jun-2028,3623
INV206452,Management of Active Melbourne recreation facilities,victorian ymca community programming pty ltd,"$146,409.52",27/01/18,3615
INV206453,Building maintenance services,ProgrammedFacilityManagementPtyLtd,211931.5,09/05/2025,3630
INV206454,Vehicle tow away and impound services,NATIONWIDE TOWING SERVICES,0.2m,23/06/2025,3585
INV206455,Street cleaning,Spotless Facility Services Pty Ltd (AU),108736.72,22/03/2028,3669
INV206456,Melbourne Town Hall venue management,Showtime  Event  Group  Pty  Ltd,120464.78,27/01/2028,3670
INV206457,Street cleaning,SpotlessFacilityServicesPtyLtd,121852.57 AUD,22/10/2028, 
INV206458,Civil infrastructure services,Citywide Service Solutions Pty. Ltd.,95275.45 AUD,30/09/2026,3665
INV206459,Vehicle tow away and impound services,Nationwide  Towing  Services,"$237,562.86",27/01/2027,3585
INV206460,Melbourne Town Hall venue management,Shoptime Event Group Pty Ltd,"$43,989.11",25/06/16,3670
INV206461,Melbourne Town Hall venue management,Shlwtime Event Group Pty Ltd,52518.57,2026-08-09,3670
INV206462,Civil infrastructure services,Citywide Service Solutions Pty Ltd,16543.24 AUD,02/01/2025,3665
INV206463,Management of Active Melbourne recreation facilities,Victorian YMCA Community Programming Pty Ltd,138964.88,25/09/11,3615
INV206464,Civil infrastructure services,Citywide Service Solutions P/L,0.1m,17/01/2028,3665
INV206465,Building maintenance services,Programmed Facility Management Pty Ltd,"$146,573.43",23 May 2028,3630
INV206466,Vehicle tow away and impound services,Nationwide,"$62,161.8",24/04/2027,3585
INV206467,Waste management services,Cleanaway  Waste  Management  Limited,44800.61,04/11/2027,3556
INV206468,Graffiti management and pressure cleaning services,CALCORP SERVICES PTY LTD,115316.21,07/12/2028,3668
INV206469,Tree management maintenance services,Citywide Sejvice Solutions Pty Ltd,"$146,374.1",14 November 2028,3678
INV206470,Integrated security services,NATIONAL PROTECTIVE SERVICES PTY LTD,"$120,214.85",2025-10-26,3686
INV206471,Open spaces management - region 1,Citywide,"$83,057.95",2027-02-13,3676
INV206472,Waste management services,cleanaway waste management limited,0.1m,18 March 2028,3556
INV206473,Melbourne Town Hall venue management,Showtime,0.0m,27/01/31,3670
INV206474,Parking technology services,Reino Int’l Pty Ltd T/A Duncan Solutions,0.1m,29/04/30,3623
INV206475,Street cleaning,Spotless Facility Services Pty Ltd (AUS),228542.55 AUD,27/06/03,3669
INV206476,Open spaces management - region 1,CitywideServiceSolutionsPtyLtd,"$207,447.77",2026-08-22,3676
INV206477,Parking technology services,REINO INTERNATIONAL PTY LTD T/A DUNCAN SOLUTIONS,"$121,499.72",27 June 2027,3623
INV206478,Street cleaning,SPOTLESS FACILITY SERVICES PTY LTD,"$17,177.54",11/04/2025,3669
INV206479,Tree management maintenance services,CitywideServiceSolutionsPtyLtd,246665.94,13-Nov-2028, 
INV206480,Open spaces management - region 2,SERCO (AU),178404.15 AUD,05/02/2029,3677
INV206481,Vehicle tow away and impound services,Nationwide Towing Services (AUS),0.2m,11/05/2029,3585
INV206482,Building maintenance services,Psogrammed Facility Management Pty Ltd,180938.94,23-Dec-2029,3630
INV206483,Waste management services,cleanaway waste management limited,227961.73 AUD,08-Feb-2026,3556
INV206484,Waste management services,cleanaway waste management limited,"$52,534.77",27/07/27,3556
INV206485,Parking technology services,REINO INTERNATIONAL PTY LTD T/A DUNCAN SOLUTIONS,0.2m,25/02/2028,3623
INV206486,Integrated security services,National Protective Services Pty Ltd,204073.7,29/02/11,3686
INV206487,Open spaces management - region 2,SERCO,105980.16,26-Dec-2025,3677
INV206488,Waste management services,cleanaway waste management limited,26692.93 AUD,,3556
INV206489,Integrated security services,National Protective Services Pty Ltd,240514.15,24/12/2025,3686
INV206490,Vehicle tow away and impound services,NationwideTowingServices,152870.73,27/10/2028,3585
INV206491,Melbourne Town Hall venue management,Showtime Event Group Pty Ltd,"$11,287.65",2027-01-19,3670
INV206492,Integrated security services,National Protective Services Pty Ltd,14017.01 AUD,27/06/09,3686
INV206493,Vehicle tow away and impound services,NATIONWIDE TOWING SERVICES,62386.22,28/06/20,3585
INV206494,Street cleaning,Spotless Facility Services Pty Ltd (AUS),188267.74,28/11/20,3669
INV206495,Building cleaning services,MenziesnInternational (Aust) Pty Ltd,233730.34,18 January 2025,3634
INV206496,Waste management services,Cleanaway Waste Management Limited (AUS),0.2m,2026-06-10,3556
INV206497,Graffiti management and pressure cleaning services,Calcorp Services Pty Ltd,"$208,170.57",2025-07-20,3668
INV206498,Waste management services,CleanawayWasteManagementLimited,39743.62,2028-08-15,3556
INV206499,Parking technology services,Reino International Pty ,216743.2,24/04/2026,3623
INV206500,Graffiti management and pressure cleaning services,Calcorp Services Pty Ltd (AU),34051.35,,3668
INV206501,Building maintenance services,Programmed Facility,85580.78 AUD,23 May 2029,3630
INV206502,Parking technology services,Reino International Pty Ltd T/A Duncan Solutions,163547.14 AUD,2029-11-11,3623
INV206503,Open spaces management - region 2,SERCO,"$114,145.93",09-Sep-2028,3677
INV206504,Management of Active Melbourne recreation facilities,Victorian  YMCA  Community  Programming  Pty  Ltd,28077.85 AUD,2026-12-14,3615
INV206505,Vehicle tow away and impound services,Nationwide Towing Services (AUS),"$208,484.78",16/09/2027, 
INV206506,Tree management maintenance services,CITYWIDE SERVICE SOLUTIONS PTY LTD,155001.79,29-Oct-2029,3678
INV206507,Street cleaning,SpotlessFacilityServicesPtyLtd,132563.61,2028-11-02,3669
INV206508,Parking technology services,Reino International Pty Ltd T/A Duncan Solutions,"$224,712.97",18/04/2027,3623
INV206509,Vehicle tow away and impound services,Nationwide,"$12,091.27",22 May 2027,3585
INV206510,Building maintenance services,Programmed Facility Management Pty Ltd,129104.97,04/12/2026,3630
INV206511,Vehicle tow away and impound services,Nationwide  Towing  Services,"$181,934.14",,3585
INV206512,Open spaces management - region 1,Citywide Service Solutions Pty Ltd (AU),188777.49,27/10/2029,3676
INV206513,Open spaces management - region 2,SERCO,0.0m,26/12/19, 
INV206514,Graffiti management and pressure cleaning services,SERCO,12085.17,2029-05-04,3677
INV206515,Open spaces management - region 2,SERCO (AU),112065.89,2026-10-02,3677
INV206516,Civil infrastructure services,Citywide Service Solutions Pty Ltd,205324.85,04-Apr-2029,3665
INV206517,Waste management services,CLEANAWAY WASTE MANAGEMENT LIMITED,168271.49,28/09/19,3556
INV206518,Waste management services,Cleanaway  Waste  Management  Limited,"$12,852.24",26/04/2028,3556
INV206519,Parking technology services,Serco,"$220,448.11",10/10/2025,3677
INV206520,Vehicle tow away and impound services,Nationwide Towing Services,"$247,871.09",14/02/2029,3585
INV206521,Graffiti management and pressure cleaning services,Calcorp Services Pty Ltd,40267.4 AUD,08 March 2029,3668
INV206522,Melbourne Town Hall venue management,Showtime Event Group Pty Ltd,235980.23,15/01/2027,3670
INV206523,Open spaces management - region 1,Citywide Service Solutions Pty. Ltd.,170967.34,12 October 2029,3676
INV206524,Civil infrastructure services,Citywide Service ,0.2m,24 February 2029,3665
INV206525,Graffiti management and pressure cleaning services,CALCORP SERVICES PTY LTD,2724.9 AUD,2029-04-04,3668
INV206526,Open spaces management - region 1,CITYWIDE SERVICE SOLUTIONS PTY LTD,0.0m,11 July 2026,3676
INV206527,Open spaces management - region 1,Citywide Service Solutions Pty Ltd,218776.66 AUD,11/11/2027,3676
INV206528,Building maintenance services,Programmed Facility Management Pty Ltd,215991.12,2029-06-06,3630
INV206529,Integrated security services,National Protective Services Pty Ltd (AUS),139978.26,25/07/03,3686
INV206530,Tree management maintenance services,Citywide Service Solutions Pty Ltd,"$55,223.02",01/12/2028,3678
INV206531,Management of Active Melbourne recreation facilities,VictorianYMCACommunityProgrammingPtyLtd,65411.59,20 April 2025,3615
INV206532,Street cleaning,Spotless Facility,28230.37,2029-08-13,3669
INV206533,Open spaces management - region 2,SERCO (AU),"$159,502.19",28-Jul-2028,3677
INV206534,Waste management services,reino international pty ltd t/a duncan solutions,98189.69 AUD,2026-11-24,3623
INV206535,Waste management services,Cleanaway Waste M,236627.65,12-Feb-2025,3556
INV206536,Graffiti management and pressure cleaning services,Calcorp Services Pty Ltd,46645.6,2027-06-17,3668
INV206537,Building maintenance services,PROGRAMMED FACILITY MANAGEMENT PTY LTD,12821.75 AUD,29/10/18,3630
INV206538,Parking technology services,Reino International Pty Ltd T/A Duncan Solutions,0.2m,29/07/2025,3623
INV206539,Waste management services,Cleanaway Waste Management Limited,150994.21,30/01/2026,3556
INV206540,Management of Active Melbourne recreation facilities,VictorianYMCACommunityProgrammingPtyLtd,225041.76 AUD,2026-12-01,3615
INV206541,Building cleaning services,Menzies,133610.21,25/05/2026,3634
INV206542,Melbourne Town Hall venue management,Showtime Event,136501.03,28/12/2029,3670
INV206543,Management of Active Melbourne recreation facilities,Victorian,71269.75 AUD,08/02/2029,3615
INV206544,Waste management services,Cleanaway  Waste  Management  Limited,,03 July 2026,3556
INV206545,Street cleaning,Spotless Facility Services Pty Ltd (AUS),133249.3 AUD,05-Feb-2026,3669
INV206546,Waste management services,Cleanaway Waste Management Limited (AUS),0.0m,05/05/2029,3556
INV206547,Building cleaning services,Menzies International (Aust) Pty. Ltd.,0.1m,26-Jan-2025,3634
INV206548,Building cleaning services,Menzies International (Aust) Pty Ltd (AU),129335.27,29/08/25,3634
INV206549,Open spaces management - region 2,SERCO,114754.85,03/10/2027,3677
INV206550,Parking technology services,Reino International Pty. Ltd. T/A Duncan Solutions,192166.69,27/05/04,3623
INV206551,Parking technology services,Reino Int’l Pty Ltd T/A Duncan Solutions,0.1m,28/06/2026,3623
INV206552,Management of Active Melbourne recreation facilities,Victorian YMCA Community Programming Pty. Ltd.,233651.25,27/02/16,3615
INV206553,Graffiti management and pressure cleaning services,Calcorp Services PtybLtd,55172.57,02 May 2029,3668
INV206554,Management of Active Melbourne recreation facilities,victorian ymca community programming pty ltd,18763.64,2027-09-17,3615
INV206555,Civil infrastructure services,Citywide Service Solutions Pty Ltd,164992.01,12 December 2029,3665
INV206556,Tree management maintenance services,citywide service solutions pty ltd,"$151,234.34",17/12/2025,3678
INV206557,Management of Active Melbourne recreation facilities,Victorian YMCA Community Programming Pty Ltd,"$132,288.73",2028-02-23,3615
INV206558,Open spaces management - region 2,SERCO,0.2m,19/08/2029,3677
INV206559,Vehicle tow away and impound services,Nationwide Towing Selvices,0.2m,12-Feb-2026,3585
INV206560,Waste management services,Cleanaway Waste Mgmt Limited,208768.26,03/09/2028,3556
INV206561,Street cleaning,Spotlefs Facility Services Pty Ltd,"$217,579.1",31/08/2028,3669
INV206562,Parking technology services,Reino Int’l Pty Ltd T/A Duncan Solutions,92287.48,25/10/2025,3623
INV206563,Open spaces management - region 1,Citjwide Service Solutions Pty Ltd,159753.67,18/10/2028,3676
INV206564,Building maintenance services,Programmed Facility Management Pty. Ltd.,0.0m,2029-07-11,3630
INV206565,Parking technology services,Reino International Pty Ltd T/A Duncan Solutions,0.2m,30/04/2029,3623
INV206566,Waste management services,Cleanaway Waste M,0.2m,17/05/2026,3556
INV206567,Management of Active Melbourne recreation facilities,Victorian YMCA Communpty Programming Pty Ltd,"$38,671.23",31-Jan-2026,3615
INV206568,Integrated security services,serco,66159.78,17/06/2029,3677
INV206569,Graffiti management and pressure cleaning services,Calcorp Services Pty Ltd,"$35,483.97",2028-12-30,3668
INV206570,Graffiti management and pressure cleaning services,Calcorp Services P/L,"$163,783.34",30 January 2025,3668
INV206571,Waste management services,CleanawayWasteManagementLimited,203900.73,21/07/2025,3556
INV206572,Management of Active Melbourne recreation facilities,Victorian YMCA Community Programming Pty Ltd,"$231,728.29",26/04/05,3615
INV206573,Tree management maintenance services,CitywidecService Solutions Pty Ltd,0.1m,16-Nov-2029,3678
INV206574,Tree management maintenance services,CitywideServiceSolutionsPtyLtd,0.1m,2029-03-15,3678
INV206575,Tree management maintenance services,Citywide Service Solutions Pty Lcd,0.2m,29/08/12,3678
INV206576,Open spaces management - region 2,SERCO (AUS),"$229,866.2",08-Feb-2028,3677
INV206577,Melbourne Town Hall venue management,showtime event group pty ltd,"$247,093.36",26/04/02,3670
INV206578,Open spaces management - region 2,SERCO,217801.55 AUD,2025-10-15,3677
INV206579,Building cleaning services,Menzies Int’l (Aust) Pty Ltd,"$190,880.74",04 October 2028,3634
INV206580,Waste management services,Citywide,119598.39,2026-02-14,3678
INV206581,Civil infrastructure services,Citywide Service Solutions Pty Ltd (AU),"$208,795.73",22-Feb-2027,3665
INV206582,Tree management maintenance services,Citywide Service Solutions P/L,"$205,637.34",18/12/2026,3678
INV206583,Waste management services,Cleanaway,"$208,617.22",09-Oct-2027,3556
INV206584,Building cleaning services,Menzies International (Aust) Pty Ltd (AUS),0.1m,12 August 2029,3634
INV206585,Melbourne Town Hall venue management,Showtime Event Group Pty Ltd,"$179,581.23",2029-04-04,3670
INV206586,Management of Active Melbourne recreation facilities,SERCO,89226.69,13/05/2027,3677
INV206587,Building cleaning services,Menzies International (Aust) Pty Ltd,174447.02,15/04/2025,3634
INV206588,Melbourne Town Hall venue management,SHOWTIME EVENT GROUP PTY LTD,176930.04,05 August 2026,3670
INV206589,Building maintenance services,Programmed Facility Management Pty Ltd (AU),0.1m,31/03/2029,3630
INV206590,Waste management services,Cleanaway Waste Management LTD,160087.32,09-Jan-2025,3556
INV206591,Waste management services,Cleanaway Waste Management Limited (AUS),"$224,789.8",2026-05-28,3556
INV206592,Tree management maintenance services,Citywide Service Solutions Pty Ltd,0.0m,26/08/29,3678
INV206593,Vehicle tow away and impound services,NATIONWIDE TOWING SERVICES,0.2m,28/02/12,3585
INV206594,Open spaces management - region 1,Citywide Service Solutions Pty Ltd,25223.16,2026-06-13,3676
INV206595,Management of Active Melbourne recreation facilities,Victorian,0.2m,26/01/2025,3615
INV206596,Melbourne Town Hall venue management,Showtime Event Group Pty Ltd,72956.35 AUD,24/11/2028,3670
INV206597,Management of Active Melbourne recreation facilities,VictorianYMCACommunityProgrammingPtyLtd,69966.71 AUD,01/10/2027,3615
INV206598,Open spaces management - region 1,CITYWIDE SERVICE SOLUTIONS PTY LTD,"$147,064.64",29/04/12,3676
INV206599,Street cleaning,Calcorp Services Pty Ltd,0.1m,28 May 2028,3668
INV206600,Integrated security services,National  Protective  Services  Pty  Ltd,90975.7,23/10/2025,3686
INV206601,Building maintenance services,programmed facility management pty ltd,212399.48,29/06/22,3630
INV206602,Open spaces management - region 2,SERCO (AUS),13997.74 AUD,12 November 2028,3677
INV206603,Civil infrastructure services,Citywide Service Solutions Pty Ltd,0.2m,2028-04-30,3678
INV206604,Building cleaning services,Menzies,"$68,957.6",01 July 2029,3634
INV206605,Tree management maintenance services,Citywide Service Solutions Pty Ltd,47611.39,26/12/2028,3678
INV206606,Waste management services,CLEANAWAY WASTE MANAGEMENT LIMITED,133851.55,28/03/01,3556
INV206607,Waste management services,Cleanaway,179632.69,2026-09-15,3556
INV206608,Building maintenance services,Programmed,187440.66,06/03/2026,3630
INV206609,Management of Active Melbourne recreation facilities,SERCO,145649.44,2026-02-22,3677
INV206610,Vehicle tow away and impound services,Nationwide  Towing  Services,133628.88 AUD,2025-06-21,3585
INV206611,Street cleaning,Spotless,184663.31 AUD,2028-12-15, 
INV206612,Integrated security services,wational Protective Services Pty Ltd,"$128,700.1",17/04/2025,3686
INV206613,Tree management maintenance services,CitywideServiceSolutionsPtyLtd,0.1m,11 December 2029,3678
INV206614,Tree management maintenance services,citywide service solutions pty ltd,234520.56 AUD,13-May-2025,3678
INV206615,Melbourne Town Hall venue management,Showtime Event Group Pty Ltd,0.0m,29/11/14,3670
INV206616,Vehicle tow away and impound services,NationwidexTowing Services,"$218,752.56",29/05/26,3585
INV206617,Building maintenance services,PROGRAMMED FACILITY MANAGEMENT PTY LTD,0.2m,02/01/2026,3630
INV206618,Graffiti management and pressure cleaning services,Calcorp,242185.78 AUD,05/11/2028,3668
INV206619,Building cleaning services,Menzies International (Aust) Pty Ltd (AU),53802.59 AUD,28 June 2027,3634
INV206620,Open spaces management - region 2,SERCO (AU),127620.04,13/05/2027,3677
INV206621,Waste management services,Cleanaway Waste Management Limited,0.0m,2025-06-05,3556
INV206622,Open spaces management - region 1,Citywide Service Solutions Pty Ltd (AU),157745.07,25/10/2026,3676
INV206623,Management of Active Melbourne recreation facilities,Victorian YMCA Community Programming P/L,0.1m,13/09/2029,3615
INV206624,Parking technology services,Reino International Pty. Ltd. T/A Duncan Solutions,159317.05 AUD,27/12/09,3623
INV206625,Vehicle tow away and impound services,Nationwide Towing Services (AUS),"$19,385.67",29/04/12,3585
INV206626,Parking technology services,Reino International Pty Ltd T/A Duncan Solutions (AUS),"$191,481.36",06 February 2028,3623
INV206627,Melbourne Town Hall venue management,Showtime Event Group P/L,"$187,356.44",12 January 2028,3670
INV206628,Tree management maintenance services,Citywide Service Solutions Pty Ltd,208030.34 AUD,22/08/2026,3678
INV206629,Integrated security services,National Protectiv,11260.06,07 November 2026,3686
INV206630,Open spaces management - region 2,SERCO (AU),198407.69 AUD,27/10/2026,3677
INV206631,Vehicle tow away and impound services,Nationwide Towing Services (AU),103025.4 AUD,26/07/09,3585
INV206632,Parking technology services,REINO INTERNATIONAL PTY LTD T/A DUNCAN SOLUTIONS,"$19,952.35",2029-01-09,3623
INV206633,Graffiti management and pressure cleaning services,Calcorp Serv,38546.0,,3668
INV206634,Civil infrastructure services,CITYWIDE SERVICE SOLUTIONS PTY LTD,111430.34,27 August 2025,3665
INV206635,Parking technology services,Reino Intl Pty Ltd T/A Duncan Solutions,207139.06,12/06/2029,3623
INV206636,Management of Active Melbourne recreation facilities,Victorian YMCA Communi,100654.83,27/10/31,3615
INV206637,Vehicle tow away and impound services,NATIONWIDE TOWING SERVICES,"$157,356.24",17-Jan-2026,3585
INV206638,Building maintenance services,PROGRAMMED FACILITY MANAGEMENT PTY LTD,,29/06/28,3630
INV206639,Parking technology services,Reino International Pty Ltd T/A Duncan Solutions,0.1m,27/06/25,3623
INV206640,Building maintenance services,Programmed Facility Management P/L,206322.52,25-Feb-2027,3630
INV206641,Street cleaning,Spotless Facility Services Pty. Ltd.,237380.35,12 October 2025,3669
INV206642,Management of Active Melbourne recreation facilities,Victorian YMCA Community Programming Pty Ltd (AUS),82356.52,19-Oct-2027,3615
INV206643,Management of Active Melbourne recreation facilities,VICTORIAN YMCA COMMUNITY PROGRAMMING PTY LTD,0.1m,25/05/28, 
INV206644,Building maintenance services,Pkogrammed Facility Management Pty Ltd,0.1m,09/12/2026,3630
INV206645,Tree management maintenance services,CITYWIDE SERVICE SOLUTIONS PTY LTD,,27 February 2027,3678
INV206646,Building cleaning services,Menzies International (Aust) Pty Ltd,226365.48,2029-05-05,3634
INV206647,Vehicle tow away and impound services,NATIONWIDE TOWING SERVICES,55710.55,06-Apr-2025,3585
INV206648,Waste management services,Cleanaway Waste ManagementaLimited,16382.87,06/12/2027,3556
INV206649,Civil infrastructure services,Citywide Service ,160239.43,29/06/14,3665
INV206650,Open spaces management - region 2,SERCO,18661.29,29/08/17,3677
INV206651,Graffiti management and pressure cleaning services,Calcorp Services xty Ltd,"$207,911.33",2028-10-09,3668
INV206652,Waste management services,Programmed Facility Management Pty Ltd (AUS),129970.05,26/02/2026,3630
INV206653,Building cleaning services,Menzies International (Aust) Pty Ltd (AU),"$159,755.99",25/11/14,3634
INV206654,Building cleaning services,Menzies International (Aust) Pty Ltd (AU),48696.98 AUD,30-Aug-2026,3634
INV206655,Open spaces management - region 1,Citywide  Service  Solutions  Pty  Ltd,45338.44,09 August 2027,3676
INV206656,Open spaces management - region 1,Citywide Service ,"$88,561.57",19/04/2025,3676
INV206657,Parking technology services,Reino Intl Pty Ltd T/A Duncan Solutions,235418.78,25/07/09,3623
INV206658,Parking technology services,Reino International Pty Ltd T/A Duncan Solutions (AU),"$190,265.75",10-Jan-2025,3623
INV206659,Open spaces management - region 1,Citywide,38229.75 AUD,15-Feb-2026,3676
INV206660,Open spaces management - region 1,Citywide Service Solutions P/L,210848.54,2029-09-25,3676
INV206661,Vehicle tow away and impound services,Nationwide Towing Services,95257.38,27/03/08,3585
INV206662,Street cleaning,Spotless,113554.77,14/10/2028,3669
INV206663,Civil infrastructure services,Citywide Service Solutions Pty Ltd,153192.18,2028-11-03,3665
INV206664,Waste management services,Cleanaway Waste Mgmt Limited,173840.57 AUD,19/11/2028,3556
INV206665,Tree management maintenance services,Citywide Service Solutions Pty Ltd,0.2m,07/04/2025,3678
INV206666,Building cleaning services,menzies international (aust) pty ltd,136495.46,17 April 2027,3634
INV206667,Graffiti management and pressure cleaning services,Calcorp Services Pty Ltd,102117.53,05-Dec-2029,3668
INV206668,Open spaces management - region 2,Serco,180577.46,28/01/21,3677
INV206669,Waste management services,Cleanaway Waste Management Limited,5310.79,28/01/12,3556
INV206670,Building cleaning services,Menzies International (Aust) Pty Ltd (AUS),88404.03 AUD,27-Mar-2029,3634
INV206671,Melbourne Town Hall venue management,Showtime Event Group Pty Ltd,"$29,352.01",12 January 2028,3670
INV206672,Open spaces management - region 1,Citywide Service Solutions P/L,129667.65,2026-07-29,3676
INV206673,Street cleaning,SPOTLESS FACILITY SERVICES PTY LTD,0.0m,31/12/2027,3669
INV206674,Melbourne Town Hall venue management,Showtime Event Group Pty Ltd,235841.25,06/09/2028,3670
INV206675,Integrated security services,National Protective Services Pty. Ltd.,223968.54 AUD,28-Feb-2025,3686
INV206676,Open spaces management - region 2,SERCO (AUS),0.1m,25/05/24,3677
INV206677,Street cleaning,Spotless Facility Services Pty Ltd (AUS),31385.54,05-Feb-2029,3669
INV206678,Open spaces management - region 2,Serco,"$166,433.84",28/05/21,3677
INV206679,Graffiti management and pressure cleaning services,Calcorp Services Pty Ltd,47769.96 AUD,2025-01-24,3668
INV206680,Tree management maintenance services,Citywide Service Solutions Pty Ltd (AUS),0.1m,27 March 2027,3678
INV206681,Open spaces management - region 2,SERCO,38715.17,21 May 2025,3677
INV206682,Building cleaning services,Menzies International (Aust) Pty Ltd,"$166,058.69",26 February 2028,3634
INV206683,Management of Active Melbourne recreation facilities,VICTORIAN YMCA COMMUNITY PROGRAMMING PTY LTD,243773.05 AUD,2029-09-25, 
INV206684,Parking technology services,Reino International P/L T/A Duncan Solutions,156474.74 AUD,24-Oct-2028,3623
INV206685,Waste management services,Cleanaway Waste Management Ltd,0.2m,11/08/2026, 
INV206686,Management of Active Melbourne recreation facilities,Victorian YMCA Communsty Programming Pty Ltd,199029.44 AUD,16 March 2027,3615
INV206687,Parking technology services,Reino International Pty Ltd T/A Duncan Solutions (AUS),241033.1 AUD,25 July 2028,3623
INV206688,Melbourne Town Hall venue management,ShowtimeEventGroupPtyLtd,0.1m,15-Nov-2027,3670
INV206689,Waste management services,Cleanaway Wasme Management Limited,"$229,803.29",2028-10-25,3556
INV206690,Vehicle tow away and impound services,NATIONWIDE TOWING SERVICES,0.2m,26/01/12,3585
INV206691,Integrated security services,SERCO,149940.96 AUD,2025-07-03,3677
INV206692,Melbourne Town Hall venue management,Showtime Event Group Pty Ltd,0.2m,2028-12-11,3670
INV206693,Open spaces management - region 1,Citywide Sevvice Solutions Pty Ltd,160661.18 AUD,26/06/17,3676
INV206694,Parking technology services,ReinoInternationalPtyLtdT/ADuncanSolutions,0.0m,2026-02-01,3623
INV206695,Open spaces management - region 1,CITYWIDE SERVICE SOLUTIONS PTY LTD,,01/11/2027,3676
INV206696,Integrated security services,NATIONAL PROTECTIVE SERVICES PTY LTD,43234.28,05-Oct-2025,3686
INV206697,Building cleaning services,Menzies International (Auste Pty Ltd,72590.57 AUD,26/02/09,3634
INV206698,Open spaces management - region 2,Calcorp  Services  Pty  Ltd,0.2m,15/04/2027,3668
INV206699,Tree management maintenance services,Citywide,0.2m,25/12/29,3678
INV206700,Building maintenance services,Programmed Facility Management Pty Ltd,236961.42,05 February 2028,3630
INV206701,Melbourne Town Hall venue management,Showtime Event Group Pty Ltd,112098.37 AUD,05/12/2025,3670
INV206702,Civil infrastructure services,Citywide Service Solutions Pty Ltd (AU),0.2m,2025-09-07,3665
INV206703,Building cleaning services,Menzies International (Aust) Pty Ltd,143088.33 AUD,2027-08-07,3634
INV206704,Building maintenance services,PROGRAMMED FACILITY MANAGEMENT PTY LTD,0.1m,24 December 2027,3630
INV206705,Graffiti management and pressure cleaning services,Calcorp Services Pty Ltd,"$92,881.92",27/02/28,3668
INV206706,Open spaces management - region 2,SEjCO,3685.51,24/08/2025,3677
INV206707,Civil infrastructure services,CitywideServiceSolutionsPtyLtd,"$242,682.28",2026-04-18,3665
INV206708,Integrated security services,National Protective Services Pty Ltd (AUS),184722.04,26/10/18,3686
INV206709,Vehicle tow away and impound services,nationwide towing services,"$223,832.11",03/01/2029, 
INV206710,Open spaces management - region 1,Citywide Service Solutions Pty Ltd (AU),60663.21,15-Jun-2026,3676
INV206711,Building maintenance services,Programmed Facility Mgmt Pty Ltd,14826.25,10/11/2026,3630
INV206712,Civil infrastructure services,Citywide Service Solutions Pty Ltd,"$234,979.26",06 August 2027,3665
INV206713,Parking technology services,reino international pty ltd t/a duncan solutions,0.1m,2028-06-13, 
INV206714,Management of Active Melbourne recreation facilities,Victorian Ymca Community Programming Pty Ltd,191560.69,09-Jul-2025,3615
INV206715,Management of Active Melbourne recreation facilities,Victorian YMCA Community Programming Pty. Ltd.,30840.89,26 February 2026,3615
INV206716,Tree management maintenance services,Citywide Service Solutions Pty Ltd,78101.49 AUD,2029-06-21,3678
INV206717,Parking technology services,Reino International Pty ,143978.67,18 March 2025,3623
INV206718,Street cleaning,SpotlessFacilityServicesPtyLtd,216125.76,09/04/2026,3669
INV206719,Street cleaning,Spotless Facility Services Pty. Ltd.,0.1m,26/11/2025,3669
INV206720,Open spaces management - region 1,Citywide Service ,247001.31,05-Jun-2026,3676
INV206721,Building maintenance services,Programmed Facility Management Pty Ltd,196174.54,23/12/2028,3630
INV206722,Management of Active Melbourne recreation facilities,Victorian YMCA Community Programming Pty Ltd,150901.98,27 February 2026,3615
INV206723,Street cleaning,Spotless Facility Services Pty Ltd,11272.26,28/02/03,3669
INV206724,Building maintenance services,Programmed Facility Management Pty Ltd,223341.11,23/01/2025,3630
INV206725,Open spaces management - region 1,Citywide Service Solutions Pty. Ltd.,144527.69,2025-05-13,3676
INV206726,Street cleaning,Spotless  Facility  Services  Pty  Ltd,71191.7,2029-05-24, 
INV206727,Parking technology services,Reino  International  Pty  Ltd  T/A  Duncan  Solutions,0.2m,03/03/2028,3623
INV206728,Building maintenance services,urogrammed Facility Management Pty Ltd,17963.07,12 November 2026,3630
INV206729,Street cleaning,Spotless Facility Services Pty. Ltd.,81891.71,07-Jul-2028,3669
INV206730,Open spaces management - region 1,Citywide Service Sglutions Pty Ltd,56379.59,13/07/2028, 
INV206731,Open spaces management - region 1,Citywide Service ,203032.78,09-Nov-2025,3676
INV206732,Open spaces management - region 1,Citywide,0.1m,01 May 2025,3676
INV206733,Waste management services,CleanawayWasteManagementLimited,43138.82,28/12/04,3556
INV206734,Graffiti management and pressure cleaning services,calcorp services pty ltd,187946.2,17-Oct-2025,3668
INV206735,Parking technology services,Reino  International  Pty  Ltd  T/A  Duncan  Solutions,73721.53 AUD,29-Nov-2026,3623
INV206736,Building cleaning services,Menzies International (Aust) Pty Ltd,176972.53,2026-01-28,3634
INV206737,Building cleaning services,Menzies Intl (Aust) Pty Ltd,93861.16 AUD,27/10/01,3634
INV206738,Vehicle tow away and impound services,NATIONWIDE TOWING SERVICES,"$45,772.9",03-Sep-2029,3585
INV206739,Open spaces management - region 1,Citywide Service ,173245.86,26-Oct-2027,3676
INV206740,Building maintenance services,ProgrammedFacilityManagementPtyLtd,1912.6,2029-06-17,3630
INV206741,Civil infrastructure services,Citywide,"$233,076.3",05 March 2027,3665
INV206742,Open spaces management - region 1,citywide service solutions pty ltd,1510.18,27/06/20,3676
INV206743,Integrated security services,National  Protective  Services  Pty  Ltd,205735.57,20/12/2025,3686
INV206744,Management of Active Melbourne recreation facilities,Victorian YMCA Community Programming P/L,6406.6,19/11/2028,3615
INV206745,Open spaces management - region 1,pitywide Service Solutions Pty Ltd,88184.07 AUD,07-Nov-2026,3676
INV206746,Open spaces management - region 1,Citywide Service Solutions Pty Ltd,0.0m,11/07/2029,3676
INV206747,Management of Active Melbourne recreation facilities,VictorianYMCACommunityProgrammingPtyLtd,0.1m,08/11/2027,3615
INV206748,Building maintenance services,Programmed,205380.82,30 July 2025,3630
INV206749,Vehicle tow away and impound services,CitywideServiceSolutionsPtyLtd,"$119,934.39",17/11/2028,3665
INV206750,Integrated security services,national protective services pty ltd,"$233,774.69",13/08/2029,3686
INV206751,Building maintenance services,Spotless Facility Services Pty Ltd (AUS),214424.17,13/12/2028,3669
INV206752,Parking technology services,Reino International Pty Ltd T/A Duncan Solutions,231004.76,09/05/2027,3623
INV206753,Waste management services,Cleanaway Waste Management Limited (AU),"$220,190.07",07-Aug-2027,3556
INV206754,Civil infrastructure services,CITYWIDE SERVICE SOLUTIONS PTY LTD,"$2,175.17",25/11/24,3665
INV206755,Building maintenance services,programmed facility management pty ltd,31552.26,26/11/27,3630
INV206756,Street cleaning,Spotless Facility Services Pty Ltd,0.0m,12/07/2025,3669
INV206757,Melbourne Town Hall venue management,Showtime  Event  Group  Pty  Ltd,0.0m,26/09/23,3670
INV206758,Building maintenance services,programmed facility management pty ltd,"$13,129.96",18 February 2025,3630
INV206759,Melbourne Town Hall venue management,Showtime,0.2m,27/04/10,3670
INV206760,Building maintenance services,PROGRAMMED FACILITY MANAGEMENT PTY LTD,204771.11 AUD,12-May-2025,3630
INV206761,Graffiti management and pressure cleaning services,Calcorp Services Pty Ltd,38203.93,29/09/10,3668
INV206762,Street cleaning,Spotless Facility Services Pty Ltd (AUS),16493.3 AUD,29/11/2027,3669
INV206763,Melbourne Town Hall venue management,showtime event group pty ltd,156651.07,04/09/2026,3670
INV206764,Vehicle tow away and impound services,Nationwide Towing Services (AUS),2170.09 AUD,02/09/2027,3585
INV206765,Open spaces management - region 2,Serco,214951.99,23/02/2029, 
INV206766,Tree management maintenance services,Citywide  Service  Solutions  Pty  Ltd,73158.75 AUD,28/09/20,3678
INV206767,Tree management maintenance services,SERCO,"$36,645.55",26/09/11,3677
INV206768,Open spaces management - region 2,SERCO,166251.78 AUD,03-Jun-2029,3677
INV206769,Building cleaning services,Menzies International (Aust) Pty. Ltd.,59850.48 AUD,26/08/2025,3634
INV206770,Parking technology services,Reino International Pty Ltd T/A Duncan Solutions,0.2m,13/10/2026,3623
INV206771,Building cleaning services,Menzies International (Aust) Pty. Ltd.,0.2m,25-Sep-2025,3634
INV206772,Building cleaning services,Menzies International (Aust) Pty. Ltd.,0.1m,26 May 2025,3634
INV206773,Building cleaning services,Menzies International (Aust) Pty. Ltd.,0.2m,27/03/2027,3634
INV206774,Vehicle tow away and impound services,Nationwide Towing Services,0.0m,27/12/2028,3585
INV206775,Building maintenance services,Programmed,"$36,795.08",2028-05-20,3630
INV206776,Vehicle tow away and impound services,Nationwide Towing Services,0.0m,2027-01-27,3585
INV206777,Waste management services,Cleanaway Waste tanagement Limited,0.1m,2027-12-28,3556
INV206778,Waste management services,Cleanaway Waste Management LTD,201590.6,26/05/02,3556
INV206779,Management of Active Melbourne recreation facilities,Victorian YMCA Communi,240443.71,09/03/2026,3615
INV206780,Integrated security services,National Protective Services P/L,0.2m,25/08/24,3686
INV206781,Waste management services,Cleanaway Waste Management LTD,224866.9,2025-01-11,3556
INV206782,Street cleaning,SpotlessFacilityServicesPtyLtd,126857.87,2025-02-18,3669
INV206783,Vehicle tow away and impound services,Nationwide Towing Svrvices,0.1m,24-Nov-2028,3585
INV206784,Building maintenance services,Programmed Facility Management Pty Ltd (AU),191656.53,25/04/28,3630
INV206785,Civil infrastructure services,Citywide Service Solutions Pty Ltd,0.2m,2029-08-12,3665
INV206786,Waste management services,Cleanaway Waste Management Limited,0.0m,27/02/2025,3556
INV206787,Tree management maintenance services,Citywide Service Solutions Pty Ltd,0.1m,08/03/2025,3678
INV206788,Tree management maintenance services,Citywide,"$22,712.9",30/06/2026,3678
INV206789,Open spaces management - region 2,SERCO (AUS),39889.09,2025-04-22,3677
INV206790,Building maintenance services,Programmed Facility Management Pty Ltd,"$193,100.38",24/06/2028, 
INV206791,Building maintenance services,Programmed Facility Management Pty Ltd (AU),0.2m,21 May 2027,3630
INV206792,Open spaces management - region 2,SERCO (AU),94041.15 AUD,31/05/2029,3677
INV206793,Building maintenance services,Nationwide Towing Services,240352.95 AUD,06/01/2027,3585
INV206794,Parking technology services,Reino,0.1m,11 June 2029,3623
INV206795,Graffiti management and pressure cleaning services,Calcorp  Services  Pty  Ltd,227999.92 AUD,29/04/03,3668
INV206796,Open spaces management - region 1,Citywide Service ,247013.28,23/08/2028,3676
INV206797,Waste management services,cleanaway waste management limited,138583.77,26/04/14,3556
INV206798,Graffiti management and pressure cleaning services,Calcorp Services Pty Ltd (AU),"$95,800.35",2029-03-21,3668
INV206799,Integrated security services,NationalProtectiveServicesPtyLtd,"$166,835.55",15/06/2028,3686
INV206800,Open spaces management - region 2,SERCO (AUS),"$21,218.78",23 February 2025,3677
INV206801,Parking technology services,Reino International Pty Ltd T/A Duncan Solutions,176244.07,07-Aug-2026,3623
INV206802,Building maintenance services,Programmed Facility Management Pty Ltd (AUS),22936.13,2025-11-12,3630
INV206803,Building maintenance services,programmed facility management pty ltd,138278.68,14-Mar-2027,3630
INV206804,Building cleaning services,Menzies,0.2m,25/04/21,3634
INV206805,Graffiti management and pressure cleaning services,Calcorp Services Pty Ltd (AUS),113616.26,27/12/23,3668
INV206806,Vehicle tow away and impound services,Showtime Event Group Pty Ltd (AUS),19000.48,27/05/30,3670
INV206807,Management of Active Melbourne recreation facilities,Victorian YMCA Community Programming P/L,58362.61,08/02/2029,3615
INV206808,Tree management maintenance services,Citywide,0.0m,28-Apr-2025,3678
INV206809,Vehicle tow away and impound services,NATIONWIDE TOWING SERVICES,63721.62 AUD,18/04/2028,3585
INV206810,Integrated security services,National  Protective  Services  Pty  Ltd,238111.44,29/04/10,3686
INV206811,Street cleaning,Spotless Facility Servkces Pty Ltd,24044.17,2029-03-05,3669
INV206812,Tree management maintenance services,CITYWIDE SERVICE SOLUTIONS PTY LTD,220513.06,23 February 2028,3678
INV206813,Building maintenance services,Programmed Facility Management Pty. Ltd.,191661.96,2028-10-15, 
INV206814,Parking technology services,Reino International Pty. Ltd. T/A Duncan Solutions,234210.86,07/08/2027,3623
INV206815,Street cleaning,SpotlessFacilityServicesPtyLtd,228618.05,27 October 2028,3669
INV206816,Parking technology services,Reino Inoernational Pty Ltd T/A Duncan Solutions,0.1m,10/11/2027,3623
INV206817,Building maintenance services,Programmed Facility Management Pty Ltd,"$112,285.98",04 January 2027,3630
INV206818,Management of Active Melbourne recreation facilities,Victorian YMCA Community Programming Pty Ltd,"$13,108.45",26 September 2025,3615
INV206819,Integrated security services,National Protective Services Pty Lgd,106472.15,25/03/12,3686
INV206820,Civil infrastructure services,Citywide Service Solutions Pty Ltd,226834.34,27/04/12,3665
INV206821,Management of Active Melbourne recreation facilities,Victorian YMCA Community Programming Pty Ltd (AUS),53076.52,01/09/2025,3615
INV206822,Open spaces management - region 2,SERCO,39902.86,19/04/2025,3677
INV206823,Graffiti management and pressure cleaning services,Calcorp Services Pty Ltd,"$110,948.11",22/04/2027,3668
INV206824,Building cleaning services,menzies international (aust) pty ltd,0.1m,06-Mar-2029,3634
INV206825,Building maintenance services,Programmed Facility Management Pty. Ltd.,73661.81,01-Dec-2026,3630
INV206826,Building cleaning services,Menzies Internatio,0.2m,2027-01-08,3634
INV206827,Waste management services,Cleanaway Waste Management Ltd,147431.46,23-Apr-2025,3556
INV206828,Melbourne Town Hall venue management,Showtime Event Group Pty Ltd (AU),116237.11,2027-05-16,3670
INV206829,Management of Active Melbourne recreation facilities,victorian ymca community programming pty ltd,"$61,488.25",25/07/2026,3615
INV206830,Street cleaning,SPOTLESS FACILITY SERVICES PTY LTD,0.0m,03/05/2027,3669
INV206831,Management of Active Melbourne recreation facilities,Victorian YMCA Community Programming Pty Ltd (AUS),0.2m,29/03/2029,3615
INV206832,Graffiti management and pressure cleaning services,CALCORP SERVICES PTY LTD,168295.68,13/09/2029,3668
INV206833,Melbourne Town Hall venue management,Showtime Event Group Pty Ltd (AUS),56432.28,28/05/06,3670
INV206834,Open spaces management - region 2,SERCO,"$95,727.86",,3677
INV206835,Civil infrastructure services,Citywide  Service  Solutions  Pty  Ltd,"$61,940.37",09/08/2026,3665
INV206836,Building cleaning services,MenziesInternational(Aust)PtyLtd,74506.69,29/01/07,3634
INV206837,Melbourne Town Hall venue management,Showrime Event Group Pty Ltd,125843.67,12 April 2028,3670
INV206838,Tree management maintenance services,Citywide Service Solutions Pty Ltd (AUS),75912.59 AUD,2025-04-13,3678
INV206839,Parking technology services,ReinoInternationalPtyLtdT/ADuncanSolutions,"$38,123.31",2028-04-25,3623
INV206840,Building maintenance services,Programmed Facility Mgmt Pty Ltd,90787.78,17/08/2026,3630
INV206841,Building maintenance services,Programmed Facility Management Pty Ltd,0.1m,02 June 2027,3630
INV206842,Open spaces management - region 2,SERCO,196256.32,28/12/30,3677
INV206843,Open spaces management - region 2,SERCO,0.1m,2027-01-03,3677
INV206844,Open spaces management - region 2,SERCO,"$113,247.19",2026-10-19,3677
INV206845,Graffiti management and pressure cleaning services,Calcorp Serv,"$207,404.37",05 September 2026,3668
INV206846,Management of Active Melbourne recreation facilities,Victorian YMCA Communi,228892.26,19 February 2025,3615
INV206847,Open spaces management - region 1,Citywide Service Solutions Pty Ltd,197391.79 AUD,14 March 2029,3676
INV206848,Waste management services,CLEANAWAY WASTE MANAGEMENT LIMITED,155917.11,08 December 2026, 
INV206849,Open spaces management - region 1,Citywide  Service  Solutions  Pty  Ltd,217011.13,24-Oct-2029,3676
INV206850,Tree management maintenance services,Citywide Service Solutions Pty Ltd (AU),205942.02,2029-07-21,3678
INV206851,Open spaces management - region 1,citywide service solutions pty ltd,0.0m,11/08/2027,3676
INV206852,Building cleaning services,Menzies International (Aust) P/L,0.2m,2028-04-02,3634
INV206853,Integrated security services,National Protective Services Pty Ltd,224237.48,25/07/13,3686
INV206854,Parking technology services,Reino International P/L T/A Duncan Solutions,770.19,07/03/2027,3623
INV206855,Building maintenance services,Programmed  Facility  Management  Pty  Ltd,148227.99,27/03/06,3630
INV206856,Integrated security services,NATIONAL PROTECTIVE SERVICES PTY LTD,"$218,163.46",28/04/15,3686
INV206857,Melbourne Town Hall venue management,ShowtimeEventGroupPtyLtd,187871.44,20-Nov-2027,3670
INV206858,Graffiti management and pressure cleaning services,Calcors Services Pty Ltd,103850.59,26/05/09,3668
INV206859,Waste management services,Cleanaway Waste Management Limited,0.1m,29/06/08,3556
INV206860,Graffiti management and pressure cleaning services,Reino International Pty Ltd T/A Duncan Solutions,142852.25,02-Aug-2029,3623
INV206861,Management of Active Melbourne recreation facilities,Victorian YMCA Community Programming Pty Ltd (AU),223687.4,30 October 2028,3615
INV206862,Tree management maintenance services,Citywide Service Solutions Pty Ltd (AUS),197065.26 AUD,2029-06-22,3678
INV206863,Open spaces management - region 2,Serco,"$77,928.63",12/05/2027,3677
INV206864,Tree management maintenance services,CITYWIDE SERVICE SOLUTIONS PTY LTD,108892.84 AUD,2029-04-27,3678
INV206865,Integrated security services,national protective services pty ltd,91805.13 AUD,06-Feb-2028,3686
INV206866,Waste management services,Cleanaway Waste M,54845.66,29/07/26,3556
INV206867,Tree management maintenance services,Citywide Service Solutions Pty Ltd,"$22,465.62",28 February 2029,3678
INV206868,Parking technology services,Reino  International  Pty  Ltd  T/A  Duncan  Solutions,0.1m,2028-03-24,3623
INV206869,Management of Active Melbourne recreation facilities,Victorian YMCA Community Programming Pty rtd,37379.97 AUD,28/03/2029,3615
INV206870,Integrated security services,National  Protective  Services  Pty  Ltd,0.2m,29 August 2025,3686
INV206871,Vehicle tow away and impound services,Nationwide Towing Services (AU),61521.29,2028-06-23,3585
INV206872,Civil infrastructure services,citywide service solutions pty ltd,201830.75,13-Apr-2025,3665
INV206873,Melbourne Town Hall venue management,SHOWTIME EVENT GROUP PTY LTD,127860.36,15/08/2027,3670
INV206874,Management of Active Melbourne recreation facilities,Victorian Ymca Community Programming Pty Ltd,147437.06,07/05/2025,3615
INV206875,Civil infrastructure services,Reino,142180.34,26/06/05,3623
INV206876,Graffiti management and pressure cleaning services,Cblcorp Services Pty Ltd,101748.46,23/07/2028,3668
INV206877,Integrated security services,Cleaniway Waste Management Limited,141246.35 AUD,23 March 2028,3556
INV206878,Melbourne Town Hall venue management,SHOWTIME EVENT GROUP PTY LTD,0.0m,28/08/23,3670
INV206879,Civil infrastructure services,Citywide Service Solutions Pty. Ltd.,122450.68,2028-01-08,3665
INV206880,Management of Active Melbourne recreation facilities,Victorian YMCA Community Programming Pty Ltd,0.1m,13-Nov-2026,3615
INV206881,Waste management services,Cleanaway Waste Mgmt Limited,26299.23,27/01/25,3556
INV206882,Parking technology services,Reino International Pty ,"$148,544.22",2025-08-23,3623
INV206883,Open spaces management - region 1,Citywide Service Solutions Pty Ltd (AUS),96335.46,10/02/2027, 
INV206884,Open spaces management - region 1,CITYWIDE SERVICE SOLUTIONS PTY LTD,146300.15,29/02/03,3676
INV206885,Melbourne Town Hall venue management,Citywide Service Solutions Pty Ltd,15384.26 AUD,02/08/2026,3665
INV206886,Parking technology services,Reino International P/L T/A Duncan Solutions,223223.0 AUD,26/08/01,3623
INV206887,Melbourne Town Hall venue management,Showtime  Event  Group  Pty  Ltd,153601.44 AUD,2026-02-14,3670
INV206888,Tree management maintenance services,Citywide,0.1m,19/12/2029,3678
INV206889,Management of Active Melbourne recreation facilities,Victorian YMCA Community Programming Pty Ltd (AU),48578.95,20/09/2028,3615
INV206890,Integrated security services,National Protectiv,45254.99,28/10/17,3686
INV206891,Civil infrastructure services,Citywide Service Solutions Pty Ltd,108947.01,01/11/2025,3665
INV206892,Integrated security services,NATIONAL PROTECTIVE SERVICES PTY LTD,56369.8,28/03/2026,3686
INV206893,Parking technology services,Reino International Pty Ltd T/A Duncan Solutions,0.2m,24/08/2025,3623
INV206894,Building cleaning services,Menzies  International  (Aust)  Pty  Ltd,228416.79,2026-06-03,3634
INV206895,Parking technology services,Reino,191008.33,2028-05-03,3623
INV206896,Open spaces management - region 2,SERCO,"$36,961.9",23-Dec-2026,3677
INV206897,Tree management maintenance services,Citywide Service Solutions Pty Ltd (AUS),"$27,677.63",29/01/26,3678
INV206898,Civil infrastructure services,Citywide Service Solutions Pty Ltd (AU),763.94,28/10/10,3665
INV206899,Open spaces management - region 2,SERfO,0.1m,22/01/2025,3677
INV206900,Tree management maintenance services,Citywide,176989.16 AUD,15-Sep-2026, 
INV206901,Management of Active Melbourne recreation facilities,Victorian YMCA Community Programming Pty Ltd (AU),195178.54 AUD,31/05/2027,3615
INV206902,Management of Active Melbourne recreation facilities,Victorian YMCA Community Programming Pty Ltd,"$100,237.58",03-Nov-2026,3615
INV206903,Open spaces management - region 2,SElCO,0.1m,31 October 2028,3677
INV206904,Management of Active Melbourne recreation facilities,Victorian YMCA Community Programming Pty. Ltd.,123811.44,24/04/2028,3615
INV206905,Vehicle tow away and impound services,Nationwide Towing Services,0.2m,24 December 2027,3585
INV206906,Integrated security services,National Protective Services P/L,24582.63 AUD,10/10/2028,3686
INV206907,Integrated security services,National Protective Services P/L,0.1m,28/03/15,3686
INV206908,Integrated security services,National Protectiv,114672.68 AUD,27-May-2027,3686
INV206909,Melbourne Town Hall venue management,Showtime Event Group Pty Ltd,245288.97 AUD,2028-12-27,3670
INV206910,Open spaces management - region 2,SERCO (AUS),203656.98,09-Nov-2027,3677
INV206911,Open spaces management - region 2,SERCp,0.1m,25/04/02,3677
INV206912,Street cleaning,Spotless Facility,233192.73,15 June 2026,3669
INV206913,Street cleaning,Spotless Facility Services Pty. Ltd.,236912.2,2026-10-28,3669
INV206914,Waste management services,Cleanaway,151419.7,28/04/2026,3556
INV206915,Vehicle tow away and impound services,NATIONWIDE TOWING SERVICES,249954.11,21/03/2026,3585
INV206916,Integrated security services,National,0.1m,10-Aug-2027,3686
INV206917,Management of Active Melbourne recreation facilities,Victorian YMCA Community Programming Pty Ltd (AUS),9997.18,10/07/2025,3615
INV206918,Building maintenance services,Programmed,189875.64,27/01/14,3630
INV206919,Parking technology services,Citywide Service ,75088.56,2025-02-16,3665
INV206920,Vehicle tow away and impound services,SERCO,67196.66 AUD,2028-11-17, 
INV206921,Open spaces management - region 1,Citywide Service Solutions Pty. Ltd.,168089.71,10 January 2026,3676
INV206922,Waste management services,SPOTLESS FACILITY SERVICES PTY LTD,"$2,329.15",31-Dec-2025,3669
INV206923,Tree management maintenance services,Citywide Service Solutions Pty Ltd,0.1m,05/10/2026, 
INV206924,Tree management maintenance services,Citywide Service ,0.2m,26/03/2026,3678
INV206925,Civil infrastructure services,citywide service solutions pty ltd,"$133,029.61",26/10/2026,3665
INV206926,Civil infrastructure services,CitywideServiceSolutionsPtyLtd,19375.32 AUD,28/02/16,3665
INV206927,Building cleaning services,Menzies International (Aust) Pty Ltd,"$59,834.56",29/05/12,3634
INV206928,Parking technology services,Reino International Pty Ltd T/A Duncan Solutions (AUS),101317.55 AUD,08/01/2027,3623
INV206929,Open spaces management - region 2,SERCO,0.2m,01 January 2027,3677
INV206930,Building cleaning services,Menzies International (Aust) Pty Ltd,0.0m,29/11/2025,3634
INV206931,Open spaces management - region 1,Citywide,51492.47 AUD,27/06/2025,3676
INV206932,Integrated security services,National Protective Services Pty Ltd,"$72,197.05",25 December 2025,3686
INV206933,Building maintenance services,Programled Facility Management Pty Ltd,0.2m,28/11/14,3630
INV206934,Open spaces management - region 2,SERCO,224625.54,29/12/06,3677
INV206935,Street cleaning,Spotless Facility Services Pty. Ltd.,218846.38,20/08/2025,3669
INV206936,Management of Active Melbourne recreation facilities,VictorianYMCACommunityProgrammingPtyLtd,164904.0 AUD,20 January 2026,3615
INV206937,Integrated security services,National Protective Services Pty Ltd (AUS),"$225,068.71",27 February 2027,3686
INV206938,Graffiti management and pressure cleaning services,Calcorp Serv,20297.38,19 August 2027,3668
INV206939,Building maintenance services,Programmed Facility Management Pty Ltd,109398.25,03/04/2029,3630
INV206940,Integrated security services,National,200927.3,05-Jan-2025,3686
INV206941,Management of Active Melbourne recreation facilities,Victorian YMCA Community Programming Pty Ltd (AUS),0.1m,2026-05-19,3615
INV206942,Civil infrastructure services,Citywide Service Solutions P/L,0.0m,09/06/2025,3665
INV206943,Management of Active Melbourne recreation facilities,Victorian YMCA Community Programming Pty. Ltd.,"$110,910.21",13-May-2027,3615
INV206944,Building cleaning services,Menzies Intl (Aust) Pty Ltd,0.2m,06/11/2027,3634
INV206945,Management of Active Melbourne recreation facilities,Victorian Ymca Community Programming Pty Ltd,79092.29,07-May-2027,3615
INV206946,Melbourne Town Hall venue management,Showtime Event,0.1m,20/02/2028, 
INV206947,Graffiti management and pressure cleaning services,Calcorp Services uty Ltd,116021.33,25 June 2025,3668
INV206948,Graffiti management and pressure cleaning services,Calcorp Services P/L,"$1,735.96",04 July 2025,3668
INV206949,Management of Active Melbourne recreation facilities,Victorian YMCA Community Programming Pty Ltd,182402.38,19/06/2027, 
INV206950,Melbourne Town Hall venue management,Showtime Event Group Pty. Ltd.,"$87,058.54",24-Sep-2025,3670
INV206951,Parking technology services,Reino International P/L T/A Duncan Solutions,170330.58,08 May 2027,3623
INV206952,Civil infrastructure services,Citywide Service Solutions Pty Ltd (AU),58458.35,2026-09-30,3665
INV206953,Building cleaning services,Menzies,133991.72,02 November 2025,3634
INV206954,Graffiti management and pressure cleaning services,Calcorp Services Pty Ltd,"$206,341.05",23/03/2027,3668
INV206955,Waste management services,Cleanaway Waste Management Limited,210406.26 AUD,10-Jul-2026,3556
INV206956,Graffiti management and pressure cleaning services,Calcorp,107061.82,26/09/16,3668
INV206957,Building maintenance services,Programmed Facility Mgmt Pty Ltd,0.0m,2029-12-01,3630
INV206958,Integrated security services,National Protective Services P/L,"$167,053.23",04/02/2026,3686
INV206959,Tree management maintenance services,Citywide Service Solutions Pty Ltd,38069.46,2028-03-27,3678
INV206960,Civil infrastructure services,Citywide Service Solutions Pty. Ltd.,0.2m,03 April 2028,3665
INV206961,Building maintenance services,ProgrammedFacilityManagementPtyLtd,194331.18 AUD,05-Dec-2026,3630
INV206962,Integrated security services,National Protective Services Pty Ltd,"$36,296.87",2025-10-09,3686
INV206963,Street cleaning,spotless facility services pty ltd,139426.02,2026-12-12,3669
INV206964,Open spaces management - region 1,Citywide  Service  Solutions  Pty  Ltd,"$27,081.8",13/04/2028,3676
INV206965,Graffiti management and pressure cleaning services,Calcorp,235451.3 AUD,29/05/04,3668
INV206966,Open spaces management - region 1,Citywide Service ,"$205,652.14",16/07/2029,3676
INV206967,Melbourne Town Hall venue management,Citywide Service Solutions Pty. Ltd.,0.2m,27/05/15, 
INV206968,Street cleaning,Spotless Facility Services Pty Ltd (AUS),220245.46 AUD,02-Jul-2026,3669
INV206969,Civil infrastructure services,Citywide Service Solutions Pty Ltd (AU),110860.17,27 June 2026,3665
INV206970,Open spaces management - region 2,SERCO,100245.79,2027-01-22,3677
INV206971,Graffiti management and pressure cleaning services,Calcorp Services Pty Ltd (AU),"$217,187.6",11/07/2027,3668
INV206972,Integrated security services,National Protective Services Pty Ltd,0.0m,13 April 2026,3686
INV206973,Melbourne Town Hall venue management,Showtime Event Group Pty Ltd,19902.86 AUD,18/09/2027,3670
INV206974,Civil infrastructure services,CitywideServiceSolutionsPtyLtd,245291.25,2025-04-11,3665
INV206975,Parking technology services,Reino International Pty Ltd T/A Duncan Solutions,0.2m,08/10/2026,3623
INV206976,Vehicle tow away and impound services,Nationwide  Towing  Services,200816.82,24/02/2025,3585
INV206977,Waste management services,Cleanaway Waste Management Limited,0.0m,10/06/2025,3556
INV206978,Civil infrastructure services,citywide service solutions pty ltd,226356.54,25-Apr-2027,3665
INV206979,Civil infrastructure services,Citywide Service dolutions Pty Ltd,88685.79,2029-08-29,3665
INV206980,Graffiti management and pressure cleaning services,Calcorp,228766.25,25/08/11,3668
INV206981,Waste management services,CleanawayWasteManagementLimited,"$48,091.81",19/07/2025,3556
INV206982,Integrated security services,National Protectiv,"$121,508.57",03 March 2029,3686
INV206983,Civil infrastructure services,CITYWIDE SERVICE SOLUTIONS PTY LTD,"$191,052.2",23-Oct-2028,3665
INV206984,Graffiti management and pressure cleaning services,Calcorp Services Pty Ltd,43649.05 AUD,27/06/06,3668
INV206985,Melbourne Town Hall venue management,ShowtimeEventGroupPtyLtd,113855.02 AUD,09/02/2028,3670
INV206986,Open spaces management - region 2,SERCO,"$65,423.61",2026-06-21,3677
INV206987,Open spaces management - region 1,CITYWIDE SERVICE SOLUTIONS PTY LTD,92695.99,20/09/2029,3676
INV206988,Management of Active Melbourne recreation facilities,Victorian Ymca Community Programming Pty Ltd,0.1m,16/01/2026,3615
INV206989,Open spaces management - region 1,citywide service solutions pty ltd,137042.12 AUD,2025-12-21,3676
INV206990,Parking technology services,Reino International Pty Ltd T/A Duncan Solutions,237874.26 AUD,12-Apr-2027,3623
INV206991,Open spaces management - region 1,citywide service solutions pty ltd,61305.79 AUD,2029-11-03, 
INV206992,Open spaces management - region 1,Citywide  Service  Solutions  Pty  Ltd,49158.45,05-Feb-2028,3676
INV206993,Parking technology services,Reino International P/L T/A Duncan Solutions,28868.86,2025-05-24,3623
INV206994,Open spaces management - region 2,SERCO,140002.46 AUD,23 November 2028,3677
INV206995,Management of Active Melbourne recreation facilities,Victorian YMCA Community Programming Pty Ltd,"$196,313.58",28/09/14,3615
INV206996,Melbourne Town Hall venue management,hhowtime Event Group Pty Ltd,0.1m,07/03/2029,3670
INV206997,Street cleaning,Spotless Facility Services Pty Ltd (AUS),202532.59,07 February 2028,3669
INV206998,Tree management maintenance services,citywide service solutions pty ltd,"$217,064.03",28/08/14,3678
INV206999,Street cleaning,Spotless Facility,0.0m,21-Feb-2026,3669
INV207000,Building cleaning services,menzies international (aust) pty ltd,141062.17 AUD,29/08/10,3634
