InvoiceID,ContractTitle,Provider,InvoiceAmount,InvoiceDate,ContractNumber
INV130001,Open spaces management - region 1,Cgtywide Service Solutions Pty Ltd,"$148,602.67",26/09/10, 
INV130002,Integrated security services,National Protective Services Pty Ltd (AUS),185598.65,25 October 2027,3686
INV130003,Vehicle tow away and impound services,Nationwide Towing Services,90773.64,05-Feb-2028,3585
INV130004,Open spaces management - region 2,Citywide Service Solutions P/L,0.2m,15-Jun-2027,3665
INV130005,Waste management services,CleanawayWasteManagementLimited,"$77,073.1",10 July 2028,3556
INV130006,Management of Active Melbourne recreation facilities,victorian ymca community programming pty ltd,211605.52 AUD,05 January 2028,3615
INV130007,Open spaces management - region 1,Citywide Service Solutions Pty Ltd (AU),0.2m,19/06/2026,3676
INV130008,Street cleaning,Spotless Facility Servicws Pty Ltd,168593.62,27 February 2026,3669
INV130009,Vehicle tow away and impound services,NATIONWIDE TOWING SERVICES,83933.02,10-Nov-2028,3585
INV130010,Melbourne Town Hall venue management,Showtime Event Group Pty. Ltd.,0.0m,2028-08-04,3670
INV130011,Integrated security services,National Protective Services P/L,236467.84 AUD,01 November 2029,3686
INV130012,Parking technology services,Reino International Pty Ltd T/A Duncan Solutions (AUS),"$138,437.88",16/12/2027,3623
INV130013,Graffiti management and pressure cleaning services,Calcorp Services Pty Ltd (AU),22289.21,27/12/22,3668
INV130014,Management of Active Melbourne recreation facilities,Victorian  YMCA  Community  Programming  Pty  Ltd,130727.74,25/12/29,3615
INV130015,Building cleaning services,Menzies International (Aust) P/L,"$22,862.61",2029-04-11,3634
INV130016,Graffiti management and pressure cleaning services,calcorp services pty ltd,"$186,835.5",24-Mar-2029,3668
INV130017,Open spaces management - region 2,SERCO (AUS),"$246,277.06",01/06/2026,3677
INV130018,Civil infrastructure services,CITYWIDE SERVICE SOLUTIONS PTY LTD,44902.6 AUD,02-Mar-2025,3665
INV130019,Management of Active Melbourne recreation facilities,Victorian YMCA Community Programming Pty Ltd (AU),28994.99 AUD,12 July 2029,3615
INV130020,Building cleaning services,Menzies International (Aust) Pty Ltd,34446.87 AUD,07 September 2027,3634
INV130021,Building maintenance services,Programmed Facility Management Pty Ltd,27762.99 AUD,18-May-2026,3630
INV130022,Open spaces management - region 2,SERCO (AU),0.2m,07/08/2027,3677
INV130023,Vehicle tow away and impound services,Nationwide Towing Services,0.2m,2027-10-27,3585
INV130024,Open spaces management - region 1,Citywide Service Solutions P/L,89778.49,15/05/2026,3676
INV130025,Civil infrastructure services,Citywide Service Solutions Pty Ltd (AU),224602.88,2025-03-07,3665
INV130026,Waste management services,Cleanaway Waste Mgmt Limited,66499.69,2026-03-28,3556
INV130027,Integrated security services,National Protective Services Pty Ltd (AU),245234.01,23-May-2025,3686
INV130028,Open spaces management - region 2,serco,0.1m,17/05/2028,3677
INV130029,Building maintenance services,Programmed,98383.12,2027-11-08,3630
INV130030,Civil infrastructure services,Citywide Service Solutions Pty Ltd,173029.53 AUD,24/02/2028,3665
INV130031,Building cleaning services,Menzies International (Aust) Pty Ltd,232296.99 AUD,29/08/2025,3634
INV130032,Integrated security services,National Protectiv,5295.44 AUD,04/01/2027,3686
INV130033,Graffiti management and pressure cleaning services,Calcorp Services Pty Ltd,173173.57,28-Feb-2027,3668
INV130034,Open spaces management - region 1,Citywide Service Solutions Pty Ltd,"$186,126.83",04/07/2026,3676
INV130035,Waste management services,Cleanaway Waste Management Limited,185180.91,2027-06-22,3556
INV130036,Civil infrastructure services,Citywide Service Solutions Pty Ltd,"$122,454.74",20/07/2026,3665
INV130037,Building cleaning services,Menzies International (Aust) P/L,0.1m,28-Nov-2028,3634
INV130038,Integrated security services,NATIONAL PROTECTIVE SERVICES PTY LTD,100778.32,25/06/10,3686
INV130039,Melbourne Town Hall venue management,Showtime Event Group P/L,"$31,851.8",12/08/2026, 
INV130040,Graffiti management and pressure cleaning services,Calcorp Services Pty Ltd (AU),197591.64 AUD,29 May 2026,3668
INV130041,Building cleaning services,Menzies International (Aust) Pty Ltd (AU),2062.92 AUD,31/07/2029,3634
INV130042,Building maintenance services,Programmed Facility Management Pty Ltd (AUS),"$83,742.04",2027-11-16,3630
INV130043,Waste management services,Cleanaway Waste Mgmt Limited,117027.46,13-Oct-2025,3556
INV130044,Civil infrastructure services,Citywide  Service  Solutions  Pty  Ltd,"$223,572.52",07 March 2026,3665
INV130045,Open spaces management - region 1,Citywide Service ,0.2m,07/04/2028,3676
INV130046,Graffiti management and pressure cleaning services,calcorp services pty ltd,"$248,303.69",05 September 2029,3668
INV130047,Management of Active Melbourne recreation facilities,Victorian YMCA Community Programming Pty. Ltd.,200278.82,08-Apr-2028,3615
INV130048,Melbourne Town Hall venue management,Showtime Event Group Pty Ltd,26422.9,14/01/2029,3670
INV130049,Waste management services,Cleanaway Waste Management Limited (AUS),147785.37,2026-12-15,3556
INV130050,Civil infrastructure services,Citywide Service Solutions Pty Ltd (AU),135564.42,2027-04-01,3665
INV130051,Building cleaning services,MENZIES INTERNATIONAL (AUST) PTY LTD,146505.67,23/02/2028,3634
INV130052,Graffiti management and pressure cleaning services,CALCORP SERVICES PTY LTD,73924.54,14/12/2026,3668
INV130053,Building maintenance services,Programmed Facility Management Pty Ltd,113023.12,2029-11-11,3630
INV130054,Open spaces management - region 1,Citywide Service Solutions Pty Ltd,63869.68,2028-03-30,3676
INV130055,Melbourne Town Hall venue management,SHOWTIME EVENT GROUP PTY LTD,0.2m,04 September 2028,3670
INV130056,Integrated security services,National Protective Services Pty Ltd (AU),"$173,844.4",21/02/2028,3686
INV130057,Building cleaning services,MENZIES INTERNATIONAL (AUST) PTY LTD,"$55,144.8",25-Oct-2025,3634
INV130058,Tree management maintenance services,citywide service solutions pty ltd,0.2m,08-Mar-2025,3678
INV130059,Street cleaning,Spotless Facility Services Pty Ltd,146663.09,21/12/2028, 
INV130060,Waste management services,Cleanaway Waste Management Limited (AUS),64383.11,13-Sep-2025,3556
INV130061,Civil infrastructure services,Citywide Service Solutions P/L,102023.19,,3665
INV130062,Melbourne Town Hall venue management,Showtime Event Group Pty Ltd,241673.95 AUD,26/02/22,3670
INV130063,Melbourne Town Hall venue management,Showtime,0.2m,11 March 2025,3670
INV130064,Vehicle tow away and impound services,nationwide towing services,0.1m,28/12/25,3585
INV130065,Building maintenance services,VictorianYMCACommunityProgrammingPtyLtd,147238.61 AUD,19 October 2026,3615
INV130066,Melbourne Town Hall venue management,Showtime Event Group Pty Ltd (AUS),184737.45,2029-03-18,3670
INV130067,Street cleaning,Spotless Facility Services Pty Ltd (AU),0.1m,22/01/2025,3669
INV130068,Parking technology services,Reino International Pty Ltd T/A Duncan Solutions,78853.56 AUD,26/02/2027,3623
INV130069,Graffiti management and pressure cleaning services,calcorp services pty ltd,"$248,978.66",03 December 2025,3668
INV130070,Street cleaning,SPOTLESS FACILITY SERVICES PTY LTD,192336.18 AUD,26 September 2028,3669
INV130071,Parking technology services,Reino International Pty Ltd T/A Duncan Solutions (AU),6073.92,27/02/20,3623
INV130072,Building maintenance services,PROGRAMMED FACILITY MANAGEMENT PTY LTD,0.1m,29/06/10,3630
INV130073,Street cleaning,Spotless  Facility  Services  Pty  Ltd,,24/02/2026,3669
INV130074,Waste management services,Nationwide Towing Services,121629.05 AUD,05-Jul-2025,3585
INV130075,Open spaces management - region 1,Citywide Service Solutions Pty Ltd (AU),0.2m,29/02/10,3676
INV130076,Civil infrastructure services,Citywide Service Solutions Pty Ltd,91506.69,04 September 2028,3665
INV130077,Civil infrastructure services,Citywide Service Solutions Pty Ltd,192210.69,27/05/13,3665
INV130078,Open spaces management - region 2,serco,151693.16,29 September 2027,3677
INV130079,Open spaces management - region 2,SERCO,87031.78 AUD,25/06/29,3677
INV130080,Management of Active Melbourne recreation facilities,Spotless Facility Services Pty Ltd (AUS),"$40,438.26",14/07/2025,3669
INV130081,Waste management services,CLEANAWAY WASTE MANAGEMENT LIMITED,2365.77 AUD,27/12/05,3556
INV130082,Graffiti management and pressure cleaning services,Calcorp Services Pty. Ltd.,48461.3 AUD,2028-07-23,3668
INV130083,Tree management maintenance services,Citywide Service Solutions Pty Ltd,5555.11 AUD,02/01/2026,3678
INV130084,Street cleaning,Spotless,87635.82,2026-07-06,3669
INV130085,Management of Active Melbourne recreation facilities,Victorian YMCA Community Programying Pty Ltd,147062.3,25 July 2027,3615
INV130086,Parking technology services,ReinoInternationalPtyLtdT/ADuncanSolutions,50698.32,26/02/16,3623
INV130087,Graffiti management and pressure cleaning services,Calcorp Services Pty Ltd,238539.49,24-Jan-2029,3668
INV130088,Civil infrastructure services,Citywide Service Solutions Pty. Ltd.,"$30,516.81",02/11/2026,3665
INV130089,Graffiti management and pressure cleaning services,CalcorpServicesPtyLtd,232087.96 AUD,06-Sep-2028,3668
INV130090,Integrated security services,National Protective Services Pty Ltd (AUS),117413.33 AUD,2025-03-03,3686
INV130091,Management of Active Melbourne recreation facilities,Victorian YMCA Community Programming Pty Ltd,96834.72,06 August 2027,3615
INV130092,Building cleaning services,Menzies International (Aust) Pty Ltd (AU),"$44,588.93",08/11/2026,3634
INV130093,Building cleaning services,Menzies International (Aust) Pty Ltd,126631.45 AUD,24/12/2026,3634
INV130094,Management of Active Melbourne recreation facilities,Victorian Ymca Community Programming Pty Ltd,109550.71,26/07/27,3615
INV130095,Tree management maintenance services,Citywide Service Solutions P/L,166604.59,21 July 2028,3678
INV130096,Management of Active Melbourne recreation facilities,VICTORIAN YMCA COMMUNITY PROGRAMMING PTY LTD,6125.05,28/06/10,3615
INV130097,Waste management services,CleanawayWasteManagementLimited,237321.59,29/04/05,3556
INV130098,Parking technology services,Reino International Pty Ltd T/A Duncan Solutions (AU),147911.33,2028-07-10,3623
INV130099,Vehicle tow away and impound services,NationwideTowingServices,"$171,054.13",27/06/15,3585
INV130100,Civil infrastructure services,Citywide Service ,190422.19,03/08/2026,3665
INV130101,Management of Active Melbourne recreation facilities,Victorian YMCA Community Programming Pty Ltd,47053.01,25/03/18,3615
INV130102,Open spaces management - region 1,Citywide Service Solutions Pty. Ltd.,151778.23,27/01/07,3676
INV130103,Building cleaning services,Menzies International (Aust) P/L,149460.88 AUD,26/08/05,3634
INV130104,Graffiti management and pressure cleaning services,CalcorpServicesPtyLtd,243696.57,29/04/30,3668
INV130105,Vehicle tow away and impound services,NationwideTowingServices,60721.18,11-Oct-2025,3585
INV130106,Open spaces management - region 1,Citywide Service Soluhions Pty Ltd,0.2m,27-Sep-2025,3676
INV130107,Building maintenance services,Programmed Facility Management Pty Ltd (AUS),69388.28,2027-12-21,3630
INV130108,Civil infrastructure services,citywide service solutions pty ltd,67343.53,31/08/2025,3665
INV130109,Civil infrastructure services,citywide service solutions pty ltd,0.1m,09/03/2028,3665
INV130110,Street cleaning,Spotless  Facility  Services  Pty  Ltd,"$152,036.3",2027-04-19,3669
INV130111,Integrated security services,National,0.0m,2027-02-02,3686
INV130112,Tree management maintenance services,Citywide Service Solutions Pty. Ltd.,228871.14,26/07/26,3678
INV130113,Parking technology services,REINO INTERNATIONAL PTY LTD T/A DUNCAN SOLUTIONS,160825.28 AUD,12 June 2026,3623
INV130114,Integrated security services,national protective services pty ltd,"$95,955.91",15-Jan-2026,3686
INV130115,Building cleaning services,MENZIES INTERNATIONAL (AUST) PTY LTD,0.1m,21 August 2027,3634
INV130116,Open spaces management - region 1,Citywide Service Solutions Pty Ltd,49336.84 AUD,08/09/2028,3676
INV130117,Civil infrastructure services,Citywide Service Solutions Pty Ltd,0.0m,11 October 2025, 
INV130118,Open spaces management - region 1,Citywide  Service  Solutions  Pty  Ltd,196141.03,26/11/02,3676
INV130119,Management of Active Melbourne recreation facilities,Victorian YMCA Community Programming P/L,135784.13 AUD,11/01/2027,3615
INV130120,Street cleaning,Citywide Service Solutions P/L,232948.38,27/12/23,3678
INV130121,Open spaces management - region 1,Citywide Service Solutions Pty Ltd,44810.42,01-Aug-2029, 
INV130122,Street cleaning,Spotless Facility Services Pty Ltd,"$128,067.02",06 November 2028,3669
INV130123,Tree management maintenance services,Citywide  Service  Solutions  Pty  Ltd,0.2m,2026-09-21,3678
INV130124,Building cleaning services,Menzies International (Aust) P/L,80703.23,29/01/01,3634
INV130125,Management of Active Melbourne recreation facilities,Victorian YMCA Community Progradming Pty Ltd,"$1,641.65",13-Nov-2029,3615
INV130126,Building cleaning services,menzies international (aust) pty ltd,0.0m,10-Apr-2026,3634
INV130127,Building maintenance services,Programmed Facility Management Pty Ltd (AU),240707.71,22 July 2029,3630
INV130128,Integrated security services,National,213446.39,02 August 2029,3686
INV130129,Graffiti management and pressure cleaning services,Calcorp hervices Pty Ltd,53640.84 AUD,,3668
INV130130,Waste management services,Cleanaway Waste Mgmt Limited,224399.47,2027-12-10, 
INV130131,Building maintenance services,programmed facility management pty ltd,6298.73 AUD,06 February 2025,3630
INV130132,Waste management services,Cleanaway Waste Management Ltd,"$161,932.33",20/02/2029,3556
INV130133,Building maintenance services,Programmed Facility Management P/L,247216.39,26/01/05,3630
INV130134,Building maintenance services,Programmed Facility Management Pty. Ltd.,0.0m,27/05/30,3630
INV130135,Tree management maintenance services,CITYWIDE SERVICE SOLUTIONS PTY LTD,0.1m,23 March 2025,3678
INV130136,Tree management maintenance services,CITYWIDE SERVICE SOLUTIONS PTY LTD,"$9,284.58",2026-08-12,3678
INV130137,Open spaces management - region 1,CitywideServiceSolutionsPtyLtd,134492.69 AUD,02-Mar-2028,3676
INV130138,Street cleaning,SPOTLESS FACILITY SERVICES PTY LTD,0.2m,,3669
INV130139,Graffiti management and pressure cleaning services,calcorp services pty ltd,"$163,760.34",13/10/2028,3668
INV130140,Open spaces management - region 2,SERCO,14936.59,04-Feb-2025,3677
INV130141,Parking technology services,Reino International Pty ,164268.04,2029-08-15,3623
INV130142,Building cleaning services,Menzies International (Aust) Pty Ltd (AU),0.1m,2028-01-05,3634
INV130143,Integrated security services,National Protective Services Pty Ltd (AUS),188985.14,25/10/2025,3686
INV130144,Waste management services,cleanaway waste management limited,207458.53 AUD,15-Aug-2026,3556
INV130145,Street cleaning,Spotless Facility Services Pty Ltd,0.0m,07 August 2028,3669
INV130146,Open spaces management - region 2,SERCO,246581.32,29/02/2028,3677
INV130147,Graffiti management and pressure cleaning services,calcorp services pty ltd,"$246,352.87",10 November 2026,3668
INV130148,Management of Active Melbourne recreation facilities,VICTORIAN YMCA COMMUNITY PROGRAMMING PTY LTD,45034.1 AUD,16/04/2027,3615
INV130149,Management of Active Melbourne recreation facilities,SERCO (AU),192488.64,26 January 2028,3677
INV130150,Open spaces management - region 2,Serco,12781.96 AUD,03/06/2026,3677
INV130151,Waste management services,Cleanaway Waste Management Limited (AUS),"$165,901.19",29/12/2027,3556
INV130152,Integrated security services,National Protective Sermices Pty Ltd,188505.98,28/01/28,3686
INV130153,Civil infrastructure services,Citywide Service Solutions Pty Ltd,"$181,946.57",30-Jan-2029,3665
INV130154,Management of Active Melbourne recreation facilities,Calcorp Sexvices Pty Ltd,119348.83,2026-05-08,3668
INV130155,Street cleaning,SPOTLESS FACILITY SERVICES PTY LTD,149914.62,04/12/2025,3669
INV130156,Waste management services,Cleanaway Waste Management LTD,173703.21,31/12/2029, 
INV130157,Open spaces management - region 1,Citywide,212164.62,15/10/2025,3676
INV130158,Street cleaning,SPOTLESS FACILITY SERVICES PTY LTD,178576.77 AUD,2027-12-31,3669
INV130159,Management of Active Melbourne recreation facilities,Victorian YMCA Community Programming Pty Ltd (AUS),"$14,473.53",08/09/2028,3615
INV130160,Parking technology services,Reino International Pty Ltd T/A Duncan Solutions (AU),"$178,405.22",25/04/17,3623
INV130161,Graffiti management and pressure cleaning services,CALCORP SERVICES PTY LTD,50224.34,28/08/06,3668
INV130162,Building cleaning services,Menzies International (Aust) Pty Ltd,49895.2 AUD,30/07/2027,3634
INV130163,Open spaces management - region 1,Citywide Service ,55325.13,16/09/2028,3676
INV130164,Vehicle tow away and impound services,Nationwide Towing Services,144007.72,12/05/2028,3585
INV130165,Parking technology services,Reino International Pty Ltd T/A Duncan Solutions,85923.14,02 May 2026,3623
INV130166,Building maintenance services,ProgrammedFacilityManagementPtyLtd,158137.42 AUD,27/08/25,3630
INV130167,Graffiti management and pressure cleaning services,Calcorp Serv,38954.31,19/02/2029,3668
INV130168,Civil infrastructure services,Citvwide Service Solutions Pty Ltd,249322.49,09/03/2027,3665
INV130169,Tree management maintenance services,Citywide,"$63,521.31",21-Dec-2029,3678
INV130170,Graffiti management and pressure cleaning services,Calcorp Services Pty Ltd (AU),131690.69,2028-12-25, 
INV130171,Vehicle tow away and impound services,Nationwide Towing Services (AUS),"$135,319.04",26/09/09,3585
INV130172,Open spaces management - region 2,SERCO,174354.89,24 October 2025, 
INV130173,Parking technology services,Reino International Pty Ltd T/A Duncan Solutions,0.0m,24-Sep-2026,3623
INV130174,Building cleaning services,Menzies,"$185,564.17",30/01/2027,3634
INV130175,Civil infrastructure services,Citywide Service Solutions Pty. Ltd.,150519.21 AUD,03/06/2028,3665
INV130176,Parking technology services,Reino International Pty Ltd g/A Duncan Solutions,88330.0 AUD,2027-04-03,3623
INV130177,Street cleaning,Spotless Facility Services Pty Ltd (AU),"$157,021.18",07/02/2025,3669
INV130178,Management of Active Melbourne recreation facilities,Victorian YMCA Community Programming Pty Ltd (AUS),0.2m,12/01/2025,3615
INV130179,Street cleaning,Spotless Facility,205754.11,28 March 2028,3669
INV130180,Waste management services,Cleanaway  Waste  Management  Limited,248183.38,27/10/05,3556
INV130181,Building maintenance services,Programmed Facility Management Pty Ltd,0.1m,29/05/2025,3630
INV130182,Integrated security services,Natiohal Protective Services Pty Ltd,0.1m,09 January 2028,3686
INV130183,Graffiti management and pressure cleaning services,Calcorp  Services  Pty  Ltd,0.1m,18 February 2029,3668
INV130184,Tree management maintenance services,Citywide Service Solutions Pty Ltd (AUS),17951.87 AUD,2027-09-21,3678
INV130185,Waste management services,Cleanaway Waste Management Limited,29333.82,28/04/27,3556
INV130186,Management of Active Melbourne recreation facilities,Victorian YMCA Community Programming Pty Ltd,124622.11,26/11/23,3615
INV130187,Open spaces management - region 2,SERCO,207124.19 AUD,20 December 2029,3677
INV130188,Graffiti management and pressure cleaning services,Calcorp Services Pty. Ltd.,86379.93 AUD,21/09/2029,3668
INV130189,Street cleaning,Spotless Facility Services Pty Ltd,"$177,544.13",07/03/2025, 
INV130190,Building maintenance services,Programmed  Facility  Management  Pty  Ltd,31044.59,20-Mar-2028,3630
INV130191,Open spaces management - region 1,Citywide Service Solutiond Pty Ltd,77677.48,20-Oct-2026,3678
INV130192,Vehicle tow away and impound services,Nationwide Towing Services,30284.43 AUD,2026-12-05,3585
INV130193,Vehicle tow away and impound services,Nationwide,0.2m,17/02/2029,3585
INV130194,Melbourne Town Hall venue management,Showtime Event Group Pty Ltd,155589.94,25/04/21,3670
INV130195,Management of Active Melbourne recreation facilities,Victorian YMCA Community Programming Pty Ltd (AUS),17852.03,23 August 2028,3615
INV130196,Tree management maintenance services,Citywide Service Solutions Pty Ltd,47248.69,15/09/2026,3678
INV130197,Waste management services,Cleanaway,0.2m,10-Dec-2025,3556
INV130198,Civil infrastructure services,Citywide Service ,181423.61,11/05/2026,3665
INV130199,Tree management maintenance services,citywide service solutions pty ltd,0.1m,07/02/2025,3678
INV130200,Civil infrastructure services,citywide service solutions pty ltd,0.1m,27/12/2028,3665
INV130201,Vehicle tow away and impound services,nationwide towing services,55474.78,27-Dec-2026,3585
INV130202,Open spaces management - region 2,SERCO,26462.6 AUD,2027-08-17, 
INV130203,Building cleaning services,Menzies Internatio,152122.62,2028-07-03, 
INV130204,Street cleaning,Spotless Facility Services Pty Ltd,0.2m,2026-01-17,3669
INV130205,Tree management maintenance services,Citywide Service Solutions Pty Ltd,"$47,173.59",07-Dec-2025,3678
INV130206,Street cleaning,Programmed Facility Management Pty Ltd (AUS),0.2m,14-Jul-2025,3630
INV130207,Tree management maintenance services,CITYWIDE SERVICE SOLUTIONS PTY LTD,"$2,996.22",12-May-2027,3678
INV130208,Open spaces management - region 1,CitywideServiceSolutionsPtyLtd,244452.5 AUD,08-Jun-2027,3676
INV130209,Tree management maintenance services,citywide service solutions pty ltd,43315.37,17-Mar-2026,3678
INV130210,Building maintenance services,PROGRAMMED FACILITY MANAGEMENT PTY LTD,164597.37,22/09/2025,3630
INV130211,Management of Active Melbourne recreation facilities,Victorian YMCA Communi,16674.83 AUD,27/08/29,3615
INV130212,Street cleaning,spotless facility services pty ltd,107542.45 AUD,2028-07-18,3669
INV130213,Building maintenance services,Victorian YMCA Community Programming Pty Ltd (AU),217216.75,26/05/09,3615
INV130214,Street cleaning,Spotless Facility Services Pty Ltd,"$181,468.88",,3669
INV130215,Integrated security services,National Protective Services Pty Ltd,39130.59,2027-10-15,3686
INV130216,Street cleaning,Spotless Facility,0.0m,28/10/18,3669
INV130217,Vehicle tow away and impound services,Nationwide Towing Services,152111.49,2025-05-12,3585
INV130218,Civil infrastructure services,citywide service solutions pty ltd,"$219,563.64",18 May 2027,3665
INV130219,Waste management services,CLEANAWAY WASTE MANAGEMENT LIMITED,"$208,656.8",03 March 2026,3556
INV130220,Melbourne Town Hall venue management,Showtime Event Group Pby Ltd,126093.3 AUD,15 April 2027,3670
INV130221,Open spaces management - region 1,Citywide Service Solutions Pty Ltd (AU),236386.9 AUD,2027-05-03,3676
INV130222,Civil infrastructure services,Citywide Service Solutiony Pty Ltd,"$181,958.98",28 July 2028,3665
INV130223,Open spaces management - region 1,Citywide Service Solutions Pty Ltd,"$116,447.28",03/01/2026,3676
INV130224,Building cleaning services,Menzies International (Aust) P/L,82453.64 AUD,06/11/2027,3634
INV130225,Parking technology services,Reino Intl Pty Ltd T/A Duncan Solutions,"$210,689.1",2029-07-28,3623
INV130226,Vehicle tow away and impound services,Nationwide,223252.08,28/10/23,3585
INV130227,Building cleaning services,menzies international (aust) pty ltd,"$139,108.6",02 May 2027,3634
INV130228,Civil infrastructure services,Citywide Service Solutions Pty Ltd (AU),133021.56,26/09/03,3665
INV130229,Street cleaning,Spotless Facility Services Pty Ltd,"$27,699.65",2029-06-05,3669
INV130230,Management of Active Melbourne recreation facilities,victorian ymca community programming pty ltd,"$65,605.2",22-Nov-2028,3615
INV130231,Street cleaning,Spotless,101431.54,24/02/2028, 
INV130232,Melbourne Town Hall venue management,Showtime Event,204828.53,03/11/2026,3670
INV130233,Building cleaning services,Menzies International (Aust) P/L,216039.8,21/10/2025,3634
INV130234,Civil infrastructure services,Citywide,195918.02 AUD,23/04/2025,3665
INV130235,Waste management services,Cleanaway Waste Management aimited,7186.0,2028-02-05,3556
INV130236,Waste management services,Cleanaway Waste Management Limited (AU),131978.99,25/06/05,3556
INV130237,Melbourne Town Hall venue management,Showtime  Event  Group  Pty  Ltd,120560.69 AUD,27/09/2025,3670
INV130238,Tree management maintenance services,Citywide Service Solutions Pty Ltd (AUS),0.1m,22-Apr-2026,3678
INV130239,Open spaces management - region 1,Victorian YMCA Community Programming Pty Ltd (AU),240121.9 AUD,16-Jun-2025,3615
INV130240,Waste management services,Cleanaway Waste Management Ltd,0.2m,05/12/2029,3556
INV130241,Melbourne Town Hall venue management,Showtime Event Group Pty Ltd (AUS),203657.72,27/11/06,3670
INV130242,Street cleaning,Spotless,0.0m,27/04/2029,3669
INV130243,Waste management services,Cleanaway Waste Management Limited (AU),135747.54,28/04/2027,3556
INV130244,Waste management services,CitywideServiceSolutionsPtyLtd,5352.99 AUD,26/04/08,3678
INV130245,Building maintenance services,Programmed  Facility  Management  Pty  Ltd,228168.32,2025-05-26,3630
INV130246,Management of Active Melbourne recreation facilities,Victorian YMCA Community Programming Pty. Ltd.,215684.89 AUD,15 March 2025,3615
INV130247,Parking technology services,REINO INTERNATIONAL PTY LTD T/A DUNCAN SOLUTIONS,0.1m,12-Sep-2026,3623
INV130248,Tree management maintenance services,Citywide Service ,"$56,569.45",20/03/2028,3678
INV130249,Tree management maintenance services,Citywide Service Solutions Pty Ltd,0.2m,2025-09-14,3678
INV130250,Street cleaning,Spotless Facility Services P/L,181045.45,2025-05-27,3669
INV130251,Graffiti management and pressure cleaning services,Calcorp Services Pty Ltd,"$43,183.08",25/10/31,3668
INV130252,Integrated security services,National  Protective  Services  Pty  Ltd,0.2m,,3686
INV130253,Street cleaning,Spotless Facility Services Pty Ltd,"$3,899.78",2029-04-26,3669
INV130254,Civil infrastructure services,Citywide Service Solutions Pty. Ltd.,187565.39,24 February 2027,3665
INV130255,Street cleaning,spotless facility services pty ltd,"$148,664.74",29/04/10,3669
INV130256,Civil infrastructure services,Citywide Service Solutions Pty Ltd (AUS),"$229,940.92",2026-07-07,3665
INV130257,Open spaces management - region 2,SERCO,0.2m,17/08/2029,3677
INV130258,Building cleaning services,MenziesInternational(Aust)PtyLtd,29793.1 AUD,05/12/2028,3634
INV130259,Waste management services,Cleanaway Waste Management Limited,199613.71 AUD,06-Jun-2025, 
INV130260,Open spaces management - region 1,Citywide,221490.36,02 July 2029,3676
INV130261,Management of Active Melbourne recreation facilities,Victorian YMCA Communi,35734.28 AUD,28/09/20,3615
INV130262,Parking technology services,ReinokInternational Pty Ltd T/A Duncan Solutions,90330.73,29/02/01,3623
INV130263,Building maintenance services,Programmed Facility Management Pty. Ltd.,192485.02,27/07/27,3630
INV130264,Melbourne Town Hall venue management,ShowtimeEventGroupPtyLtd,161808.48,2025-10-05,3670
INV130265,Waste management services,Cleanaway  Waste  Management  Limited,0.2m,23-Aug-2029,3556
INV130266,Open spaces management - region 1,CITYWIDE SERVICE SOLUTIONS PTY LTD,0.1m,10/05/2029,3676
INV130267,Management of Active Melbourne recreation facilities,Victorian YMCA Community Programming Pty Ldd,0.2m,03 May 2029,3615
INV130268,Waste management services,Cleanaway Waste Management Ltd,29623.36,2027-11-20,3556
INV130269,Management of Active Melbourne recreation facilities,VictorianYMCACommunityProgrammingPtyLtd,0.1m,02 September 2027,3615
INV130270,Melbourne Town Hall venue management,Showtime Event Group Pty Ltd,123531.5,05-Apr-2029,3670
INV130271,Integrated security services,National Protective Services Pty Ltd (AUS),47114.16 AUD,28-Sep-2028,3686
INV130272,Civil infrastructure services,Citywide Service ,35731.15,2028-10-17,3665
INV130273,Waste management services,Cleanaway Waste Management LTD,72307.38 AUD,,3556
INV130274,Integrated security services,NATIONAL PROTECTIVE SERVICES PTY LTD,205279.0,12/08/2028, 
INV130275,Building maintenance services,ProgrammedFacilityManagementPtyLtd,138795.37,19 January 2026,3630
INV130276,Vehicle tow away and impound services,Nationwide Towing Services (AU),151569.7,16/12/2027,3585
INV130277,Building cleaning services,Menzies  International  (Aust)  Pty  Ltd,"$66,199.18",29/06/07,3634
INV130278,Parking technology services,Reino Int’l Pty Ltd T/A Duncan Solutions,"$84,206.42",14-Sep-2026,3623
INV130279,Parking technology services,REINO INTERNATIONAL PTY LTD T/A DUNCAN SOLUTIONS,194000.34,09/08/2025,3623
INV130280,Civil infrastructure services,CitywideServiceSolutionsPtyLtd,90557.8,01 January 2027,3665
INV130281,Open spaces management - region 1,Citywide Service Solutions Pty Ltd (AUS),"$110,769.46",28 August 2027,3676
INV130282,Melbourne Town Hall venue management,Showtime Event Group Pvy Ltd,218730.39,17/07/2025,3670
INV130283,Waste management services,cleanaway waste management limited,188492.99,10/10/2025,3556
INV130284,Integrated security services,national protective services pty ltd,16357.09,2029-09-03,3686
INV130285,Civil infrastructure services,Citywide  Service  Solutions  Pty  Ltd,21683.55,13/08/2025,3665
INV130286,Integrated security services,NATIONAL PROTECTIVE SERVICES PTY LTD,"$112,269.05",01 February 2028,3686
INV130287,Management of Active Melbourne recreation facilities,Victorian  YMCA  Community  Programming  Pty  Ltd,"$172,079.05",29/04/21, 
INV130288,Graffiti management and pressure cleaning services,Calcorp Services P/L,191549.55,18 October 2028,3668
INV130289,Waste management services,CLEANAWAY WASTE MANAGEMENT LIMITED,196772.92 AUD,27/12/15,3556
INV130290,Parking technology services,Reino International Pty ,162006.36,27-Dec-2025,3623
INV130291,Graffiti management and pressure cleaning services,Calcorp Services Pty Ltd (AUS),160032.88 AUD,19/06/2028,3668
INV130292,Waste management services,Victorian YMCA Community Programming Pty Ltd (AU),0.0m,25/12/07,3615
INV130293,Building cleaning services,Menzies International (Aust) Pty Ltd (AU),65569.38,2025-06-15,3634
INV130294,Integrated security services,National Protectiv,43865.85,28/12/2026,3686
INV130295,Waste management services,Cleanaway Waste Mgmt Limited,140130.97,01-Feb-2026,3556
INV130296,Building cleaning services,Menzies International (Aust) Pty Ltd,"$155,452.81",28/09/2025,3634
INV130297,Parking technology services,Reino International Pty Ltd T/A Duncan Solutions,203491.23 AUD,22/04/2026,3623
INV130298,Building maintenance services,PROGRAMMED FACILITY MANAGEMENT PTY LTD,32141.53,20/11/2025,3630
INV130299,Management of Active Melbourne recreation facilities,victorian ymca community programming pty ltd,73237.27,21 February 2028,3615
INV130300,Street cleaning,Spotless Facility Services Pty Ltd,"$60,682.04",06/01/2025,3669
INV130301,Integrated security services,National  Protective  Services  Pty  Ltd,80116.13,06-Jun-2026,3686
INV130302,Open spaces management - region 1,Citywide Service Solutions Pty Ltd,35025.89 AUD,26/07/2026,3676
INV130303,Integrated security services,SERCl,"$237,826.22",08-Oct-2029,3677
INV130304,Street cleaning,Spotless Facility Services P/L,37898.54 AUD,07/07/2029,3669
INV130305,Open spaces management - region 2,SERCO (AUS),"$193,022.42",20-Nov-2027,3677
INV130306,Open spaces management - region 1,Citywide Service Solutions Pty Ltd (AUS),46939.13,2026-08-17,3676
INV130307,Melbourne Town Hall venue management,Showtime  Event  Group  Pty  Ltd,0.2m,2027-08-08,3670
INV130308,Civil infrastructure services,Citywide,116924.16,2027-07-23,3665
INV130309,Street cleaning,Spotless Facility Services Pty Ltd,45206.7,14/02/2026,3669
INV130310,Open spaces management - region 2,SERCO,"$24,195.13",28-May-2025,3677
INV130311,Graffiti management and pressure cleaning services,Calcorp,0.2m,15-Feb-2026,3668
INV130312,Building cleaning services,Menzies International (Aust) Pty Ltd,245031.02,05-Mar-2029,3634
INV130313,Civil infrastructure services,Citywide Service Solutions Pty Ltd,116348.75,19/01/2025,3665
INV130314,Graffiti management and pressure cleaning services,Calcorp ServiceshPty Ltd,83677.63,28-Apr-2025,3668
INV130315,Open spaces management - region 2,SERCO,0.1m,01/03/2025,3677
INV130316,Civil infrastructure services,Citywide Service Solutions Pty Ltd (AUS),0.1m,01-May-2028,3665
INV130317,Vehicle tow away and impound services,nationwide towing services,226428.88 AUD,16/08/2025, 
INV130318,Integrated security services,National Protective Services Pty Ltd (AUS),0.2m,11/12/2025,3686
INV130319,Integrated security services,NATIONAL PROTECTIVE SERVICES PTY LTD,129630.12,26 April 2028,3686
INV130320,Open spaces management - region 2,SERCO,"$177,177.28",20 April 2029, 
INV130321,Building cleaning services,Menzies International (Aust) Pty. Ltd.,197442.73,20-Apr-2027,3634
INV130322,Integrated security services,National Protective Services Pty Ltd (AUS),144187.47,22 November 2028,3686
INV130323,Building maintenance services,Programmed Facility,"$127,703.82",20/05/2025,3630
INV130324,Building maintenance services,Programmed Facility Management Pty. Ltd.,54170.3 AUD,20-Mar-2025,3630
INV130325,Building maintenance services,Programmed Facility Management Pty Ltd (AU),0.0m,2028-10-31,3630
INV130326,Street cleaning,SERCO,159674.34,28 September 2026,3677
INV130327,Integrated security services,NATIONAL PROTECTIVE SERVICES PTY LTD,196105.03,29/05/2027,3686
INV130328,Waste management services,Cleanaway  Waste  Management  Limited,"$165,935.45",02/10/2027,3556
INV130329,Graffiti management and pressure cleaning services,Calcorp Serv,46399.59 AUD,22/11/2028,3668
INV130330,Civil infrastructure services,Citywide Service Solutions Pty Ltd,2498.62,16/02/2027,3665
INV130331,Building cleaning services,Menzies International (Aust) Pty Ltd,3816.42,24/05/2025,3634
INV130332,Vehicle tow away and impound services,Nationwide To,156784.37 AUD,28-Jun-2026,3585
INV130333,Building cleaning services,menzies international (aust) pty ltd,123296.55,2029-09-16,3634
INV130334,Waste management services,Cleanaway Waste Management Limited (AU),"$219,929.54",27/12/28,3556
INV130335,Waste management services,Cleanaway  Waste  Management  Limited,238740.82,23-Jun-2026,3556
INV130336,Integrated security services,SERCO,150670.38,24-Jan-2029,3677
INV130337,Waste management services,Cleanaway Waste Management LTD,191643.28 AUD,19/10/2029,3556
INV130338,Building cleaning services,Menzies International (Aust) Pty Ltd,0.2m,27/02/03,3634
INV130339,Civil infrastructure services,Citywide  Service  Solutions  Pty  Ltd,229969.01,03-Jun-2025,3665
INV130340,Parking technology services,Reino International Pty Ltd T/A Duncan Solutions (AUS),25570.32 AUD,,3623
INV130341,Open spaces management - region 2,SERCO (AU),"$175,419.56",29/05/17,3677
INV130342,Tree management maintenance services,Citywide  Service  Solutions  Pty  Ltd,215709.16 AUD,27/01/2028,3678
INV130343,Parking technology services,Reino Int’l Pty Ltd T/A Duncan Solutions,"$83,202.49",2026-02-06,3623
INV130344,Street cleaning,Spotless Facility Services Pty Ltd,133747.76,16-Sep-2028,3669
INV130345,Integrated security services,National Protective Services Pty Ltd (AU),243142.37,2028-10-05, 
INV130346,Vehicle tow away and impound services,Nationwide Towing Services,0.2m,27/05/07,3585
INV130347,Building cleaning services,Menzies International (Aust) Pty Ltd (AU),0.1m,2027-02-08,3634
INV130348,Open spaces management - region 1,Citywide  Service  Solutions  Pty  Ltd,209471.95 AUD,27-Apr-2029, 
INV130349,Management of Active Melbourne recreation facilities,Victorian YMCA Community Programming Pty. Ltd.,75567.26 AUD,29/06/2027,3615
INV130350,Integrated security services,national protective services pty ltd,96858.63 AUD,28/12/06,3686
INV130351,Waste management services,Cleanaway Waste Management Limited,3275.4,2025-09-04,3556
INV130352,Building cleaning services,Menzies International (Aust) Pty. Ltd.,137092.88 AUD,16/06/2026,3634
INV130353,Building maintenance services,Progrcmmed Facility Management Pty Ltd,"$51,319.45",29/11/11,3630
INV130354,Building maintenance services,Programmed Facility,227496.9,26/04/28,3630
INV130355,Management of Active Melbourne recreation facilities,Victorian YMCA Community Programming Pty Ltd (AU),75575.05 AUD,29/12/05,3615
INV130356,Civil infrastructure services,citywide service solutions pty ltd,188611.6,28/02/01, 
INV130357,Open spaces management - region 2,SERCO (AU),149966.03,28-Apr-2026,3677
INV130358,Building cleaning services,MenziesInternational(Aust)PtyLtd,"$187,348.44",26 March 2028,3634
INV130359,Tree management maintenance services,National Protective Services P/L,132773.27 AUD,2025-08-09,3686
INV130360,Management of Active Melbourne recreation facilities,Victorian YMCA Community Programming Pty Ltd (AUS),240172.18,25/12/2029,3615
INV130361,Integrated security services,National Protective Services Pty. Ltd.,127211.02,25/07/02,3686
INV130362,Graffiti management and pressure cleaning services,CALCORP SERVICES PTY LTD,150055.37,15-Jun-2026,3668
INV130363,Building maintenance services,Programmed Facility,"$147,771.77",09/09/2026,3630
INV130364,Melbourne Town Hall venue management,Showtime Event Group Pty Ltd (AUS),0.0m,10-Jan-2029,3670
INV130365,Integrated security services,NationalProtectiveServicesPtyLtd,197220.06,25/05/07,3686
INV130366,Civil infrastructure services,Citywide  Service  Solutions  Pty  Ltd,0.1m,16 June 2028,3665
INV130367,Open spaces management - region 2,SERCO (AUS),85133.3,27/12/24,3677
INV130368,Street cleaning,Spotless Facility Services Pty Ltd,68264.52 AUD,2027-05-11,3669
INV130369,Open spaces management - region 2,ShRCO,244035.11,02/01/2028,3677
INV130370,Integrated security services,National,202975.35 AUD,28/07/09,3686
INV130371,Waste management services,Cleanaway Waste Management LTD,197552.84,17-Dec-2028,3556
INV130372,Vehicle tow away and impound services,Nationwide,"$190,684.73",04-Jan-2028,3585
INV130373,Waste management services,Cleanaway  Waste  Management  Limited,154384.02,12/11/2029,3556
INV130374,Integrated security services,NATIONAL PROTECTIVE SERVICES PTY LTD,0.0m,02/07/2026,3686
INV130375,Parking technology services,Citywide Service Solutions Pty Ltd,221924.12 AUD,09 May 2028,3678
INV130376,Melbourne Town Hall venue management,Showtime Event Group Pty Ltd (AUS),195998.47 AUD,31 October 2029,3670
INV130377,Tree management maintenance services,Citywide Service Solutions Pty Ltd,0.2m,08/07/2027,3678
INV130378,Management of Active Melbourne recreation facilities,Victorian  YMCA  Community  Programming  Pty  Ltd,58602.87,17/10/2027,3615
INV130379,Parking technology services,Reino International Pty Ltd T/A Duncan Solutions,86475.82 AUD,14 October 2028,3623
INV130380,Melbourne Town Hall venue management,Showtime Event Group Pty Ltd,"$215,916.4",2028-05-16,3670
INV130381,Vehicle tow away and impound services,Nationwide Towing Services,102402.85 AUD,11/05/2027,3585
INV130382,Civil infrastructure services,Citywide  Service  Solutions  Pty  Ltd,15735.52 AUD,26/02/2026,3665
INV130383,Integrated security services,Programmed,0.1m,28/11/17,3630
INV130384,Street cleaning,Spotless Facility Services Pty Ltd,76034.34,10/06/2026,3669
INV130385,Building maintenance services,Programmed Facility Management Pty Ltd,0.1m,29/12/05,3630
INV130386,Open spaces management - region 1,Citywide Service ,5461.21,2029-04-18,3676
INV130387,Graffiti management and pressure cleaning services,Calcorp Services Pty Ltd,0.1m,03-Jan-2027,3668
INV130388,Integrated security services,NationalProtectiveServicesPtyLtd,0.1m,07-May-2025,3686
INV130389,Waste management services,CleanawayWasteManagementLimited,180273.14,22/02/2026,3556
INV130390,Parking technology services,Reino International Pty Ltd T/A Duncan Solutiozs,146843.94,2025-11-29,3623
INV130391,Building maintenance services,ProgrammedFacilityManagementPtyLtd,82964.74,2025-12-29,3630
INV130392,Graffiti management and pressure cleaning services,Calcorp Services P/L,"$160,324.05",01/09/2026,3668
INV130393,Vehicle tow away and impound services,Nationwide To,0.1m,2027-01-05,3585
INV130394,Building maintenance services,Programmed Facility Management P/L,199655.68 AUD,05/02/2026,3630
INV130395,Graffiti management and pressure cleaning services,Calcorp Services Pty Ltd,"$197,836.97",10-Sep-2029,3668
INV130396,Graffiti management and pressure cleaning services,CalcorpServicesPtyLtd,"$167,669.54",2028-08-27,3668
INV130397,Open spaces management - region 2,SERCO,0.0m,2026-08-30,3677
INV130398,Civil infrastructure services,Citywide Service ,"$18,708.59",26/05/2025,3665
INV130399,Integrated security services,NationalProtectiveServicesPtyLtd,0.1m,25/08/14,3686
INV130400,Street cleaning,Spotless Facility,33776.81 AUD,2026-09-06,3669
INV130401,Building maintenance services,Programmed Facility Management Pty Ltd,113528.31 AUD,06/05/2029,3630
INV130402,Melbourne Town Hall venue management,Showtime Event Group Pty Ltd (AU),"$137,989.3",11/01/2028,3670
INV130403,Waste management services,cleanaway waste management limited,10669.42,,3556
INV130404,Waste management services,Cleanaway Waste Management LTD,"$29,775.71",23/07/2029,3556
INV130405,Graffiti management and pressure cleaning services,Calcorp Services Pty Ltd,"$77,172.01",10-Mar-2025,3668
INV130406,Open spaces management - region 1,CitywideServiceSolutionsPtyLtd,0.0m,24 May 2028,3676
INV130407,Integrated security services,National,170210.66 AUD,02-Dec-2029,3686
INV130408,Civil infrastructure services,Citywide,"$174,767.29",26/11/21,3665
INV130409,Parking technology services,Reino Int’l Pty Ltd T/A Duncan Solutions,136965.0,02 September 2028,3623
INV130410,Waste management services,Cleanaway Waste Management Limited (AU),0.2m,24/08/2029,3556
INV130411,Building maintenance services,Programmed Facility Management Pty. Ltd.,200507.61,2028-06-19, 
INV130412,Vehicle tow away and impound services,Nationwide  Towing  Services,"$140,281.38",28/01/2026,3585
INV130413,Open spaces management - region 1,Citywidp Service Solutions Pty Ltd,178917.03 AUD,20/03/2026,3676
INV130414,Building cleaning services,Menzies International (Aust) Pty Ltd (AUS),0.1m,29/09/2025,3634
INV130415,Integrated security services,National Protective Services P/L,"$63,858.15",20/04/2029,3686
INV130416,Integrated security services,National Protective Services Pty Ltd (AU),150248.29 AUD,26-Jan-2026,3686
INV130417,Civil infrastructure services,citywide service solutions pty ltd,"$59,550.37",21/04/2029,3665
INV130418,Vehicle tow away and impound services,nationwide towing services,"$101,008.13",08-Nov-2026,3585
INV130419,Open spaces management - region 2,SERCO,0.0m,28/10/27,3677
INV130420,Building cleaning services,Menzies International (Aust) Pty Ltd,151951.5 AUD,2029-03-24,3634
INV130421,Open spaces management - region 1,CITYWIDE SERVICE SOLUTIONS PTY LTD,41559.62,20/08/2027,3676
INV130422,Tree management maintenance services,Citywide Service Solutions P/L,171044.32 AUD,01-Nov-2027,3678
INV130423,Civil infrastructure services,CITYWIDE SERVICE SOLUTIONS PTY LTD,0.2m,22/03/2026,3665
INV130424,Melbourne Town Hall venue management,Showtime Event Group Pty Ltd,26105.18 AUD,2027-01-22, 
INV130425,Melbourne Town Hall venue management,Showtime Event Group Pty Ltd,237081.33,,3670
INV130426,Building maintenance services,Programmed Facility,240018.95 AUD,07 December 2025,3630
INV130427,Vehicle tow away and impound services,NationwideTowingServices,188030.38 AUD,23/09/2026,3585
INV130428,Tree management maintenance services,CITYWIDE SERVICE SOLUTIONS PTY LTD,240764.16,04 December 2028,3678
INV130429,Parking technology services,ReinoInternationalPtyLtdT/ADuncanSolutions,159343.7 AUD,13 March 2029,3623
INV130430,Tree management maintenance services,citywide service solutions pty ltd,191409.71,10 June 2025,3678
INV130431,Parking technology services,Reino International Pty Ltd T/A Duncan Solutions,0.1m,2027-08-17,3623
INV130432,Open spaces management - region 1,citywide service solutions pty ltd,4589.61,08-Mar-2027,3676
INV130433,Melbourne Town Hall venue management,Showtime Event,"$168,053.93",07-Oct-2025,3670
INV130434,Parking technology services,Reino International Pty Ltd T/A Duncan Solutions,35182.21 AUD,05 March 2027,3623
INV130435,Graffiti management and pressure cleaning services,Calcorp,"$215,901.32",2028-12-27,3668
INV130436,Waste management services,Cleanaway Waste Management Limited,19622.55 AUD,13/06/2025,3556
INV130437,Vehicle tow away and impound services,Nationwide Towing Services,117044.72,2025-05-29,3585
INV130438,Open spaces management - region 2,Serco,199472.01,15/01/2026,3677
INV130439,Street cleaning,Reino International Pty. Ltd. T/A Duncan Solutions,70791.05 AUD,13/01/2027,3623
INV130440,Parking technology services,Reino International Pty. Ltd. T/A Duncan Solutions,0.2m,05-Jun-2028,3623
INV130441,Integrated security services,National Protective Services Pty Ltd,"$16,042.06",27/11/17,3686
INV130442,Building maintenance services,SERCO (AU),0.2m,02/08/2029,3677
INV130443,Building cleaning services,Menzies International (Aust) Pty Ltd (AUS),85329.29,04 March 2026,3634
INV130444,Open spaces management - region 1,Citywide Service Solutions Pty Ltd (AUS),0.0m,29/08/14, 
INV130445,Building maintenance services,Programmed Facility Management Pty Ltd,54806.38 AUD,16/10/2028,3630
INV130446,Tree management maintenance services,Citywide  Service  Solutions  Pty  Ltd,114833.37,20 November 2025,3678
INV130447,Building cleaning services,Menzies International (Aust) Pty Ltd (AUS),202926.56,2026-06-26,3634
INV130448,Open spaces management - region 2,SERCO (AUS),167521.99,26/04/06, 
INV130449,Building cleaning services,Menzies  International  (Aust)  Pty  Ltd,,2026-03-07,3634
INV130450,Waste management services,National Protective Services Pty Ltd,143112.1,28/02/24,3686
INV130451,Open spaces management - region 1,Citywide Service Solutions P/L,5631.88,09 December 2025,3676
INV130452,Tree management maintenance services,citywide service solutions pty ltd,181817.88,11/10/2027,3678
INV130453,Vehicle tow away and impound services,Nationwide Towing Services,"$13,022.46",18/01/2028,3585
INV130454,Vehicle tow away and impound services,Nationwide Towing Services (AUS),0.2m,2025-03-21,3585
INV130455,Melbourne Town Hall venue management,Showtime Event Group Pty Ltd,0.2m,2028-06-26,3670
INV130456,Integrated security services,National Protectiv,0.1m,06/05/2028,3686
INV130457,Melbourne Town Hall venue management,Showtime Event Group Pty Ltd (AU),"$137,201.12",12 March 2026, 
INV130458,Open spaces management - region 1,Citywide Service Solutions Pty Lqd,0.0m,30/01/2028,3676
INV130459,Open spaces management - region 1,Citywide Service Solutions Pty. Ltd.,196582.09,07/05/2028,3676
INV130460,Civil infrastructure services,Citywide Service Solutions Pty Ltd,79246.77 AUD,04/11/2029,3665
INV130461,Building cleaning services,Menzies International (Aust) Pty Ltd,41328.49,29/11/11,3634
INV130462,Open spaces management - region 2,SERCO (AUS),"$12,346.81",2025-06-11,3677
INV130463,Building maintenance services,PROGRAMMED FACILITY MANAGEMENT PTY LTD,204232.76 AUD,27/08/2028,3630
INV130464,Parking technology services,ReinoInternationalPtyLtdT/ADuncanSolutions,"$78,379.45",27/03/22,3623
INV130465,Street cleaning,Spotless Facility,191738.34,31 May 2025,3669
INV130466,Tree management maintenance services,Citywide Service ,,24-Nov-2027,3678
INV130467,Melbourne Town Hall venue management,Showtime Event Group Pty Ltd,47128.22,2025-12-07,3670
INV130468,Management of Active Melbourne recreation facilities,Victorian YMCA Community Programming P/L,"$38,141.73",08/02/2029,3615
INV130469,Street cleaning,Spotless Facility Services Pty. Ltd.,152003.38 AUD,2027-12-18,3669
INV130470,Melbourne Town Hall venue management,Showtime Event Group Pty Ltd,191939.16 AUD,27/08/2028,3670
INV130471,Tree management maintenance services,Citywide Service Solutions Pty. Ltd.,"$69,772.73",2028-11-28, 
INV130472,Civil infrastructure services,Citywide Service Solutions Pty Ltd,"$115,609.42",2028-01-28,3665
INV130473,Management of Active Melbourne recreation facilities,Victorian  YMCA  Community  Programming  Pty  Ltd,149909.57 AUD,01/10/2025,3615
INV130474,Parking technology services,Reino International Pty ,"$60,788.82",02/03/2029,3623
INV130475,Graffiti management and pressure cleaning services,calcorp services pty ltd,"$127,687.43",04-Mar-2025,3668
INV130476,Civil infrastructure services,Citywide Service Solutions Pty Ltd,0.2m,25-Nov-2026,3665
INV130477,Integrated security services,National,19891.78 AUD,05-Feb-2028,3686
INV130478,Street cleaning,Spotless Facility Services Pty. Ltd.,166814.35 AUD,02/03/2028,3669
INV130479,Civil infrastructure services,Citywide Service Solutions Pty Ltd,"$214,904.93",2029-09-25,3665
INV130480,Waste management services,CleanawayjWaste Management Limited,"$2,194.67",25-Sep-2027,3556
INV130481,Management of Active Melbourne recreation facilities,Victorian YMCA Community Programming Pty Ltd (AUS),159457.53,29/12/16,3615
INV130482,Management of Active Melbourne recreation facilities,Victorian  YMCA  Community  Programming  Pty  Ltd,"$171,525.63",13-Nov-2027,3615
INV130483,Civil infrastructure services,Citywide Service Solutions Pty Ltd (AU),"$73,376.33",09-Jul-2029,3665
INV130484,Civil infrastructure services,Citywide Service Solutions Pty. Ltd.,158711.19 AUD,05-Feb-2025,3665
INV130485,Waste management services,Cleanaway Waste M,"$104,875.33",27/02/02,3556
INV130486,Building cleaning services,MenziesInternational(Aust)PtyLtd,"$115,013.58",10/11/2028,3634
INV130487,Graffiti management and pressure cleaning services,Calcorp Services Pty Ltd,67535.81 AUD,2027-08-01,3668
INV130488,Melbourne Town Hall venue management,Showtime Event Group Pty Ltd,60898.99,19-Jan-2028,3670
INV130489,Building maintenance services,Programmed Facility Management Pty Ltd,0.0m,11 January 2026,3630
INV130490,Open spaces management - region 1,Citywide Service ,239432.09,2029-12-13,3676
INV130491,Tree management maintenance services,Citywide Service Solutions Pty Ltd,101980.66,31/01/2029,3678
INV130492,Building cleaning services,menzies international (aust) pty ltd,220985.48 AUD,27 March 2026,3634
INV130493,Melbourne Town Hall venue management,showtime event group pty ltd,106481.06 AUD,22 April 2029,3670
INV130494,Building cleaning services,Menzies Internatio,0.1m,18-Jun-2025,3634
INV130495,Tree management maintenance services,Menzies International (Aust) Pty Ltd,2047.67,17-Sep-2028,3634
INV130496,Building cleaning services,Menzies,"$71,319.58",17/11/2026,3634
INV130497,Integrated security services,National Protectiv,120222.28,12 August 2029,3686
INV130498,Graffiti management and pressure cleaning services,Calcorp Services Pty Ltd,99646.92,03-May-2025,3668
INV130499,Street cleaning,Spotless Facility Services P/L,"$192,126.03",09-May-2028,3669
INV130500,Graffiti management and pressure cleaning services,Calcorp Services Pty Ltd (AUS),"$45,809.59",28/11/06,3668
INV130501,Open spaces management - region 1,Citywide Service Solutions P/L,111318.26 AUD,27/01/22,3676
INV130502,Street cleaning,Spotless Facility Services Pty Ltd,187173.87,11 April 2029,3669
INV130503,Civil infrastructure services,Citywide Service ,108683.77,2029-01-25,3665
INV130504,Waste management services,Cleanaway Waste Management Limited,0.2m,07/10/2029,3556
INV130505,Integrated security services,National Protective Services P/L,0.1m,2028-04-23,3686
INV130506,Parking technology services,Reino Internatponal Pty Ltd T/A Duncan Solutions,172948.5,02/11/2027,3623
INV130507,Graffiti management and pressure cleaning services,Calcorp Services Pty Ltd (AUS),49107.82,2027-06-21,3668
INV130508,Open spaces management - region 1,Citywide Service Solutions Pty. Ltd.,"$243,353.99",28/05/2028,3676
INV130509,Graffiti management and pressure cleaning services,Calcorp Services Pty Lpd,115220.0,27/10/01,3668
INV130510,Tree management maintenance services,Citywide,89166.73,14/03/2025,3678
INV130511,Waste management services,Cleanaway Waste Management Ltd,83048.48,01/09/2028,3556
INV130512,Graffiti management and pressure cleaning services,Calcorp Services Pty Ltd (AU),69672.53,2029-04-23,3668
INV130513,Melbourne Town Hall venue management,Showiime Event Group Pty Ltd,69625.55 AUD,2025-09-21,3670
INV130514,Vehicle tow away and impound services,Nationwide Towing Sesvices,150172.61,2025-03-09,3585
INV130515,Vehicle tow away and impound services,Nationwide To,5972.38,06 April 2028,3585
INV130516,Open spaces management - region 2,SERCO,0.2m,19 August 2029,3677
INV130517,Integrated security services,National Protectiv,50530.03,08/01/2028,3686
INV130518,Vehicle tow away and impound services,nationwide towing services,73303.22,12 September 2025,3585
INV130519,Management of Active Melbourne recreation facilities,VictorianYMCACommunityProgrammingPtyLtd,0.1m,31/01/2026,3615
INV130520,Parking technology services,Reino,"$93,125.96",19 December 2025,3623
INV130521,Civil infrastructure services,Citywide Service Solutions Pty Ltd (AUS),199489.76,03-Apr-2025,3665
INV130522,Tree management maintenance services,citywide service solutions pty ltd,148177.18 AUD,29/04/27,3678
INV130523,Building cleaning services,MenziesInternational(Aust)PtyLtd,"$167,847.02",26/04/18,3634
INV130524,Melbourne Town Hall venue management,showtime event group pty ltd,192352.98 AUD,23/07/2027,3670
INV130525,Vehicle tow away and impound services,Nationwide To,62751.93,08/03/2029,3585
INV130526,Open spaces management - region 2,SERCO (AU),11438.59 AUD,16 May 2028,3677
INV130527,Waste management services,cleanaway waste management limited,"$133,274.2",2028-02-27,3556
INV130528,Integrated security services,National,102370.94,2026-10-11,3686
INV130529,Graffiti management and pressure cleaning services,Calcorp  Services  Pty  Ltd,3959.82 AUD,22/01/2027,3668
INV130530,Management of Active Melbourne recreation facilities,Victorian,56814.06,17 February 2025,3615
INV130531,Building maintenance services,Programmed Facility Management Pty. Ltd.,195737.3,27/03/02,3630
INV130532,Graffiti management and pressure cleaning services,Calcorp,0.0m,29-Apr-2029,3668
INV130533,Open spaces management - region 1,Citywide Service Solutions Pty. Ltd.,79127.85,2026-05-11,3676
INV130534,Open spaces management - region 1,citywide service solutions pty ltd,"$224,794.69",09-Mar-2026,3676
INV130535,Open spaces management - region 2,SERCO,203287.75,26/04/28,3677
INV130536,Management of Active Melbourne recreation facilities,Victorian  YMCA  Community  Programming  Pty  Ltd,74592.93 AUD,30 November 2026,3615
INV130537,Tree management maintenance services,Citywide Service ,154958.02 AUD,17-Mar-2025,3678
INV130538,Open spaces management - region 1,Citywide  Service  Solutions  Pty  Ltd,136732.05,26/04/2026,3676
INV130539,Building maintenance services,Programmed Facility Management Pty Ltd (AUS),153446.43,26/11/2026,3630
INV130540,Open spaces management - region 2,Serco,41983.89,2025-11-03,3677
INV130541,Open spaces management - region 1,Citywide Service Solutions Pty Ltd,110762.66,04-Mar-2025,3676
INV130542,Building cleaning services,Menzies  International  (Aust)  Pty  Ltd,243937.24 AUD,28/03/24,3634
INV130543,Tree management maintenance services,Citywide Service Solutions Pty. Ltd.,1118.56,27/11/08,3678
INV130544,Open spaces management - region 1,Citywide Service Solutions Pty. Ltd.,161567.16 AUD,16/02/2029,3676
INV130545,Building cleaning services,Menzies International (Aust) Pty Ltd,0.2m,12/12/2026,3634
INV130546,Melbourne Town Hall venue management,Showtime Event Group Pty. Ltd.,97168.95 AUD,2029-12-29,3670
INV130547,Melbourne Town Hall venue management,SHOWTIME EVENT GROUP PTY LTD,0.2m,27/08/2029,3670
INV130548,Management of Active Melbourne recreation facilities,Victorian YMCA Community Progratming Pty Ltd,172781.31 AUD,24/02/2027,3615
INV130549,Building maintenance services,Programmed Facility Management Pty. Ltd.,151214.89,26/12/26,3630
INV130550,Open spaces management - region 2,SERCO,"$146,621.67",02/01/2025,3677
INV130551,Waste management services,Cleanaway Waste Management Limited,"$84,079.9",05/03/2029,3556
INV130552,Waste management services,Cleanaway Waste Management Limited,197806.76 AUD,29/02/21,3556
INV130553,Open spaces management - region 1,Citywide Service Solutions Pty Ltd,97021.87,2028-09-26,3676
INV130554,Open spaces management - region 1,citywide service solutions pty ltd,229149.51 AUD,09-Nov-2026,3676
INV130555,Parking technology services,ReinoInternationalPtyLtdT/ADuncanSolutions,178032.69,05 March 2029,3623
INV130556,Open spaces management - region 2,Calcorp Services Ptt Ltd,23904.15 AUD,19-Mar-2025,3668
INV130557,Building maintenance services,Programmed Facility Management Pty. Ltd.,160335.11,15/06/2029,3630
INV130558,Vehicle tow away and impound services,Nationwide Towing Services (AU),143783.36,14/07/2025,3585
INV130559,Vehicle tow away and impound services,Nationwide  Towing  Services,"$170,826.12",12 May 2027,3585
INV130560,Waste management services,Cleanaway,43678.58,2027-05-26,3556
INV130561,Vehicle tow away and impound services,nationwide towing services,"$74,281.72",2027-05-16,3585
INV130562,Civil infrastructure services,Citywide Service Solutions Pty Ltd,"$70,967.02",06/05/2029,3665
INV130563,Open spaces management - region 1,Citywide Service Solutions Pty Ltd,"$129,975.35",28/09/18,3676
INV130564,Melbourne Town Hall venue management,showtime event group pty ltd,0.2m,2025-10-23,3670
INV130565,Open spaces management - region 2,SERCO,7846.02 AUD,29/06/18,3677
INV130566,Building maintenance services,PROGRAMMED FACILITY MANAGEMENT PTY LTD,129308.4 AUD,,3630
INV130567,Building maintenance services,programmed facility management pty ltd,17801.19,09 November 2028,3630
INV130568,Vehicle tow away and impound services,Natibnwide Towing Services,0.2m,26/02/16,3585
INV130569,Vehicle tow away and impound services,Nationwide  Towing  Services,242708.89,26 June 2028,3585
INV130570,Street cleaning,Spotless Facility Services Pty Ltd (AU),52438.52,2025-05-23,3669
INV130571,Street cleaning,Calcorp Serv,0.1m,28/05/25,3668
INV130572,Vehicle tow away and impound services,Nationwide Towing Services,0.1m,25/12/23,3585
INV130573,Tree management maintenance services,Citywide Service Solutions Pty Ltd,0.0m,05 October 2026, 
INV130574,Open spaces management - region 2,SERCO (AUS),0.1m,11/12/2027,3677
INV130575,Parking technology services,Reino  International  Pty  Ltd  T/A  Duncan  Solutions,14358.08,2025-12-06,3623
INV130576,Building cleaning services,Menzies International (Aust) Pty Ltd (AUS),195848.46,13-May-2028,3634
INV130577,Vehicle tow away and impound services,Nationwide Towing Services (AU),0.2m,2028-06-23,3585
INV130578,Parking technology services,Reino International Pty Ltd T/A Duncan Solutions,128713.72,14/12/2027,3623
INV130579,Open spaces management - region 1,Citywide Service Solutions Pty Ltd (AU),0.1m,17 November 2025, 
INV130580,Graffiti management and pressure cleaning services,CalcorpServicesPtyLtd,"$209,000.56",20/02/2028,3668
INV130581,Management of Active Melbourne recreation facilities,Victorian YMCA Community Programming Pty Ltd,43540.28 AUD,03 April 2029,3615
INV130582,Integrated security services,National Protective Services Pty Ltd,140402.2,10/03/2026,3686
INV130583,Street cleaning,Spotless Facility Services Pty Ltd (AU),110144.86 AUD,2027-03-10,3669
INV130584,Vehicle tow away and impound services,Nationwide To,124021.84 AUD,17-Jun-2029,3585
INV130585,Street cleaning,Spotless Facility Services Pty Ltd (AU),88914.99,24/02/2026,3669
INV130586,Waste management services,Cleanaway Waste Management Limited,187047.33 AUD,11-Apr-2029,3556
INV130587,Parking technology services,Reino International Pty. Ltd. T/A Duncan Solutions,123956.48,22/05/2028,3623
INV130588,Street cleaning,Spotless Facility,144744.23,23-Apr-2027,3669
INV130589,Open spaces management - region 2,SERCO,78374.09,25/03/01,3677
INV130590,Open spaces management - region 2,SERCO (AU),"$88,586.01",2026-10-21,3677
INV130591,Waste management services,Cleanaway Waste Management Ltd,17832.92,09 October 2029,3556
INV130592,Parking technology services,Reino International P/L T/A Duncan Solutions,108868.22,2025-12-24,3623
INV130593,Parking technology services,Reino Int’l Pty Ltd T/A Duncan Solutions,8073.4 AUD,31 August 2026,3623
INV130594,Street cleaning,Spotless FacilitylServices Pty Ltd,54734.84,31-Jan-2028,3669
INV130595,Street cleaning,Spotless Facility Services Pty. Ltd.,121891.77,25/09/2028,3669
INV130596,Open spaces management - region 1,CITYWIDE SERVICE SOLUTIONS PTY LTD,72608.5 AUD,02 January 2026, 
INV130597,Open spaces management - region 2,SERCO (AUS),0.2m,26/07/22,3677
INV130598,Building maintenance services,Programmed  Facility  Management  Pty  Ltd,133835.94 AUD,12-Dec-2026,3630
INV130599,Open spaces management - region 2,SERCO,26826.91 AUD,28/08/2028,3677
INV130600,Open spaces management - region 2,SERCO (AUS),71182.7,2029-06-26,3677
INV130601,Melbourne Town Hall venue management,Showtime Event Group Pty Ltd,48850.34,27/04/27,3670
INV130602,Melbourne Town Hall venue management,Showtime  Event  Group  Pty  Ltd,"$72,946.9",20/02/2028,3670
INV130603,Tree management maintenance services,Citywide,122008.43,26-Mar-2025,3678
INV130604,Graffiti management and pressure cleaning services,Calcorp Services Pty Ltd,152838.92,28/01/07,3668
INV130605,Civil infrastructure services,Citywide Service ,"$187,823.57",25 May 2025,3665
INV130606,Parking technology services,Citywide,0.2m,03/06/2026,3676
INV130607,Civil infrastructure services,Citywide Service Solutions Pty Ltd (AU),149718.89,29 August 2025,3665
INV130608,Parking technology services,Reino International P/L T/A Duncan Solutions,167627.31,16/03/2026,3623
INV130609,Graffiti management and pressure cleaning services,Calcorp Services Pty. Ltd.,90158.49 AUD,14-Apr-2025,3668
INV130610,Integrated security services,National Pretective Services Pty Ltd,"$133,459.8",22 November 2029,3686
INV130611,Open spaces management - region 1,CITYWIDE SERVICE SOLUTIONS PTY LTD,57940.99,11-Jan-2028,3676
INV130612,Graffiti management and pressure cleaning services,Calcorp Services Pty Ltd (AUS),48621.99,2027-11-11,3668
INV130613,Civil infrastructure services,CitywideServiceSolutionsPtyLtd,"$201,189.33",13/09/2027,3665
INV130614,Open spaces management - region 1,Citywide Service Solutions Pty Ltd,"$125,168.36",26/03/2028,3676
INV130615,Management of Active Melbourne recreation facilities,Victorian YMCA Community Programming Pty Ltd,181073.74,2028-01-27,3615
INV130616,Graffiti management and pressure cleaning services,Calcorp Serv,"$115,176.6",29/12/02,3668
INV130617,Parking technology services,Reino International Pty Ltd T/A Duncan Solutions (AUS),"$85,040.88",17/12/2027,3623
INV130618,Building cleaning services,Menzies,"$198,423.92",09/11/2026,3634
INV130619,Management of Active Melbourne recreation facilities,Victorian YMCA Community Programming Pty Ltd (AU),0.2m,,3615
INV130620,Waste management services,Cleanaway,122894.65 AUD,29/06/2028,3556
INV130621,Graffiti management and pressure cleaning services,Calcorp Serv,"$119,029.36",2028-06-09,3668
INV130622,Integrated security services,National  Protective  Services  Pty  Ltd,148446.02,29/12/27, 
INV130623,Integrated security services,National Protective Services Pty Ltd,229893.43,26/06/08,3686
INV130624,Integrated security services,NationalProtectiveServicesPtyLtd,249634.35 AUD,28/09/27,3686
INV130625,Open spaces management - region 1,Citywide Service ,0.1m,03 September 2028,3676
INV130626,Building cleaning services,Menzies International (Aust) Pty. Ltd.,"$26,733.33",06-Feb-2029,3634
INV130627,Vehicle tow away and impound services,Nationwide Towing Services,0.1m,2029-02-08,3585
INV130628,Integrated security services,National Protective Services P/L,"$224,642.42",28-May-2026,3686
INV130629,Vehicle tow away and impound services,Nationcide Towing Services,100998.16 AUD,04/03/2029,3585
INV130630,Waste management services,Cleanaway Waste Mgmt Limited,172731.68 AUD,19-Jan-2029,3556
INV130631,Open spaces management - region 1,Citywide Service ,"$118,257.62",25/03/2026,3676
INV130632,Waste management services,CleanawayWasteManagementLimited,0.2m,2026-10-21,3556
INV130633,Civil infrastructure services,CITYWIDE SERVICE SOLUTIONS PTY LTD,"$108,019.09",16/02/2025,3665
INV130634,Vehicle tow away and impound services,hationwide Towing Services,0.2m,28/12/27,3585
INV130635,Building cleaning services,Menzies International (Aust) Pty. Ltd.,"$19,949.79",07/12/2029,3634
INV130636,Graffiti management and pressure cleaning services,Calcorp Services Pty Ltd,214665.98 AUD,23/11/2028,3668
INV130637,Open spaces management - region 2,SERCO,0.2m,02 June 2029,3677
INV130638,Melbourne Town Hall venue management,Showtime Event Group Pty Ltd,196204.06,29/05/16, 
INV130639,Parking technology services,REINO INTERNATIONAL PTY LTD T/A DUNCAN SOLUTIONS,87593.07,25 March 2028,3623
INV130640,Management of Active Melbourne recreation facilities,Victorian,174731.16 AUD,2025-01-14,3615
INV130641,Melbourne Town Hall venue management,Showtime Event Group Pty Ltd (AUS),120304.88,26/11/23,3670
INV130642,Tree management maintenance services,citywide service solutions pty ltd,"$136,581.75",27/09/27, 
INV130643,Building cleaning services,MENZIES INTERNATIONAL (AUST) PTY LTD,"$161,243.74",2026-07-26,3634
INV130644,Open spaces management - region 2,serco,0.0m,26/05/30,3677
INV130645,Vehicle tow away and impound services,Nationwide,104804.08,29/10/16,3585
INV130646,Melbourne Town Hall venue management,Showtime Event Group Pty Ltd,125565.36,04-Dec-2025,3670
INV130647,Melbourne Town Hall venue management,SHOWTIME EVENT GROUP PTY LTD,195345.19,30/12/2029,3670
INV130648,Building maintenance services,Programmed Facility Managcment Pty Ltd,0.1m,2029-03-19,3630
INV130649,Street cleaning,Spotless Facility Services Pty Ltd (AUS),"$233,816.94",01/08/2027,3669
INV130650,Civil infrastructure services,citywide service solutions pty ltd,0.1m,26/04/23,3665
INV130651,Civil infrastructure services,Citywide Service Solutions Pty. Ltd.,0.1m,26/03/05,3665
INV130652,Management of Active Melbourne recreation facilities,Victorian YMCA Community Programming Pty Ltd (AUS),"$29,173.33",15-Nov-2026,3615
INV130653,Graffiti management and pressure cleaning services,Calcorp Services Pty. Ltd.,14395.09 AUD,06/07/2026, 
INV130654,Parking technology services,Reino International Pty Ltd T/A Duncan Solutions,143555.17,26/06/2029,3623
INV130655,Management of Active Melbourne recreation facilities,Victorian YMCA Community Programming Pty Ltd,49115.87,19/01/2027,3615
INV130656,Building maintenance services,Programmed Facility Management Pty Ltd,182221.01 AUD,2025-01-18,3630
INV130657,Melbourne Town Hall venue management,Showtime Event Group P/L,96761.16,22/07/2025,3670
INV130658,Open spaces management - region 2,SERCO,202856.14,25/11/2025,3677
INV130659,Open spaces management - region 1,Citywide Service Solutions Pty Ltd (AU),0.1m,05/09/2026,3676
INV130660,Building cleaning services,Menzies  International  (Aust)  Pty  Ltd,51050.81,24/11/2025,3634
INV130661,Tree management maintenance services,Citywide,827.24,27/10/2028,3678
INV130662,Building maintenance services,Programmed Facility,130111.63,24-Sep-2025,3630
INV130663,Open spaces management - region 1,Citywide Service ,55964.86 AUD,23-Jul-2027,3676
INV130664,Vehicle tow away and impound services,NationwideTowingServices,73453.67 AUD,06-Nov-2027,3585
INV130665,Open spaces management - region 1,Citywide Service Solutions Pty Ltd,84304.44,2026-06-01,3676
INV130666,Parking technology services,Reino International Pty Ltd T/A Duncan Solutions,64179.08 AUD,02/07/2028,3623
INV130667,Open spaces management - region 1,Citytide Service Solutions Pty Ltd,98890.03,27/06/08,3676
INV130668,Building maintenance services,Programmed Facility Management Pty Ltd (AU),81769.88,01 February 2027,3630
INV130669,Building cleaning services,Menzies Intl (Aust) Pty Ltd,171344.77,07 September 2025,3634
INV130670,Building maintenance services,Programmed Facility Management Pty Ltd,189518.23,25/11/2025,3630
INV130671,Waste management services,Cleanaway  Waste  Management  Limited,0.1m,16/07/2029,3556
INV130672,Tree management maintenance services,Citywide  Service  Solutions  Pty  Ltd,0.0m,16 September 2027,3678
INV130673,Civil infrastructure services,Showtime Event Group Pty Ltd (AUS),205835.07,09-Jan-2027,3670
INV130674,Civil infrastructure services,Citywide Service Solutions Pty Ltd,238472.33,26/08/17,3665
INV130675,Open spaces management - region 1,Citywide Service Solutions Pty. Ltd.,"$43,567.69",05/12/2029,3676
INV130676,Building cleaning services,Spotless Facility,"$55,009.91",2029-08-16,3669
INV130677,Waste management services,Cleanaway Waste ManagementpLimited,193664.05 AUD,16-Jun-2025,3556
INV130678,Open spaces management - region 1,Citywide Service Solutions Pty Ltd,0.2m,2029-06-25,3676
INV130679,Street cleaning,Spotless Facility Services Pty Ltd (AUS),185880.61,05-Jan-2027,3669
INV130680,Building maintenance services,Programmed Facility Management Pty Ltd,74722.21,2028-11-09,3630
INV130681,Graffiti management and pressure cleaning services,CALCORP SERVICES PTY LTD,77057.35,28 October 2027,3668
INV130682,Civil infrastructure services,CITYWIDE SERVICE SOLUTIONS PTY LTD,245681.56,03 January 2029,3665
INV130683,Tree management maintenance services,Citywide Service Solutions Pty Ltd (AUS),216948.48,2025-04-08,3678
INV130684,Open spaces management - region 2,SERCO,"$77,385.67",22-May-2029,3677
INV130685,Parking technology services,Reino International Pty Ltd T/A Duncan Solutions,45828.87,28/06/21,3623
INV130686,Melbourne Town Hall venue management,Nationwide Towing Services,"$183,945.93",2026-05-04,3585
INV130687,Street cleaning,Spotless Facility Services Pty Ltd,"$64,256.48",12/04/2026,3669
INV130688,Graffiti management and pressure cleaning services,Calcorp Services Pty Ltd (AU),0.2m,18-Mar-2026,3668
INV130689,Vehicle tow away and impound services,NATIONWIDE TOWING SERVICES,204170.28,27-Dec-2028,3585
INV130690,Integrated security services,NationalProtectiveServicesPtyLtd,179418.61 AUD,25/02/08,3686
INV130691,Management of Active Melbourne recreation facilities,VICTORIAN YMCA COMMUNITY PROGRAMMING PTY LTD,238415.4,23-May-2025,3615
INV130692,Melbourne Town Hall venue management,Showtime Event,124274.54,28/06/12,3670
INV130693,Building cleaning services,Menzies International (Aust) Pty Ltd,79823.03 AUD,10/09/2027,3634
INV130694,Building maintenance services,Programmed Facility Management Pty Ltd,0.2m,2026-09-06,3630
INV130695,Open spaces management - region 1,citywide service solutions pty ltd,1583.32,23-Feb-2028,3676
INV130696,Open spaces management - region 2,Citywide Service Solutions P/L,0.0m,2028-02-17,3678
INV130697,Civil infrastructure services,Citywide Service Solutnons Pty Ltd,0.1m,17-Aug-2029,3665
INV130698,Waste management services,Cleanaway Waste Management Limited,97516.26,25/03/2029,3556
INV130699,Integrated security services,National Protective Services P/L,106228.88,31-Jan-2027,3686
INV130700,Civil infrastructure services,citywide service solutions pty ltd,140810.63 AUD,2027-09-24,3665
INV130701,Tree management maintenance services,Menzies Internatio,192949.68,11-Feb-2029,3634
INV130702,Parking technology services,Reino International Pty Ltd T/A Duncan Solutions (AUS),68912.88 AUD,30/03/2028,3623
INV130703,Open spaces management - region 2,zERCO,135115.62,2025-02-22,3677
INV130704,Vehicle tow away and impound services,Nationwide,97939.99 AUD,2026-10-06,3585
INV130705,Parking technology services,Reino International P/L T/A Duncan Solutions,0.0m,28 July 2027,3623
INV130706,Open spaces management - region 2,SERCO,0.1m,27/11/07,3677
INV130707,Building maintenance services,programmed facility management pty ltd,175007.64 AUD,18 March 2025,3630
INV130708,Graffiti management and pressure cleaning services,calcorp services pty ltd,112030.22 AUD,31/10/2026,3668
INV130709,Street cleaning,Spotless Facility Services Pty Ltd,0.0m,26 July 2025,3669
INV130710,Vehicle tow away and impound services,nationwide towing services,80909.82 AUD,29-Nov-2028,3585
INV130711,Management of Active Melbourne recreation facilities,Victorian YMCA Communito Programming Pty Ltd,0.1m,08/12/2029,3615
INV130712,Melbourne Town Hall venue management,Showtime Event Group Pty Ltd,124210.59 AUD,03-Dec-2027, 
INV130713,Open spaces management - region 2,SERCO,14551.03 AUD,2025-01-06,3677
INV130714,Integrated security services,National Protective Services Pty Ltd,47806.7,14/02/2028,3686
INV130715,Graffiti management and pressure cleaning services,Calcorp,34911.53,25-May-2027,3668
INV130716,Vehicle tow away and impound services,Nationwide Towing Services,149686.06 AUD,2028-10-10,3585
INV130717,Parking technology services,Reino Int’l Pty Ltd T/A Duncan Solutions,,28/10/17,3623
INV130718,Open spaces management - region 1,Citywide Service Solutions Pty Ltd,"$166,733.7",03/03/2027,3676
INV130719,Parking technology services,ReinoInternationalPtyLtdT/ADuncanSolutions,"$208,976.25",11 July 2028,3623
INV130720,Building maintenance services,PROGRAMMED FACILITY MANAGEMENT PTY LTD,24400.65,12/10/2029,3630
INV130721,Tree management maintenance services,citywide service solutions pty ltd,151999.42 AUD,21 April 2029,3678
INV130722,Parking technology services,Reino International Pty Ltd T/A Duncan Solutions,0.0m,2027-12-13,3623
INV130723,Open spaces management - region 2,SERCO,"$214,508.79",2028-10-28,3677
INV130724,Street cleaning,spotless facility services pty ltd,123698.57,10/07/2025,3669
INV130725,Civil infrastructure services,Citywide Service Solutions Pty Ltd,230110.22,07/05/2028,3665
INV130726,Waste management services,Showtime Event Group Pty Ltd,219874.97,02 January 2027,3670
INV130727,Vehicle tow away and impound services,NationwideTowingServices,52063.51 AUD,06-May-2029,3585
INV130728,Street cleaning,Spotless Facility Services Pty. Ltd.,123413.53,05/06/2028,3669
INV130729,Vehicle tow away and impound services,Nationwide Towing Services,167774.39,07 August 2028,3585
INV130730,Vehicle tow away and impound services,Nationwide Towing Services (AUS),109168.67,08/02/2029,3585
INV130731,Parking technology services,Reino Intl Pty Ltd T/A Duncan Solutions,"$33,204.7",29/12/18,3623
INV130732,Management of Active Melbourne recreation facilities,victorian ymca community programming pty ltd,192190.46,26/11/2026,3615
INV130733,Parking technology services,ReinoInternationalPtyLtdT/ADuncanSolutions,40537.67 AUD,14-Dec-2027,3623
INV130734,Tree management maintenance services,Citywide  Service  Solutions  Pty  Ltd,224578.17 AUD,25/11/03,3678
INV130735,Building cleaning services,Menzies Internatio,214996.36 AUD,27-May-2029,3634
INV130736,Civil infrastructure services,CITYWIDE SERVICE SOLUTIONS PTY LTD,210112.81,09/12/2028,3665
INV130737,Waste management services,CLEANAWAY WASTE MANAGEMENT LIMITED,0.1m,30-Dec-2029,3556
INV130738,Building cleaning services,Menzies International (Aust) Pty Ltd (AU),54561.86,01/07/2025,3634
INV130739,Open spaces management - region 2,SERCO,98946.66,2028-04-27,3677
INV130740,Management of Active Melbourne recreation facilities,Victorian YMCA Community Programming Pty Ltd,231289.61,25/03/28,3615
INV130741,Tree management maintenance services,Citywide Service Solutions Pty. Ltd.,"$219,957.32",07/05/2027,3678
INV130742,Integrated security services,National,0.2m,22/08/2025,3686
INV130743,Waste management services,CleanawayWasteManagementLimited,"$56,331.71",18-Nov-2028,3556
INV130744,Street cleaning,Spotless Facility Services Pty Ltd,182773.54 AUD,23/05/2027,3669
INV130745,Street cleaning,SpotlessFacilityServicesPtyLtd,175504.25,31 January 2026,3669
INV130746,Open spaces management - region 2,serco,0.1m,06 November 2026,3677
INV130747,Building cleaning services,Menzies International (Aust) Pty Ltd,194192.96 AUD,2028-08-16,3634
INV130748,Parking technology services,Reino International Pty Ltd T/A Duncan Solutions (AU),"$30,709.2",29/05/2026,3623
INV130749,Building cleaning services,Menzies International (Aust) Pty Ltd (AUS),,26/11/30,3634
INV130750,Graffiti management and pressure cleaning services,Calcorp Serv,0.1m,26 April 2028,3668
INV130751,Tree management maintenance services,Citywide Service Solutions Pty. Ltd.,0.2m,2025-11-19,3678
INV130752,Parking technology services,Reino International Pty ,9533.13,2026-09-23,3623
INV130753,Street cleaning,Spotless Facility Services Pty. Ltd.,241829.53 AUD,10-Mar-2028,3669
INV130754,Integrated security services,National Protectiv,"$100,524.24",2029-07-19,3686
INV130755,Melbourne Town Hall venue management,Showtime Event Group Pty Ltd (AUS),"$223,540.26",26/02/16,3670
INV130756,Building cleaning services,Menzies International (Aust) Pty Ltd (AUS),19851.33,05/09/2026,3634
INV130757,Graffiti management and pressure cleaning services,Calcorp  Services  Pty  Ltd,99221.6 AUD,14/02/2027,3668
INV130758,Waste management services,CleanawayWasteManagementLimited,69211.29,02/02/2027,3556
INV130759,Management of Active Melbourne recreation facilities,cleanaway waste management limited,0.2m,2029-06-27,3556
INV130760,Building maintenance services,Programmed Facility Management P/L,"$186,518.02",28 January 2026,3630
INV130761,Vehicle tow away and impound services,Nationwide Txwing Services,"$31,820.33",07-Jan-2026,3585
INV130762,Civil infrastructure services,Citywide Service Solutions Pty Ltd,0.2m,28-Apr-2028,3665
INV130763,Graffiti management and pressure cleaning services,Calcorp,0.1m,23-Sep-2027,3668
INV130764,Building maintenance services,Programmed Facility Mgmt Pty Ltd,0.2m,25/05/20,3630
INV130765,Melbourne Town Hall venue management,Showtime Event Group Pty Ltd,"$180,795.28",2027-02-27,3670
INV130766,Building cleaning services,MenziesInternational(Aust)PtyLtd,11191.01,25/06/2026,3634
INV130767,Tree management maintenance services,MenziesInternational(Aust)PtyLtd,138338.45 AUD,26/06/08,3634
INV130768,Building maintenance services,Programmed  Facility  Management  Pty  Ltd,223057.86,26 December 2028,3630
INV130769,Melbourne Town Hall venue management,calcorp services pty ltd,0.1m,18/05/2029, 
INV130770,Building maintenance services,Programmed Facility,71024.98 AUD,01 March 2028,3630
INV130771,Street cleaning,Spotless,0.1m,02-Sep-2029,3669
INV130772,Tree management maintenance services,Citywide  Service  Solutions  Pty  Ltd,80230.01,29/05/30, 
INV130773,Melbourne Town Hall venue management,Showtime Event,"$126,274.79",09/01/2025, 
INV130774,Civil infrastructure services,Citywide  Service  Solutions  Pty  Ltd,241256.18,2029-02-07,3665
INV130775,Street cleaning,Spotless Facility Services P/L,61511.98,27/04/30, 
INV130776,Street cleaning,Spotless Facility Services Pty. Ltd.,"$159,254.46",27/02/05,3669
INV130777,Management of Active Melbourne recreation facilities,Victorian Ymca Community Programming Pty Ltd,13602.66,19/10/2025,3615
INV130778,Parking technology services,Reino International Pty Ltd T/A Duncan Solutions (AUS),"$225,680.66",2025-12-07,3623
INV130779,Building maintenance services,Programmed Facility,137656.43,04/02/2029,3630
INV130780,Parking technology services,Reino International Pty. Ltd. T/A Duncan Solutions,"$86,998.1",28/10/26,3623
INV130781,Civil infrastructure services,Citywide Service ,"$243,667.69",20 December 2028,3665
INV130782,Building cleaning services,Menzies International (Aust) Pcy Ltd,30506.89,06/03/2025,3634
INV130783,Graffiti management and pressure cleaning services,Calcorp Services Pty Ltd (AUS),207752.84,27/01/12,3668
INV130784,Building cleaning services,MENZIES INTERNATIONAL (AUST) PTY LTD,13544.91,15 November 2029,3634
INV130785,Building cleaning services,Menzies International (Aust) Pty Ltd,158220.52,2028-05-13,3634
INV130786,Building cleaning services,Menzies,154104.7,12-Dec-2027,3634
INV130787,Graffiti management and pressure cleaning services,Calcorp Services Pty Ltd,202086.16,07/04/2027,3668
INV130788,Building maintenance services,Programmed  Facility  Management  Pty  Ltd,"$59,278.6",14-Jan-2027,3630
INV130789,Vehicle tow away and impound services,Nationwide Towing Services,45192.21 AUD,27/09/03,3585
INV130790,Building cleaning services,Menzies International (Aust) Pty Ltd,142111.97 AUD,17/12/2026,3634
INV130791,Melbourne Town Hall venue management,Showtime Event Group Pty Ltt,170635.35,06/08/2027,3670
INV130792,Building cleaning services,Menzies  International  (Aust)  Pty  Ltd,0.1m,08/11/2029,3634
INV130793,Waste management services,Cleanaway Waste Management LTD,0.1m,11/03/2027,3556
INV130794,Building cleaning services,Menzies International (Aust) Pty Ltd,"$31,542.61",18-Sep-2029,3634
INV130795,Open spaces management - region 2,serco,119629.83,15/04/2029,3677
INV130796,Tree management maintenance services,Citywide Service Solutions Pty Ltd,171006.7,12-Apr-2028,3678
INV130797,Building maintenance services,Programmed Facility Management Pty Ltd,129037.32,03 November 2026,3630
INV130798,Open spaces management - region 2,SERCO (AUS),104938.45,2029-02-11,3677
INV130799,Open spaces management - region 2,SERCO,96482.36,07-Feb-2026,3677
INV130800,Open spaces management - region 1,Citywide Service Solutdons Pty Ltd,65149.59,13/05/2025,3676
INV130801,Civil infrastructure services,CITYWIDE SERVICE SOLUTIONS PTY LTD,0.1m,2025-03-26,3665
INV130802,Street cleaning,Spotless Facility,0.2m,09-Apr-2028, 
INV130803,Building maintenance services,PROGRAMMED FACILITY MANAGEMENT PTY LTD,0.0m,29/03/02,3630
INV130804,Tree management maintenance services,citywide service solutions pty ltd,148582.78,05/03/2027,3678
INV130805,Civil infrastructure services,Citywide,40117.81,23/08/2026,3665
INV130806,Management of Active Melbourne recreation facilities,victorian ymca community programming pty ltd,134760.57,09-Jun-2029,3615
INV130807,Open spaces management - region 1,citywide service solutions pty ltd,0.0m,2028-03-14,3676
INV130808,Waste management services,cleanaway waste management limited,168814.37,2027-10-21,3556
INV130809,Management of Active Melbourne recreation facilities,Victorian YMCA Communiiy Programming Pty Ltd,"$232,091.4",18/06/2026,3615
INV130810,Building cleaning services,Menzies International (Aust) P/L,43836.27,12 December 2026,3634
INV130811,Parking technology services,Reino Intl Pty Ltd T/A Duncan Solutions,0.2m,15/10/2025,3623
INV130812,Graffiti management and pressure cleaning services,CalcorpServicesPtyLtd,231122.41,20/09/2028,3668
INV130813,Management of Active Melbourne recreation facilities,Victorian  YMCA  Community  Programming  Pty  Ltd,0.1m,29 April 2029, 
INV130814,Open spaces management - region 1,Citywide Service Solutions Pty. Ltd.,231774.15 AUD,17/08/2028, 
INV130815,Vehicle tow away and impound services,Nationwide,0.0m,25/07/06,3585
INV130816,Management of Active Melbourne recreation facilities,citywide service solutions pty ltd,"$14,871.63",2026-04-02,3676
INV130817,Parking technology services,REINO INTERNATIONAL PTY LTD T/A DUNCAN SOLUTIONS,0.2m,25/07/2025,3623
INV130818,Civil infrastructure services,Citywide,0.2m,2028-02-23,3665
INV130819,Building cleaning services,Menzies International (Aust) Pty Ltd (AU),"$185,061.14",2028-07-03,3634
INV130820,Building cleaning services,Menzies Int’l (Aust) Pty Ltd,"$48,789.59",2027-06-05,3634
INV130821,Street cleaning,Spotless Facility Services Pty Ltd (AUS),225459.14,04/08/2025,3669
INV130822,Tree management maintenance services,Citywide Service Solutions P/L,5469.39 AUD,28/02/12,3678
INV130823,Parking technology services,Reino International Pty Ltd T/A Duncan Solutions (AU),28320.56,19-Sep-2025,3623
INV130824,Building cleaning services,Menzies International (Aust) Pty Ltd,0.0m,07/11/2026,3634
INV130825,Vehicle tow away and impound services,NationwideTowingServices,120685.21,07/05/2025,3585
INV130826,Building maintenance services,Programmed Facility Management P/L,168054.82,2029-02-04,3630
INV130827,Parking technology services,Reino International Pty Ltd T/A Duncae Solutions,"$247,073.74",26/08/12,3623
INV130828,Melbourne Town Hall venue management,Showtime Event Gaoup Pty Ltd,62831.31 AUD,2025-09-06,3670
INV130829,Parking technology services,reino international pty ltd t/a duncan solutions,206339.04 AUD,19-Jun-2025,3623
INV130830,Waste management services,Cleanaway Waste Management Limited (AUS),"$202,152.53",27 February 2029,3556
INV130831,Waste management services,Nationwide Towing Services,0.0m,26/12/12, 
INV130832,Melbourne Town Hall venue management,Showtime Event Group Pty Ltd,0.1m,25/04/2027,3670
INV130833,Parking technology services,Reino,"$184,041.47",25/07/2028,3623
INV130834,Civil infrastructure services,Citywide Service Solutions Pty. Ltd.,146917.97 AUD,28-Dec-2029,3665
INV130835,Waste management services,Cleanaway Waste Management Limited,0.0m,15 January 2025,3556
INV130836,Melbourne Town Hall venue management,Spotless Facility Services Pty Ltd (AU),0.2m,27/08/14,3669
INV130837,Integrated security services,National Protective Services Pty. Ltd.,136774.81,29/04/01,3686
INV130838,Graffiti management and pressure cleaning services,Calcorp Services Pty Ltd,"$62,330.0",01-Jan-2025,3668
INV130839,Melbourne Town Hall venue management,Showtime Event Group P/L,"$100,188.63",2028-10-03, 
INV130840,Tree management maintenance services,CitywideServiceSolutionsPtyLtd,26053.12,09 February 2026,3678
INV130841,Vehicle tow away and impound services,Nationwide  Towing  Services,79437.82,2025-03-14,3585
INV130842,Melbourne Town Hall venue management,Showtime Event Group Pty Ltd,187212.41,27/12/2028,3670
INV130843,Building cleaning services,Menzies International (Aust) Pty. Ltd.,"$207,965.07",05/07/2025,3634
INV130844,Open spaces management - region 2,SERCO,0.1m,11/02/2028, 
INV130845,Vehicle tow away and impound services,Nationwide Towing Services (AUS),17944.0,2027-12-24,3585
INV130846,Building maintenance services,Programmed Facility Management Pty Ltd,"$105,024.85",13 February 2025,3630
INV130847,Parking technology services,Reino International Pty. Ltd. T/A Duncan Solutions,236874.77,2027-05-30,3623
INV130848,Open spaces management - region 1,Citywide Service Solutions Pty Ltd,6597.06 AUD,24/01/2028,3676
INV130849,Tree management maintenance services,Citywide Service Solutions Pty. Ltd.,81622.48,23/11/2026,3678
INV130850,Integrated security services,National Protective Services Pty Ltd (AUS),0.0m,2026-07-05,3686
INV130851,Building cleaning services,Menzies International (Aust) Pty. Ltd.,246882.01,25/07/2027,3634
INV130852,Integrated security services,National Protective Services Pty Ltd,0.0m,04-Apr-2029,3686
INV130853,Open spaces management - region 2,SERCO,"$94,939.48",22/11/2027,3677
INV130854,Building maintenance services,Programmed Facility Mgmt Pty Ltd,0.2m,30-Oct-2028,3630
INV130855,Street cleaning,Spotless Facility Services Pty Ltd (AU),0.0m,29/11/07,3669
INV130856,Street cleaning,Spotless Facility Services Pty Ltd (AU),0.2m,11/07/2026,3669
INV130857,Building maintenance services,ProgrammedFacilityManagementPtyLtd,146671.94,03/05/2026,3630
INV130858,Integrated security services,National Protective Services Pty Ltd (AUS),156664.59,10/05/2029,3686
INV130859,Vehicle tow away and impound services,NationwideTowingServices,0.1m,31-Jul-2029,3585
INV130860,Building maintenance services,PROGRAMMED FACILITY MANAGEMENT PTY LTD,25373.85,19/06/2027,3630
INV130861,Integrated security services,National Protective Services Pty Ltr,209496.08,30 December 2028,3686
INV130862,Integrated security services,National Protective Services Pty Ltd (AU),0.1m,28/03/2025,3686
INV130863,Integrated security services,National Protective Services Pty. Ltd.,160727.71,30-May-2026,3686
INV130864,Building cleaning services,Menzies Internatio,66488.35,13/02/2025,3634
INV130865,Building cleaning services,MENZIES INTERNATIONAL (AUST) PTY LTD,"$237,844.48",25/01/09,3634
INV130866,Integrated security services,National Protective Services Pty Ldd,166419.57,19-Dec-2027,3686
INV130867,Integrated security services,National  Protective  Services  Pty  Ltd,134917.7 AUD,2028-09-06,3686
INV130868,Open spaces management - region 1,Citywide Service Solutions Pty Ltd,0.2m,14/09/2029,3676
INV130869,Melbourne Town Hall venue management,SHOWTIME EVENT GROUP PTY LTD,167232.21 AUD,2026-06-21,3670
INV130870,Open spaces management - region 1,CitywideServiceSolutionsPtyLtd,0.1m,03/07/2025,3676
INV130871,Management of Active Melbourne recreation facilities,Victorian YMCA Community Programming Pty Ltd (AU),204460.45,29/09/24,3615
INV130872,Street cleaning,Spotless Facility Services Pty Ltd,178095.88 AUD,27 July 2025,3669
INV130873,Graffiti management and pressure cleaning services,Citywide Service Solutions Pty Ltd,0.1m,02/06/2025,3676
INV130874,Management of Active Melbourne recreation facilities,VictorianYMCACommunityProgrammingPtyLtd,"$79,432.55",10/09/2025,3615
INV130875,Integrated security services,National,0.1m,03/06/2028,3686
INV130876,Open spaces management - region 2,SERCO,0.2m,10/02/2025,3677
INV130877,Melbourne Town Hall venue management,showtime event group pty ltd,"$51,991.58",01/11/2028,3670
INV130878,Vehicle tow away and impound services,NationwideTowingServices,4971.75,08-Oct-2026,3585
INV130879,Tree management maintenance services,Citywide Service Solutions Pty Ltd (AUS),0.1m,01/10/2029,3678
INV130880,Management of Active Melbourne recreation facilities,Victorian YMCA Community Programming Pty Ltd,"$245,060.84",24/07/2027, 
INV130881,Parking technology services,ReinoInternationalPtyLtdT/ADuncanSolutions,0.0m,24/06/2028,3623
INV130882,Parking technology services,Reino International Pty Ltd T/A Duncan Solutions (AUS),0.0m,27/09/2027,3623
INV130883,Open spaces management - region 2,serco,160836.73,17/05/2027,3677
INV130884,Management of Active Melbourne recreation facilities,Victorian YMCA Community Programming Pty. Ltd.,60592.31,12 October 2026,3615
INV130885,Open spaces management - region 1,Citywide Service Solutions Pty Ltd,"$39,825.94",04/01/2027, 
INV130886,Open spaces management - region 2,SERCO,180782.42,14 January 2028,3677
INV130887,Open spaces management - region 2,Serco,1763.21,2026-07-07,3677
INV130888,Waste management services,Cleanaway Waste Management LTD,52473.89,14/10/2025,3556
INV130889,Building maintenance services,Programmed Facility Management P/L,0.2m,07/03/2025, 
INV130890,Open spaces management - region 1,Citywide Service Solutions Pty Ltd,0.1m,22 August 2029, 
INV130891,Parking technology services,Reino International Pty Ltd T/A Duncan Solutions,53908.9 AUD,13/09/2028,3623
INV130892,Open spaces management - region 1,Citywide Service Solutions Pty Ltd (AUS),195382.38,05/09/2025,3676
INV130893,Building cleaning services,Menzies,67974.11,22-Apr-2025,3634
INV130894,Building cleaning services,Menzies,194355.55,16 August 2027,3634
INV130895,Tree management maintenance services,Citywide Service Solutions Pty. Ltd.,"$149,987.27",09-Oct-2029,3678
INV130896,Waste management services,Cleanaway Waste Management Limited,49000.4,01/10/2029,3556
INV130897,Melbourne Town Hall venue management,ShowtimeEventGroupPtyLtd,"$61,763.53",14/11/2027,3670
INV130898,Civil infrastructure services,Citywide Service ,0.1m,02/07/2025,3665
INV130899,Tree management maintenance services,Citywide Service Solutions Pty Ltd,228919.26 AUD,23/09/2029,3678
INV130900,Integrated security services,National Protective Services Pty Ltd,0.1m,27/08/10,3686
INV130901,Open spaces management - region 2,SERCO (AU),"$84,425.05",17/09/2027,3677
INV130902,Open spaces management - region 2,SERCO,,17/09/2026,3677
INV130903,Tree management maintenance services,CITYWIDE SERVICE SOLUTIONS PTY LTD,170526.86,11/02/2028,3678
INV130904,Civil infrastructure services,Citywide  Service  Solutions  Pty  Ltd,54116.43,28 November 2027,3665
INV130905,Tree management maintenance services,Citywide Service Solutions Pty Ltd,0.2m,2027-01-14,3678
INV130906,Building maintenance services,Programmed Facility Management Pty Ltd,0.2m,2027-09-20,3630
INV130907,Building maintenance services,Programmed Facility,"$34,089.98",25/05/2025,3630
INV130908,Open spaces management - region 1,Citywide Service Solutions Pty Ltd (AUS),0.2m,,3676
INV130909,Street cleaning,Spotless Facility Services Pty Ltd (AU),234566.31,29/11/2029,3669
INV130910,Street cleaning,SpotlessFacilityServicesPtyLtd,200745.73,30-Aug-2026,3669
INV130911,Building maintenance services,Programmed Facility Management Pty Ltd,"$16,496.17",23 August 2025,3630
INV130912,Vehicle tow away and impound services,NationwideTowingServices,222698.25,27/05/2027,3585
INV130913,Integrated security services,National Protective Services Pty Ltd,"$236,686.6",16-Sep-2026,3686
INV130914,Vehicle tow away and impound services,Nationwide Towing Services (AUS),160403.65,28/06/2029,3585
INV130915,Integrated security services,National Protective Services P/L,0.2m,26/10/03,3686
INV130916,Integrated security services,NATIONAL PROTECTIVE SERVICES PTY LTD,163063.42,19/07/2027,3686
INV130917,Civil infrastructure services,Citywide Service Solutions Pty Ltd,82457.37 AUD,23/01/2027,3665
INV130918,Building cleaning services,Menzies Internatio,"$249,685.43",06-Jan-2029,3634
INV130919,Open spaces management - region 1,Citywide Service Solutions Pty Ltd,128983.6,2025-04-13,3676
INV130920,Vehicle tow away and impound services,Nationwide Tzwing Services,141057.62 AUD,28/05/10,3585
INV130921,Open spaces management - region 2,serco,70874.08 AUD,21/05/2029,3677
INV130922,Civil infrastructure services,CitywideServiceSolutionsPtyLtd,0.0m,09/04/2028,3665
INV130923,Waste management services,Cleanaway Waste Management Limited,0.1m,29/05/04,3556
INV130924,Graffiti management and pressure cleaning services,Calcorp Services Pty Ltd,"$199,275.23",28/02/2029,3668
INV130925,Integrated security services,National Protective Services Pty Ltd,0.1m,14 September 2025,3686
INV130926,Building cleaning services,Citywide Service Solutions Pty Ltd (AUS),247212.02,,3676
INV130927,Integrated security services,National Protective Services Pty Ltd (AU),0.1m,22-Oct-2025,3686
INV130928,Tree management maintenance services,Citywide Service Solutions P/L,0.2m,16 May 2028,3678
INV130929,Street cleaning,Spotless Facility Services Pty Ltd (AU),95324.02,09-Sep-2027,3669
INV130930,Open spaces management - region 2,jERCO,,16/09/2026,3677
INV130931,Melbourne Town Hall venue management,Showtime Event Group Pty Ltd (AU),"$220,208.15",2027-05-25,3670
INV130932,Waste management services,Calcorp Services Pty Ltd,0.2m,23/11/2028,3668
INV130933,Building cleaning services,Menzies International (Aust) Pty Ltd,"$86,991.32",2026-04-27,3634
INV130934,Building maintenance services,Programmed  Facility  Management  Pty  Ltd,233072.67,27/10/20,3630
INV130935,Building maintenance services,Programmed  Facility  Management  Pty  Ltd,84255.52,2029-06-02,3630
INV130936,Tree management maintenance services,CITYWIDE SERVICE SOLUTIONS PTY LTD,100441.17 AUD,2026-06-19,3678
INV130937,Civil infrastructure services,Citywide  Service  Solutions  Pty  Ltd,0.1m,2025-11-19,3665
INV130938,Open spaces management - region 1,Citywide  Service  Solutions  Pty  Ltd,0.1m,2026-02-02,3676
INV130939,Melbourne Town Hall venue management,Showtime Event Group Pty Ltd (AU),151491.74 AUD,26 March 2026,3670
INV130940,Melbourne Town Hall venue management,ShowtimeEventGroupPtyLtd,"$90,177.46",25/09/11,3670
INV130941,Melbourne Town Hall venue management,Showtime Event Group Pty Ltd (AUS),31816.79 AUD,12/02/2027,3670
INV130942,Open spaces management - region 1,Citywide Service Solutions P/L,245737.6,26/01/2026,3676
INV130943,Management of Active Melbourne recreation facilities,Victorian YMCA Community Programming Pty Ltd (AUS),209344.59,22/07/2028,3615
INV130944,Building cleaning services,Menzies Internatiotal (Aust) Pty Ltd,69164.54 AUD,20/06/2028,3634
INV130945,Street cleaning,Spotless Facility Services Pty Ltd (AU),99817.68,21-Aug-2026,3669
INV130946,Parking technology services,Reino Int’l Pty Ltd T/A Duncan Solutions,99394.54,17/01/2026,3623
INV130947,Graffiti management and pressure cleaning services,Calcorp Services Pty. Ltd.,238861.28,26/08/11,3668
INV130948,Open spaces management - region 2,SERCO,213663.49,27 July 2027,3677
INV130949,Building maintenance services,ProgrammedFacilityManagementPtyLtd,175091.32 AUD,13/07/2026,3630
INV130950,Management of Active Melbourne recreation facilities,Victorian  YMCA  Community  Programming  Pty  Ltd,0.1m,14/07/2029, 
INV130951,Vehicle tow away and impound services,NationwideTowingServices,"$102,404.47",01-Mar-2026, 
INV130952,Management of Active Melbourne recreation facilities,VICTORIAN YMCA COMMUNITY PROGRAMMING PTY LTD,109963.88,12-Feb-2026,3615
INV130953,Street cleaning,Spotless Facility gervices Pty Ltd,100194.25,2028-06-23,3669
INV130954,Melbourne Town Hall venue management,Showtime Event Group Pty Ltd (AUS),115355.68 AUD,28/06/09,3670
INV130955,Parking technology services,Reino International Pty. Ltd. T/A Duncan Solutions,21538.32,15-Jan-2027,3623
INV130956,Building maintenance services,Programmed Facility Management Pty Ltd,"$217,856.56",30-Sep-2027,3630
INV130957,Management of Active Melbourne recreation facilities,Victorian YMCA Community Programming Pty Ltd (AUS),"$215,290.46",16/03/2028,3615
INV130958,Waste management services,CLEANAWAY WASTE MANAGEMENT LIMITED,0.0m,07/11/2029,3556
INV130959,Management of Active Melbourne recreation facilities,victorian ymca community programming pty ltd,98965.87 AUD,06/09/2028,3615
INV130960,Vehicle tow away and impound services,NATIONWIDE TOWING SERVICES,"$137,718.14",22/05/2027,3585
INV130961,Waste management services,Cleanaway Waste Mgmt Limited,,2025-07-15,3556
INV130962,Building cleaning services,Menzies  International  (Aust)  Pty  Ltd,105198.03 AUD,26/08/2026,3634
INV130963,Building maintenance services,Programmed Facility,$288.17,2026-03-02,3630
INV130964,Open spaces management - region 2,SERCO,0.1m,2025-01-02,3677
INV130965,Building cleaning services,Menzies,0.1m,01/06/2027,3634
INV130966,Building cleaning services,Menzies,52106.83 AUD,26/12/2027,3634
INV130967,Street cleaning,Spotless Facility Services Pty Ltd (AU),0.1m,13 July 2029,3669
INV130968,Open spaces management - region 2,serco,0.1m,09-Dec-2029,3677
INV130969,Waste management services,CLEANAWAY WASTE MANAGEMENT LIMITED,224528.61,2026-01-22,3556
INV130970,Parking technology services,Reino Int’l Pty Ltd T/A Duncan Solutions,188340.14,23-Sep-2025,3623
INV130971,Management of Active Melbourne recreation facilities,Victorian YMCA Community Programming Pty Ltd (AU),179907.72,2027-05-21,3615
INV130972,Building maintenance services,Programmed Facility Management Pty Ltd (AU),177530.14,29/02/21,3630
INV130973,Civil infrastructure services,Nationwide  Towing  Services,0.2m,27 May 2027,3585
INV130974,Open spaces management - region 1,Citywide Service Solutions Pty. Ltd.,231413.33,27/07/2027,3676
INV130975,Open spaces management - region 1,citywide service solutions pty ltd,0.2m,15/01/2029,3676
INV130976,Integrated security services,National Protectiv,118020.32 AUD,09 November 2027,3686
INV130977,Tree management maintenance services,Citywide Service Solutions Pty Ltd,0.2m,10-Sep-2027,3678
INV130978,Parking technology services,Reino International Pty Ltd T/A Duncan Solutions (AU),"$108,546.72",12 January 2026,3623
INV130979,Graffiti management and pressure cleaning services,Calcorp Services P/L,0.0m,26/05/19,3668
INV130980,Management of Active Melbourne recreation facilities,Victorian YMCA Communi,"$226,995.73",03-May-2026,3615
INV130981,Vehicle tow away and impound services,Nationwide Towing Services,91042.6,06/01/2027,3585
INV130982,Graffiti management and pressure cleaning services,Calcorp Services PtyvLtd,187983.55,2025-09-04,3668
INV130983,Building cleaning services,Menzies International (Aust) Pty. Ltd.,0.2m,28/01/01,3634
INV130984,Integrated security services,National Protectiv,0.0m,16-Oct-2025,3686
INV130985,Vehicle tow away and impound services,Nationwide,115609.37,31-Oct-2028,3585
INV130986,Building maintenance services,Programmed Facility Management P/L,66175.15 AUD,2029-10-20, 
INV130987,Integrated security services,National Protective Services Pty Ltd (AU),181741.13,08-May-2029,3686
INV130988,Open spaces management - region 1,Citywide Service ,26250.91,11/01/2029,3676
INV130989,Parking technology services,Reino Intl Pty Ltd T/A Duncan Solutions,150425.67,27/09/30,3623
INV130990,Open spaces management - region 2,SERCO,0.2m,26/04/11, 
INV130991,Management of Active Melbourne recreation facilities,Victorian YMCA Community Programming Pty Ltd (AU),30674.46,25 April 2029,3615
INV130992,Building cleaning services,menzies international (aust) pty ltd,0.0m,26 December 2026,3634
INV130993,Melbourne Town Hall venue management,SHOWTIME EVENT GROUP PTY LTD,"$11,008.98",29/07/23,3670
INV130994,Street cleaning,Spotless Facility Services Pty Ltd,148660.96,2025-06-28,3669
INV130995,Graffiti management and pressure cleaning services,Calcorp Services Pty Ltd,200793.67,09/11/2028,3668
INV130996,Civil infrastructure services,Citywide Service Solutions Pty Ltd,"$208,143.54",2028-10-22,3665
INV130997,Building maintenance services,Programmed Facility Management Pty Ltd (AU),32853.53,06/10/2025,3630
INV130998,Waste management services,CLEANAWAY WASTE MANAGEMENT LIMITED,115278.48,18/03/2025,3556
INV130999,Melbourne Town Hall venue management,showtime event group pty ltd,0.1m,02-Feb-2027,3670
INV131000,Civil infrastructure services,Citywide Service Solutions Pty Ltd (AU),198635.14 AUD,2026-07-17,3665
