InvoiceID,ContractTitle,Provider,InvoiceAmount,InvoiceDate,ContractNumber
INV232001,Street cleaning,Spotless Facility Services Pty Ltd,"$127,395.05",15 May 2028,3669
INV232002,Civil infrastructure services,Citywide Service Solutions Pty Ltd,215575.42,14/05/2025,3665
INV232003,Melbourne Town Hall venue management,Showtime  Event  Group  Pty  Ltd,151006.57,22-Jan-2027,3670
INV232004,Integrated security services,National Protective Services Pty Ltd,"$113,601.07",2028-07-16,3686
INV232005,Civil infrastructure services,Citywide Service Solutions Pty Ltd,"$71,086.32",27/03/28,3665
INV232006,Civil infrastructure services,Citywide Service Solutions Pty Ltd,0.2m,2028-07-11,3665
INV232007,Street cleaning,Spotless Facility Services P/L,"$194,859.69",28/11/10,3669
INV232008,Building cleaning services,Menzies Internatio,59256.86 AUD,07/11/2029,3634
INV232009,Management of Active Melbourne recreation facilities,Victorian YMCA Community Programming P/L,"$162,064.27",01-Nov-2025,3615
INV232010,Open spaces management - region 1,Serco,138421.68,26/10/26,3677
INV232011,Integrated security services,NationalProtectiveServicesPtyLtd,12881.46,20/03/2027,3686
INV232012,Melbourne Town Hall venue management,Showtgme Event Group Pty Ltd,0.1m,22 May 2026,3670
INV232013,Integrated security services,National Protective Services dty Ltd,60139.91,29-May-2025,3686
INV232014,Open spaces management - region 1,Citywide  Service  Solutions  Pty  Ltd,0.2m,28/06/2027,3676
INV232015,Melbourne Town Hall venue management,Showtime,0.0m,11/08/2029,3670
INV232016,Graffiti management and pressure cleaning services,Reino Int’l Pty Ltd T/A Duncan Solutions,71672.17,10-Apr-2029,3623
INV232017,Parking technology services,reino international pty ltd t/a duncan solutions,81964.76 AUD,28/03/20,3623
INV232018,Vehicle tow away and impound services,Nationwide Towing Services,50557.51 AUD,12/04/2025,3585
INV232019,Street cleaning,Spotless Facility,"$52,464.26",2025-08-01,3669
INV232020,Building cleaning services,Menzies International (Aust) Pty. Ltd.,163364.43,11/08/2029,3634
INV232021,Parking technology services,Reino International Pty Ltd T/A Duncan Solutions (AU),24337.22,2026-08-17,3623
INV232022,Street cleaning,Spotless Facility Services Pty Ltd (AU),0.1m,27/05/15,3669
INV232023,Parking technology services,Victorian YMCA Community Programming nty Ltd,44154.05,20/03/2026,3615
INV232024,Open spaces management - region 2,SERCO,55925.65 AUD,26/09/2027,3677
INV232025,Building maintenance services,Programmed Facility Management Pty Ltd,0.2m,10-Aug-2025,3630
INV232026,Open spaces management - region 1,cleanaway waste management limited,0.1m,20 November 2026,3556
INV232027,Building maintenance services,Programmed Facility Management P/L,94998.19,22/12/2029,3630
INV232028,Waste management services,Cleanaway Waste M,146891.89,27/01/2025,3556
INV232029,Management of Active Melbourne recreation facilities,Victorian YMCA Community Programming Pty Ltd,0.2m,27-Jun-2026,3615
INV232030,Graffiti management and pressure cleaning services,Calcorp Services Pty. Ltd.,15957.59,11 February 2025,3668
INV232031,Open spaces management - region 2,Serco,140230.28,16/03/2025,3677
INV232032,Vehicle tow away and impound services,Nationwide Towing Services,141836.26,19 March 2029,3585
INV232033,Tree management maintenance services,CITYWIDE SERVICE SOLUTIONS PTY LTD,204492.83 AUD,04/06/2025,3678
INV232034,Waste management services,Cleanaway  Waste  Management  Limited,"$229,024.02",2025-12-07,3556
INV232035,Parking technology services,Reino International Pty ,0.2m,27/08/09,3623
INV232036,Integrated security services,National Protective Services Pty Ltd,"$146,609.59",03/03/2028, 
INV232037,Tree management maintenance services,Citywide  Service  Solutions  Pty  Ltd,1573.81 AUD,06 September 2026,3678
INV232038,Melbourne Town Hall venue management,ShowtimeEventGroupPtyLtd,222794.02 AUD,2028-02-18,3670
INV232039,Building maintenance services,ProgrammedFacilityManagementPtyLtd,218460.01,19 January 2025,3630
INV232040,Vehicle tow away and impound services,Nationwide Towing Services (AUS),0.2m,09 June 2029,3585
INV232041,Waste management services,Cleanaway Waste Management Ltd,10583.69 AUD,18-Mar-2026,3556
INV232042,Building maintenance services,Programmed,0.2m,2027-11-29,3630
INV232043,Graffiti management and pressure cleaning services,Calcorp Sergices Pty Ltd,0.2m,23-Sep-2026, 
INV232044,Integrated security services,National  Protective  Services  Pty  Ltd,69536.37 AUD,13-Apr-2026,3686
INV232045,Melbourne Town Hall venue management,ShowtimeEventGroupPtyLtd,200804.83,29/01/14,3670
INV232046,Melbourne Town Hall venue management,Showtime Event Group Pty Ltd,187864.28,2029-04-22,3670
INV232047,Tree management maintenance services,Citywide Service Solutions Pty Ltd,"$122,525.12",01/10/2028,3678
INV232048,Graffiti management and pressure cleaning services,Programmed,230918.69,26/03/04,3630
INV232049,Management of Active Melbourne recreation facilities,Victorian YMCA Community Programming Pty Ltd (AUS),167077.17 AUD,2026-08-19,3615
INV232050,Open spaces management - region 1,Citywide,0.1m,29/06/13,3676
INV232051,Civil infrastructure services,CITYWIDE SERVICE SOLUTIONS PTY LTD,0.2m,31-May-2026,3665
INV232052,Building maintenance services,Programmed  Facility  Management  Pty  Ltd,249447.01,22/10/2027,3630
INV232053,Graffiti management and pressure cleaning services,Calcorp Services P/L,"$146,463.44",2027-09-04,3668
INV232054,Graffiti management and pressure cleaning services,Calcorp Services Pty Ltd (AUS),81842.54 AUD,18 June 2027,3668
INV232055,Integrated security services,National Protective Services Pty Ltd (AU),80139.53,27/01/2028,3686
INV232056,Parking technology services,REINO INTERNATIONAL PTY LTD T/A DUNCAN SOLUTIONS,145706.0,26/11/03,3623
INV232057,Street cleaning,spotless facility services pty ltd,106517.73,2028-02-10,3669
INV232058,Melbourne Town Hall venue management,ShowtimeEventGroupPtyLtd,153496.66,28/04/2028,3670
INV232059,Integrated security services,National Protective Services Pty Ltd,"$91,462.14",2027-12-07,3686
INV232060,Street cleaning,Spotless Facility Services Pty Ltd (AUS),0.1m,27/09/30,3669
INV232061,Management of Active Melbourne recreation facilities,Victorian YMCA Community Programming Pty. Ltd.,236264.59,30 June 2027,3615
INV232062,Building cleaning services,Menzies International (Aust) Pty Ltd (AU),"$170,818.47",01-Dec-2028,3634
INV232063,Parking technology services,REINO INTERNATIONAL PTY LTD T/A DUNCAN SOLUTIONS,125659.09,15/03/2028,3623
INV232064,Management of Active Melbourne recreation facilities,Victorian YMCA Community Programming Pty. Ltd.,117754.59,14/06/2027,3615
INV232065,Building cleaning services,Menzies Int’l (Aust) Pty Ltd,77800.76,13-Apr-2029,3634
INV232066,Vehicle tow away and impound services,Nationwide Towing Services,241297.47,25/09/20,3585
INV232067,Waste management services,Cleanaway Waste M,0.2m,2026-08-11,3556
INV232068,Graffiti management and pressure cleaning services,Calcorp Services Pty Ltd (AUS),242462.33,25/07/2026, 
INV232069,Building maintenance services,Programmed Facility Management Pty Ltd,0.1m,02-May-2025,3630
INV232070,Building maintenance services,Programmed Facility Management Pty Ltd,"$177,091.21",28/09/29,3630
INV232071,Building cleaning services,Menzies,"$231,445.52",27 October 2026,3634
INV232072,Civil infrastructure services,Citywide ServicedSolutions Pty Ltd,0.1m,09-Apr-2025,3665
INV232073,Building cleaning services,Menzies International (Aust) P/L,205107.66,20 July 2029,3634
INV232074,Civil infrastructure services,Citywide Service Solutions Pty Ltd (AU),"$185,703.13",09-Jun-2027,3665
INV232075,Open spaces management - region 1,National,216486.51,02-Jul-2027,3686
INV232076,Civil infrastructure services,Reino International Pty Ltd T/A Duncan Solutions,0.1m,17/07/2028,3623
INV232077,Melbourne Town Hall venue management,Showtime Event,142183.84,29/11/26, 
INV232078,Parking technology services,calcorp services pty ltd,0.1m,,3668
INV232079,Graffiti management and pressure cleaning services,Calcorp Services Pty Ltd,85029.54,02 March 2029,3668
INV232080,Civil infrastructure services,Citywide Service ,221184.12,11/03/2025,3665
INV232081,Melbourne Town Hall venue management,Showtime Event,"$51,776.22",16-Jul-2027,3670
INV232082,Melbourne Town Hall venue management,Showtime Event Group Pty Ltd (AU),0.2m,2025-11-22,3670
INV232083,Waste management services,Cleanaway Waste Management Limited,0.2m,15/06/2029,3556
INV232084,Management of Active Melbourne recreation facilities,VictorianYMCACommunityProgrammingPtyLtd,44456.16,28-Jan-2026, 
INV232085,Parking technology services,Reino,226669.11,24-Aug-2025,3623
INV232086,Open spaces management - region 1,CITYWIDE SERVICE SOLUTIONS PTY LTD,0.0m,01 April 2025,3676
INV232087,Melbourne Town Hall venue management,Showtime Event Group Pty Ltd,0.1m,30/04/2028,3670
INV232088,Melbourne Town Hall venue management,SHOWTIME EVENT GROUP PTY LTD,0.1m,28/03/2029,3670
INV232089,Graffiti management and pressure cleaning services,Calcorp  Services  Pty  Ltd,"$194,455.26",28/01/06,3668
INV232090,Graffiti management and pressure cleaning services,Calcorp Services PtygLtd,77709.76,29/05/2027,3668
INV232091,Building cleaning services,Menzies International (Aust) P/L,"$9,261.07",24/04/2025,3634
INV232092,Building maintenance services,Programmed Facility Management P/L,103701.44 AUD,26-Jun-2028,3630
INV232093,Open spaces management - region 1,CITYWIDE SERVICE SOLUTIONS PTY LTD,123511.31,2026-04-27,3676
INV232094,Melbourne Town Hall venue management,Showtime Event Group Pty Ltd,169804.01,27/11/17,3670
INV232095,Civil infrastructure services,Citywide Sejvice Solutions Pty Ltd,73442.64,09/03/2028,3665
INV232096,Parking technology services,Reino International Pty Ltd T/A Duncan Solutions,0.1m,28/02/19,3623
INV232097,Vehicle tow away and impound services,Nationwide Towing Services,103421.43,22/05/2028,3585
INV232098,Melbourne Town Hall venue management,Showtime Event Group Pty Ltd,220004.58 AUD,2029-03-15,3670
INV232099,Building cleaning services,Menzies Int’l (Aust) Pty Ltd,0.2m,17/12/2025, 
INV232100,Tree management maintenance services,citywide service solutions pty ltd,140566.49,06 March 2027,3678
INV232101,Open spaces management - region 1,Citywide Service Solutions Pty Ltd,176615.31,2029-01-17, 
INV232102,Civil infrastructure services,Citywide Service Solutions P/L,94342.32,30-Aug-2029, 
INV232103,Tree management maintenance services,Citywide Service Solutions Pty Ltd (AU),79122.76,12/12/2027,3678
INV232104,Tree management maintenance services,citywide service solutions pty ltd,0.0m,24/12/2025,3678
INV232105,Open spaces management - region 2,sERCO,"$179,759.39",2027-01-19,3677
INV232106,Melbourne Town Hall venue management,SHOWTIME EVENT GROUP PTY LTD,21104.75,21/01/2025,3670
INV232107,Graffiti management and pressure cleaning services,Calcorp Services Pty Ltd,15054.81 AUD,15-Jul-2028,3668
INV232108,Open spaces management - region 2,SERCO (AU),33079.7,28/05/29,3677
INV232109,Waste management services,Cleanaway Waste Management Limited,"$49,991.08",2028-04-30,3556
INV232110,Vehicle tow away and impound services,Nationwide Towing Services (AUS),0.1m,02/01/2028,3585
INV232111,Building maintenance services,ProgrammedFacilityManagementPtyLtd,93114.79 AUD,07-Feb-2027,3630
INV232112,Building maintenance services,Programmed Facility Management Pty Ltd (AUS),0.2m,2025-05-16,3630
INV232113,Melbourne Town Hall venue management,Showtime  Event  Group  Pty  Ltd,"$93,606.98",01/04/2029,3670
INV232114,Open spaces management - region 2,SERCO,0.1m,17-Nov-2025,3677
INV232115,Melbourne Town Hall venue management,Showtime Event Group Pty Ltd,0.1m,09-Sep-2025,3670
INV232116,Melbourne Town Hall venue management,Showtime Event,95534.66,15 October 2028,3670
INV232117,Vehicle tow away and impound services,Nationwide Towing Services,"$147,889.59",08/07/2027,3585
INV232118,Graffiti management and pressure cleaning services,Calcorp Services Pty Ltd (AUS),"$118,627.89",27/02/17,3668
INV232119,Parking technology services,reino international pty ltd t/a duncan solutions,"$229,799.71",13-Dec-2026,3623
INV232120,Building maintenance services,Programmed Facility Management Pty Ltd (AU),22522.42,18/01/2028,3630
INV232121,Graffiti management and pressure cleaning services,Calcorp Services P/L,0.0m,28/12/31,3668
INV232122,Vehicle tow away and impound services,nationwide towing services,227014.66,2026-08-13,3585
INV232123,Street cleaning,SpotlessFacilityServicesPtyLtd,185686.1,27/10/05,3669
INV232124,Building cleaning services,Menzies,173361.08 AUD,09/09/2027,3634
INV232125,Open spaces management - region 2,SERCO,"$234,388.52",12/01/2025,3677
INV232126,Open spaces management - region 2,SERCO,0.1m,03/07/2029,3677
INV232127,Vehicle tow away and impound services,Nationwide To,83519.57,27/11/13,3585
INV232128,Tree management maintenance services,Citywide Service Solutions Pty Ltd,46603.2,25/05/2025,3678
INV232129,Tree management maintenance services,CITYWIDE SERVICE SOLUTIONS PTY LTD,179403.84,05/02/2025,3678
INV232130,Tree management maintenance services,Citywide Service Solutfons Pty Ltd,0.2m,07/08/2025,3678
INV232131,Melbourne Town Hall venue management,showtime event group pty ltd,0.0m,08 June 2028,3670
INV232132,Tree management maintenance services,Citywide Service ,"$182,957.13",06/12/2029,3678
INV232133,Building cleaning services,Menzies International (Aust) Pty Ltd,237277.52,02/06/2025,3634
INV232134,Open spaces management - region 2,SERCO,236428.18 AUD,18 August 2028,3677
INV232135,Building cleaning services,Menzies International (Aust) Pty Ltd,35760.21,25/03/2028,3634
INV232136,Open spaces management - region 2,SERCO (AU),145225.28,15 September 2028,3677
INV232137,Melbourne Town Hall venue management,Showtime  Event  Group  Pty  Ltd,0.1m,24/10/2025,3670
INV232138,Vehicle tow away and impound services,nationwide towing services,244377.83 AUD,28/04/28,3585
INV232139,Management of Active Melbourne recreation facilities,Victorian YMCA Community Programming Pty Ltd (AU),79987.4 AUD,13-Jun-2029,3615
INV232140,Open spaces management - region 1,Citywide Service Solutions Pty Ltd (AUS),155392.01,05 February 2029,3676
INV232141,Waste management services,CLEANAWAY WASTE MANAGEMENT LIMITED,138421.67,2027-01-12,3556
INV232142,Vehicle tow away and impound services,Nationwide  Towing  Services,6466.6 AUD,24 August 2026,3585
INV232143,Melbourne Town Hall venue management,Showtime Event Group P/L,242602.68,07/01/2028,3670
INV232144,Building maintenance services,Programmed Facility Managemeat Pty Ltd,133507.51,25/02/16,3630
INV232145,Integrated security services,National Protectiv,"$80,580.27",18-Apr-2029, 
INV232146,Civil infrastructure services,citywide service solutions pty ltd,0.2m,10/11/2026,3665
INV232147,Tree management maintenance services,Citywide Service SolutionskPty Ltd,232456.79 AUD,02-Apr-2029,3665
INV232148,Management of Active Melbourne recreation facilities,VictorianYMCACommunityProgrammingPtyLtd,185446.56,08-Dec-2026,3615
INV232149,Open spaces management - region 2,SERCO,63242.2,08/11/2029,3677
INV232150,Civil infrastructure services,CitywideServiceSolutionsPtyLtd,192437.28,02/09/2029,3665
INV232151,Melbourne Town Hall venue management,Showtime Event Group Pty Ltd (AUS),0.1m,11/12/2025,3670
INV232152,Building cleaning services,menzies international (aust) pty ltd,138538.94,05-Jun-2025,3634
INV232153,Melbourne Town Hall venue management,ShowtimeEventGroupPtyLtd,0.1m,26/11/21,3670
INV232154,Graffiti management and pressure cleaning services,Calcorp Services Pty Ltd,,03 July 2028,3668
INV232155,Tree management maintenance services,Citywide Service Solutions Pty Ltd,180192.68,20-Jul-2026,3678
INV232156,Street cleaning,SERCO,0.0m,26/01/11,3677
INV232157,Melbourne Town Hall venue management,Showtime Event Group Pty Ltd,245534.69,04-Oct-2027, 
INV232158,Street cleaning,Spotless Facility Services Pty. Ltd.,210804.22 AUD,2027-04-17,3669
INV232159,Vehicle tow away and impound services,Nationwide Towing Services,0.1m,06/02/2029,3585
INV232160,Building cleaning services,MENZIES INTERNATIONAL (AUST) PTY LTD,"$174,526.5",2029-10-25,3634
INV232161,Civil infrastructure services,Citywide Service Solutxons Pty Ltd,"$148,319.81",2029-12-15,3665
INV232162,Melbourne Town Hall venue management,Showtime Event,"$190,871.58",,3670
INV232163,Parking technology services,Reino International Pty Ltd T/A Duncan Solutions,171931.52,16/06/2028,3623
INV232164,Vehicle tow away and impound services,nationwide towing services,39040.46,25/07/01,3585
INV232165,Melbourne Town Hall venue management,Showtime  Event  Group  Pty  Ltd,0.2m,24/09/2026,3670
INV232166,Building cleaning services,MenziespInternational (Aust) Pty Ltd,218108.07 AUD,2027-03-28,3634
INV232167,Building maintenance services,PROGRAMMED FACILITY MANAGEMENT PTY LTD,92976.22,03/04/2029,3630
INV232168,Open spaces management - region 2,Spotless Facility Services Pty Ltd (AU),28451.09,19/12/2025,3669
INV232169,Waste management services,Cleanaway Waste Management Limited (AUS),59416.51,28-Mar-2029,3556
INV232170,Waste management services,Cleanaway Waste Management Limited,"$220,504.27",2029-10-28, 
INV232171,Open spaces management - region 1,Citywide Servyce Solutions Pty Ltd,200789.05,12 May 2025,3676
INV232172,Management of Active Melbourne recreation facilities,Victorian YMCA Community Programming Pty Ltd,184901.24,25/01/07,3615
INV232173,Open spaces management - region 1,Citywide Service Solutions P/L,160013.8,07-Apr-2025,3676
INV232174,Vehicle tow away and impound services,Nationwide  Towing  Services,0.2m,27/05/15, 
INV232175,Open spaces management - region 1,Citywide Service Solutions Pty Ltd,"$214,913.67",25/02/05,3676
INV232176,Tree management maintenance services,citywide service solutions pty ltd,19907.64,10-Jul-2028,3678
INV232177,Vehicle tow away and impound services,NATIONWIDE TOWING SERVICES,"$164,371.44",2027-05-19,3585
INV232178,Open spaces management - region 2,Serco,31848.68 AUD,26/08/08,3677
INV232179,Graffiti management and pressure cleaning services,Calcorp Services P/L,8969.93,25/01/21,3668
INV232180,Parking technology services,Reino International Pti Ltd T/A Duncan Solutions,0.1m,2028-06-27,3623
INV232181,Waste management services,Cleanaway Waste Management Limited (AU),46982.14,29/05/06,3556
INV232182,Tree management maintenance services,Citywide Service Solutions Pty. Ltd.,103694.34,04/10/2028,3678
INV232183,Graffiti management and pressure cleaning services,Calcorp Serv,63345.71 AUD,01/02/2029,3668
INV232184,Open spaces management - region 2,iERCO,0.2m,11-Sep-2028,3677
INV232185,Graffiti management and pressure cleaning services,CALCORP SERVICES PTY LTD,149211.3 AUD,10/02/2026,3668
INV232186,Melbourne Town Hall venue management,Showtime,0.2m,12-Jan-2026,3670
INV232187,Management of Active Melbourne recreation facilities,Victorian YMCA Communi,0.1m,27/05/2028,3615
INV232188,Tree management maintenance services,Citywide Service Solutions P/L,0.2m,13 May 2028,3678
INV232189,Building cleaning services,Menzies  International  (Aust)  Pty  Ltd,"$208,734.48",20-Apr-2028,3634
INV232190,Melbourne Town Hall venue management,Showtime Event Group Pty Ltd (AU),0.2m,22/12/2025,3670
INV232191,Melbourne Town Hall venue management,Showtime Event Group Pty Ltd,158398.97 AUD,2025-04-19,3670
INV232192,Integrated security services,National Protgctive Services Pty Ltd,"$191,169.12",26/12/18,3686
INV232193,Parking technology services,Reino International Pty Ltd T/A Duncan Solutions (AUS),32146.63,06/11/2025,3623
INV232194,Parking technology services,REINO INTERNATIONAL PTY LTD T/A DUNCAN SOLUTIONS,109749.5,30/12/2029,3623
INV232195,Integrated security services,NATIONAL PROTECTIVE SERVICES PTY LTD,112848.43,2026-01-16,3686
INV232196,Graffiti management and pressure cleaning services,CalcorpServicesPtyLtd,189267.91 AUD,22/04/2026,3668
INV232197,Building maintenance services,Programmed Facility Management P/L,123960.21,20/05/2025,3630
INV232198,Building cleaning services,MENZIES INTERNATIONAL (AUST) PTY LTD,0.0m,29/04/14,3634
INV232199,Melbourne Town Hall venue management,Showtime Event Group Pty Ltd,193311.14,14/12/2026,3670
INV232200,Open spaces management - region 2,Serco,146779.44,26/02/03,3677
INV232201,Building maintenance services,Programmed Facility Management Pty Ltd,37149.28 AUD,2025-04-15,3630
INV232202,Integrated security services,SERCO (AUS),140751.64,16 September 2029,3677
INV232203,Tree management maintenance services,Citywide Service Solutions P/L,91556.75,12/08/2025,3678
INV232204,Open spaces management - region 1,Citywide Service Solutions Pty. Ltd.,0.0m,2027-05-15,3676
INV232205,Integrated security services,National  Protective  Services  Pty  Ltd,"$165,157.36",21/03/2026,3686
INV232206,Open spaces management - region 1,CITYWIDE SERVICE SOLUTIONS PTY LTD,5001.38,15/04/2026,3676
INV232207,Building maintenance services,Programmed Facility Management Pty Ltd,84454.44 AUD,,3630
INV232208,Melbourne Town Hall venue management,Showtime Event Group P/L,15046.97 AUD,25/05/24,3670
INV232209,Melbourne Town Hall venue management,Showtixe Event Group Pty Ltd,216626.65,25/09/2029,3670
INV232210,Integrated security services,National Protective Services Pty Ltd,241774.52,13/12/2029,3686
INV232211,Street cleaning,Spotless Fgcility Services Pty Ltd,178557.02,16/02/2027,3669
INV232212,Tree management maintenance services,Citywide Service Solutions Pty Ltd (AU),172332.41,25/04/12,3678
INV232213,Civil infrastructure services,Citywide Service Solutionw Pty Ltd,,28/09/17,3665
INV232214,Open spaces management - region 1,citywide service solutions pty ltd,179542.34,03/06/2026,3676
INV232215,Building maintenance services,ProgrammedFacilityManagementPtyLtd,67382.98,20-Oct-2026,3630
INV232216,Management of Active Melbourne recreation facilities,Victorian YMCA Community Programming P/L,46702.13,23/02/2028,3615
INV232217,Tree management maintenance services,Citywide Service Solutions Pty Ltd,111496.74 AUD,27/06/2026,3678
INV232218,Building cleaning services,Menzies Intl (Aust) Pty Ltd,"$56,949.2",15/10/2027,3634
INV232219,Graffiti management and pressure cleaning services,CALCORP SERVICES PTY LTD,160150.11,25-Sep-2027,3668
INV232220,Building maintenance services,Programmed Facility Management Pty Ltd (AUS),208018.71,13/05/2026,3630
INV232221,Open spaces management - region 2,SERCO,184256.13,01-Oct-2028,3677
INV232222,Open spaces management - region 2,Citywide Service Solutions Pty Ltd,0.2m,29/10/09,3665
INV232223,Tree management maintenance services,Citywidb Service Solutions Pty Ltd,108321.37 AUD,29 January 2029,3678
INV232224,Vehicle tow away and impound services,nationwide towing services,141063.75,28/06/06,3585
INV232225,Melbourne Town Hall venue management,Showtime Event Group Pty Ltd,43965.58 AUD,17 August 2027,3670
INV232226,Street cleaning,Spotless Facility Services P/L,64019.76 AUD,16 July 2025,3669
INV232227,Parking technology services,Reino,142678.67,2026-03-22,3623
INV232228,Management of Active Melbourne recreation facilities,VICTORIAN YMCA COMMUNITY PROGRAMMING PTY LTD,11863.05,2029-06-10,3615
INV232229,Building maintenance services,Programmed Facility Management Pty Ltd,0.1m,24/07/2027,3630
INV232230,Open spaces management - region 2,SERCO,36358.78 AUD,13-May-2025,3677
INV232231,Melbourne Town Hall venue management,SHOWTIME EVENT GROUP PTY LTD,158067.36,13/12/2026,3670
INV232232,Civil infrastructure services,Citywide Service Solutions P/L,244143.91 AUD,23/07/2027,3665
INV232233,Waste management services,Cleanaway Waste Management Limited,"$14,171.77",23 September 2029,3556
INV232234,Street cleaning,Spotless  Facility  Services  Pty  Ltd,128639.16 AUD,14 April 2029,3669
INV232235,Building cleaning services,Menzies International (Aust) P/L,0.1m,17 December 2025,3634
INV232236,Open spaces management - region 1,Citywide Service Solutions Pty Ltd (AUS),190856.33,26/10/2029, 
INV232237,Waste management services,Cleanaway Waste Management Ltd,0.2m,24/04/2029,3556
INV232238,Street cleaning,Spotless Facility Services Pty Ltd,90376.76,29 November 2027,3669
INV232239,Management of Active Melbourne recreation facilities,Victorian Ymca Community Programming Pty Ltd,0.1m,27/04/24,3615
INV232240,Open spaces management - region 1,Citywide Service Solutions Pty Ltd (AU),92635.04 AUD,30/07/2025,3676
INV232241,Building maintenance services,NationalProtectiveServicesPtyLtd,231574.34,11 June 2028,3686
INV232242,Waste management services,CLEANAWAY WASTE MANAGEMENT LIMITED,0.1m,2025-07-11,3556
INV232243,Management of Active Melbourne recreation facilities,Victorian  YMCA  Community  Programming  Pty  Ltd,0.2m,29/11/2028,3615
INV232244,Waste management services,Cleanaway,144182.08,03-Nov-2028,3556
INV232245,Vehicle tow away and impound services,Nationwide Towing Services,"$9,914.22",2027-03-14,3585
INV232246,Building maintenance services,Programmed,52825.8,30/12/2029,3630
INV232247,Vehicle tow away and impound services,Nationwide Towing Services (AU),"$196,858.53",03-Jun-2029,3585
INV232248,Waste management services,CleanawayWasteManagementLimited,121130.37 AUD,01-Sep-2026,3556
INV232249,Graffiti management and pressure cleaning services,Calcorp Services Pty Ltd (AU),"$240,968.13",2026-04-28,3668
INV232250,Tree management maintenance services,Citywide Service Solutions Pty Ltd,55921.59 AUD,25/12/09, 
INV232251,Civil infrastructure services,Citywide Service Solutions Pty Ltd,"$181,031.58",2026-10-29,3665
INV232252,Management of Active Melbourne recreation facilities,Victorian YMCA Communidy Programming Pty Ltd,184059.56 AUD,21/01/2029,3615
INV232253,Street cleaning,Spotless Facility Services Pty Ltd,27542.03,09 April 2027,3669
INV232254,Parking technology services,Reino Internatjonal Pty Ltd T/A Duncan Solutions,227555.21,18 June 2029,3623
INV232255,Vehicle tow away and impound services,NationwideTowingServices,63155.83,09/03/2025,3585
INV232256,Melbourne Town Hall venue management,Showtime Event,0.1m,30-Dec-2028, 
INV232257,Open spaces management - region 2,SERCO,"$41,771.36",08 November 2028,3677
INV232258,Tree management maintenance services,CitywideServiceSolutionsPtyLtd,0.1m,05-Apr-2029,3678
INV232259,Integrated security services,National Protective Services P/L,0.2m,25/06/21,3686
INV232260,Building maintenance services,Programmed Facility Management Pty. Ltd.,0.1m,15 April 2026,3630
INV232261,Street cleaning,Spotless,0.2m,09/07/2026,3669
INV232262,Parking technology services,Reino International Pty Ltd T/A Duncan Solutions,221558.07 AUD,01/12/2029,3623
INV232263,Integrated security services,National,0.0m,08 February 2029,3686
INV232264,Graffiti management and pressure cleaning services,Calcorp Serv,"$56,945.84",28/08/20,3668
INV232265,Management of Active Melbourne recreation facilities,Victorian YMCA Community Programming Pty Ltd,232086.9,2025-03-13,3615
INV232266,Open spaces management - region 2,SERCO,0.2m,20/03/2029, 
INV232267,Management of Active Melbourne recreation facilities,Victorian YMCA Communi,178621.43,24/07/2029,3615
INV232268,Civil infrastructure services,CitywideServiceSolutionsPtyLtd,"$9,481.1",27/09/09,3665
INV232269,Open spaces management - region 2,Serco,0.2m,12 December 2027, 
INV232270,Parking technology services,Reino Int’l Pty Ltd T/A Duncan Solutions,"$224,272.36",07-Dec-2027,3623
INV232271,Parking technology services,Reino International Pty Ltd T/A Duncan Solutions (AUS),"$128,709.18",15/11/2028, 
INV232272,Parking technology services,reino international pty ltd t/a duncan solutions,0.2m,27/07/2028,3623
INV232273,Building maintenance services,Programmed Facility Management Pty. Ltd.,0.1m,17/07/2027,3630
INV232274,Management of Active Melbourne recreation facilities,VICTORIAN YMCA COMMUNITY PROGRAMMING PTY LTD,0.1m,22/11/2027,3615
INV232275,Open spaces management - region 1,Citywide Service Solutions Pty Ltd (AUS),134840.65,16 October 2028,3676
INV232276,Open spaces management - region 2,SERCO,121500.9,29/09/2026,3677
INV232277,Open spaces management - region 2,SERCO,83340.31,16/10/2027,3677
INV232278,Waste management services,Cleanaway Waste Management Ltd,3604.19,24/01/2025,3556
INV232279,Open spaces management - region 2,SERCO,"$163,117.7",27/02/12,3677
INV232280,Management of Active Melbourne recreation facilities,Victorian YMCA Community Programming Pty Ltd (AU),69347.67 AUD,25/01/06,3615
INV232281,Parking technology services,reino international pty ltd t/a duncan solutions,66530.45 AUD,2025-08-30,3623
INV232282,Open spaces management - region 2,rERCO,0.2m,2026-01-11,3677
INV232283,Building cleaning services,Menzies International (Aust) Pty Ltd,"$137,665.53",2026-07-22,3634
INV232284,Parking technology services,Reino  International  Pty  Ltd  T/A  Duncan  Solutions,154442.99 AUD,22/09/2029,3623
INV232285,Vehicle tow away and impound services,nationwide towing services,0.2m,2025-05-16,3585
INV232286,Tree management maintenance services,CitywideServiceSolutionsPtyLtd,70186.1,19-Aug-2026,3678
INV232287,Waste management services,Reino International Pty ,22313.6,21/09/2029,3623
INV232288,Open spaces management - region 2,SERCO,11958.03,11/06/2029,3677
INV232289,Parking technology services,Reino,127362.31 AUD,09 March 2025,3623
INV232290,Melbourne Town Hall venue management,Showtime Event Group Pty. Ltd.,"$208,827.89",25/07/2027,3670
INV232291,Melbourne Town Hall venue management,Showtime  Event  Group  Pty  Ltd,210211.16 AUD,05/07/2029,3670
INV232292,Integrated security services,National Protective Services Pty Ltd (AU),"$127,303.96",15/06/2025,3686
INV232293,Graffiti management and pressure cleaning services,Calcorp rervices Pty Ltd,111684.66,21-May-2025,3668
INV232294,Street cleaning,SPOTLESS FACILITY SERVICES PTY LTD,113770.3,2025-08-30,3669
INV232295,Melbourne Town Hall venue management,Showtime Event Group P/L,"$23,252.31",21/08/2027, 
INV232296,Management of Active Melbourne recreation facilities,Victorian YMCA Community Programming Pty Ltd (AUS),175663.17,20 February 2025,3615
INV232297,Vehicle tow away and impound services,Nationwide Towing Services,129407.43,25/08/13, 
INV232298,Open spaces management - region 2,SERCO,243675.12,05/06/2027,3677
INV232299,Vehicle tow away and impound services,NATIONWIDE TOWING SERVICES,32971.05,06/12/2027,3585
INV232300,Building cleaning services,Menzies International (Aust) P/L,100029.44,20-Oct-2027,3634
INV232301,Tree management maintenance services,Citywide Service Solutions Pty. Ltd.,194893.55,26/03/17,3678
INV232302,Building cleaning services,Menzies Intl (Aust) Pty Ltd,209854.99,,3634
INV232303,Waste management services,National Protective Services Pty Ltd (AU),0.2m,20/04/2028,3686
INV232304,Integrated security services,National  Protective  Services  Pty  Ltd,0.2m,25/12/2025,3686
INV232305,Integrated security services,NATIONAL PROTECTIVE SERVICES PTY LTD,177312.34,2027-06-01,3686
INV232306,Vehicle tow away and impound services,Nationwide  Towing  Services,184343.69 AUD,2029-12-06,3585
INV232307,Melbourne Town Hall venue management,Showtime Event Group Pty Ltd,174815.57,28/09/12,3670
INV232308,Building maintenance services,Pmogrammed Facility Management Pty Ltd,202744.6,28-Aug-2027,3630
INV232309,Street cleaning,Spotless  Facility  Services  Pty  Ltd,"$194,416.59",10/06/2025,3669
INV232310,Open spaces management - region 2,SERCO,"$74,496.56",06 July 2027,3677
INV232311,Graffiti management and pressure cleaning services,Calcorp Serv,230349.7 AUD,02 October 2026,3668
INV232312,Building maintenance services,Programmed,27389.59,2026-04-19,3630
INV232313,Melbourne Town Hall venue management,Shottime Event Group Pty Ltd,28554.16 AUD,04 February 2025,3670
INV232314,Civil infrastructure services,Menzies,172792.08,20-Mar-2029,3634
INV232315,Building cleaning services,Menzies Intl (Aust) Pty Ltd,96241.98,28/08/07,3634
INV232316,Integrated security services,NationalProtectiveServicesPtyLtd,"$208,930.01",2025-01-13, 
INV232317,Tree management maintenance services,Citywide Service Solutions Pty. Ltd.,"$242,708.84",23/11/2028,3678
INV232318,Waste management services,Cleanaway Waste Mgmt Limited,0.1m,31/08/2029,3556
INV232319,Vehicle tow away and impound services,nationwide towing services,30470.55 AUD,27/06/05,3585
INV232320,Vehicle tow away and impound services,NationwideTowingServices,23375.49,24/01/2025,3585
INV232321,Building cleaning services,Menzies International (Aust) P/L,10043.27 AUD,06/12/2027,3634
INV232322,Waste management services,cleanaway waste management limited,154343.6,26/12/24,3556
INV232323,Open spaces management - region 2,SERCO,56756.5,30 October 2029,3677
INV232324,Tree management maintenance services,Citywide Service Solutions Pty Ltd (AUS),146868.21,2027-11-10,3678
INV232325,Civil infrastructure services,Citywide Service ,0.2m,06 August 2029,3665
INV232326,Open spaces management - region 2,serco,0.2m,27/06/10,3677
INV232327,Vehicle tow away and impound services,Nationwide To,11959.48,07/07/2028,3585
INV232328,Vehicle tow away and impound services,nationwide towing services,109295.73,14 July 2028,3585
INV232329,Management of Active Melbourne recreation facilities,VICTORIAN YMCA COMMUNITY PROGRAMMING PTY LTD,20194.94,29/01/07,3615
INV232330,Open spaces management - region 1,Citywide Service Solutions Pty Ltd (AU),42374.37,17/07/2027,3676
INV232331,Open spaces management - region 2,Cleanaway Waste Management Limited,99574.54 AUD,27/08/09,3556
INV232332,Management of Active Melbourne recreation facilities,Victorian,112675.87 AUD,06-Sep-2025,3615
INV232333,Melbourne Town Hall venue management,Showtime Event Group Pty Ltd,225371.99 AUD,2026-07-01,3670
INV232334,Vehicle tow away and impound services,Nationwide Towing Services,207918.49 AUD,28/06/26,3585
INV232335,Street cleaning,Spotless Facility Services P/L,0.1m,21/12/2026,3669
INV232336,Civil infrastructure services,Citywide,0.2m,29/10/02,3665
INV232337,Civil infrastructure services,Citywide  Service  Solutions  Pty  Ltd,174086.39 AUD,27/12/11,3665
INV232338,Civil infrastructure services,Citywide Service Solutions Pty Ltd,242678.45 AUD,25/03/22,3665
INV232339,Integrated security services,National Protective Services Pty Ltd,104958.16 AUD,13/05/2026,3686
INV232340,Parking technology services,reino international pty ltd t/a duncan solutions,0.2m,2025-02-25,3623
INV232341,Street cleaning,Spotless Facility,134065.24 AUD,13 October 2027,3669
INV232342,Open spaces management - region 1,Citywide Service Solutions Pty. Ltd.,105263.38,2028-11-17,3676
INV232343,Street cleaning,Spotless Facility Services Pty Ltd (AUS),207505.27,04 February 2026,3669
INV232344,Open spaces management - region 1,Citywide Service ,"$123,394.23",09-Jun-2028,3676
INV232345,Street cleaning,Spotless Fability Services Pty Ltd,81248.34 AUD,29/04/09,3669
INV232346,Building cleaning services,Menzies International (Aust) Pty. Ltd.,169030.7,26/12/01,3634
INV232347,Open spaces management - region 1,citywide service solutions pty ltd,159024.68 AUD,23/05/2029,3676
INV232348,Integrated security services,National Protectiv,1429.57 AUD,31-Oct-2029,3686
INV232349,Civil infrastructure services,Citywide Service Solutions Pty Ltd (AU),0.2m,11-Apr-2029,3665
INV232350,Building cleaning services,Menzies Intl (Aust) Pty Ltd,0.2m,19-Feb-2029,3634
INV232351,Vehicle tow away and impound services,Nationwide To,"$70,988.03",08 October 2027,3585
INV232352,Building cleaning services,Menzies International (Aust) Pty Ltd,,27/10/2026,3634
INV232353,Tree management maintenance services,Citywide Service Solutions Pty Ltd,"$182,884.54",21 March 2025,3678
INV232354,Open spaces management - region 2,Serco,0.1m,08 March 2027,3677
INV232355,Waste management services,Cleanaway Waste Management LTD,203437.79 AUD,27/07/20,3556
INV232356,Street cleaning,Spotless,157139.27 AUD,19/06/2028,3669
INV232357,Open spaces management - region 2,SERCO (AU),178034.24,2027-04-20,3677
INV232358,Open spaces management - region 1,Citywide Service Solutions P/L,"$36,288.4",07/04/2027,3676
INV232359,Melbourne Town Hall venue management,Citywide Service Solutions Pty Ltd (AU),143774.53,22/04/2025,3676
INV232360,Open spaces management - region 1,Citywide Service Solutions Pty. Ltd.,"$12,079.33",02/07/2029,3676
INV232361,Building cleaning services,Menzies Internatio,0.1m,28-Nov-2027,3634
INV232362,Open spaces management - region 1,Citywide Service Solutions P/L,0.1m,2028-05-30,3676
INV232363,Waste management services,Cleanaway Waste Mantgement Limited,14965.78 AUD,25-Dec-2027,3556
INV232364,Management of Active Melbourne recreation facilities,Victorian YMCA Communi,184775.39,2025-07-04,3615
INV232365,Waste management services,CLEANAWAY WASTE MANAGEMENT LIMITED,95240.94,27/04/30,3556
INV232366,Street cleaning,Spotless Facility Seivices Pty Ltd,130658.94,20 December 2028,3669
INV232367,Integrated security services,National Protective Services P/L,4586.69 AUD,01/02/2025,3686
INV232368,Open spaces management - region 1,Citywide Service Solutions P/L,248705.0 AUD,17-Jul-2027,3676
INV232369,Graffiti management and pressure cleaning services,Calcorp Services Pty Ltd (AU),56771.84,20/07/2029,3668
INV232370,Management of Active Melbourne recreation facilities,cleanaway waste management limited,"$42,464.13",20/10/2025,3556
INV232371,Graffiti management and pressure cleaning services,kalcorp Services Pty Ltd,0.1m,17/03/2029,3668
INV232372,Vehicle tow away and impound services,Nationwide Towing Services (AUS),82623.65,15 November 2029,3585
INV232373,Building maintenance services,Programmed  Facility  Management  Pty  Ltd,63871.06 AUD,17 May 2025,3630
INV232374,Waste management services,Cleanaway Waste Management Limited (AUS),0.2m,26/09/21,3556
INV232375,Building maintenance services,Programmed Facility Management Pty Ltd (AUS),"$100,495.19",2025-08-04,3630
INV232376,Parking technology services,REINO INTERNATIONAL PTY LTD T/A DUNCAN SOLUTIONS,93118.26,06 May 2027,3623
INV232377,Parking technology services,Reino International Pty Ltd T/A Duncan Solutions (AU),69900.28 AUD,05/02/2029,3623
INV232378,Management of Active Melbourne recreation facilities,Victorian,170835.24,2028-01-06,3615
INV232379,Waste management services,Cleanaway Waste Mgmt Limited,45681.17,28/08/18,3556
INV232380,Open spaces management - region 2,SERCO (AU),"$88,281.5",2028-09-10,3677
INV232381,Civil infrastructure services,Citywide  Service  Solutions  Pty  Ltd,149533.47 AUD,2029-01-14,3665
INV232382,Civil infrastructure services,Citywide Service Solutions Pty Ltd (AUS),164295.68,28/04/01,3665
INV232383,Open spaces management - region 1,Citywide  Service  Solutions  Pty  Ltd,8977.23,16/04/2028,3676
INV232384,Open spaces management - region 2,Serco,"$39,090.29",10/03/2027,3677
INV232385,Tree management maintenance services,Citywide  Service  Solutions  Pty  Ltd,"$205,817.22",12/12/2027,3678
INV232386,Open spaces management - region 2,Serco,61043.93,08-Jan-2029,3677
INV232387,Waste management services,Cleanaway Waste Management Limited (AU),0.0m,26/03/28,3556
INV232388,Street cleaning,Spotless Facility Services Pty Ltd,0.1m,20-Feb-2025,3669
INV232389,Integrated security services,National Protective Services Pty Ltd (AU),154573.89,12 June 2028,3686
INV232390,Building cleaning services,Menzies International (Aust) Pty. Ltd.,138791.29,22/11/2029,3634
INV232391,Street cleaning,SpotlessFacilityServicesPtyLtd,0.1m,2026-05-10,3669
INV232392,Street cleaning,SpotlessFacilityServicesPtyLtd,60551.12 AUD,27/06/16,3669
INV232393,Building maintenance services,Programmxd Facility Management Pty Ltd,0.1m,2027-03-03,3630
INV232394,Civil infrastructure services,Citywide Service Solutions Pgy Ltd,"$58,556.62",19/11/2025,3665
INV232395,Civil infrastructure services,Citywide Service Solutions Pty Ltd,18166.93 AUD,14/04/2026,3665
INV232396,Civil infrastructure services,Citywide Service Solutiocs Pty Ltd,"$140,733.65",20-Jun-2027,3665
INV232397,Civil infrastructure services,Citywide,0.0m,16/07/2026,3665
INV232398,Vehicle tow away and impound services,Nationwide  Towing  Services,22614.95,05/01/2028,3585
INV232399,Open spaces management - region 1,Citywide Service Solutions Pty Ltd,0.2m,22 January 2025,3676
INV232400,Building cleaning services,Menzies Internatio,"$181,089.37",06/03/2029,3634
INV232401,Melbourne Town Hall venue management,Showtime Event Group P/L,0.1m,,3670
INV232402,Building maintenance services,Programmed Facility Management Pty Ltd (AUS),0.1m,09/01/2029,3630
INV232403,Street cleaning,Spotless  Facility  Services  Pty  Ltd,156219.53 AUD,18 July 2027,3669
INV232404,Vehicle tow away and impound services,Reino International Pty Ltd T/A Duncan Solugions,"$80,950.9",30-Apr-2028,3623
INV232405,Vehicle tow away and impound services,Cawcorp Services Pty Ltd,"$96,904.02",2025-01-16,3668
INV232406,Integrated security services,Citywide Service Solutions Pty Ltd,172199.02,26/04/30,3676
INV232407,Building maintenance services,ProgrammedFacilityManagementPtyLtd,129917.13,2026-06-20,3630
INV232408,Parking technology services,Reino  International  Pty  Ltd  T/A  Duncan  Solutions,54350.58,17/10/2029,3623
INV232409,Civil infrastructure services,Citywide Service Solutions P/L,132821.5,01 November 2027,3665
INV232410,Parking technology services,Reino,23064.07 AUD,08 October 2029,3623
INV232411,Integrated security services,NationalProtectiveServicesPtyLtd,10569.69 AUD,26/09/12,3686
INV232412,Building maintenance services,Programmed Facdlity Management Pty Ltd,"$181,869.39",11-Jul-2029,3630
INV232413,Open spaces management - region 1,CitywideServiceSolutionsPtyLtd,157194.88 AUD,2026-12-23,3676
INV232414,Civil infrastructure services,Citywide Service Solutions Pty Ltd,144200.04,03 October 2025,3665
INV232415,Civil infrastructure services,CITYWIDE SERVICE SOLUTIONS PTY LTD,"$56,610.04",29/08/2029,3665
INV232416,Civil infrastructure services,Citywide,58896.55,05/10/2029,3665
INV232417,Civil infrastructure services,Citywide Service Solutions Pty Ltd (AUS),"$57,451.65",29/09/25,3665
INV232418,Building maintenance services,Programmed Facility Mgmt Pty Ltd,31323.69,25/01/28,3630
INV232419,Management of Active Melbourne recreation facilities,Victorian YMCA Community Programming P/L,106073.92 AUD,17/04/2026,3615
INV232420,Street cleaning,Spotless Facility Services Pty Ltd,"$40,475.77",06/05/2029,3669
INV232421,Tree management maintenance services,Citywide Service Solutions Pty Ltd (AUS),"$227,002.49",04/10/2026,3678
INV232422,Civil infrastructure services,citywide service solutions pty ltd,235594.76 AUD,2029-05-11,3665
INV232423,Open spaces management - region 2,SbRCO,0.0m,28/09/25,3677
INV232424,Waste management services,Cleanaway Waste Management LTD,59741.45 AUD,30-Oct-2027,3556
INV232425,Integrated security services,National Protective Services Pty Ltd,48276.71,27/08/14,3686
INV232426,Integrated security services,National Protective Services Pty Ltd,0.1m,09/12/2029,3686
INV232427,Melbourne Town Hall venue management,Showtiie Event Group Pty Ltd,0.1m,2025-04-30,3670
INV232428,Vehicle tow away and impound services,Nationwide,92281.41,25/12/17,3585
INV232429,Melbourne Town Hall venue management,ShowtimeEventGroupPtyLtd,59303.37 AUD,28/02/23,3670
INV232430,Open spaces management - region 2,Serco,230760.73,28/01/2029,3677
INV232431,Civil infrastructure services,Citywide  Service  Solutions  Pty  Ltd,0.2m,30/01/2026,3665
INV232432,Parking technology services,Reino,0.1m,29/06/02,3623
INV232433,Building maintenance services,ProgrammedFacilityManagementPtyLtd,159169.77,25 December 2025,3630
INV232434,Street cleaning,Spotless Facility Services P/L,0.1m,28/04/21,3669
INV232435,Civil infrastructure services,Citywide Service Solutions Pty. Ltd.,57548.82,02 July 2027,3665
INV232436,Civil infrastructure services,Citywide Service Solutions P/L,73836.94,04/01/2025,3665
INV232437,Open spaces management - region 1,Citywide Service ,"$67,097.48",15-Mar-2027,3676
INV232438,Vehicle tow away and impound services,Nationwide Towing Servhces,"$230,302.18",06 July 2028,3585
INV232439,Management of Active Melbourne recreation facilities,Victorian Ymca Community Programming Pty Ltd,199638.81 AUD,11/06/2029,3615
INV232440,Civil infrastructure services,CITYWIDE SERVICE SOLUTIONS PTY LTD,248601.73,2025-12-01,3665
INV232441,Open spaces management - region 1,Citywide Service Solutions Pty Ltd,"$1,616.7",22/12/2028,3676
INV232442,Building maintenance services,ProgrammedFacilityManagementPtyLtd,176326.92,29/03/22,3630
INV232443,Building cleaning services,MenziesInternational(Aust)PtyLtd,218786.72 AUD,14/03/2029, 
INV232444,Management of Active Melbourne recreation facilities,Victorian YMCA Communi,0.2m,2027-06-29,3615
INV232445,Management of Active Melbourne recreation facilities,Victorian YMCA Communits Programming Pty Ltd,0.1m,02 April 2026,3615
INV232446,Building maintenance services,Programmed Facility Mgmt Pty Ltd,248158.38,08/07/2028,3630
INV232447,Building maintenance services,Programmed Facility Management Pty Ltd (AUS),47766.16,27/08/29,3630
INV232448,Melbourne Town Hall venue management,ShowtimeEventGroupPtyLtd,,10 March 2027,3670
INV232449,Vehicle tow away and impound services,Nationwide To,123123.97 AUD,09/11/2029,3585
INV232450,Tree management maintenance services,Citywide Service Solutions Pty Ltd,148228.58,29/06/03,3678
INV232451,Building maintenance services,Programmed Facility Management Pty. Ltd.,"$19,472.86",27/09/13,3630
INV232452,Street cleaning,Spotless Facility,0.2m,2025-08-07,3669
INV232453,Open spaces management - region 2,serco,88388.09 AUD,2026-04-23,3677
INV232454,Waste management services,Cleanaway Waste Management Limited (AU),129497.93 AUD,26/10/18,3556
INV232455,Vehicle tow away and impound services,Nationwide Towing Services,0.2m,2026-11-02,3585
INV232456,Open spaces management - region 1,Citywide Service Solutions Pty. Ltd.,0.2m,13-Sep-2028,3676
INV232457,Building cleaning services,Menzies International (Aust) Pty Ltd,113775.58,2027-07-10,3634
INV232458,Parking technology services,Reino International Pty Ltd T/A Duncan Solutions,248788.42,25/12/31,3623
INV232459,Vehicle tow away and impound services,Nationwide Tcwing Services,110429.21 AUD,24/12/2027,3585
INV232460,Open spaces management - region 1,CITYWIDE SERVICE SOLUTIONS PTY LTD,163076.84,30/04/2028,3676
INV232461,Melbourne Town Hall venue management,showtime event group pty ltd,210875.28,11 April 2027,3670
INV232462,Civil infrastructure services,Citywide Service Solutions Pty Ltd,"$23,514.09",28/12/31,3665
INV232463,Integrated security services,National Protective Services Pty Ltd,69506.81 AUD,29 November 2025,3686
INV232464,Melbourne Town Hall venue management,Showtime  Event  Group  Pty  Ltd,"$161,213.12",29 May 2028,3670
INV232465,Tree management maintenance services,Citywide  Service  Solutions  Pty  Ltd,"$191,231.47",12/07/2029,3678
INV232466,Building maintenance services,Programmed Facility Management Pty Ltd (AU),192964.48,24/08/2026,3630
INV232467,Parking technology services,Reino International Pty Ltd T/A Duncan Solutions (AUS),0.1m,27/02/2028,3623
INV232468,Management of Active Melbourne recreation facilities,Victorian YMCA Communi,181938.31,26-Oct-2026,3615
INV232469,Parking technology services,Reino Int’l Pty Ltd T/A Duncan Solutions,174880.84,14/10/2029, 
INV232470,Civil infrastructure services,Citywide Service Solutions Pty Ltd (AU),98364.54,2026-08-08,3665
INV232471,Open spaces management - region 2,fERCO,224729.27,28/02/10,3677
INV232472,Tree management maintenance services,Citywide Service Solutions Pty. Ltd.,26900.38 AUD,25/02/25,3678
INV232473,Vehicle tow away and impound services,Nationwide  Towing  Services,"$161,733.54",2025-05-26,3585
INV232474,Open spaces management - region 2,SERCO,"$222,778.92",21/01/2025,3677
INV232475,Vehicle tow away and impound services,Natqonwide Towing Services,0.2m,05-May-2029,3585
INV232476,Civil infrastructure services,CITYWIDE SERVICE SOLUTIONS PTY LTD,0.1m,26-Jan-2029,3665
INV232477,Management of Active Melbourne recreation facilities,victorian ymca community programming pty ltd,161628.88 AUD,24 September 2026,3615
INV232478,Street cleaning,Spotless Facility Services P/L,170480.79,28/06/05,3669
INV232479,Building cleaning services,Menzies Int’l (Aust) Pty Ltd,0.1m,08/04/2027,3634
INV232480,Building maintenance services,Programmed Facility Management Pty Ltd,0.2m,04-Dec-2026,3630
INV232481,Street cleaning,Spotless  Facility  Services  Pty  Ltd,124076.2,07/02/2029,3669
INV232482,Open spaces management - region 1,Citywide Service Solutions Pty. Ltd.,0.2m,17-Mar-2026,3676
INV232483,Tree management maintenance services,Citywide Service Solutions Pty. Ltd.,170233.65,04/04/2029,3678
INV232484,Management of Active Melbourne recreation facilities,VictorianYMCACommunityProgrammingPtyLtd,"$120,787.39",2029-09-18,3615
INV232485,Building cleaning services,Menzies International (Aust) P/L,0.1m,31/10/2029,3634
INV232486,Graffiti management and pressure cleaning services,CalcorpServicesPtyLtd,165512.11,02-Mar-2029,3668
INV232487,Building maintenance services,Programmed Facility Management Pty Ltd (AU),0.2m,03 September 2029,3630
INV232488,Integrated security services,National Protective Services Pty. Ltd.,0.2m,08/08/2028,3686
INV232489,Melbourne Town Hall venue management,Showtime Event Group Pty Ltd,224283.55 AUD,27/06/29,3670
INV232490,Management of Active Melbourne recreation facilities,Victorian YMCA Community Programming P/L,129583.4,20-Nov-2028,3615
INV232491,Building cleaning services,Menzies International (Aust) Pty Ltd (AUS),0.0m,15/01/2028,3634
INV232492,Integrated security services,National Protective Sbrvices Pty Ltd,163634.03,2028-11-21,3686
INV232493,Integrated security services,National Protective Services P/L,"$126,659.92",26 November 2029,3686
INV232494,Graffiti management and pressure cleaning services,Calcorp Services Pty. Ltd.,72821.13,2027-10-27,3668
INV232495,Management of Active Melbourne recreation facilities,VictorianYMCACommunityProgrammingPtyLtd,0.1m,13 June 2027,3615
INV232496,Tree management maintenance services,CitywideServiceSolutionsPtyLtd,0.0m,26/08/31, 
INV232497,Integrated security services,National Protective Services Pty Ltd,"$145,137.67",16-Jul-2027,3686
INV232498,Graffiti management and pressure cleaning services,CalcorpServicesPtyLtd,"$35,470.75",05/06/2028,3668
INV232499,Parking technology services,Reino Internetional Pty Ltd T/A Duncan Solutions,62055.89,03/08/2027,3623
INV232500,Integrated security services,National Protective Services Pty Ltd,16396.34,2025-04-16,3686
INV232501,Building maintenance services,Programmed Facility Mgmt Pty Ltd,21706.69 AUD,06-Sep-2025,3630
INV232502,Parking technology services,ReinoInternationalPtyLtdT/ADuncanSolutions,85722.49 AUD,10 June 2028,3623
INV232503,Waste management services,cleanaway waste management limited,135629.75 AUD,26/02/08,3556
INV232504,Civil infrastructure services,CitywideServiceSolutionsPtyLtd,"$56,836.39",25-Oct-2028,3665
INV232505,Open spaces management - region 2,SERCO,78812.86,2026-11-27,3677
INV232506,Open spaces management - region 1,Citywide Service Solutions P/L,0.2m,14/12/2025,3676
INV232507,Building maintenance services,Programmed Facility Management Pty. Ltd.,2956.74,08/04/2029,3630
INV232508,Building cleaning services,Menzies Int’l (Aust) Pty Ltd,"$141,479.56",12/12/2029,3634
INV232509,Building cleaning services,Menzies International (Aust) Pty Ltd (AU),55216.27,22/12/2029,3634
INV232510,Building maintenance services,Programmey Facility Management Pty Ltd,0.2m,12/05/2026,3630
INV232511,Parking technology services,Reino International Pty Ltd T/A Duncan Solutions,108781.47,2029-06-04,3623
INV232512,Integrated security services,National Protectiv,0.1m,26/01/2027,3686
INV232513,Integrated security services,National Protective Services Pty Ltd (AU),216286.93,29/03/26,3686
INV232514,Integrated security services,National Protective Services P/L,44577.6 AUD,31/12/2025,3686
INV232515,Open spaces management - region 1,Citywide Servics Solutions Pty Ltd,182372.69,14/08/2029,3676
INV232516,Civil infrastructure services,Citywide Service Solutions Pty vtd,159376.7,12 February 2026,3665
INV232517,Parking technology services,Reino International P/L T/A Duncan Solutions,18184.64,25/03/2028,3623
INV232518,Tree management maintenance services,Citywide Service Solutions Pty Ltd,53574.04 AUD,12 May 2025,3678
INV232519,Civil infrastructure services,Citywide  Service  Solutions  Pty  Ltd,0.1m,06/08/2027,3665
INV232520,Civil infrastructure services,Citywide Service Solutions Pty Ltd,"$169,581.46",21/01/2028,3665
INV232521,Integrated security services,National Protective ServicesjPty Ltd,87138.62 AUD,21 June 2025,3686
INV232522,Street cleaning,SpotlessFacilityServicesPtyLtd,240904.07,28-Dec-2029,3669
INV232523,Waste management services,Showtime Event,164537.77,19-Dec-2025,3670
INV232524,Street cleaning,SPOTLESS FACILITY SERVICES PTY LTD,"$92,624.86",06 November 2028,3669
INV232525,Open spaces management - region 2,SERCO,241397.3 AUD,12 January 2025,3677
INV232526,Integrated security services,National,204708.29,25-Dec-2028,3686
INV232527,Waste management services,Cleanaway Waste Management Limited,0.0m,17-Sep-2028,3556
INV232528,Civil infrastructure services,CitywideServiceSolutionsPtyLtd,"$39,379.13",05-Jan-2027,3665
INV232529,Waste management services,CLEANAWAY WASTE MANAGEMENT LIMITED,249904.35,20 November 2027,3556
INV232530,Melbourne Town Hall venue management,Showtime Event Group Pty Ltd,0.2m,04-Jul-2028,3670
INV232531,Open spaces management - region 1,Citywide Service Solutions Pty Ltd (AU),"$165,186.1",27/09/10,3676
INV232532,Building maintenance services,Programmed Facility Management Pty. Ltd.,187493.34 AUD,31/07/2029,3630
INV232533,Parking technology services,Reino International Pty Ltd T/A Duncan Solutions (AU),109473.06,29/09/2025,3623
INV232534,Building cleaning services,Menzies Internatio,203141.43,24 October 2025,3634
INV232535,Open spaces management - region 1,CitywideServiceSolutionsPtyLtd,0.2m,14-Feb-2025,3676
INV232536,Building maintenance services,Programmed Facility Management Pty Ltd (AUS),124551.63 AUD,14-Jan-2027,3630
INV232537,Integrated security services,National Protective Services P/L,"$127,763.56",01/02/2028,3686
INV232538,Building maintenance services,Programmed Facility,77089.33,18-Jun-2025,3630
INV232539,Tree management maintenance services,Citywide Service Solutions Pty Ltd (AU),79614.42,29/05/13,3678
INV232540,Open spaces management - region 1,Citywide Service Solutions Pty. Ltd.,174814.68,29-May-2027,3676
INV232541,Management of Active Melbourne recreation facilities,Victorian YMCA Community Programming Pty Ltd,155852.33,15-Sep-2027,3615
INV232542,Civil infrastructure services,Citywide Service Solutions P/L,"$235,515.53",05 October 2026,3665
INV232543,Graffiti management and pressure cleaning services,citywide service solutions pty ltd,"$218,774.22",24-Apr-2027,3678
INV232544,Melbourne Town Hall venue management,Showtime Event,0.2m,2025-01-31,3670
INV232545,Graffiti management and pressure cleaning services,Calcorp  Services  Pty  Ltd,"$174,106.49",15/01/2029,3668
INV232546,Parking technology services,Reino International Pty Ltd T/A Duncan Solutions (AUS),169316.56 AUD,02/10/2028,3623
INV232547,Street cleaning,Spotless Facility Services Pty Ltd,123789.15,29-Jan-2025,3669
INV232548,Open spaces management - region 1,Citywide Service Solutions Pty Ltd (AU),"$202,196.08",29/11/19,3676
INV232549,Building maintenance services,Programmed Facility Management Pty Ltd (AU),157366.76 AUD,06 June 2026,3630
INV232550,Civil infrastructure services,Citywide Service Solutions Pty Ltd,"$60,922.29",25/08/29,3665
INV232551,Graffiti management and pressure cleaning services,Calcorp Services P/L,"$248,989.37",05/11/2028,3668
INV232552,Graffiti management and pressure cleaning services,Calcorp Services Pty Ltd,"$146,325.76",24/02/2027,3668
INV232553,Building cleaning services,menzies international (aust) pty ltd,0.2m,29/11/22,3634
INV232554,Parking technology services,Reino Intl Pty Ltd T/A Duncan Solutions,30641.08 AUD,12-Apr-2027,3623
INV232555,Open spaces management - region 1,Citywide,0.0m,26/12/2028,3676
INV232556,Street cleaning,Spotless Facility Services Pty Ltd,"$168,468.59",25/12/2025,3669
INV232557,Waste management services,Cleanaway  Waste  Management  Limited,117413.01 AUD,25/07/27,3556
INV232558,Waste management services,Cleanaway Waste Management Limited,206345.66,18 December 2026,3556
INV232559,Parking technology services,Reino International Pty wtd T/A Duncan Solutions,149128.72 AUD,17-Jun-2027,3623
INV232560,Management of Active Melbourne recreation facilities,Victorian YMCA Community Programming Pty Ltd (AUS),102462.49,24/06/2026,3615
INV232561,Vehicle tow away and impound services,Nationwide Towing Services,"$79,453.38",29/08/09,3585
INV232562,Street cleaning,Spotless Facility Services Pty Ltd,14331.21,23-Apr-2028,3669
INV232563,Integrated security services,Nationgl Protective Services Pty Ltd,"$173,644.47",22/12/2029,3686
INV232564,Graffiti management and pressure cleaning services,Calcorp Services Pty Ltd,122763.73 AUD,11 July 2029,3668
INV232565,Open spaces management - region 1,Citywide  Service  Solutions  Pty  Ltd,"$84,099.51",27/11/09, 
INV232566,Building cleaning services,MenziesInternational(Aust)PtyLtd,227076.9,2025-02-02,3634
INV232567,Melbourne Town Hall venue management,Showtime Evmnt Group Pty Ltd,244303.65,30/08/2025,3670
INV232568,Open spaces management - region 2,SERCO,101424.01 AUD,03/03/2025,3677
INV232569,Vehicle tow away and impound services,Nationwide Towing Services (AU),"$220,751.6",18/03/2029,3585
INV232570,Management of Active Melbourne recreation facilities,Victorian YMCA Community Programming Pty Ltd (AUS),177722.51,27/12/04,3615
INV232571,Integrated security services,National  Protective  Services  Pty  Ltd,210860.06,2026-09-16,3686
INV232572,Civil infrastructure services,Citywide  Service  Solutions  Pty  Ltd,66412.3,21/11/2028,3665
INV232573,Building cleaning services,Menzies International (Aust) Pty Ltd,39482.62,2027-02-01,3634
INV232574,Civil infrastructure services,Citywide Service Solutions Pty Ltd,"$220,360.07",17/06/2026,3665
INV232575,Open spaces management - region 1,Citywide Service Solutions Pty Ltd (AUS),134269.58 AUD,25/07/13,3676
INV232576,Graffiti management and pressure cleaning services,Calcorp Services Pty Ltd (AU),0.0m,06/04/2029,3668
INV232577,Building maintenance services,Programmed,183233.6,08/11/2026,3630
INV232578,Street cleaning,SpotlesswFacility Services Pty Ltd,"$139,448.12",03 January 2029,3669
INV232579,Vehicle tow away and impound services,Nationwide Towing Services (AU),"$107,743.53",2028-04-18,3585
INV232580,Tree management maintenance services,Citywide Service Solutions P/L,153436.73,07 June 2025,3678
INV232581,Tree management maintenance services,Citywide Service Solutions Pty Ltd (AUS),"$126,995.62",29/07/2027,3678
INV232582,Vehicle tow away and impound services,Nationwide Towing Services,7125.36,28/06/26,3585
INV232583,Waste management services,cleanaway waste management limited,0.2m,2026-01-20,3556
INV232584,Melbourne Town Hall venue management,Citywide Service Solutioks Pty Ltd,0.2m,05/10/2025,3665
INV232585,Integrated security services,national protective services pty ltd,"$100,142.09",25/05/24,3686
INV232586,Street cleaning,spotless facility services pty ltd,226296.06 AUD,21/01/2028,3669
INV232587,Tree management maintenance services,Citywide Service Solutions Pty Ltd (AU),0.1m,28/05/2029,3678
INV232588,Building cleaning services,Menzies Intl (Aust) Pty Ltd,69261.88 AUD,25-May-2025,3634
INV232589,Building maintenance services,Programmed Facility Management Pty Ltd,148910.33,27 February 2025,3630
INV232590,Open spaces management - region 2,SERCO,"$185,420.06",08/11/2026,3677
INV232591,Open spaces management - region 1,CITYWIDE SERVICE SOLUTIONS PTY LTD,"$172,615.46",25/06/08,3676
INV232592,Integrated security services,Menzies International (Aust) P/L,0.2m,27/04/03, 
INV232593,Open spaces management - region 2,SERCO,0.2m,25/05/2028,3677
INV232594,Building cleaning services,menzies international (aust) pty ltd,54906.45,2028-05-12,3634
INV232595,Building cleaning services,Menzies Int’l (Aust) Pty Ltd,90223.09,19/09/2028,3634
INV232596,Graffiti management and pressure cleaning services,Calcorp Services Pty Ltd,195992.32 AUD,2029-07-17,3668
INV232597,Vehicle tow away and impound services,NATIONWIDE TOWING SERVICES,180160.39,05/08/2029,3585
INV232598,Melbourne Town Hall venue management,Showtime Event Group Pty Ltd,57211.17 AUD,24/01/2027,3670
INV232599,Parking technology services,Reino International Pty Ltd T/A Duncan Solutions,"$153,483.74",2026-02-24,3623
INV232600,Parking technology services,Reino International Pty Ltd T/A Duncan Solutions (AU),"$106,528.23",28/02/20,3623
INV232601,Vehicle tow away and impound services,Nationwide Towing Services (AU),$391.67,16/02/2029,3585
INV232602,Melbourne Town Hall venue management,Showtime Event Group Pty Ltd (AU),132986.36,27/06/2027,3670
INV232603,Vehicle tow away and impound services,Serco,28019.31,26/08/13,3677
INV232604,Open spaces management - region 2,SERCO,110714.0,2026-05-31,3677
INV232605,Management of Active Melbourne recreation facilities,Victorian Ymca Community Programming Pty Ltd,"$80,485.56",2029-01-19,3615
INV232606,Building maintenance services,Programmed Facility Management Pty Ltd (AU),20854.67 AUD,2025-11-15,3630
INV232607,Graffiti management and pressure cleaning services,Calcorp Services Pty Ltd,53416.15,22-Nov-2025, 
INV232608,Vehicle tow away and impound services,Nationwide Towing Services (AUS),"$229,686.7",25/02/2028,3585
INV232609,Building cleaning services,MENZIES INTERNATIONAL (AUST) PTY LTD,0.0m,03 May 2029,3634
INV232610,Graffiti management and pressure cleaning services,Calcorp Services Pty Ltd,141372.31 AUD,03/03/2027,3668
INV232611,Open spaces management - region 2,SERCO,205478.97,11-Jun-2028,3677
INV232612,Open spaces management - region 2,SERCO,0.1m,14 March 2026,3677
INV232613,Integrated security services,National Protective Services Pty Ltd (AU),35409.62,14-Sep-2027,3686
INV232614,Parking technology services,Reino International Pvy Ltd T/A Duncan Solutions,150389.5,10-Oct-2028,3623
INV232615,Civil infrastructure services,Citywide Service ,202877.02 AUD,,3665
INV232616,Management of Active Melbourne recreation facilities,Victorian,83167.85,28/01/05,3615
INV232617,Building cleaning services,Menzies  International  (Aust)  Pty  Ltd,0.2m,27/06/2025,3634
INV232618,Open spaces management - region 2,SERCO,"$172,280.18",05 January 2025,3677
INV232619,Melbourne Town Hall venue management,Showtime Event Group Pty Ltd,0.2m,19-Oct-2028,3670
INV232620,Civil infrastructure services,Citywide Service Solutions Pty Ltd (AUS),62776.02,2025-12-27,3665
INV232621,Waste management services,CLEANAWAY WASTE MANAGEMENT LIMITED,171030.51,27/12/25,3556
INV232622,Parking technology services,Reino  International  Pty  Ltd  T/A  Duncan  Solutions,65679.53,09-Mar-2027,3623
INV232623,Integrated security services,National Protectiv,"$243,121.26",28/01/2025,3686
INV232624,Building maintenance services,Programmed Facility Mgmt Pty Ltd,36801.08,22 September 2028,3630
INV232625,Open spaces management - region 2,qERCO,171005.72,04/10/2027,3677
INV232626,Civil infrastructure services,citywide service solutions pty ltd,193254.35,12 November 2027,3665
INV232627,Building cleaning services,MENZIES INTERNATIONAL (AUST) PTY LTD,68209.44,15 April 2028,3634
INV232628,Tree management maintenance services,Citywide Service Solutions Pty ttd,45010.39 AUD,15/08/2028,3678
INV232629,Building maintenance services,programmed facility management pty ltd,38962.55,15-Jul-2027,3630
INV232630,Open spaces management - region 2,SERCO,0.2m,08 March 2025, 
INV232631,Waste management services,Cleanaway Waste Management Limited,"$121,927.83",2025-03-15,3556
INV232632,Tree management maintenance services,Citywide Service Solutionl Pty Ltd,80979.07 AUD,05/04/2028, 
INV232633,Building cleaning services,ReinoInternationalPtyLtdT/ADuncanSolutions,230006.36 AUD,28/01/18,3623
INV232634,Graffiti management and pressure cleaning services,CalcorpxServices Pty Ltd,0.2m,23/01/2026,3668
INV232635,Open spaces management - region 2,SERCO,0.0m,12/10/2029,3677
INV232636,Parking technology services,Reino Intl Pty Ltd T/A Duncan Solutions,57499.0,27-Jun-2026,3623
INV232637,Vehicle tow away and impound services,Nationwide To,225215.59,08/10/2027,3585
INV232638,Parking technology services,REINO INTERNATIONAL PTY LTD T/A DUNCAN SOLUTIONS,"$160,064.87",28/07/27,3623
INV232639,Civil infrastructure services,ShowtimeEventGroupPtyLtd,183728.92,2026-03-13,3670
INV232640,Open spaces management - region 2,Menzies International (Aust) Pty Ltd,86222.91,2029-01-19,3634
INV232641,Waste management services,CleanawayzWaste Management Limited,"$134,748.8",25/11/18,3556
INV232642,Graffiti management and pressure cleaning services,Calcorp Services Pty Ltd (AU),0.2m,30/05/2028,3668
INV232643,Graffiti management and pressure cleaning services,Calcorp,40935.59,27-Sep-2025,3668
INV232644,Building cleaning services,Menzies International (Aust) Pty Ltd (AUS),178177.41,05 December 2027,3634
INV232645,Open spaces management - region 2,Serco,6481.59 AUD,2026-11-05,3677
INV232646,Parking technology services,Reino,86700.88,19/04/2029,3623
INV232647,Open spaces management - region 2,SERCO,101517.52,01/08/2028,3677
INV232648,Waste management services,CLEANAWAY WASTE MANAGEMENT LIMITED,192719.17,2029-10-20,3556
INV232649,Tree management maintenance services,Citywide Service Solutions P/L,"$39,896.36",2026-07-25,3678
INV232650,Vehicle tow away and impound services,Nationwide  Towing  Services,148380.48 AUD,2026-01-18,3585
INV232651,Waste management services,Cleanaway Waste Management Limitep,124683.03,28/02/14,3556
INV232652,Vehicle tow away and impound services,Nationwide,221762.12 AUD,26/11/03,3585
INV232653,Waste management services,Cleanaway Waste qanagement Limited,0.1m,27/03/2028,3556
INV232654,Building cleaning services,Menzies,"$113,518.82",25/03/09,3634
INV232655,Management of Active Melbourne recreation facilities,Victorian YMCA Community Programming Pty Ltd,67460.04,25/05/17,3615
INV232656,Management of Active Melbourne recreation facilities,Victorian YMCA Commrnity Programming Pty Ltd,0.2m,2029-10-06,3615
INV232657,Integrated security services,National Protective Services Pty Ltd,182621.53,27/08/07,3686
INV232658,Management of Active Melbourne recreation facilities,Victorian YMCA Community Programming PtyuLtd,0.2m,11/03/2029,3615
INV232659,Waste management services,CLEANAWAY WASTE MANAGEMENT LIMITED,"$46,739.48",27-Mar-2025,3556
INV232660,Parking technology services,REINO INTERNATIONAL PTY LTD T/A DUNCAN SOLUTIONS,175750.53 AUD,09/11/2027,3623
INV232661,Management of Active Melbourne recreation facilities,Victorian YMCA Community Programming Pty Ltd (AU),0.1m,05-Jul-2027,3615
INV232662,Management of Active Melbourne recreation facilities,Victorian YMCA Community Programming Pty. Ltd.,"$23,048.71",25/12/01,3615
INV232663,Vehicle tow away and impound services,Nationwide Towing Services,58538.77,09/06/2028,3585
INV232664,Building cleaning services,MenziesInternational(Aust)PtyLtd,"$202,608.64",2028-11-24,3634
INV232665,Management of Active Melbourne recreation facilities,Victorian YMCA Communi,144728.29,28/02/06,3615
INV232666,Tree management maintenance services,Citywide Service Solutions Pty Ltd,43211.05,07/02/2028,3678
INV232667,Vehicle tow away and impound services,Nvtionwide Towing Services,"$216,800.73",28/07/08,3585
INV232668,Integrated security services,National Protectiv,135646.95,01/02/2029,3686
INV232669,Vehicle tow away and impound services,Nationwide Towing Services,0.2m,2028-06-08,3585
INV232670,Parking technology services,reino international pty ltd t/a duncan solutions,"$82,179.57",22 February 2027,3623
INV232671,Tree management maintenance services,Citywide  Service  Solutions  Pty  Ltd,0.0m,27/04/12,3678
INV232672,Waste management services,Cleanaway Waste Management Limited,"$147,292.67",24-Jan-2025,3556
INV232673,Management of Active Melbourne recreation facilities,VictorianYMCACommunityProgrammingPtyLtd,0.2m,20/08/2027,3615
INV232674,Integrated security services,National Protective Services Pty. Ltd.,79734.03 AUD,20 March 2028,3686
INV232675,Vehicle tow away and impound services,Nationwide,211180.02,03 February 2025,3585
INV232676,Building cleaning services,Menzies Int’l (Aust) Pty Ltd,181309.24 AUD,09-Feb-2026,3634
INV232677,Street cleaning,Spotlews Facility Services Pty Ltd,197554.91,21/02/2027,3669
INV232678,Melbourne Town Hall venue management,showtime event group pty ltd,238003.45,01 September 2029,3670
INV232679,Graffiti management and pressure cleaning services,calcorp services pty ltd,249783.82 AUD,28/07/10,3668
INV232680,Melbourne Town Hall venue management,Showtime Event Group P/L,138982.56,29 July 2029,3670
INV232681,Parking technology services,REINO INTERNATIONAL PTY LTD T/A DUNCAN SOLUTIONS,,21-Jan-2029,3623
INV232682,Street cleaning,Spotless Facility Services Pty Ltd (AUS),"$109,635.56",13-Oct-2027,3669
INV232683,Waste management services,Cleanaway Waste Management Ltd,"$179,534.51",2028-12-26,3556
INV232684,Graffiti management and pressure cleaning services,Calcorp,0.1m,20/06/2029,3668
INV232685,Open spaces management - region 1,CitywideServiceSolutionsPtyLtd,36238.37,2025-05-01,3676
INV232686,Parking technology services,Reino International P/L T/A Duncan Solutions,236631.92,18/05/2027,3623
INV232687,Management of Active Melbourne recreation facilities,Victorian YMCA Community Programming Pty Ltd (AUS),0.0m,2025-04-14,3615
INV232688,Management of Active Melbourne recreation facilities,VictorianYMCACommunityProgrammingPtyLtd,0.1m,11-Apr-2026,3615
INV232689,Integrated security services,National,242435.42,15-Dec-2029,3686
INV232690,Integrated security services,national protective services pty ltd,0.2m,2029-09-17,3686
INV232691,Open spaces management - region 1,Citywide Service Solutions Pty Ltd (AUS),0.0m,08/09/2027,3676
INV232692,Management of Active Melbourne recreation facilities,Victorian YMCA Community Programming Pty. Ltd.,97179.93,12-Jul-2026,3615
INV232693,Integrated security services,NationalProtectiveServicesPtyLtd,190017.51 AUD,06/11/2028,3686
INV232694,Integrated security services,National,29465.45 AUD,16/05/2028,3686
INV232695,Parking technology services,REINO INTERNATIONAL PTY LTD T/A DUNCAN SOLUTIONS,132006.09 AUD,2027-12-21,3623
INV232696,Integrated security services,National Protectiv,"$191,017.18",25/09/17,3686
INV232697,Graffiti management and pressure cleaning services,Calcorp  Services  Pty  Ltd,0.2m,17/06/2025,3668
INV232698,Building cleaning services,Menzies Int’l (Aust) Pty Ltd,0.1m,2026-08-26,3634
INV232699,Graffiti management and pressure cleaning services,Calcorp Services Pty. Ltd.,"$91,430.92",2028-09-01,3668
INV232700,Tree management maintenance services,citywide service solutions pty ltd,116572.35,08/03/2026,3678
INV232701,Tree management maintenance services,Citywide Service Solutions Pty Ltd (AU),35249.67,2026-01-12,3678
INV232702,Open spaces management - region 1,Citywide Service Solutions Pty Ltd (AU),"$23,676.56",28/04/2026,3676
INV232703,Open spaces management - region 1,Citywide Service Solutions Pty Ltd,0.1m,14/06/2026,3676
INV232704,Civil infrastructure services,Citywide Service Solutions Pty Ltd,"$84,967.63",26/10/29,3665
INV232705,Civil infrastructure services,Citywide,"$14,417.59",2026-01-26,3665
INV232706,Management of Active Melbourne recreation facilities,Victorian  YMCA  Community  Programming  Pty  Ltd,148681.44 AUD,31 December 2028,3615
INV232707,Tree management maintenance services,Citywide Service Solutions Pty. Ltd.,243943.88,30-Sep-2026,3678
INV232708,Open spaces management - region 1,Citywide Service Solutions Pty Ltd,0.1m,28/06/18,3676
INV232709,Civil infrastructure services,Citywide Service Solutions Pty. Ltd.,103159.32,2027-10-23, 
INV232710,Melbourne Town Hall venue management,ShowtimeEventGroupPtyLtd,0.1m,2025-06-16,3670
INV232711,Street cleaning,Citywide Service ,206653.02 AUD,25/11/27,3678
INV232712,Graffiti management and pressure cleaning services,calcorp services pty ltd,"$213,605.48",10-Feb-2027,3668
INV232713,Civil infrastructure services,Reino International rty Ltd T/A Duncan Solutions,123117.59,21-Sep-2029,3623
INV232714,Vehicle tow away and impound services,NATIONWIDE TOWING SERVICES,"$90,695.05",12/12/2027,3585
INV232715,Vehicle tow away and impound services,NATIONWIDE TOWING SERVICES,47797.79 AUD,2028-04-16,3585
INV232716,Waste management services,Victorian  YMCA  Community  Programming  Pty  Ltd,"$186,360.46",2026-02-25,3615
INV232717,Parking technology services,Reino,178158.7 AUD,26/12/09,3623
INV232718,Street cleaning,Spotless Facility Services P/L,"$91,824.43",21-Jul-2025,3669
INV232719,Building maintenance services,Programmed Facility Management Pty Ltd (AU),"$97,419.42",13-Aug-2029,3630
INV232720,Management of Active Melbourne recreation facilities,Victorian YuCA Community Programming Pty Ltd,0.2m,24/04/2027,3615
INV232721,Melbourne Town Hall venue management,Showtime Event Group Pty. Ltd.,130467.54 AUD,2026-11-19,3670
INV232722,Waste management services,Cleanaway Waste M,168431.82,21 April 2027,3556
INV232723,Building maintenance services,Programmed Facility Management Pty Ltd (AU),103762.86,17 September 2028,3630
INV232724,Building maintenance services,Programmed Facility Management P/L,112905.53 AUD,2029-02-27,3630
INV232725,Open spaces management - region 1,Citywide Service Solutions P/L,"$180,001.98",13 July 2029,3676
INV232726,Graffiti management and pressure cleaning services,Calcorp Services Pty Ltd (AUS),90673.59,25/06/13,3668
INV232727,Graffiti management and pressure cleaning services,Calcorp Semvices Pty Ltd,130873.76,2027-03-11,3668
INV232728,Civil infrastructure services,Citywide Service Solutions Pty Ltd (AU),220877.37,16 June 2029,3665
INV232729,Management of Active Melbourne recreation facilities,Victorian  YMCA  Community  Programming  Pty  Ltd,150765.75 AUD,2028-02-29,3615
INV232730,Open spaces management - region 2,Showtime  Event  Group  Pty  Ltd,86583.22,02 March 2025,3670
INV232731,Building cleaning services,Nationwide To,"$194,379.1",01/04/2028,3585
INV232732,Parking technology services,reino international pty ltd t/a duncan solutions,197726.26,29/07/27,3623
INV232733,Tree management maintenance services,Citywide Service Solutions Pty Ltd,0.2m,27/06/03,3678
INV232734,Graffiti management and pressure cleaning services,Calcorp Services P/L,"$168,168.14",25/05/20,3668
INV232735,Open spaces management - region 1,Citywide Service Solutions Pty Ltd (AUS),"$110,390.83",10 February 2026,3676
INV232736,Building cleaning services,Menzies International (Aust) Pty Ltd (AUS),"$150,989.98",25/02/16,3634
INV232737,Open spaces management - region 1,CITYWIDE SERVICE SOLUTIONS PTY LTD,130495.34,02-Jan-2025,3676
INV232738,Street cleaning,Victorian YMCA Community Programming Pty. Ltd.,189272.81,08 July 2025,3615
INV232739,Building cleaning services,Menzies Int’l (Aust) Pty Ltd,0.2m,02/05/2027,3634
INV232740,Parking technology services,Reino International Pty Ltd T/A Duncan Solutions,"$27,990.55",29/12/03,3623
INV232741,Civil infrastructure services,Citywide Service Solutions Pty Ltd,84266.37 AUD,05 March 2029,3665
INV232742,Waste management services,Cfeanaway Waste Management Limited,"$210,380.04",08/11/2026,3556
INV232743,Integrated security services,Natilnal Protective Services Pty Ltd,0.1m,26/07/29,3686
INV232744,Integrated security services,National Protectike Services Pty Ltd,272.49,26/08/20,3686
INV232745,Building maintenance services,Programmed  Facility  Management  Pty  Ltd,"$95,071.58",29/12/03,3630
INV232746,Open spaces management - region 2,SERCO (AUS),0.1m,28/10/29,3677
INV232747,Parking technology services,reino international pty ltd t/a duncan solutions,235066.84,26/05/26,3623
INV232748,Melbourne Town Hall venue management,Showtime Event Group Pty Ltd,71941.23 AUD,2029-01-13,3670
INV232749,Integrated security services,NationalProtectiveServicesPtyLtd,"$221,319.5",02-Feb-2028,3686
INV232750,Management of Active Melbourne recreation facilities,Victorian YMCA Community Programming Pty Ltd (AUS),20352.47,23-Jun-2025,3615
INV232751,Street cleaning,Spotless Facility Services Pty Ltd (AU),0.1m,20/03/2029,3669
INV232752,Vehicle tow away and impound services,Nationwide Towing Services,127264.02,11-May-2026,3585
INV232753,Tree management maintenance services,Citywide  Service  Solutions  Pty  Ltd,"$161,221.82",10-Apr-2027,3678
INV232754,Parking technology services,Reino International Pty Ltd T/A Duncan Solutions,174376.13 AUD,06/02/2029,3623
INV232755,Open spaces management - region 2,Serco,16348.46,22-May-2028,3677
INV232756,Open spaces management - region 2,Serco,93652.06 AUD,23/11/2026,3677
INV232757,Open spaces management - region 2,SERCO,145430.78,05 February 2029,3677
INV232758,Graffiti management and pressure cleaning services,CalcorpServicesPtyLtd,54193.82 AUD,2029-07-17,3668
INV232759,Graffiti management and pressure cleaning services,Calcorp  Services  Pty  Ltd,37797.47 AUD,13 April 2026,3668
INV232760,Open spaces management - region 1,citywide service solutions pty ltd,200787.25,01/03/2025,3676
INV232761,Tree management maintenance services,CITYWIDE SERVICE SOLUTIONS PTY LTD,,19/09/2025,3678
INV232762,Parking technology services,Reino International Pty ,166257.1,27/05/17,3623
INV232763,Graffiti management and pressure cleaning services,Calcorp Services Pty Ltd (AUS),145290.1,22-Jun-2025,3668
INV232764,Parking technology services,Reino  International  Pty  Ltd  T/A  Duncan  Solutions,128619.25,26/11/11,3623
INV232765,Tree management maintenance services,CITYWIDE SERVICE SOLUTIONS PTY LTD,"$136,863.12",2028-08-20,3678
INV232766,Vehicle tow away and impound services,Nationwide Towing Services (AU),"$83,512.97",25-Sep-2029,3585
INV232767,Management of Active Melbourne recreation facilities,Victorian YMCA Community Programming Pty Ltd,107067.41,04/11/2026,3615
INV232768,Integrated security services,national protective services pty ltd,219676.45,28/02/2029,3686
INV232769,Graffiti management and pressure cleaning services,Calcorp,0.0m,2025-11-01,3668
INV232770,Open spaces management - region 2,SERCO,0.2m,29/06/27,3677
INV232771,Waste management services,Cleanaway Waste Management Limited (AU),35803.31,02/08/2027,3556
INV232772,Civil infrastructure services,citywide service solutions pty ltd,"$238,258.52",2029-04-18,3665
INV232773,Vehicle tow away and impound services,Nationwide Towing Services,212984.7,15/08/2027,3585
INV232774,Building cleaning services,MenziesInternational(Aust)PtyLtd,214519.9 AUD,17 September 2029,3634
INV232775,Street cleaning,spotless facility services pty ltd,"$126,909.74",06/01/2028,3669
INV232776,Building maintenance services,Programmed Facility Management Pty Ltd,0.2m,24-Mar-2027,3630
INV232777,Waste management services,CleanawayWasteManagementLimited,78248.33,01/05/2029,3556
INV232778,Tree management maintenance services,Citywide Service Solutions Pty Ltd (AU),209643.87 AUD,19/05/2027,3678
INV232779,Building maintenance services,Programmed Facility Management Pty Ltd (AU),0.2m,25/11/2027,3630
INV232780,Parking technology services,REINO INTERNATIONAL PTY LTD T/A DUNCAN SOLUTIONS,87545.49,2026-10-10,3623
INV232781,Graffiti management and pressure cleaning services,Calcorp Services Pty Ltd,105450.96 AUD,27/11/23,3668
INV232782,Open spaces management - region 1,Citywide Service Solutions Pty Ltd (AU),"$154,354.46",2029-02-12,3676
INV232783,Building cleaning services,Menzies International (Aust) Pty Ltd (AUS),"$183,793.48",2029-11-12,3634
INV232784,Melbourne Town Hall venue management,ShowtimeEventGroupPtyLtd,7157.91,30/01/2025,3670
INV232785,Tree management maintenance services,Citywide Service Solutions Pty Ltd (AU),171553.35 AUD,22/08/2029,3678
INV232786,Graffiti management and pressure cleaning services,Calcorp  Services  Pty  Ltd,75485.29,11/07/2026,3668
INV232787,Graffiti management and pressure cleaning services,Calcorp Services Pty Ltd,0.1m,2027-09-29,3668
INV232788,Building maintenance services,Programmed  Facility  Management  Pty  Ltd,84632.87,2029-07-20,3630
INV232789,Management of Active Melbourne recreation facilities,Victorian YMCA Community Programming P/L,0.0m,16/08/2027,3615
INV232790,Street cleaning,Spotless Facility Services Pty Ltd,132371.46,07/12/2029,3669
INV232791,Management of Active Melbourne recreation facilities,Victorian YMCA Community Programming P/L,215674.03,2026-07-17,3615
INV232792,Integrated security services,National,179985.14 AUD,2025-06-27,3686
INV232793,Graffiti management and pressure cleaning services,Calcorp Services Pty Ltb,0.1m,23/01/2027, 
INV232794,Melbourne Town Hall venue management,SHOWTIME EVENT GROUP PTY LTD,115474.68,2029-05-27,3670
INV232795,Open spaces management - region 2,SERCO,142813.56,19-Mar-2029,3677
INV232796,Tree management maintenance services,CITYWIDE SERVICE SOLUTIONS PTY LTD,194078.87,29/04/30,3678
INV232797,Integrated security services,National Protective Services Pty Ltd,"$109,897.99",25/08/2027,3686
INV232798,Civil infrastructure services,Citywide Service Solutions Pty Ltd (AUS),"$224,369.7",08/10/2027,3665
INV232799,Melbourne Town Hall venue management,Showtime  Event  Group  Pty  Ltd,9064.39,02/05/2026,3670
INV232800,Parking technology services,Reino International Pty ,0.2m,2025-06-28,3623
INV232801,Open spaces management - region 1,Citywide Service ,67278.13 AUD,14-May-2028,3676
INV232802,Parking technology services,ReinoInternationalPtyLtdT/ADuncanSolutions,243040.5,30-Oct-2027,3623
INV232803,Civil infrastructure services,CitywideServiceSolutionsPtyLtd,0.1m,16 February 2025,3665
INV232804,Open spaces management - region 1,citywide service solutions pty ltd,"$184,855.06",16/10/2028,3676
INV232805,Management of Active Melbourne recreation facilities,VICTORIAN YMCA COMMUNITY PROGRAMMING PTY LTD,0.0m,25-Jun-2028,3615
INV232806,Graffiti management and pressure cleaning services,Calcorp  Services  Pty  Ltd,0.1m,08/06/2028,3668
INV232807,Melbourne Town Hall venue management,Showtime Etent Group Pty Ltd,,22/03/2025,3670
INV232808,Waste management services,Cleanaway Waste Management Limited (AUS),0.2m,2025-05-24,3556
INV232809,Tree management maintenance services,CitywideServiceSolutionsPtyLtd,63006.89,26/12/22, 
INV232810,Integrated security services,National Protective Services Pty Ltd (AUS),0.1m,,3686
INV232811,Integrated security services,National,125601.26 AUD,23/03/2025,3686
INV232812,Building cleaning services,Menzies,0.0m,10/11/2025,3634
INV232813,Waste management services,Cleanaway Waste Management Limited,"$162,543.41",03 April 2029,3556
INV232814,Tree management maintenance services,Citywide Service Solutions Pty Ltd,0.1m,30/09/2028,3678
INV232815,Tree management maintenance services,CitywidemService Solutions Pty Ltd,201882.62,09 May 2027,3678
INV232816,Parking technology services,Reino International P/L T/A Duncan Solutions,0.1m,03-Dec-2029,3623
INV232817,Street cleaning,Spotless Facility Services Pty Ltd,"$76,985.28",05/09/2027,3669
INV232818,Integrated security services,national protective services pty ltd,11836.81,29/12/11,3686
INV232819,Integrated security services,National Protective Services Pty. Ltd.,182415.19,22/03/2026,3686
INV232820,Vehicle tow away and impound services,Nationwwde Towing Services,"$27,649.2",15/05/2027,3585
INV232821,Melbourne Town Hall venue management,Showtime,144828.57,10 February 2027,3670
INV232822,Melbourne Town Hall venue management,Calcorp Services Pty Ltd (AU),127836.24,10-Jun-2025,3668
INV232823,Open spaces management - region 1,Citywide Service Solutions Pty Ltd,164360.83,2026-07-23,3676
INV232824,Melbourne Town Hall venue management,ShowtimeEventGroupPtyLtd,58002.41,05 July 2027,3670
INV232825,Open spaces management - region 1,Citywide Service Solutions Pty Ltd (AU),"$137,626.1",19-Feb-2029,3676
INV232826,Building maintenance services,ProgrammedFacilityManagementPtyLtd,171162.63,29/06/2027,3630
INV232827,Integrated security services,National Protective Services Pty Ltd,191787.85,2026-05-08,3686
INV232828,Open spaces management - region 2,SERCO (AUS),"$127,303.22",23-Mar-2029,3677
INV232829,Integrated security services,National Protective Services Pty rtd,128402.17,30/08/2026,3686
INV232830,Tree management maintenance services,citywide service solutions pty ltd,134150.35 AUD,29/07/2025, 
INV232831,Open spaces management - region 2,SERCO,"$184,002.04",26/12/23,3677
INV232832,Building cleaning services,menzies international (aust) pty ltd,"$65,796.3",20/04/2028,3634
INV232833,Building maintenance services,Programmed Facility Management Pty. Ltd.,"$169,856.62",2026-04-09,3630
INV232834,Open spaces management - region 1,Citywide Service Solutions Pty Ltd,221220.68 AUD,19-Jan-2028,3676
INV232835,Open spaces management - region 2,SERCO,69928.6 AUD,25/06/2026,3677
INV232836,Waste management services,Cleanaway Waste Management Limited,67749.4,03 March 2025,3556
INV232837,Street cleaning,spotless facility services pty ltd,100603.3,31 January 2029,3669
INV232838,Tree management maintenance services,Citywide Service Solutions P/L,13230.71,29-Oct-2025,3678
INV232839,Melbourne Town Hall venue management,Showtime  Event  Group  Pty  Ltd,188710.74,16-Jul-2029,3670
INV232840,Open spaces management - region 2,SERCO,"$128,884.69",01/09/2026, 
INV232841,Parking technology services,Reino International Pty. Ltd. T/A Duncan Solutions,156538.49 AUD,07/06/2029,3623
INV232842,Open spaces management - region 1,Citywide Service Solutions Pty Ltd,"$168,120.42",29/05/2026,3676
INV232843,Building maintenance services,Programmed  Facility  Management  Pty  Ltd,69873.91,29-Jul-2027,3630
INV232844,Melbourne Town Hall venue management,ShowtimeEventGroupPtyLtd,"$11,547.69",10/02/2027,3670
INV232845,Management of Active Melbourne recreation facilities,Victorian YMCA Community Programming Pty Ltd,259.36,26/03/2025,3615
INV232846,Civil infrastructure services,Citywide Service Solutions Pty Ltd,"$24,405.86",29/06/20,3665
INV232847,Street cleaning,Spotless,77520.37 AUD,24/04/2028,3669
INV232848,Building maintenance services,Programmed Facility Management Pty Ltd (AU),"$178,468.02",27/03/27, 
INV232849,Waste management services,Cleanaway Waste M,0.0m,2027-05-02,3556
INV232850,Management of Active Melbourne recreation facilities,Citywide Service Solutions Pty Ltd,191630.43,11-May-2025,3676
INV232851,Building maintenance services,Programmed Facility Management P/L,"$221,759.57",02-Feb-2029,3630
INV232852,Waste management services,Cleanaway,212065.97,14-Sep-2025,3556
INV232853,Waste management services,Cleanaway Waste Management Ltd,77506.78,02 April 2027,3556
INV232854,Street cleaning,Spotless Facility Services Pty Ltd,"$18,756.26",07/03/2026,3669
INV232855,Street cleaning,spotless facility services pty ltd,64782.18,15 May 2025,3669
INV232856,Integrated security services,National  Protective  Services  Pty  Ltd,193787.63,29/07/2029,3686
INV232857,Street cleaning,Spotless  Facility  Services  Pty  Ltd,154967.58 AUD,25/05/29,3669
INV232858,Management of Active Melbourne recreation facilities,Victorian YMCA Community Programming Pty Ltd,"$184,658.17",20/01/2026,3615
INV232859,Building cleaning services,MENZIES INTERNATIONAL (AUST) PTY LTD,84118.28,31-Jan-2026,3634
INV232860,Integrated security services,National Protective Services Pty Ltd,0.1m,23/07/2028,3686
INV232861,Open spaces management - region 1,Citywide,58044.25 AUD,2026-02-24,3676
INV232862,Tree management maintenance services,citywide service solutions pty ltd,"$246,186.33",10/09/2029,3678
INV232863,Street cleaning,Spotless Facility Services Pty Ltd (AU),16392.44 AUD,2026-04-24,3669
INV232864,Open spaces management - region 1,CitywideServiceSolutionsPtyLtd,"$53,268.93",09/03/2026,3676
INV232865,Management of Active Melbourne recreation facilities,Victorian YMCA Community Programming P/L,"$65,361.52",01/12/2029,3615
INV232866,Management of Active Melbourne recreation facilities,Victorian YMCA Community Programming Pty Ltd (AUS),8704.91 AUD,19 January 2027,3615
INV232867,Civil infrastructure services,Citywide  Service  Solutions  Pty  Ltd,44790.99 AUD,25/12/15,3665
INV232868,Integrated security services,National,"$144,539.35",2025-01-07,3686
INV232869,Building cleaning services,Menzies International (Aust) Pty. Ltd.,109614.93 AUD,12/05/2025,3634
INV232870,Parking technology services,REINO INTERNATIONAL PTY LTD T/A DUNCAN SOLUTIONS,"$203,407.45",2027-12-20,3623
INV232871,Graffiti management and pressure cleaning services,Victorian YMCA Community Programming Pty Ltd,"$94,590.94",06-Dec-2027,3615
INV232872,Street cleaning,Spotless Facility Services Pty Ltd,38703.12,25/03/11,3669
INV232873,Tree management maintenance services,CITYWIDE SERVICE SOLUTIONS PTY LTD,201726.7,02-Jul-2025,3678
INV232874,Graffiti management and pressure cleaning services,CalcorpServicesPtyLtd,44679.92 AUD,28/10/25,3668
INV232875,Building maintenance services,Programmed Facility Management Pty Ltd,52059.27,04/01/2025,3630
INV232876,Open spaces management - region 1,Citywide Service Solutions Pty Ltd (AUS),"$57,417.73",2029-12-26,3676
INV232877,Melbourne Town Hall venue management,Showtime Event Group Pty. Ltd.,0.1m,06 July 2029,3670
INV232878,Open spaces management - region 2,bERCO,"$6,639.83",31/01/2027,3677
INV232879,Management of Active Melbourne recreation facilities,Victorian,160479.36 AUD,21/04/2026,3615
INV232880,Building maintenance services,Programmed Facility Management Pty. Ltd.,0.2m,08/12/2025,3630
INV232881,Open spaces management - region 2,Serco,223682.36,07/12/2027,3677
INV232882,Building cleaning services,Menzies International (Ausc) Pty Ltd,0.1m,2029-01-12,3634
INV232883,Waste management services,Cleanaway Waste Management Limited (AUS),0.2m,19-Jan-2025, 
INV232884,Parking technology services,Reino International P/L T/A Duncan Solutions,0.2m,29/04/29,3623
INV232885,Waste management services,Cleanaway Waste Managhment Limited,,2025-07-21,3556
INV232886,Vehicle tow away and impound services,Nationwide,54703.29,28/03/22,3585
INV232887,Melbourne Town Hall venue management,Showtime  Event  Group  Pty  Ltd,166748.17 AUD,2027-12-12,3670
INV232888,Building cleaning services,Menzies Internatio,,28/02/2028,3634
INV232889,Open spaces management - region 2,SERCO,0.0m,16-Dec-2027,3677
INV232890,Street cleaning,SPOTLESS FACILITY SERVICES PTY LTD,38982.4 AUD,21-Jan-2028,3669
INV232891,Tree management maintenance services,Citywide Service Solutions Pty. Ltd.,175208.35,2028-09-05,3678
INV232892,Management of Active Melbourne recreation facilities,Victorian,0.1m,11-Feb-2029,3615
INV232893,Building maintenance services,Programmed Facility,91940.19,03-Jul-2025,3630
INV232894,Parking technology services,Reino Intl Pty Ltd T/A Duncan Solutions,217315.27,29/12/17,3623
INV232895,Building cleaning services,MenziesInternational(Aust)PtyLtd,0.2m,01-Oct-2028,3634
INV232896,Civil infrastructure services,citywide service solutions pty ltd,0.1m,26/06/2027,3665
INV232897,Melbourne Town Hall venue management,Showtime Event Group Pty Ltd (AUS),200916.72,16-Apr-2028,3670
INV232898,Management of Active Melbourne recreation facilities,Victorian  YMCA  Community  Programming  Pty  Ltd,0.2m,25/03/10, 
INV232899,Civil infrastructure services,Citywide Service Solutions Pty Ltd,201969.81,01 September 2026,3665
INV232900,Open spaces management - region 2,Serco,178942.83,28/04/12,3677
INV232901,Civil infrastructure services,Citywide Service Solutioqs Pty Ltd,65321.62,09 December 2025,3665
INV232902,Building cleaning services,Menzies,84374.32,2029-06-12,3634
INV232903,Integrated security services,National Protective Services Pty Ltd (AU),28872.43,26/08/2025,3686
INV232904,Street cleaning,Spotless Facility Services Pty Ltd (AU),105362.53,30-Oct-2029,3669
INV232905,Waste management services,Cleanaway Waste Mgmt Limited,"$148,574.93",2028-12-27,3556
INV232906,Tree management maintenance services,National Protectiv,0.2m,25/07/2029,3686
INV232907,Integrated security services,National Protective Services P/L,192441.01,19/03/2027,3686
INV232908,Building maintenance services,Programmed Facility Management Pty. Ltd.,"$97,765.16",27/01/26,3630
INV232909,Tree management maintenance services,Citywide Service Solutions Pty Ltd (AU),0.1m,18/08/2027,3678
INV232910,Open spaces management - region 2,Serco,38806.7,31/01/2029,3677
INV232911,Civil infrastructure services,Citywide Service Solutions Pty Ltd,3118.67,01/01/2025,3665
INV232912,Graffiti management and pressure cleaning services,Calcorp Services Pty Ltd (AU),38487.8 AUD,07-May-2028,3668
INV232913,Management of Active Melbourne recreation facilities,Victorian YMCA Communi,186601.26,20 April 2028,3615
INV232914,Tree management maintenance services,Citywide Service Solutions Pty Ltd (AU),73634.91 AUD,26/11/2028,3678
INV232915,Melbourne Town Hall venue management,Showtime Event,201850.69,12 November 2027,3670
INV232916,Integrated security services,NationalProtectiveServicesPtyLtd,40609.29,09/08/2026,3686
INV232917,Street cleaning,Reino,0.1m,06/04/2027,3623
INV232918,Street cleaning,Spotless Facility Services Pty Ltd,78886.01,29/08/16,3669
INV232919,Graffiti management and pressure cleaning services,Calcoap Services Pty Ltd,100760.83,03/02/2028,3668
INV232920,Management of Active Melbourne recreation facilities,Victorian YMCA Community Programming Pty Ltd (AU),"$133,361.49",28/01/30, 
INV232921,Parking technology services,Reino,85579.13,10-Mar-2029,3623
INV232922,Open spaces management - region 2,Serco,144844.54,27/07/05,3677
INV232923,Integrated security services,National Protective Services Pty Ltd (AUS),"$190,125.62",14/03/2029,3686
INV232924,Parking technology services,Reino International Pty Ltd T/A Duncan Solutions (AUS),203071.36,05/10/2027,3623
INV232925,Open spaces management - region 1,Citywide  Service  Solutions  Pty  Ltd,"$226,197.92",24/11/2028,3676
INV232926,Tree management maintenance services,Citywide  Service  Solutions  Pty  Ltd,"$109,976.93",21/07/2025,3678
INV232927,Management of Active Melbourne recreation facilities,Victorian YMCA Community Programming Pty Ltd,0.2m,10/03/2028,3615
INV232928,Open spaces management - region 2,SERCO,78708.74 AUD,17 November 2028,3677
INV232929,Open spaces management - region 1,Citywide  Service  Solutions  Pty  Ltd,93774.83,2027-02-08,3676
INV232930,Graffiti management and pressure cleaning services,Calcorp Services P/L,222528.93 AUD,25/05/24,3668
INV232931,Open spaces management - region 2,SERCO,133371.66,28 February 2027,3677
INV232932,Open spaces management - region 1,Citywide Service ,102680.26,14/07/2029,3676
INV232933,Melbourne Town Hall venue management,Showtime  Event  Group  Pty  Ltd,"$164,199.47",27/09/13,3670
INV232934,Building cleaning services,Menzies Intl (Aust) Pty Ltd,7114.88 AUD,31/12/2025,3634
INV232935,Parking technology services,Reino International Pty Ltd T/A Duncan Solutions (AUS),0.2m,,3623
INV232936,Open spaces management - region 2,Serco,81311.16,17/03/2028,3677
INV232937,Waste management services,cleanaway waste management limited,100340.57,16 February 2027,3556
INV232938,Melbourne Town Hall venue management,Showtime Event Group Pty Ltd (AU),77102.87,22/10/2026,3670
INV232939,Vehicle tow away and impound services,nationwide towing services,76693.37 AUD,31/03/2026,3585
INV232940,Waste management services,Cleanaway Waste Management Limited,"$220,871.36",12/11/2028,3556
INV232941,Management of Active Melbourne recreation facilities,Victorian YMCA Community Proqramming Pty Ltd,181860.06,10-Jan-2026,3615
INV232942,Civil infrastructure services,Citywide Service Solutions Pty Ltd (AU),228606.48 AUD,16 May 2027,3665
INV232943,Civil infrastructure services,Citywide,"$245,998.16",06 March 2028,3665
INV232944,Street cleaning,Citywide Service Solutions Pty Ltd,"$120,442.11",2027-05-05,3678
INV232945,Civil infrastructure services,Citywide Service Solutions Pty. Ltd.,102417.79 AUD,01/02/2028,3665
INV232946,Open spaces management - region 1,CITYWIDE SERVICE SOLUTIONS PTY LTD,66574.04,30/09/2027,3665
INV232947,Open spaces management - region 2,SERCO,0.2m,25/06/27, 
INV232948,Integrated security services,National Protective Services Pty Ltd,183164.92,2026-11-28,3686
INV232949,Building maintenance services,Programmed Facility Management P/L,0.1m,26/01/10,3630
INV232950,Parking technology services,Reino Int’l Pty Ltd T/A Duncan Solutions,114666.25 AUD,12 August 2025,3623
INV232951,Building maintenance services,PROGRAMMED FACILITY MANAGEMENT PTY LTD,27611.77,27/08/26,3630
INV232952,Building maintenance services,programmed facility management pty ltd,0.2m,23/03/2026,3630
INV232953,Open spaces management - region 2,SERCO,249605.01,26/07/25,3677
INV232954,Tree management maintenance services,citywide service solutions pty ltd,"$35,013.87",19-Jul-2029,3678
INV232955,Graffiti management and pressure cleaning services,Calcorp Services Pty Ltd,0.1m,08 November 2028,3668
INV232956,Waste management services,Cleanaway Waste Management Limited,"$49,647.53",07/08/2028,3556
INV232957,Civil infrastructure services,citywide service solutions pty ltd,80434.01 AUD,08-Sep-2028,3665
INV232958,Open spaces management - region 2,SERCO (AU),0.2m,25/04/02,3677
INV232959,Waste management services,Cleanaway Wkste Management Limited,40199.68,29/07/07,3556
INV232960,Graffiti management and pressure cleaning services,CalcorpServicesPtyLtd,0.2m,2026-04-16, 
INV232961,Parking technology services,reino international pty ltd t/a duncan solutions,49120.92,2027-04-30,3623
INV232962,Waste management services,Cleanaway Waste Management Limited (AUS),0.2m,28-Mar-2027,3556
INV232963,Open spaces management - region 1,CITYWIDE SERVICE SOLUTIONS PTY LTD,0.1m,03/12/2026,3676
INV232964,Parking technology services,ReinoInternationalPtyLtdT/ADuncanSolutions,0.1m,09/11/2029,3623
INV232965,Tree management maintenance services,Citywide Service Solutions Pty Ltd,"$224,613.2",29/07/04,3678
INV232966,Melbourne Town Hall venue management,ShowtimeEventGroupPtyLtd,0.1m,01/02/2028,3670
INV232967,Open spaces management - region 1,Citywide Service SolutionsiPty Ltd,135615.2,22/08/2026,3676
INV232968,Building maintenance services,Programmed  Facility  Management  Pty  Ltd,"$180,809.76",02/04/2026,3630
INV232969,Street cleaning,Spotless Facility Services Pty Ltd,222552.97,2029-12-15,3669
INV232970,Building maintenance services,Programmed Facility Management Pty Ltd,0.2m,01/10/2029,3630
INV232971,Vehicle tow away and impound services,Nationwide Towing Services (AUS),,03-Dec-2026,3585
INV232972,Waste management services,National  Protective  Services  Pty  Ltd,128770.28,14 September 2025,3686
INV232973,Building cleaning services,MENZIES INTERNATIONAL (AUST) PTY LTD,163159.19,13 May 2025,3634
INV232974,Civil infrastructure services,Citywide Service Solutions Pty Ltd (AU),32801.79,03 August 2025,3665
INV232975,Waste management services,Cleanaway Waste Management LTD,132358.16,23/01/2027,3556
INV232976,Open spaces management - region 1,Citywide Service Solutions P/L,240355.3,27/07/2028,3676
INV232977,Parking technology services,reino international pty ltd t/a duncan solutions,0.2m,26 August 2028,3623
INV232978,Open spaces management - region 1,Citywide Service Solutions Pty Ltd (AU),"$70,907.17",01-May-2025,3676
INV232979,Integrated security services,National Protective Services Pty. Ltd.,239601.23,08/04/2025,3686
INV232980,Integrated security services,National Protective Services Pty Ltd (AU),182722.03 AUD,01/11/2025,3686
INV232981,Parking technology services,Reino Int’l Pty Ltd T/A Duncan Solutions,0.1m,25/01/13,3623
INV232982,Vehicle tow away and impound services,Nationwide Towing Serviceq,"$218,411.72",26/01/03,3585
INV232983,Parking technology services,reino international pty ltd t/a duncan solutions,150234.7,30/05/2026,3623
INV232984,Integrated security services,NationalProtectiveServicesPtyLtd,22944.72,12/10/2027, 
INV232985,Building maintenance services,Programmed Facility Management Pty Ltd (AUS),156459.94,13-Jan-2026,3630
INV232986,Civil infrastructure services,Citywide Service Solutions Pty Ltd,59914.28 AUD,17/04/2027,3665
INV232987,Parking technology services,Reino Internationbl Pty Ltd T/A Duncan Solutions,23013.11,2028-04-30,3623
INV232988,Street cleaning,Spotless Facility Services Pty Ltd,9163.35,27/09/04,3669
INV232989,Building maintenance services,programmed facility management pty ltd,89515.0,25/09/19,3630
INV232990,Parking technology services,Reino International Pty Ltd T/A Duncan Solutions,"$43,689.54",2026-09-02,3623
INV232991,Open spaces management - region 2,SERCO,"$90,280.05",17 November 2029,3677
INV232992,Civil infrastructure services,Citywide Servict Solutions Pty Ltd,25696.48 AUD,04 January 2029,3665
INV232993,Open spaces management - region 1,citywide service solutions pty ltd,"$108,671.49",06-Dec-2025,3676
INV232994,Civil infrastructure services,Citywide Service Solutions Pty. Ltd.,225656.25,24 November 2027,3665
INV232995,Vehicle tow away and impound services,Nationwide Towing Services (AUS),114739.87 AUD,2026-04-29,3585
INV232996,Waste management services,Spotless Facility Services Pty Ltd,107332.18,27/03/04,3669
INV232997,Parking technology services,Reino,"$152,940.9",30 July 2025,3623
INV232998,Waste management services,CLEANAWAY WASTE MANAGEMENT LIMITED,"$189,437.32",2028-08-25,3556
INV232999,Street cleaning,Spotless Facility Swrvices Pty Ltd,46876.62 AUD,2027-10-22,3669
INV233000,Management of Active Melbourne recreation facilities,VICTORIAN YMCA COMMUNITY PROGRAMMING PTY LTD,182075.57,29-Sep-2027,3615
