InvoiceID,ContractTitle,Provider,InvoiceAmount,InvoiceDate,ContractNumber
INV170001,Vehicle tow away and impound services,Nationwide Towing Services (AUS),0.1m,11/01/2025,3585
INV170002,Open spaces management - region 2,Spotless Facility Services Pty. Ltd.,"$209,373.28",05/11/2029,3669
INV170003,Management of Active Melbourne recreation facilities,Nationwide  Towing  Services,165912.61,06/07/2026,3585
INV170004,Open spaces management - region 1,Citywide  Service  Solutions  Pty  Ltd,175381.09,04 January 2028,3676
INV170005,Open spaces management - region 1,Citywide Service Solutions Pty Ltd (AU),226282.13 AUD,2025-11-25,3676
INV170006,Building maintenance services,ProgrammedFacilityManagementPtyLtd,201251.67,2028-02-28,3630
INV170007,Waste management services,CleanawayWasteManagementLimited,145429.3,08/09/2028,3556
INV170008,Street cleaning,Spotless Facility Services P/L,0.1m,25/09/18,3669
INV170009,Building cleaning services,Menzies International (Aust) Pty. Ltd.,99628.19,06-Mar-2029,3634
INV170010,Management of Active Melbourne recreation facilities,VICTORIAN YMCA COMMUNITY PROGRAMMING PTY LTD,"$68,318.48",07/12/2025,3615
INV170011,Management of Active Melbourne recreation facilities,Programmed Facility kanagement Pty Ltd,175577.01,09/08/2025,3630
INV170012,Integrated security services,National Protective Services Pty Lts,181413.99,26/09/01,3686
INV170013,Melbourne Town Hall venue management,Showtime Event Group Pty Ltd,119413.86,2025-01-12,3670
INV170014,Vehicle tow away and impound services,Nationwide Towing Services,209751.35 AUD,01/12/2028,3585
INV170015,Integrated security services,National Protective Services P/L,120917.52,2026-11-29,3686
INV170016,Vehicle tow away and impound services,Nationwide,"$101,896.4",24 November 2028,3585
INV170017,Melbourne Town Hall venue management,Showtime Event Group Pty Ltd,38806.65,14-Aug-2025,3670
INV170018,Waste management services,Citywide Service Solutions Pty Ltd,108721.03 AUD,13/03/2027,3676
INV170019,Parking technology services,Reino Int’l Pty Ltd T/A Duncan Solutions,0.0m,29 July 2026,3623
INV170020,Melbourne Town Hall venue management,Showtime Event Group Pty Ltd,"$88,537.19",20/09/2025,3670
INV170021,Civil infrastructure services,Citywide Service Soluvions Pty Ltd,231797.35,14/06/2028,3665
INV170022,Waste management services,Cleanaway,166902.55,21-Aug-2026,3556
INV170023,Parking technology services,Reino International Pty Ltd T/A Duncan Solutions (AU),0.2m,2028-12-30,3623
INV170024,Graffiti management and pressure cleaning services,Calcorp Servicns Pty Ltd,238851.37,07/08/2028,3668
INV170025,Open spaces management - region 1,Citywide  Service  Solutions  Pty  Ltd,"$94,270.23",26/07/2029,3676
INV170026,Building maintenance services,Programmed Facility Management Pty Ltd (AUS),116148.13,27/11/2026,3630
INV170027,Open spaces management - region 2,SERCO,0.1m,26/03/09,3677
INV170028,Open spaces management - region 2,SERCO,40615.55,01 May 2028, 
INV170029,Building cleaning services,Menzies International (Aust) P/L,176762.29,10-Jul-2028,3634
INV170030,Open spaces management - region 1,Citywide Service Solutions P/L,144457.96,29/11/10, 
INV170031,Graffiti management and pressure cleaning services,CalcorpServicesPtyLtd,0.0m,27/02/2026,3668
INV170032,Tree management maintenance services,Citywide Service Solutions Pty. Ltd.,93711.97 AUD,2028-06-12,3678
INV170033,Street cleaning,Spotless Facility Services Pty Ltd,0.0m,10-May-2028,3669
INV170034,Street cleaning,Spotless Facility,"$195,142.36",2026-01-28,3669
INV170035,Open spaces management - region 1,Citywide Service Solutions Pty. Ltd.,"$137,351.76",29/12/22,3676
INV170036,Integrated security services,National Protective Services Pty Ltd (AUS),"$6,600.86",31-Mar-2027,3686
INV170037,Building cleaning services,Menzies International (Aust) Pty. Ltd.,,01/03/2026,3634
INV170038,Building cleaning services,Menzies Internatio,"$60,414.85",02/02/2028,3634
INV170039,Melbourne Town Hall venue management,Showtime  Event  Group  Pty  Ltd,29754.89,12/03/2027,3670
INV170040,Building maintenance services,Programmed  Facility  Management  Pty  Ltd,14069.71 AUD,24/12/2028,3630
INV170041,Building cleaning services,Menzies International (Aust) Pty Ltd,149081.18,22/01/2029,3634
INV170042,Graffiti management and pressure cleaning services,Calcorh Services Pty Ltd,,07-Mar-2029,3668
INV170043,Tree management maintenance services,CITYWIDE SERVICE SOLUTIONS PTY LTD,147848.63,, 
INV170044,Parking technology services,Reino International Pty ,81615.28,2026-01-15,3623
INV170045,Integrated security services,Nativnal Protective Services Pty Ltd,"$46,541.09",27/10/01,3686
INV170046,Civil infrastructure services,Citywide,21767.39 AUD,2027-10-18,3676
INV170047,Open spaces management - region 1,CITYWIDE SERVICE SOLUTIONS PTY LTD,"$175,671.27",10/01/2026,3676
INV170048,Open spaces management - region 1,CitywideServiceSolutionsPtyLtd,138775.01,04/06/2026,3676
INV170049,Civil infrastructure services,Citywide,125312.82,2027-09-23,3665
INV170050,Melbourne Town Hall venue management,Showtime Event Group Pty. Ltd.,0.2m,03/09/2029,3670
INV170051,Graffiti management and pressure cleaning services,Calcorp Services Pty Ltd (AUS),70241.81 AUD,25 January 2026,3668
INV170052,Integrated security services,National Protective Services Pty Ltd,0.1m,10/06/2025,3686
INV170053,Open spaces management - region 2,Serco,118533.72 AUD,2026-05-28,3677
INV170054,Parking technology services,Reino International Pty ,176417.54,06-Feb-2029,3623
INV170055,Building cleaning services,Menzies Intl (Aust) Pty Ltd,0.2m,26/10/07,3634
INV170056,Parking technology services,reino international pty ltd t/a duncan solutions,"$142,232.38",20/06/2029,3623
INV170057,Open spaces management - region 2,SaRCO,0.2m,20/07/2027,3677
INV170058,Integrated security services,National,143674.69 AUD,16/09/2026,3686
INV170059,Tree management maintenance services,citywide service solutions pty ltd,78613.22 AUD,16 March 2025,3678
INV170060,Open spaces management - region 1,Citywide,0.1m,2027-08-01,3676
INV170061,Graffiti management and pressure cleaning services,Calcorp Serv,164164.44 AUD,22/09/2027,3668
INV170062,Street cleaning,Spotless Facility Services Pty Ltd,0.0m,13/07/2027,3669
INV170063,Management of Active Melbourne recreation facilities,Victorian YMCA Community Programming Pty Ltd (AU),71316.33,21 January 2028,3615
INV170064,Vehicle tow away and impound services,Nationwide Towing Services (AUS),10502.33 AUD,2028-08-27,3585
INV170065,Graffiti management and pressure cleaning services,CALCORP SERVICES PTY LTD,"$100,567.6",16 July 2026,3668
INV170066,Vehicle tow away and impound services,Natiynwide Towing Services,0.1m,19/04/2026,3585
INV170067,Tree management maintenance services,Citywide,0.1m,01/02/2029,3678
INV170068,Building maintenance services,PROGRAMMED FACILITY MANAGEMENT PTY LTD,0.1m,25/09/19,3630
INV170069,Civil infrastructure services,Citywide Service ,126029.11 AUD,22-Jul-2025,3665
INV170070,Graffiti management and pressure cleaning services,Calcorp Services Pty Ltd (AU),"$175,083.64",13/02/2026,3668
INV170071,Tree management maintenance services,Citywide Service ,0.1m,18/06/2029,3678
INV170072,Street cleaning,Spotless Facility Services Pty Ltd (AUS),8403.76,28 September 2026,3669
INV170073,Integrated security services,NationalProtectiveServicesPtyLtd,0.1m,2026-11-16,3686
INV170074,Building maintenance services,Citywide Service Solutions Pty Ltd,0.0m,26/12/2028,3678
INV170075,Open spaces management - region 2,SERCO,144184.28,08 January 2027,3677
INV170076,Waste management services,Cleanaway Waste Management Limited (AUS),197596.47,27/12/28,3556
INV170077,Civil infrastructure services,Citywide  Service  Solutions  Pty  Ltd,"$159,808.01",22-Nov-2027,3665
INV170078,Waste management services,Cleanaway Waste Management Ltd,"$19,695.12",2027-07-12,3556
INV170079,Civil infrastructure services,Citywide Service Solutions Pty Ltd (AUS),66457.25,2028-08-21,3665
INV170080,Melbourne Town Hall venue management,Showtime Event,136051.54,07-Jan-2026,3670
INV170081,Melbourne Town Hall venue management,Showtime Event Group Pty Ltd,61538.99 AUD,29/03/29,3670
INV170082,Tree management maintenance services,Citywide  Service  Solutions  Pty  Ltd,5111.19,24/05/2027,3678
INV170083,Building maintenance services,Programmed Facility Management Pty Ltd (AU),224662.96,15/04/2026,3630
INV170084,Integrated security services,NationaloProtective Services Pty Ltd,122088.09 AUD,25/08/08,3686
INV170085,Melbourne Town Hall venue management,Showtime,"$120,185.49",02/06/2029,3670
INV170086,Open spaces management - region 2,SERCO,141941.04,08 April 2027,3677
INV170087,Integrated security services,National Protective Services P/L,"$142,393.56",05 March 2028, 
INV170088,Vehicle tow away and impound services,Nationwide Towing Services (AUS),218543.33,03 September 2027,3585
INV170089,Street cleaning,Spotless Facility Services Pty Ltd,209552.53 AUD,19 January 2029,3669
INV170090,Vehicle tow away and impound services,Nationwide Towing Services (AUS),242507.48 AUD,13 May 2026,3585
INV170091,Waste management services,CleanawayWasteManagementLimited,28786.37,02/11/2029,3556
INV170092,Management of Active Melbourne recreation facilities,Victorian Ymca Community Programming Pty Ltd,0.1m,29/06/22,3615
INV170093,Building maintenance services,Programmed,130825.85,02 October 2029,3630
INV170094,Parking technology services,Reino International Pty Ltd T/A Duncan Solutions,122178.28 AUD,05/10/2026,3623
INV170095,Parking technology services,reino international pty ltd t/a duncan solutions,24546.78,31/10/2025,3623
INV170096,Integrated security services,National Protective Services Pty. Ltd.,167374.34,26/04/13,3686
INV170097,Tree management maintenance services,citywide service solutions pty ltd,"$134,610.42",09 November 2029,3678
INV170098,Management of Active Melbourne recreation facilities,VICTORIAN YMCA COMMUNITY PROGRAMMING PTY LTD,204142.85 AUD,01/04/2029,3615
INV170099,Parking technology services,Reino International Pty Ltd T/A Duncan Solutions (AU),51296.68,09/07/2025,3623
INV170100,Waste management services,Cleanaway Wasle Management Limited,237709.07 AUD,31 January 2025,3556
INV170101,Street cleaning,Spotless Facility Services Pty Ltd,54435.3,26/01/05,3669
INV170102,Street cleaning,Spotless Facility Services Pty Ltd,"$135,858.49",18/03/2025,3669
INV170103,Building cleaning services,Menzies International (Aust) Pty Ltd,121602.14,2025-07-02,3634
INV170104,Open spaces management - region 2,Menzies Int’l (Aust) Pty Ltd,245945.7 AUD,25/01/01,3634
INV170105,Management of Active Melbourne recreation facilities,Victorian YMCA Community Programming Pty. Ltd.,0.0m,,3615
INV170106,Waste management services,Cleanaway  Waste  Management  Limited,0.1m,20/07/2025,3556
INV170107,Tree management maintenance services,victorian ymca community programming pty ltd,211826.9,18-Jan-2028,3615
INV170108,Vehicle tow away and impound services,NationwideTowingServices,42751.36 AUD,25-Jan-2028,3585
INV170109,Open spaces management - region 2,Serco,108212.15 AUD,14/12/2025,3677
INV170110,Vehicle tow away and impound services,Nationwide Towing Services,"$7,924.28",,3585
INV170111,Open spaces management - region 2,SERCO,"$135,736.99",13/08/2029,3677
INV170112,Vehicle tow away and impound services,nationwide towing services,0.1m,10-Oct-2025,3585
INV170113,Parking technology services,Reino International Pty Ltd T/A Duncan Solutions (AUS),"$149,900.43",30 September 2029,3623
INV170114,Waste management services,Cleanaway Waste Management Limited (AU),75404.6 AUD,29 July 2026,3556
INV170115,Open spaces management - region 2,SERCv,"$180,848.04",2025-03-19,3677
INV170116,Management of Active Melbourne recreation facilities,victorian ymca community programming pty ltd,0.0m,15/09/2026,3615
INV170117,Parking technology services,Reino,26503.61,27/08/2029,3623
INV170118,Management of Active Melbourne recreation facilities,Victorian YMCA Community Programming Pty Ltd (AU),0.2m,26/08/27,3615
INV170119,Open spaces management - region 2,SERCO,"$60,900.86",27/04/21,3677
INV170120,Tree management maintenance services,Citywide,33469.52 AUD,01 June 2029,3678
INV170121,Street cleaning,Spotless Facility,"$138,337.08",13 April 2026,3669
INV170122,Tree management maintenance services,Citywide Service Solutions Pty Ltd (AUS),94688.17,2025-04-21,3678
INV170123,Parking technology services,Reino International Pty Ltd T/A Duncan Solutions (AU),"$37,613.93",22 October 2026,3623
INV170124,Management of Active Melbourne recreation facilities,Victorian,0.2m,01/08/2025,3615
INV170125,Street cleaning,Spotless Facility Services Pty. Ltd.,0.0m,17/02/2027,3669
INV170126,Melbourne Town Hall venue management,Victorian,149008.76 AUD,22-May-2029,3615
INV170127,Street cleaning,SpotlessFacilityServicesPtyLtd,0.1m,05/10/2029,3669
INV170128,Open spaces management - region 1,Citywide Service Solutions Pty Ltd,"$179,101.36",24 May 2027,3676
INV170129,Integrated security services,National Protective Services Pty Ltd (AU),0.1m,16/09/2028,3686
INV170130,Graffiti management and pressure cleaning services,Calcorp Services Pty Ltd,111339.55,16 November 2025,3668
INV170131,Waste management services,Cleanaway Waste Management LTD,36273.17 AUD,22-Jun-2029,3556
INV170132,Melbourne Town Hall venue management,ShowtimeEventGroupPtyLtd,0.0m,28-Jan-2026,3670
INV170133,Waste management services,Cleanaway,0.2m,08-Oct-2028,3556
INV170134,Parking technology services,Reino  International  Pty  Ltd  T/A  Duncan  Solutions,128938.59,01-Jan-2027,3623
INV170135,Building cleaning services,Menzies Int’l (Aust) Pty Ltd,24304.99,14 June 2026,3634
INV170136,Parking technology services,Reino International Pty Ltd T/A Duncan Solutions (AU),39596.65,26/08/18,3623
INV170137,Waste management services,CleanawayWasteManagementLimited,118195.53,24/03/2027,3556
INV170138,Parking technology services,Reino,3599.08 AUD,2025-09-11,3623
INV170139,Tree management maintenance services,Citywide Service Solutions Pty Ltd,0.1m,02-Jan-2027,3678
INV170140,Waste management services,Cleanaway,184056.29,11-Dec-2026,3556
INV170141,Open spaces management - region 2,SERCO,49810.77,29-Dec-2028,3677
INV170142,Building cleaning services,Menzies International (Aust) Pty Ltd (AUS),184152.32,25/09/2028, 
INV170143,Graffiti management and pressure cleaning services,Calcorp,0.2m,09/12/2029,3668
INV170144,Open spaces management - region 2,SERCO,"$56,704.55",02/04/2026,3677
INV170145,Management of Active Melbourne recreation facilities,Victorian,0.2m,25 February 2026,3615
INV170146,Vehicle tow away and impound services,Nationwide To,145657.17,11 January 2029,3585
INV170147,Graffiti management and pressure cleaning services,Calcorp Serv,56979.92,29/04/19,3668
INV170148,Tree management maintenance services,CITYWIDE SERVICE SOLUTIONS PTY LTD,"$226,513.54",19/08/2025,3678
INV170149,Open spaces management - region 1,CITYWIDE SERVICE SOLUTIONS PTY LTD,"$95,099.75",13 April 2026,3676
INV170150,Vehicle tow away and impound services,Nationwide  Towing  Services,"$60,802.01",02-Mar-2029,3585
INV170151,Vehicle tow away and impound services,Nationwide Towing Services,"$222,223.76",2025-11-02,3585
INV170152,Building maintenance services,Programmed  Facility  Management  Pty  Ltd,"$106,725.63",2029-09-21,3630
INV170153,Parking technology services,SERCO,"$79,922.93",10/04/2026, 
INV170154,Tree management maintenance services,Citywide Service ,179251.38,26/02/05,3678
INV170155,Integrated security services,national protective services pty ltd,0.0m,28 January 2026,3686
INV170156,Street cleaning,SpotlessFacilityServicesPtyLtd,167414.75,08 June 2025,3669
INV170157,Graffiti management and pressure cleaning services,CalcorpServicesPtyLtd,217960.64,28/05/13,3668
INV170158,Melbourne Town Hall venue management,Showtime Event Group Pty. Ltd.,"$91,566.53",26/07/2029,3670
INV170159,Street cleaning,Spotless Facility Services Pty Ltd,"$150,449.38",16-Mar-2025, 
INV170160,Civil infrastructure services,Citywide Service Solutions Pty Ltd (AUS),0.2m,03/12/2025,3665
INV170161,Tree management maintenance services,CITYWIDE SERVICE SOLUTIONS PTY LTD,0.1m,25/09/09,3678
INV170162,Waste management services,Cleanaway Waste Management Limited,146993.15 AUD,29/05/12,3556
INV170163,Building maintenance services,Programmed Facility Management Pty Ltd (AU),29425.0 AUD,2027-07-20,3630
INV170164,Management of Active Melbourne recreation facilities,Victorian Ymca Community Programming Pty Ltd,111577.71 AUD,28/06/2027, 
INV170165,Open spaces management - region 1,Citywide Service Solutions P/L,247101.78,04/02/2026,3676
INV170166,Vehicle tow away and impound services,nationwide towing services,244498.68,13-Oct-2025,3585
INV170167,Street cleaning,Spotless Facility Services Pty Ltd (AUS),98990.28,31/08/2025,3669
INV170168,Management of Active Melbourne recreation facilities,Victorian YMCA Community Programming Pty Ltd (AUS),91130.54,07 September 2027,3615
INV170169,Civil infrastructure services,Citywide Service Solutions Pty Ltd (AU),59998.9,2025-06-10, 
INV170170,Graffiti management and pressure cleaning services,Calcorp Services Pty Ltd,62556.22,29/12/31,3668
INV170171,Management of Active Melbourne recreation facilities,Victorian YMCA Communi,66787.91 AUD,08/08/2025,3615
INV170172,Parking technology services,Reino International P/L T/A Duncan Solutions,206877.33,2027-06-13,3623
INV170173,Civil infrastructure services,Citywide,0.1m,20 September 2028, 
INV170174,Parking technology services,Reino International Pty ,"$125,407.53",30/08/2028,3623
INV170175,Building cleaning services,Menzies International (Aust) Pty. Ltd.,0.1m,28/02/23, 
INV170176,Waste management services,Cleanaway Wastw Management Limited,0.1m,2025-12-25,3556
INV170177,Open spaces management - region 1,Citywide  Service  Solutions  Pty  Ltd,125000.6,26/05/09,3676
INV170178,Street cleaning,Spotless Facility Services Pty Ltd,210786.62 AUD,16/08/2028,3669
INV170179,Vehicle tow away and impound services,Nationwide To,196804.09,21/04/2029,3585
INV170180,Waste management services,Cleanaway Waste Management Limited (AUS),32876.09,28/12/2029,3556
INV170181,Integrated security services,National Protective Services P/L,0.1m,2027-04-02,3686
INV170182,Civil infrastructure services,Citywide  Service  Solutions  Pty  Ltd,190017.74 AUD,24/12/2029,3665
INV170183,Parking technology services,Reino,159064.21,18-Feb-2029,3623
INV170184,Vehicle tow away and impound services,Nationwide,222100.29,2027-06-27,3585
INV170185,Building maintenance services,Programmed Facility Management Pty Ltd (AUS),126230.51,26/12/01,3630
INV170186,Building cleaning services,Menzies International (Aust) Pty Ltd,238398.31,2029-10-26,3634
INV170187,Open spaces management - region 1,Citywide Service Solutions Pty Ltd,144942.59 AUD,16/01/2028,3676
INV170188,Graffiti management and pressure cleaning services,Calcorp Services Pty. Ltd.,90758.57,26-May-2028,3668
INV170189,Street cleaning,Spotless Facility Services Pty Ltd,242255.73,2026-10-22,3669
INV170190,Street cleaning,spotless facility services pty ltd,28430.75 AUD,25/07/01, 
INV170191,Melbourne Town Hall venue management,Showtime Event Group Pty Ltd,151681.66 AUD,25/07/07,3670
INV170192,Building cleaning services,Menzies International (Aust) Pty Ltd,0.2m,25/09/21,3634
INV170193,Civil infrastructure services,Citywide,8131.65 AUD,2028-02-04,3665
INV170194,Integrated security services,National  Protective  Services  Pty  Ltd,42478.29,14/04/2026,3686
INV170195,Building cleaning services,Menzies,22088.41,20 August 2025,3634
INV170196,Building maintenance services,Programmed  Facility  Management  Pty  Ltd,"$43,025.26",10/04/2025,3630
INV170197,Street cleaning,spotless facility services pty ltd,0.2m,29/04/04,3669
INV170198,Waste management services,Cleanaway Waste Management Limited,82318.72,24 February 2026,3556
INV170199,Melbourne Town Hall venue management,ShowtimeEventGroupPtyLtd,167071.19 AUD,26 June 2028,3670
INV170200,Management of Active Melbourne recreation facilities,cleanaway waste management limited,29740.48 AUD,25-Jun-2026,3556
INV170201,Tree management maintenance services,Citywide Service Solutions Pty Ltd,"$235,336.88",23/02/2027,3678
INV170202,Management of Active Melbourne recreation facilities,Victorian YMCA Community Programming Pty Ltd,228284.32 AUD,29 May 2025,3615
INV170203,Waste management services,Cleanaway Waste Management Limited,209078.06,07/10/2028,3556
INV170204,Parking technology services,ReinoInternationalPtyLtdT/ADuncanSolutions,73982.29,27/12/03,3623
INV170205,Parking technology services,Reino International Pty Ltd T/A Duncan Solutions,0.1m,2028-11-13,3623
INV170206,Building cleaning services,MENZIES INTERNATIONAL (AUST) PTY LTD,"$14,178.91",19/07/2026,3634
INV170207,Tree management maintenance services,Citywide Service Solutions Pty Ltd,222377.24 AUD,26/05/14,3678
INV170208,Building cleaning services,Menzies Intl (Aust) Pty Ltd,158994.1,15-Nov-2027,3634
INV170209,Graffiti management and pressure cleaning services,calcorp services pty ltd,240095.29,09-Jan-2029,3668
INV170210,Vehicle tow away and impound services,Nationwide  Towing  Services,"$239,380.89",13/05/2025,3585
INV170211,Integrated security services,National Protective Services Pty. Ltd.,186861.0,25/10/03,3686
INV170212,Building maintenance services,Programmed Facility Management Pty Ltd (AU),22936.99 AUD,25/04/2026,3630
INV170213,Integrated security services,SpotlessFacilityServicesPtyLtd,146459.75 AUD,28/07/26, 
INV170214,Management of Active Melbourne recreation facilities,Victorian YMCA Community Programming Pty Ltd (AU),114161.93 AUD,18-Jun-2025,3615
INV170215,Tree management maintenance services,Cleanaway Waste Management Ltd,0.1m,29/08/16,3556
INV170216,Street cleaning,Spotless Facility Services Pty Ltd (AUS),0.2m,09/08/2025,3669
INV170217,Open spaces management - region 1,Citywmde Service Solutions Pty Ltd,0.0m,14-Apr-2029,3676
INV170218,Open spaces management - region 2,SERCO,15761.12,2027-07-02,3677
INV170219,Waste management services,programmed facility management pty ltd,0.1m,2026-10-16,3630
INV170220,Integrated security services,National Protective Services Pty Ltd,178074.14 AUD,13/02/2025,3686
INV170221,Vehicle tow away and impound services,NationwideTowingServices,98975.54 AUD,09 October 2027,3585
INV170222,Melbourne Town Hall venue management,Showtime,0.1m,19-Oct-2029,3670
INV170223,Management of Active Melbourne recreation facilities,Victorian YMCA Community Programming Pty Ltd (AU),0.1m,18/02/2027,3615
INV170224,Open spaces management - region 2,SERCO,218554.38,23/04/2027,3677
INV170225,Open spaces management - region 1,Citywide Service Solutions Pty. Ltd.,0.1m,2029-08-29,3676
INV170226,Civil infrastructure services,Citywide Service Solutions Pty Ltd,0.2m,29 September 2027,3665
INV170227,Civil infrastructure services,Citywide Service Solutions Pty. Ltd.,91535.25,2026-09-09,3665
INV170228,Open spaces management - region 1,Citywide Service Solutizns Pty Ltd,0.1m,08/08/2029,3676
INV170229,Management of Active Melbourne recreation facilities,Victorian  YMCA  Community  Programming  Pty  Ltd,144737.13,17/09/2026,3615
INV170230,Open spaces management - region 1,Citywide zervice Solutions Pty Ltd,43623.96 AUD,26 March 2028,3676
INV170231,Civil infrastructure services,Citywide,0.2m,20/11/2025,3665
INV170232,Integrated security services,National  Protective  Services  Pty  Ltd,0.1m,14/03/2025,3686
INV170233,Waste management services,Cleanaway Waste Management Ltd,69302.52 AUD,07 April 2026,3556
INV170234,Melbourne Town Hall venue management,Showtime Event Grolp Pty Ltd,0.2m,29 January 2028,3670
INV170235,Vehicle tow away and impound services,Nationwide Towing Services,35461.94,2026-01-26,3585
INV170236,Parking technology services,REINO INTERNATIONAL PTY LTD T/A DUNCAN SOLUTIONS,190520.13,17/01/2028,3623
INV170237,Open spaces management - region 2,SERCO,0.2m,2027-01-13,3677
INV170238,Building maintenance services,Programmed Facility Management Pty Ltd (AUS),0.2m,30 March 2026,3630
INV170239,Melbourne Town Hall venue management,Showtime Event Group Pty Ltd,76041.44 AUD,26/03/01,3670
INV170240,Open spaces management - region 1,Citywide Service Solutions Pty Ltd (AU),0.1m,06/02/2025,3676
INV170241,Management of Active Melbourne recreation facilities,Victorian,"$46,988.45",12/09/2028,3615
INV170242,Building maintenance services,Programmed Facility Management Pty Ltd (AUS),215994.92,,3630
INV170243,Waste management services,Cleanaway Waste Management Limited,0.2m,06/10/2029,3556
INV170244,Civil infrastructure services,Citywide Service Solutions Pty Ltd (AUS),230225.24,17/10/2027,3665
INV170245,Integrated security services,NATIONAL PROTECTIVE SERVICES PTY LTD,141244.61,28/03/20,3686
INV170246,Parking technology services,Reino International Pty Ltd T/A Duncan Solutions,7320.09 AUD,17/04/2027,3623
INV170247,Tree management maintenance services,Citywide Service Solutions P/L,48711.47,21-Jul-2028,3678
INV170248,Melbourne Town Hall venue management,Showtime Event Group Pty Ltd,0.1m,28/06/2028,3670
INV170249,Vehicle tow away and impound services,nationwide towing services,"$94,699.75",25/01/06,3585
INV170250,Tree management maintenance services,Citywide Service Solutions Pty Ltd (AU),16764.29,14 September 2025,3678
INV170251,Building maintenance services,programmed facility management pty ltd,219178.57 AUD,16/02/2028,3630
INV170252,Tree management maintenance services,Citywide Service Solutions Pty Ltd,143804.77 AUD,2026-12-27,3678
INV170253,Civil infrastructure services,Citywide Service Solutions Pty Ltd (AUS),0.1m,25/12/26,3665
INV170254,Open spaces management - region 1,Citywide,0.0m,16/04/2026,3676
INV170255,Open spaces management - region 2,SERCO,5281.84 AUD,25/03/04,3677
INV170256,Management of Active Melbourne recreation facilities,Victorian YMCA Community Programming Pty Ltd,"$218,384.22",2027-08-05,3615
INV170257,Civil infrastructure services,Citywide Service Solutions Pty. Ltd.,0.1m,27/03/23,3665
INV170258,Integrated security services,National Protective Serviees Pty Ltd,222857.45,27/02/09,3686
INV170259,Graffiti management and pressure cleaning services,Calcorp,0.2m,03 March 2025,3668
INV170260,Building maintenance services,ProgrammedFacilityManagementPtyLtd,48520.45,05-Apr-2029,3630
INV170261,Civil infrastructure services,Citywide Service Solutions Pty Ltd,0.2m,26/02/25,3665
INV170262,Street cleaning,Spotless Facility Services Pty Ltd,130207.77,17/11/2027,3669
INV170263,Civil infrastructure services,Citywide Service Solutions Pty Ltd,229555.9 AUD,25/11/21,3665
INV170264,Open spaces management - region 2,SERCO,"$118,291.11",27 July 2028,3677
INV170265,Open spaces management - region 1,Citywide Service Solutions Pty Ltd,164354.93,2026-11-08,3676
INV170266,Vehicle tow away and impound services,National Protective Services Pty Ltd (AU),0.1m,28/03/29,3686
INV170267,Tree management maintenance services,CitywidegService Solutions Pty Ltd,114670.48,15/08/2029,3678
INV170268,Civil infrastructure services,Citywide Service Solutions Pty Ltd,0.0m,27/11/2026,3665
INV170269,Open spaces management - region 1,Citywide Seavice Solutions Pty Ltd,228398.33 AUD,03 December 2025,3676
INV170270,Building maintenance services,Programmed  Facility  Management  Pty  Ltd,222806.95 AUD,13 March 2026, 
INV170271,Building cleaning services,Menzies Internationar (Aust) Pty Ltd,0.1m,2029-09-23,3634
INV170272,Building cleaning services,Menzies International (Aust) Pty Ltd,8103.92,20-Dec-2028,3634
INV170273,Melbourne Town Hall venue management,ShowtimeEventGroupPtyLtd,0.1m,28 October 2026,3670
INV170274,Building cleaning services,Menzies International (Aust) Pty Ltd,"$213,052.69",14/03/2026,3634
INV170275,Civil infrastructure services,Reino  International  Pty  Ltd  T/A  Duncan  Solutions,"$217,384.22",09 February 2027,3623
INV170276,Integrated security services,National Protective Services Pty Ltd,114843.31,2025-04-26,3686
INV170277,Building maintenance services,Programmed Facility Management Pty Ltd,"$119,624.91",25/01/20,3630
INV170278,Management of Active Melbourne recreation facilities,Victorian Ymca Community Programming Pty Ltd,81959.71,26 March 2029,3615
INV170279,Open spaces management - region 1,citywide service solutions pty ltd,24836.52,07/10/2028,3676
INV170280,Waste management services,CleanawayWasteManagementLimited,242537.06,23/08/2026,3556
INV170281,Integrated security services,National  Protective  Services  Pty  Ltd,0.1m,17 October 2026, 
INV170282,Graffiti management and pressure cleaning services,Calcorp Services Pty Ltd (AUS),0.1m,30/03/2025,3668
INV170283,Civil infrastructure services,Citywide Service Solutions Pty Lmd,0.2m,2027-08-15,3665
INV170284,Street cleaning,Spotless Facility Services Pty Ltd,247119.22 AUD,10 October 2028,3669
INV170285,Open spaces management - region 1,Citywide  Service  Solutions  Pty  Ltd,0.1m,29-Oct-2027,3676
INV170286,Open spaces management - region 2,National Protective Services P/L,181371.55,25/08/15,3686
INV170287,Street cleaning,Spotless  Facility  Services  Pty  Ltd,144675.44,15 June 2028,3669
INV170288,Waste management services,Cleanaway Waste M,"$216,517.55",26-Sep-2027,3556
INV170289,Tree management maintenance services,Citywide Service Solutions Pty. Ltd.,4894.32,14 June 2029,3678
INV170290,Integrated security services,National Protective Services P/L,0.2m,27/11/19,3686
INV170291,Management of Active Melbourne recreation facilities,VICTORIAN YMCA COMMUNITY PROGRAMMING PTY LTD,"$48,248.94",09-Mar-2029,3615
INV170292,Management of Active Melbourne recreation facilities,Victorian YMCA Community Programming Pty Ltd,52750.36,22 February 2027,3615
INV170293,Open spaces management - region 2,SERCO (AUS),0.0m,20/06/2029,3677
INV170294,Vehicle tow away and impound services,NationwideTowingServices,60641.74,16 June 2027,3585
INV170295,Building cleaning services,Menzies International (Aust) Pty Ltd (AU),106997.39 AUD,23 September 2026,3634
INV170296,Waste management services,Cleanaway,124438.98,29/11/29,3556
INV170297,Building cleaning services,Menzies International (Aust) P/L,0.1m,2025-02-20,3634
INV170298,Management of Active Melbourne recreation facilities,Victorian YMCA Community Programming Pty Ltd,223143.66,29/01/04,3615
INV170299,Management of Active Melbourne recreation facilities,victorian ymca community programming pty ltd,102987.73,23/11/2025,3615
INV170300,Management of Active Melbourne recreation facilities,VictorianYMCACommunityProgrammingPtyLtd,56611.18 AUD,12/12/2028,3615
INV170301,Street cleaning,SpotlessFacilityServicesPtyLtd,13854.21,28/09/26,3669
INV170302,Melbourne Town Hall venue management,Showtime Event Group Pty Ltd,59982.79,2025-11-11,3670
INV170303,Street cleaning,Spotless Facility Services Pty Ltd,143899.79,28/05/21,3669
INV170304,Integrated security services,National Protective Services P/L,160996.5,2029-03-18,3686
INV170305,Integrated security services,National,43862.03 AUD,29/12/26,3686
INV170306,Graffiti management and pressure cleaning services,calcorp services pty ltd,11136.22 AUD,18/01/2029,3668
INV170307,Building cleaning services,Menzies Internatio,"$178,326.23",07/01/2029,3634
INV170308,Street cleaning,Spotless Facility Services Pty Ltd,177023.17,11/01/2026,3669
INV170309,Street cleaning,Spotless Facility Services Pty Ltd (AUS),101275.54 AUD,12/01/2028,3669
INV170310,Integrated security services,National  Protective  Services  Pty  Ltd,243268.5,07 March 2029,3686
INV170311,Graffiti management and pressure cleaning services,Calcorp Serv,0.2m,03-Oct-2027,3668
INV170312,Management of Active Melbourne recreation facilities,Victorian YMCA Community Programming Pty Ltd,119784.25,19 January 2029,3615
INV170313,Building maintenance services,Programmed Facility Management Pty Ltd,"$115,702.02",22/07/2028,3630
INV170314,Civil infrastructure services,Citywide Service Solutions Pty Ltd,235602.57 AUD,2026-12-17,3665
INV170315,Tree management maintenance services,Citywide Service Solutions Pty Ltd,5602.04,24 February 2028,3678
INV170316,Building cleaning services,menzies international (aust) pty ltd,53544.78 AUD,07-Nov-2028,3634
INV170317,Street cleaning,Spotless Facility Services Pty. Ltd.,0.0m,13/05/2027,3669
INV170318,Open spaces management - region 2,SERCO,82221.28,09 November 2029,3677
INV170319,Building cleaning services,Menzies International (Aust) Pty Ltd (AU),0.2m,05-Jan-2027,3634
INV170320,Tree management maintenance services,Citywide Service Solutions Pty Ltd,,13 March 2029,3678
INV170321,Open spaces management - region 1,CITYWIDE SERVICE SOLUTIONS PTY LTD,$705.71,21/06/2027,3676
INV170322,Open spaces management - region 2,SERCO,"$190,425.56",15/10/2029,3677
INV170323,Building maintenance services,Programmed  Facility  Management  Pty  Ltd,"$47,991.22",26/01/30,3630
INV170324,Building cleaning services,Menzies International (Aust) Pty Ltd,0.1m,08 October 2029,3634
INV170325,Civil infrastructure services,citywide service solutions pty ltd,"$231,108.76",12/07/2029,3665
INV170326,Melbourne Town Hall venue management,Showtime  Event  Group  Pty  Ltd,149415.46,2026-09-21,3670
INV170327,Building maintenance services,Programmed Facility Management Pty Ltd,"$88,044.76",14 June 2026,3630
INV170328,Waste management services,CleanawayWasteManagementLimited,190266.46,26/07/2027,3556
INV170329,Street cleaning,SpotlessFacilityServicesPtyLtd,21183.62 AUD,10 June 2029,3669
INV170330,Open spaces management - region 2,StRCO,17460.34 AUD,08-Jul-2025,3677
INV170331,Management of Active Melbourne recreation facilities,Victorian YMCA Community Programming Pty Ltd,170338.33,30 August 2027,3615
INV170332,Integrated security services,national protective services pty ltd,0.0m,2027-08-15,3686
INV170333,Building maintenance services,Programmed,207053.54 AUD,12/10/2028,3630
INV170334,Parking technology services,Reino Int’l Pty Ltd T/A Duncan Solutions,138899.78,07-Dec-2028,3623
INV170335,Tree management maintenance services,Citywide Service Solutions Pty Ltd,"$205,582.07",28/09/21,3678
INV170336,Waste management services,Cleanaway Waste Management LTD,0.1m,28/09/23,3556
INV170337,Melbourne Town Hall venue management,Showtime Event Group Pty Ltd,206678.76,2028-10-28,3670
INV170338,Tree management maintenance services,Citywide Service Solutions Pty. Ltd.,"$76,357.8",16-Mar-2029,3678
INV170339,Vehicle tow away and impound services,nationwide towing services,168899.89 AUD,27/02/10,3585
INV170340,Building cleaning services,Menzies International (Aust) Pty. Ltd.,206490.25 AUD,2028-05-22, 
INV170341,Waste management services,Cleanaway Waste Management Limited,0.2m,,3556
INV170342,Parking technology services,ReinoInternationalPtyLtdT/ADuncanSolutions,74637.28,19 April 2027,3623
INV170343,Graffiti management and pressure cleaning services,CalcorpServicesPtyLtd,"$7,053.36",2028-04-13,3668
INV170344,Building cleaning services,MenziesInternational(Aust)PtyLtd,"$210,411.29",01-Jan-2026,3634
INV170345,Open spaces management - region 2,SERCO (AUS),42099.54 AUD,06-Mar-2028,3677
INV170346,Melbourne Town Hall venue management,showtime event group pty ltd,84738.66,24 February 2026,3670
INV170347,Open spaces management - region 1,Citywide Service Solutions Pty Ltd (AU),33364.21,2029-08-01,3676
INV170348,Civil infrastructure services,Citywide Service Solutions Pty Ltd,44894.6,02 September 2029,3665
INV170349,Melbourne Town Hall venue management,Showtime Event Group Pty Ltd,0.1m,18 September 2028,3670
INV170350,Parking technology services,Citywide Service Solutions P/L,176899.93,26/01/26,3676
INV170351,Civil infrastructure services,Citywide Service Solutions Pty Ltd,62644.59,,3665
INV170352,Waste management services,Cleanaway Waste Management LTD,50671.36,2028-10-02,3556
INV170353,Graffiti management and pressure cleaning services,Calcorp  Services  Pty  Ltd,167867.19,29/07/05,3668
INV170354,Open spaces management - region 1,Citywide Service Solutions P/L,70522.73 AUD,11/06/2028,3676
INV170355,Street cleaning,Spotlesb Facility Services Pty Ltd,0.0m,04-Apr-2027,3669
INV170356,Open spaces management - region 1,CitywideServiceSolutionsPtyLtd,111728.98,2025-03-08,3676
INV170357,Tree management maintenance services,Citywide Service Solutionl Pty Ltd,0.2m,11/01/2026,3678
INV170358,Civil infrastructure services,Citywide Service Solutions Pty Ltn,230536.97 AUD,07/12/2025,3665
INV170359,Waste management services,Cleanaway  Waste  Management  Limited,0.2m,20/03/2027,3556
INV170360,Melbourne Town Hall venue management,Showtime Event Group Pty Ltd (AU),129811.05,10/12/2027,3670
INV170361,Building cleaning services,Menzies International (Aust) Pty. Ltd.,0.2m,26/08/30,3634
INV170362,Parking technology services,REINO INTERNATIONAL PTY LTD T/A DUNCAN SOLUTIONS,40311.85 AUD,01/01/2027,3623
INV170363,Melbourne Town Hall venue management,ShowtimeEventGroupPtyLtd,"$18,725.15",16-Oct-2027,3670
INV170364,Integrated security services,National Protective Services Pty. Ltd.,173171.69,20/05/2026,3686
INV170365,Building maintenance services,Programmed Facility,26763.68,,3630
INV170366,Tree management maintenance services,Citywide Service Solutions P/L,48518.62 AUD,26/08/13,3678
INV170367,Open spaces management - region 1,Citywide  Service  Solutions  Pty  Ltd,0.2m,2027-04-02,3676
INV170368,Graffiti management and pressure cleaning services,Calcorp,218539.34,17/08/2026,3668
INV170369,Vehicle tow away and impound services,VictorianYMCACommunityProgrammingPtyLtd,130946.48,30 March 2026,3615
INV170370,Parking technology services,Reino International Pty Ltd T/A Duncan Solutions,0.2m,19-May-2026,3623
INV170371,Building maintenance services,Programmed Facility Mgmt Pty Ltd,10350.26 AUD,09/06/2027,3630
INV170372,Melbourne Town Hall venue management,Showtime Event Gaoup Pty Ltd,222280.69,2029-12-28,3670
INV170373,Tree management maintenance services,Citywide Service Solutions Pty. Ltd.,196142.36,27/07/12,3678
INV170374,Open spaces management - region 1,Citywide  Service  Solutions  Pty  Ltd,64307.92 AUD,19/09/2029,3676
INV170375,Civil infrastructure services,Citywide Service Solutions Pty. Ltd.,157536.67,04 December 2026, 
INV170376,Integrated security services,National Proiective Services Pty Ltd,97002.53 AUD,05/04/2029,3686
INV170377,Vehicle tow away and impound services,Nationwide,44957.53,16/11/2026,3585
INV170378,Tree management maintenance services,Citywide Service Solutions Pty Ltd (AU),117430.56,18/04/2026,3678
INV170379,Tree management maintenance services,Citywide Service Solutions Pty Ltd (AU),67597.26,27/01/31,3678
INV170380,Building cleaning services,Menzies International (Aust) Pty Ltd,"$227,007.54",03/11/2027,3634
INV170381,Integrated security services,National  Protective  Services  Pty  Ltd,242532.0,28/07/2026,3686
INV170382,Open spaces management - region 2,SERCO,0.1m,05/01/2027, 
INV170383,Civil infrastructure services,Citywide,212984.16,24/12/2029,3665
INV170384,Building maintenance services,Programmed Facility Mgmt Pty Ltd,147584.95,09/11/2028,3630
INV170385,Tree management maintenance services,Citywide  Service  Solutions  Pty  Ltd,142935.75 AUD,11/10/2025,3678
INV170386,Building cleaning services,Menzies International (Aust) Pty. Ltd.,100042.13 AUD,21 July 2026,3634
INV170387,Vehicle tow away and impound services,Nationwide To,15747.57,27/02/14,3585
INV170388,Management of Active Melbourne recreation facilities,Victorian YMCA Community Programming Pty Ltd,80458.47 AUD,10/03/2027,3615
INV170389,Building cleaning services,Menzies Internatioial (Aust) Pty Ltd,136433.4 AUD,2026-04-03, 
INV170390,Building cleaning services,Menzies  International  (Aust)  Pty  Ltd,28071.1,18 April 2029, 
INV170391,Open spaces management - region 2,SERCO (AUS),92360.37 AUD,13/03/2029,3677
INV170392,Melbourne Town Hall venue management,ShowtimeEventGroupPtyLtd,0.1m,20/12/2027,3670
INV170393,Tree management maintenance services,CITYWIDE SERVICE SOLUTIONS PTY LTD,"$136,722.87",2028-11-30,3678
INV170394,Open spaces management - region 2,SERCO,"$5,401.1",09-Feb-2026,3677
INV170395,Graffiti management and pressure cleaning services,Calcorp Services Pty Ltd (AU),"$133,820.85",14-Jan-2028,3668
INV170396,Integrated security services,NationalProtectiveServicesPtyLtd,"$194,143.32",25-Oct-2027,3686
INV170397,Graffiti management and pressure cleaning services,Calcorp Services Pty. Ltd.,220162.78,25/03/11,3668
INV170398,Graffiti management and pressure cleaning services,CalcorpServicesPtyLtd,70646.4,24-Jun-2028,3668
INV170399,Vehicle tow away and impound services,NationwideTowingServices,"$178,748.28",08/06/2027,3585
INV170400,Waste management services,Cleanaway Waste Management Limited (AUS),"$142,879.41",25/12/12,3556
INV170401,Open spaces management - region 2,SERCO (AUS),72703.4,25/01/26,3677
INV170402,Waste management services,Cleanaway Waste Managhment Limited,"$152,141.55",04/01/2025,3556
INV170403,Building maintenance services,ProgrammedFacilityManagementPtyLtd,"$118,600.93",2026-03-01,3630
INV170404,Waste management services,cleanaway waste management limited,77160.9 AUD,19 March 2025,3556
INV170405,Building maintenance services,Programmed Facility Management Pty. Ltd.,175601.94,28/06/27,3630
INV170406,Open spaces management - region 2,SERCO (AUS),236587.21 AUD,25-Mar-2028,3677
INV170407,Building maintenance services,Programmed Facility Management Pty Ltd,119731.01 AUD,17 August 2029,3630
INV170408,Building cleaning services,Menzies  International  (Aust)  Pty  Ltd,"$89,505.98",01/02/2026,3634
INV170409,Street cleaning,Spotless Facility Services Pty Ltd (AU),176922.69 AUD,2027-12-05,3669
INV170410,Graffiti management and pressure cleaning services,Calcorp Services Pty Ltd,156901.37,08/10/2028, 
INV170411,Melbourne Town Hall venue management,Showtime Event Group Pty Ltd (AU),239320.55,2027-06-17,3670
INV170412,Building maintenance services,Programmed Facility Mgmt Pty Ltd,"$76,803.11",01/04/2028,3630
INV170413,Building cleaning services,MenziesInternational(Aust)PtyLtd,151302.51,2026-02-06,3634
INV170414,Graffiti management and pressure cleaning services,Calcorp Services Pty Ltd,123889.94 AUD,05/10/2029,3668
INV170415,Graffiti management and pressure cleaning services,CalcorpServicesPtyLtd,"$50,897.06",10 January 2027,3668
INV170416,Melbourne Town Hall venue management,Showtime Event Group Pty Ltd (AU),0.1m,27/05/31,3670
INV170417,Tree management maintenance services,Citywide Service Solutions Pty. Ltd.,118653.49 AUD,13/05/2027,3678
INV170418,Parking technology services,reino international pty ltd t/a duncan solutions,"$7,888.4",18/02/2028,3623
INV170419,Management of Active Melbourne recreation facilities,Victorian YMCA Community Programming Pty Ltd (AU),54029.07,11/02/2027,3615
INV170420,Open spaces management - region 1,Citywide Service Solutions Pty Ltd,247644.23,10 January 2028,3676
INV170421,Building cleaning services,Menzies International (Aust) Pty Ltd,0.0m,29/08/01,3634
INV170422,Melbourne Town Hall venue management,showtime event group pty ltd,91328.59,21 February 2028,3670
INV170423,Parking technology services,ReinoInternationalPtyLtdT/ADuncanSolutions,229998.02,14 April 2027,3623
INV170424,Graffiti management and pressure cleaning services,Calcorp Services Pty Ltd,27581.3,04/05/2029,3668
INV170425,Civil infrastructure services,CitywideServiceSolutionsPtyLtd,186911.96,20/10/2029,3665
INV170426,Management of Active Melbourne recreation facilities,Victorian YMCA Community Programming Pty Ltd (AUS),61678.01 AUD,16/08/2028,3615
INV170427,Melbourne Town Hall venue management,Showtime Event Group Pty Ltd (AU),0.0m,12/10/2026,3670
INV170428,Vehicle tow away and impound services,Nationwide To,"$168,495.37",2028-11-06,3585
INV170429,Vehicle tow away and impound services,NATIONWIDE TOWING SERVICES,125566.13,26/07/23,3585
INV170430,Graffiti management and pressure cleaning services,Calcorp Serjices Pty Ltd,38221.53,06 January 2025,3668
INV170431,Vehicle tow away and impound services,Nationwide Towing Services (AUS),0.2m,25/07/2029,3585
INV170432,Melbourne Town Hall venue management,Showtime  Event  Group  Pty  Ltd,0.0m,25 July 2029,3670
INV170433,Civil infrastructure services,Citywide,0.0m,29/01/08,3665
INV170434,Building maintenance services,Programmed Facility Management Pty Ltd,"$247,465.63",12 June 2025,3630
INV170435,Melbourne Town Hall venue management,Showtime Event Group Pty Ltd (AU),"$122,831.42",18/01/2029,3670
INV170436,Parking technology services,Reino International Pty Ltd T/A Dukcan Solutions,121775.08 AUD,2026-11-04,3623
INV170437,Management of Active Melbourne recreation facilities,Victorian YMCA Communi,223324.99,06/04/2027,3615
INV170438,Tree management maintenance services,CitywideServiceSolutionsPtyLtd,"$87,291.9",13/10/2028,3678
INV170439,Waste management services,Cleanaway Waste Management LTD,0.1m,07/01/2028,3556
INV170440,Management of Active Melbourne recreation facilities,Victorian  YMCA  Community  Programming  Pty  Ltd,221486.87 AUD,27/03/20,3615
INV170441,Street cleaning,Spotless Facility Services P/L,"$177,758.43",03/04/2026,3669
INV170442,Melbourne Town Hall venue management,Showtime Event Group Pty Ltd (AUS),0.2m,11 April 2025, 
INV170443,Open spaces management - region 2,SERCO,79195.69,12-Oct-2028,3677
INV170444,Melbourne Town Hall venue management,Showtime Event Group Pty Ltd (AU),213766.62,02/01/2029,3670
INV170445,Building maintenance services,PROGRAMMED FACILITY MANAGEMENT PTY LTD,0.2m,26/01/30,3630
INV170446,Building cleaning services,Menzies International (Aust) Pty. Ltd.,25205.79,26/08/12,3634
INV170447,Building cleaning services,Menzies International (Aust) Pty Ltd,117298.34,02 February 2025,3634
INV170448,Street cleaning,Spotless Facility Services Pty Ltd,5140.24,2026-02-19,3669
INV170449,Integrated security services,National Protective Services Pty Ltd,"$181,719.52",27/09/2026,3686
INV170450,Open spaces management - region 2,SERCO (AUS),"$228,714.6",04-Feb-2028,3677
INV170451,Graffiti management and pressure cleaning services,CALCORP SERVICES PTY LTD,"$63,679.83",04/09/2027,3668
INV170452,Street cleaning,Spotless Facility Services Pty. Ltd.,81035.25,2029-05-29,3669
INV170453,Parking technology services,REINO INTERNATIONAL PTY LTD T/A DUNCAN SOLUTIONS,"$224,849.3",2028-03-08,3623
INV170454,Graffiti management and pressure cleaning services,Calcorp Services Pty Ltd (AU),90087.86 AUD,24 April 2029,3668
INV170455,Building maintenance services,Programmed Facility Mgmt Pty Ltd,163868.57,29/03/2028,3630
INV170456,Waste management services,Cleanaway Waste Management Limited,11100.51 AUD,2026-03-15,3556
INV170457,Building maintenance services,Programmed,"$55,267.55",26/05/23,3630
INV170458,Graffiti management and pressure cleaning services,Calcorp Services Pty. Ltd.,202957.67,2027-01-14,3668
INV170459,Melbourne Town Hall venue management,Showtime Event Group Pty Ltd (AU),0.1m,27/11/01,3670
INV170460,Integrated security services,National  Protective  Services  Pty  Ltd,0.2m,23/08/2029,3686
INV170461,Open spaces management - region 1,CITYWIDE SERVICE SOLUTIONS PTY LTD,125102.95,2029-04-23,3676
INV170462,Integrated security services,National Protectiv,0.2m,30 January 2027,3686
INV170463,Management of Active Melbourne recreation facilities,Victorian YMCA Community Programming Pty Ltd (AU),4383.6,2026-10-15,3615
INV170464,Street cleaning,Spotless Facility Services Pty Ltd (AU),0.0m,28/06/12,3669
INV170465,Integrated security services,National Protective Services Pty Ltd,176170.16 AUD,25/09/08,3686
INV170466,Graffiti management and pressure cleaning services,calcorp services pty ltd,247557.22 AUD,28/10/22,3668
INV170467,Street cleaning,Spotless Facility Services Pty Ltd,246183.76 AUD,03/02/2026,3669
INV170468,Open spaces management - region 1,Citywide Service Solutions Pty Ltd (AUS),24510.84,24/12/2027,3676
INV170469,Parking technology services,Reino International Pty Ltd T/A Duncan Solutions,0.2m,12 January 2026,3623
INV170470,Building maintenance services,Programmed Facility Management Pty Ltd (AUS),227981.4 AUD,27/10/11,3630
INV170471,Management of Active Melbourne recreation facilities,Victorian YMCA Community Programming Pty Ltd,0.2m,09-Sep-2028,3615
INV170472,Building cleaning services,Menzies  International  (Aust)  Pty  Ltd,"$188,559.63",08/02/2026,3634
INV170473,Civil infrastructure services,Citywide Service Solutions Pty Ltd,0.0m,22/07/2025,3665
INV170474,Integrated security services,NATIONAL PROTECTIVE SERVICES PTY LTD,5735.85 AUD,03/08/2029,3686
INV170475,Building cleaning services,Menzies International (Aust) Pty Ltd,0.1m,21-Feb-2029,3634
INV170476,Tree management maintenance services,Citywide Service Solutions Pty. Ltd.,65790.97,29-Nov-2026,3678
INV170477,Management of Active Melbourne recreation facilities,Victorian YMCA Community Programming Pty Ltd,148172.93 AUD,14 February 2026,3615
INV170478,Parking technology services,Reino International Pty Ltd T/A Duncan Solutions (AUS),0.2m,27/01/09,3623
INV170479,Melbourne Town Hall venue management,Showtime Event Group Pty Ltd (AU),0.2m,03/05/2027,3670
INV170480,Building cleaning services,Menzies Intl (Aust) Pty Ltd,39739.52,2026-10-28,3634
INV170481,Open spaces management - region 2,serco,86889.72,17 January 2026,3677
INV170482,Street cleaning,spotless facility services pty ltd,"$198,170.74",07-Dec-2028,3669
INV170483,Tree management maintenance services,Citywide  Service  Solutions  Pty  Ltd,0.2m,25/04/2029,3678
INV170484,Integrated security services,National Protective Services P/L,41939.01,25/03/15,3686
INV170485,Open spaces management - region 1,Citywide Service Solutions P/L,0.0m,07-Jun-2026,3676
INV170486,Street cleaning,Spotless Facility,191202.03,07 November 2025,3669
INV170487,Integrated security services,National Protective Services Pty Ltd,5809.7,20/04/2025,3686
INV170488,Integrated security services,National Protective Services Pty Ltd (AU),0.2m,2026-11-23,3686
INV170489,Melbourne Town Hall venue management,Showtime Event Group Pty Ltd,75597.59,13-Nov-2029,3670
INV170490,Melbourne Town Hall venue management,Showtime Event Group P/L,129548.86,2028-10-15,3670
INV170491,Civil infrastructure services,Citywide Service Solutions Pty Ltd,237682.25,25/03/28,3665
INV170492,Tree management maintenance services,Citywide Service Solutions Pty Ltd,"$58,534.73",18/05/2026,3678
INV170493,Building maintenance services,Programmed Facility Management Pty Ltd (AUS),31876.14,27/12/2028,3630
INV170494,Open spaces management - region 1,Citywide Service Solutions Pty Ltd,205486.32,04/10/2029,3676
INV170495,Graffiti management and pressure cleaning services,Calcorp,100151.07,02-Aug-2028,3668
INV170496,Integrated security services,National Protective Services Pty. Ltd.,130617.14,26/09/2025,3686
INV170497,Open spaces management - region 2,SERCO,164536.37,09/08/2027,3677
INV170498,Open spaces management - region 2,SERCO (AUS),69571.61 AUD,05-Mar-2026,3677
INV170499,Street cleaning,Spotless Facility Services Pty Ltd (AUS),"$12,463.95",14/05/2025,3669
INV170500,Waste management services,Cleanaway  Waste  Management  Limited,119376.94,18-May-2028,3556
INV170501,Open spaces management - region 1,Citywide Service Solutions Pty Ltd,195126.32,30-Dec-2026,3676
INV170502,Management of Active Melbourne recreation facilities,victorian ymca community programming pty ltd,206912.83,14/01/2029, 
INV170503,Melbourne Town Hall venue management,Showtime Event Group Pty Ltd,"$154,685.09",29/01/27, 
INV170504,Integrated security services,Spotless,0.1m,11 July 2028, 
INV170505,Civil infrastructure services,Citywide Service ,"$85,983.19",2026-07-18,3665
INV170506,Waste management services,Cleanaway Waste Management Limited (AUS),88259.83,17-Oct-2029,3556
INV170507,Open spaces management - region 2,SERCO,247682.66,20/07/2026,3677
INV170508,Parking technology services,Reino International Pty ,"$144,372.86",2028-12-31,3623
INV170509,Melbourne Town Hall venue management,showtime event group pty ltd,0.1m,05-Sep-2025,3670
INV170510,Waste management services,Cleanaway Waste Mgmt Limited,0.1m,27-Aug-2027,3556
INV170511,Open spaces management - region 2,SERCO,52695.74 AUD,09/09/2027,3677
INV170512,Street cleaning,Spotless Facility,100560.56,01/02/2025,3669
INV170513,Parking technology services,Reino Int’l Pty Ltd T/A Duncan Solutions,0.1m,08 September 2025,3623
INV170514,Melbourne Town Hall venue management,Showtime Event Group Pty Ltd,156851.02,27-Aug-2028,3670
INV170515,Street cleaning,Spotless Facility Services P/L,0.0m,09 June 2027,3669
INV170516,Vehicle tow away and impound services,Nationwide Towing Services,"$12,067.02",27/09/2027,3585
INV170517,Tree management maintenance services,citywide service solutions pty ltd,58006.85,11-Jan-2027,3678
INV170518,Street cleaning,SPOTLESS FACILITY SERVICES PTY LTD,65409.43,2026-03-13,3669
INV170519,Management of Active Melbourne recreation facilities,Victorian YMCA Communi,0.2m,14/11/2029,3615
INV170520,Civil infrastructure services,Citywide Service Solutions Pty Ltd,"$30,365.32",28-Jul-2028,3665
INV170521,Building maintenance services,Programmed Facility Management Pty Ltd,0.2m,31 December 2025,3630
INV170522,Civil infrastructure services,Citywide  Service  Solutions  Pty  Ltd,0.1m,08/03/2028,3665
INV170523,Parking technology services,Reino Int’l Pty Ltd T/A Duncan Solutions,37848.16,27/01/07,3623
INV170524,Open spaces management - region 1,Citywide Service Solutions Pty Ltd,27394.74,16/08/2029,3676
INV170525,Management of Active Melbourne recreation facilities,Victorian YMCA Community Programming Pty. Ltd.,0.0m,29-Apr-2027,3615
INV170526,Building maintenance services,Programmed Facility Management Pty Ltd (AU),"$113,031.86",26 August 2029,3630
INV170527,Melbourne Town Hall venue management,Showtime,128432.49,28/09/20,3670
INV170528,Waste management services,Cleanaway Waste Management Ltd,207787.45,06-Aug-2027,3556
INV170529,Parking technology services,Reino International Pty Ltd T/A Duncan Solutions,118027.42,25/11/03,3623
INV170530,Graffiti management and pressure cleaning services,Reino International Pty. Ltd. T/A Duncan Solutions,45904.03 AUD,24/04/2025,3623
INV170531,Tree management maintenance services,Citywide Service ,102007.86,03-Jul-2027,3678
INV170532,Building cleaning services,Menzies  International  (Aust)  Pty  Ltd,228523.09,18/10/2029,3634
INV170533,Waste management services,Cleanaway Waste Management Limited (AUS),"$96,060.26",25/01/06, 
INV170534,Management of Active Melbourne recreation facilities,Victorian YMCA Community Programming Pty Ltd,209516.54,2025-03-05,3615
INV170535,Management of Active Melbourne recreation facilities,Voctorian YMCA Community Programming Pty Ltd,97063.01,06/05/2027,3615
INV170536,Management of Active Melbourne recreation facilities,Victorian YMCA Community Programming Pty Ltd (AU),"$97,274.53",29/02/20,3615
INV170537,Melbourne Town Hall venue management,Showtime Evenh Group Pty Ltd,"$205,200.92",25/09/05,3670
INV170538,Building maintenance services,ProgrammedFacilityManagementPtyLtd,50666.55,27/08/08,3630
INV170539,Parking technology services,REINO INTERNATIONAL PTY LTD T/A DUNCAN SOLUTIONS,193673.19,04-Apr-2025,3623
INV170540,Integrated security services,National Protective Services Pty Ltd (AUS),"$99,936.08",05 July 2027,3686
INV170541,Melbourne Town Hall venue management,Showtime Event Group Pty Ltd,27173.83,2026-10-20,3670
INV170542,Building cleaning services,Spotless Facility Services Pty Ltd (AUS),"$148,330.63",18/01/2028,3669
INV170543,Open spaces management - region 1,Citywide Service ,203378.31 AUD,2027-03-27,3676
INV170544,Waste management services,CLEANAWAY WASTE MANAGEMENT LIMITED,15848.1,25 October 2027,3556
INV170545,Parking technology services,reino international pty ltd t/a duncan solutions,"$224,148.78",2025-09-19,3623
INV170546,Street cleaning,Spotless Facility Services Pty Ltd (AU),63016.08 AUD,14/09/2026,3669
INV170547,Integrated security services,National Protective Services Pty Ltd (AUS),140127.84 AUD,10-Jan-2028,3686
INV170548,Vehicle tow away and impound services,citywide service solutions pty ltd,97398.71,10-Jul-2028,3665
INV170549,Melbourne Town Hall venue management,NATIONAL PROTECTIVE SERVICES PTY LTD,155946.51,22/06/2025,3686
INV170550,Open spaces management - region 1,Citywide,228147.26,2025-11-03,3676
INV170551,Street cleaning,Spotless Facility Services Pty Ltd,0.2m,28 August 2028,3669
INV170552,Civil infrastructure services,Citywide Service Solutions Pty Ltd,163351.67 AUD,19/08/2027,3665
INV170553,Building maintenance services,Programmed Facility Management Pty. Ltd.,"$58,989.28",12-Sep-2029,3630
INV170554,Open spaces management - region 2,SERCO,0.1m,2025-08-21,3677
INV170555,Management of Active Melbourne recreation facilities,Victorian YMCA Community Programming Pty. Ltd.,63374.2,2028-11-28,3615
INV170556,Waste management services,Cleanaway Waste Management Limited,"$51,140.75",25/07/2027,3556
INV170557,Graffiti management and pressure cleaning services,Calcorp Services Pty Ltd,143055.51,2026-10-07,3668
INV170558,Open spaces management - region 2,Serco,"$152,308.33",26/10/09,3677
INV170559,Management of Active Melbourne recreation facilities,Victorian Ymca Community Programming Pty Ltd,0.1m,27/12/2029,3615
INV170560,Tree management maintenance services,Citywide Service Solutions Pty. Ltd.,0.1m,17 July 2025,3678
INV170561,Civil infrastructure services,Citywide,"$157,139.25",04-Jun-2025,3665
INV170562,Building maintenance services,Programmed Facility Management Pty Ltd,"$211,215.35",2029-08-23,3630
INV170563,Graffiti management and pressure cleaning services,Calcorp Services Pty Ltd (AU),188412.36,2029-05-06,3668
INV170564,Management of Active Melbourne recreation facilities,VictorianYMCACommunityProgrammingPtyLtd,0.2m,28/10/21,3615
INV170565,Vehicle tow away and impound services,Nationwide  Towing  Services,142292.12,01/04/2026,3585
INV170566,Melbourne Town Hall venue management,Showtime Event Group Pty Ltd,56552.79,2025-06-30,3670
INV170567,Melbourne Town Hall venue management,Showtime,10579.29 AUD,29/11/04,3670
INV170568,Graffiti management and pressure cleaning services,Calcorp Services Pty Ltd (AUS),158241.37,15-Feb-2028,3668
INV170569,Open spaces management - region 2,SERCO,"$49,414.99",09/10/2029,3677
INV170570,Street cleaning,Spotless Facility Services Pty Ltd,44857.66,12/12/2028,3669
INV170571,Civil infrastructure services,Citywide Service Solutions Pty Ltd,"$108,180.95",18-Oct-2025,3665
INV170572,Graffiti management and pressure cleaning services,Calcorp Services Pty. Ltd.,136303.64,2025-08-09,3668
INV170573,Building maintenance services,Programmed Facility Mgmt Pty Ltd,"$7,639.22",10 July 2027,3630
INV170574,Graffiti management and pressure cleaning services,Calcorp Services Ptp Ltd,237022.59 AUD,28-Jun-2028,3668
INV170575,Vehicle tow away and impound services,Nationwide Towing Services,119647.91,26/04/28,3585
INV170576,Open spaces management - region 1,Citywide Service Solutions Pty Ltd (AUS),86973.74 AUD,2026-11-28,3676
INV170577,Open spaces management - region 2,SERCO (AU),151257.79,11-Jun-2028,3677
INV170578,Civil infrastructure services,Citywide Service ,140175.32,18-Nov-2025,3665
INV170579,Vehicle tow away and impound services,Calcorp Services Pty Ltd,0.1m,03-Oct-2029,3668
INV170580,Open spaces management - region 1,Citywide Service Solutions Pty Ltd,18106.97,28/11/01, 
INV170581,Building cleaning services,Menzies International (Aust) Pty Ltd (AUS),0.2m,2027-02-19,3634
INV170582,Management of Active Melbourne recreation facilities,victorian ymca community programming pty ltd,122373.33,15-Jul-2025,3615
INV170583,Civil infrastructure services,Citywide,127501.93 AUD,2026-07-22,3665
INV170584,Vehicle tow away and impound services,Nationwide To,0.2m,2026-07-11,3585
INV170585,Integrated security services,National Protective Services Pty Ltd (AU),0.0m,16/12/2026,3686
INV170586,Civil infrastructure services,Citywide Service ,0.0m,29/03/02,3665
INV170587,Tree management maintenance services,Citywide Service Sulutions Pty Ltd,0.2m,27/05/17,3678
INV170588,Building maintenance services,Programmed Facility,213552.77 AUD,21 November 2027,3630
INV170589,Open spaces management - region 1,citywide service solutions pty ltd,"$237,270.82",06/05/2029,3676
INV170590,Civil infrastructure services,Citywide Service Solutions Pty Ltd (AUS),128875.79 AUD,02/01/2029,3665
INV170591,Melbourne Town Hall venue management,Showtime  Event  Group  Pty  Ltd,241255.3 AUD,2027-02-13,3670
INV170592,Parking technology services,Reino International PtyyLtd T/A Duncan Solutions,96006.03,16-Sep-2028,3623
INV170593,Vehicle tow away and impound services,Nationwide Towing Services,"$166,575.78",13/03/2025,3585
INV170594,Integrated security services,National Protective Services Pty Ltd,0.1m,2027-04-10,3686
INV170595,Building maintenance services,Programmed Facility Management Pty. Ltd.,137866.23,29/11/29,3630
INV170596,Graffiti management and pressure cleaning services,Calcorp Services Pty Ltd,"$16,097.92",28/09/10,3668
INV170597,Street cleaning,Spotless Facility Services Pty Ltd (AU),0.2m,21 March 2029,3669
INV170598,Building maintenance services,Programmed Facility Management Pty Ltd,0.2m,25/05/17,3630
INV170599,Building cleaning services,Menzies,0.1m,2029-11-24,3634
INV170600,Waste management services,Cleanaway Waste Management Limited,"$140,397.85",05 May 2028,3556
INV170601,Waste management services,Cleanaway,"$106,988.04",13 July 2025,3556
INV170602,Waste management services,Cleanaway Waste Management Limited (AUS),44217.32,2028-10-01,3556
INV170603,Parking technology services,Reino,9549.41,17/09/2026,3623
INV170604,Integrated security services,national protective services pty ltd,217550.97,2028-11-07,3686
INV170605,Street cleaning,Spotless Facility Services Pty. Ltd.,79150.92,13/05/2028,3669
INV170606,Street cleaning,SPOTLESS FACILITY SERVICES PTY LTD,32173.01,09/11/2025,3669
INV170607,Open spaces management - region 1,citywide service solutions pty ltd,0.2m,25-Jun-2025,3678
INV170608,Waste management services,Cleanaway Waste Mgmt Limited,189991.76 AUD,07-Feb-2028, 
INV170609,Street cleaning,Spotless Facility Services P/L,208779.85,02-Feb-2025,3669
INV170610,Street cleaning,Spotless Facility Services Pty Ltd,0.2m,26/05/27,3669
INV170611,Open spaces management - region 1,Citywide Service Solutions Pty Ltd (AUS),"$212,591.29",21-Dec-2028,3676
INV170612,Vehicle tow away and impound services,Nationwide Towing Services,0.2m,02-Apr-2026,3585
INV170613,Open spaces management - region 2,SERCO,118538.51,2029-07-17,3677
INV170614,Integrated security services,NATIONAL PROTECTIVE SERVICES PTY LTD,152594.77,11/08/2025,3686
INV170615,Melbourne Town Hall venue management,SHOWTIME EVENT GROUP PTY LTD,0.1m,12-Jun-2029,3670
INV170616,Parking technology services,Reino International Pty Ltd T/A Duncan Solutions,196994.96 AUD,25/12/01,3623
INV170617,Graffiti management and pressure cleaning services,calcorp services pty ltd,"$125,751.57",26/02/23, 
INV170618,Civil infrastructure services,Citywide Service Solutions P/L,125032.51,12-May-2026,3665
INV170619,Waste management services,Cleanaway Waste Management Limited (AUS),11930.77 AUD,25/04/04,3556
INV170620,Open spaces management - region 1,Citywide Service Solutions P/L,0.0m,29/02/18,3676
INV170621,Tree management maintenance services,Citywide,55205.24,2028-11-29,3678
INV170622,Parking technology services,Reino International Pty Ltd T/A Duncan Solutions (AUS),161249.07,14-Apr-2029,3623
INV170623,Parking technology services,Reino International Pty Ltd T/A Duncan colutions,0.0m,11/02/2028,3623
INV170624,Vehicle tow away and impound services,citywide service solutions pty ltd,217889.46 AUD,16/07/2027,3676
INV170625,Civil infrastructure services,Citywide Service Solutions P/L,213404.81,23/01/2025,3665
INV170626,Parking technology services,Reino International Pty Ltd T/A Duncan Solutions,75932.75 AUD,2027-10-23,3623
INV170627,Tree management maintenance services,Citywide  Service  Solutions  Pty  Ltd,0.2m,2029-07-05,3678
INV170628,Open spaces management - region 1,Reino  International  Pty  Ltd  T/A  Duncan  Solutions,"$138,832.11",21 April 2026,3623
INV170629,Vehicle tow away and impound services,nationwide towing services,154905.98 AUD,29/04/29,3585
INV170630,Tree management maintenance services,Citywibe Service Solutions Pty Ltd,"$112,906.81",2029-12-24,3678
INV170631,Integrated security services,National  Protective  Services  Pty  Ltd,52903.67,01 November 2025,3686
INV170632,Management of Active Melbourne recreation facilities,Victorian YMCA Community Programming P/L,166047.01 AUD,2026-05-31,3615
INV170633,Management of Active Melbourne recreation facilities,Victorian YMCA Comqunity Programming Pty Ltd,0.0m,16-Feb-2026,3615
INV170634,Melbourne Town Hall venue management,Showtime Event Group Pty Ltd,222658.35 AUD,07-Dec-2028,3670
INV170635,Vehicle tow away and impound services,nationwide towing services,0.1m,25/09/25,3585
INV170636,Building cleaning services,Menzies Intl (Aust) Pty Ltd,0.0m,27 January 2029, 
INV170637,Management of Active Melbourne recreation facilities,Victorian YMCA Cimmunity Programming Pty Ltd,"$71,089.59",29/10/25,3615
INV170638,Open spaces management - region 1,Citywide Service Solutions P/L,122689.14,04/02/2026,3676
INV170639,Building cleaning services,Menzies International (Aust) Pty Ltd,16852.53,18/07/2026,3634
INV170640,Tree management maintenance services,Citywide,244689.18 AUD,30-May-2027,3678
INV170641,Civil infrastructure services,Citywide  Service  Solutions  Pty  Ltd,212863.88,2026-08-25,3665
INV170642,Integrated security services,National,145947.85,26/12/10,3686
INV170643,Building maintenance services,Programmed Facility Management Pty. Ltd.,234735.12,2027-01-19,3630
INV170644,Building cleaning services,Menzies,8093.55 AUD,09/07/2029, 
INV170645,Management of Active Melbourne recreation facilities,Victorian YMCA Comfunity Programming Pty Ltd,210011.4 AUD,17/11/2025,3615
INV170646,Building cleaning services,Menzies  International  (Aust)  Pty  Ltd,222815.71 AUD,09-Jan-2026,3634
INV170647,Open spaces management - region 1,CitywideServiceSolutionsPtyLtd,100568.94,01/03/2029,3676
INV170648,Open spaces management - region 1,Citywide Service Solutions Pty Ltd (AU),0.2m,29 October 2026,3676
INV170649,Parking technology services,showtime event group pty ltd,$909.39,24/12/2028,3670
INV170650,Open spaces management - region 2,Serco,"$110,032.37",,3677
INV170651,Open spaces management - region 2,SERCO,"$8,991.98",28/04/12,3677
INV170652,Open spaces management - region 1,Citywide Service Solutions Pty. Ltd.,81831.34,13/10/2028,3676
INV170653,Waste management services,Cleanaway Waste Management Limited,"$126,137.38",14 April 2029,3556
INV170654,Open spaces management - region 1,CITYWIDE SERVICE SOLUTIONS PTY LTD,"$224,537.11",24 January 2025,3676
INV170655,Parking technology services,NATIONWIDE TOWING SERVICES,243503.44,10 November 2028,3585
INV170656,Vehicle tow away and impound services,NationwideTowingServices,"$132,959.69",08/09/2029,3585
INV170657,Integrated security services,National  Protective  Services  Pty  Ltd,152043.19 AUD,25/07/19,3686
INV170658,Street cleaning,Spotless Facility Services Pty Ltd (AUS),960.54,03/11/2028,3669
INV170659,Integrated security services,National Protective Services Pty Ltd,240228.44,23 September 2025,3686
INV170660,Vehicle tow away and impound services,NationwideTowingServices,0.0m,14/05/2027,3585
INV170661,Building maintenance services,Programmed Facilmty Management Pty Ltd,0.1m,2028-10-08,3630
INV170662,Building maintenance services,Programmed Facility Mgmt Pty Ltd,137363.35 AUD,28/03/22,3630
INV170663,Open spaces management - region 2,SERCO (AU),172215.0 AUD,14/07/2027,3677
INV170664,Management of Active Melbourne recreation facilities,Victorian YMCA Community Programming Pty Ltd,"$45,953.61",25/01/13,3615
INV170665,Street cleaning,Spotless Facility Services Pty Ltd,77574.98,29/02/18,3669
INV170666,Tree management maintenance services,Citywide Service Solutions Pty Ltd,0.1m,04-Sep-2026,3678
INV170667,Building maintenance services,programmed facility management pty ltd,7969.26 AUD,2027-08-15,3630
INV170668,Open spaces management - region 1,Citywide Service Solutions Pty. Ltd.,0.1m,19-Nov-2029,3676
INV170669,Tree management maintenance services,Citywide Service Solutions Pty Ltd (AUS),52013.63,19 November 2025,3678
INV170670,Civil infrastructure services,Citywide Service Solutions Pty Ltd,48314.28,26/10/2026,3665
INV170671,Street cleaning,Spotless Facility Services Pty Ltd (AUS),78947.4,26/10/08,3669
INV170672,Melbourne Town Hall venue management,Showtime Event Group Pty Ltd,0.0m,03/02/2027,3670
INV170673,Parking technology services,Reino International Pty ,"$10,790.34",21 May 2028,3623
INV170674,Building cleaning services,Menzies International (Aust) Pty Ltd (AU),28241.44,08-Dec-2028,3634
INV170675,Open spaces management - region 2,Serco,232061.36,28/01/03,3677
INV170676,Building maintenance services,Programmed Facility Mgmt Pty Ltd,"$139,296.2",24/08/2027,3630
INV170677,Building maintenance services,PROGRAMMED FACILITY MANAGEMENT PTY LTD,190364.44 AUD,08-Dec-2026,3630
INV170678,Melbourne Town Hall venue management,Showtime Event Group Pty Ltd (AUS),26693.13 AUD,08/01/2029,3670
INV170679,Open spaces management - region 2,SERCs,0.2m,11/07/2028,3677
INV170680,Tree management maintenance services,citywide service solutions pty ltd,247834.43 AUD,10/01/2026,3678
INV170681,Management of Active Melbourne recreation facilities,Victorian,6930.44,26/02/2029,3615
INV170682,Management of Active Melbourne recreation facilities,victorian ymca community programming pty ltd,112891.97,21/10/2029,3615
INV170683,Street cleaning,Spotless Facility Services Pty Ltd (AU),90580.47,26/08/14,3669
INV170684,Open spaces management - region 1,Citywide Service Solutions Pty Ltd,221026.07,2027-10-28,3676
INV170685,Tree management maintenance services,Citywide Service ,141235.96 AUD,18 May 2029,3678
INV170686,Open spaces management - region 2,SERCO (AU),0.0m,11 August 2026, 
INV170687,Management of Active Melbourne recreation facilities,victorian ymca community programming pty ltd,"$114,264.18",14-Feb-2027,3615
INV170688,Street cleaning,SPOTLESS FACILITY SERVICES PTY LTD,218827.83,19/04/2026,3669
INV170689,Open spaces management - region 1,Citywide Servich Solutions Pty Ltd,,05 July 2025,3676
INV170690,Open spaces management - region 2,serco,"$117,736.61",04/01/2026, 
INV170691,Street cleaning,Spotless Facility Services Pty Ltd (AUS),0.2m,03/07/2025,3669
INV170692,Graffiti management and pressure cleaning services,Calcorp Services P/L,208964.59,17 June 2029,3668
INV170693,Parking technology services,Reino International Pty Ltd T/A Duncan Solutions,0.0m,2025-04-12,3623
INV170694,Tree management maintenance services,Citywide Service Solutions Pty Ltd (AU),,2028-05-27,3678
INV170695,Civil infrastructure services,Citywide Service ,106844.46 AUD,18 September 2026,3665
INV170696,Building maintenance services,Programmed Facility Management Pty Ltd (AU),94840.78,07/03/2029,3630
INV170697,Open spaces management - region 2,SEqCO,"$45,834.96",15/01/2029,3677
INV170698,Open spaces management - region 2,SERCO (AU),248307.63,2025-01-04,3677
INV170699,Civil infrastructure services,Citywide Service Solutions Pty Ltd,54977.65 AUD,05 October 2025,3665
INV170700,Parking technology services,Reino Int’l Pty Ltd T/A Duncan Solutions,0.1m,09/10/2027,3623
INV170701,Graffiti management and pressure cleaning services,Calcorp Services Pty Ltd,0.1m,27/05/2025,3668
INV170702,Graffiti management and pressure cleaning services,Calcorp Services Pty Ltd,102097.14,2025-03-22, 
INV170703,Civil infrastructure services,citywide service solutions pty ltd,7272.07 AUD,17/05/2026,3665
INV170704,Melbourne Town Hall venue management,Citywide Service Solutions Pty Ltd (AU),52307.16 AUD,27/10/22,3665
INV170705,Open spaces management - region 2,Serco,233358.84,2028-09-20,3677
INV170706,Integrated security services,National Protective Services Pty Ltd,0.2m,29/02/03,3686
INV170707,Civil infrastructure services,CITYWIDE SERVICE SOLUTIONS PTY LTD,0.1m,2028-10-03,3665
INV170708,Integrated security services,National Protective Services Pty Ltd,0.2m,27/01/14,3686
INV170709,Waste management services,Cleanaway Waste Mgmt Limited,"$99,163.01",01/09/2029,3556
INV170710,Street cleaning,Nationwide  Towing  Services,44403.8 AUD,29 August 2025,3585
INV170711,Management of Active Melbourne recreation facilities,Victorian YMCA Community Programming Pty Ltd (AU),0.1m,29/11/2028,3615
INV170712,Vehicle tow away and impound services,Nationwide TowingsServices,0.2m,21/04/2025,3585
INV170713,Management of Active Melbourne recreation facilities,Victorian Ymca Community Programming Pty Ltd,0.2m,14 February 2028,3615
INV170714,Vehicle tow away and impound services,Nationwide Towing Services,94975.4,27 April 2029,3585
INV170715,Graffiti management and pressure cleaning services,Calcorp Serv,51315.17,08-Jan-2026,3668
INV170716,Street cleaning,SpotlessFacilityServicesPtyLtd,221243.52 AUD,21-Apr-2028,3669
INV170717,Management of Active Melbourne recreation facilities,Victorian YMCA Community Programming Pty Ltd,222563.87,27/05/2026,3615
INV170718,Management of Active Melbourne recreation facilities,Victorian YMCA Community Programming Pty. Ltd.,167953.75 AUD,2028-05-08,3615
INV170719,Melbourne Town Hall venue management,Showtime Event Group Pty Ltd (AUS),63397.58,02 August 2027,3670
INV170720,Management of Active Melbourne recreation facilities,victorian ymca community programming pty ltd,,25/07/2027,3615
INV170721,Open spaces management - region 1,Citywide Seovice Solutions Pty Ltd,0.2m,13/08/2029,3676
INV170722,Civil infrastructure services,citywide service solutions pty ltd,0.2m,07-Feb-2029,3665
INV170723,Open spaces management - region 1,Citywide Service Solutions Pty Ltd,87176.83,04 November 2025,3676
INV170724,Building cleaning services,MENZIES INTERNATIONAL (AUST) PTY LTD,75868.29,12-Dec-2026,3634
INV170725,Melbourne Town Hall venue management,Showtime Event Group P/L,4218.53,14 June 2025,3670
INV170726,Open spaces management - region 2,SERCO,"$139,811.71",27/05/20,3677
INV170727,Building maintenance services,Programmed Facility Management Pty Ltd,238299.05,2026-09-20,3630
INV170728,Graffiti management and pressure cleaning services,Calcorp Services Pcy Ltd,"$202,796.14",2026-02-07,3668
INV170729,Tree management maintenance services,citywide service solutions pty ltd,63424.45,06-Jul-2026,3678
INV170730,Melbourne Town Hall venue management,Showtime Event Group Pty Ltd (AU),147154.32 AUD,2029-06-24,3670
INV170731,Management of Active Melbourne recreation facilities,victorian ymca community programming pty ltd,77422.71,10 December 2026, 
INV170732,Civil infrastructure services,Citywide Service Sulutions Pty Ltd,237203.77 AUD,04/09/2029,3665
INV170733,Civil infrastructure services,Citywide Service Solutions Pty Ltd,174628.89 AUD,03/10/2025,3665
INV170734,Melbourne Town Hall venue management,Showtime Event Group Pty. Ltd.,35192.86,20 September 2028,3670
INV170735,Tree management maintenance services,Citywide Service Solutions Pty. Ltd.,1350.45,2027-05-17,3678
INV170736,Graffiti management and pressure cleaning services,Calcorp Services P/L,0.2m,30/08/2028,3668
INV170737,Melbourne Town Hall venue management,showtime event group pty ltd,210782.79 AUD,11/05/2027,3670
INV170738,Civil infrastructure services,citywide service solutions pty ltd,118283.44 AUD,27/01/18,3665
INV170739,Parking technology services,Reino International Pty Ltd T/A Duncan Solutions,192668.52,13/11/2026,3623
INV170740,Parking technology services,reino international pty ltd t/a duncan solutions,0.0m,2029-02-01,3623
INV170741,Waste management services,Cleanaway Waste Management timited,"$208,700.54",01/06/2026,3556
INV170742,Open spaces management - region 2,oERCO,207521.88 AUD,18/08/2029,3677
INV170743,Integrated security services,National Protective Services Pty. Ltd.,"$80,696.14",23-Oct-2028,3686
INV170744,Street cleaning,SpotlessFacilityServicesPtyLtd,122504.02 AUD,27/11/25,3669
INV170745,Building maintenance services,Programmed Facility Mgmt Pty Ltd,235609.29 AUD,09/08/2028,3630
INV170746,Graffiti management and pressure cleaning services,Calcorp Services Pty Ltd (AU),248242.65,12-Dec-2027,3668
INV170747,Building maintenance services,Programmed Facility Management Pty Ltd (AU),71656.62,30/06/2029,3630
INV170748,Open spaces management - region 1,Citywide Service Solutions Pty Ltd (AU),79641.22,12/04/2028,3676
INV170749,Integrated security services,National,,25/01/2026,3686
INV170750,Graffiti management and pressure cleaning services,Calcorp Serv,134364.16 AUD,2029-02-02,3668
INV170751,Civil infrastructure services,Citywide Service Solutions P/L,12479.78 AUD,08-Aug-2029,3665
INV170752,Waste management services,Cleanaway Waste Management LTD,39041.73 AUD,21/02/2026,3556
INV170753,Graffiti management and pressure cleaning services,Calcorp Services Pty Ltd (AU),58096.59 AUD,20/03/2026,3668
INV170754,Open spaces management - region 1,Citywide,0.2m,24/03/2026,3676
INV170755,Melbourne Town Hall venue management,Nationwide Towing Services,53289.34,01/04/2028,3585
INV170756,Building maintenance services,Programmed,,21-Jan-2028,3630
INV170757,Melbourne Town Hall venue management,Showtime Event Group Pty Ltd,241708.36,29/01/16,3670
INV170758,Street cleaning,Spotless Facility Services P/L,241714.87 AUD,25/07/02,3669
INV170759,Tree management maintenance services,Citywide Service ,68554.19 AUD,23/07/2026,3678
INV170760,Parking technology services,Reino International P/L T/A Duncan Solutions,0.2m,17/01/2027,3623
INV170761,Civil infrastructure services,SERCO (AUS),16403.5 AUD,09/08/2029,3677
INV170762,Melbourne Town Hall venue management,Showtime Event Group Pty. Ltd.,"$134,339.87",09/03/2026,3670
INV170763,Open spaces management - region 2,SERCO,0.1m,11 January 2026,3677
INV170764,Civil infrastructure services,Citywide,0.1m,2026-01-10,3665
INV170765,Vehicle tow away and impound services,Nationwide To,113976.02,29/08/2027,3585
INV170766,Management of Active Melbourne recreation facilities,Victorian  YMCA  Community  Programming  Pty  Ltd,"$43,577.46",28/03/06,3615
INV170767,Integrated security services,National,"$32,591.6",2027-10-16,3686
INV170768,Waste management services,CLEANAWAY WASTE MANAGEMENT LIMITED,31833.88,12-Apr-2027,3556
INV170769,Open spaces management - region 1,citywide service solutions pty ltd,106317.07,15/10/2028,3676
INV170770,Melbourne Town Hall venue management,Showtime Event Group Pty Ltd,0.1m,2026-06-29,3670
INV170771,Tree management maintenance services,Citywide Service Solutions Pty. Ltd.,75941.49,02-Aug-2027,3678
INV170772,Waste management services,CleanawayWasteManagementLimited,244758.84 AUD,2027-11-28,3556
INV170773,Civil infrastructure services,CitywideServiceSolutionsPtyLtd,95051.06 AUD,06 October 2026,3665
INV170774,Graffiti management and pressure cleaning services,Calcorp Serv,174968.38,28/03/13,3668
INV170775,Civil infrastructure services,Citywide Service ,134975.54,28/02/2027,3665
INV170776,Tree management maintenance services,CITYWIDE SERVICE SOLUTIONS PTY LTD,152564.46 AUD,27/04/14,3678
INV170777,Building cleaning services,Menzies  International  (Aust)  Pty  Ltd,2792.59,2026-12-12,3634
INV170778,Parking technology services,Reino International Pty Ltd T/A Duncan Solutions (AU),230479.03,05 August 2029,3623
INV170779,Melbourne Town Hall venue management,showtime event group pty ltd,5249.13,14/06/2025,3670
INV170780,Street cleaning,Spotless Facility Services Pty Ltd,131075.66,2029-09-30,3669
INV170781,Open spaces management - region 1,Citywide Service ,61432.17,2027-07-22,3676
INV170782,Building cleaning services,Menzies,191993.03 AUD,22/10/2028,3634
INV170783,Graffiti management and pressure cleaning services,Cllcorp Services Pty Ltd,35976.05,25/07/30,3668
INV170784,Open spaces management - region 2,SERCO,"$32,059.54",14-Dec-2027,3677
INV170785,Parking technology services,Reino Intl Pty Ltd T/A Duncan Solutions,72861.1,09/03/2028,3623
INV170786,Graffiti management and pressure cleaning services,Calcorp Services P/L,0.2m,08/01/2026,3668
INV170787,Graffiti management and pressure cleaning services,CalcorpServicesPtyLtd,0.1m,23/12/2026,3668
INV170788,Waste management services,CleanawayWasteManagementLimited,180811.34 AUD,20 October 2028,3556
INV170789,Waste management services,Cldanaway Waste Management Limited,0.2m,28/03/22,3556
INV170790,Tree management maintenance services,Citywide Service Solutions Pty Ltd (AU),"$180,387.51",,3678
INV170791,Management of Active Melbourne recreation facilities,Victorian Ymca Community Programming Pty Ltd,"$164,881.51",09/05/2029,3615
INV170792,Waste management services,Cleanaway Waste Management Limited,"$27,011.91",04-May-2026,3556
INV170793,Vehicle tow away and impound services,Nationwide Towing Serviced,0.1m,23/04/2029,3585
INV170794,Management of Active Melbourne recreation facilities,Victorian YMCA Community Programming P/L,"$73,111.54",2029-04-25,3615
INV170795,Tree management maintenance services,Citywide  Service  Solutions  Pty  Ltd,0.1m,12-Jul-2027,3678
INV170796,Tree management maintenance services,Programmed Facility Management Pty Ltd,0.2m,26-Feb-2027,3630
INV170797,Civil infrastructure services,Cieywide Service Solutions Pty Ltd,219473.0 AUD,11-Apr-2025,3665
INV170798,Building cleaning services,Menzies International (Aust) Pty Ltd (AUS),0.2m,28/07/06,3634
INV170799,Vehicle tow away and impound services,NationwideTowingServices,232020.35 AUD,07-Nov-2026,3585
INV170800,Building maintenance services,Programmed Facility,"$170,706.62",05-Mar-2028,3630
INV170801,Building maintenance services,PROGRAMMED FACILITY MANAGEMENT PTY LTD,216564.07,29/03/27,3630
INV170802,Parking technology services,Reino International Pty Ltd T/A Duncan Solutions,187962.93,22 July 2028,3623
INV170803,Parking technology services,Reino International Pty Ltd T/A Duncan Solutions (AU),112921.85 AUD,22 August 2025,3623
INV170804,Building cleaning services,Menzies  International  (Aust)  Pty  Ltd,0.1m,03-Jan-2027,3634
INV170805,Open spaces management - region 2,SERlO,"$138,340.63",29/02/2028,3677
INV170806,Building maintenance services,PROGRAMMED FACILITY MANAGEMENT PTY LTD,0.0m,14 July 2025,3630
INV170807,Parking technology services,REINO INTERNATIONAL PTY LTD T/A DUNCAN SOLUTIONS,165778.55,19/05/2028,3623
INV170808,Street cleaning,Spotless Facility Services Pty Ltd,95211.03,2026-12-23,3669
INV170809,Integrated security services,NATIONAL PROTECTIVE SERVICES PTY LTD,122825.87 AUD,29/03/2025,3686
INV170810,Graffiti management and pressure cleaning services,Calcorp Servhces Pty Ltd,0.0m,29/07/19,3668
INV170811,Tree management maintenance services,Citywide Service Solutions Pty Ltd,124805.1,24/02/2025,3678
INV170812,Tree management maintenance services,Citywide Service Solutions Pty Ltd (AU),"$211,517.32",18/12/2027,3678
INV170813,Melbourne Town Hall venue management,ShowtimeEventGroupPtyLtd,"$7,958.78",25/04/2028,3670
INV170814,Graffiti management and pressure cleaning services,CALCORP SERVICES PTY LTD,0.1m,23/03/2025,3668
INV170815,Building maintenance services,Programmed Facility Mgmt Pty Ltd,207635.53,20/08/2025,3630
INV170816,Open spaces management - region 2,SERCO,245783.03,25/08/21,3677
INV170817,Waste management services,Cleanaway Waste Management Limited,174466.37,29/07/30,3556
INV170818,Open spaces management - region 1,Citywide Service Solutions P/L,0.2m,29/06/30,3676
INV170819,Graffiti management and pressure cleaning services,Calcorp Services Pty Ltd (AUS),221446.61 AUD,09/02/2025,3668
INV170820,Graffiti management and pressure cleaning services,Calcorp Services Pcy Ltd,"$229,670.64",11-Aug-2029, 
INV170821,Waste management services,Cleanaway Waste Management Limited,213068.62,04/08/2027,3556
INV170822,Building cleaning services,Menzies International (Aust) Pty Ltd (AU),178383.96,27/01/30,3634
INV170823,Vehicle tow away and impound services,NationwideTowingServices,157862.81,29/10/26, 
INV170824,Tree management maintenance services,Citywide ServicerSolutions Pty Ltd,198699.85,16-Oct-2027,3678
INV170825,Tree management maintenance services,Citywide Service Solutions Pty. Ltd.,"$174,517.19",21/10/2027, 
INV170826,Vehicle tow away and impound services,Nationwide Towing Servicps,16932.23,14 January 2028,3585
INV170827,Open spaces management - region 2,SERCO (AU),"$53,021.08",17/07/2029,3677
INV170828,Melbourne Town Hall venue management,Showtime Event Group P/L,0.1m,19-Sep-2025,3670
INV170829,Management of Active Melbourne recreation facilities,Victorian YMCA Community Programming Pty Ltd,114821.35 AUD,03/11/2026,3615
INV170830,Waste management services,Cleanaway Waste Management Limited,"$31,863.8",14 August 2027,3556
INV170831,Management of Active Melbourne recreation facilities,Victorian YMCA Community Programming Pty. Ltd.,"$84,276.04",2025-03-28,3615
INV170832,Open spaces management - region 1,Citywide Service ,222983.34 AUD,2026-06-24, 
INV170833,Building cleaning services,MenziesInternational(Aust)PtyLtd,148449.7,29/08/10, 
INV170834,Parking technology services,Reino  International  Pty  Ltd  T/A  Duncan  Solutions,"$74,779.02",26/01/23,3623
INV170835,Melbourne Town Hall venue management,Showtime Event,121554.29,13 November 2025,3670
INV170836,Vehicle tow away and impound services,Nationwide  Towing  Services,"$180,582.35",14/10/2025,3585
INV170837,Building maintenance services,Programmed Facility Management P/L,160041.99,29 October 2029,3630
INV170838,Tree management maintenance services,Citywide Service Solutions Pty Ltd,50233.92,17 December 2028,3678
INV170839,Building cleaning services,Menzies International (Aust) Pty Ltd (AU),147347.86,03/10/2025,3634
INV170840,Open spaces management - region 2,SERCO (AUS),0.2m,24/11/2026,3677
INV170841,Vehicle tow away and impound services,Nationwide Towing Services,236721.37,20-May-2026,3585
INV170842,Civil infrastructure services,Citywide,0.0m,10 June 2025,3665
INV170843,Civil infrastructure services,Citywide Service Solutions Pty Ltd (AUS),"$76,278.21",14 April 2026,3665
INV170844,Building maintenance services,Programmed Facility Management Pty Ltd,208727.23,19/09/2029,3630
INV170845,Tree management maintenance services,Citywide Service Solutions Pty. Ltd.,80600.95,12 April 2028,3678
INV170846,Vehicle tow away and impound services,NationwideTowingServices,"$66,478.21",2029-12-15,3585
INV170847,Civil infrastructure services,Citywide Service Solutions Pty Ltd,$732.39,,3665
INV170848,Open spaces management - region 1,Citywide Service Solutions Pty Ltd (AUS),213661.27,2026-08-12,3676
INV170849,Waste management services,Cleanaway Waste Management Ltd,73196.09,13/09/2026,3556
INV170850,Waste management services,CLEANAWAY WASTE MANAGEMENT LIMITED,4758.5,31/03/2025,3556
INV170851,Management of Active Melbourne recreation facilities,Victorian  YMCA  Community  Programming  Pty  Ltd,0.1m,23/10/2029,3615
INV170852,Melbourne Town Hall venue management,Showtime Event Group Pty. Ltd.,132815.45 AUD,24 May 2025,3670
INV170853,Open spaces management - region 2,SERCO,94339.85,2028-02-02, 
INV170854,Open spaces management - region 2,SERCO,3481.09,18-Jun-2025,3677
INV170855,Waste management services,Cleanaway Waste Management Limited,62511.81,09/03/2025,3556
INV170856,Vehicle tow away and impound services,Nationwide Towing Servicen,116322.13,2029-02-16,3585
INV170857,Integrated security services,NationalProtectiveServicesPtyLtd,0.0m,2027-11-24,3686
INV170858,Building cleaning services,Menzies,194958.0 AUD,2027-04-16,3634
INV170859,Graffiti management and pressure cleaning services,Calcorp Services Pty. Ltd.,0.1m,10 February 2029,3668
INV170860,Open spaces management - region 2,SERCO,,19-Dec-2027,3677
INV170861,Building cleaning services,Menzies International (Aust) P/L,146272.49,29-Apr-2029,3634
INV170862,Integrated security services,National Protective Services Pty Ltd (AU),23530.36,17/08/2028,3686
INV170863,Graffiti management and pressure cleaning services,Calcorp,101853.54,07-Jun-2028,3668
INV170864,Management of Active Melbourne recreation facilities,Victorian YMCA Community Programming Pty Ltd,"$151,742.35",26/10/2027,3615
INV170865,Building cleaning services,Menzies International (Aust) Pty Ltd (AUS),0.1m,22-Mar-2028,3634
INV170866,Open spaces management - region 1,Cihywide Service Solutions Pty Ltd,57811.64,07-Oct-2029,3676
INV170867,Integrated security services,National Protective Services Pty Ltd,248657.53,25/02/09,3686
INV170868,Parking technology services,Reino Intl Pty Ltd T/A Duncan Solutions,199809.34,01/01/2027,3623
INV170869,Tree management maintenance services,CitywideServiceSolutionsPtyLtd,145977.55,,3678
INV170870,Open spaces management - region 2,SERCO (AUS),45170.27,21-Mar-2028,3677
INV170871,Building cleaning services,Menzies Internatiqnal (Aust) Pty Ltd,246044.56,2025-03-31,3634
INV170872,Building maintenance services,ProgrammedFacilityManagementPtyLtd,0.2m,2027-08-18,3630
INV170873,Parking technology services,Reino International Pty Ltd T/A Duncan Solutions,2556.06,10/08/2028,3623
INV170874,Street cleaning,Spotless  Facility  Services  Pty  Ltd,99187.51,2028-08-06,3669
INV170875,Management of Active Melbourne recreation facilities,Victorian YMCA Communi,"$233,063.86",16 November 2026,3615
INV170876,Waste management services,Cleanaway Waste Management Limited (AUS),18397.52,26/06/21,3556
INV170877,Building maintenance services,Programmed Facility Management Pty Ltd,"$40,376.5",16 April 2027,3630
INV170878,Tree management maintenance services,Citywide Service ,1602.32,22/12/2025,3678
INV170879,Tree management maintenance services,Citywide Service Solutions Pty Ltd,82015.27,11-Jul-2028, 
INV170880,Vehicle tow away and impound services,Nationwide Towing Services (AU),103403.07,06/07/2029,3585
INV170881,Graffiti management and pressure cleaning services,Calcorp Services Pty Ltd (AU),159561.16,29/05/14,3668
INV170882,Management of Active Melbourne recreation facilities,VICTORIAN YMCA COMMUNITY PROGRAMMING PTY LTD,"$131,772.47",03/01/2027,3615
INV170883,Melbourne Town Hall venue management,Showtime Event Group Pty Ltd,49113.25,2029-09-09,3670
INV170884,Graffiti management and pressure cleaning services,CalcorpServicesPtyLtd,95803.87,01/12/2026,3668
INV170885,Street cleaning,Spotless Facility Services Pty Ltd,"$116,995.02",03/03/2026,3669
INV170886,Building maintenance services,Programmed Facility,"$183,665.81",04 March 2026,3630
INV170887,Parking technology services,Reino International Pty Ltd T/A Duncan Solutions,144812.04,04/05/2025,3623
INV170888,Tree management maintenance services,Citxwide Service Solutions Pty Ltd,8654.83,22/03/2025,3678
INV170889,Parking technology services,Reino  International  Pty  Ltd  T/A  Duncan  Solutions,180879.24,19/11/2025,3623
INV170890,Tree management maintenance services,Programmed Facility Management Psy Ltd,197099.32 AUD,20/02/2029,3630
INV170891,Waste management services,Cleanaway Waste Management Limited (AUS),0.1m,28/05/26,3556
INV170892,Building cleaning services,MENZIES INTERNATIONAL (AUST) PTY LTD,128677.01 AUD,04-Sep-2028,3634
INV170893,Integrated security services,National Protective Services Pty Ltd,0.1m,2029-06-25,3686
INV170894,Parking technology services,Reino International P/L T/A Duncan Solutions,105145.34 AUD,2025-12-10,3623
INV170895,Management of Active Melbourne recreation facilities,Victorian YMCA Communi,0.0m,2029-12-29,3615
INV170896,Melbourne Town Hall venue management,Showtime Event Group Pty Ltd (AU),0.1m,20-Feb-2026,3670
INV170897,Integrated security services,national protective services pty ltd,110316.63,14 February 2027,3686
INV170898,Vehicle tow away and impound services,Nationwide,197337.92 AUD,2027-02-03,3585
INV170899,Tree management maintenance services,Citywide Service Solutions Pty Ltd (AU),"$18,880.52",2029-10-29,3678
INV170900,Waste management services,Cleanaway Waste Management Limited,$259.04,2028-04-23,3556
INV170901,Open spaces management - region 1,Citywide Service Solutions Pty Ltd (AUS),"$132,697.92",09/12/2028,3676
INV170902,Open spaces management - region 1,Citywide Service Solutions Pty Ltd (AUS),"$243,288.28",15 October 2026,3676
INV170903,Integrated security services,National Protective Services Pty Ltd (AUS),240276.62 AUD,10/02/2027,3686
INV170904,Tree management maintenance services,Citywide Service Solutions Pty. Ltd.,150689.23 AUD,29/11/24,3678
INV170905,Street cleaning,Spotless Facility Services Pty Ltd,"$191,833.87",08 April 2027,3669
INV170906,Tree management maintenance services,Citywide Service Solutions Pty Ltd,192446.44 AUD,29/01/2029,3678
INV170907,Integrated security services,National Protestive Services Pty Ltd,0.0m,21/01/2025,3686
INV170908,Graffiti management and pressure cleaning services,Calcorp Services P/L,39407.21 AUD,,3668
INV170909,Tree management maintenance services,Citywide Service Solutions Pty. Ltd.,84580.96,2026-06-28,3678
INV170910,Open spaces management - region 2,serco,"$65,207.38",20 December 2029,3677
INV170911,Open spaces management - region 1,Citywide,34218.63 AUD,04/12/2026,3676
INV170912,Open spaces management - region 2,SERCO,0.2m,2028-05-26,3677
INV170913,Building cleaning services,Menzies International (Aust) Pty Ltd,"$160,647.88",17/05/2026, 
INV170914,Tree management maintenance services,CITYWIDE SERVICE SOLUTIONS PTY LTD,42731.63,26/10/2028,3678
INV170915,Parking technology services,Reino International Pty Ltd T/A Duncan Solutions,199634.71 AUD,29/01/14,3623
INV170916,Building maintenance services,Programmed Facility,64030.76,2025-10-15,3630
INV170917,Management of Active Melbourne recreation facilities,VICTORIAN YMCA COMMUNITY PROGRAMMING PTY LTD,"$132,685.92",18/04/2025,3615
INV170918,Open spaces management - region 2,Serco,175544.33 AUD,29/06/2026, 
INV170919,Melbourne Town Hall venue management,Showtime Event Group Pty Ltd,"$215,000.16",22/10/2028,3670
INV170920,Melbourne Town Hall venue management,Showtime Event,189673.56,31-Jul-2029,3670
INV170921,Building maintenance services,programmed facility management pty ltd,"$166,665.85",07/06/2028,3630
INV170922,Melbourne Town Hall venue management,Showtime  Event  Group  Pty  Ltd,27445.61,17/01/2025,3670
INV170923,Integrated security services,NATIONAL PROTECTIVE SERVICES PTY LTD,46961.77,03/05/2028,3686
INV170924,Integrated security services,NationalProtectiveServicesPtyLtd,140442.16 AUD,18/02/2025,3686
INV170925,Street cleaning,Spotless Facility,0.2m,09/03/2026,3669
INV170926,Integrated security services,National Protective Services Pty Ltd,170614.18,2028-10-27,3686
INV170927,Open spaces management - region 2,Serco,173107.08,06/04/2025,3677
INV170928,Civil infrastructure services,CITYWIDE SERVICE SOLUTIONS PTY LTD,0.1m,2027-01-25,3665
INV170929,Melbourne Town Hall venue management,Showtime Event,149528.38 AUD,2026-08-24,3670
INV170930,Melbourne Town Hall venue management,ShowtimeEventGroupPtyLtd,199744.65,09/03/2026,3670
INV170931,Civil infrastructure services,Citywide Service Solutions Pty Ltd (AUS),18081.11,07/08/2027,3665
INV170932,Civil infrastructure services,Citywide Service Solutions P/L,156092.66,2027-08-07,3665
INV170933,Building maintenance services,Programmed  Facility  Management  Pty  Ltd,39775.27,02/01/2027,3630
INV170934,Integrated security services,National Protective Services Pty Ltd,61080.03,23 November 2026,3686
INV170935,Open spaces management - region 1,Citywide Service Solhtions Pty Ltd,208075.07 AUD,01/06/2027,3676
INV170936,Building maintenance services,Programmed Facility Management Pty Ltd (AU),133517.51,07/10/2029,3630
INV170937,Building maintenance services,Progtammed Facility Management Pty Ltd,99616.5,26/12/08,3630
INV170938,Building maintenance services,Programmed Facility ManagementvPty Ltd,0.1m,29/09/19,3630
INV170939,Graffiti management and pressure cleaning services,talcorp Services Pty Ltd,0.1m,26/07/2028,3668
INV170940,Street cleaning,spotless facility services pty ltd,0.2m,2029-11-15, 
INV170941,Waste management services,CleanawayWasteManagementLimited,,04/01/2025,3556
INV170942,Street cleaning,Spotless Facility Services Pty Ltd,"$141,388.49",26/08/04,3669
INV170943,Melbourne Town Hall venue management,SHOWTIME EVENT GROUP PTY LTD,"$209,878.98",24/05/2026,3670
INV170944,Parking technology services,Reino International Pty Ltd T/A Duncan Solutions (AUS),200099.86,28-Nov-2028,3623
INV170945,Open spaces management - region 2,SERCO (AUS),"$201,997.83",2028-08-18,3677
INV170946,Integrated security services,National Protectiv,63833.99 AUD,17 October 2028,3686
INV170947,Open spaces management - region 1,ReinoInternationalPtyLtdT/ADuncanSolutions,192971.74,23/02/2029,3623
INV170948,Parking technology services,Reino International Pty Ltd T/A Duncan Solutions,0.1m,2025-05-19,3623
INV170949,Building cleaning services,Menzies Intl (Aust) Pty Ltd,114738.96,04/05/2028,3634
INV170950,Graffiti management and pressure cleaning services,calcorp services pty ltd,247971.03 AUD,11-May-2025,3668
INV170951,Integrated security services,National Protectiv,0.2m,26-Mar-2025,3686
INV170952,Open spaces management - region 2,Serco,132107.18,12-May-2027,3677
INV170953,Civil infrastructure services,Citywide Service Solutions Pty Ltd,0.1m,25/09/21,3665
INV170954,Building cleaning services,Menzies International (Aust) Pty Ltd,"$108,311.06",2028-08-29,3634
INV170955,Street cleaning,SpotlessFacilityServicesPtyLtd,0.2m,2029-08-02,3669
INV170956,Waste management services,Cleanaway Waste Management LTD,"$154,836.68",08/02/2025,3556
INV170957,Parking technology services,Reino International P/L T/A Duncan Solutions,42378.68,30 September 2028,3623
INV170958,Management of Active Melbourne recreation facilities,Victorian,"$249,957.17",20/03/2027,3615
INV170959,Civil infrastructure services,Citywide,49520.05,2029-02-03,3665
INV170960,Building maintenance services,PROGRAMMED FACILITY MANAGEMENT PTY LTD,118715.19,28/04/28,3630
INV170961,Management of Active Melbourne recreation facilities,Victorian,6989.12,18/12/2025,3615
INV170962,Building cleaning services,Menzies International (Aust) Pty Ltd,,28-Mar-2027,3634
INV170963,Vehicle tow away and impound services,NationwideTowingServices,233472.18 AUD,29/08/06,3585
INV170964,Integrated security services,national protective services pty ltd,64650.74,30/12/2025,3686
INV170965,Parking technology services,REINO INTERNATIONAL PTY LTD T/A DUNCAN SOLUTIONS,0.0m,25/01/13,3623
INV170966,Building maintenance services,PROGRAMMED FACILITY MANAGEMENT PTY LTD,161563.9,2029-01-08,3630
INV170967,Building maintenance services,Programmed Facility Management Pty. Ltd.,0.0m,03-Apr-2026,3630
INV170968,Management of Active Melbourne recreation facilities,Showtime  Event  Group  Pty  Ltd,143675.08,11/03/2027,3670
INV170969,Melbourne Town Hall venue management,showtime event group pty ltd,240419.21,2026-12-22,3670
INV170970,Melbourne Town Hall venue management,Showtime,177596.24,07 January 2026,3670
INV170971,Melbourne Town Hall venue management,Showtime Event Group Pty Ltd (AUS),67569.72 AUD,21/04/2028,3670
INV170972,Waste management services,CLEANAWAY WASTE MANAGEMENT LIMITED,105801.44 AUD,2025-11-18,3556
INV170973,Melbourne Town Hall venue management,Showtime Event Group P/L,228510.45,22/06/2028,3670
INV170974,Tree management maintenance services,Citywide Service ,43799.96,24-Jun-2028,3678
INV170975,Waste management services,Cleanaway Waste Management Limited,"$71,397.02",27/03/01,3556
INV170976,Integrated security services,National Protective Services Pty Ltd (AU),101117.47 AUD,05 August 2029,3686
INV170977,Parking technology services,Reino International Pty Ltd T/A Duncan Solutions,"$219,575.75",28-May-2026, 
INV170978,Building cleaning services,Menzies International (Aust) Pty Ltd,166527.07,13 February 2027,3634
INV170979,Building cleaning services,Menzies International (Aust) Pty Ltd (AUS),3048.38,04-Dec-2027,3634
INV170980,Parking technology services,Reino International Pty Ltd T/A Duncan Solutions,194018.97 AUD,03/07/2026, 
INV170981,Civil infrastructure services,citywide service solutions pty ltd,147171.64,18 October 2025,3665
INV170982,Parking technology services,Reino International P/L T/A Duncan Solutions,238370.82 AUD,08/03/2025,3623
INV170983,Vehicle tow away and impound services,Nationwide Towing Services,48406.53,13/07/2025,3585
INV170984,Graffiti management and pressure cleaning services,Calcorp Services Pty Ltd (AUS),"$179,775.97",03/08/2028,3668
INV170985,Tree management maintenance services,Citywide  Service  Solutions  Pty  Ltd,145764.58 AUD,11-Apr-2025,3678
INV170986,Management of Active Melbourne recreation facilities,Victorian YMCA Community Programming Pty Ltd (AU),0.2m,10/12/2026,3615
INV170987,Melbourne Town Hall venue management,showtime event group pty ltd,72297.61,30 September 2025,3670
INV170988,Street cleaning,Spotless,197020.6,2029-05-02,3669
INV170989,Street cleaning,Spotless Facility Services Pty Ltd,77057.04 AUD,12/08/2029,3669
INV170990,Open spaces management - region 2,SERCO (AU),187262.53,21/01/2026,3677
INV170991,Street cleaning,Spotless Facility Services Pty Ltd,83244.51,28-Aug-2026,3669
INV170992,Graffiti management and pressure cleaning services,Calcorp Serv,229092.26,08/08/2027,3668
INV170993,Graffiti management and pressure cleaning services,Calcorp Services Pty Ltd (AU),146232.96,28/01/2027,3668
INV170994,Management of Active Melbourne recreation facilities,VictorianYMCACommunityProgrammingPtyLtd,"$226,258.04",01/11/2025,3615
INV170995,Waste management services,Cleanaway Waste M,245663.16,2028-04-22, 
INV170996,Tree management maintenance services,Citywide Service Solutions Pty Ltd,0.0m,28/04/30,3678
INV170997,Integrated security services,National Protective Services Pty. Ltd.,93951.13 AUD,25/03/30,3686
INV170998,Melbourne Town Hall venue management,Showtime Event Group Pty. Ltd.,103080.76,22 July 2027,3670
INV170999,Building maintenance services,Programmed Facility Management Pty Ltd (AUS),66175.35 AUD,05/09/2028,3630
INV171000,Street cleaning,Spotless  Facility  Services  Pty  Ltd,1533.2,20/05/2028,3669
