InvoiceID,ContractTitle,Provider,InvoiceAmount,InvoiceDate,ContractNumber
INV261001,Vehicle tow away and impound services,NATIONWIDE TOWING SERVICES,"$64,019.01",21-Oct-2026,3585
INV261002,Open spaces management - region 1,CITYWIDE SERVICE SOLUTIONS PTY LTD,77893.86,09 November 2028,3676
INV261003,Building cleaning services,Menzies Int’l (Aust) Pty Ltd,85185.34 AUD,29/07/29,3634
INV261004,Building cleaning services,MenziesInternational(Aust)PtyLtd,151001.81 AUD,28/03/19,3634
INV261005,Open spaces management - region 1,Cleanaway Waste Management Limited (AU),23646.06,25/10/14,3556
INV261006,Civil infrastructure services,Citywide Service Solutions Pty Ltd,168578.36,27/09/05,3665
INV261007,Building cleaning services,Menzies  International  (Aust)  Pty  Ltd,168033.43,04 March 2028,3634
INV261008,Tree management maintenance services,Citywide Service Solutions Pty Ltd (AUS),137959.97 AUD,2027-06-21,3678
INV261009,Integrated security services,National Protective Services Pty Ltd,"$140,436.11",29/09/03,3686
INV261010,Melbourne Town Hall venue management,Showtime Event Group P/L,67023.24,15/06/2025,3670
INV261011,Open spaces management - region 1,Citywide Service Solutions Pty. Ltd.,0.0m,2029-09-06,3676
INV261012,Parking technology services,ReinoInternationalPtyLtdT/ADuncanSolutions,99479.77 AUD,2026-10-30,3623
INV261013,Management of Active Melbourne recreation facilities,Victorian YMCA Communi,"$218,376.88",19-Dec-2025,3615
INV261014,Building maintenance services,Programmed Facility Management Pty. Ltd.,0.1m,14/03/2027,3630
INV261015,Vehicle tow away and impound services,Nationwide Towing Services,144403.68,18 September 2028,3585
INV261016,Open spaces management - region 2,SERCO,139862.74,05/09/2029,3677
INV261017,Vehicle tow away and impound services,Reino International PtynLtd T/A Duncan Solutions,0.0m,12/03/2025,3623
INV261018,Street cleaning,Spotless  Facility  Services  Pty  Ltd,38904.56 AUD,09/02/2029,3669
INV261019,Melbourne Town Hall venue management,Showtime Event Group Pty. Ltd.,0.0m,10-Jun-2027,3670
INV261020,Civil infrastructure services,Citywide,239326.49,13/05/2028,3665
INV261021,Parking technology services,Reino Intl Pty Ltd T/A Duncan Solutions,0.0m,15 September 2027,3623
INV261022,Open spaces management - region 2,Serco,231502.31,04/07/2026,3677
INV261023,Street cleaning,Spotless Facility Services P/L,0.2m,29/10/15,3669
INV261024,Waste management services,Cleanaway Waste Management Ltd,164816.48,23-Jan-2025,3556
INV261025,Building cleaning services,Menzies International (Aust) PtyhLtd,0.0m,2025-11-30,3634
INV261026,Graffiti management and pressure cleaning services,CALCORP SERVICES PTY LTD,207801.78,10-Nov-2027,3668
INV261027,Open spaces management - region 1,Citywide,0.1m,21 August 2027,3676
INV261028,Vehicle tow away and impound services,Showtime,0.0m,01/11/2025,3670
INV261029,Tree management maintenance services,citywide service solutions pty ltd,0.0m,2027-10-13,3678
INV261030,Graffiti management and pressure cleaning services,Calcorp,0.0m,13/11/2028,3668
INV261031,Integrated security services,National,0.2m,27/04/25,3686
INV261032,Open spaces management - region 1,Citywide  Service  Solutions  Pty  Ltd,"$10,065.83",26/11/18,3676
INV261033,Open spaces management - region 2,SERCO,"$148,893.39",2029-01-03,3677
INV261034,Melbourne Town Hall venue management,showtime event group pty ltd,82924.78,17 February 2025,3670
INV261035,Open spaces management - region 1,CITYWIDE SERVICE SOLUTIONS PTY LTD,"$54,983.58",28/06/27,3676
INV261036,Vehicle tow away and impound services,Nationwide Towing Services,"$26,794.09",13/10/2029,3585
INV261037,Melbourne Town Hall venue management,Showtime Event Group Pty. Ltd.,203357.18,26-Aug-2027,3670
INV261038,Graffiti management and pressure cleaning services,Calcorp Serv,"$69,913.32",09/11/2025,3668
INV261039,Graffiti management and pressure cleaning services,Calcorp Services Pty Ltd (AU),"$64,501.87",31 December 2026,3668
INV261040,Open spaces management - region 2,SERCO (AU),82267.0,12/03/2029,3677
INV261041,Vehicle tow away and impound services,Nationwide Towing Services,66319.64,29/05/08,3585
INV261042,Street cleaning,Spotless Facility Services Pty Ltd,126060.22,28/08/05,3669
INV261043,Building cleaning services,Menzies,76191.92,31 May 2025,3634
INV261044,Street cleaning,Spotless  Facility  Services  Pty  Ltd,0.0m,28/11/29,3669
INV261045,Open spaces management - region 2,Serco,134352.88 AUD,12 March 2029,3677
INV261046,Street cleaning,Citywide  Service  Solutions  Pty  Ltd,244647.31,14 October 2027,3678
INV261047,Street cleaning,Spotless Facility Services Pty Ltd (AU),"$217,355.72",09 December 2025,3669
INV261048,Graffiti management and pressure cleaning services,Calcorp  Services  Pty  Ltd,0.0m,11-Nov-2025, 
INV261049,Open spaces management - region 1,citywide service solutions pty ltd,237353.98,2029-06-20,3676
INV261050,Waste management services,cleanaway waste management limited,170758.45 AUD,26/08/25, 
INV261051,Tree management maintenance services,Citywide Service Solutions Pty Ltd,7375.93 AUD,05 November 2029,3678
INV261052,Open spaces management - region 2,SERCO (AUS),"$196,741.46",04 May 2028,3677
INV261053,Parking technology services,Reino International Pty Ltd T/A Duncan Solutions (AUS),0.1m,2025-02-08,3623
INV261054,Graffiti management and pressure cleaning services,Calcorp Services Pty Ltd,"$116,629.03",09/02/2026,3668
INV261055,Street cleaning,Spotless  Facility  Services  Pty  Ltd,"$156,619.06",2029-12-25,3669
INV261056,Street cleaning,SPOTLESS FACILITY SERVICES PTY LTD,0.2m,2028-06-29,3669
INV261057,Open spaces management - region 1,Citywide Service Solutions Pty Ltd (AUS),109923.06 AUD,2029-08-11,3676
INV261058,Open spaces management - region 1,CITYWIDE SERVICE SOLUTIONS PTY LTD,213644.75,05/10/2026,3676
INV261059,Open spaces management - region 1,Citywide Service Solutions Pty. Ltd.,39835.75 AUD,23/09/2029,3676
INV261060,Management of Active Melbourne recreation facilities,Victorian YMCA Communi,0.0m,08/11/2025,3615
INV261061,Building maintenance services,PROGRAMMED FACILITY MANAGEMENT PTY LTD,227239.56 AUD,03/06/2028,3630
INV261062,Open spaces management - region 2,SERCO,149228.4,2029-01-29,3677
INV261063,Tree management maintenance services,CitywideServiceSolutionsPtyLtd,129597.87,30/08/2029, 
INV261064,Street cleaning,Spotless Facility Services Pty. Ltd.,51842.39,08-Dec-2026,3669
INV261065,Waste management services,Cleanaway Waste Management Limited,"$174,396.57",03/05/2025,3556
INV261066,Management of Active Melbourne recreation facilities,Victorian YMCA Communi,0.0m,2026-08-22,3615
INV261067,Building maintenance services,Programmed Facility Management Pty Ltd (AUS),249862.97,27/07/30,3630
INV261068,Open spaces management - region 2,serco,4359.03 AUD,15/01/2029,3677
INV261069,Building maintenance services,Programmed,,29/10/12,3630
INV261070,Management of Active Melbourne recreation facilities,Victorian  YMCA  Community  Programming  Pty  Ltd,"$151,737.77",2025-08-20, 
INV261071,Street cleaning,Spotless  Facility  Services  Pty  Ltd,0.1m,14/08/2025,3669
INV261072,Civil infrastructure services,Citywide,"$135,620.42",18-Mar-2026,3665
INV261073,Waste management services,Cleanaway Waste Management Limited (AUS),95346.87,27/08/27, 
INV261074,Building cleaning services,MenziesInternational(Aust)PtyLtd,158566.88,30/04/2026,3634
INV261075,Street cleaning,Spotless Facility Services Pty. Ltd.,74756.83,28/05/12,3669
INV261076,Building cleaning services,Menzies Inzernational (Aust) Pty Ltd,30982.84 AUD,25/01/2026,3634
INV261077,Management of Active Melbourne recreation facilities,Victorian YMCA Communi,24078.82,10/11/2029,3615
INV261078,Graffiti management and pressure cleaning services,Calcorp Services Pty Ltd,217261.27 AUD,11-Feb-2029,3668
INV261079,Management of Active Melbourne recreation facilities,Victorian  YMCA  Community  Programming  Pty  Ltd,"$21,964.62",04/10/2029,3615
INV261080,Street cleaning,Spotless  Facility  Services  Pty  Ltd,10233.97 AUD,05/04/2025,3669
INV261081,Building maintenance services,PROGRAMMED FACILITY MANAGEMENT PTY LTD,0.0m,25/09/2025,3630
INV261082,Civil infrastructure services,Citywide Service Solutions Pty Ltd,"$58,511.06",05/02/2029,3665
INV261083,Street cleaning,spotless facility services pty ltd,175937.71,23-Feb-2029,3669
INV261084,Vehicle tow away and impound services,eationwide Towing Services,"$195,612.06",05-Mar-2026,3585
INV261085,Open spaces management - region 2,SERCO,74630.64,23/05/2025,3677
INV261086,Street cleaning,Spotless Facilkty Services Pty Ltd,119963.72,30-Apr-2028,3669
INV261087,Open spaces management - region 1,Citywide Service Solutions Pty Ltd (AUS),0.1m,2025-01-12,3676
INV261088,Integrated security services,National Protective Services Pty Ltd (AU),"$145,763.31",18 March 2029,3686
INV261089,Waste management services,Cleanaway Waste Mgmt Limited,59101.86,15/12/2027,3556
INV261090,Integrated security services,National Protective Services Pty Ltd (AU),213456.47 AUD,13/09/2029,3686
INV261091,Management of Active Melbourne recreation facilities,Victorian  YMCA  Community  Programming  Pty  Ltd,0.1m,14-Nov-2027,3615
INV261092,Street cleaning,Spotless Facility Services Pty Ltd (AU),235796.03,25/11/09,3669
INV261093,Melbourne Town Hall venue management,Showtime Event Group Pty Ltd,116887.19,31 October 2027,3670
INV261094,Open spaces management - region 1,citywide service solutions pty ltd,,04 August 2025,3676
INV261095,Waste management services,Cleanaway Waste Management Limited,84954.85,07-Apr-2027,3556
INV261096,Integrated security services,National Protectiv,0.1m,07/09/2025, 
INV261097,Tree management maintenance services,Citywide  Service  Solutions  Pty  Ltd,"$157,246.36",25/02/2029,3678
INV261098,Parking technology services,Reino,132212.04 AUD,16/04/2025,3623
INV261099,Civil infrastructure services,Citywide Service ,99106.43 AUD,2027-09-26,3665
INV261100,Vehicle tow away and impound services,Nationwide Towing Services (AU),0.1m,2025-10-30,3585
INV261101,Tree management maintenance services,CitywideServiceSolutionsPtyLtd,247702.17 AUD,29/03/17,3678
INV261102,Open spaces management - region 2,serco,242131.53 AUD,12/02/2026, 
INV261103,Open spaces management - region 1,citywide service solutions pty ltd,"$68,090.19",21/09/2025,3676
INV261104,Melbourne Town Hall venue management,SHOWTIME EVENT GROUP PTY LTD,0.1m,17/10/2029,3670
INV261105,Vehicle tow away and impound services,Nationwide,0.2m,01 January 2030,3585
INV261106,Vehicle tow away and impound services,Nationwide  Towing  Services,89739.0 AUD,28/06/24,3585
INV261107,Management of Active Melbourne recreation facilities,Victorian YMCA Community Programming Pty Ltd (AUS),88906.1,02 May 2027,3615
INV261108,Parking technology services,Reino,74203.2,02/08/2029,3623
INV261109,Melbourne Town Hall venue management,Showtime Event,0.1m,15/03/2029, 
INV261110,Integrated security services,National,234058.15 AUD,24/01/2029, 
INV261111,Melbourne Town Hall venue management,showtime event group pty ltd,"$23,269.96",30-Nov-2025,3670
INV261112,Tree management maintenance services,Citywide Service Solutions Pty Ltd (AU),70067.2,15/03/2028,3678
INV261113,Open spaces management - region 1,Citywide Service Solutions Pty Ltd (AUS),223751.45,20/09/2029,3676
INV261114,Open spaces management - region 1,Citywide Service colutions Pty Ltd,190769.4,29/09/13,3676
INV261115,Melbourne Town Hall venue management,SHOWTIME EVENT GROUP PTY LTD,176216.99,05 December 2029,3670
INV261116,Parking technology services,Reino,0.2m,05/11/2027,3623
INV261117,Parking technology services,Reino International Pty Ltd T/A Duncan Solutions (AUS),110483.05,2026-12-27,3623
INV261118,Building maintenance services,Programmed,"$74,184.61",23-Oct-2027,3630
INV261119,Melbourne Town Hall venue management,Menzies International (Aust) Pty. Ltd.,216659.05,2029-02-25,3634
INV261120,Parking technology services,Reino,198293.94,19 July 2025,3623
INV261121,Building maintenance services,Programmed Facility,0.2m,04 December 2028,3630
INV261122,Open spaces management - region 1,Citywide Service Solutions Pty Ltd (AU),119938.75,29/02/06,3676
INV261123,Civil infrastructure services,Citywide Service Solutions Pty Ltd (AU),54137.89 AUD,2027-06-17,3665
INV261124,Management of Active Melbourne recreation facilities,Victorian YMCA Community Programming Pty Ltd (AU),0.2m,08 July 2029,3615
INV261125,Waste management services,Cleanaway Waste Management Limited (AUS),157802.75 AUD,01/01/2026,3556
INV261126,Waste management services,Cleanaway Waste Management Limited (AUS),"$107,470.28",17 August 2028,3556
INV261127,Open spaces management - region 1,Citywide Service Solutions Pty Ltd (AU),31835.02,20/04/2026,3676
INV261128,Vehicle tow away and impound services,Nationwide Towing Services,"$38,961.78",11/04/2029,3585
INV261129,Building cleaning services,Menzies International (Aust) Pty Ltd (AUS),"$22,126.14",2028-03-02,3634
INV261130,Parking technology services,Reino International Pty Ltd T/A Duncan Solutions,126047.9 AUD,27/01/10,3623
INV261131,Integrated security services,National Protective Services P/L,"$58,508.06",2026-10-26,3686
INV261132,Street cleaning,SPOTLESS FACILITY SERVICES PTY LTD,"$173,664.23",08/11/2026,3669
INV261133,Civil infrastructure services,CitywideServiceSolutionsPtyLtd,"$206,052.55",27-Feb-2029,3665
INV261134,Waste management services,Cleanaway Waste Mgmt Limited,61187.98 AUD,15-Nov-2026,3556
INV261135,Graffiti management and pressure cleaning services,Calcorp Services Pty Ltd (AU),"$181,512.28",18-Apr-2027,3668
INV261136,Graffiti management and pressure cleaning services,Calcoip Services Pty Ltd,167591.17,16/03/2026,3668
INV261137,Integrated security services,National  Protective  Services  Pty  Ltd,"$222,246.36",25/01/2029,3686
INV261138,Civil infrastructure services,Citywide,0.2m,17-Apr-2026, 
INV261139,Waste management services,CleanawayWasteManagementLimited,"$200,328.58",2029-08-15,3556
INV261140,Integrated security services,National Protective Services Pty Ltd,"$115,208.4",25 February 2025,3686
INV261141,Melbourne Town Hall venue management,Showtime Event Group Pty Ltd,184054.57,2027-09-28,3670
INV261142,Melbourne Town Hall venue management,SHOWTIME EVENT GROUP PTY LTD,0.0m,2025-01-10,3670
INV261143,Street cleaning,Spotless Facility Services Pty Ltd (AUS),"$149,944.04",2026-07-04,3669
INV261144,Open spaces management - region 1,Citywide Service Solutions PtygLtd,"$104,414.94",12-Jun-2028,3676
INV261145,Management of Active Melbourne recreation facilities,VictorianfYMCA Community Programming Pty Ltd,"$170,351.29",2028-07-21,3615
INV261146,Integrated security services,National Protective Services Pty Ltd (AUS),95131.12 AUD,07/09/2026,3686
INV261147,Management of Active Melbourne recreation facilities,Victorian YMCA Communi,35216.67 AUD,26/07/17,3615
INV261148,Vehicle tow away and impound services,Nationwide Towing Services,38863.72,2026-03-16,3585
INV261149,Vehicle tow away and impound services,Nationwide Towing Services (AUS),"$228,434.58",29/10/22,3585
INV261150,Street cleaning,Spotless Facility Services Pty Ltd (AUS),16594.01,26/08/16,3669
INV261151,Open spaces management - region 2,SErCO,111884.05,08 December 2026,3677
INV261152,Vehicle tow away and impound services,Nationwide,154168.41,09-Apr-2027,3585
INV261153,Open spaces management - region 2,SERCO,66273.56 AUD,26/07/2026,3677
INV261154,Integrated security services,national protective services pty ltd,42827.3 AUD,2028-12-07,3686
INV261155,Building maintenance services,Programmed Facility Management Pty Ltd,"$130,914.75",09/02/2026,3630
INV261156,Open spaces management - region 2,SERCO,17342.0,18-Dec-2028,3677
INV261157,Open spaces management - region 2,SERCO,0.2m,28/01/10,3677
INV261158,Open spaces management - region 1,Citywide Service Solutions Pty Ltd,144045.98 AUD,07/08/2028,3676
INV261159,Graffiti management and pressure cleaning services,Calcorp  Services  Pty  Ltd,84488.96,25/06/07,3668
INV261160,Vehicle tow away and impound services,Nationwide  Towing  Services,0.2m,25/07/14,3585
INV261161,Open spaces management - region 2,serco,0.0m,09-Jun-2029,3677
INV261162,Waste management services,Cleanaway Waste Management Limited,113570.99 AUD,27/11/2025,3556
INV261163,Parking technology services,Reino International P/L T/A Duncan Solutions,211623.55 AUD,19/02/2028,3623
INV261164,Street cleaning,Spotless Facility Services P/L,0.2m,20 June 2027,3669
INV261165,Building cleaning services,Menzies,"$99,510.83",16-Mar-2027,3634
INV261166,Graffiti management and pressure cleaning services,Calcorp Services Pty Ltd,183348.8,06/06/2026,3668
INV261167,Open spaces management - region 1,Citywide,"$64,086.42",30-Oct-2026,3676
INV261168,Graffiti management and pressure cleaning services,Calcorp Serveces Pty Ltd,0.1m,,3668
INV261169,Street cleaning,Spotless Facility Services Pty Ltd (AUS),210387.84 AUD,29/04/22,3669
INV261170,Open spaces management - region 1,Citywide Service Solutions Pty Ltd,0.1m,29 January 2028,3676
INV261171,Civil infrastructure services,Citywide Service Solutions Pty Ltd (AUS),0.1m,22/07/2025,3665
INV261172,Integrated security services,National  Protective  Services  Pty  Ltd,"$174,794.26",19-Feb-2028,3686
INV261173,Graffiti management and pressure cleaning services,Calcorp Services Pty Ltd,77233.85,26/05/27,3668
INV261174,Waste management services,CleanawayjWaste Management Limited,"$168,124.18",30/11/2026,3556
INV261175,Melbourne Town Hall venue management,Showtime Event Group Pty Ltd (AUS),190064.34,21-Dec-2027,3670
INV261176,Management of Active Melbourne recreation facilities,Victorian YMCA Community Programming P/L,44168.74 AUD,09/03/2027,3615
INV261177,Building cleaning services,Menzies International (Aust) Phy Ltd,"$99,074.79",,3634
INV261178,Tree management maintenance services,Citywide Service Solutions Pty Ltd (AU),167510.9 AUD,25 February 2027,3678
INV261179,Open spaces management - region 2,SERCO,"$170,647.6",2026-01-09,3677
INV261180,Management of Active Melbourne recreation facilities,Victorian YMCA Community Programming Pty Ltd (AU),87755.56 AUD,23 February 2025,3615
INV261181,Management of Active Melbourne recreation facilities,Victorian Ymca Community Programming Pty Ltd,38056.77 AUD,2028-02-21,3615
INV261182,Vehicle tow away and impound services,Nationwide  Towing  Services,0.1m,26 June 2026,3585
INV261183,Waste management services,Cleanaway  Waste  Management  Limited,42272.65 AUD,06 March 2027, 
INV261184,Open spaces management - region 2,SERCO (AU),"$126,013.02",13 February 2025,3677
INV261185,Management of Active Melbourne recreation facilities,Victorian YMCA Communi,114896.98,09/04/2025,3615
INV261186,Melbourne Town Hall venue management,Showtime Event Group Pty Ltd (AUS),"$125,303.48",06/12/2025,3670
INV261187,Parking technology services,ReinoInternationalPtyLtdT/ADuncanSolutions,"$87,418.45",29/07/10,3623
INV261188,Parking technology services,Reino Intl Pty Ltd T/A Duncan Solutions,21279.88,13-Aug-2026,3623
INV261189,Building maintenance services,Programmed Facility,61738.84,01/08/2027,3630
INV261190,Civil infrastructure services,Citywide Service Solutions P/L,0.1m,27/06/25,3665
INV261191,Open spaces management - region 2,SERCO,160914.65,26/12/2026,3677
INV261192,Building cleaning services,Menzies International (Aust) Pty Ltd (AU),200284.68,25/06/07,3634
INV261193,Management of Active Melbourne recreation facilities,Victorian YMCA Community Programming Pty Ltd,0.2m,15/09/2025,3615
INV261194,Open spaces management - region 1,Citywide Service Solutions Pty. Ltd.,0.2m,2027-11-09,3676
INV261195,Waste management services,Cleanaway Waste Management Limited (AU),242027.48,25 December 2028,3556
INV261196,Melbourne Town Hall venue management,showtime event group pty ltd,"$124,913.25",,3670
INV261197,Graffiti management and pressure cleaning services,Calcorp Services P/L,204660.35 AUD,2026-02-10,3668
INV261198,Building maintenance services,Programmed,152367.55,27/08/08,3630
INV261199,Waste management services,cleanaway waste management limited,230489.79,10-Oct-2026,3556
INV261200,Open spaces management - region 1,CITYWIDE SERVICE SOLUTIONS PTY LTD,"$94,536.21",18-Feb-2025,3676
INV261201,Vehicle tow away and impound services,Nationwide To,67765.02 AUD,26/07/12,3585
INV261202,Vehicle tow away and impound services,Nationwide Towing Services,174987.69 AUD,2026-12-30,3585
INV261203,Tree management maintenance services,Citywide Service ,"$149,696.59",07/07/2027,3678
INV261204,Parking technology services,REINO INTERNATIONAL PTY LTD T/A DUNCAN SOLUTIONS,226331.48,2029-10-31,3623
INV261205,Street cleaning,SPOTLESS FACILITY SERVICES PTY LTD,160013.69,31-Jul-2026,3669
INV261206,Waste management services,Cleanaway,0.2m,13-May-2026,3556
INV261207,Open spaces management - region 2,SERCO,0.1m,14 May 2029,3677
INV261208,Civil infrastructure services,Citywide Service Solutions Pty Ltd (AU),200468.95 AUD,14/03/2025,3665
INV261209,Management of Active Melbourne recreation facilities,Victorian YMCA Community Programming Pty Ltd (AU),91206.42 AUD,18 March 2029,3615
INV261210,Integrated security services,National Protective Services Pty Ltd,158099.83,03/07/2028,3686
INV261211,Building cleaning services,Menzies International (Aust) P/L,"$197,146.25",2027-10-17,3634
INV261212,Parking technology services,Reino International Pty Ltd T/A Duncan Solutions,0.1m,2028-05-03,3623
INV261213,Civil infrastructure services,Citywide Service Solutions P/L,52157.92,17 August 2028,3665
INV261214,Management of Active Melbourne recreation facilities,Victorian,14141.24,27/07/12, 
INV261215,Waste management services,Cleanaway Waste Management Limited (AUS),218758.15 AUD,22/08/2028,3556
INV261216,Civil infrastructure services,CitywideServiceSolutionsPtyLtd,48721.8,25/12/2026,3665
INV261217,Vehicle tow away and impound services,Nationwide Towing Services (AUS),174651.94 AUD,26/05/05,3585
INV261218,Tree management maintenance services,Citywide Service Solutions P/L,94857.57 AUD,01-Mar-2029,3678
INV261219,Vehicle tow away and impound services,Nationwide Towing Services,213373.51 AUD,2026-07-27,3585
INV261220,Building maintenance services,Programmed Facility Mgmt Pty Ltd,29643.5 AUD,15 December 2027,3630
INV261221,Graffiti management and pressure cleaning services,Calcorp Services Pty. Ltd.,5656.84,31 March 2028,3668
INV261222,Melbourne Town Hall venue management,Showtime Event,139903.39,24 January 2028,3670
INV261223,Management of Active Melbourne recreation facilities,Victorian YMCA Community Prdgramming Pty Ltd,30989.91,2029-06-11,3615
INV261224,Waste management services,cleanaway waste management limited,0.2m,31-Aug-2027,3556
INV261225,Building maintenance services,Programmed Facility Management Pty Ltd,106340.84,09/08/2028,3630
INV261226,Tree management maintenance services,Citywide Service Solutions Pty Ltd,0.2m,01 April 2025,3678
INV261227,Vehicle tow away and impound services,Nationwide Towing Services (AU),149412.13 AUD,03 June 2026,3585
INV261228,Building cleaning services,Menzies International (Aust) Pty Ltd,200641.43 AUD,03/05/2029,3634
INV261229,Building cleaning services,MENZIES INTERNATIONAL (AUST) PTY LTD,240479.82,08-Sep-2026,3634
INV261230,Graffiti management and pressure cleaning services,CALCORP SERVICES PTY LTD,185108.02,17/12/2027,3668
INV261231,Building maintenance services,Programmed Facility Management lty Ltd,0.0m,18-Sep-2026,3630
INV261232,Vehicle tow away and impound services,Nationwide Towing Services,17282.49 AUD,09-Feb-2029,3585
INV261233,Tree management maintenance services,citywide service solutions pty ltd,104114.01,25/08/2025,3678
INV261234,Street cleaning,Spotless Facility Services Pty ytd,76576.81 AUD,16/04/2028,3669
INV261235,Open spaces management - region 1,Citywide Service Solutions Pty Ltd (AU),161305.87,26/06/20,3676
INV261236,Building cleaning services,Menzies International (Aust) P/L,93783.62,30-Jul-2027,3634
INV261237,Street cleaning,Spotless Facility Services P/L,126891.21,21-Aug-2027,3669
INV261238,Building cleaning services,Menzies International (Aust) Pty. Ltd.,0.1m,21 December 2027,3634
INV261239,Tree management maintenance services,citywide service solutions pty ltd,240374.07,14-Feb-2027,3678
INV261240,Waste management services,Cleanaway Waste Management Limited,0.2m,29/12/2026,3556
INV261241,Graffiti management and pressure cleaning services,Calcorp Services P/L,18282.38,25/07/09,3668
INV261242,Civil infrastructure services,CITYWIDE SERVICE SOLUTIONS PTY LTD,157937.91 AUD,26/01/24,3665
INV261243,Open spaces management - region 2,Serco,216053.86 AUD,03-Sep-2026,3677
INV261244,Waste management services,Cleanaway Waste Management Ltd,18524.39,21-Oct-2028,3556
INV261245,Open spaces management - region 2,SERCO,0.2m,24-Jan-2025,3677
INV261246,Graffiti management and pressure cleaning services,CalcorpServicesPtyLtd,146516.22,28/12/19,3668
INV261247,Open spaces management - region 2,SERCO (AUS),0.0m,06/06/2025,3677
INV261248,Civil infrastructure services,Citywide Service Solutions Pty Ltd,58619.2,19/03/2027,3665
INV261249,Street cleaning,Spotless Facility,0.0m,25/04/17,3669
INV261250,Graffiti management and pressure cleaning services,Calcorp Services P/L,"$51,407.19",02-May-2025,3668
INV261251,Open spaces management - region 2,kERCO,6692.96,2029-04-13,3677
INV261252,Parking technology services,Reino International Pty ,0.1m,2028-03-10,3623
INV261253,Parking technology services,Reino Intl Pty Ltd T/A Duncan Solutions,212835.81 AUD,06/06/2026,3623
INV261254,Melbourne Town Hall venue management,Showtime Event Group Pty Ltd,196262.39,01-Jul-2029,3670
INV261255,Building maintenance services,Programmed Facility Management P/L,0.1m,,3630
INV261256,Vehicle tow away and impound services,NATIONWIDE TOWING SERVICES,138592.04,2027-02-01,3585
INV261257,Open spaces management - region 1,Citywide  Service  Solutions  Pty  Ltd,0.2m,02/04/2028,3676
INV261258,Vehicle tow away and impound services,Nationwide Towing Services,"$201,083.15",29/01/21,3585
INV261259,Vehicle tow away and impound services,Nationwide,"$249,462.79",07 July 2029,3585
INV261260,Street cleaning,Spotless Facility Services Pty Ltd (AU),176867.7,27/02/03,3669
INV261261,Vehicle tow away and impound services,Nationwide To,0.2m,25/02/03, 
INV261262,Street cleaning,SpotlessFacilityServicesPtyLtd,"$230,759.76",26/11/23,3669
INV261263,Waste management services,CleanawayWasteManagementLimited,"$28,647.33",2028-04-15,3556
INV261264,Tree management maintenance services,Citywide Service Solutions Pty Ltd,44478.18,01-Jul-2028,3678
INV261265,Melbourne Town Hall venue management,Showtime Event,0.2m,01/11/2029,3670
INV261266,Building cleaning services,menzies international (aust) pty ltd,198285.46 AUD,,3634
INV261267,Integrated security services,National Protective Services P/L,4119.83,06 July 2025,3686
INV261268,Tree management maintenance services,citywide service solutions pty ltd,"$136,957.94",15/04/2026,3678
INV261269,Graffiti management and pressure cleaning services,CalcorpServicesPtyLtd,1155.45 AUD,2028-11-29,3668
INV261270,Building cleaning services,Menzies International (Aust) Pty Ltd (AU),80881.06,25/09/2028,3634
INV261271,Graffiti management and pressure cleaning services,Calcorp Services Pty Ltd,"$31,088.91",01-Oct-2026,3668
INV261272,Building cleaning services,Menzies International (Aust) Pty Ltd,188757.85 AUD,29/07/11, 
INV261273,Open spaces management - region 2,Serco,147914.32,27/05/30,3677
INV261274,Waste management services,CLEANAWAY WASTE MANAGEMENT LIMITED,12688.08,26/02/06,3556
INV261275,Vehicle tow away and impound services,Nationwide Towing Services (AUS),198292.12,27/01/2025,3585
INV261276,Open spaces management - region 1,Citywide Service ,0.2m,02 January 2026,3676
INV261277,Building cleaning services,Menzies International (Aust) Pty Led,89320.21,28/05/26,3634
INV261278,Building cleaning services,Menzies,"$171,765.81",27/12/07,3634
INV261279,Civil infrastructure services,citywide service solutions pty ltd,"$7,115.06",14-May-2027,3665
INV261280,Waste management services,Cleanaway Waste Management Limited,26600.62 AUD,02/08/2027,3556
INV261281,Street cleaning,Spotless Favility Services Pty Ltd,133281.85 AUD,2027-12-03,3669
INV261282,Street cleaning,Spotless Facility Services Pty Ltd,145477.52,25/03/2027,3669
INV261283,Integrated security services,National Protective Services P/L,"$131,671.0",05/12/2027,3686
INV261284,Tree management maintenance services,Citywide Service Solutions Pty. Ltd.,28996.92 AUD,12 August 2025,3678
INV261285,Vehicle tow away and impound services,Nationwide Towing Servxces,0.1m,13-Apr-2027,3585
INV261286,Integrated security services,National Protective Services Pty Ltd (AUS),"$61,534.74",14/02/2025,3686
INV261287,Building cleaning services,Menzies International (Aust) Pty Ltd (AU),"$216,297.14",11 June 2028,3634
INV261288,Tree management maintenance services,Citywide,169539.32 AUD,29/05/13,3678
INV261289,Building cleaning services,Menzies International (Aust) Pty Ltp,51598.26,27/05/20,3634
INV261290,Integrated security services,National Protective Services P/L,0.2m,21-Feb-2029,3686
INV261291,Vehicle tow away and impound services,Nationwide Towing Services,"$214,622.62",29/06/01,3585
INV261292,Street cleaning,Spotless Facility Services Pty Ltd (AUS),193603.13,2026-09-10,3669
INV261293,Street cleaning,Spotless Facility,225301.16 AUD,2028-12-14,3669
INV261294,Graffiti management and pressure cleaning services,Calcorp Services P/L,26395.81 AUD,2029-12-26,3668
INV261295,Management of Active Melbourne recreation facilities,Victorian  YMCA  Community  Programming  Pty  Ltd,99424.12,2025-11-21,3615
INV261296,Management of Active Melbourne recreation facilities,Victorian,127327.9,2029-05-30,3615
INV261297,Management of Active Melbourne recreation facilities,Victorian YMCA Community Programming Pty. Ltd.,91595.74,23-Jun-2025,3615
INV261298,Open spaces management - region 1,CitywideServiceSolutionsPtyLtd,0.2m,25-Apr-2029,3676
INV261299,Waste management services,Cleanaway  Waste  Management  Limited,28412.62,27/10/18,3556
INV261300,Building maintenance services,Programmed,"$181,953.97",06/04/2029,3630
INV261301,Management of Active Melbourne recreation facilities,Victorian YMaA Community Programming Pty Ltd,0.1m,14-Mar-2027, 
INV261302,Open spaces management - region 1,Citywide Service Solutions Pty Ltd,"$65,558.29",2027-03-02, 
INV261303,Melbourne Town Hall venue management,SHOWTIME EVENT GROUP PTY LTD,131247.98 AUD,25/05/07,3670
INV261304,Vehicle tow away and impound services,Nationwide Towing Services,0.2m,2028-06-19,3585
INV261305,Management of Active Melbourne recreation facilities,Victorian YMCA Community Programming Pty Ltd,0.1m,2029-06-08,3615
INV261306,Street cleaning,Spotless Facility Services Pty Ltd,229837.02,24/07/2029,3669
INV261307,Parking technology services,ReinoInternationalPtyLtdT/ADuncanSolutions,16217.97,14-Jun-2026,3623
INV261308,Graffiti management and pressure cleaning services,Calcorp Services Pty Ltd (AU),,2027-02-15, 
INV261309,Building maintenance services,Programmed  Facility  Management  Pty  Ltd,98329.94,03 May 2025,3630
INV261310,Management of Active Melbourne recreation facilities,Victorian Ymca Community Programming Pty Ltd,"$173,708.4",26-Nov-2029,3615
INV261311,Management of Active Melbourne recreation facilities,Victorian YMCA Community Programming Pty Ltd (AU),82895.38 AUD,2025-03-12,3615
INV261312,Open spaces management - region 1,CITYWIDE SERVICE SOLUTIONS PTY LTD,228561.44 AUD,27/05/09,3676
INV261313,Open spaces management - region 2,serco,0.0m,29-Aug-2029,3677
INV261314,Open spaces management - region 2,Citywide Service Solutions Pty Ltd,239468.84,28/01/04,3676
INV261315,Melbourne Town Hall venue management,Showtime Event Group Pty Ltd,"$140,501.65",28/03/2028,3670
INV261316,Civil infrastructure services,Citywide Service Solutidns Pty Ltd,3635.92,10/04/2027,3665
INV261317,Tree management maintenance services,citywide service solutions pty ltd,"$89,338.33",26/12/12, 
INV261318,Vehicle tow away and impound services,Nationuide Towing Services,"$86,028.95",20/11/2029,3585
INV261319,Civil infrastructure services,Citywide,0.0m,25 November 2029,3665
INV261320,Street cleaning,spotless facility services pty ltd,"$131,859.11",2025-01-11,3669
INV261321,Civil infrastructure services,Citywide Service Solutions Pty Ltd (AU),241821.86 AUD,16/05/2027,3665
INV261322,Management of Active Melbourne recreation facilities,Victorian,50484.87 AUD,09/06/2026,3615
INV261323,Open spaces management - region 2,SERCO,69578.31 AUD,30/07/2027,3677
INV261324,Tree management maintenance services,Citywide Service Solutions Pty. Ltd.,"$114,709.08",30 May 2028,3678
INV261325,Open spaces management - region 1,CITYWIDE SERVICE SOLUTIONS PTY LTD,"$24,580.73",29/03/12,3676
INV261326,Open spaces management - region 2,SERCO,"$224,964.97",28/10/2029, 
INV261327,Building maintenance services,Programmed  Facility  Management  Pty  Ltd,0.2m,28/09/2026,3630
INV261328,Management of Active Melbourne recreation facilities,Victorian YMCA Community Programming Pty ltd,236709.42,01 November 2026,3615
INV261329,Civil infrastructure services,Citywide Service Sblutions Pty Ltd,210000.51,28/10/23,3665
INV261330,Vehicle tow away and impound services,Spotless  Facility  Services  Pty  Ltd,122585.39,01/06/2029,3669
INV261331,Parking technology services,Reino International Pty Ltd T/A Duncan Solutions,150348.24 AUD,13/06/2026,3623
INV261332,Graffiti management and pressure cleaning services,calcorp services pty ltd,148175.31,01/07/2027,3668
INV261333,Open spaces management - region 2,serco,237857.18,24/08/2027,3677
INV261334,Tree management maintenance services,Citywide Service Solutions Pty Ltd,0.2m,18/01/2029,3678
INV261335,Melbourne Town Hall venue management,Showtime Event Group Pty. Ltd.,"$42,828.75",2027-04-11,3670
INV261336,Vehicle tow away and impound services,Nationwide To,218094.0 AUD,17/07/2028,3585
INV261337,Building maintenance services,Programmed Facility Management P/L,180907.78 AUD,04-Jul-2026,3630
INV261338,Parking technology services,Reino International Pty Ltd T/A Duncan Solutions,58238.34,24/02/2025,3623
INV261339,Vehicle tow away and impound services,Nationwide Towing Services (AUS),0.0m,01 May 2028,3585
INV261340,Street cleaning,Spotless Facility Services P/L,"$59,789.91",27/11/04,3669
INV261341,Tree management maintenance services,Citywide Service Solutions Pty Ltd,0.0m,04-Apr-2029,3678
INV261342,Civil infrastructure services,Citywide Service Solutions pty Ltd,"$44,426.93",03/04/2028,3665
INV261343,Street cleaning,Spotless Facility Services Pty. Ltd.,85990.74,27/07/2027,3669
INV261344,Open spaces management - region 1,Citywide Service Solutions Pty Ltd (AUS),75506.27,13-Aug-2028,3676
INV261345,Graffiti management and pressure cleaning services,Calcorp Services Pty Ltd (AU),214990.28,23/12/2028,3668
INV261346,Open spaces management - region 2,SERCO (AUS),203618.28 AUD,28/05/24,3677
INV261347,Vehicle tow away and impound services,Nationwide,225509.6,2029-06-20,3585
INV261348,Parking technology services,Reino International Pty Ltd T/A Duncan Solutions,181721.58,29/04/28,3623
INV261349,Melbourne Town Hall venue management,Showtime Event Group P/L,0.2m,26/01/20,3670
INV261350,Integrated security services,National Protective Services Pty Ltd,101292.19 AUD,21 February 2025,3686
INV261351,Graffiti management and pressure cleaning services,Calcorp Services Pty Ltd,42651.56,11 June 2025,3668
INV261352,Management of Active Melbourne recreation facilities,Victorian YMCA Community Programming P/L,85742.75 AUD,02 July 2028,3615
INV261353,Melbourne Town Hall venue management,Showtime,118188.71 AUD,16 July 2027,3670
INV261354,Management of Active Melbourne recreation facilities,Victorian Ymca Community Programming Pty Ltd,16649.16 AUD,27/11/18,3615
INV261355,Vehicle tow away and impound services,Nationwide Towing Servicxs,,22/08/2028,3585
INV261356,Integrated security services,NATIONAL PROTECTIVE SERVICES PTY LTD,163776.18,22-May-2026,3686
INV261357,Building maintenance services,Programmed Facility Management Pty Ltd,"$88,811.46",24/02/2029,3630
INV261358,Parking technology services,Reino  International  Pty  Ltd  T/A  Duncan  Solutions,10307.56 AUD,03-Nov-2027,3623
INV261359,Civil infrastructure services,Citywide Service ,0.1m,08/07/2029, 
INV261360,Street cleaning,spotless facility services pty ltd,203261.13,16 May 2027,3669
INV261361,Parking technology services,Reino International Pty Ltd T/A Duncan Solutions,0.2m,30/04/2026,3623
INV261362,Open spaces management - region 1,citywide service solutions pty ltd,"$134,701.09",29 August 2027,3676
INV261363,Management of Active Melbourne recreation facilities,Victorian YMCA Community Programming Pty Ltd,37549.19 AUD,09-Apr-2025,3615
INV261364,Graffiti management and pressure cleaning services,CALCORP SERVICES PTY LTD,0.1m,21/10/2029,3668
INV261365,Waste management services,Cleanaway Waste Management Limited,20518.87,10-Dec-2027,3556
INV261366,Tree management maintenance services,Citywide Service Solutions Pty Ltd,0.2m,26/10/2028,3678
INV261367,Parking technology services,Reino,,12 March 2028,3623
INV261368,Waste management services,Cleanaway Waste Management Limited,0.1m,18 October 2026,3556
INV261369,Management of Active Melbourne recreation facilities,Victorian  YMCA  Community  Programming  Pty  Ltd,68719.58,25/11/11,3615
INV261370,Melbourne Town Hall venue management,showtime event group pty ltd,0.1m,25/03/14,3670
INV261371,Open spaces management - region 1,citywide service solutions pty ltd,130089.0,25 September 2025,3676
INV261372,Melbourne Town Hall venue management,Showtime Event Group Pty Ltd,241222.57,2025-11-13,3670
INV261373,Building cleaning services,Menzies  International  (Aust)  Pty  Ltd,0.1m,21/08/2029,3634
INV261374,Waste management services,Cleanaway Waste ManagementlLimited,46902.05,11/06/2029,3556
INV261375,Building cleaning services,Menzies Int’l (Aust) Pty Ltd,,06/01/2029,3634
INV261376,Open spaces management - region 2,SERCO (AUS),248528.35,29/04/14,3677
INV261377,Parking technology services,ReinoInternationalPtyLtdT/ADuncanSolutions,169283.09,26/11/15,3623
INV261378,Open spaces management - region 1,CitywideServiceSolutionsPtyLtd,"$145,743.47",13 November 2026,3676
INV261379,Open spaces management - region 1,Citywide Service Solutions Pty Ltd,152916.79 AUD,18/02/2027, 
INV261380,Integrated security services,National Protective Services Pty Ltd,117771.19,25/03/11, 
INV261381,Street cleaning,Spotless Facility Services Pty Ltd,246539.58,29/06/23,3669
INV261382,Building maintenance services,Programmed Facility Management Pty Ltd (AUS),145879.45,10/10/2025,3630
INV261383,Parking technology services,Reino,192984.13,04 December 2027,3623
INV261384,Building maintenance services,Programmed Facility Managemext Pty Ltd,138408.65,07-Jul-2028,3630
INV261385,Street cleaning,Spotless Facility Services Pty Ltd,,29/07/08,3669
INV261386,Open spaces management - region 2,Serco,"$171,204.11",24 July 2028,3677
INV261387,Open spaces management - region 2,SERCO,218535.86,11 January 2027,3677
INV261388,Tree management maintenance services,CITYWIDE SERVICE SOLUTIONS PTY LTD,"$211,573.68",28/09/13,3678
INV261389,Vehicle tow away and impound services,Nationwide Towing Services (AU),0.2m,2026-07-22,3585
INV261390,Building cleaning services,Menzies International (Aust) Pty Ltd,128083.8,18/01/2025,3634
INV261391,Building maintenance services,PROGRAMMED FACILITY MANAGEMENT PTY LTD,111091.02,28/10/29,3630
INV261392,Tree management maintenance services,Citywide Service Solutions Pty Lte,66567.75 AUD,03/06/2027,3678
INV261393,Integrated security services,National Protective Services P/L,184262.11 AUD,2029-01-10,3686
INV261394,Building maintenance services,programmed facility management pty ltd,"$57,711.38",09/09/2026,3630
INV261395,Street cleaning,Spotless Facility Services Pty Ltd,0.1m,2029-10-12,3669
INV261396,Parking technology services,Reino Intl Pty Ltd T/A Duncan Solutions,0.1m,26/09/06,3623
INV261397,Graffiti management and pressure cleaning services,Calcorp Services Pty Ltd (AU),0.2m,24-Oct-2027, 
INV261398,Management of Active Melbourne recreation facilities,Victorian YMCA Community Programming Pty Ltd,"$150,757.87",05 September 2026,3615
INV261399,Vehicle tow away and impound services,nationwide towing services,137091.92,08/05/2028, 
INV261400,Civil infrastructure services,Citywide Service Solutions Pty Ltd (AUS),95683.3,2029-12-27, 
INV261401,Management of Active Melbourne recreation facilities,Victorian Ymca Community Programming Pty Ltd,"$9,669.06",2027-01-05,3615
INV261402,Street cleaning,Spotless Facility Services Pty. Ltd.,0.2m,08-Sep-2028,3669
INV261403,Graffiti management and pressure cleaning services,Calcorp Services Pty Ltd,99964.24 AUD,28/02/02,3668
INV261404,Open spaces management - region 2,SERCO (AUS),181969.92 AUD,22-Apr-2029,3677
INV261405,Parking technology services,Reino International Pty Ltd T/A Duncan Solutions,180478.09,28/08/31,3623
INV261406,Graffiti management and pressure cleaning services,Calcorp Services Pty. Ltd.,14912.44 AUD,28/10/2027,3668
INV261407,Open spaces management - region 2,SERCO (AUS),42156.96,23/04/2029,3677
INV261408,Building cleaning services,MENZIES INTERNATIONAL (AUST) PTY LTD,139190.8,19/07/2026,3634
INV261409,Open spaces management - region 1,Citywide Service Solutions Pty Ltd (AU),"$88,774.48",2025-06-17, 
INV261410,Tree management maintenance services,Citywide,,15/09/2029,3678
INV261411,Open spaces management - region 2,SERCO,4265.36,2028-01-13, 
INV261412,Street cleaning,Spotless Facility Services Pty Ltd,194975.4 AUD,11/02/2029,3669
INV261413,Melbourne Town Hall venue management,ShowtimeEventGroupPtyLtd,0.2m,11-Jun-2029,3670
INV261414,Open spaces management - region 1,CITYWIDE SERVICE SOLUTIONS PTY LTD,"$76,798.18",17 July 2025,3676
INV261415,Open spaces management - region 1,CITYWIDE SERVICE SOLUTIONS PTY LTD,61486.38,05-Aug-2029,3676
INV261416,Vehicle tow away and impound services,NationwideTowingServices,121846.45 AUD,25/03/16,3585
INV261417,Waste management services,Cleanaway Waste M,56717.34 AUD,29/09/05,3556
INV261418,Management of Active Melbourne recreation facilities,Victorian YMCA Community Programming Pty. Ltd.,62335.27,14/06/2028,3615
INV261419,Melbourne Town Hall venue management,Showtime Event Group P/L,"$135,568.22",07-Nov-2029,3670
INV261420,Waste management services,Cleanaway  Waste  Management  Limited,"$169,712.26",18/12/2027,3556
INV261421,Tree management maintenance services,Citywide Service Solutions Pty Ltd,197866.99,27/12/20,3678
INV261422,Civil infrastructure services,Citywide Service Solutions Pty Ltd,"$171,535.03",2028-09-18,3665
INV261423,Open spaces management - region 1,Citywide Service Solutions Pty. Ltd.,166898.02,25/05/19,3676
INV261424,Tree management maintenance services,Citywide Service Solutions Pty. Ltd.,"$114,940.71",28/06/16,3678
INV261425,Open spaces management - region 1,Citywide  Service  Solutions  Pty  Ltd,232953.24,14 January 2027,3676
INV261426,Integrated security services,National Protectiv,150282.19 AUD,27/10/21,3686
INV261427,Parking technology services,Reino,"$230,591.92",04 January 2025,3623
INV261428,Vehicle tow away and impound services,nationwide towing services,0.2m,29 August 2028,3585
INV261429,Parking technology services,Reino International Pty Ltd T/A Duncan Solutions,0.0m,16/05/2029,3623
INV261430,Building maintenance services,Programmed,83832.3 AUD,18-Oct-2027,3630
INV261431,Parking technology services,Reino,205283.16,11-Apr-2025,3623
INV261432,Parking technology services,Reino International Pty Ltd T/A Duncan Solutiows,0.1m,13 January 2029, 
INV261433,Melbourne Town Hall venue management,Showtime Event Group Pty. Ltd.,"$23,811.02",24/10/2026,3670
INV261434,Open spaces management - region 1,Citywide Service Solutions Pty Ltd,0.1m,25/03/25,3676
INV261435,Building cleaning services,Menzies International (Aust) Pty Ltd (AUS),87449.44,27/06/17,3634
INV261436,Building maintenance services,Programmed  Facility  Management  Pty  Ltd,0.2m,29/04/20,3630
INV261437,Melbourne Town Hall venue management,Showtime Event Group Pty Ltd,"$81,010.92",16/08/2029,3670
INV261438,Vehicle tow away and impound services,Nationwide To,0.2m,20-Aug-2028,3585
INV261439,Management of Active Melbourne recreation facilities,Victorian YMCA Community Programming Pty Ltd (AUS),"$52,249.21",2027-08-26,3615
INV261440,Graffiti management and pressure cleaning services,Calcorp Serv,201679.99,17-Jun-2026,3668
INV261441,Building cleaning services,MENZIES INTERNATIONAL (AUST) PTY LTD,1978.0 AUD,18-Feb-2028,3634
INV261442,Building cleaning services,Menzies International (Aust) Pty Ltd,46245.09,25/09/30,3634
INV261443,Graffiti management and pressure cleaning services,Calcorp Serv,6547.08,14-May-2028,3668
INV261444,Management of Active Melbourne recreation facilities,Victorian YMCA Community Programming Pty Ltd (AUS),29264.19,27/05/12,3615
INV261445,Civil infrastructure services,Citywide Service Solutions Pty. Ltd.,0.1m,05/01/2029, 
INV261446,Integrated security services,NationalProtectiveServicesPtyLtd,0.0m,29 November 2029,3686
INV261447,Street cleaning,Spotless Facility Services Pty Ltd,"$125,761.15",2027-12-25,3669
INV261448,Parking technology services,Reino,133344.78,2025-01-10,3623
INV261449,Street cleaning,Spotless  Facility  Services  Pty  Ltd,7435.6,29-Jul-2027,3669
INV261450,Integrated security services,National Protective Services Pty Ltd,122221.69 AUD,06 September 2027,3686
INV261451,Open spaces management - region 2,SERCO,0.0m,23-Nov-2028,3677
INV261452,Building maintenance services,Programmed Facility,0.1m,26/04/17,3630
INV261453,Vehicle tow away and impound services,Nationwide Towing Services,162650.73,08 October 2027,3585
INV261454,Vehicle tow away and impound services,NATIONWIDE TOWING SERVICES,0.1m,2025-03-19,3585
INV261455,Building maintenance services,Programmed Facility Management Pty Ltd (AUS),0.2m,28/01/30,3630
INV261456,Open spaces management - region 1,Citywqde Service Solutions Pty Ltd,46029.44 AUD,2029-11-21,3676
INV261457,Open spaces management - region 1,Citywide Service Solutions P/L,0.1m,2027-01-23,3676
INV261458,Management of Active Melbourne recreation facilities,Victorian YMCA Community Programming Pty Ltd (AU),0.2m,19 February 2029,3615
INV261459,Parking technology services,Reino enternational Pty Ltd T/A Duncan Solutions,56780.2,22 June 2025,3623
INV261460,Waste management services,Cleanaway Waste Management Limited (AU),75149.61,06/08/2026,3556
INV261461,Melbourne Town Hall venue management,Showtime Event Group Pty Ltd,"$231,927.64",28/09/2025,3670
INV261462,Open spaces management - region 1,Citywide Service Solutions Pty Ltd,196088.64,27/07/03,3676
INV261463,Graffiti management and pressure cleaning services,Calcorp Services Pty Ltd,141964.05,22-Sep-2027,3668
INV261464,Management of Active Melbourne recreation facilities,Victorian  YMCA  Community  Programming  Pty  Ltd,0.2m,25/07/28,3615
INV261465,Vehicle tow away and impound services,NationwideTowingServices,96080.27,25/12/24,3585
INV261466,Integrated security services,NATIONAL PROTECTIVE SERVICES PTY LTD,210984.69 AUD,20 November 2029,3686
INV261467,Open spaces management - region 2,SERCO,214414.72,2029-04-14,3677
INV261468,Vehicle tow away and impound services,Nationwide To,205499.3,22/05/2025,3585
INV261469,Building cleaning services,Menzies International (Aust) Pay Ltd,0.2m,2027-01-29,3634
INV261470,Building cleaning services,Menzies International (Aust) Pty. Ltd.,0.0m,02/04/2026,3634
INV261471,Graffiti management and pressure cleaning services,Calcorp Services Pty Ltd,"$38,788.51",17 October 2027,3668
INV261472,Civil infrastructure services,Citywide Service ,101472.1 AUD,19/04/2028,3665
INV261473,Parking technology services,Reino International Pty. Ltd. T/A Duncan Solutions,183188.25 AUD,25/02/02,3623
INV261474,Tree management maintenance services,SERCO,"$102,855.78",15 January 2026,3677
INV261475,Building cleaning services,menzies international (aust) pty ltd,174486.65 AUD,13/03/2028,3634
INV261476,Street cleaning,Spotless Facility Services Pty. Ltd.,0.2m,2026-10-27,3669
INV261477,Melbourne Town Hall venue management,Showtime  Event  Group  Pty  Ltd,136841.99 AUD,02/12/2029,3670
INV261478,Open spaces management - region 1,Citywide Service Solutions Pty. Ltd.,184680.42,17 December 2025,3676
INV261479,Building maintenance services,Citywide  Service  Solutions  Pty  Ltd,"$95,480.52",23-Mar-2028,3665
INV261480,Building cleaning services,Menzies International (Aust) Pty Ltd (AU),0.1m,2025-12-16,3634
INV261481,Melbourne Town Hall venue management,showtime event group pty ltd,208523.23,28 August 2029,3670
INV261482,Building maintenance services,Programmed Facility,210093.07,28/02/2028, 
INV261483,Integrated security services,National Protective Services Pty Ltd (AUS),"$77,658.39",25/09/02,3686
INV261484,Open spaces management - region 2,SERCO,15572.21 AUD,06 May 2028, 
INV261485,Waste management services,Cleanaway Waste Management Limited,"$243,246.76",13/03/2028,3556
INV261486,Street cleaning,Spotless Facility Services Pty Ltd (AU),171615.82 AUD,23-Dec-2026,3669
INV261487,Street cleaning,Cleanaway Waste ManagementwLimited,16871.72,22 April 2026,3556
INV261488,Integrated security services,National Protective Services Pty Ltd (AUS),0.1m,2027-03-04,3686
INV261489,Open spaces management - region 2,Serco,84173.96 AUD,10/09/2027, 
INV261490,Tree management maintenance services,citywide service solutions pty ltd,11610.7,08/05/2028,3678
INV261491,Building maintenance services,Programmed Facility Managejent Pty Ltd,75520.32 AUD,2028-10-15,3630
INV261492,Street cleaning,SpotlessFacilityServicesPtyLtd,"$108,067.89",2025-02-10,3669
INV261493,Parking technology services,Reino International P/L T/A Duncan Solutions,"$154,857.56",02-Mar-2025,3623
INV261494,Graffiti management and pressure cleaning services,Calcorp Services Pty Ltd,"$216,365.24",26/03/02,3668
INV261495,Building cleaning services,Menzies,0.2m,2029-03-03,3634
INV261496,Vehicle tow away and impound services,Nationwide Towing Services (AUS),177089.65 AUD,11-Sep-2029,3585
INV261497,Building cleaning services,Menzies International (Aust) Pty Ltd,101167.48,29/06/14,3634
INV261498,Open spaces management - region 2,SERCO,70681.17,06/06/2029,3677
INV261499,Graffiti management and pressure cleaning services,Calcorp Services Pty Ltd,164741.32,2025-02-15,3668
INV261500,Vehicle tow away and impound services,Nationwide Towing Services,2957.4 AUD,05/12/2026,3585
INV261501,Melbourne Town Hall venue management,ShowtimeEventGroupPtyLtd,0.0m,31/05/2027,3670
INV261502,Melbourne Town Hall venue management,Showtime Event Group P/L,0.0m,04/05/2027,3670
INV261503,Vehicle tow away and impound services,NationwideTowingServices,"$239,916.15",16-May-2028,3585
INV261504,Building cleaning services,Menzies International (Aust) Pty Ltd,89763.6 AUD,22-Nov-2025,3634
INV261505,Building maintenance services,Programmed,0.1m,2025-10-28, 
INV261506,Integrated security services,National,"$180,796.42",02/02/2027,3686
INV261507,Open spaces management - region 1,CITYWIDE SERVICE SOLUTIONS PTY LTD,0.2m,2028-03-18,3676
INV261508,Civil infrastructure services,Citywide Service Solutions Pty. Ltd.,209523.46,19/11/2026,3665
INV261509,Waste management services,Cleanaway Waste Management Limited,0.2m,29-Jun-2029,3556
INV261510,Vehicle tow away and impound services,Nationwide Towing Services,134178.45,20-May-2029,3585
INV261511,Open spaces management - region 2,SERCO,237400.34,10-Sep-2027,3677
INV261512,Graffiti management and pressure cleaning services,calcorp services pty ltd,127135.34 AUD,24-Jul-2029,3668
INV261513,Open spaces management - region 1,Citywide Service ,203222.4,08/01/2025,3676
INV261514,Building cleaning services,Menzies  International  (Aust)  Pty  Ltd,192113.5,26 April 2027,3634
INV261515,Management of Active Melbourne recreation facilities,Victorian  YMCA  Community  Programming  Pty  Ltd,162491.41 AUD,2028-02-25,3615
INV261516,Building maintenance services,PROGRAMMED FACILITY MANAGEMENT PTY LTD,151515.53 AUD,09 October 2029,3630
INV261517,Vehicle tow away and impound services,Victorian Ymca Community Programming Pty Ltd,182854.79,12/08/2029,3615
INV261518,Street cleaning,Spotless Faciloty Services Pty Ltd,184393.49,13-Sep-2028,3669
INV261519,Building cleaning services,Menzies Int’l (Aust) Pty Ltd,0.2m,24-Sep-2026,3634
INV261520,Integrated security services,National Protective Services Pty. Ltd.,184203.88 AUD,2028-06-17,3686
INV261521,Integrated security services,National Protective Services Pty. Ltd.,36424.2,04/07/2028,3686
INV261522,Open spaces management - region 1,Citywide Service Solutions Pty. Ltd.,101764.3 AUD,19 August 2026,3676
INV261523,Building maintenance services,Programmed Facility Management Pty Ltd,0.2m,17/11/2029,3630
INV261524,Street cleaning,Spotless Facility Services Pty Ltd (AUS),0.0m,2026-10-20,3669
INV261525,Open spaces management - region 1,Citywide  Service  Solutions  Pty  Ltd,96610.41,07-Dec-2025,3676
INV261526,Building cleaning services,MENZIES INTERNATIONAL (AUST) PTY LTD,167439.42,24/05/2028,3634
INV261527,Management of Active Melbourne recreation facilities,Victorian Ymca Community Programming Pty Ltd,103831.3 AUD,07/06/2028,3615
INV261528,Vehicle tow away and impound services,National Protective Services Pty. Ltd.,0.1m,25/03/30,3686
INV261529,Parking technology services,Reino,161098.81,07/07/2025,3623
INV261530,Open spaces management - region 2,SERCO (AU),246982.73,2026-07-11,3677
INV261531,Building maintenance services,Programmed Facility Management Pty Ltd,"$112,531.8",28 April 2025,3630
INV261532,Vehicle tow away and impound services,Nationwide Towing Services (AU),226355.6,2025-01-22,3585
INV261533,Civil infrastructure services,Citywide Service Solutions Pty Ltd,222178.73 AUD,26-Sep-2026,3665
INV261534,Graffiti management and pressure cleaning services,Spotless Facility,152019.13,25/03/04, 
INV261535,Street cleaning,Spotless Facality Services Pty Ltd,189462.4,2026-07-28,3669
INV261536,Tree management maintenance services,Citywide Service Solutions Pty Ltd,"$44,642.26",26 November 2028,3678
INV261537,Street cleaning,SPOTLESS FACILITY SERVICES PTY LTD,0.1m,24/03/2028,3669
INV261538,Civil infrastructure services,Citywide,"$125,092.63",2029-05-20,3665
INV261539,Tree management maintenance services,Citywide Service Solutions Pty Ltd (AUS),38064.32 AUD,13/06/2025,3678
INV261540,Vehicle tow away and impound services,Nationwide Towing Services (AUS),"$164,356.75",26/04/07,3585
INV261541,Building cleaning services,Menzies International (Aust) P/L,184671.8,29-Apr-2029,3634
INV261542,Integrated security services,National Protective Services Pty Ltd,241433.17,03/03/2028,3686
INV261543,Integrated security services,National Protective Services Pty Ltd,0.2m,28/09/2027,3686
INV261544,Building cleaning services,Menzies International (Aust) Pty Ltd,73591.48 AUD,2025-11-17,3634
INV261545,Melbourne Town Hall venue management,Showtime Event Group Pty Ltd,178345.63 AUD,26-Apr-2025,3670
INV261546,Building maintenance services,Programmed Facility Management P/L,185104.42,25/11/2025,3630
INV261547,Open spaces management - region 2,uERCO,0.2m,20/07/2027,3677
INV261548,Melbourne Town Hall venue management,Showtime Event Group Pty Ltd,0.1m,24/11/2025,3670
INV261549,Parking technology services,Citywide Service Solutions P/L,0.1m,27 August 2027,3676
INV261550,Tree management maintenance services,Citywide Service Solutions P/L,200188.25,28 February 2026, 
INV261551,Vehicle tow away and impound services,Nationwide Towing Services (AU),"$19,740.72",29/08/23,3585
INV261552,Integrated security services,National,151867.17 AUD,29/05/10,3686
INV261553,Integrated security services,NATIONAL PROTECTIVE SERVICES PTY LTD,4729.86,17-Mar-2026,3686
INV261554,Vehicle tow away and impound services,nationwide towing services,124372.05 AUD,28/12/01,3585
INV261555,Building cleaning services,Showtime Event Group Pty Ltd (AUS),12163.06,18/12/2025,3670
INV261556,Building cleaning services,Menzies Internatio,2832.31,26/05/23,3634
INV261557,Vehicle tow away and impound services,Nationwide Towing Services,16728.84,05/02/2029,3585
INV261558,Building maintenance services,Programmed Facility Management Pty Ltd (AUS),204867.35,12 October 2028,3630
INV261559,Management of Active Melbourne recreation facilities,Victorian YMCA Community Programming Pty Ltd (AU),"$181,830.21",14 September 2025,3615
INV261560,Integrated security services,National Protective Services Pty Ltd (AU),8534.56,13/09/2028,3686
INV261561,Open spaces management - region 1,Citywide Service Solutions P/L,101206.31,12-Oct-2025,3676
INV261562,Parking technology services,Reino International Pty. Ltd. T/A Duncan Solutions,0.1m,2028-05-01,3623
INV261563,Waste management services,Cleanaway Waste Management LTD,"$29,610.69",23/09/2029,3556
INV261564,Vehicle tow away and impound services,Nationwide Towing Services,0.0m,22/06/2025,3585
INV261565,Waste management services,Cleanaway  Waste  Management  Limited,0.0m,09 February 2028,3556
INV261566,Management of Active Melbourne recreation facilities,Victorian  YMCA  Community  Programming  Pty  Ltd,119502.39,27/10/2029,3615
INV261567,Open spaces management - region 1,citywide service solutions pty ltd,79774.39 AUD,01/05/2025,3676
INV261568,Management of Active Melbourne recreation facilities,Victorian YMCA Community Programming P/L,127653.76,19-Nov-2029,3615
INV261569,Civil infrastructure services,Citywide,0.1m,2026-04-08,3665
INV261570,Open spaces management - region 1,Citywide Service Solutions Pty Ltd,0.0m,23/01/2025, 
INV261571,Vehicle tow away and impound services,Nationwide To,214948.0 AUD,29/10/17,3585
INV261572,Tree management maintenance services,Citywide Service Solutions Pty. Ltd.,"$160,841.0",14/02/2025,3678
INV261573,Building cleaning services,Menzies Intl (Aust) Pty Ltd,66968.81 AUD,2028-12-01,3634
INV261574,Building maintenance services,Programmed Facility Mgmt Pty Ltd,"$159,868.98",11 November 2026,3630
INV261575,Building maintenance services,Programmed,"$136,807.1",25/01/2027,3630
INV261576,Integrated security services,National Protective Services P/L,104343.07 AUD,12 October 2028,3686
INV261577,Civil infrastructure services,National  Protective  Services  Pty  Ltd,0.1m,2025-10-15,3686
INV261578,Building cleaning services,Menzies Int’l (Aust) Pty Ltd,"$167,653.9",10 January 2025,3634
INV261579,Civil infrastructure services,citywide service solutions pty ltd,129304.55 AUD,2026-11-22,3665
INV261580,Parking technology services,Reino International Pty Ltd T/A Duncan Solutions (AUS),71792.97,16/06/2029,3623
INV261581,Waste management services,Cleanaway Waste Management Limited,58524.33,13/11/2025,3556
INV261582,Graffiti management and pressure cleaning services,Calcoup Services Pty Ltd,38993.95 AUD,30/11/2027,3668
INV261583,Building cleaning services,Menzies Intl (Aust) Pty Ltd,45601.84 AUD,2027-01-30,3634
INV261584,Management of Active Melbourne recreation facilities,victorian ymca community programming pty ltd,0.0m,30/12/2026,3615
INV261585,Vehicle tow away and impound services,Nationwide,90857.84,25/09/06,3585
INV261586,Building cleaning services,menzies international (aust) pty ltd,0.1m,29/11/2027,3634
INV261587,Vehicle tow away and impound services,Nationwide Towing Services,0.0m,03/11/2027,3585
INV261588,Integrated security services,National Protective Services Pty Ltd,0.1m,26/08/31,3686
INV261589,Open spaces management - region 2,SERCO,164643.94 AUD,19-Mar-2027,3677
INV261590,Civil infrastructure services,Citywide,126233.23,19/09/2029,3665
INV261591,Integrated security services,National Protective Services Pty. Ltd.,0.2m,29/08/2029,3686
INV261592,Integrated security services,National Protective Services Pty Ltd (AUS),107360.38,26/10/13,3686
INV261593,Vehicle tow away and impound services,NATIONWIDE TOWING SERVICES,73122.06 AUD,04/08/2028,3585
INV261594,Tree management maintenance services,Citywide Service Solutions Pty Lth,229800.56 AUD,15-Dec-2029,3678
INV261595,Building cleaning services,Menzies,213188.41,2027-11-04,3634
INV261596,Building cleaning services,Menzies Intl (Aust) Pty Ltd,"$175,680.59",15/06/2028,3634
INV261597,Management of Active Melbourne recreation facilities,Victorian YMCA Community Programming Pty Ltd (AUS),0.1m,2027-09-27,3615
INV261598,Melbourne Town Hall venue management,Showtime Event Group Pty Ltd (AU),173556.29 AUD,29/05/08,3670
INV261599,Graffiti management and pressure cleaning services,Calcorp,238712.54,2026-01-10,3668
INV261600,Street cleaning,Spotless  Facility  Services  Pty  Ltd,46929.94,2025-08-07,3669
INV261601,Tree management maintenance services,Citywide Service Solutions P/L,"$229,394.01",05/03/2028, 
INV261602,Building cleaning services,Menzies Int’l (Aust) Pty Ltd,215322.53,25 January 2026,3634
INV261603,Tree management maintenance services,Citywide Service Solutions Pty Ltd,17193.61 AUD,10-Jun-2025,3678
INV261604,Building cleaning services,Menzies Internatio,0.1m,28/08/08,3634
INV261605,Open spaces management - region 2,SERCO,0.2m,25/03/16,3677
INV261606,Tree management maintenance services,Citywide Service Solutions Pty Ltd (AUS),239001.28,13 January 2027,3678
INV261607,Civil infrastructure services,Citywide Service Solutions Pty Ltd,0.2m,18 April 2027,3665
INV261608,Building maintenance services,Programmed Facility Management Pty. Ltd.,85190.48,28/01/28,3630
INV261609,Tree management maintenance services,Citywide Service Solutions Pty. Ltd.,90571.05,24/05/2026,3678
INV261610,Building maintenance services,Programmed,0.0m,20 June 2028,3630
INV261611,Integrated security services,NATIONAL PROTECTIVE SERVICES PTY LTD,"$119,207.79",25 January 2028,3686
INV261612,Vehicle tow away and impound services,Nationwide Towing Services (AUS),"$147,351.07",2025-12-10,3585
INV261613,Building cleaning services,Menzies International (Aust) Pty Ltd,"$227,771.38",30/01/2029,3634
INV261614,Building cleaning services,Menzies Intl (Aust) Pty Ltd,96501.0,28 November 2029,3634
INV261615,Open spaces management - region 1,Citywide Service Solutions Pty Ltd (AU),32602.46,26/09/28,3676
INV261616,Graffiti management and pressure cleaning services,Calcorp Services Pty. Ltd.,0.0m,2028-06-22,3668
INV261617,Vehicle tow away and impound services,Nationwide To,0.2m,12/07/2027,3585
INV261618,Management of Active Melbourne recreation facilities,Victorian YMCA Communi,198081.68,18/06/2029,3615
INV261619,Parking technology services,Reino,221970.78,22-Jun-2028,3623
INV261620,Civil infrastructure services,Citywide Service Solutions Pty Ltd,"$70,708.89",21 May 2026,3665
INV261621,Parking technology services,Serco,0.2m,2025-06-27,3677
INV261622,Waste management services,Cleanaway,187323.19 AUD,17-Jul-2028,3556
INV261623,Civil infrastructure services,Citywide,0.1m,13/01/2026,3665
INV261624,Street cleaning,Spotless Facility Services Pty Ltd,0.1m,2027-07-15,3669
INV261625,Civil infrastructure services,Citywide Service Solutions Pty Ltd,154953.93,2028-10-08,3665
INV261626,Management of Active Melbourne recreation facilities,Victorian YMCA Community Programming Pty Ltd,156293.0 AUD,23 November 2027,3615
INV261627,Building maintenance services,Programmed Facility Management P/L,168938.68 AUD,2025-08-01,3630
INV261628,Open spaces management - region 1,Citywide Service Solutions Pty Ltd,36569.9 AUD,01/01/2027,3676
INV261629,Melbourne Town Hall venue management,Showtime Event,"$128,133.79",18/07/2025,3670
INV261630,Tree management maintenance services,Citywide Service Solutions Pty Ltd (AU),0.1m,26 February 2025,3678
INV261631,Civil infrastructure services,Citywide,0.2m,22-Jul-2026,3665
INV261632,Management of Active Melbourne recreation facilities,Victorian YMCA Community Programming Pty Ltd (AUS),"$206,046.35",17/10/2027,3615
INV261633,Building cleaning services,Menzies  International  (Aust)  Pty  Ltd,44269.62,24-Nov-2028,3634
INV261634,Tree management maintenance services,Citywide Service Solutions Pty Ltd (AUS),"$106,803.9",30 September 2029, 
INV261635,Tree management maintenance services,Citywide Service Solutions Pty Ltd,133976.08,14-May-2025,3678
INV261636,Integrated security services,National Protectiv,"$155,003.43",2025-03-22,3686
INV261637,Building maintenance services,ProgrammedFacilityManagementPtyLtd,"$120,727.49",2028-08-06,3630
INV261638,Management of Active Melbourne recreation facilities,Victorian YMCA Community Programming Pty Ltd (AU),"$242,089.27",2026-03-31,3615
INV261639,Open spaces management - region 2,Serco,171232.3,26/07/24,3677
INV261640,Building cleaning services,Menzies Internatio,35871.54 AUD,10/08/2028,3634
INV261641,Graffiti management and pressure cleaning services,CalcorpServicesPtyLtd,45018.94 AUD,17 February 2028,3668
INV261642,Parking technology services,Programmed  Facility  Management  Pty  Ltd,"$80,233.74",29/08/07,3630
INV261643,Civil infrastructure services,Citywide Service Solutions Pty Ltd (AU),105801.11,25/05/24,3665
INV261644,Building maintenance services,Programmed Facility,209175.72 AUD,20/09/2025,3630
INV261645,Management of Active Melbourne recreation facilities,Victorian YMCA Community Prkgramming Pty Ltd,0.2m,12/06/2026,3615
INV261646,Parking technology services,Reino  International  Pty  Ltd  T/A  Duncan  Solutions,117492.08 AUD,26/07/19,3623
INV261647,Graffiti management and pressure cleaning services,Calcorp Serv,167132.32,2027-08-16,3668
INV261648,Civil infrastructure services,Citywide,4537.95 AUD,19/04/2029,3665
INV261649,Parking technology services,Reino International Pty ,81718.36,2029-12-08,3623
INV261650,Management of Active Melbourne recreation facilities,Victorian YMCA Community Programming Pty Ltd (AUS),588.07,,3615
INV261651,Melbourne Town Hall venue management,Showtime Event Group Pty Ljd,36656.35 AUD,2027-01-08,3670
INV261652,Management of Active Melbourne recreation facilities,Victorian YMCA Community Programming Pty Ltd,0.0m,2026-04-01,3615
INV261653,Street cleaning,Spotless Facility Services Pty Ltd (AU),0.1m,2027-10-22,3669
INV261654,Open spaces management - region 2,SERCO,"$61,463.18",04 March 2029,3677
INV261655,Vehicle tow away and impound services,Nationwide,64311.2 AUD,26/06/01,3585
INV261656,Integrated security services,National Protectiv,90787.79,25/12/2026,3686
INV261657,Street cleaning,SPOTLESS FACILITY SERVICES PTY LTD,0.0m,27/04/30,3669
INV261658,Parking technology services,reino international pty ltd t/a duncan solutions,180456.04,14-Mar-2026,3623
INV261659,Integrated security services,National Protective Services Pty Ltd,"$237,469.29",19/01/2028,3686
INV261660,Melbourne Town Hall venue management,Showtime Event Group Pty Ltd,31214.93 AUD,21/07/2025,3670
INV261661,Management of Active Melbourne recreation facilities,Victorian YMCA Community Programming Pty Ltd (AUS),197359.29,29/03/01,3615
INV261662,Open spaces management - region 2,SmRCO,"$11,817.44",19 October 2028,3677
INV261663,Integrated security services,National Protective Services Pty Ltd (AU),"$62,810.98",13 April 2028,3686
INV261664,Waste management services,Cleanaway Waste Management Limited,166705.93,08 July 2028,3556
INV261665,Civil infrastructure services,Citywide Service Solutions P/L,6977.05 AUD,19/06/2027,3665
INV261666,Melbourne Town Hall venue management,Showtime Event Group Pty Ltd,221546.53,01 July 2029,3670
INV261667,Open spaces management - region 1,Citywide Service Solutions Pty Ltd,0.2m,05/10/2027,3676
INV261668,Waste management services,Cleanaway Waste Management Limiter,123916.82,15-Oct-2029,3556
INV261669,Melbourne Town Hall venue management,Showtime Event Group Pty. Ltd.,"$66,982.15",21-Jan-2026,3670
INV261670,Civil infrastructure services,Citywide Service Solutions Pty Ltd (AU),69517.54,24-Sep-2025,3665
INV261671,Open spaces management - region 2,SERCO,"$72,109.49",09/02/2026,3677
INV261672,Waste management services,Cleanaway Waste Mgmt Limited,0.0m,17 September 2025,3556
INV261673,Civil infrastructure services,CitywideServiceSolutionsPtyLtd,0.2m,2025-03-09,3665
INV261674,Open spaces management - region 2,SERCO,190474.4,2029-05-25,3677
INV261675,Tree management maintenance services,VICTORIAN YMCA COMMUNITY PROGRAMMING PTY LTD,224361.65 AUD,28/01/2028,3615
INV261676,Graffiti management and pressure cleaning services,Calcorp Services qty Ltd,190035.93,07/01/2025,3668
INV261677,Building maintenance services,Programmed Facility Management Pty Ltd,0.2m,28/04/2028,3630
INV261678,Vehicle tow away and impound services,Nationwide Towing Services,81377.82 AUD,2029-06-15,3585
INV261679,Vehicle tow away and impound services,Nationwide Towing Services,24666.05 AUD,27/10/29,3585
INV261680,Waste management services,Cleanaway,"$114,074.91",02-Sep-2026,3556
INV261681,Open spaces management - region 2,SERCO,77187.51 AUD,10/03/2026,3677
INV261682,Street cleaning,Spotless Facility Services Pty Ltd (AUS),"$156,316.3",27/01/18,3669
INV261683,Open spaces management - region 1,Citywide Service Solutions Pty Ltd,0.0m,25-Jul-2029,3676
INV261684,Open spaces management - region 1,Citywide  Service  Solutions  Pty  Ltd,181648.55,26 May 2028,3676
INV261685,Open spaces management - region 1,Citywide Service Solutions Pty Ltd (AU),173125.36,24/09/2026,3676
INV261686,Open spaces management - region 1,CitywideServiceSolutionsPtyLtd,74939.29 AUD,25/11/11,3676
INV261687,Waste management services,National Protective Services Pty. Ltd.,"$100,042.21",2028-06-08,3686
INV261688,Tree management maintenance services,Reino International Pty Ltd T/A Duncan Solutions (AU),"$137,298.57",26/01/10,3623
INV261689,Open spaces management - region 1,citywide service solutions pty ltd,0.2m,2026-06-22,3676
INV261690,Civil infrastructure services,National Protective Services Pty Ltd (AU),"$112,305.8",06 June 2028,3686
INV261691,Graffiti management and pressure cleaning services,Calcorp Services Pty Ltd,134266.59,05/07/2027,3668
INV261692,Integrated security services,National Protective Services Pty Ltd (AU),0.2m,29-Jul-2025,3686
INV261693,Street cleaning,Spotless Facility Services Pty Ltd (AU),"$125,693.86",31/10/2028, 
INV261694,Melbourne Town Hall venue management,Showtime Event Group Pty Ltd,"$186,031.41",13/06/2026,3670
INV261695,Waste management services,Cleanaway Waste Management Ltd,0.2m,10/06/2026,3556
INV261696,Graffiti management and pressure cleaning services,Calcorp Services Pty Ltd (AU),0.2m,25/02/2026,3668
INV261697,Building cleaning services,Menzies Int’l (Aust) Pty Ltd,63079.17 AUD,06/08/2027,3634
INV261698,Vehicle tow away and impound services,Nationwide Towing Services,"$157,632.31",12-Jun-2027,3585
INV261699,Graffiti management and pressure cleaning services,Nationwide To,"$219,141.25",12/08/2025,3585
INV261700,Tree management maintenance services,Citywide Service Solutions Pty Ltd (AUS),122537.82 AUD,31 January 2026,3678
INV261701,Tree management maintenance services,Citywide Service Solutions Pty. Ltd.,0.1m,2025-01-26,3678
INV261702,Open spaces management - region 1,Citywide Service ,214198.45,17/09/2025,3676
INV261703,Waste management services,cleanaway waste management limited,69281.43 AUD,23-Oct-2029,3556
INV261704,Building maintenance services,Programmed Facility Management Pty Ltd (AUS),"$220,614.03",2027-01-10,3630
INV261705,Waste management services,Cleanaway Waste Mgmt Limited,22218.21,26/01/01,3556
INV261706,Street cleaning,Spotless Facility Services Pty Ltd,"$19,287.25",25 September 2026,3669
INV261707,Civil infrastructure services,Citywide  Service  Solutions  Pty  Ltd,"$133,222.3",02 July 2027,3665
INV261708,Integrated security services,National Protectiv,67322.58,06/11/2025,3686
INV261709,Building maintenance services,PROGRAMMED FACILITY MANAGEMENT PTY LTD,0.2m,2026-04-26,3630
INV261710,Tree management maintenance services,Citywide Service Solutions Pty Ltd,78812.95 AUD,10/04/2026,3678
INV261711,Vehicle tow away and impound services,NationwideTowingServices,178096.03,21/09/2025,3585
INV261712,Management of Active Melbourne recreation facilities,Victorian YMCA Community Programming P/L,19227.15,18 October 2027,3615
INV261713,Open spaces management - region 1,Citywide  Service  Solutions  Pty  Ltd,163472.59,2028-01-25,3676
INV261714,Melbourne Town Hall venue management,Showtime Event Group Pty Ltd,27404.57,15/04/2028,3670
INV261715,Tree management maintenance services,Citywide Service Solutions P/L,0.0m,26/12/2025,3678
INV261716,Vehicle tow away and impound services,Natitnwide Towing Services,172330.27,15 May 2027,3585
INV261717,Graffiti management and pressure cleaning services,calcorp services pty ltd,"$75,274.1",13/06/2026,3668
INV261718,Building maintenance services,Programmed Facility Management Pty Ltd,18490.53,10/12/2028,3630
INV261719,Building maintenance services,ProgrammedFacilityManagementPtyLtd,"$132,702.27",,3630
INV261720,Parking technology services,Reino International Pty ,0.0m,2028-05-26,3623
INV261721,Open spaces management - region 1,Spotless Facility Services Pty Ltd,"$83,112.36",18 October 2025,3669
INV261722,Tree management maintenance services,Citywide Service Solutimns Pty Ltd,137194.66,24/03/2027,3678
INV261723,Street cleaning,Spotless  Facility  Services  Pty  Ltd,113084.5,19/05/2028,3669
INV261724,Street cleaning,Showtime  Event  Group  Pty  Ltd,89114.79,2027-12-10,3670
INV261725,Open spaces management - region 2,Serco,82047.96 AUD,11-Oct-2027,3677
INV261726,Civil infrastructure services,citywide service solutions pty ltd,"$4,555.67",05/09/2025,3665
INV261727,Graffiti management and pressure cleaning services,Calcorp Services Pty Ltd,"$205,601.54",2028-06-22,3668
INV261728,Parking technology services,Reino Internstional Pty Ltd T/A Duncan Solutions,650.07,2025-08-03,3623
INV261729,Building maintenance services,PROGRAMMED FACILITY MANAGEMENT PTY LTD,"$235,705.1",11/03/2029,3630
INV261730,Civil infrastructure services,Citywide Service Solutions Pty Ltd (AU),153928.63,19/09/2027,3665
INV261731,Graffiti management and pressure cleaning services,Calcorp Services Pty Ltd (AUS),84769.52,27/10/06,3668
INV261732,Integrated security services,NationalProtectiveServicesPtyLtd,216328.95,28/11/17,3686
INV261733,Open spaces management - region 1,Citywide Service Solutions Pty Ltd (AUS),"$73,031.81",28 September 2025,3676
INV261734,Integrated security services,National Protective Services Pty Ltd,2218.0,12 October 2028,3686
INV261735,Parking technology services,Reino,"$158,881.43",02/06/2027,3623
INV261736,Tree management maintenance services,Citywide Service Solutions P/L,231140.96,13 January 2028,3678
INV261737,Street cleaning,Spotless Fahility Services Pty Ltd,52058.33 AUD,27/01/24,3669
INV261738,Street cleaning,Spotless Facility Services P/L,21186.47,17 June 2027, 
INV261739,Integrated security services,national protective services pty ltd,0.1m,06-Oct-2028,3686
INV261740,Integrated security services,National,57191.19 AUD,2026-08-17,3686
INV261741,Vehicle tow away and impound services,Nationwide Towing Services,116984.0 AUD,2029-10-10,3585
INV261742,Building cleaning services,Reino International Pty Ltd T/A Duncan Solutions (AUS),98682.34 AUD,25-Jan-2028,3623
INV261743,Civil infrastructure services,Citywide Service Solutions Pty. Ltd.,"$14,724.41",18/02/2029,3665
INV261744,Building maintenance services,Programmed Facility Management Pty Ltd,32915.91,15/04/2025,3630
INV261745,Vehicle tow away and impound services,Nationwide Towing Services,237709.8,07 February 2026,3585
INV261746,Open spaces management - region 2,Serco,113816.14 AUD,08 February 2026,3677
INV261747,Open spaces management - region 1,Citywide,59161.16,29 March 2027,3676
INV261748,Melbourne Town Hall venue management,Showtime Event Group Pty Ltd,192440.53,12 March 2029,3670
INV261749,Open spaces management - region 1,CITYWIDE SERVICE SOLUTIONS PTY LTD,230070.12,10-Jan-2029,3676
INV261750,Parking technology services,Reino International Pty Ltd T/A Duncan Solutions,0.1m,27/08/02,3623
INV261751,Tree management maintenance services,Citywide  Service  Solutions  Pty  Ltd,170949.8 AUD,10-Dec-2029,3678
INV261752,Open spaces management - region 1,Citywide Service ,,05 July 2029,3676
INV261753,Tree management maintenance services,Citywide Service Solutions Pty Ltd (AUS),"$58,404.28",25/12/07,3678
INV261754,Integrated security services,NationalProtectiveServicesPtyLtd,"$130,781.33",21 May 2025,3686
INV261755,Management of Active Melbourne recreation facilities,Victorian,"$139,771.01",12 April 2026,3615
INV261756,Parking technology services,Reino International Pty Ltd T/A Duncan Solutions,57787.88,13/08/2027,3623
INV261757,Management of Active Melbourne recreation facilities,Victorian YMCA Community ProgrammingaPty Ltd,"$176,659.12",06/01/2026,3615
INV261758,Building maintenance services,programmed facility management pty ltd,0.1m,12 January 2029,3630
INV261759,Vehicle tow away and impound services,NationwideTowingServices,153058.18,25/06/10,3585
INV261760,Integrated security services,National Protective Services Pty Ltd (AUS),5643.64 AUD,04 December 2025,3686
INV261761,Graffiti management and pressure cleaning services,CALCORP SERVICES PTY LTD,90720.68,06/07/2027,3668
INV261762,Street cleaning,Spotless Facility Services P/L,0.0m,25-Dec-2028,3669
INV261763,Building cleaning services,Menzies International (Aust) Pty Ltd (AU),"$222,671.18",26/09/26,3634
INV261764,Graffiti management and pressure cleaning services,Calcorp Services Pty. Ltd.,0.1m,28/10/2026,3668
INV261765,Open spaces management - region 1,Citywide Service Solutions Pty Ltd,208958.84,13/06/2026,3676
INV261766,Graffiti management and pressure cleaning services,Calcorp Services Pty Ltd,153891.16,2026-03-20,3668
INV261767,Integrated security services,National Protective Services P/L,"$94,342.8",04/03/2028, 
INV261768,Open spaces management - region 2,serco,0.2m,27/06/07,3677
INV261769,Graffiti management and pressure cleaning services,CalcorpServicesPtyLtd,0.1m,23 October 2029,3668
INV261770,Melbourne Town Hall venue management,Showtime Event Group Pty Ltg,77484.0 AUD,13/12/2025,3670
INV261771,Open spaces management - region 2,SERCO,91377.76,02-May-2027,3677
INV261772,Parking technology services,Reino International Pty. Ltd. T/A Duncan Solutions,0.2m,17 September 2029,3623
INV261773,Building cleaning services,Menzies  International  (Aust)  Pty  Ltd,"$234,796.36",2025-02-16,3634
INV261774,Waste management services,Cleanaway,"$129,705.07",02 May 2028,3556
INV261775,Integrated security services,National Protective Services Pty Ltd,"$216,594.08",31 March 2029,3686
INV261776,Management of Active Melbourne recreation facilities,Victorian YMCA Community Programming Pty Ltd,"$139,318.96",02/06/2029,3615
INV261777,Integrated security services,National Protective Services Pty Ltd,53749.23 AUD,14/02/2028,3686
INV261778,Integrated security services,National Protective Services Pty. Ltd.,169985.73,15-Jun-2027, 
INV261779,Building cleaning services,MenziesInternational(Aust)PtyLtd,"$93,765.13",17-Aug-2025,3634
INV261780,Open spaces management - region 2,SERCO (AUS),0.2m,2028-04-06,3677
INV261781,Building maintenance services,SpotlessFacilityServicesPtyLtd,61182.75,2027-03-23,3669
INV261782,Integrated security services,National Protective Services Pty Ltd (AU),"$127,779.02",29/11/16,3686
INV261783,Parking technology services,Reino International P/L T/A Duncan Solutions,0.1m,04 February 2028,3623
INV261784,Civil infrastructure services,Citywide Service Solutions P/L,0.2m,2026-03-04,3665
INV261785,Building maintenance services,programmed facility management pty ltd,11619.6 AUD,26/06/19,3630
INV261786,Building maintenance services,Programmed Facility,20125.29 AUD,30/05/2029,3630
INV261787,Open spaces management - region 1,Citywide Service Solutions Pty Ltd,0.0m,2026-11-14,3676
INV261788,Street cleaning,Spotless Facility Services Pty Ltd (AU),,2027-04-04,3669
INV261789,Vehicle tow away and impound services,Nationwide  Towing  Services,136362.29,12 July 2028,3585
INV261790,Melbourne Town Hall venue management,Showtime Event Group P/L,15906.26,01 August 2027,3670
INV261791,Management of Active Melbourne recreation facilities,Victorian,19334.23,02 October 2026,3615
INV261792,Street cleaning,Spotless Facility Services P/L,0.2m,10/07/2025,3669
INV261793,Management of Active Melbourne recreation facilities,Victorian YMCA Community Programming P/L,"$86,604.58",15/09/2025,3615
INV261794,Graffiti management and pressure cleaning services,CALCORP SERVICES PTY LTD,0.2m,31/01/2029,3668
INV261795,Melbourne Town Hall venue management,Showtime,194790.1 AUD,19/05/2026,3670
INV261796,Tree management maintenance services,Citywide Service ,"$228,169.91",2028-06-11,3678
INV261797,Open spaces management - region 1,Citywide Service Solutions Pty Ltd (AUS),157194.35,16/09/2029,3676
INV261798,Melbourne Town Hall venue management,Showtime Event Group Pty Ltd,"$120,414.34",29/10/2028,3670
INV261799,Open spaces management - region 2,SERCO,"$141,343.42",2025-07-21,3677
INV261800,Street cleaning,Spotless  Facility  Services  Pty  Ltd,110797.88,28/06/09,3669
INV261801,Civil infrastructure services,CitywideServiceSolutionsPtyLtd,170486.84,27/01/2029,3665
INV261802,Open spaces management - region 1,Cinywide Service Solutions Pty Ltd,"$48,938.59",23 March 2027,3676
INV261803,Melbourne Town Hall venue management,Showtime,"$36,790.88",2029-11-13,3670
INV261804,Street cleaning,SPOTLESS FACILITY SERVICES PTY LTD,173686.64,24/07/2028,3669
INV261805,Integrated security services,NationalProtectiveServicesPtyLtd,"$126,672.55",17/10/2027,3686
INV261806,Management of Active Melbourne recreation facilities,VICTORIAN YMCA COMMUNITY PROGRAMMING PTY LTD,154051.39 AUD,24/02/2025,3615
INV261807,Open spaces management - region 1,Citywide Service Solutions Pty Ltd (AU),149010.2,07 February 2029,3676
INV261808,Open spaces management - region 2,SERCO (AU),0.2m,13/05/2027,3677
INV261809,Building maintenance services,Programmed,0.1m,2027-11-18,3630
INV261810,Building maintenance services,programmed facility management pty ltd,"$105,688.98",27/09/11,3630
INV261811,Tree management maintenance services,Citywide Service Solutions Pty Ltd,72456.05 AUD,12-Oct-2028,3678
INV261812,Vehicle tow away and impound services,Nationwide Towing Services (AU),99510.86 AUD,26/11/2027,3585
INV261813,Graffiti management and pressure cleaning services,CALCORP SERVICES PTY LTD,224172.42,14-Sep-2029,3668
INV261814,Open spaces management - region 2,National Protective Services Pte Ltd,67835.5,26/03/15,3686
INV261815,Street cleaning,Spotless,129400.89,2028-01-25,3669
INV261816,Building maintenance services,Programmed Facility Management P/L,205439.35,2025-07-30,3630
INV261817,Integrated security services,National Protective Services Pty Ltd (AUS),188270.71,26/10/2028,3686
INV261818,Building maintenance services,ProgrammedFacilityManagementPtyLtd,101951.65,28/08/2026,3630
INV261819,Street cleaning,Spotless Facility Services Pty Ltd,116383.34 AUD,15/11/2027,3669
INV261820,Building cleaning services,Menzies International (Aust) Pty Ltd,71611.79,02/07/2025,3634
INV261821,Building cleaning services,Menzies International (Aust) Pty. Ltd.,83788.92,2026-12-29,3634
INV261822,Vehicle tow away and impound services,Nationwide,63719.27 AUD,08 November 2028,3585
INV261823,Integrated security services,National Protective Services Pty Ltd,"$112,119.94",11-Mar-2026,3686
INV261824,Melbourne Town Hall venue management,Showtime Event Group Pty Ltd,23368.67 AUD,02/01/2026,3670
INV261825,Vehicle tow away and impound services,Showtime Event,151493.48,2028-03-29,3670
INV261826,Civil infrastructure services,Citywide,0.2m,,3665
INV261827,Open spaces management - region 2,Serco,221811.91,15-Jan-2028,3677
INV261828,Melbourne Town Hall venue management,Showtime,0.1m,2026-01-09,3670
INV261829,Management of Active Melbourne recreation facilities,Victorian  YMCA  Community  Programming  Pty  Ltd,176159.8,2028-05-20,3615
INV261830,Management of Active Melbourne recreation facilities,Victorian YMCA Community Programming Pty Ltd (AU),61427.53,29/09/2026,3615
INV261831,Vehicle tow away and impound services,Nationwide  Towing  Services,110262.51 AUD,12 April 2027,3585
INV261832,Civil infrastructure services,Citywide  Service  Solutions  Pty  Ltd,46004.25,20 December 2028,3665
INV261833,Civil infrastructure services,Citywide Service Solutions Pty Ltd,185087.03,16/09/2028,3665
INV261834,Street cleaning,Spotless Facility Services Pty Ltd,79663.67,31/08/2026,3669
INV261835,Vehicle tow away and impound services,NationwideTowingServices,"$59,760.27",01/01/2026, 
INV261836,Open spaces management - region 2,SERCO,238858.41,31/03/2028,3677
INV261837,Street cleaning,spotless facility services pty ltd,189067.75,25/10/11,3669
INV261838,Waste management services,Cleanaway,0.0m,26 July 2026,3556
INV261839,Management of Active Melbourne recreation facilities,Victorian YMCA Community Programming P/L,"$7,221.93",26/08/07, 
INV261840,Waste management services,Cleanaway,"$189,120.14",,3556
INV261841,Street cleaning,Spotless,109213.04 AUD,25/07/13, 
INV261842,Waste management services,Cleanaway Waste Management Ltd,"$233,915.68",2027-12-20,3556
INV261843,Open spaces management - region 1,citywide service solutions pty ltd,223816.59,27/04/2028,3676
INV261844,Waste management services,Cleanaway Waste Management Limited,146768.63,26/05/26,3556
INV261845,Management of Active Melbourne recreation facilities,Victorian YMCA Community Programming Pty Ltd,0.1m,18/10/2026,3615
INV261846,Parking technology services,Reino International Pty ,0.2m,20-Aug-2028,3623
INV261847,Tree management maintenance services,Citywide,185075.17,15/09/2027,3678
INV261848,Parking technology services,Reino International Pty Ltd T/A Duncan Solutions (AU),8580.9,04/06/2026,3623
INV261849,Management of Active Melbourne recreation facilities,VictorianYMCACommunityProgrammingPtyLtd,36628.45,16/07/2027,3615
INV261850,Street cleaning,Spotless,69413.11 AUD,2025-01-05,3669
INV261851,Building cleaning services,Menzies International (Aust) Pty Ltd (AU),78144.95 AUD,07/09/2026,3634
INV261852,Waste management services,Cleanaway Waste Mgmt Limited,81987.67,02-Sep-2028,3556
INV261853,Vehicle tow away and impound services,Nationwide Towing Services (AU),9568.8,26 January 2027,3585
INV261854,Integrated security services,National Protective Services Pty Ltd,0.2m,25/10/2025,3686
INV261855,Tree management maintenance services,Citywide Service Solutions Pty Ltd,"$213,689.98",01/12/2029,3678
INV261856,Parking technology services,REINO INTERNATIONAL PTY LTD T/A DUNCAN SOLUTIONS,"$16,176.05",14/10/2026,3623
INV261857,Open spaces management - region 2,Serco,0.0m,25/03/25,3677
INV261858,Building maintenance services,programmed facility management pty ltd,"$225,038.92",07/07/2027,3630
INV261859,Building maintenance services,Programmed Facility Management P/L,"$214,274.13",10/08/2025,3630
INV261860,Building cleaning services,Menzies  International  (Aust)  Pty  Ltd,109561.93 AUD,27/10/07,3634
INV261861,Integrated security services,National Protective Services Pty Ltd,159731.88,22 December 2025,3686
INV261862,Vehicle tow away and impound services,Nationwide Towing Services (AU),0.1m,29 September 2029,3585
INV261863,Building cleaning services,Menzies International (Aust) Pty Ltd (AU),"$178,702.2",08/02/2029,3634
INV261864,Parking technology services,Reino International Pty Ltd T/A Duncan Solutions (AU),122590.57,10-Jul-2026,3623
INV261865,Vehicle tow away and impound services,Nationwide Towing Services,0.2m,29 July 2025,3585
INV261866,Street cleaning,Spotless Facility,0.1m,14/06/2025, 
INV261867,Tree management maintenance services,Citywide Service Solutions P/L,47722.85,26/12/07,3678
INV261868,Melbourne Town Hall venue management,ShowtimeEventGroupPtyLtd,0.1m,2029-03-10,3670
INV261869,Management of Active Melbourne recreation facilities,Victorian YMCA Community Programming Pty Ltd,213410.37,16 June 2029,3615
INV261870,Open spaces management - region 1,Citywide Service Solutions Pty. Ltd.,8088.74 AUD,31-Jul-2029,3676
INV261871,Tree management maintenance services,Citywide Service molutions Pty Ltd,131953.92,23/02/2028,3678
INV261872,Street cleaning,spotless facility services pty ltd,4454.26,2026-12-02,3669
INV261873,Street cleaning,Spotless,31726.51,06/04/2026,3669
INV261874,Graffiti management and pressure cleaning services,CalcorpServicesPtyLtd,10812.59,03/04/2028, 
INV261875,Waste management services,Cleanlway Waste Management Limited,"$107,515.2",2027-12-27,3556
INV261876,Tree management maintenance services,Citywide,0.0m,19/11/2025,3678
INV261877,Civil infrastructure services,Citywide,244958.24,25 March 2025, 
INV261878,Melbourne Town Hall venue management,Showtime Event Group Pty Ltd,0.2m,2026-02-12,3670
INV261879,Civil infrastructure services,Citywide Service Souutions Pty Ltd,8309.19,27/04/18, 
INV261880,Integrated security services,NATIONAL PROTECTIVE SERVICES PTY LTD,"$188,478.52",30/11/2028,3686
INV261881,Open spaces management - region 1,Citywide Service Solutions Pty. Ltd.,20256.6 AUD,25/02/06,3676
INV261882,Melbourne Town Hall venue management,Showtime Event Group P/L,248594.81,2028-08-27,3670
INV261883,Tree management maintenance services,Citywide Service Solutions Pty Ltd (AUS),229589.91,25/12/2026, 
INV261884,Waste management services,CLEANAWAY WASTE MANAGEMENT LIMITED,0.2m,2029-06-23,3556
INV261885,Civil infrastructure services,CitywideServiceSolutionsPtyLtd,0.2m,06/01/2027, 
INV261886,Melbourne Town Hall venue management,citywide service solutions pty ltd,226204.17 AUD,23/09/2029,3678
INV261887,Street cleaning,Spotless Facility Services Pty. Ltd.,130822.37,25/03/10,3669
INV261888,Building cleaning services,Menzies,153108.88,13 January 2025, 
INV261889,Street cleaning,Spotless Facility Services Pty Ltd (AUS),89519.23 AUD,10 January 2026,3669
INV261890,Melbourne Town Hall venue management,Showtime Event Group P/L,129632.01 AUD,2028-08-09,3670
INV261891,Building maintenance services,Programmed Facility Management Pty Ltd,"$27,669.81",22/08/2026,3630
INV261892,Building cleaning services,Menzies,0.2m,28/10/24,3634
INV261893,Street cleaning,Spotless Facility Services Pty Ltd,132683.11 AUD,29/11/09,3669
INV261894,Open spaces management - region 1,Citywide Service Solutions Pty Ltd,199084.11,24-Jun-2027,3676
INV261895,Graffiti management and pressure cleaning services,CalcorpServicesPtyLtd,208772.22 AUD,16/12/2027,3668
INV261896,Tree management maintenance services,CITYWIDE SERVICE SOLUTIONS PTY LTD,42342.04,25/05/25,3676
INV261897,Vehicle tow away and impound services,Nationwide  Towing  Services,46357.33,29-Jul-2026,3585
INV261898,Street cleaning,Spotless Facility Services Pty Ltd,243313.62 AUD,2025-07-12,3669
INV261899,Integrated security services,National Protecsive Services Pty Ltd,125110.15,05 September 2025,3686
INV261900,Open spaces management - region 2,Serco,0.2m,29/07/02,3677
INV261901,Parking technology services,Reino Int’l Pty Ltd T/A Duncan Solutions,0.2m,28/05/30,3623
INV261902,Civil infrastructure services,Citywide Service Solutions Pty Ltd (AUS),129020.74,25/01/2025,3665
INV261903,Waste management services,Cleanaway,107139.16 AUD,27/08/2027,3556
INV261904,Open spaces management - region 2,SERCO,60677.01,26/08/2026,3677
INV261905,Open spaces management - region 2,wERCO,201614.79,03/09/2027,3677
INV261906,Management of Active Melbourne recreation facilities,Victorian YMCA Community Programming Pty Ltd (AUS),80815.06,21/08/2028,3615
INV261907,Vehicle tow away and impound services,NationwideTowingServices,220596.33,08 July 2028,3585
INV261908,Waste management services,Cleanaway  Waste  Management  Limited,141159.17,04-Aug-2027,3556
INV261909,Open spaces management - region 1,Citywide  Service  Solutions  Pty  Ltd,165356.19 AUD,28/06/02,3676
INV261910,Integrated security services,National  Protective  Services  Pty  Ltd,"$247,637.97",03 December 2025,3686
INV261911,Waste management services,Cleanaway Waste Management Limited (AU),"$74,077.22",2028-10-12,3556
INV261912,Civil infrastructure services,Citywide,132481.58,19-Jun-2029,3665
INV261913,Graffiti management and pressure cleaning services,Calcorp Services P/L,136182.5 AUD,2025-05-18,3668
INV261914,Tree management maintenance services,Citywide Service Solutions Pty. Ltd.,89610.38,17/08/2026,3678
INV261915,Building cleaning services,Menzies,12029.81,12-Oct-2025,3634
INV261916,Building cleaning services,MenziesInternational(Aust)PtyLtd,,19/08/2029,3634
INV261917,Waste management services,CLEANAWAY WASTE MANAGEMENT LIMITED,66050.87,04-Nov-2025,3556
INV261918,Integrated security services,National Protective Services Pty. Ltd.,138180.68 AUD,11 August 2025,3686
INV261919,Management of Active Melbourne recreation facilities,Victorian,0.2m,09-Dec-2028,3615
INV261920,Integrated security services,National Protective Services Pty Ltd (AU),89167.26,2028-08-27,3686
INV261921,Tree management maintenance services,CITYWIDE SERVICE SOLUTIONS PTY LTD,124033.15,06-Jul-2027,3678
INV261922,Building cleaning services,Menzies Intl (Aust) Pty Ltd,83927.87 AUD,11 July 2025,3634
INV261923,Civil infrastructure services,Cidywide Service Solutions Pty Ltd,0.2m,28/09/04,3665
INV261924,Melbourne Town Hall venue management,ShowtimeEventGroupPtyLtd,183294.71,24/12/2027,3670
INV261925,Integrated security services,NationalProtectiveServicesPtyLtd,106957.96,2026-09-05,3686
INV261926,Building cleaning services,Menzies International (Aust) P/L,"$148,735.58",26-Dec-2029,3634
INV261927,Melbourne Town Hall venue management,Showtime Event Group Pty Ltd (AUS),206854.5 AUD,18 April 2026,3670
INV261928,Building maintenance services,Programmed Facility Management Pty Ltd,0.1m,29/09/2028,3630
INV261929,Tree management maintenance services,Citywide Service Solutions Pty. Ltd.,0.2m,29/01/13,3678
INV261930,Parking technology services,Reino International Pty Ltd T/A Duncan Solutions,0.1m,24-Jul-2029,3623
INV261931,Waste management services,cleanaway waste management limited,223108.36 AUD,28/10/18,3556
INV261932,Vehicle tow away and impound services,NationwideTowingServices,159097.41,29/02/17,3585
INV261933,Melbourne Town Hall venue management,ShowtimeEventGroupPtyLtd,0.1m,19/06/2028,3670
INV261934,Building cleaning services,Menzies,248745.47,08-May-2025,3634
INV261935,Building cleaning services,MenziesInternational(Aust)PtyLtd,37052.16 AUD,2027-04-17,3634
INV261936,Building cleaning services,Menzies  International  (Aust)  Pty  Ltd,242428.11,01/09/2025,3634
INV261937,Integrated security services,National Protective Services Pty Ltd,0.2m,05/01/2027,3686
INV261938,Vehicle tow away and impound services,Calcorp Services P/L,"$19,759.21",17/02/2026, 
INV261939,Open spaces management - region 2,SERCO,0.2m,27/07/16,3677
INV261940,Tree management maintenance services,Citywide Service Solutions Pty. Ltd.,0.1m,28/01/11, 
INV261941,Vehicle tow away and impound services,Nationwide Towing Services,76900.06,28/06/19,3585
INV261942,Parking technology services,reino international pty ltd t/a duncan solutions,"$180,260.19",29/03/02,3623
INV261943,Building maintenance services,Programmed  Facility  Management  Pty  Ltd,107117.33,27/09/16,3630
INV261944,Tree management maintenance services,Citywide Service Solutions P/L,231376.82,19/12/2029,3678
INV261945,Building cleaning services,Menzies,246760.01,13-Mar-2026,3634
INV261946,Open spaces management - region 2,SERCO,246005.15,17 March 2028,3677
INV261947,Management of Active Melbourne recreation facilities,Victorian YMCA Community Programming Pty. Ltd.,"$16,764.84",25/10/20,3615
INV261948,Melbourne Town Hall venue management,Showtime Event Group Pty Ltd,1895.24,2029-01-21,3670
INV261949,Waste management services,Cleanaway,0.1m,2029-06-27,3556
INV261950,Open spaces management - region 2,SERCO,0.2m,26-Sep-2027,3677
INV261951,Integrated security services,National Protective Services Pty Ltd,"$138,480.43",2026-06-01,3686
INV261952,Vehicle tow away and impound services,Nationwide,95447.25 AUD,16/07/2027,3585
INV261953,Building maintenance services,Programmed Facility Management Pty Ltd (AU),0.2m,2025-08-24,3630
INV261954,Building cleaning services,Menzies International (Aust) Pty Ltd (AU),"$92,281.6",11/02/2029,3634
INV261955,Open spaces management - region 2,SERCO,0.2m,27 March 2029,3677
INV261956,Management of Active Melbourne recreation facilities,Victorian Ymca Community Programming Pty Ltd,246618.16,2026-05-29,3615
INV261957,Melbourne Town Hall venue management,Showtime Event Group Pty Ltd,161558.13,12/05/2029,3670
INV261958,Vehicle tow away and impound services,Nationwide Towing Services,"$211,952.86",15 May 2025,3585
INV261959,Civil infrastructure services,Citywide Service Solutions Pty Ltd,23885.59 AUD,27/01/09,3665
INV261960,Building cleaning services,Menzies International (Aust) Pty. Ltd.,64835.56,11-Jul-2027,3634
INV261961,Building maintenance services,Programmed Facility Management Pty Ltd,0.2m,21 October 2025, 
INV261962,Building cleaning services,Spotless Facility Services Pty. Ltd.,0.2m,2027-01-27,3669
INV261963,Management of Active Melbourne recreation facilities,victorian YMCA Community Programming Pty Ltd,95035.19 AUD,22/02/2027,3615
INV261964,Building cleaning services,Menzies  International  (Aust)  Pty  Ltd,58286.8 AUD,27/12/2028,3634
INV261965,Vehicle tow away and impound services,Nationwide Towing Services (AUS),72339.55,28 November 2025,3585
INV261966,Open spaces management - region 2,vERCO,141393.39 AUD,13/11/2028,3677
INV261967,Street cleaning,SPOTLESS FACILITY SERVICES PTY LTD,0.2m,03-Sep-2029,3669
INV261968,Graffiti management and pressure cleaning services,Calcorp Services Pty Ltd,161331.12,27/09/24,3668
INV261969,Open spaces management - region 1,Citywide Service Solutions Pty Ltd (AU),24155.13 AUD,25/04/25,3676
INV261970,Vehicle tow away and impound services,Nationwide Towing Services,"$221,384.01",29/03/18, 
INV261971,Tree management maintenance services,Citywide Service Solutions Pty Ltd,"$153,444.5",09/07/2029,3678
INV261972,Building maintenance services,Programmed Facility Management Pty Ltd,"$184,464.95",16/04/2027,3630
INV261973,Waste management services,Cleanaway Waste Mananement Limited,199400.07 AUD,20-Sep-2025,3556
INV261974,Open spaces management - region 1,CITYWIDE SERVICE SOLUTIONS PTY LTD,185635.61 AUD,2027-05-27,3676
INV261975,Waste management services,Cleanaway Waste Management Limited (AUS),"$65,434.62",07-Apr-2029, 
INV261976,Management of Active Melbourne recreation facilities,VICTORIAN YMCA COMMUNITY PROGRAMMING PTY LTD,228157.42,26/12/09,3615
INV261977,Street cleaning,SPOTLESS FACILITY SERVICES PTY LTD,209114.89,04 June 2028,3669
INV261978,Management of Active Melbourne recreation facilities,Victorian  YMCA  Community  Programming  Pty  Ltd,"$2,534.8",17-Oct-2026,3615
INV261979,Parking technology services,ReinoInternationalPtyLtdT/ADuncanSolutions,0.0m,2026-12-22, 
INV261980,Waste management services,Cleanaway Waste Management Limited (AUS),56521.45 AUD,10-May-2025,3556
INV261981,Building cleaning services,Menzies International (Aust) Pty. Ltd.,"$125,010.25",10/01/2025,3634
INV261982,Building maintenance services,Programmed Facility Management Pty Ltd,225438.15,2028-10-05,3630
INV261983,Waste management services,Cleanaway  Waste  Management  Limited,91091.7,25/12/16,3556
INV261984,Melbourne Town Hall venue management,SHOWTIME EVENT GROUP PTY LTD,44201.68 AUD,16/03/2025,3670
INV261985,Parking technology services,REINO INTERNATIONAL PTY LTD T/A DUNCAN SOLUTIONS,91897.55,15/08/2027,3623
INV261986,Building maintenance services,ProgrammedFacilityManagementPtyLtd,"$150,427.51",26 December 2027,3630
INV261987,Management of Active Melbourne recreation facilities,Cleanaway Waste Management Limited,0.0m,27/08/19,3556
INV261988,Open spaces management - region 2,SERCO,0.1m,29/04/07,3677
INV261989,Management of Active Melbourne recreation facilities,Victorian YMCA Community Programming Pty Ltd (AU),0.2m,11/11/2028,3615
INV261990,Parking technology services,Reino International P/L T/A Duncan Solutions,11625.37 AUD,17/02/2029,3623
INV261991,Building maintenance services,Programmed Facility Management Pty Ltd,238485.58 AUD,06/11/2025, 
INV261992,Integrated security services,National Protective Services Pty Ltd (AU),125937.94,13 September 2029,3686
INV261993,Tree management maintenance services,CitywideServiceSolutionsPtyLtd,48708.26,30-Jul-2028,3678
INV261994,Vehicle tow away and impound services,Nationwide Towing Services (AUS),102206.7,17/10/2029,3585
INV261995,Graffiti management and pressure cleaning services,Calcorp Services P/L,242744.96,2025-12-17, 
INV261996,Street cleaning,Spotless Facility Services P/L,210611.46,28/10/11,3669
INV261997,Civil infrastructure services,Citywide  Service  Solutions  Pty  Ltd,"$127,690.89",2027-11-22,3665
INV261998,Tree management maintenance services,Citywide Service Solutions Pty Ltd (AUS),0.1m,02/11/2027,3678
INV261999,Building cleaning services,Menzies Intl (Aust) Pty Ltd,68871.82,31 May 2025,3634
INV262000,Graffiti management and pressure cleaning services,Calcorp Services Pty Ltd,0.0m,13/10/2028,3668
