InvoiceID,ContractTitle,Provider,InvoiceAmount,InvoiceDate,ContractNumber
INV200001,Graffiti management and pressure cleaning services,Calcorp Services P/L,168594.24,07/01/2029,3668
INV200002,Parking technology services,Reino International Pty Ltd T/A Duncan Solutions,"$51,475.98",2026-02-18,3623
INV200003,Open spaces management - region 1,Citywide,145496.5 AUD,27-Aug-2029,3676
INV200004,Vehicle tow away and impound services,Nationwide Towing Services,0.1m,24 October 2028,3585
INV200005,Civil infrastructure services,Citywide Service Solutions Pty Ltd,"$26,185.27",27/10/15,3665
INV200006,Building maintenance services,Programmed Facility Management Pty Ltd,125959.83,21/01/2027,3630
INV200007,Integrated security services,oERCO,0.2m,28/10/27,3677
INV200008,Parking technology services,Reino International Pty ,161785.47,19-Sep-2026,3623
INV200009,Building maintenance services,Programmed Facility Management Pty Ltd,"$136,106.33",07-Aug-2028,3630
INV200010,Graffiti management and pressure cleaning services,Calcorp Services Pty Ltd (AU),"$213,650.4",12/09/2026,3668
INV200011,Melbourne Town Hall venue management,Showtime Event Group Pty Ltd (AUS),0.1m,2029-01-24,3670
INV200012,Management of Active Melbourne recreation facilities,VictorianYMCACommunityProgrammingPtyLtd,41211.99 AUD,08 October 2028,3615
INV200013,Integrated security services,national protective services pty ltd,92271.22,28/01/08,3686
INV200014,Building cleaning services,Mendies International (Aust) Pty Ltd,"$236,984.27",22/07/2028,3634
INV200015,Street cleaning,Spotless Facility Services Pty Ltd,57822.31,28/04/01,3669
INV200016,Melbourne Town Hall venue management,Showtime Event Group Pty Ltd,227165.92 AUD,26/10/14,3670
INV200017,Melbourne Town Hall venue management,Showtime Event,0.1m,01/09/2029, 
INV200018,Parking technology services,Reino International Pty Ltd T/A Duncan Solutions,"$172,478.51",11/02/2025,3623
INV200019,Street cleaning,Spotless,0.2m,18-May-2025,3669
INV200020,Management of Active Melbourne recreation facilities,Victorian YMCA Community Programming Pty Ltd,,05-Jul-2027,3615
INV200021,Waste management services,Cleanaway Waste Management Limited,0.1m,24-May-2026,3556
INV200022,Street cleaning,SPOTLESS FACILITY SERVICES PTY LTD,"$53,700.93",16/05/2027,3669
INV200023,Management of Active Melbourne recreation facilities,Victorian YMCA Community Programming Pty Ltd,34760.35,23/10/2029, 
INV200024,Open spaces management - region 2,SERCO,0.0m,2027-10-16,3677
INV200025,Civil infrastructure services,Citywide,0.2m,05/02/2028,3665
INV200026,Graffiti management and pressure cleaning services,Calcorp Services P/L,"$223,783.51",22/06/2028,3668
INV200027,Management of Active Melbourne recreation facilities,Victorian YMCA Community Programming Pty Ltd,213279.65 AUD,12-Mar-2029,3615
INV200028,Melbourne Town Hall venue management,Showtime Event Group Pty. Ltd.,120403.14,,3670
INV200029,Civil infrastructure services,CitywideServiceSolutionsPtyLtd,226708.18 AUD,29/08/2027,3665
INV200030,Waste management services,Cleanaway Waste Management Limited,71749.0 AUD,29/08/12,3556
INV200031,Melbourne Town Hall venue management,ShowtimeEventGroupPtyLtd,161614.19,25/01/09,3670
INV200032,Building maintenance services,Programmed Facility Managemeit Pty Ltd,210504.96 AUD,2029-11-20,3630
INV200033,Open spaces management - region 1,Citywide Service Solutions Pty Ltd (AU),0.1m,16-Oct-2028,3676
INV200034,Tree management maintenance services,Cityyide Service Solutions Pty Ltd,0.2m,02 August 2028,3678
INV200035,Melbourne Town Hall venue management,Showtime Event Group Pty Ltd,"$87,616.43",28/09/25,3670
INV200036,Melbourne Town Hall venue management,Showtime Event Gsoup Pty Ltd,173666.22 AUD,02 February 2029,3670
INV200037,Melbourne Town Hall venue management,Showtime Event Group Pty Ltd,39743.13,25/06/26,3670
INV200038,Tree management maintenance services,Citywide  Service  Solutions  Pty  Ltd,122621.65,29/09/07,3678
INV200039,Civil infrastructure services,Citywide Service Solutions Pty Ltd,202846.09,01 January 2025,3665
INV200040,Open spaces management - region 1,Citywide,"$7,403.51",15-Aug-2029,3676
INV200041,Vehicle tow away and impound services,Nationwide,117192.77 AUD,29/03/11,3585
INV200042,Waste management services,showtime event group pty ltd,136883.37 AUD,20-Dec-2027,3670
INV200043,Integrated security services,NationalProtectiveServicesPtyLtd,227950.9,18-Mar-2028,3686
INV200044,Building cleaning services,Menzies International (Aust) Pty Ltd,217068.95,07/12/2029,3634
INV200045,Parking technology services,Reino International Pty Ltd T/A Duncan Solutions (AU),0.1m,04/11/2028,3623
INV200046,Graffiti management and pressure cleaning services,Calcorv Services Pty Ltd,0.0m,09 February 2026,3668
INV200047,Vehicle tow away and impound services,Showtime Evjnt Group Pty Ltd,0.2m,12-Sep-2028,3670
INV200048,Integrated security services,National Protective Services Pty Ltd,82352.39,31/05/2025,3686
INV200049,Waste management services,Cleanaway Waste Management LTD,65086.41,26/09/24,3556
INV200050,Building maintenance services,Programmed Facility Management P/L,15916.55,02/05/2029,3630
INV200051,Waste management services,Spotless Facility Services Pty Ltd,116008.84 AUD,2026-02-26,3669
INV200052,Integrated security services,National,179223.98,09/07/2025,3686
INV200053,Tree management maintenance services,Citywide Service Solutions Pty Ltd,5037.79 AUD,24-Aug-2027,3678
INV200054,Open spaces management - region 2,SERCO (AU),0.2m,2025-06-03,3677
INV200055,Vehicle tow away and impound services,Nationwide Towing Services,0.1m,12 January 2028,3585
INV200056,Civil infrastructure services,Citywide Service Solutions Pty Ltd (AUS),55342.78,16/11/2027,3665
INV200057,Waste management services,Calcorp Services Pty Ltd,"$197,874.2",12-Dec-2028,3668
INV200058,Vehicle tow away and impound services,Nationwide Towyng Services,"$175,912.99",16/05/2029,3585
INV200059,Open spaces management - region 1,CitywideServiceSolutionsPtyLtd,0.2m,2025-01-22,3676
INV200060,Building maintenance services,Programmed Facility Mgmt Pty Ltd,40126.53,20-Sep-2025,3630
INV200061,Building cleaning services,MENZIES INTERNATIONAL (AUST) PTY LTD,0.2m,20/06/2025,3634
INV200062,Building maintenance services,Programmed Facility,56447.37,30/11/2025,3630
INV200063,Management of Active Melbourne recreation facilities,Victorian YMCA Community Programming Pty Ltd (AUS),23103.51,06 January 2026,3615
INV200064,Civil infrastructure services,Citywide Service Solutions Pty Ltd,0.2m,24/09/2028,3665
INV200065,Parking technology services,Reino Intl Pty Ltd T/A Duncan Solutions,52885.57 AUD,28/01/09,3623
INV200066,Integrated security services,National Protective Services Pty Ltd,13767.44 AUD,22-Dec-2026,3686
INV200067,Building maintenance services,Programsed Facility Management Pty Ltd,"$242,939.1",29/07/25,3630
INV200068,Building cleaning services,Menzies International (Aust) Pty Ltd,0.0m,24/01/2025,3634
INV200069,Building maintenance services,ProgrammedFacilityManagementPtyLtd,113783.32 AUD,22/03/2027,3630
INV200070,Vehicle tow away and impound services,Nationwide Towing Services,180184.05,29/08/2029,3585
INV200071,Building cleaning services,Menzies International (Aust) Pty Ltd,32120.08,2027-09-10,3634
INV200072,Building cleaning services,SERCO,"$80,472.59",29/06/25,3677
INV200073,Street cleaning,Spotless Facility Servicel Pty Ltd,"$103,988.42",26/03/30,3669
INV200074,Tree management maintenance services,Citywide Service Solutions Pty Ltd (AUS),54729.41,03/03/2028,3678
INV200075,Integrated security services,National Protective Services P/L,196711.87 AUD,02-Jan-2025,3686
INV200076,Waste management services,Cleanaway Waste Management Limited (AUS),61599.12,27/10/07,3556
INV200077,Open spaces management - region 1,Citywide Service Soiutions Pty Ltd,110735.27 AUD,25 May 2029,3676
INV200078,Open spaces management - region 1,Citywide Service ,246579.91,26/02/02,3676
INV200079,Vehicle tow away and impound services,NATIONWIDE TOWING SERVICES,"$136,848.65",2026-11-10,3585
INV200080,Vehicle tow away and impound services,Nationwide To,96282.22,2025-07-27,3585
INV200081,Street cleaning,Spotless Facility Services Pty Ltd,225985.0,2025-12-31,3669
INV200082,Vehicle tow away and impound services,Nationwide Towing Services (AUS),1606.49 AUD,29/04/19,3585
INV200083,Civil infrastructure services,Citywide  Service  Solutions  Pty  Ltd,85856.15 AUD,15/07/2025,3665
INV200084,Tree management maintenance services,Citywide Service Solutionm Pty Ltd,52830.63,08-Apr-2029,3678
INV200085,Parking technology services,Programmed Facility Management Pty Ltd (AU),171269.97,25/04/24,3630
INV200086,Open spaces management - region 1,Citywide Service Solutions Pty Ltd,"$142,763.64",26/07/11,3676
INV200087,Vehicle tow away and impound services,Naeionwide Towing Services,239897.28,25/04/01,3585
INV200088,Open spaces management - region 1,Citywide Service Solutdons Pty Ltd,172172.37,20-Jan-2026,3676
INV200089,Vehicle tow away and impound services,Nationwide Towing Services (AUS),25529.28,02-Jun-2029,3585
INV200090,Civil infrastructure services,Citywide Service Solutions Pty Ltd,223762.91,16 September 2026,3665
INV200091,Street cleaning,Spotless  Facility  Services  Pty  Ltd,163320.65,16 January 2025,3669
INV200092,Melbourne Town Hall venue management,Showtime Event Group Pty Ltd,0.1m,13/06/2026,3670
INV200093,Parking technology services,Citywide Servxce Solutions Pty Ltd,0.1m,23 April 2029,3665
INV200094,Waste management services,Cleanaway Waste Management Limited,102665.62,13-Jun-2027,3556
INV200095,Civil infrastructure services,Citywide Service Solutions Pty Ltd,61075.73,02 December 2028,3665
INV200096,Building maintenance services,ProgrammedFacilityManagementPtyLtd,"$51,148.81",03/06/2025,3630
INV200097,Open spaces management - region 1,Citywide Service Solutions Pty Ltd (AU),0.2m,2028-01-18,3676
INV200098,Building maintenance services,Programmed Facility Management Pty Ltd (AUS),"$249,382.31",21 July 2027,3630
INV200099,Open spaces management - region 2,SERjO,101192.01,25/07/02,3677
INV200100,Parking technology services,Reino Internatilnal Pty Ltd T/A Duncan Solutions,0.1m,08 April 2025,3623
INV200101,Parking technology services,Reino,86228.61,28/02/14,3623
INV200102,Tree management maintenance services,CITYWIDE SERVICE SOLUTIONS PTY LTD,18313.05,02-Feb-2027,3678
INV200103,Street cleaning,spotless facility services pty ltd,0.2m,03/11/2029,3669
INV200104,Parking technology services,Reino Int’l Pty Ltd T/A Duncan Solutions,242950.61 AUD,09/12/2026,3623
INV200105,Street cleaning,SERCO,19702.69 AUD,28/11/28,3677
INV200106,Management of Active Melbourne recreation facilities,Victorian YMCA Community Programming Pty. Ltd.,"$247,180.45",21 January 2027,3615
INV200107,Civil infrastructure services,Citywide Service Solutions Pty. Ltd.,208174.63,16 June 2025,3665
INV200108,Vehicle tow away and impound services,Nationwide Towing Services (AUS),127790.29,29/03/08,3585
INV200109,Open spaces management - region 2,SeRCO,"$221,089.61",25/12/03,3677
INV200110,Management of Active Melbourne recreation facilities,VictorianYMCACommunityProgrammingPtyLtd,"$226,809.67",03/06/2026,3615
INV200111,Parking technology services,Reino International Pty ,170933.56,10-Apr-2028,3623
INV200112,Open spaces management - region 1,Citywide Service Solutions Pty Ltd,178836.21 AUD,26/11/17,3676
INV200113,Building cleaning services,MenziesjInternational (Aust) Pty Ltd,"$90,585.48",29/12/02,3634
INV200114,Integrated security services,National Protective Services Pty Ltd (AU),1364.53 AUD,2028-01-05,3686
INV200115,Parking technology services,Reino International Pty Ltd T/A Duncan Solutions,0.0m,13-Feb-2027,3623
INV200116,Tree management maintenance services,Citywide Service ,199187.43 AUD,27/01/2029,3678
INV200117,Building maintenance services,programmed facility management pty ltd,222675.08,09-Jun-2029,3630
INV200118,Building maintenance services,PROGRAMMED FACILITY MANAGEMENT PTY LTD,104669.61,02/01/2027,3630
INV200119,Tree management maintenance services,Citywide Service Solutions Pty. Ltd.,0.2m,23/10/2029,3678
INV200120,Open spaces management - region 1,Citywide Service Solutions Pty Ltd,181862.11 AUD,26-May-2029,3676
INV200121,Waste management services,cleanaway waste management limited,245475.77,20 May 2025,3556
INV200122,Building maintenance services,Programmed Facility Management Pty Ltd,140882.99,2026-11-13,3630
INV200123,Building maintenance services,SERCO (AU),129935.25,27/01/28,3677
INV200124,Building cleaning services,menzies international (aust) pty ltd,228488.28,2027-08-30,3634
INV200125,Tree management maintenance services,Citywide Service Solutions Pty. Ltd.,139340.13 AUD,22-Jan-2028,3678
INV200126,Waste management services,Cleanaway,94105.75,07 October 2025,3556
INV200127,Parking technology services,REINO INTERNATIONAL PTY LTD T/A DUNCAN SOLUTIONS,224761.41 AUD,2027-06-05,3623
INV200128,Graffiti management and pressure cleaning services,calcorp services pty ltd,121438.68,26/01/06,3668
INV200129,Management of Active Melbourne recreation facilities,VictorianYMCACommunityProgrammingPtyLtd,"$167,149.32",03/08/2026,3615
INV200130,Vehicle tow away and impound services,Nationwide Towing Services,199961.66,18-Aug-2029,3585
INV200131,Melbourne Town Hall venue management,showtime event group pty ltd,124904.99,26/09/01,3670
INV200132,Open spaces management - region 1,Citywide Service Solutions Pty Ltd (AUS),85270.83 AUD,28/12/06,3676
INV200133,Civil infrastructure services,Citywide Service Soluwions Pty Ltd,0.2m,25/07/2027,3665
INV200134,Building maintenance services,Reino International Pty Ltd T/A Duncan Solutions,0.2m,26/06/03,3623
INV200135,Civil infrastructure services,Citywide Service Solutions Pty. Ltd.,84061.88,15 November 2029,3665
INV200136,Melbourne Town Hall venue management,showtime event group pty ltd,88603.99 AUD,27/02/02,3670
INV200137,Building cleaning services,Menzies International (Aust) Pty Ltd (AUS),0.0m,24/10/2029,3634
INV200138,Open spaces management - region 2,SERCw,24359.41 AUD,29/08/31,3677
INV200139,Building cleaning services,Menzies International (Aust) Pty Ltd,153806.36,15-Oct-2027,3634
INV200140,Tree management maintenance services,Citywide,17692.74,2028-09-19,3678
INV200141,Open spaces management - region 2,SERCO,73266.46,13/09/2028,3677
INV200142,Parking technology services,Reino International Pty Ltd T/A Duncan Solutions (AU),"$114,761.36",26/08/2029,3623
INV200143,Tree management maintenance services,Citywide Service Solutinns Pty Ltd,151732.14,30 October 2028,3678
INV200144,Building cleaning services,menzies international (aust) pty ltd,"$231,718.31",13-Jun-2027, 
INV200145,Open spaces management - region 1,Citywide Service Solutions Pty Ltd,0.1m,26/10/26,3676
INV200146,Management of Active Melbourne recreation facilities,victorian ymca community programming pty ltd,0.0m,19/06/2029,3615
INV200147,Graffiti management and pressure cleaning services,Calcorp Services Pty Ltd,0.0m,10/09/2026,3668
INV200148,Waste management services,CleanawayWasteManagementLimited,"$40,867.29",2028-02-29,3556
INV200149,Open spaces management - region 2,SERCO,65095.38 AUD,02 October 2027,3677
INV200150,Integrated security services,Nationcl Protective Services Pty Ltd,137631.72,19/10/2027,3686
INV200151,Vehicle tow away and impound services,Nationwide Towyng Services,98698.36 AUD,09 October 2029,3585
INV200152,Open spaces management - region 2,SERCO,0.1m,15 April 2028,3677
INV200153,Building maintenance services,programmed facility management pty ltd,81513.42 AUD,09-May-2025,3630
INV200154,Management of Active Melbourne recreation facilities,Victorian Ymca Community Programming Pty Ltd,34268.45 AUD,2028-07-15,3615
INV200155,Open spaces management - region 2,SERCO,157746.4,05 November 2026,3677
INV200156,Civil infrastructure services,Citywide Service Solutions Pty Ltd,0.1m,2027-08-28,3665
INV200157,Waste management services,Cleanaway Waste Management Limited (AU),0.2m,06-Sep-2028,3556
INV200158,Open spaces management - region 1,Citywide,25881.71,25/10/2027,3676
INV200159,Building cleaning services,Menzies knternational (Aust) Pty Ltd,"$88,048.49",13-Dec-2028,3634
INV200160,Building maintenance services,PROGRAMMED FACILITY MANAGEMENT PTY LTD,90489.93,17 November 2029,3630
INV200161,Waste management services,Cleanaway Waste Management LTD,0.1m,28/02/22,3556
INV200162,Civil infrastructure services,CITYWIDE SERVICE SOLUTIONS PTY LTD,36958.46,19/03/2028,3665
INV200163,Open spaces management - region 2,SERCO (AU),"$214,737.5",29/10/28,3677
INV200164,Integrated security services,National  Protective  Services  Pty  Ltd,"$68,135.12",2026-01-31,3686
INV200165,Parking technology services,Reino International Pty Ltd T/A Duncan Solutions (AU),245785.96 AUD,25 December 2028,3623
INV200166,Melbourne Town Hall venue management,Showtime  Event  Group  Pty  Ltd,155204.08,15/07/2027,3670
INV200167,Building maintenance services,Programmed  Facility  Management  Pty  Ltd,0.2m,28/11/02,3630
INV200168,Parking technology services,Reino  International  Pty  Ltd  T/A  Duncan  Solutions,3050.69,01 July 2027,3623
INV200169,Melbourne Town Hall venue management,Showtime Event Group Pty Ltd,"$146,537.04",26/05/29,3670
INV200170,Graffiti management and pressure cleaning services,CALCORP SERVICES PTY LTD,199244.03,2026-04-25,3668
INV200171,Integrated security services,National Protective Services Pty Ltd (AU),242259.91 AUD,2025-01-12,3686
INV200172,Melbourne Town Hall venue management,Showtime,34461.82,12/11/2025,3670
INV200173,Management of Active Melbourne recreation facilities,Victorian YMCA Community Programming Pty Ltd,"$25,563.33",19/05/2028, 
INV200174,Tree management maintenance services,CITYWIDE SERVICE SOLUTIONS PTY LTD,0.2m,24/03/2027, 
INV200175,Building maintenance services,Programmed Facility Management Pty Ltd,"$179,694.0",20/03/2029,3630
INV200176,Vehicle tow away and impound services,Nationwide Towing Services (AU),202890.93,,3585
INV200177,Building maintenance services,Programmed Facility Management Pty Ltd,"$70,234.46",29/01/2028,3630
INV200178,Open spaces management - region 1,Victorian YMCA Community Programming Pty Ltd (AU),156686.61 AUD,21/11/2025,3615
INV200179,Graffiti management and pressure cleaning services,calcorp services pty ltd,"$5,610.41",17 November 2027,3668
INV200180,Management of Active Melbourne recreation facilities,Victorian YMCA Community Programming Pty. Ltd.,111819.66,2029-08-10,3615
INV200181,Tree management maintenance services,Citywide  Service  Solutions  Pty  Ltd,"$116,670.31",28-Nov-2025,3678
INV200182,Street cleaning,Spotless Facility Services Pty Ltd,176405.03,28/11/02,3669
INV200183,Building cleaning services,Menzies International (Aust) Pty Ltd,0.2m,11/11/2025,3634
INV200184,Melbourne Town Hall venue management,Showtime Event Group Pty Ltd (AUS),"$96,575.78",18/01/2026,3670
INV200185,Civil infrastructure services,Citywide Service Solutions Pty Ltd (AUS),108200.1,25/07/16,3665
INV200186,Parking technology services,Reino,208575.73,2029-05-18,3623
INV200187,Integrated security services,NationalProtectiveServicesPtyLtd,"$127,636.69",09-Aug-2028,3686
INV200188,Integrated security services,National Protective Services Pty Ltd,"$126,854.45",2028-01-25,3686
INV200189,Melbourne Town Hall venue management,Showtime  Event  Group  Pty  Ltd,0.2m,12 March 2029,3670
INV200190,Integrated security services,National Protective Services Pty Ltd (AU),193631.47,2027-01-24,3686
INV200191,Vehicle tow away and impound services,Nationwide Towing Services (AUS),"$154,171.64",21/08/2029,3585
INV200192,Street cleaning,Spotless  Facility  Services  Pty  Ltd,0.1m,20/02/2028,3669
INV200193,Tree management maintenance services,Citywide Service Solutions Pty. Ltd.,"$125,158.56",11 December 2028,3678
INV200194,Graffiti management and pressure cleaning services,CitywideServiceSolutionsPtyLtd,0.1m,2028-03-04,3678
INV200195,Parking technology services,Reino  International  Pty  Ltd  T/A  Duncan  Solutions,0.2m,2026-11-02,3623
INV200196,Building maintenance services,Programmed Facility Management Pty Ltd (AUS),0.0m,04-Apr-2026,3630
INV200197,Building maintenance services,Programmed Facility Management Pty. Ltd.,"$174,595.17",28 December 2029, 
INV200198,Graffiti management and pressure cleaning services,Calcorp Services Pty Ltd (AUS),87175.23,11/10/2027,3668
INV200199,Civil infrastructure services,Citywide Service Solutions Pty. Ltd.,"$61,046.98",22-Apr-2029,3665
INV200200,Management of Active Melbourne recreation facilities,VICTORIAN YMCA COMMUNITY PROGRAMMING PTY LTD,0.2m,01/11/2025,3615
INV200201,Waste management services,Cleanaway Waste Mgmt Limited,"$31,680.31",2025-07-22,3556
INV200202,Melbourne Town Hall venue management,Showtime Event Group Pty Ltd (AUS),85765.93,2026-04-06,3670
INV200203,Building cleaning services,MENZIES INTERNATIONAL (AUST) PTY LTD,241667.51,23/03/2026,3634
INV200204,Management of Active Melbourne recreation facilities,Victorian YMCA Community Programming Pty Ltd,12997.47,25/11/25,3615
INV200205,Building maintenance services,Prlgrammed Facility Management Pty Ltd,192532.13,15/03/2025,3630
INV200206,Management of Active Melbourne recreation facilities,Victorian YMCA Community Programming P/L,192851.37 AUD,06-Dec-2025, 
INV200207,Tree management maintenance services,citywide service solutions pty ltd,"$207,316.13",28/04/01,3678
INV200208,Building cleaning services,Menzies International (Aust) P/L,9096.91,21-Jun-2025,3634
INV200209,Parking technology services,Reino International Pty Ltd T/A Duncan Solutions,"$170,143.18",15/03/2027,3623
INV200210,Waste management services,Cleanaway Waste Management Limited,42492.03 AUD,09 October 2027,3556
INV200211,Graffiti management and pressure cleaning services,CalcorpServicesPtyLtd,0.0m,03-Jul-2027,3668
INV200212,Open spaces management - region 2,SERCO,0.1m,16/07/2028,3677
INV200213,Melbourne Town Hall venue management,ShowtimeEventGroupPtyLtd,"$226,490.23",29-Oct-2025,3670
INV200214,Waste management services,Cleanaway Waste Management LTD,34864.72,2026-11-17,3556
INV200215,Civil infrastructure services,Citywide Service Solutions P/L,"$25,803.73",2025-09-19,3665
INV200216,Building cleaning services,MENZIES INTERNATIONAL (AUST) PTY LTD,136624.14 AUD,22/03/2027,3634
INV200217,Waste management services,Cleanaway  Waste  Management  Limited,52472.22 AUD,2025-09-03,3556
INV200218,Open spaces management - region 1,Citywide Service Solutions Ptj Ltd,0.1m,05/11/2025,3676
INV200219,Open spaces management - region 1,citywide service solutions pty ltd,0.2m,11-Apr-2027,3676
INV200220,Parking technology services,Reino International Pty. Ltd. T/A Duncan Solutions,115012.8,2028-05-11,3623
INV200221,Waste management services,Cleanaway Waste Mgmt Limited,"$176,726.88",09/05/2027,3556
INV200222,Street cleaning,spotless facility services pty ltd,193295.92 AUD,25/01/18,3669
INV200223,Parking technology services,Reino International Pty. Ltd. T/A Duncan Solutions,225729.28,17-Nov-2027,3623
INV200224,Integrated security services,National Protective Services Pty Ltd,"$197,530.63",29/02/20,3686
INV200225,Building cleaning services,Menzies International (Aust) P/L,"$197,171.49",2026-10-30,3634
INV200226,Vehicle tow away and impound services,Nationwide Towing Services,102220.02,10/12/2029,3585
INV200227,Graffiti management and pressure cleaning services,Calcorp Services Pty. Ltd.,0.2m,30/01/2027,3668
INV200228,Integrated security services,National Protfctive Services Pty Ltd,80201.96,14-Jan-2026,3686
INV200229,Integrated security services,National Protective Services P/L,179405.81,08/07/2027,3686
INV200230,Integrated security services,National Protective Services Pty Ltd,"$139,476.94",23 June 2028,3686
INV200231,Parking technology services,Reino International Pty Ltd T/A Duncan Solutions,"$137,961.1",2029-08-11,3623
INV200232,Integrated security services,NATIONAL PROTECTIVE SERVICES PTY LTD,199074.14,21/09/2027,3686
INV200233,Graffiti management and pressure cleaning services,Calcorp Services Pty Ltd (AUS),0.0m,28/11/01,3668
INV200234,Waste management services,Cleanaway Waste M,99388.71 AUD,05-Oct-2026,3556
INV200235,Parking technology services,REINO INTERNATIONAL PTY LTD T/A DUNCAN SOLUTIONS,"$156,880.36",28/07/19,3623
INV200236,Building cleaning services,Menzies Intl (Aust) Pty Ltd,3291.94 AUD,09 August 2027,3634
INV200237,Vehicle tow away and impound services,Nationwide,0.1m,02 February 2026,3585
INV200238,Vehicle tow away and impound services,nationwide towing services,153812.73,25/01/2025,3585
INV200239,Civil infrastructure services,Citywide Service Solutions Pty. Ltd.,170708.17,21/09/2029,3665
INV200240,Civil infrastructure services,citywide service solutions pty ltd,109431.71,06/12/2025,3665
INV200241,Melbourne Town Hall venue management,Spotless Facility Services Pty Ltd (AUS),"$191,593.44",19/01/2028,3669
INV200242,Building maintenance services,Programmed Facility Management Pty Ltd,6121.85 AUD,09 February 2027,3630
INV200243,Vehicle tow away and impound services,Nationwide Towing Services,248363.68,08 August 2029,3585
INV200244,Integrated security services,National Protective Services P/L,190794.08 AUD,26/04/14,3686
INV200245,Tree management maintenance services,Citywide,151255.74,25/01/05,3678
INV200246,Waste management services,Cleanaway Waste Mgmt Limited,62154.18,01/06/2026,3556
INV200247,Vehicle tow away and impound services,Nationwide Towing Services,198013.71 AUD,30-Dec-2025,3585
INV200248,Waste management services,Cleanaway Waste Management Limited,0.1m,13/01/2028,3556
INV200249,Management of Active Melbourne recreation facilities,Victorian YMCA Community Programming Pty Ltd,68586.87,2027-06-01,3615
INV200250,Building maintenance services,Programmed Facility Management Pty Ltd,115732.18,29/07/15,3630
INV200251,Melbourne Town Hall venue management,Showtime Event Group Pty. Ltd.,"$157,933.94",23 November 2028,3670
INV200252,Graffiti management and pressure cleaning services,Calcorp Serv,68903.69,18-Dec-2028,3668
INV200253,Parking technology services,Reino International Pty Ltd T/A Duncan Solutions,0.0m,28/11/23,3623
INV200254,Street cleaning,spotless facility services pty ltd,"$160,219.28",23-Feb-2026,3669
INV200255,Open spaces management - region 1,Citywide Service Solutions P/L,76973.18,15/01/2029,3676
INV200256,Tree management maintenance services,Citywide Service Solutions Pty Ltd,31822.55,10-May-2026,3678
INV200257,Graffiti management and pressure cleaning services,Calcorp  Services  Pty  Ltd,228813.28,12/09/2028,3668
INV200258,Civil infrastructure services,citywide service solutions pty ltd,"$225,885.7",27/10/11,3665
INV200259,Vehicle tow away and impound services,Nationwide Towing Services,"$151,476.49",10/11/2025,3585
INV200260,Integrated security services,NationalProtectiveServicesPtyLtd,244635.71 AUD,10-Jul-2027,3686
INV200261,Street cleaning,spotless facility services pty ltd,173515.84,2026-10-09,3669
INV200262,Open spaces management - region 1,Citywide Service Solutions P/L,124210.34 AUD,07/06/2027,3676
INV200263,Graffiti management and pressure cleaning services,Calcorp Services P/L,0.2m,06-Aug-2029,3668
INV200264,Melbourne Town Hall venue management,Showtime Event Group P/L,168755.19,18 June 2028,3670
INV200265,Integrated security services,National  Protective  Services  Pty  Ltd,"$29,405.32",2025-07-30,3686
INV200266,Open spaces management - region 1,Citywide Service Solutions Pty Ltd,232320.54 AUD,2025-12-14,3676
INV200267,Building cleaning services,NationwideTowingServices,71678.68 AUD,18-Jul-2028,3585
INV200268,Street cleaning,Spotless Facility Services Pty. Ltd.,"$71,907.1",28/03/14,3669
INV200269,Civil infrastructure services,Citywide Service Solutions Pty Ltd,0.2m,23/04/2026,3665
INV200270,Graffiti management and pressure cleaning services,Calcorp Serfices Pty Ltd,0.2m,23-Apr-2027,3668
INV200271,Melbourne Town Hall venue management,Showtime Event Group Pty Ltd,202738.43 AUD,18 June 2025,3670
INV200272,Management of Active Melbourne recreation facilities,Victorian YMCA Community Programming Pty Ltd,0.1m,22 March 2027,3615
INV200273,Building cleaning services,Menzies International (Aust) Pty Ltd (AU),106138.25 AUD,2029-01-30,3634
INV200274,Street cleaning,Spotless Facility Services Pty Ltd,14606.85 AUD,2025-11-03,3669
INV200275,Building maintenance services,Citywide  Service  Solutions  Pty  Ltd,0.1m,19-Feb-2025,3676
INV200276,Civil infrastructure services,Citywide Service Solutions Pty Ltd (AUS),90724.66,05 November 2025,3665
INV200277,Street cleaning,Spotless Facility Services Pty Ltd,182264.74,21/02/2028,3669
INV200278,Integrated security services,National Protective Services Pty Ltd,0.2m,03/03/2025,3686
INV200279,Vehicle tow away and impound services,Nationwide  Towing  Services,57598.8,29/08/01,3585
INV200280,Street cleaning,Spotless,185552.88,2029-11-26,3669
INV200281,Open spaces management - region 1,Citywide  Service  Solutions  Pty  Ltd,0.1m,02/06/2028,3676
INV200282,Melbourne Town Hall venue management,Showtime Event Group Pty Ltd,187470.37,25/08/2028,3670
INV200283,Civil infrastructure services,Menzies International (Aust) Pty Ltd,"$10,374.0",2026-10-19, 
INV200284,Building cleaning services,MenziesInternational(Aust)PtyLtd,0.0m,,3634
INV200285,Integrated security services,National Protectiv,"$13,856.34",30/04/2027,3686
INV200286,Parking technology services,Reino  International  Pty  Ltd  T/A  Duncan  Solutions,41695.76,03-Dec-2029,3623
INV200287,Civil infrastructure services,Citywide Service Solutions Pty Ltd (AUS),91493.39,27-Jun-2028,3665
INV200288,Civil infrastructure services,Citywide,84130.84,29/11/21, 
INV200289,Waste management services,Cleanaway Waste Management Limited,191501.49,25/07/2025,3556
INV200290,Civil infrastructure services,Citywide Service Soluthons Pty Ltd,150199.87,2027-06-06,3665
INV200291,Street cleaning,Spotless Facility Services Pty Ltd,207631.38,30 July 2028, 
INV200292,Tree management maintenance services,CitywideServiceSolutionsPtyLtd,372.8,31-Dec-2029,3678
INV200293,Vehicle tow away and impound services,Nationwide  Towing  Services,0.2m,28-Aug-2026,3585
INV200294,Civil infrastructure services,Citywide Service ,229418.63,28/03/2025,3665
INV200295,Open spaces management - region 2,SERCO,0.0m,29/01/10,3677
INV200296,Building cleaning services,Menzies International (Aust) Pty Ltd (AUS),141430.35 AUD,27-Sep-2026,3634
INV200297,Street cleaning,Spotless Facility Services Pty Ltd,0.0m,05/03/2026,3669
INV200298,Building cleaning services,Menzies International (Aust) Pty. Ltd.,0.1m,19 September 2027, 
INV200299,Building cleaning services,Menzies International (Aust) Pty Ltd,"$84,167.37",2029-09-13,3634
INV200300,Integrated security services,National Protective Services Pty Ltd,177199.46,01/07/2027,3686
INV200301,Vehicle tow away and impound services,Nationwide To,207651.97,2027-02-23,3585
INV200302,Open spaces management - region 2,SERCO,"$98,661.64",14 January 2028,3677
INV200303,Building maintenance services,Programmed Facility Management Pty Ltd,74224.89,29/03/12,3630
INV200304,Melbourne Town Hall venue management,Showtime Event Group Pty Ltd,144883.79,04/06/2027,3670
INV200305,Integrated security services,National Protective Services Pty Ltd,"$224,088.12",2028-06-15,3686
INV200306,Open spaces management - region 1,Citywide,140284.72,08/09/2025,3676
INV200307,Waste management services,Cleanaway Waste Management Ltd,86411.06 AUD,15/08/2029,3556
INV200308,Vehicle tow away and impound services,Nationwide Towing Services (AUS),"$83,014.44",27/08/04,3585
INV200309,Open spaces management - region 2,SERCO,136348.17,19 August 2027,3677
INV200310,Open spaces management - region 2,SERCO,164816.91,18/12/2028,3677
INV200311,Civil infrastructure services,Citywide Service Solutions Pty Ltd,201991.38,29/03/23,3665
INV200312,Tree management maintenance services,Citywide Service Solutions Pty Ltd,0.1m,09 March 2025,3678
INV200313,Management of Active Melbourne recreation facilities,Victorian YMCA Community Programming Pty Ltd (AU),231274.94 AUD,2026-11-20,3615
INV200314,Graffiti management and pressure cleaning services,calcorp services pty ltd,0.0m,16 August 2025,3668
INV200315,Open spaces management - region 1,Citywide Service ,0.0m,07-Dec-2025,3676
INV200316,Management of Active Melbourne recreation facilities,VICTORIAN YMCA COMMUNITY PROGRAMMING PTY LTD,133294.93,01-May-2025, 
INV200317,Open spaces management - region 1,Citywide Service Solutions Pty. Ltd.,0.1m,17 April 2026,3676
INV200318,Management of Active Melbourne recreation facilities,VICTORIAN YMCA COMMUNITY PROGRAMMING PTY LTD,0.0m,25/11/2028,3615
INV200319,Integrated security services,National Protective Services P/L,"$80,323.15",2025-04-14,3686
INV200320,Melbourne Town Hall venue management,Showtime,"$66,990.91",2028-07-22,3670
INV200321,Civil infrastructure services,citywide service solutions pty ltd,11522.72,14 June 2028,3665
INV200322,Building cleaning services,Menzies Intl (Aust) Pty Ltd,134582.9 AUD,26/09/2029,3634
INV200323,Open spaces management - region 2,SERCO,0.1m,28/04/17,3677
INV200324,Open spaces management - region 2,SERCO,57269.78,27 May 2029,3677
INV200325,Tree management maintenance services,Citywide Service Solutions Pty Ltd (AU),190485.24,2026-06-09,3678
INV200326,Vehicle tow away and impound services,Nationwide Towing Slrvices,129877.33,07-Jul-2029,3585
INV200327,Graffiti management and pressure cleaning services,Calcorp Services Pty Ltd,"$91,100.53",,3668
INV200328,Open spaces management - region 2,SERCO,35601.48,24-Aug-2027,3677
INV200329,Building cleaning services,Menzies International (Aust) Pty Ltd,0.2m,29/02/05,3634
INV200330,Building cleaning services,Menzies Intl (Aust) Pty Ltd,224445.41 AUD,01-Dec-2028,3634
INV200331,Vehicle tow away and impound services,NATIONWIDE TOWING SERVICES,"$187,356.11",07/12/2027,3585
INV200332,Parking technology services,Reino,168470.63,01-Sep-2025,3623
INV200333,Street cleaning,Spotless,119511.25,06-May-2026,3669
INV200334,Graffiti management and pressure cleaning services,Calcorp Services Pty. Ltd.,0.1m,25/07/28,3668
INV200335,Open spaces management - region 2,Spotless Facility Services Pty Ltd,0.2m,21/11/2025,3669
INV200336,Integrated security services,Cleanaway Waste Management LTD,39667.07 AUD,25-Jan-2025,3556
INV200337,Parking technology services,Reino International Pty Ltd T/A Duncan Solutions (AUS),170338.28,03-Apr-2029, 
INV200338,Parking technology services,REINO INTERNATIONAL PTY LTD T/A DUNCAN SOLUTIONS,0.2m,29-Dec-2026,3623
INV200339,Street cleaning,Spotless Facility Services Pty Ltd,0.2m,26/06/12, 
INV200340,Waste management services,Cleanaway Waste Management Limited (AUS),189393.65 AUD,04/10/2025,3556
INV200341,Civil infrastructure services,Citywide Service Solutions Pty Ltd,91350.95,21 June 2026,3665
INV200342,Waste management services,Cleanaway Waste Management Limited,"$183,490.26",03-Oct-2028,3556
INV200343,Graffiti management and pressure cleaning services,Calcorp Services P/L,196589.04,2027-05-10,3668
INV200344,Parking technology services,REINO INTERNATIONAL PTY LTD T/A DUNCAN SOLUTIONS,"$106,654.17",15-Aug-2028, 
INV200345,Street cleaning,Spotless Facility Services Pty Ltd,153902.73,07 May 2026,3669
INV200346,Parking technology services,Reino International Pty. Ltd. T/A Duncan Solutions,989.25,25/02/18,3623
INV200347,Vehicle tow away and impound services,National,0.2m,01/07/2028,3686
INV200348,Street cleaning,Spotless Facility,126368.94,2028-06-30,3669
INV200349,Street cleaning,Spotless Facility Services Pty Ltd,177764.84 AUD,03-May-2026, 
INV200350,Melbourne Town Hall venue management,Showtime Event Group Pty Ltd (AU),0.0m,06 March 2026,3670
INV200351,Management of Active Melbourne recreation facilities,Victorian YMCA Community Programming Pty Ltd,228878.88,17/03/2028,3615
INV200352,Tree management maintenance services,Citywide Service Solutions P/L,147499.85 AUD,14/02/2026,3678
INV200353,Street cleaning,spotless facility services pty ltd,,24/02/2028,3669
INV200354,Vehicle tow away and impound services,Nationwide Towing Services,116370.03 AUD,2029-08-22,3585
INV200355,Waste management services,CLEANAWAY WASTE MANAGEMENT LIMITED,0.0m,04 September 2026,3556
INV200356,Open spaces management - region 2,SEzCO,"$152,652.74",18 April 2028,3677
INV200357,Management of Active Melbourne recreation facilities,Victorian YMCA Community Programming Pty. Ltd.,28133.73 AUD,10 August 2025,3615
INV200358,Vehicle tow away and impound services,Nationwide To,193270.88,06-Jun-2027,3585
INV200359,Graffiti management and pressure cleaning services,Calcorp Services Pty Ltd,0.1m,12/04/2028,3668
INV200360,Building cleaning services,Menzies International (Aust) Pty Ltd (AU),214713.84,09-Mar-2028,3634
INV200361,Parking technology services,Reino International Pty Ltd T/A Duncan Solutions (AU),117636.93 AUD,26 July 2028,3623
INV200362,Open spaces management - region 1,Citywide Service Solutions Pty Ltd (AU),"$150,321.95",04/06/2026,3676
INV200363,Integrated security services,National Protectiv,0.1m,01 September 2026,3686
INV200364,Street cleaning,Spotless Facility ServicesuPty Ltd,"$161,559.47",07-Jun-2025,3669
INV200365,Open spaces management - region 1,Citywide Service Solutions Pty Ltd (AUS),117059.69 AUD,28-Jan-2029,3676
INV200366,Street cleaning,Spotless Facility Services Pty Ltd (AU),164751.09,10 May 2027,3669
INV200367,Graffiti management and pressure cleaning services,CALCORP SERVICES PTY LTD,210262.78,26/03/30,3668
INV200368,Building maintenance services,ProgrammedFacilityManagementPtyLtd,143367.68 AUD,11-Aug-2028,3630
INV200369,Melbourne Town Hall venue management,Showtime Event Group pty Ltd,54404.15,07 April 2026,3670
INV200370,Vehicle tow away and impound services,Nationwide Towing Services,70797.29,2025-12-20,3585
INV200371,Building cleaning services,Menzies International (Aust) Pty Ltd (AU),0.0m,28 June 2028,3634
INV200372,Graffiti management and pressure cleaning services,Calcorp Services Pty Ltd,16326.2 AUD,,3668
INV200373,Management of Active Melbourne recreation facilities,Victorian YMCA Community Programming Pty. Ltd.,"$129,692.07",13-Aug-2026, 
INV200374,Open spaces management - region 2,SERCO,"$142,818.95",15 June 2027,3677
INV200375,Building cleaning services,Menzies,0.2m,24 September 2025,3634
INV200376,Parking technology services,Reino International Pty ,"$29,833.52",08/12/2029,3623
INV200377,Street cleaning,Spotless Facility Services Pty Ltd,68856.54 AUD,2025-08-03,3669
INV200378,Civil infrastructure services,Citywide Service Solutions Pty Ltd (AU),72801.61,29-Apr-2029,3665
INV200379,Melbourne Town Hall venue management,Showtime Event Group Pty. Ltd.,32980.42,11/01/2027,3670
INV200380,Management of Active Melbourne recreation facilities,Victorian YMCA Community Programming Pty Ltd,"$170,119.36",11-Sep-2028,3615
INV200381,Melbourne Town Hall venue management,Showtime Event Group P/L,136737.0 AUD,04-Dec-2025,3670
INV200382,Parking technology services,Reino International Pty Ltd T/A Duncan Solutions (AUS),29977.67,08-Nov-2029,3623
INV200383,Street cleaning,Spotless  Facility  Services  Pty  Ltd,176860.29 AUD,29/09/2027,3669
INV200384,Building cleaning services,Menzies International (Aust) Pty. Ltd.,73990.58 AUD,18-Feb-2025,3634
INV200385,Waste management services,Cleanaway Waste Management Ltd,40130.89,25/11/2028,3556
INV200386,Civil infrastructure services,Nationwide Towing Services,187785.34,10/08/2025,3585
INV200387,Building cleaning services,Menzies International (Aust) Pty Ltd,84785.7,28/12/20,3634
INV200388,Tree management maintenance services,Citywide Service ,0.1m,2027-03-22,3678
INV200389,Graffiti management and pressure cleaning services,Calcorp Services Pty Ltd (AUS),0.0m,2029-11-11,3668
INV200390,Vehicle tow away and impound services,SERCO,0.1m,02 August 2027,3677
INV200391,Civil infrastructure services,Citywide Service Solutions P/L,0.1m,29/06/05,3665
INV200392,Waste management services,Cleanaway Waste Management Limited (AU),"$61,129.07",05/01/2028,3556
INV200393,Integrated security services,NATIONAL PROTECTIVE SERVICES PTY LTD,173072.26 AUD,2025-12-21,3686
INV200394,Tree management maintenance services,Citywide Service Solutions Pty Ltd,"$24,851.35",14/02/2029,3678
INV200395,Street cleaning,Spotless Facility Services Pty Ltd (AUS),33291.25,06 March 2027,3669
INV200396,Parking technology services,Reino International Pty Ltd T/A Duncan Solutions (AU),32245.2,07/09/2028,3623
INV200397,Open spaces management - region 1,SERCO (AU),0.1m,21-Feb-2029,3677
INV200398,Vehicle tow away and impound services,Nationwide Towing Services,197213.64,25/05/2027,3585
INV200399,Civil infrastructure services,CitywideServiceSolutionsPtyLtd,184302.04,14-Mar-2028,3665
INV200400,Management of Active Melbourne recreation facilities,Citywide Service Solutions Pty Ltd (AU),0.2m,27/09/27,3665
INV200401,Waste management services,Cleannway Waste Management Limited,246782.27,18/12/2027,3556
INV200402,Tree management maintenance services,Citywide Service Solutions Pty. Ltd.,,19/12/2028,3678
INV200403,Street cleaning,Spotllss Facility Services Pty Ltd,83656.21,2025-07-02,3669
INV200404,Open spaces management - region 2,serco,211489.53,20 August 2026,3677
INV200405,Building maintenance services,Programmed Facility Management Pty Ltd (AUS),126556.09 AUD,14 March 2029,3630
INV200406,Street cleaning,spotless facility services pty ltd,"$52,916.82",30/09/2029,3669
INV200407,Civil infrastructure services,Citywide Service Solutions Pty Ltd,33929.84,26 April 2027, 
INV200408,Vehicle tow away and impound services,Nationwide Towing Services (AU),228941.44,2028-06-06,3585
INV200409,Street cleaning,Spotless  Facility  Services  Pty  Ltd,114987.96,17/10/2026,3669
INV200410,Civil infrastructure services,Citywide Service Solutions Pty Ltd,0.1m,25/11/11,3665
INV200411,Open spaces management - region 1,Citywide Service ,8449.24,21/04/2028,3676
INV200412,Graffiti management and pressure cleaning services,CALCORP SERVICES PTY LTD,62892.09 AUD,26/05/01,3668
INV200413,Tree management maintenance services,Citywide Service Solutions Pty Ltd,63295.35,10/09/2028,3678
INV200414,Integrated security services,National Protective Services Pty Ltd (AU),124003.78,26 March 2027,3686
INV200415,Melbourne Town Hall venue management,Showtime Event Group Pty Ltd (AUS),0.1m,18/08/2026,3670
INV200416,Tree management maintenance services,Citywide Service Solutions Pty Ltd,238521.45 AUD,31/01/2025,3678
INV200417,Waste management services,Cleanaway Waste Management Limited,6558.47,20/04/2026,3556
INV200418,Waste management services,Cleanaway Waste Management Limited (AUS),"$72,589.61",,3556
INV200419,Management of Active Melbourne recreation facilities,victorian ymca community programming pty ltd,236217.22 AUD,2027-02-22,3615
INV200420,Vehicle tow away and impound services,NationwideTowingServices,169956.34,26/01/25,3585
INV200421,Tree management maintenance services,Citywide Service Solutions Pty Ltd,0.2m,09/05/2025,3678
INV200422,Street cleaning,Spotless  Facility  Services  Pty  Ltd,0.1m,2026-02-19,3669
INV200423,Building maintenance services,ProgrammedFacilityManagementPtyLtd,"$47,449.56",26/09/2029,3630
INV200424,Civil infrastructure services,Citywide Service Solutions Pty Ltd (AUS),0.1m,24/11/2027,3665
INV200425,Street cleaning,Spotless Facility Services Pty Ltd (AU),220481.13 AUD,29/12/11,3669
INV200426,Waste management services,CleanawayWasteManagementLimited,105367.93 AUD,06/05/2025,3556
INV200427,Street cleaning,spotless facility services pty ltd,0.1m,06 December 2028,3669
INV200428,Civil infrastructure services,Citywide Service Solutions Pty. Ltd.,"$241,972.13",19 August 2029,3665
INV200429,Integrated security services,National Protective Services P/L,80158.54,2025-10-10,3686
INV200430,Open spaces management - region 2,SERCO,0.2m,25/09/2025,3677
INV200431,Graffiti management and pressure cleaning services,Calcorp Services Pty Ltd,"$161,657.35",2026-04-27,3668
INV200432,Street cleaning,Spotless Facility Services Pty Ltd (AUS),75496.81 AUD,25-Apr-2028,3669
INV200433,Street cleaning,Spotless Facility Services Pty. Ltd.,176161.13,02/08/2025,3669
INV200434,Street cleaning,Spotless Facility Services P/L,"$198,169.39",27/06/27,3669
INV200435,Building maintenance services,Spotless Facility Services P/L,136025.36 AUD,24/04/2025,3669
INV200436,Open spaces management - region 1,Citywide Service Solutions Pty. Ltd.,"$103,943.81",29/07/14,3676
INV200437,Street cleaning,Spotless Facility,111201.58,17-Nov-2029,3669
INV200438,Graffiti management and pressure cleaning services,Calcorp Services Pty Ltd,68149.48,25-Dec-2025,3668
INV200439,Melbourne Town Hall venue management,PROGRAMMED FACILITY MANAGEMENT PTY LTD,"$144,812.77",20 July 2026,3630
INV200440,Integrated security services,National Protective Services Pty Ltd,89842.93 AUD,24 June 2026,3686
INV200441,Parking technology services,Reino Intl Pty Ltd T/A Duncan Solutions,29565.82,23/03/2025,3623
INV200442,Melbourne Town Hall venue management,SHOWTIME EVENT GROUP PTY LTD,17019.19 AUD,12/12/2028,3670
INV200443,Open spaces management - region 1,Citywide Service Solutions Pty Ltd (AU),"$69,220.46",2025-04-25,3676
INV200444,Management of Active Melbourne recreation facilities,Victorian YMCA Community Programming Pty Ltd,"$114,606.39",22-Feb-2028,3615
INV200445,Civil infrastructure services,citywide service solutions pty ltd,37660.14,06 January 2026,3665
INV200446,Melbourne Town Hall venue management,Showtime Event Group Pty Ltd,0.2m,10 January 2029,3670
INV200447,Civil infrastructure services,Citywide Service Solutions Pty Ltd,"$167,373.41",28/02/08,3665
INV200448,Parking technology services,REINO INTERNATIONAL PTY LTD T/A DUNCAN SOLUTIONS,182477.53,27/07/26,3623
INV200449,Waste management services,Cleanaway Waste Management Limited,0.1m,2026-03-31,3556
INV200450,Management of Active Melbourne recreation facilities,Victorian  YMCA  Community  Programming  Pty  Ltd,159958.81 AUD,2027-04-08,3615
INV200451,Civil infrastructure services,Citywide Service Solutions P/L,126446.73 AUD,,3665
INV200452,Open spaces management - region 1,Citywide,"$135,847.68",16 October 2028,3676
INV200453,Integrated security services,National,155080.79 AUD,14/09/2025,3686
INV200454,Building cleaning services,Menzies International (Aust) Pty. Ltd.,10074.32,25/06/14,3634
INV200455,Integrated security services,National Protective Services Pty. Ltd.,0.2m,31 May 2027,3686
INV200456,Integrated security services,National Protective Services Pty. Ltd.,"$184,069.57",30/12/2028,3686
INV200457,Integrated security services,National Protective Services Pty Ltd,"$200,629.68",16/10/2029,3686
INV200458,Building cleaning services,Menzies Int’l (Aust) Pty Ltd,98181.25,23 November 2029,3634
INV200459,Open spaces management - region 1,Citywide Service Solutions Pty Ltd,"$47,385.43",13 November 2025,3676
INV200460,Integrated security services,Citywide Service Solutions Pty Lld,"$65,052.94",29/12/2029,3676
INV200461,Vehicle tow away and impound services,nationwide towing services,"$98,665.88",28/03/2029,3585
INV200462,Waste management services,Cleanaway Waste Management Ltd,21488.29 AUD,28/08/04,3556
INV200463,Building maintenance services,Programmed Facility Management Pty Ltd,118105.17,26/11/29,3630
INV200464,Civil infrastructure services,Citywide Service Solutions P/L,"$36,243.53",26-Jun-2029,3665
INV200465,Melbourne Town Hall venue management,Showtime Event Group P/L,0.1m,16 August 2029,3670
INV200466,Parking technology services,REINO INTERNATIONAL PTY LTD T/A DUNCAN SOLUTIONS,27874.14 AUD,07/06/2028,3623
INV200467,Open spaces management - region 1,Citywide Service Solutions Pty Ltd,138079.19,06/03/2025,3676
INV200468,Open spaces management - region 1,Citywide,0.0m,2027-08-28,3676
INV200469,Parking technology services,Reino International Pty Ltd T/A Duncan Snlutions,193853.26,20-Jun-2026,3623
INV200470,Tree management maintenance services,citywide service solutions pty ltd,176902.33,26 November 2028,3678
INV200471,Melbourne Town Hall venue management,Showtime Event Group Pty. Ltd.,"$46,164.57",16/10/2026,3670
INV200472,Melbourne Town Hall venue management,Showtime  Event  Group  Pty  Ltd,87348.02 AUD,2028-05-22, 
INV200473,Melbourne Town Hall venue management,Showtime Event Group P/L,42378.64,25/07/2026,3670
INV200474,Graffiti management and pressure cleaning services,Calcorp Services P/L,0.0m,05-Dec-2026,3668
INV200475,Integrated security services,National Protective Services Pty Ltd,59588.36,06/04/2026, 
INV200476,Open spaces management - region 1,Citywide Service Solutions Pty Ltd (AUS),0.2m,31 December 2025,3676
INV200477,Integrated security services,National Protective Services Pty Ltd,141954.36 AUD,22 September 2027,3686
INV200478,Street cleaning,Spotless  Facility  Services  Pty  Ltd,192045.04 AUD,26/12/31,3669
INV200479,Tree management maintenance services,CITYWIDE SERVICE SOLUTIONS PTY LTD,"$242,922.86",,3665
INV200480,Vehicle tow away and impound services,Nationwide Towing Services (AUS),"$204,892.3",25/03/20,3585
INV200481,Civil infrastructure services,Citywide Service Solutions Pty. Ltd.,180796.33,25/12/24,3665
INV200482,Building maintenance services,Programmed Facility Management Pty Ltd (AUS),"$89,842.23",05 June 2027,3630
INV200483,Vehicle tow away and impound services,Nationwide Towing Services,0.1m,28/04/25,3585
INV200484,Civil infrastructure services,Citywide Service Solutions ety Ltd,0.2m,2027-06-05,3665
INV200485,Melbourne Town Hall venue management,Showtime Event,,30/05/2026,3670
INV200486,Integrated security services,Reino International Pty Ltd T/A Duncan Solutions,0.0m,,3623
INV200487,Open spaces management - region 1,Citywide Service Solutions Pty. Ltd.,"$175,746.78",2028-09-06,3676
INV200488,Parking technology services,Reino Int’l Pty Ltd T/A Duncan Solutions,49769.7 AUD,26/02/04,3623
INV200489,Civil infrastructure services,Citywide Service Solutions Pty Ltd,94965.79,2026-04-21,3665
INV200490,Vehicle tow away and impound services,nationwide towing services,"$114,095.28",2026-10-24,3585
INV200491,Integrated security services,National Protective Services Pty Ltd,38635.84 AUD,16-Jul-2025, 
INV200492,Management of Active Melbourne recreation facilities,Victorian YMCA Community Programming Pty Ltd,42738.06 AUD,17/11/2027,3615
INV200493,Street cleaning,Spotless Facility Services Pty Ltd (AU),"$17,501.0",28-Nov-2027,3669
INV200494,Street cleaning,Spotless Facility Services Pty. Ltd.,32499.29,26/12/13,3669
INV200495,Management of Active Melbourne recreation facilities,Victorian YMCA Community Programming P/L,48249.66 AUD,13 March 2029,3615
INV200496,Waste management services,Cleanaway Waste Management Limited (AUS),"$64,597.33",11 May 2026,3556
INV200497,Open spaces management - region 1,Citywide Service Solutions Pty Ltd (AUS),0.1m,18 August 2029,3676
INV200498,Open spaces management - region 1,Citywide Service Solutions Pty. Ltd.,0.1m,13/10/2028,3676
INV200499,Building cleaning services,Cleanaway Waste Management Limited (AUS),"$145,079.83",12 May 2027,3556
INV200500,Building maintenance services,ProgrammedFacilityManagementPtyLtd,97577.9,2027-11-26,3630
INV200501,Civil infrastructure services,Citywide  Service  Solutions  Pty  Ltd,227773.35,08-Dec-2029, 
INV200502,Civil infrastructure services,citywide service solutions pty ltd,0.1m,06-May-2026,3665
INV200503,Building maintenance services,Spotless Facility Services Pty Ltd,195731.88 AUD,29/01/29,3669
INV200504,Building maintenance services,Programmed Facility Managemeng Pty Ltd,"$86,083.75",28/12/24,3630
INV200505,Building cleaning services,Menzies International (Aust) Pty Ltd,62580.07 AUD,07 September 2027,3634
INV200506,Tree management maintenance services,Citywide Service Solutions Pty Ltd (AUS),246761.49 AUD,15/09/2026,3678
INV200507,Parking technology services,Reino  International  Pty  Ltd  T/A  Duncan  Solutions,224082.7 AUD,2028-01-14,3623
INV200508,Integrated security services,National Protective Services Pty Ltd,44290.14,2026-12-03,3686
INV200509,Melbourne Town Hall venue management,Showtime Event Groap Pty Ltd,17370.12 AUD,25/11/22, 
INV200510,Waste management services,Cleanaway Waste Management Limited (AUS),"$107,519.8",28/08/17, 
INV200511,Street cleaning,Spotless Facility Services Pty Ltd (AUS),0.1m,2028-12-23,3669
INV200512,Building maintenance services,PROGRAMMED FACILITY MANAGEMENT PTY LTD,192309.57,23-Jun-2028,3630
INV200513,Melbourne Town Hall venue management,Showtime Event Group Pty Ltd,2939.38,2025-11-18,3670
INV200514,Parking technology services,Reino International Pty Ltd T/A Duncan Solutions (AU),0.2m,2029-12-28,3623
INV200515,Building maintenance services,Programmed Facility Management Pty Ltd,38583.27 AUD,28/02/2026,3630
INV200516,Tree management maintenance services,Citywide Service Solutions Pty Ltd,45489.49 AUD,07/08/2025, 
INV200517,Vehicle tow away and impound services,Nationwide Towing Services (AU),177239.07,26/07/18,3585
INV200518,Graffiti management and pressure cleaning services,Calcorp,136826.52,25/10/11,3668
INV200519,Integrated security services,National Protective Services Pty Ltd,"$88,500.55",27 November 2028,3686
INV200520,Parking technology services,Reino International Pty Ltd T/A Duncan Solutions,60962.63,28/12/24,3623
INV200521,Melbourne Town Hall venue management,Showtime Event Group Pty. Ltd.,0.1m,2025-02-16,3670
INV200522,Building maintenance services,Programmed Facility Managcment Pty Ltd,0.0m,03/11/2028,3630
INV200523,Open spaces management - region 1,Citywide Service Solutions Pty Ltd (AUS),95764.7 AUD,18 December 2028,3676
INV200524,Graffiti management and pressure cleaning services,Calcorp Services Pty Ltd,246752.35 AUD,29/03/02,3668
INV200525,Open spaces management - region 2,Serco,205515.7,27/12/16,3677
INV200526,Tree management maintenance services,Citywide Service Solutions Pty Ltd (AU),18871.5,2026-09-12,3678
INV200527,Parking technology services,Reino International Pty ,248420.2,11-Oct-2029,3623
INV200528,Street cleaning,Spotless Facility Services Pty Ltd (AU),"$129,824.02",01 August 2028,3669
INV200529,Parking technology services,Reino International Pty Ltd T/A Duncan Solutions (AUS),0.0m,2028-12-08,3623
INV200530,Melbourne Town Hall venue management,Showtime Event Group Pty Ltd,"$214,654.08",03/11/2026,3670
INV200531,Open spaces management - region 2,SERCO,"$225,419.37",17/12/2027,3677
INV200532,Tree management maintenance services,Citywide Service ,22952.62,31/12/2029,3678
INV200533,Building cleaning services,Menzies Int’l (Aust) Pty Ltd,233518.42 AUD,04-May-2025,3634
INV200534,Integrated security services,NationalProtectiveServicesPtyLtd,0.1m,28/10/22,3686
INV200535,Parking technology services,ReinoInternationalPtyLtdT/ADuncanSolutions,192992.09,02 February 2025,3623
INV200536,Waste management services,Cleanaway Waste Management Limited,0.2m,21/10/2029,3556
INV200537,Open spaces management - region 2,SERCO,176266.25,27/09/21,3677
INV200538,Waste management services,Cleanaway Waste Management Limited (AUS),245396.43 AUD,07/11/2027,3556
INV200539,Open spaces management - region 2,SERCO,26641.31 AUD,02/04/2026,3677
INV200540,Open spaces management - region 2,SERCO,"$48,203.54",26/12/2029,3677
INV200541,Open spaces management - region 2,serco,126122.16,23-Nov-2027,3677
INV200542,Vehicle tow away and impound services,Nationwide Towing Services (AU),22234.7,12 November 2028, 
INV200543,Building cleaning services,Menzies International (Aust) Pty Ltd,"$207,297.38",07-May-2026,3634
INV200544,Graffiti management and pressure cleaning services,Calcorp Services Pty Ltd (AUS),0.2m,2026-07-03,3668
INV200545,Management of Active Melbourne recreation facilities,victorian ymca community programming pty ltd,0.1m,12-Aug-2025,3615
INV200546,Building cleaning services,Menzies Int’l (Aust) Pty Ltd,"$125,164.94",29/12/28,3634
INV200547,Management of Active Melbourne recreation facilities,Victorian YMCA Community Programming Pty. Ltd.,"$244,405.69",26/12/08,3615
INV200548,Tree management maintenance services,Citywide Service Solutionc Pty Ltd,55772.42,23-Oct-2027,3678
INV200549,Building maintenance services,ProgrammedFacilityManagementPtyLtd,0.2m,29/12/2026,3630
INV200550,Vehicle tow away and impound services,nationwide towing services,121696.3 AUD,26/02/28,3585
INV200551,Open spaces management - region 2,SErCO,"$12,563.61",2028-04-13,3677
INV200552,Parking technology services,Reino International Pty Ltd T/A Duncan Solutions,191091.5 AUD,2028-04-25,3623
INV200553,Building maintenance services,Programmed Facility Management Pty Ltd,152889.1 AUD,13/11/2028,3630
INV200554,Street cleaning,Spotless Facility Services Pty Ltd,"$101,399.81",,3669
INV200555,Graffiti management and pressure cleaning services,Calcorp Services Pty Ltd (AUS),143873.74 AUD,27-Oct-2027,3668
INV200556,Graffiti management and pressure cleaning services,Calcorp Services Pty Ltd (AUS),201387.65,23-Apr-2025,3668
INV200557,Graffiti management and pressure cleaning services,Calcorp Services Pty Ltd (AU),148246.12 AUD,28/08/08,3668
INV200558,Waste management services,Cleanaway  Waste  Management  Limited,0.1m,28/02/15,3556
INV200559,Graffiti management and pressure cleaning services,Calcorp Seruices Pty Ltd,0.1m,05/03/2029,3668
INV200560,Waste management services,cleanaway waste management limited,226545.98 AUD,2026-07-11,3556
INV200561,Waste management services,Cleanaway Waste Management Limited (AUS),0.1m,2028-04-06,3556
INV200562,Graffiti management and pressure cleaning services,Calcorp Services Pty Ltd (AU),178944.33,07/08/2025,3668
INV200563,Parking technology services,Reino International Pty Ltd T/A Duncan Solutions (AU),"$46,398.39",2025-10-06,3623
INV200564,Building cleaning services,Menzies International (Aust) Pty. Ltd.,75020.67,30-Sep-2027,3634
INV200565,Street cleaning,SPOTLESS FACILITY SERVICES PTY LTD,191071.15,2025-02-16,3669
INV200566,Parking technology services,Reino Intl Pty Ltd T/A Duncan Solutions,165324.87,2027-12-16,3623
INV200567,Open spaces management - region 1,Citywide,184882.56,2025-10-24,3676
INV200568,Civil infrastructure services,Citywide Service Solutions Pty Ltd,"$239,098.57",27/03/30,3665
INV200569,Waste management services,CleanawayWasteManagementLimited,9627.49,30 December 2025,3556
INV200570,Vehicle tow away and impound services,Nationwide Towing Services,113522.49,2028-01-08,3585
INV200571,Open spaces management - region 2,SERCO (AUS),110264.76,18/08/2026,3677
INV200572,Building cleaning services,Menzies Internazional (Aust) Pty Ltd,0.1m,04/06/2026,3634
INV200573,Civil infrastructure services,Citywide  Service  Solutions  Pty  Ltd,0.1m,20 October 2027,3665
INV200574,Civil infrastructure services,CITYWIDE SERVICE SOLUTIONS PTY LTD,50509.9 AUD,2028-04-26,3665
INV200575,Civil infrastructure services,Citywide Service Solutions Pty Ltd (AUS),"$231,050.33",2029-08-26,3665
INV200576,Vehicle tow away and impound services,Nationwide Towing Services,142021.2 AUD,24 March 2029,3585
INV200577,Street cleaning,Spotless Facility Services Pty Ltd,84518.52 AUD,17/04/2027,3669
INV200578,Integrated security services,National,0.2m,06/12/2026,3686
INV200579,Vehicle tow away and impound services,Nationwide  Towing  Services,140999.12,2027-01-02,3585
INV200580,Waste management services,Cleanaway Waste Mgmt Limited,"$43,410.97",02/04/2029,3556
INV200581,Graffiti management and pressure cleaning services,Calcorp Services Pty Ltd,198229.8 AUD,29/09/15,3668
INV200582,Parking technology services,Reino International Pty Ltd T/A Duncan Solutions,120331.19 AUD,22 August 2027,3623
INV200583,Civil infrastructure services,Citywide,0.0m,2026-12-13,3665
INV200584,Waste management services,Reino International Pty ,187693.78,22/11/2028,3623
INV200585,Civil infrastructure services,Citywide Service Solutions Pty Ltd (AU),94234.59,10/09/2029,3665
INV200586,Integrated security services,NATIONAL PROTECTIVE SERVICES PTY LTD,241603.48,2026-04-28, 
INV200587,Building cleaning services,MENZIES INTERNATIONAL (AUST) PTY LTD,114028.28,18/05/2026,3634
INV200588,Street cleaning,SpotlessFacilityServicesPtyLtd,99194.31,19/07/2027,3669
INV200589,Melbourne Town Hall venue management,Showtime Event Group Pty Ltd (AU),153690.06,18-Jun-2026,3670
INV200590,Management of Active Melbourne recreation facilities,Victorian YMCA Community Programming Pty Ltd (AU),1091.94 AUD,02 April 2028,3615
INV200591,Graffiti management and pressure cleaning services,Calcorp Services Pty Ltd (AUS),17080.29 AUD,06/02/2025,3668
INV200592,Parking technology services,Reino International Pty Ltd T/A Duncan Solutions,20057.13,19 March 2029,3623
INV200593,Melbourne Town Hall venue management,Showtime,88635.23 AUD,29/09/2026, 
INV200594,Management of Active Melbourne recreation facilities,victorian ymca community programming pty ltd,129976.32,26/10/03, 
INV200595,Management of Active Melbourne recreation facilities,VICTORIAN YMCA COMMUNITY PROGRAMMING PTY LTD,115197.82 AUD,29/07/20,3615
INV200596,Integrated security services,National Protectiv,"$101,180.86",2026-03-04,3686
INV200597,Building maintenance services,Programmed Facility Management Pty Ltd (AUS),142795.89,21/01/2025,3630
INV200598,Tree management maintenance services,Citywidz Service Solutions Pty Ltd,209422.56,28 June 2028,3678
INV200599,Management of Active Melbourne recreation facilities,Victorian YMCA Community Programming Pty Ltd,0.2m,27/04/07,3615
INV200600,Civil infrastructure services,citywide service solutions pty ltd,5453.34 AUD,22 January 2028,3665
INV200601,Waste management services,Cleanaway Waste Management Limited (AUS),218599.58,18-Aug-2027,3556
INV200602,Civil infrastructure services,CITYWIDE SERVICE SOLUTIONS PTY LTD,"$149,465.18",16 May 2029,3665
INV200603,Civil infrastructure services,Citywide Service ,184781.6,17/09/2026,3665
INV200604,Civil infrastructure services,CitywideServiceSolutionsPtyLtd,0.2m,01-Jan-2030,3665
INV200605,Vehicle tow away and impound services,Nationwide Towing Services,187438.07,21/02/2029,3585
INV200606,Melbourne Town Hall venue management,Showtime,240997.75 AUD,26/04/27,3670
INV200607,Tree management maintenance services,citywide service solutions pty ltd,0.0m,18-Mar-2025,3678
INV200608,Tree management maintenance services,Citywide,0.0m,03 March 2025, 
INV200609,Waste management services,Cleanaway Wakte Management Limited,0.1m,14 September 2028,3556
INV200610,Graffiti management and pressure cleaning services,Calcorp,74545.12,26 September 2025,3668
INV200611,Waste management services,Cleanaway Waste Management Limited,0.1m,04/10/2028, 
INV200612,Tree management maintenance services,Citywide Service Solutions Pty Ltd,34897.48 AUD,27/09/27,3678
INV200613,Melbourne Town Hall venue management,showtime event group pty ltd,92132.94,01/08/2026,3670
INV200614,Management of Active Melbourne recreation facilities,Victorian YMCA Community Programming Pty. Ltd.,139650.98,2026-06-11,3615
INV200615,Civil infrastructure services,Citywide Service ,0.0m,19/10/2028,3665
INV200616,Waste management services,Cleanaway Waste Management Ltd,194597.84 AUD,15/06/2028,3556
INV200617,Tree management maintenance services,Citywide Service Solutions Pty Ltd (AU),"$158,781.21",2025-03-20,3678
INV200618,Parking technology services,Reino Intl Pty Ltd T/A Duncan Solutions,0.1m,2027-05-12,3623
INV200619,Melbourne Town Hall venue management,ShowtimeEventGroupPtyLtd,146316.39,10 June 2026,3670
INV200620,Building maintenance services,Programmed Facility Mgmt Pty Ltd,134652.55,25/10/06,3630
INV200621,Tree management maintenance services,Citywide Service Solutions Pty Ltd,128064.77 AUD,28/05/31,3678
INV200622,Open spaces management - region 1,citywide service solutions pty ltd,"$177,503.23",2026-07-07,3676
INV200623,Waste management services,Cleanajay Waste Management Limited,219674.81,14 March 2028,3556
INV200624,Civil infrastructure services,Citywide Service Solutions Pty. Ltd.,97616.43 AUD,04 October 2027,3665
INV200625,Open spaces management - region 1,Citywide Service Solutions Pty Ltd,0.0m,19 March 2027,3676
INV200626,Street cleaning,spotless facility services pty ltd,3163.29,23-Feb-2025,3669
INV200627,Integrated security services,NATIONAL PROTECTIVE SERVICES PTY LTD,"$117,059.9",27/08/2029,3686
INV200628,Street cleaning,spotless facility services pty ltd,"$86,253.68",24 June 2025,3669
INV200629,Graffiti management and pressure cleaning services,Calcorp Services Pty Ltd,96078.29 AUD,24-Jul-2025,3668
INV200630,Integrated security services,NATIONAL PROTECTIVE SERVICES PTY LTD,123458.39,2029-12-19,3686
INV200631,Building maintenance services,Programmed Facility Management Pty Ltd,0.2m,2029-01-21,3630
INV200632,Parking technology services,Reino Intl Pty Ltd T/A Duncan Solutions,248612.52 AUD,04/12/2029,3623
INV200633,Street cleaning,Spotless Facility Services Pty Ltd (AU),0.1m,24-Apr-2027,3669
INV200634,Graffiti management and pressure cleaning services,calcorp services pty ltd,226363.26,16/11/2028,3668
INV200635,Open spaces management - region 2,SERCO (AUS),"$131,649.89",2027-09-11,3677
INV200636,Civil infrastructure services,Citywide Service Solutions Pty Ltd,233456.01 AUD,14-Oct-2025,3665
INV200637,Building cleaning services,Menzies International (Aust) Pty Ltd,235581.22,19/07/2026,3634
INV200638,Parking technology services,Reino International Pty Ltd T/A Duncan Solutions (AUS),"$69,729.78",30-Jan-2025,3623
INV200639,Building maintenance services,Programmed Facility,,04 July 2029,3630
INV200640,Building cleaning services,Menzies International (Aust) Pty Ltd,"$149,120.65",2029-03-21,3634
INV200641,Open spaces management - region 2,SERCO (AU),213431.28,25/08/22,3677
INV200642,Melbourne Town Hall venue management,Showtime Event Group P/L,222572.9 AUD,08/11/2029,3670
INV200643,Integrated security services,National Protective Services Pty Ltd (AUS),0.1m,25/12/10,3686
INV200644,Waste management services,Cleanaway Waste Management Limited,156867.86,07/02/2029,3556
INV200645,Civil infrastructure services,CITYWIDE SERVICE SOLUTIONS PTY LTD,"$185,408.23",27/10/29,3665
INV200646,Civil infrastructure services,Citywide Service Solutions Pty Ltd,153211.27,08/02/2028,3665
INV200647,Tree management maintenance services,Citywide Service Solutions Pty. Ltd.,"$140,466.25",20/11/2028,3678
INV200648,Parking technology services,Reino International Pty Ltd T/A Duncan Solutions (AUS),121765.11 AUD,2026-01-07,3623
INV200649,Parking technology services,REINO INTERNATIONAL PTY LTD T/A DUNCAN SOLUTIONS,"$46,482.51",2028-01-09,3623
INV200650,Open spaces management - region 1,CitywideServiceSolutionsPtyLtd,39907.29 AUD,28/08/28,3676
INV200651,Parking technology services,Reino International Pty Ltd T/A Duncan Solutions,84702.48 AUD,27/03/25,3623
INV200652,Building maintenance services,Programmed Facility Mgmt Pty Ltd,76947.81,2027-01-11,3630
INV200653,Management of Active Melbourne recreation facilities,Victorian YMCA Community Programming Pty Ltd,"$110,833.59",30/04/2028,3615
INV200654,Vehicle tow away and impound services,Nationwide Towing Services (AUS),"$88,633.87",19 April 2029,3585
INV200655,Waste management services,Cleanaway Waste Management Limited,"$24,064.33",11 June 2028,3556
INV200656,Building cleaning services,Menzies,239032.31,03-May-2026,3634
INV200657,Tree management maintenance services,CitywideServiceSolutionsPtyLtd,15204.53,29/06/05,3678
INV200658,Tree management maintenance services,Citywide Service Solutions Pty Ltd,103825.27,26/04/2028,3678
INV200659,Melbourne Town Hall venue management,ShowtimeEventGroupPtyLtd,51656.58,2027-11-15,3670
INV200660,Civil infrastructure services,Citywide Service iolutions Pty Ltd,201598.58 AUD,13 January 2029,3665
INV200661,Waste management services,Cleanaway Waste Management Limited,"$236,582.23",22 October 2028,3556
INV200662,Management of Active Melbourne recreation facilities,Victorian YMCA Community Programming Pty Ltd,0.1m,27/05/02,3615
INV200663,Civil infrastructure services,Citywide Service Solutionc Pty Ltd,0.2m,25/02/02,3665
INV200664,Open spaces management - region 2,serco,0.2m,2027-06-21,3677
INV200665,Tree management maintenance services,SERCO,"$76,679.25",24 April 2028,3677
INV200666,Vehicle tow away and impound services,NationwideTowingServices,109034.33,2029-09-18,3585
INV200667,Open spaces management - region 1,Citywide Service Solutions Pty Ltd,192014.21 AUD,27/10/01,3676
INV200668,Graffiti management and pressure cleaning services,Calcorp Services Pty Ltd (AUS),0.2m,20/03/2026,3668
INV200669,Street cleaning,Spotless Facility Services Piy Ltd,,17/08/2025,3669
INV200670,Open spaces management - region 2,SERCO,201076.77,2028-09-02,3677
INV200671,Street cleaning,Spotless Facility Services Pty Ltd,17651.19,03/05/2026,3669
INV200672,Civil infrastructure services,CitywidefService Solutions Pty Ltd,5520.54,23 August 2027,3665
INV200673,Open spaces management - region 1,Citywide Service Solutions Pty Ltd (AUS),186554.21,02/03/2027,3676
INV200674,Graffiti management and pressure cleaning services,Calcorp Serv,139311.61,12-Aug-2028,3668
INV200675,Integrated security services,NATIONAL PROTECTIVE SERVICES PTY LTD,"$61,838.31",01/09/2026,3686
INV200676,Open spaces management - region 1,CitywideServiceSolutionsPtyLtd,0.2m,27/05/19,3676
INV200677,Building cleaning services,Menzies Int’l (Aust) Pty Ltd,36904.1,2028-09-11,3634
INV200678,Vehicle tow away and impound services,NationwideTowingServices,114303.84 AUD,28/10/26,3585
INV200679,Vehicle tow away and impound services,Nationwide Towing Services (AUS),27521.15,2025-02-04,3585
INV200680,Graffiti management and pressure cleaning services,Calcorp,"$43,163.86",26/06/30,3668
INV200681,Open spaces management - region 1,Citywide Service Solutions Pty Ltd,0.1m,07/06/2027,3676
INV200682,Waste management services,Cleanaway Waste Management Limited,26180.0,2026-06-10,3556
INV200683,Waste management services,Cleanaway,,09/06/2029,3556
INV200684,Vehicle tow away and impound services,Nationwide  Towing  Services,31151.72,2027-04-13,3585
INV200685,Vehicle tow away and impound services,spotless facility services pty ltd,191072.24 AUD,16/06/2027,3669
INV200686,Waste management services,Cleanaway Waste M,72420.03,28/03/15,3556
INV200687,Parking technology services,Reino International Pty ,188762.41,29/11/2028,3623
INV200688,Waste management services,Cleanaway Waste Mgmt Limited,232805.3,2027-11-06,3556
INV200689,Open spaces management - region 2,SERCO,66413.06,2029-01-18,3677
INV200690,Open spaces management - region 1,Citywide Service Solutions Pty. Ltd.,"$155,385.11",18/03/2026,3676
INV200691,Civil infrastructure services,Citywide,"$71,519.58",19/03/2027,3665
INV200692,Graffiti management and pressure cleaning services,Calcorp Services P/L,"$38,362.62",29/01/20,3668
INV200693,Open spaces management - region 1,Citywide Service Solutions Pty Ltd,0.2m,2028-03-29,3676
INV200694,Building cleaning services,MenziesInternational(Aust)PtyLtd,25801.03 AUD,16-Jun-2025,3634
INV200695,Open spaces management - region 2,menzies international (aust) pty ltd,86909.41,2026-10-06,3634
INV200696,Integrated security services,National  Protective  Services  Pty  Ltd,163533.17,03 June 2029,3686
INV200697,Waste management services,cleanaway waste management limited,114490.64 AUD,30/08/2026,3556
INV200698,Building maintenance services,Programmed Facility Management Pty Ltd (AU),240055.56,28/10/06,3630
INV200699,Street cleaning,Spotless Facility Services Pty. Ltd.,170784.99 AUD,19-Aug-2027,3669
INV200700,Open spaces management - region 1,citywide service solutions pty ltd,145438.1,16-Jan-2027,3676
INV200701,Vehicle tow away and impound services,Natfonwide Towing Services,62282.77 AUD,26/01/18,3585
INV200702,Open spaces management - region 1,CITYWIDE SERVICE SOLUTIONS PTY LTD,,21-May-2027,3676
INV200703,Melbourne Town Hall venue management,Showtime Event Group Pty Ltd,216449.14,26/06/02,3670
INV200704,Melbourne Town Hall venue management,showtime event group pty ltd,76889.18,23/01/2028,3670
INV200705,Tree management maintenance services,CITYWIDE SERVICE SOLUTIONS PTY LTD,161878.3,26/12/05,3678
INV200706,Street cleaning,Spotless  Facility  Services  Pty  Ltd,33241.2,04 January 2025,3669
INV200707,Civil infrastructure services,Citywide,0.2m,04-Aug-2027,3665
INV200708,Management of Active Melbourne recreation facilities,Victorian YMCA Community Programming Pty Ltd (AUS),"$204,556.69",05/02/2026,3615
INV200709,Open spaces management - region 1,Citywide Service Solutions Pty Ltd,0.2m,07/05/2026,3676
INV200710,Melbourne Town Hall venue management,ShowtimeEventGroupPtyLtd,72985.71,2026-11-23,3670
INV200711,Building maintenance services,PROGRAMMED FACILITY MANAGEMENT PTY LTD,"$78,902.23",2026-11-30,3630
INV200712,Street cleaning,SPOTLESS FACILITY SERVICES PTY LTD,26063.46 AUD,03/02/2025,3669
INV200713,Building cleaning services,Menzies International (Aust) Pty Ltd,247449.48 AUD,2029-02-25,3634
INV200714,Street cleaning,Spotless Facility Services Pty Ltd,211771.79,29 March 2028,3669
INV200715,Vehicle tow away and impound services,Nationwide Thwing Services,239390.88,29-Aug-2027,3585
INV200716,Civil infrastructure services,Nationwide Towing Services (AUS),"$186,574.12",24/06/2026,3585
INV200717,Management of Active Melbourne recreation facilities,Victorian YMCA Community Programming Pty Ltd (AUS),0.0m,26/12/09,3615
INV200718,Graffiti management and pressure cleaning services,Calcorp,,22 October 2025,3668
INV200719,Vehicle tow away and impound services,Nationwide Towing Services,0.2m,15 November 2029,3585
INV200720,Open spaces management - region 2,SERCO (AUS),0.0m,27 September 2027,3677
INV200721,Building maintenance services,Programmed Facility Management Pty Ltd (AU),122555.76,29/04/2025,3630
INV200722,Building maintenance services,Programmed Facility eanagement Pty Ltd,0.0m,28/02/08,3630
INV200723,Tree management maintenance services,Reino International Pty Ltd T/A Duncan Solutions,204871.89 AUD,27/11/2026,3623
INV200724,Open spaces management - region 2,serco,"$171,073.22",17/06/2026,3677
INV200725,Graffiti management and pressure cleaning services,Calcorp Serv,0.2m,18-Aug-2027,3668
INV200726,Vehicle tow away and impound services,Nationwide,179923.51,10-Jul-2025, 
INV200727,Tree management maintenance services,CitywideServiceSolutionsPtyLtd,210003.33,21-Jun-2028,3678
INV200728,Tree management maintenance services,Citywide Service Solutions Pty Ltd (AU),"$232,144.32",17 December 2028,3678
INV200729,Graffiti management and pressure cleaning services,Calcorp,188199.65,25/02/07,3668
INV200730,Civil infrastructure services,Citywide,"$55,905.62",2025-08-20,3665
INV200731,Waste management services,Cleanaway Waste Management jimited,244891.86,17/02/2029,3556
INV200732,Management of Active Melbourne recreation facilities,Victorian,16405.52 AUD,06-Mar-2026,3615
INV200733,Waste management services,CLEANAWAY WASTE MANAGEMENT LIMITED,20818.14 AUD,10 June 2027,3556
INV200734,Open spaces management - region 2,SERCO,132561.11,13/06/2025,3677
INV200735,Civil infrastructure services,Citywide,0.1m,27/01/2028,3665
INV200736,Integrated security services,National Protective Services Pty Ltd (AU),77862.55 AUD,29-May-2029,3686
INV200737,Civil infrastructure services,CITYWIDE SERVICE SOLUTIONS PTY LTD,62000.31 AUD,19/06/2029,3665
INV200738,Tree management maintenance services,Citywide Service Solutions P/L,1873.15 AUD,2028-06-20,3678
INV200739,Parking technology services,Reino International Pty Ltd T/A Duncan Solutions (AUS),202442.85 AUD,09-Jun-2025,3623
INV200740,Waste management services,Cleanaway Waste Management Limited (AU),169423.8,16 January 2029,3556
INV200741,Building cleaning services,Menzies International (Aust) Pty. Ltd.,55218.4 AUD,26/12/2025,3634
INV200742,Vehicle tow away and impound services,Nationwide To,8364.93,2025-04-09,3585
INV200743,Waste management services,Cleanaway Wasqe Management Limited,27955.61 AUD,29/11/22,3556
INV200744,Parking technology services,Reino Intl Pty Ltd T/A Duncan Solutions,204927.64 AUD,05-Apr-2027,3623
INV200745,Open spaces management - region 2,SERCO (AUS),"$175,606.54",2029-01-25,3677
INV200746,Vehicle tow away and impound services,Nationwide Towing Services (AUS),137939.55,2026-04-29,3585
INV200747,Melbourne Town Hall venue management,Showtime Event Group Pty Ltd (AUS),"$224,190.02",27/06/2026,3670
INV200748,Parking technology services,Reino International Pty Ltd T/A Duncan Solutions (AUS),103313.34 AUD,2027-08-03,3623
INV200749,Melbourne Town Hall venue management,Showtime Event Group Pty Lti,"$74,681.79",20/11/2027,3670
INV200750,Integrated security services,SERCO (AU),101861.43,10/08/2028,3677
INV200751,Tree management maintenance services,CitywideServiceSolutionsPtyLtd,0.2m,29/04/18,3678
INV200752,Parking technology services,Reino International P/L T/A Duncan Solutions,107093.73,06 September 2026,3623
INV200753,Building maintenance services,Programmed Facility Management Pty Ltd,154261.18,2027-10-28,3630
INV200754,Civil infrastructure services,Citywide Service Solutions Pty Ltd,"$182,704.55",2028-08-04, 
INV200755,Integrated security services,national protective services pty ltd,184010.95,26 June 2026,3686
INV200756,Street cleaning,Spotless Facility,198835.24 AUD,07-May-2026,3669
INV200757,Management of Active Melbourne recreation facilities,victorian ymca community programming pty ltd,124215.46,08/08/2026,3615
INV200758,Integrated security services,NATIONAL PROTECTIVE SERVICES PTY LTD,0.0m,12/07/2026,3686
INV200759,Waste management services,Cleanaway Waste Management Limited,"$36,679.18",18-Nov-2028,3556
INV200760,Tree management maintenance services,CITYWIDE SERVICE SOLUTIONS PTY LTD,"$116,706.52",20 December 2028,3678
INV200761,Waste management services,Cleanaway Waste Mgmt Limited,118988.07 AUD,12 March 2029,3556
INV200762,Parking technology services,Reino International Pty Ltd T/A Duncan Soluzions,211454.15 AUD,2028-04-04,3623
INV200763,Street cleaning,Spotless Facility Services Pty Ltd,201372.27 AUD,15 December 2027,3669
INV200764,Parking technology services,ReinoInternationalPtyLtdT/ADuncanSolutions,,26/07/20,3623
INV200765,Graffiti management and pressure cleaning services,Calcorp Services P/L,29182.89,25-Jun-2028,3668
INV200766,Waste management services,Cleanaway Waste Mgmt Limited,0.1m,2029-08-31,3556
INV200767,Management of Active Melbourne recreation facilities,VictorianYMCACommunityProgrammingPtyLtd,"$219,880.03",05-Jan-2029,3615
INV200768,Civil infrastructure services,CitywideServiceSolutionsPtyLtd,38852.4 AUD,2029-12-13,3665
INV200769,Vehicle tow away and impound services,NationwideTowingServices,"$163,172.43",2025-12-16, 
INV200770,Vehicle tow away and impound services,NATIONWIDE TOWING SERVICES,"$225,211.13",27/01/18,3585
INV200771,Waste management services,Cleanaway Waste Mgmt Limited,"$153,715.77",15 January 2026,3556
INV200772,Open spaces management - region 1,Citywide Service Solutions Pty Ltd (AUS),91912.47,2029-03-13,3676
INV200773,Civil infrastructure services,Citywide  Service  Solutions  Pty  Ltd,"$178,200.08",2025-04-19,3665
INV200774,Open spaces management - region 1,Citywide Service Solutions Pty Ltd,"$209,057.75",12/03/2028,3676
INV200775,Building cleaning services,MenziesInternational(Aust)PtyLtd,0.2m,28/04/17,3634
INV200776,Graffiti management and pressure cleaning services,Calcorp Services Pty Ltd (AU),138915.41,28/07/18,3668
INV200777,Building maintenance services,Programmed Facility Management Pty Ltd,138963.44 AUD,25/07/2026,3630
INV200778,Graffiti management and pressure cleaning services,Calcorp Servimes Pty Ltd,129743.47,23/04/2027,3668
INV200779,Open spaces management - region 1,Citywide Service Solutions Pty Ltd,"$141,411.33",07 November 2026,3676
INV200780,Civil infrastructure services,CITYWIDE SERVICE SOLUTIONS PTY LTD,"$163,121.59",25/07/2026,3665
INV200781,Tree management maintenance services,Citywide Service Solutions Pty. Ltd.,117443.69,04-Oct-2027,3678
INV200782,Parking technology services,Reino  International  Pty  Ltd  T/A  Duncan  Solutions,48820.25 AUD,26/09/2025,3623
INV200783,Civil infrastructure services,Citywide Service Solutions Pty. Ltd.,216757.69 AUD,2027-12-23,3665
INV200784,Integrated security services,National Protective Services P/L,0.0m,26/08/2029,3686
INV200785,Building maintenance services,ProgrammedFacilityManagementPtyLtd,0.0m,07 March 2025,3630
INV200786,Melbourne Town Hall venue management,Showtime Event Group P/L,156266.95,2026-09-03,3670
INV200787,Open spaces management - region 1,CleanawayWasteManagementLimited,217045.3 AUD,31/01/2027,3556
INV200788,Civil infrastructure services,Citywide,"$166,648.25",06 November 2028,3665
INV200789,Management of Active Melbourne recreation facilities,VictorianYMCACommunityProgrammingPtyLtd,61499.86,23 November 2025,3615
INV200790,Civil infrastructure services,Citywide Service Solutions Pty Ltd (AU),0.1m,2028-07-04,3665
INV200791,Building cleaning services,Menzies Intl (Aust) Pty Ltd,0.2m,2025-10-21,3634
INV200792,Management of Active Melbourne recreation facilities,Victorian YMCA Community Programming Pty Ltd,5297.99,13/12/2028,3615
INV200793,Open spaces management - region 2,SERCO,19046.42,17-Apr-2029,3677
INV200794,Management of Active Melbourne recreation facilities,VICTORIAN YMCA COMMUNITY PROGRAMMING PTY LTD,166303.53 AUD,2028-08-20,3615
INV200795,Melbourne Town Hall venue management,Showtime Event Group P/L,161179.26,18 July 2025,3670
INV200796,Building cleaning services,Menzies International (Aust) Pty. Ltd.,162524.64,2025-06-04,3634
INV200797,Building cleaning services,Menzies Intehnational (Aust) Pty Ltd,0.2m,29/05/17,3634
INV200798,Building maintenance services,PROGRAMMED FACILITY MANAGEMENT PTY LTD,131815.89,24-Feb-2026,3630
INV200799,Street cleaning,Spotless Facility Services Pty Ltd,0.1m,30/07/2025,3669
INV200800,Tree management maintenance services,citywide service solutions pty ltd,165573.03 AUD,29 September 2027,3678
INV200801,Building maintenance services,PROGRAMMED FACILITY MANAGEMENT PTY LTD,0.0m,01-Dec-2025,3630
INV200802,Melbourne Town Hall venue management,Showtime Event,"$171,678.21",29/03/16,3670
INV200803,Parking technology services,Reino International Pty Ltd T/A Duncan Solutions,105832.37 AUD,25/01/11,3623
INV200804,Street cleaning,SpotlessFacilityServicesPtyLtd,210642.7 AUD,22/01/2026,3669
INV200805,Open spaces management - region 1,Citywide Service Solutions Pty Ltd,"$154,935.92",28/12/29,3676
INV200806,Open spaces management - region 2,SERCe,0.1m,2027-08-12,3677
INV200807,Waste management services,SuRCO,73748.95 AUD,09/11/2025,3677
INV200808,Open spaces management - region 2,nationwide towing services,201172.9,,3585
INV200809,Parking technology services,Nationwide Towing Services (AUS),0.1m,04 June 2027,3585
INV200810,Street cleaning,Spotless  Facility  Services  Pty  Ltd,"$23,747.65",27 October 2027,3669
INV200811,Building maintenance services,programmed facility management pty ltd,"$132,269.88",27 November 2027,3630
INV200812,Vehicle tow away and impound services,Nationwide Towing Services,225677.0,26/10/28,3585
INV200813,Waste management services,cleanaway waste management limited,62687.71 AUD,08-May-2028,3556
INV200814,Open spaces management - region 2,SERCO,122199.2 AUD,05 August 2027,3677
INV200815,Integrated security services,National Protective Services Pty Ltd,59560.7,22/11/2029,3686
INV200816,Open spaces management - region 2,SERCO,0.2m,17/01/2025,3677
INV200817,Integrated security services,National Protective Services Pty Ltd,0.0m,22/12/2027,3686
INV200818,Civil infrastructure services,Citywide Service Solutions P/L,"$45,219.51",29/05/18,3665
INV200819,Integrated security services,National,"$45,903.27",20/09/2028,3686
INV200820,Graffiti management and pressure cleaning services,Calcorp Services Pty. Ltd.,171735.37,08-Jul-2025,3668
INV200821,Civil infrastructure services,Citywide Service Splutions Pty Ltd,134424.88 AUD,09/05/2028,3665
INV200822,Open spaces management - region 1,Citywide Service Solutions Pty Ltd,91595.2,18/10/2028,3676
INV200823,Melbourne Town Hall venue management,Showtime Event Group P/L,207413.61,28/10/16,3670
INV200824,Waste management services,Cleanaway Waste Management LTD,217627.64,26/02/13,3556
INV200825,Parking technology services,Reino  International  Pty  Ltd  T/A  Duncan  Solutions,234605.18,30-Jun-2029, 
INV200826,Building cleaning services,Menzies International (Aust) Pty Ltd,211485.02 AUD,29-Aug-2025,3634
INV200827,Building cleaning services,Menzies  International  (Aust)  Pty  Ltd,0.1m,30 May 2026,3634
INV200828,Parking technology services,Reino International Pty Ltd T/A Duncan Solutions (AU),0.0m,15 January 2026,3623
INV200829,Graffiti management and pressure cleaning services,Calcorp Services Pty Ltd (AUS),0.2m,10-Nov-2025,3668
INV200830,Civil infrastructure services,Citywide Service ,38930.35,01/03/2028,3665
INV200831,Street cleaning,Spotless  Facility  Services  Pty  Ltd,"$106,357.57",26 February 2026,3669
INV200832,Tree management maintenance services,Citywide,0.2m,03/01/2026,3678
INV200833,Vehicle tow away and impound services,Nationwide Towing Services,29507.45,13/05/2026,3585
INV200834,Building maintenance services,Programmed,194266.64 AUD,25/05/07, 
INV200835,Open spaces management - region 2,SERCO,36008.52,25/02/2026,3677
INV200836,Waste management services,Cleanaway Waste M,"$121,778.29",18 July 2029,3556
INV200837,Street cleaning,Spotless  Facility  Services  Pty  Ltd,149809.5,04/03/2027,3669
INV200838,Street cleaning,Spotless  Facility  Services  Pty  Ltd,243980.83,13/08/2027,3669
INV200839,Street cleaning,Spotless,91215.48,26/11/12,3669
INV200840,Integrated security services,National,61760.52 AUD,05/08/2025,3686
INV200841,Building maintenance services,Programmed Facility Management Pty Ltd,245835.2,23/12/2027,3630
INV200842,Graffiti management and pressure cleaning services,Calcorp Services Pty Ltd,"$149,612.61",06/02/2028, 
INV200843,Graffiti management and pressure cleaning services,Calcorp Services Pty Ltd (AU),152110.98,2026-05-28,3668
INV200844,Street cleaning,SPOTLESS FACILITY SERVICES PTY LTD,158787.34,17-Nov-2028,3669
INV200845,Management of Active Melbourne recreation facilities,Victorian YMCA Community Programming P/L,0.1m,27/07/2028,3615
INV200846,Building cleaning services,MenziesInternational(Aust)PtyLtd,"$45,954.38",2026-02-23,3634
INV200847,Open spaces management - region 1,Citywide Service ,"$245,131.62",07/04/2026,3676
INV200848,Graffiti management and pressure cleaning services,Calcorp Services Pty Ltd,0.1m,28/12/12,3668
INV200849,Open spaces management - region 1,citywide service solutions pty ltd,0.1m,28/09/08,3676
INV200850,Street cleaning,Spotless Facility Services Pty. Ltd.,176544.99,2027-02-16,3669
INV200851,Tree management maintenance services,Citywide,22493.38,19 March 2028,3678
INV200852,Open spaces management - region 2,SERCO,106514.15,06/10/2026,3677
INV200853,Waste management services,Nationwide,173500.72 AUD,20 June 2028,3585
INV200854,Graffiti management and pressure cleaning services,Calcorp,91651.91,05-Feb-2029,3668
INV200855,Civil infrastructure services,citywide service solutions pty ltd,0.2m,01/04/2027,3665
INV200856,Building maintenance services,Programmed Facility Maaagement Pty Ltd,239868.5,13 January 2025,3630
INV200857,Tree management maintenance services,Citywide Service ,"$141,327.14",16/01/2028,3678
INV200858,Waste management services,Cleanaway Waste Management Limited,0.1m,27/08/10,3556
INV200859,Waste management services,Cleanaway Waste Management Ltd,115715.2,26/08/26,3556
INV200860,Parking technology services,Reino International Pty Ltd T/A Duncan Solutions,226974.88,15/01/2029,3623
INV200861,Street cleaning,spotless facility services pty ltd,191194.64,16/11/2027,3669
INV200862,Tree management maintenance services,Citywide  Service  Solutions  Pty  Ltd,0.0m,17-Jun-2026,3678
INV200863,Melbourne Town Hall venue management,Showtime Event Group P/L,0.1m,02/10/2026,3670
INV200864,Open spaces management - region 1,Citywide  Service  Solutions  Pty  Ltd,1924.4,24/02/2026,3676
INV200865,Street cleaning,Spotless Facility Services Pty Ltd,138671.61,13 September 2025,3669
INV200866,Building maintenance services,Programmed Facility Management Pty Ltd,4375.55 AUD,28/12/2026,3630
INV200867,Open spaces management - region 1,Citywide uervice Solutions Pty Ltd,148792.52,04 May 2028,3676
INV200868,Melbourne Town Hall venue management,Showtime Event Group Pty Ltd (AUS),"$56,710.98",26 April 2029,3670
INV200869,Open spaces management - region 1,Citywide Service Solutions Pty Ltd (AUS),0.0m,27/11/2028,3676
INV200870,Graffiti management and pressure cleaning services,Calcorp Services Pty Ltd,150604.31,2026-05-09,3668
INV200871,Civil infrastructure services,citywide service solutions pty ltd,"$175,363.09",26/03/2026,3665
INV200872,Integrated security services,National Protective Servxces Pty Ltd,7058.41,29/06/03,3686
INV200873,Integrated security services,National Protectiv,34896.98,21/02/2027,3686
INV200874,Melbourne Town Hall venue management,Showtime Event Group Pty Ltd,112154.23 AUD,13 February 2026,3670
INV200875,Building maintenance services,programmed facility management pty ltd,50730.87 AUD,08/07/2028,3630
INV200876,Building cleaning services,menzies international (aust) pty ltd,0.1m,22-Oct-2027,3634
INV200877,Melbourne Town Hall venue management,Showtime Event Group Pty Ltd,0.2m,21 February 2027,3670
INV200878,Waste management services,Cleanaway Waste Mgmt Limited,"$210,455.88",25/01/07,3556
INV200879,Tree management maintenance services,Citywide Service Solutions Pty Ltd,0.1m,26/08/2029,3678
INV200880,Vehicle tow away and impound services,Nationwide Towing Servites,47124.51,11-Feb-2027,3585
INV200881,Integrated security services,NATIONAL PROTECTIVE SERVICES PTY LTD,9500.92,25/10/03,3686
INV200882,Civil infrastructure services,Citywide Service Solutions P/L,211839.76,09/12/2026,3665
INV200883,Building maintenance services,Programmed Facility Management Pty Ltd (AU),103849.23,2029-09-18,3630
INV200884,Street cleaning,Spotless Facility Services Pty Ltd,,20 March 2025,3669
INV200885,Open spaces management - region 1,Citywide Service Solutions Pty Ltd (AUS),30922.42,30/04/2025,3676
INV200886,Melbourne Town Hall venue management,showtime event group pty ltd,,23/04/2026,3670
INV200887,Melbourne Town Hall venue management,ShowtimeEventGroupPtyLtd,0.2m,12/07/2028,3670
INV200888,Civil infrastructure services,Citywide  Service  Solutions  Pty  Ltd,0.0m,01/02/2029,3665
INV200889,Street cleaning,spotless facility services pty ltd,167892.04,23-May-2027,3669
INV200890,Open spaces management - region 1,CitywideServiceSolutionsPtyLtd,12866.12 AUD,08-Aug-2029,3676
INV200891,Tree management maintenance services,CitywideServiceSolutionsPtyLtd,"$112,272.43",19 January 2027, 
INV200892,Waste management services,VictorianYMCACommunityProgrammingPtyLtd,195926.75,21-Oct-2026,3615
INV200893,Vehicle tow away and impound services,NationwideTowingServices,"$121,781.77",27/08/18,3585
INV200894,Melbourne Town Hall venue management,Showtime Event Group Pty Ltd (AUS),1665.06,25/09/16,3670
INV200895,Melbourne Town Hall venue management,SHOWTIME EVENT GROUP PTY LTD,126582.2 AUD,16/02/2029,3670
INV200896,Open spaces management - region 2,SERCO,227698.25,12-Aug-2028,3677
INV200897,Management of Active Melbourne recreation facilities,Victorian Ymca Community Programming Pty Ltd,0.1m,28/04/10,3615
INV200898,Civil infrastructure services,Citywide Service Solutions P/L,217195.27 AUD,2027-04-16,3665
INV200899,Waste management services,Cleanawaf Waste Management Limited,52943.08 AUD,02 August 2029,3556
INV200900,Management of Active Melbourne recreation facilities,Victorian  YMCA  Community  Programming  Pty  Ltd,122608.02,05/10/2025,3615
INV200901,Open spaces management - region 1,citywide service solutions pty ltd,0.2m,2028-04-07,3676
INV200902,Open spaces management - region 1,Citywide Service Solutions Pty. Ltd.,171302.22,23/11/2026,3676
INV200903,Building maintenance services,Programmed,195555.51,2028-06-29,3630
INV200904,Building cleaning services,MENZIES INTERNATIONAL (AUST) PTY LTD,174782.78,30/10/2029,3634
INV200905,Parking technology services,Reino Intl Pty Ltd T/A Duncan Solutions,0.1m,01/08/2028,3623
INV200906,Street cleaning,Spotless Facility Services P/L,"$188,247.82",2026-02-17, 
INV200907,Civil infrastructure services,Citywide Service ,215365.28 AUD,28/03/2028,3665
INV200908,Management of Active Melbourne recreation facilities,Victorian Ymca Community Programming Pty Ltd,42464.48,31 March 2028,3615
INV200909,Integrated security services,National Protective Servicms Pty Ltd,0.2m,2026-03-14,3686
INV200910,Graffiti management and pressure cleaning services,Calcorp Services Pty Ltd,106778.52,28 June 2026,3668
INV200911,Vehicle tow away and impound services,Nationwide Towing Services,31235.42,06/10/2027,3585
INV200912,Graffiti management and pressure cleaning services,Calcorp Serv,0.2m,22 November 2029,3668
INV200913,Tree management maintenance services,Citywide Service Solutions P/L,0.2m,22-Jun-2028, 
INV200914,Melbourne Town Hall venue management,showtime event group pty ltd,0.1m,28/07/02, 
INV200915,Integrated security services,National Protective Services Pty. Ltd.,118121.51,29/12/2025,3686
INV200916,Parking technology services,ProgrammedFacilityManagementPtyLtd,0.2m,03/07/2028,3630
INV200917,Melbourne Town Hall venue management,Showtime Event Group P/L,"$177,724.56",09/02/2029,3670
INV200918,Vehicle tow away and impound services,Nationwidh Towing Services,"$233,993.14",20-Dec-2029,3585
INV200919,Civil infrastructure services,Citywide Service Solutions Pty Ltd,"$148,774.84",18/06/2025,3665
INV200920,Waste management services,CLEANAWAY WASTE MANAGEMENT LIMITED,14080.7,2029-09-16,3556
INV200921,Building cleaning services,Menzies Isternational (Aust) Pty Ltd,196625.61 AUD,15/08/2026,3634
INV200922,Building cleaning services,Menzies,"$12,722.06",06/07/2026,3634
INV200923,Melbourne Town Hall venue management,showtime event group pty ltd,185340.1 AUD,10-Oct-2025,3670
INV200924,Civil infrastructure services,Citywide Service Solutions Pty Ltd,157303.83 AUD,07/10/2027,3665
INV200925,Building cleaning services,Menzies International (Aust) P/L,119881.89,16/09/2027,3634
INV200926,Open spaces management - region 1,Citywide Service Solutions Pty. Ltd.,212407.11,2028-03-01,3676
INV200927,Civil infrastructure services,CitywideServiceSolutionsPtyLtd,73240.09,2029-09-03,3665
INV200928,Management of Active Melbourne recreation facilities,VICTORIAN YMCA COMMUNITY PROGRAMMING PTY LTD,105830.05,27/04/05,3615
INV200929,Melbourne Town Hall venue management,Showtime Event,64053.39,26/02/23,3670
INV200930,Waste management services,Cleanaway Waste Management LTD,0.2m,14-Mar-2025,3556
INV200931,Vehicle tow away and impound services,Nationwide Towing Services,"$41,126.57",03-Jan-2028,3585
INV200932,Melbourne Town Hall venue management,Showtime Event Group Pty. Ltd.,191634.72 AUD,28/04/10,3670
INV200933,Graffiti management and pressure cleaning services,Calcorp Services Pty Ltd (AU),157490.81,20 August 2028,3668
INV200934,Building maintenance services,Programmed Facility Management P/L,0.1m,25/07/2029,3630
INV200935,Building cleaning services,Menzies Internatio,141617.43,21 October 2027,3634
INV200936,Vehicle tow away and impound services,NationwideTowingServices,182107.06,23/01/2029,3585
INV200937,Melbourne Town Hall venue management,Showtime Event Group Pty Ltd,117170.2,11/10/2027, 
INV200938,Building cleaning services,Menzies International (Aust) P/L,127902.61,2026-09-18,3634
INV200939,Vehicle tow away and impound services,Nationwide,133014.32,12 January 2025,3585
INV200940,Building maintenance services,Programmed Facility Management Pty Ltd,"$59,490.88",13-Jan-2029,3630
INV200941,Melbourne Town Hall venue management,Showtime Event Group Pty Ltd (AUS),"$213,290.69",10/03/2029,3670
INV200942,Open spaces management - region 2,serco,113928.89,21-Feb-2026, 
INV200943,Open spaces management - region 2,SERCO,119731.73,15/03/2025,3677
INV200944,Integrated security services,National Protective Services P/L,132765.46 AUD,28/01/21,3686
INV200945,Parking technology services,Reino,224865.26 AUD,16 June 2025,3623
INV200946,Parking technology services,Reino,"$103,882.07",13-Sep-2026,3623
INV200947,Open spaces management - region 2,SERCO,180088.2 AUD,16 June 2025,3677
INV200948,Open spaces management - region 2,SERCO,84691.62 AUD,04 September 2026,3677
INV200949,Melbourne Town Hall venue management,ShowtimeEventGroupPtyLtd,"$57,163.82",19-May-2026,3670
INV200950,Integrated security services,National Protective Services Pty Ltd,49520.54,10/04/2028,3686
INV200951,Street cleaning,SPOTLESS FACILITY SERVICES PTY LTD,"$54,010.23",12-Sep-2028,3669
INV200952,Management of Active Melbourne recreation facilities,Victorian,72059.54 AUD,29 April 2026,3615
INV200953,Integrated security services,NATIONAL PROTECTIVE SERVICES PTY LTD,82740.66,11 September 2025,3686
INV200954,Building maintenance services,PROGRAMMED FACILITY MANAGEMENT PTY LTD,169562.36,24-Oct-2026,3630
INV200955,Vehicle tow away and impound services,Nationwide Towing Services,166438.88 AUD,28/05/2026,3585
INV200956,Vehicle tow away and impound services,Nationwide  Towing  Services,0.1m,09/10/2028,3585
INV200957,Open spaces management - region 1,Citywide Service Solutions Pty Ltd (AUS),170303.89,24-May-2028,3676
INV200958,Open spaces management - region 1,Citywide Service Solutions Pty. Ltd.,229931.73 AUD,11/04/2029,3676
INV200959,Management of Active Melbourne recreation facilities,Victorian YMCA Community Programming Pty. Ltd.,244773.15,28/02/25,3615
INV200960,Vehicle tow away and impound services,Natbonwide Towing Services,0.2m,27/10/2027,3585
INV200961,Building cleaning services,Menzies International (Aust) Pty Ltd,141582.46 AUD,21-Jan-2027,3634
INV200962,Tree management maintenance services,Citywide Service Solutions Pty Ltd (AU),105336.81 AUD,26/05/2025,3678
INV200963,Melbourne Town Hall venue management,Victorian YMCA Communi,"$51,278.46",02/09/2029,3615
INV200964,Management of Active Melbourne recreation facilities,Victorian Ymca Community Programming Pty Ltd,0.1m,2025-08-16,3615
INV200965,Integrated security services,National Protective Services Pty Ltd,,20-Apr-2027,3686
INV200966,Building cleaning services,menzies international (aust) pty ltd,16779.94,2030-01-01,3634
INV200967,Vehicle tow away and impound services,Nationwide To,30509.08,26/06/22,3585
INV200968,Open spaces management - region 2,SERCO,85012.87,02/04/2028,3677
INV200969,Building cleaning services,MenziesInternational(Aust)PtyLtd,"$97,109.92",23/05/2027,3634
INV200970,Vehicle tow away and impound services,NationwideTowingServices,0.2m,13/04/2026,3585
INV200971,Street cleaning,Spotless,0.2m,2027-02-04,3669
INV200972,Open spaces management - region 1,Citywide Service Solutions Pty. Ltd.,0.1m,31/12/2026,3676
INV200973,Graffiti management and pressure cleaning services,Calcorp Services Pty. Ltd.,1624.94,28-Jan-2029,3668
INV200974,Open spaces management - region 1,Cleanaway kaste Management Limited,"$176,000.08",11/07/2028,3556
INV200975,Vehicle tow away and impound services,Nationwide Toxing Services,"$239,406.04",02/02/2025,3585
INV200976,Street cleaning,SpotlessFacilityServicesPtyLtd,21695.95 AUD,29/07/01,3669
INV200977,Graffiti management and pressure cleaning services,Calcorp Services Pty. Ltd.,0.0m,23 March 2027,3668
INV200978,Integrated security services,National Protectiv,184245.57,19/06/2027,3686
INV200979,Waste management services,Cleanaway Waste Management Limited,152918.06,2028-03-29,3556
INV200980,Tree management maintenance services,citywide service solutions pty ltd,0.1m,27/07/24,3678
INV200981,Vehicle tow away and impound services,NATIONWIDE TOWING SERVICES,67486.11 AUD,15/10/2025,3585
INV200982,Integrated security services,National Protective Services Pty Ltd (AU),93997.86,18/12/2026,3686
INV200983,Vehicle tow away and impound services,Nationwide Towing Services (AU),12983.84,28/02/2025,3585
INV200984,Street cleaning,SpotlessFacilityServicesPtyLtd,"$112,973.59",20/09/2026, 
INV200985,Parking technology services,Reino International Pty Ltd T/A Duncan Solutions (AU),113614.49 AUD,12/03/2026,3623
INV200986,Open spaces management - region 2,SERCO,106132.39,09-Jul-2028,3677
INV200987,Melbourne Town Hall venue management,ShowtimeEventGroupPtyLtd,"$241,105.34",25-Jan-2025,3670
INV200988,Vehicle tow away and impound services,Nationwide To,"$171,939.4",04 June 2025,3585
INV200989,Waste management services,cleanaway waste management limited,180481.62 AUD,22-Jan-2025,3556
INV200990,Open spaces management - region 2,SERCO,35504.72 AUD,05/01/2028,3677
INV200991,Civil infrastructure services,Citywide Service ,143520.01 AUD,01/06/2029,3665
INV200992,Parking technology services,Reino International Pty Ltd T/A Duncan Solutions (AUS),6266.1 AUD,19-Jan-2026,3623
INV200993,Parking technology services,ReinoInternationalPtyLtdT/ADuncanSolutions,77086.53,04/06/2027,3623
INV200994,Integrated security services,SERCO,77311.08,03/04/2028, 
INV200995,Open spaces management - region 1,Citywide Service Solutions Pty Ltd,"$110,889.15",16 February 2029,3676
INV200996,Management of Active Melbourne recreation facilities,Victorian,"$237,151.79",30/08/2028, 
INV200997,Tree management maintenance services,Citywide Service Solutions Pty Ltd,0.1m,2025-11-29,3678
INV200998,Management of Active Melbourne recreation facilities,Victorian YMCA Community Programming Pty. Ltd.,45750.62,03/07/2027,3615
INV200999,Open spaces management - region 2,SsRCO,97619.53,13 July 2028, 
INV201000,Melbourne Town Hall venue management,showtime event group pty ltd,57655.74,26/06/17,3670
