InvoiceID,ContractTitle,Provider,InvoiceAmount,InvoiceDate,ContractNumber
INV192001,Open spaces management - region 1,CITYWIDE SERVICE SOLUTIONS PTY LTD,0.1m,28-Jan-2026,3676
INV192002,Management of Active Melbourne recreation facilities,Victorian YMCA uommunity Programming Pty Ltd,189423.35,28/06/10,3615
INV192003,Vehicle tow away and impound services,Nationwide Towing Servipes,0.0m,09/11/2029,3585
INV192004,Building cleaning services,MenziesInternational(Aust)PtyLtd,68894.09 AUD,04/03/2027,3634
INV192005,Civil infrastructure services,Citywide,54357.67 AUD,09/03/2026,3665
INV192006,Vehicle tow away and impound services,Nationwide Towing Services,155736.15,09/09/2025,3585
INV192007,Vehicle tow away and impound services,nationwide towing services,32496.85,17-Feb-2026,3585
INV192008,Street cleaning,Spotless Facility Services Pty. Ltd.,91234.55,02/03/2029,3669
INV192009,Tree management maintenance services,Citywide Service Solutions P/L,134845.86 AUD,26/10/24,3678
INV192010,Management of Active Melbourne recreation facilities,Victorian Ymca Community Programming Pty Ltd,121068.4,2026-11-02,3615
INV192011,Open spaces management - region 2,Serco,211057.54,2025-04-14,3677
INV192012,Parking technology services,Reino Intl Pty Ltd T/A Duncan Solutions,221423.47,04 October 2027,3623
INV192013,Open spaces management - region 2,Serco,"$32,783.96",27/01/2027,3677
INV192014,Open spaces management - region 1,CitywideServiceSolutionsPtyLtd,918.09,26/06/22,3676
INV192015,Parking technology services,Reino International Pty Ltd T/A Duncan Solutions (AU),18154.87,23 June 2028,3623
INV192016,Vehicle tow away and impound services,Nationwide Towing Servoces,0.1m,,3585
INV192017,Integrated security services,National Protective Services Pty Ltd (AUS),"$236,706.53",,3686
INV192018,Parking technology services,Reino International Pty Ltd T/A Duncan Solutions,0.0m,30-Apr-2027,3623
INV192019,Open spaces management - region 1,Citywide Service Solutions Pty Ltd (AUS),73721.41 AUD,18 July 2027,3676
INV192020,Melbourne Town Hall venue management,Showtime  Event  Group  Pty  Ltd,"$198,303.08",05/06/2026,3670
INV192021,Integrated security services,National Protective Services P/L,0.2m,28/09/09,3686
INV192022,Waste management services,Cleanaway Waste Management Ltd,215378.17 AUD,26/04/20,3556
INV192023,Management of Active Melbourne recreation facilities,Victorian YMCA Community Prohramming Pty Ltd,224307.17,01/11/2029,3615
INV192024,Vehicle tow away and impound services,Nationwide Towlng Services,"$72,594.91",10 June 2025,3585
INV192025,Vehicle tow away and impound services,Nationwide Towing Services,83636.97,2027-06-01,3585
INV192026,Building cleaning services,Menzies,152143.04,19 May 2029,3634
INV192027,Tree management maintenance services,Citywbde Service Solutions Pty Ltd,24784.98 AUD,01-Jun-2028,3678
INV192028,Integrated security services,national protective services pty ltd,171307.21 AUD,14 June 2025,3686
INV192029,Integrated security services,National Protective Services Pty Ltd (AU),0.0m,2029-07-04,3686
INV192030,Street cleaning,Spotless Facility Services Pty. Ltd.,10987.95,12/07/2025,3669
INV192031,Integrated security services,National  Protective  Services  Pty  Ltd,150213.96,2026-07-15,3686
INV192032,Street cleaning,SPOTLESS FACILITY SERVICES PTY LTD,"$144,228.05",31/01/2025,3669
INV192033,Melbourne Town Hall venue management,Showtime  Event  Group  Pty  Ltd,70516.84,26 March 2025,3670
INV192034,Open spaces management - region 2,SERCO,239307.68 AUD,2028-07-16, 
INV192035,Street cleaning,Spotless Facility Services Pty Ltd,21155.37,29/09/26,3669
INV192036,Building maintenance services,Programmed Facility,"$228,857.52",29 March 2026,3630
INV192037,Graffiti management and pressure cleaning services,Calcorp Services Pty Ltd,221999.33 AUD,25/11/09,3668
INV192038,Building cleaning services,Menzies Intl (Aust) Pty Ltd,156520.05 AUD,24-Jul-2025,3634
INV192039,Street cleaning,Spotless  Facility  Services  Pty  Ltd,"$152,121.22",09/05/2029,3669
INV192040,Management of Active Melbourne recreation facilities,Victorian,"$69,944.7",28/06/2027,3615
INV192041,Open spaces management - region 2,SERCO,0.2m,02/05/2028,3677
INV192042,Integrated security services,National Protective Services Pty Ltd,145322.48,2025-01-28,3686
INV192043,Integrated security services,National Protective Services P/L,178012.42 AUD,30-Apr-2028,3686
INV192044,Management of Active Melbourne recreation facilities,Victorian YMCA Communi,"$142,042.76",04/12/2025,3615
INV192045,Street cleaning,Spotless  Facility  Services  Pty  Ltd,76312.72,17-Aug-2028,3669
INV192046,Management of Active Melbourne recreation facilities,Victorian YMCA Community Programming Pty Ltd,"$158,691.34",06-Apr-2028,3615
INV192047,Graffiti management and pressure cleaning services,Calcorp,242275.31,28/12/09,3668
INV192048,Parking technology services,Reino International Pty. Ltd. T/A Duncan Solutions,95255.31 AUD,22/10/2027,3623
INV192049,Open spaces management - region 1,Reino Intl Pty Ltd T/A Duncan Solutions,179874.1,29/03/2029,3623
INV192050,Waste management services,cleanaway waste management limited,156076.89 AUD,31 August 2026,3556
INV192051,Graffiti management and pressure cleaning services,Calcorp Services Pty. Ltd.,0.1m,25/08/06,3668
INV192052,Integrated security services,National Protectiv,"$70,124.66",17/02/2025,3686
INV192053,Melbourne Town Hall venue management,Showtimu Event Group Pty Ltd,"$60,059.96",26/06/05,3670
INV192054,Waste management services,CLEANAWAY WASTE MANAGEMENT LIMITED,"$166,345.65",05/06/2028, 
INV192055,Parking technology services,Reino International Pty Ltd T/A Duncan Solutions,172324.64,14-Dec-2026,3623
INV192056,Integrated security services,National Protective Services Pty Ltd,981.49,17-Apr-2025,3686
INV192057,Building cleaning services,MenziesInternational(Aust)PtyLtd,154504.24,2027-05-20, 
INV192058,Waste management services,CLEANAWAY WASTE MANAGEMENT LIMITED,"$195,477.22",31/10/2026,3556
INV192059,Vehicle tow away and impound services,NATIONWIDE TOWING SERVICES,106283.84 AUD,25/08/13,3585
INV192060,Civil infrastructure services,Citywide  Service  Solutions  Pty  Ltd,153114.72,26/12/25,3665
INV192061,Open spaces management - region 2,SERCO,192773.7,06/03/2027,3677
INV192062,Parking technology services,Reino International Pty Ltd T/A Duncan Solutions,"$179,839.23",21/07/2026,3623
INV192063,Tree management maintenance services,Citywide Service Solutions Pty Ltd (AUS),80643.04,2029-02-25,3678
INV192064,Civil infrastructure services,Citywide Service Solutions Pty. Ltd.,0.2m,10-Aug-2027,3665
INV192065,Management of Active Melbourne recreation facilities,Victorian Ymca Community Programming Pty Ltd,0.2m,14/04/2027, 
INV192066,Melbourne Town Hall venue management,Showtime Evend Group Pty Ltd,0.2m,23/07/2028,3670
INV192067,Street cleaning,Spotless Facility,6943.86,26/01/10,3669
INV192068,Waste management services,Cleanaway Waste Management LTD,0.0m,,3556
INV192069,Integrated security services,National ProtectivelServices Pty Ltd,144985.32,22 May 2028,3686
INV192070,Melbourne Town Hall venue management,ShowtimeEventGroupPtyLtd,"$187,442.29",11/06/2025,3670
INV192071,Building maintenance services,programmed facility management pty ltd,"$25,619.24",12/08/2028,3630
INV192072,Parking technology services,Reino  International  Pty  Ltd  T/A  Duncan  Solutions,0.1m,21/01/2026,3623
INV192073,Graffiti management and pressure cleaning services,Calcorp Services Pty Ltd,227788.28,30 August 2025,3668
INV192074,Waste management services,CLEANAWAY WASTE MANAGEMENT LIMITED,0.0m,24 October 2027,3556
INV192075,Open spaces management - region 2,Cleanaway Waste Managemenh Limited,0.2m,2027-05-06,3556
INV192076,Civil infrastructure services,Citywide Service Solutions P/L,0.1m,30-Aug-2027,3665
INV192077,Waste management services,Cneanaway Waste Management Limited,"$226,116.48",29/07/2028,3556
INV192078,Tree management maintenance services,Citywide  Service  Solutions  Pty  Ltd,193270.73,13/05/2025,3678
INV192079,Graffiti management and pressure cleaning services,Nationwide To,92155.12,29 November 2025,3585
INV192080,Open spaces management - region 1,citywide service solutions pty ltd,0.1m,18 August 2029,3676
INV192081,Integrated security services,National,0.0m,2025-04-30,3686
INV192082,Parking technology services,Reino International Pty. Ltd. T/A Duncan Solutions,139546.22,25/03/2029,3623
INV192083,Graffiti management and pressure cleaning services,Calcorp Services Pty. Ltd.,73667.39 AUD,2029-06-29,3668
INV192084,Building cleaning services,Menzies International (Aust) P/L,28526.25 AUD,08/09/2027,3634
INV192085,Tree management maintenance services,Citywide Service Solutihns Pty Ltd,"$196,583.05",20-Dec-2029,3678
INV192086,Melbourne Town Hall venue management,showtime event group pty ltd,72099.06 AUD,2025-08-06,3670
INV192087,Civil infrastructure services,CitywideServiceSolutionsPtyLtd,219137.54,2026-05-04,3665
INV192088,Civil infrastructure services,Citywide Service Solutions P/L,113338.31,13-Nov-2026,3665
INV192089,Tree management maintenance services,Citywide Service Solutions Pty Ltd,52104.64,25-Sep-2028,3678
INV192090,Street cleaning,Spotless  Facility  Services  Pty  Ltd,157173.13,25/07/2027,3669
INV192091,Street cleaning,Spotless Facility Services Pty. Ltd.,0.1m,27/07/09,3669
INV192092,Building cleaning services,Menzies International (Aust) Pty Ltd (AUS),0.2m,06 October 2027,3634
INV192093,Civil infrastructure services,Citywide,212317.87,29/07/13,3665
INV192094,Graffiti management and pressure cleaning services,Calcorp Services Pty Ltd (AU),"$134,574.46",30/01/01,3668
INV192095,Integrated security services,National Protective Services Pty Ltd (AU),0.0m,14/03/2027,3686
INV192096,Management of Active Melbourne recreation facilities,Victorian YMCA Community Programming Pty Ltd,0.2m,26/04/04,3615
INV192097,Tree management maintenance services,Citywide Service Solutions P/L,0.1m,25/05/2027,3678
INV192098,Integrated security services,Cleanaway Waste Management LTD,19663.39,25/11/24,3556
INV192099,Waste management services,Cleanaway  Waste  Management  Limited,151028.16 AUD,2027-11-05,3556
INV192100,Management of Active Melbourne recreation facilities,Victorian YMCA Community Programming Pty Ltd,0.1m,05/10/2029,3615
INV192101,Open spaces management - region 2,kERCO,72254.8 AUD,11/03/2027,3677
INV192102,Building cleaning services,Menzies International (Aust) Pty Ltd,0.1m,09 September 2028, 
INV192103,Integrated security services,NATIONAL PROTECTIVE SERVICES PTY LTD,208554.97,2026-03-09,3686
INV192104,Waste management services,Cleanaway Waste M,"$19,465.28",16 July 2028,3556
INV192105,Open spaces management - region 2,SERCO,227935.63,18-Aug-2025,3677
INV192106,Parking technology services,Reino Intl Pty Ltd T/A Duncan Solutions,132222.24,23/03/2026,3623
INV192107,Civil infrastructure services,Citywide Service Solutions Pty Ltd (AU),96963.28,25 February 2028,3665
INV192108,Civil infrastructure services,citywide service solutions pty ltd,3566.06 AUD,27 March 2025,3665
INV192109,Melbourne Town Hall venue management,showtime event group pty ltd,"$241,431.72",,3670
INV192110,Melbourne Town Hall venue management,ShowtimeEventGroupPtyLtd,236952.13,2028-05-30,3670
INV192111,Graffiti management and pressure cleaning services,Calcorp Serv,31817.82 AUD,12-Aug-2026,3668
INV192112,Waste management services,Cleanaway Waste Mgmt Limited,192527.55 AUD,27-May-2027,3556
INV192113,Street cleaning,Spotless Facility Services Pty Ltd,24419.75,16 March 2027,3669
INV192114,Civil infrastructure services,Citywide Service Solutions P/L,118937.75 AUD,19/02/2025,3665
INV192115,Parking technology services,REINO INTERNATIONAL PTY LTD T/A DUNCAN SOLUTIONS,0.1m,05 October 2027,3623
INV192116,Parking technology services,Reino,96623.75 AUD,2028-11-21,3623
INV192117,Building maintenance services,Programmed Facility Mgmt Pty Ltd,33857.36,07-May-2026,3630
INV192118,Integrated security services,national protective services pty ltd,57580.52 AUD,15-Jun-2028,3686
INV192119,Melbourne Town Hall venue management,ShowtimeEventGroupPtyLtd,46975.89 AUD,30/03/2028,3670
INV192120,Management of Active Melbourne recreation facilities,Victorian,23618.85,25/12/28,3615
INV192121,Management of Active Melbourne recreation facilities,victorian ymca community programming pty ltd,0.1m,23/06/2028,3615
INV192122,Melbourne Town Hall venue management,Showtime,"$68,442.86",29/03/2028,3670
INV192123,Building maintenance services,Programmed Facility Management Pty Ltd (AUS),"$240,740.29",2028-05-02,3630
INV192124,Tree management maintenance services,Citywide Service Solutions Pty Ltd,0.1m,26/06/18,3678
INV192125,Open spaces management - region 2,SERCO,"$93,515.56",27-Aug-2028,3677
INV192126,Melbourne Town Hall venue management,Showtime Event Group Pty Ltd,0.2m,14/08/2026,3670
INV192127,Integrated security services,National  Protective  Services  Pty  Ltd,0.0m,19-Dec-2029,3686
INV192128,Parking technology services,Reino International Pty. Ltd. T/A Duncan Solutions,0.1m,27/03/10,3623
INV192129,Graffiti management and pressure cleaning services,Calcorp Services Pty Ltd,"$101,102.51",16/08/2028,3668
INV192130,Civil infrastructure services,CITYWIDE SERVICE SOLUTIONS PTY LTD,16469.71,22-Jun-2025,3665
INV192131,Waste management services,Nationwide Towing Services,"$8,167.98",27 April 2027,3585
INV192132,Vehicle tow away and impound services,Nationwide To,0.2m,27/05/02,3585
INV192133,Civil infrastructure services,Citywide Service Solutions Pty Ltd,210908.6,2029-03-23, 
INV192134,Parking technology services,Reino International Pty Ltd T/A Duncan Solutions,89814.36,17/03/2026,3623
INV192135,Waste management services,Cleanaway Waste Management Limited,"$83,181.12",16/03/2026,3556
INV192136,Open spaces management - region 1,CITYWIDE SERVICE SOLUTIONS PTY LTD,"$216,784.34",22-Jun-2027,3676
INV192137,Vehicle tow away and impound services,NationwideTowingServices,"$18,704.64",13 January 2025,3585
INV192138,Melbourne Town Hall venue management,ShowtimeEventGroupPtyLtd,0.2m,03/09/2028,3670
INV192139,Building maintenance services,Programmed Facility Management Pty. Ltd.,135386.17,29/02/16,3630
INV192140,Street cleaning,Spotless Facility Services Pty Ltd (AU),51077.89,05-Jul-2027,3669
INV192141,Open spaces management - region 2,SERCO,"$87,089.85",12 February 2029,3677
INV192142,Open spaces management - region 2,SERCO,0.0m,06 January 2027,3677
INV192143,Tree management maintenance services,Citywide Service Solutions Pty Ltd,"$229,568.42",05 October 2025,3678
INV192144,Civil infrastructure services,CitywideServiceSolutionsPtyLtd,"$164,057.71",19/12/2027,3665
INV192145,Open spaces management - region 2,SERCO,0.2m,29/08/08,3677
INV192146,Melbourne Town Hall venue management,Showtime Event GroupiPty Ltd,229542.78 AUD,2028-04-25,3670
INV192147,Vehicle tow away and impound services,Nationwide Towing Services,218224.42 AUD,25/04/10,3585
INV192148,Open spaces management - region 1,Citywide Service Solutions Pty Ltd,69294.7,04-Dec-2025,3676
INV192149,Integrated security services,National Protective Services Pty Ltd (AUS),0.1m,28-Jun-2028,3686
INV192150,Graffiti management and pressure cleaning services,Calcorp Serv,34908.76 AUD,15/01/2028,3668
INV192151,Waste management services,cleanaway waste management limited,165827.11,19/06/2025,3556
INV192152,Open spaces management - region 1,Citywide Service Solutions Pty. Ltd.,233747.01 AUD,26/04/04,3676
INV192153,Vehicle tow away and impound services,Nationwide Towing Services (AUS),0.1m,10 May 2026, 
INV192154,Open spaces management - region 1,Citywide Service ,217662.04,2026-06-27,3676
INV192155,Management of Active Melbourne recreation facilities,Victorian YMCA Community Programming Pty. Ltd.,"$156,380.9",04/01/2028,3615
INV192156,Civil infrastructure services,Spotless Facility Services Pty Ltd,212809.35,22/05/2027,3669
INV192157,Melbourne Town Hall venue management,Showtime Event,24530.43 AUD,02/12/2025,3670
INV192158,Vehicle tow away and impound services,Nationwide Towing Services,23730.16,02/05/2025,3585
INV192159,Graffiti management and pressure cleaning services,Calcorp Serv,0.2m,26/12/05,3668
INV192160,Waste management services,Cleanaway Waste M,174420.11,2028-10-09,3556
INV192161,Civil infrastructure services,Citywide Service Solutions Pty Ltd (AU),86516.57,2025-05-03,3665
INV192162,Open spaces management - region 1,Citywide  Service  Solutions  Pty  Ltd,66186.63 AUD,2026-01-11,3676
INV192163,Parking technology services,ReinoInternationalPtyLtdT/ADuncanSolutions,161283.39,25 August 2027,3623
INV192164,Street cleaning,Spotless  Facility  Services  Pty  Ltd,46504.74,10/02/2027,3669
INV192165,Integrated security services,National Protective Services Pty Ltd (AU),"$59,194.92",22-Jan-2027,3686
INV192166,Melbourne Town Hall venue management,Showtime,0.2m,12/03/2025,3670
INV192167,Tree management maintenance services,Citywide Service Solutions Pty Ltd (AU),44862.4,2028-06-23,3678
INV192168,Management of Active Melbourne recreation facilities,VICTORIAN YMCA COMMUNITY PROGRAMMING PTY LTD,149307.89 AUD,28/04/2029,3615
INV192169,Management of Active Melbourne recreation facilities,Victorian  YMCA  Community  Programming  Pty  Ltd,"$243,374.27",12/04/2025,3615
INV192170,Building maintenance services,PROGRAMMED FACILITY MANAGEMENT PTY LTD,127007.38 AUD,2027-01-16,3630
INV192171,Building cleaning services,MenziesInternational(Aust)PtyLtd,"$202,009.89",14/12/2027,3634
INV192172,Open spaces management - region 2,SERCO,162361.77,03 May 2025,3677
INV192173,Building maintenance services,programmed facility management pty ltd,38460.96,07-Jun-2026,3630
INV192174,Integrated security services,National Protective Services Pty Ltd,55535.74 AUD,2026-11-07,3686
INV192175,Integrated security services,National Protectiv,141124.03,16-Jan-2027,3686
INV192176,Melbourne Town Hall venue management,Showtime Event Group Pty Ltd,1090.03 AUD,28/11/18,3670
INV192177,Integrated security services,national protective services pty ltd,"$134,976.92",17-Apr-2029,3686
INV192178,Management of Active Melbourne recreation facilities,Victorian YMCA Community Programming Pty Ltd (AUS),185759.05 AUD,28-Jan-2025, 
INV192179,Civil infrastructure services,Citywide Service Solutions Pty Ltd (AU),136774.08 AUD,26/12/19,3665
INV192180,Building maintenance services,Programmed Facility Management P/L,223610.37,2026-02-15,3630
INV192181,Parking technology services,Reino International P/L T/A Duncan Solutions,15838.61 AUD,24/02/2029,3623
INV192182,Integrated security services,Programmed Facility Management Pty Ltd (AUS),12238.68 AUD,04/04/2026,3630
INV192183,Management of Active Melbourne recreation facilities,Victorian YMCA Community Programming Pty Ltd,0.0m,2027-04-02,3615
INV192184,Waste management services,Cleanaway Waste Management Ltd,"$248,962.86",04 April 2028,3556
INV192185,Graffiti management and pressure cleaning services,Calcorp Services Pty. Ltd.,132419.59,2025-09-18,3668
INV192186,Vehicle tow away and impound services,nationwide towing services,144101.87,2028-07-14,3585
INV192187,Vehicle tow away and impound services,Nationwide  Towing  Services,"$91,035.27",16-Mar-2029,3585
INV192188,Building cleaning services,MenziesInternational(Aust)PtyLtd,0.0m,30/07/2028,3634
INV192189,Vehicle tow away and impound services,nationwide towing services,173527.21,28/03/2027,3585
INV192190,Melbourne Town Hall venue management,Showtime Event Group Pty Ltd,0.0m,21/03/2029,3670
INV192191,Melbourne Town Hall venue management,Showtime,121172.79,19 January 2025,3670
INV192192,Building cleaning services,REINO INTERNATIONAL PTY LTD T/A DUNCAN SOLUTIONS,45792.41,04/08/2026,3623
INV192193,Waste management services,cleanaway waste management limited,0.2m,12/08/2027,3556
INV192194,Civil infrastructure services,Citywide Service Solutions Pty Ltd,215000.75 AUD,27/03/31,3665
INV192195,Open spaces management - region 1,Citywide Service Solutions Pty. Ltd.,99004.31 AUD,27/03/23,3676
INV192196,Vehicle tow away and impound services,Nationwide Towing Services (AUS),249209.74 AUD,2029-01-20,3585
INV192197,Melbourne Town Hall venue management,Showtime Event Group Pty. Ltd.,163050.1,19/07/2029,3670
INV192198,Open spaces management - region 1,Citywide Service Solutions Pty. Ltd.,"$144,842.06",10-Oct-2026,3676
INV192199,Open spaces management - region 2,SERCO,20762.75 AUD,12/05/2029,3677
INV192200,Civil infrastructure services,CITYWIDE SERVICE SOLUTIONS PTY LTD,223685.13,17 May 2028,3665
INV192201,Melbourne Town Hall venue management,Showtime Event Group Pty Ltd (AUS),119547.42,29/06/03,3670
INV192202,Integrated security services,National Protective Services P/L,146495.26 AUD,2026-04-01,3686
INV192203,Waste management services,Cleanaway Waste Management Limited,166267.72,11-Nov-2025,3556
INV192204,Tree management maintenance services,Citywide  Service  Solutions  Pty  Ltd,192172.56,25-Sep-2026,3678
INV192205,Management of Active Melbourne recreation facilities,victorian ymca community programming pty ltd,40537.53 AUD,19 December 2028,3615
INV192206,Parking technology services,Reino  International  Pty  Ltd  T/A  Duncan  Solutions,0.0m,2027-08-16,3623
INV192207,Tree management maintenance services,Citywide Service Solutions P/L,98216.13,04/08/2029,3678
INV192208,Tree management maintenance services,NATIONWIDE TOWING SERVICES,0.2m,29 August 2026,3585
INV192209,Melbourne Town Hall venue management,Showtime Event Group Pty. Ltd.,227871.7 AUD,20/12/2025,3670
INV192210,Integrated security services,Reino International Pty Ltd T/A Duncan Solutions,0.1m,25 November 2028,3623
INV192211,Open spaces management - region 2,SERCO,0.1m,26/06/09,3677
INV192212,Integrated security services,National  Protective  Services  Pty  Ltd,"$202,929.36",2026-08-29,3686
INV192213,Open spaces management - region 2,serco,195743.02 AUD,18/08/2029,3677
INV192214,Graffiti management and pressure cleaning services,Calcorp Services Pty Ltd (AUS),"$81,930.47",18-Jan-2027,3668
INV192215,Open spaces management - region 1,Citywide  Service  Solutions  Pty  Ltd,91771.26,05/06/2025,3676
INV192216,Civil infrastructure services,Citywide Service Solutions Pty Ltd,"$173,737.38",27/02/2029,3665
INV192217,Waste management services,Cleanaway Waste Management Ltd,43054.98,2026-03-02,3556
INV192218,Open spaces management - region 1,Citywide Service Solutions Pty Ltd (AU),139344.46,28/01/20,3676
INV192219,Graffiti management and pressure cleaning services,Calcorp Services Pty Ltd (AU),245571.87,28 November 2025,3668
INV192220,Building maintenance services,Programmed Facility Management Pty. Ltd.,"$32,369.34",28/06/12,3630
INV192221,Waste management services,Cleanaway,120787.32,2029-12-12,3556
INV192222,Open spaces management - region 1,Citywide mervice Solutions Pty Ltd,132411.6,11-May-2025,3676
INV192223,Open spaces management - region 1,Citywide ServicevSolutions Pty Ltd,"$188,483.03",05/02/2029,3676
INV192224,Civil infrastructure services,Citywide Service Solutions Pty Ltd,"$129,804.01",18/11/2026,3665
INV192225,Waste management services,Cleanaway  Waste  Management  Limited,34973.68 AUD,18/03/2029,3556
INV192226,Building cleaning services,wenzies International (Aust) Pty Ltd,118042.65,14/07/2029,3634
INV192227,Graffiti management and pressure cleaning services,Citywide,208567.99,29/04/2029,3676
INV192228,Open spaces management - region 1,Citywide,"$215,758.15",2027-07-07,3676
INV192229,Building cleaning services,Menzies International (Aust) Pty Ltd (AUS),76436.35,24 May 2025,3634
INV192230,Open spaces management - region 1,Citywide Service Solutions Pty Ltd,210569.58,19-Nov-2025,3676
INV192231,Open spaces management - region 1,Citywide Service Solutions Pty Ltd,"$26,457.48",29/01/2026, 
INV192232,Tree management maintenance services,Citywide Service ,152445.39,28/11/10,3678
INV192233,Integrated security services,National  Protective  Services  Pty  Ltd,0.2m,2028-01-18,3686
INV192234,Melbourne Town Hall venue management,Showtime  Event  Group  Pty  Ltd,0.1m,2028-04-13,3670
INV192235,Integrated security services,NationalProtectiveServicesPtyLtd,249073.87,06-Nov-2025,3686
INV192236,Management of Active Melbourne recreation facilities,Victorian YMCA Community Programming Pty. Ltd.,13847.58,07/05/2029,3615
INV192237,Civil infrastructure services,Citywide Service Solutions P/L,0.2m,23 September 2027,3665
INV192238,Building maintenance services,programmed facility management pty ltd,34696.59 AUD,25/03/10,3630
INV192239,Waste management services,Cleanaway Waste Management Limited (AUS),68935.62 AUD,27/11/07,3556
INV192240,Street cleaning,Spotless Fagility Services Pty Ltd,14396.24 AUD,27 January 2027,3669
INV192241,Management of Active Melbourne recreation facilities,Victorian YMCA Community Programming Pty Ltd (AUS),128776.51,17/09/2029,3615
INV192242,Open spaces management - region 1,Citywide Service Solutions Pty Ltd,93285.86 AUD,22 October 2029,3676
INV192243,Waste management services,CleanawayWasteManagementLimited,"$221,628.75",11/05/2029,3556
INV192244,Building cleaning services,Menzies Internationsl (Aust) Pty Ltd,5387.4,12/06/2027,3634
INV192245,Graffiti management and pressure cleaning services,Calcorp Serv,201776.09,2028-02-20,3668
INV192246,Civil infrastructure services,Citywide Service Solutions P/L,0.2m,25/12/10,3665
INV192247,Vehicle tow away and impound services,Nationwide Towzng Services,41538.76 AUD,23 July 2026,3585
INV192248,Building maintenance services,Menzies Internatio,0.2m,20-Feb-2025, 
INV192249,Civil infrastructure services,Citywide Service ,"$176,576.55",09 June 2026,3665
INV192250,Building maintenance services,Programmed Facility Management Pty Ltd (AU),0.2m,13 May 2027,3630
INV192251,Melbourne Town Hall venue management,Showtime Event Group Pty Ltd (AU),213815.02,08 November 2028,3670
INV192252,Tree management maintenance services,Citywide Service Solutions Pty. Ltd.,72646.48,2028-10-10,3678
INV192253,Waste management services,Cleanaway Waste M,0.2m,11 January 2028, 
INV192254,Waste management services,Cleanaway Waste Management LTD,132342.69,17-May-2025,3556
INV192255,Waste management services,Cleanaway Waste Mgmt Limited,"$203,754.92",26/02/2027,3556
INV192256,Civil infrastructure services,CITYWIDE SERVICE SOLUTIONS PTY LTD,0.2m,02-Mar-2025,3665
INV192257,Management of Active Melbourne recreation facilities,Victorian  YMCA  Community  Programming  Pty  Ltd,27490.99,06/08/2026,3615
INV192258,Civil infrastructure services,Citywide Service Solutions Pty Ltd (AUS),71631.77,25/08/09,3665
INV192259,Integrated security services,National Protectime Services Pty Ltd,"$75,881.39",26-Feb-2025,3686
INV192260,Open spaces management - region 1,Citywide Service Solutions Pty Ltd,0.2m,09/03/2027,3676
INV192261,Parking technology services,Reino International Pty Ltd T/A Duncan Solutions,,27/08/25,3623
INV192262,Tree management maintenance services,Citywide,34633.02,25/10/25,3678
INV192263,Civil infrastructure services,Citywide Service Solutions Pty Ltd,147654.69,25/06/2028,3665
INV192264,Vehicle tow away and impound services,Nationwide Towing Services (AUS),201651.74 AUD,31/08/2029,3585
INV192265,Integrated security services,National Protectiv,22294.29,2027-10-24,3686
INV192266,Parking technology services,Reino Intl Pty Ltd T/A Duncan Solutions,21163.95,11 July 2025,3623
INV192267,Open spaces management - region 2,Reino,"$50,707.32",07-Jul-2025,3623
INV192268,Vehicle tow away and impound services,nationwide towing services,165367.81 AUD,19-Mar-2028,3585
INV192269,Parking technology services,Reino International Pty Ltd T/A Duncan Solutions (AUS),167905.76 AUD,23 May 2025,3623
INV192270,Waste management services,Cleanaway  Waste  Management  Limited,24376.76 AUD,31-Mar-2027,3556
INV192271,Graffiti management and pressure cleaning services,Calcorp Services Pty. Ltd.,198883.48,10 October 2025,3668
INV192272,Graffiti management and pressure cleaning services,Calcorp  Services  Pty  Ltd,"$209,731.42",26 June 2025,3668
INV192273,Tree management maintenance services,Citywide Service Solutions Pty Ltd,114507.02,31 December 2028,3678
INV192274,Open spaces management - region 2,SERCO,0.2m,19-Jul-2026,3677
INV192275,Vehicle tow away and impound services,Nationwide Towing Services (AUS),10508.68,04/06/2027,3585
INV192276,Building cleaning services,Menzies International (Aust) Pty. Ltd.,63564.24,27/10/2026,3634
INV192277,Graffiti management and pressure cleaning services,Calcorp Services P/L,212505.56,2028-11-26,3668
INV192278,Melbourne Town Hall venue management,Showtime Event Group Pty Ltd (AUS),76398.36 AUD,08 November 2028,3670
INV192279,Open spaces management - region 1,Citywide Service Solutions Pty. Ltd.,144933.45 AUD,2027-08-30,3676
INV192280,Parking technology services,ReinoInternationalPtyLtdT/ADuncanSolutions,0.2m,2025-05-04, 
INV192281,Parking technology services,Reino International P/L T/A Duncan Solutions,194490.43 AUD,28/06/16,3623
INV192282,Tree management maintenance services,Citywide Sersice Solutions Pty Ltd,133695.68,28-May-2027,3678
INV192283,Open spaces management - region 1,citywide service solutions pty ltd,0.1m,07 May 2025,3676
INV192284,Tree management maintenance services,Citywide,232832.38 AUD,28/09/2026,3678
INV192285,Civil infrastructure services,Citywide Service Solutions P/L,87115.48 AUD,05 July 2027,3665
INV192286,Civil infrastructure services,citywide service solutions pty ltd,207219.17,10 March 2027,3665
INV192287,Graffiti management and pressure cleaning services,Calcorp Services Pty Ltd (AU),233996.92,21/04/2029,3668
INV192288,Parking technology services,reino international pty ltd t/a duncan solutions,232078.07,2028-06-29,3623
INV192289,Integrated security services,National ProtectiveiServices Pty Ltd,72084.02,25/03/2027,3686
INV192290,Civil infrastructure services,Citywide Service Solutions Pty Ltd (AUS),180711.82,02-Jul-2025,3665
INV192291,Open spaces management - region 2,SERCO,0.1m,18/03/2027,3677
INV192292,Civil infrastructure services,Citywide Service Solutions Pty Ltd,,2027-04-26,3665
INV192293,Civil infrastructure services,Citywide Service Solutions Pty. Ltd.,"$60,619.28",27/04/08,3665
INV192294,Parking technology services,Reino International Pty Ltd T/A Duncan Solutions,29814.15 AUD,18-Jul-2027,3623
INV192295,Open spaces management - region 2,SERCO,0.1m,28-Jun-2026,3677
INV192296,Building cleaning services,Menzies  International  (Aust)  Pty  Ltd,124477.85 AUD,25/06/2025, 
INV192297,Vehicle tow away and impound services,Nationwidk Towing Services,74801.15 AUD,22 January 2025,3585
INV192298,Management of Active Melbourne recreation facilities,Victorian YMCA Community Programming Pty Ltd (AUS),141138.0,2028-07-13, 
INV192299,Street cleaning,Spotless Facility Services Pty Ltd (AU),"$232,921.55",2025-07-17,3669
INV192300,Open spaces management - region 1,Cleanaway qaste Management Limited,89205.18,28/06/11,3556
INV192301,Civil infrastructure services,Citywide Service Solutions Pty Ltd,0.1m,02-Nov-2029,3665
INV192302,Civil infrastructure services,CitywideServiceSolutionsPtyLtd,119506.48,19 April 2026,3665
INV192303,Vehicle tow away and impound services,Nationwide  Towing  Services,30201.18,24/06/2026,3585
INV192304,Building cleaning services,Menzies International (Aust) Pty Ltd,"$170,584.36",12-May-2026,3634
INV192305,Tree management maintenance services,Citywide Service Solutions Pty. Ltd.,236306.16 AUD,20/03/2029,3678
INV192306,Building cleaning services,Menzies International (Aust) Pty Ltd (AU),0.1m,2029-11-10,3634
INV192307,Building cleaning services,MenziesInternational(Aust)PtyLtd,0.1m,2026-10-02,3634
INV192308,Civil infrastructure services,Citywide Service Solutions nty Ltd,"$84,325.02",2028-09-19,3665
INV192309,Graffiti management and pressure cleaning services,Calcorp Services Pty Ltd (AU),139052.39,20 June 2027,3668
INV192310,Melbourne Town Hall venue management,Showtime Event Group Pty Ltd (AU),0.2m,14/02/2029,3670
INV192311,Graffiti management and pressure cleaning services,CalcorpServicesPtyLtd,7355.51,26/01/22,3668
INV192312,Graffiti management and pressure cleaning services,Calcorp Servicvs Pty Ltd,"$158,997.31",09 October 2028,3668
INV192313,Tree management maintenance services,Citywide Service ,57575.42 AUD,22/06/2026,3678
INV192314,Civil infrastructure services,Citywide Service ,139951.52 AUD,21-May-2027,3665
INV192315,Parking technology services,Reino Int’l Pty Ltd T/A Duncan Solutions,72352.96 AUD,11/05/2028,3623
INV192316,Management of Active Melbourne recreation facilities,Victorian YMCA Community Programming Pty Ltd,0.0m,03/03/2025,3615
INV192317,Open spaces management - region 2,serco,32187.01,26/08/2029,3677
INV192318,Melbourne Town Hall venue management,SHOWTIME EVENT GROUP PTY LTD,0.1m,06 November 2028,3670
INV192319,Open spaces management - region 2,SERCO,"$66,228.05",2026-02-07,3677
INV192320,Parking technology services,Reino International Pty ,57361.97,23 July 2025,3623
INV192321,Vehicle tow away and impound services,Nationwide To,18606.66,2028-01-17,3585
INV192322,Management of Active Melbourne recreation facilities,Victorian YMCA Community Programming Pty Ltd,0.2m,02/10/2027,3615
INV192323,Waste management services,Cleanaway,4326.06,09-Apr-2028,3556
INV192324,Melbourne Town Hall venue management,Showtime Event Group Pty Ltd,105249.53,11/01/2028, 
INV192325,Civil infrastructure services,Citywide  Service  Solutions  Pty  Ltd,"$209,389.38",19 February 2029,3665
INV192326,Waste management services,Cleanaway Waste Management Limited (AU),218742.49 AUD,2025-02-04,3556
INV192327,Waste management services,cleanaway waste management limited,0.0m,13 May 2027,3556
INV192328,Tree management maintenance services,Citywide Service ,48061.82 AUD,05/03/2025,3678
INV192329,Melbourne Town Hall venue management,Showtime Event Group Pty Ltd,58732.53 AUD,11/05/2025, 
INV192330,Parking technology services,Reino International Pty. Ltd. T/A Duncan Solutions,42980.91,2027-09-09,3623
INV192331,Civil infrastructure services,Citywide  Service  Solutions  Pty  Ltd,0.2m,2027-03-06,3665
INV192332,Waste management services,CleanawayWasteManagementLimited,147468.8,14-Mar-2027,3556
INV192333,Street cleaning,Spotless Facility Services Pty Ltd,"$135,423.09",29/09/28, 
INV192334,Integrated security services,National Prothctive Services Pty Ltd,195820.38,10 February 2025,3686
INV192335,Melbourne Town Hall venue management,SHOWTIME EVENT GROUP PTY LTD,78073.53,28-Oct-2027,3670
INV192336,Graffiti management and pressure cleaning services,Calcorp,162362.11,07-Feb-2025,3668
INV192337,Vehicle tow away and impound services,Nationwide Towing Services (AU),10890.94,11-Jan-2026,3585
INV192338,Management of Active Melbourne recreation facilities,Victorian Ymca Community Programming Pty Ltd,215819.29 AUD,25/09/17,3615
INV192339,Management of Active Melbourne recreation facilities,Victorian YMCA Community Programding Pty Ltd,43704.58,27-Dec-2029,3615
INV192340,Parking technology services,Reino International P/L T/A Duncan Solutions,166566.02,2025-02-05,3623
INV192341,Building cleaning services,MENZIES INTERNATIONAL (AUST) PTY LTD,0.0m,22 August 2029,3634
INV192342,Vehicle tow away and impound services,Nationwhde Towing Services,83390.57 AUD,13/01/2027,3585
INV192343,Civil infrastructure services,nationwide towing services,69142.56,17-Jun-2026,3585
INV192344,Civil infrastructure services,CitywideServiceSolutionsPtyLtd,62762.22,11-Mar-2026,3665
INV192345,Street cleaning,Cleanaway Waste Management Ltd,98663.79 AUD,18/01/2029,3556
INV192346,Open spaces management - region 2,SERCO,"$48,347.81",27/08/04,3677
INV192347,Graffiti management and pressure cleaning services,calcorp services pty ltd,"$37,915.64",08/07/2029,3668
INV192348,Waste management services,nleanaway Waste Management Limited,132891.31 AUD,17/03/2026,3556
INV192349,Graffiti management and pressure cleaning services,calcorp services pty ltd,247230.26 AUD,2028-04-01,3668
INV192350,Waste management services,Cleanaway Waste Management Limited (AUS),123389.47,2028-07-24,3556
INV192351,Street cleaning,spotless facility services pty ltd,0.1m,12/12/2027,3669
INV192352,Street cleaning,Spotless Facility Services P/L,76085.74 AUD,02/02/2027,3669
INV192353,Tree management maintenance services,Citywide Servihe Solutions Pty Ltd,"$49,378.57",25/01/07,3678
INV192354,Waste management services,Cleanaway,"$90,320.17",25-Jul-2029,3556
INV192355,Management of Active Melbourne recreation facilities,Victorian,47054.02,05/05/2027,3615
INV192356,Management of Active Melbourne recreation facilities,Victorian  YMCA  Community  Programming  Pty  Ltd,0.2m,03/12/2028,3615
INV192357,Civil infrastructure services,Citywide Service Solutions Pty Ltd,174997.56,21/10/2028,3665
INV192358,Civil infrastructure services,Citywide Service Solutions P/L,147686.91,25/02/25,3665
INV192359,Tree management maintenance services,Citywide Service Solutions Pty. Ltd.,"$221,201.69",11-Aug-2029,3678
INV192360,Building maintenance services,Programmed Facility Management Pty Ltd,100021.78,25/04/10, 
INV192361,Street cleaning,Spotless Facility Services Pty Ltd,168900.96 AUD,06-Jan-2025, 
INV192362,Graffiti management and pressure cleaning services,Calcorp Services Pty Ltd (AU),197504.23,01-Feb-2028,3668
INV192363,Waste management services,Cleanaway Waste Management LTD,148529.39,09/09/2029,3556
INV192364,Open spaces management - region 2,SERCO (AUS),123663.67,01-Feb-2029,3677
INV192365,Melbourne Town Hall venue management,showtime event group pty ltd,169525.59,01-Nov-2029,3670
INV192366,Building cleaning services,Menzies International (Aust) Pty Ltd,45692.31,2029-06-04,3634
INV192367,Parking technology services,Reino International Pty Ltd T/A Duncan Solutions,"$23,210.42",25/08/02,3623
INV192368,Open spaces management - region 1,Cvtywide Service Solutions Pty Ltd,231711.82,2029-06-13,3676
INV192369,Street cleaning,Spotless Facility Servicev Pty Ltd,244139.1,2025-07-18,3669
INV192370,Tree management maintenance services,CITYWIDE SERVICE SOLUTIONS PTY LTD,"$238,791.29",2029-05-31,3678
INV192371,Tree management maintenance services,Citywide Service Solutions Pty Ltd (AUS),0.1m,05 April 2029,3678
INV192372,Vehicle tow away and impound services,Nationwide Towing Services,"$203,360.18",16/07/2026,3585
INV192373,Civil infrastructure services,Citywide Service Solutions P/L,24036.85,27/01/14,3665
INV192374,Open spaces management - region 1,Citywide Service Solutions Pty Ltd,0.2m,13 July 2026,3676
INV192375,Building maintenance services,programmed facility management pty ltd,0.0m,02/10/2028,3630
INV192376,Waste management services,Cleanaway  Waste  Management  Limited,120993.11 AUD,27/04/2028,3556
INV192377,Integrated security services,National Protective Services Pty Ltd,0.0m,30/04/2029,3686
INV192378,Waste management services,CLEANAWAY WASTE MANAGEMENT LIMITED,"$142,502.6",17 August 2028,3556
INV192379,Open spaces management - region 2,SERCO,64636.83,29/06/22,3677
INV192380,Vehicle tow away and impound services,Nationwide,209845.03 AUD,15/02/2026,3585
INV192381,Civil infrastructure services,Citywide Service Solutions Pty Ltd (AU),64030.1 AUD,19/08/2027,3665
INV192382,Open spaces management - region 1,Nationwide Towing Services (AUS),0.2m,10/03/2029,3585
INV192383,Integrated security services,National Protective Services Pty. Ltd.,102005.27,31 October 2027,3686
INV192384,Civil infrastructure services,Citywide,69589.02,05-Jan-2025,3665
INV192385,Open spaces management - region 1,Citywide Service Sorutions Pty Ltd,176534.66,25/10/2028,3676
INV192386,Waste management services,Cleanaway Waste Management Limited (AUS),47573.0,05-Sep-2027,3556
INV192387,Open spaces management - region 1,Citywide Service Solutions Pty Ltd,154794.81,26/10/2029,3676
INV192388,Waste management services,CLEANAWAY WASTE MANAGEMENT LIMITED,217829.37 AUD,03/03/2025,3556
INV192389,Civil infrastructure services,Citywide Service Solutions Pty Ltd,"$185,162.33",2029-08-22,3665
INV192390,Open spaces management - region 1,Citywide Service Solutions Pty Ltd (AUS),60325.38,04 April 2025,3676
INV192391,Waste management services,Cleanaway Waste M,46151.35,2029-10-09,3556
INV192392,Graffiti management and pressure cleaning services,Calcorp Services Pty Ltd (AU),"$35,877.41",11 January 2026,3668
INV192393,Melbourne Town Hall venue management,showtime event group pty ltd,0.1m,14-Jun-2029,3670
INV192394,Open spaces management - region 1,Citywide  Service  Solutions  Pty  Ltd,"$43,284.17",2025-11-02,3676
INV192395,Building cleaning services,Menzies Internatio,103679.41 AUD,03/10/2026,3634
INV192396,Open spaces management - region 1,Citywide Service Solutions Pty Ltd,99292.41,13/01/2028,3676
INV192397,Vehicle tow away and impound services,Nationwide  Towing  Services,125315.76,10 August 2029,3585
INV192398,Building cleaning services,Menzies International (Aust) Pty Ltd,106900.71,29-Dec-2025,3634
INV192399,Integrated security services,National Protectiv,220515.61 AUD,2029-06-19,3686
INV192400,Street cleaning,spotless facility services pty ltd,0.1m,04-Jun-2029,3669
INV192401,Open spaces management - region 2,SERCO,203997.83,18-Sep-2029,3677
INV192402,Melbourne Town Hall venue management,Showtime Event Group Pty. Ltd.,44082.25 AUD,10/03/2026,3670
INV192403,Building maintenance services,Showtime Event,31870.57,26/12/04,3670
INV192404,Open spaces management - region 2,SERCO,139093.93,2028-03-22,3677
INV192405,Tree management maintenance services,Citywide Service Solutions Pty Ltd,87212.63,23/05/2028,3678
INV192406,Graffiti management and pressure cleaning services,Calcorp Servicem Pty Ltd,228016.95 AUD,21/11/2025,3668
INV192407,Graffiti management and pressure cleaning services,Calcorp Servicea Pty Ltd,0.1m,05/11/2025,3668
INV192408,Graffiti management and pressure cleaning services,Calcorp Services Pty Ltd,"$233,515.54",01 August 2026,3668
INV192409,Open spaces management - region 1,Citywide Service Solutions Pty Ltd,48093.67 AUD,20/12/2026,3676
INV192410,Graffiti management and pressure cleaning services,Calcorp Services Pty. Ltd.,187150.32,27/12/07,3668
INV192411,Waste management services,cleanaway waste management limited,"$84,545.84",12-Sep-2025,3556
INV192412,Civil infrastructure services,Citywide Service Solutions PtyhLtd,224359.65,2026-12-26,3665
INV192413,Open spaces management - region 2,SERCO,37536.12,29/06/06,3677
INV192414,Tree management maintenance services,Citywide Service Solutions Pty Ltd,0.1m,07/01/2029,3678
INV192415,Civil infrastructure services,Citywide Service Solutions Pty. Ltd.,74177.0 AUD,28/04/25,3665
INV192416,Street cleaning,Spotless Facility Services Pty Ltd,0.2m,29/07/10,3669
INV192417,Building maintenance services,Programmed Facility Management Pty Ltd,216201.93,29/10/03,3630
INV192418,Management of Active Melbourne recreation facilities,Vectorian YMCA Community Programming Pty Ltd,197176.34,2026-03-02,3615
INV192419,Street cleaning,spotless facility services pty ltd,226970.27,29/10/21,3669
INV192420,Management of Active Melbourne recreation facilities,victorian ymca community programming pty ltd,145209.16,19/01/2025,3615
INV192421,Melbourne Town Hall venue management,showtime event group pty ltd,0.2m,11 December 2025,3670
INV192422,Graffiti management and pressure cleaning services,Calcorp Services P/L,35337.95,2025-08-21,3668
INV192423,Civil infrastructure services,Citywide Service Solutions Pty Ltd (AU),22542.36 AUD,15 October 2029,3665
INV192424,Building maintenance services,ProgrammedFacilityManagementPtyLtd,196853.24 AUD,08/12/2026,3630
INV192425,Building maintenance services,Programmed Facility Management Pty Ltd,0.2m,22-Jul-2025,3630
INV192426,Parking technology services,Reino International Pty. Ltd. T/A Duncan Solutions,184779.32,30/10/2028,3623
INV192427,Vehicle tow away and impound services,Nationwide Towing Services (AUS),222941.06 AUD,20/05/2027,3585
INV192428,Street cleaning,spotless facility services pty ltd,"$246,415.79",26/09/2029,3669
INV192429,Management of Active Melbourne recreation facilities,victorian ymca community programming pty ltd,0.1m,29/06/29,3615
INV192430,Building cleaning services,menzies international (aust) pty ltd,0.2m,26/02/07,3634
INV192431,Melbourne Town Hall venue management,Showtime Event Group Pty Ltd,174168.6,28/04/26,3670
INV192432,Management of Active Melbourne recreation facilities,VictorianYMCACommunityProgrammingPtyLtd,184203.65,28/12/10,3615
INV192433,Waste management services,Cleanaway Waste Management Lidited,"$144,595.33",24-Jan-2029,3556
INV192434,Open spaces management - region 1,Citywide Service Solutions Pty. Ltd.,"$19,336.52",03/01/2028,3676
INV192435,Graffiti management and pressure cleaning services,Calcorp Services Pty Ltd,0.1m,2025-03-12,3668
INV192436,Integrated security services,National Protective Services Pty Ltd,74222.14 AUD,26/02/09,3686
INV192437,Graffiti management and pressure cleaning services,Calcorp Services Pty Ltd,218355.23,05/11/2029,3668
INV192438,Tree management maintenance services,Citywide Service Solutions P/L,0.2m,22 July 2028,3678
INV192439,Waste management services,CLEANAWAY WASTE MANAGEMENT LIMITED,243871.75 AUD,18-Dec-2026,3556
INV192440,Integrated security services,National Protective Services Pty Ltd,141328.7,05/04/2027,3686
INV192441,Vehicle tow away and impound services,Nationwide Towing Services,0.2m,31 July 2029,3585
INV192442,Melbourne Town Hall venue management,showtime event group pty ltd,28089.63,28-Oct-2029,3670
INV192443,Graffiti management and pressure cleaning services,Calcorp Services Pty Ltd (AU),"$81,268.36",26/11/22,3668
INV192444,Open spaces management - region 2,Serco,0.1m,31/08/2029,3677
INV192445,Vehicle tow away and impound services,Nationwide To,0.0m,14 December 2029,3585
INV192446,Parking technology services,Reino International Pty Ltd T/A Duncan Solutions,93065.98,28-Oct-2027,3623
INV192447,Management of Active Melbourne recreation facilities,VictorianYMCACommunityProgrammingPtyLtd,"$192,352.08",29 April 2027,3615
INV192448,Melbourne Town Hall venue management,Showtime Event Group Pty Ltd,145175.5 AUD,08 February 2028,3670
INV192449,Waste management services,Cleanaway  Waste  Management  Limited,0.1m,2029-11-27,3556
INV192450,Street cleaning,Spotless Facility Services P/L,"$236,447.12",28/02/09, 
INV192451,Open spaces management - region 2,SERCO (AU),195265.22,13/03/2026,3677
INV192452,Graffiti management and pressure cleaning services,Calcorp Serv,0.2m,12 April 2028,3668
INV192453,Integrated security services,National Protective Services P/L,32710.02,15-Aug-2025,3686
INV192454,Parking technology services,Reino International Pty. Ltd. T/A Duncan Solutions,"$55,216.74",04-Nov-2025,3623
INV192455,Management of Active Melbourne recreation facilities,Victorian YMCA Community Programming Pty. Ltd.,226214.37 AUD,30-Apr-2025,3615
INV192456,Street cleaning,Spotless Facility Services P/L,"$124,608.32",29/05/17,3669
INV192457,Building maintenance services,Programmed Facility Management Pty Ltd (AU),0.2m,12/10/2026,3630
INV192458,Integrated security services,National Protective Services Pty. Ltd.,167772.85,27/10/19,3686
INV192459,Parking technology services,Reino International Pty Ltd T/A Duncan Solutions,"$239,838.84",13/02/2029,3623
INV192460,Building cleaning services,Menzies International (Aust) Pty. Ltd.,50791.55,13-Feb-2028,3634
INV192461,Street cleaning,SpotlessFacilityServicesPtyLtd,241798.75,24/09/2027,3669
INV192462,Management of Active Melbourne recreation facilities,Victorian  YMCA  Community  Programming  Pty  Ltd,246201.38,27/08/22,3615
INV192463,Parking technology services,Reino Intl Pty Ltd T/A Duncan Solutions,186495.18,05 July 2028,3623
INV192464,Melbourne Town Hall venue management,Showtime Event Group Pty. Ltd.,246320.17,23/01/2026,3670
INV192465,Vehicle tow away and impound services,Nationwide  Towing  Services,0.1m,27/04/2026,3585
INV192466,Vehicle tow away and impound services,Nationwide Towing Services,189456.64,17 April 2026,3585
INV192467,Tree management maintenance services,CitywideServiceSolutionsPtyLtd,"$224,436.89",28/03/18,3678
INV192468,Open spaces management - region 1,Citywide Service Solutions Pty. Ltd.,0.2m,19 January 2026,3676
INV192469,Building cleaning services,Menzies,"$87,852.11",28/08/2027,3634
INV192470,Open spaces management - region 2,serco,12733.98,25 July 2029,3677
INV192471,Building cleaning services,Menzies Int’l (Aust) Pty Ltd,202889.41,2025-04-20,3634
INV192472,Open spaces management - region 1,Citywide Service Solutions Pty Ltd (AU),72797.86,25/07/20,3676
INV192473,Civil infrastructure services,Citywide Service Solutions Pty Ltd (AUS),0.1m,06/07/2026,3665
INV192474,Waste management services,Cleanaway Waste Management Limited (AUS),115212.37,2027-03-08,3556
INV192475,Building cleaning services,Menzies International (Aust) Pty Ltd,"$48,731.9",28/09/27,3634
INV192476,Building cleaning services,National Protective Services Pty Ltd (AUS),10835.15,2027-06-02,3686
INV192477,Street cleaning,Spotless  Facility  Services  Pty  Ltd,"$194,842.81",06 January 2027,3669
INV192478,Civil infrastructure services,Citywide  Service  Solutions  Pty  Ltd,116211.7,29/05/2025,3665
INV192479,Melbourne Town Hall venue management,Showtime Event Group P/L,"$172,821.64",24 April 2026,3670
INV192480,Graffiti management and pressure cleaning services,Calyorp Services Pty Ltd,41388.19,16/02/2025,3668
INV192481,Parking technology services,reino international pty ltd t/a duncan solutions,0.1m,28 January 2028,3623
INV192482,Open spaces management - region 2,SERCO (AU),47662.25,2028-08-17,3677
INV192483,Building maintenance services,ProgrammedcFacility Management Pty Ltd,66735.56,26/10/2025, 
INV192484,Waste management services,Cleanaway Waste Management Limited,174256.6 AUD,04 November 2025,3556
INV192485,Integrated security services,National Protective Services Pty. Ltd.,"$128,532.21",27-Mar-2029,3686
INV192486,Parking technology services,ReinoInternationalPtyLtdT/ADuncanSolutions,198674.07,27/05/10,3623
INV192487,Street cleaning,spotless facility services pty ltd,"$167,822.95",15-Mar-2025,3669
INV192488,Graffiti management and pressure cleaning services,Calcorp Services Pty Ltd (AUS),"$167,633.76",03-Jul-2026, 
INV192489,Building maintenance services,Citywide Service Solutions Pty Ltd,32299.41,27-Aug-2025,3676
INV192490,Waste management services,National  Protective  Services  Pty  Ltd,144979.94,21/11/2025,3686
INV192491,Street cleaning,Spotless Facility,0.2m,12 August 2025,3669
INV192492,Civil infrastructure services,Citywide  Service  Solutions  Pty  Ltd,0.0m,27/05/15,3665
INV192493,Waste management services,Cleanaway Waste Management Limited,0.0m,08/11/2029,3556
INV192494,Parking technology services,Reino,0.2m,22/03/2028,3623
INV192495,Graffiti management and pressure cleaning services,CalcorpServicesPtyLtd,0.1m,17/03/2027,3668
INV192496,Building cleaning services,Menzies Internatiozal (Aust) Pty Ltd,"$97,890.44",13/09/2027,3634
INV192497,Civil infrastructure services,Citywide Service ,,15-Jan-2027,3665
INV192498,Building maintenance services,Programmed Facility Management P/L,0.2m,07 May 2025,3630
INV192499,Graffiti management and pressure cleaning services,Calcorp Services Pty Ltd (AUS),0.2m,26/09/2026,3668
INV192500,Melbourne Town Hall venue management,Showtime Event Group P/L,"$1,096.56",25/01/14,3670
INV192501,Waste management services,Cleanauay Waste Management Limited,164820.9,04-Jan-2026,3556
INV192502,Management of Active Melbourne recreation facilities,Victorian YMCA Community Programming Pty. Ltd.,0.2m,28/02/09,3615
INV192503,Waste management services,Cleanaway Waste Management Limited (AU),15884.25 AUD,18/03/2026,3556
INV192504,Open spaces management - region 1,Citywide Service Solutions Pty Ltd (AUS),164579.49,25/02/25,3676
INV192505,Management of Active Melbourne recreation facilities,gERCO,0.1m,2027-09-30,3677
INV192506,Civil infrastructure services,Citywide Service Solutions Pty Ltd (AU),71066.47 AUD,25/04/18,3665
INV192507,Open spaces management - region 2,SERCO,32245.82,22/10/2029,3677
INV192508,Vehicle tow away and impound services,Nationwide Towing Services,232854.94,29/04/13,3585
INV192509,Graffiti management and pressure cleaning services,Calcorp,,2026-12-07,3668
INV192510,Street cleaning,Spotless Facility Services P/L,0.1m,2028-02-21,3669
INV192511,Building cleaning services,Citywide,"$92,954.61",2028-08-21,3665
INV192512,Civil infrastructure services,Citywide Service Solutions Pty Ltd,79944.29,03/04/2026,3665
INV192513,Vehicle tow away and impound services,NATIONWIDE TOWING SERVICES,142014.77,16/05/2026,3585
INV192514,Building cleaning services,Menzies International dAust) Pty Ltd,176170.53 AUD,26/07/10,3634
INV192515,Integrated security services,National Protective Services Pty Ltd,"$61,443.81",27-Oct-2026,3686
INV192516,Tree management maintenance services,Citywide Service Solutions Pty Ltd,"$111,098.3",21/02/2029,3678
INV192517,Street cleaning,Spotless,231219.42,01/04/2025,3669
INV192518,Waste management services,Cleanaway Waste Management Ltd,0.2m,13/08/2025,3556
INV192519,Open spaces management - region 2,SERCO,0.2m,2028-12-10,3677
INV192520,Tree management maintenance services,Citywide Service Solutions P/L,"$66,965.88",21/09/2027,3678
INV192521,Parking technology services,reino international pty ltd t/a duncan solutions,180817.5 AUD,2028-06-01,3623
INV192522,Management of Active Melbourne recreation facilities,Victorian Ymca Community Programming Pty Ltd,222088.58,2027-08-13,3615
INV192523,Melbourne Town Hall venue management,Showtime Event Group Pty Ltd (AUS),0.2m,05 January 2029,3670
INV192524,Civil infrastructure services,Citywide  Service  Solutions  Pty  Ltd,75463.05,2025-10-01,3665
INV192525,Waste management services,Cleanaway Waste M,0.1m,04/10/2028,3556
INV192526,Vehicle tow away and impound services,nationwide towing services,132307.23,06/02/2026,3585
INV192527,Management of Active Melbourne recreation facilities,Victorian YMCA Community Programming Pty Ltd (AUS),68741.17,06/06/2025,3615
INV192528,Building cleaning services,Menzies,160082.45 AUD,20-Oct-2027,3634
INV192529,Civil infrastructure services,CitywideServiceSolutionsPtyLtd,"$103,658.3",17/10/2025,3665
INV192530,Integrated security services,NATIONAL PROTECTIVE SERVICES PTY LTD,43388.15,04/06/2027,3686
INV192531,Vehicle tow away and impound services,NATIONWIDE TOWING SERVICES,57761.34 AUD,11-Sep-2028,3585
INV192532,Integrated security services,National,148163.64,27/03/2026,3686
INV192533,Vehicle tow away and impound services,NationwideTowingServices,0.1m,22-Mar-2028,3585
INV192534,Melbourne Town Hall venue management,SHOWTIME EVENT GROUP PTY LTD,181831.22,27/05/06,3670
INV192535,Civil infrastructure services,Citywide,83547.62,29-Oct-2026,3665
INV192536,Street cleaning,Spotless,180008.11,04-Jun-2028,3669
INV192537,Vehicle tow away and impound services,Nationwide  Towing  Services,0.0m,29/06/17,3585
INV192538,Vehicle tow away and impound services,Nationwide  Towing  Services,240418.6 AUD,15 September 2025,3585
INV192539,Melbourne Town Hall venue management,SHOWTIME EVENT GROUP PTY LTD,56483.87,25/11/2027,3670
INV192540,Civil infrastructure services,CITYWIDE SERVICE SOLUTIONS PTY LTD,"$53,918.46",02/11/2028,3665
INV192541,Parking technology services,Reino International Pty Ltd T/A Duncan Solutions,86901.7 AUD,29/05/30,3623
INV192542,Building maintenance services,Programmew Facility Management Pty Ltd,38370.51 AUD,16-Sep-2025,3630
INV192543,Graffiti management and pressure cleaning services,Calcorp Services Pty Ltd,243334.48 AUD,10-Oct-2026,3668
INV192544,Building maintenance services,Programmed Facility Management Pty. Ltd.,135995.83 AUD,21/07/2028,3630
INV192545,Street cleaning,Spotless Facility Services Pty Ltd,0.2m,28/12/2026, 
INV192546,Open spaces management - region 2,SkRCO,"$56,301.01",2026-05-21,3677
INV192547,Civil infrastructure services,Citywide Service ,133178.05,22 March 2025,3665
INV192548,Building maintenance services,programmed facility management pty ltd,"$45,399.43",2028-12-01,3630
INV192549,Vehicle tow away and impound services,Reino  International  Pty  Ltd  T/A  Duncan  Solutions,129385.62,14/05/2026,3623
INV192550,Open spaces management - region 1,Citywide,85525.34,2027-02-11,3676
INV192551,Vehicle tow away and impound services,Nationwide Towing Services,43266.56,29/02/06,3585
INV192552,Parking technology services,Reino,"$33,943.93",25/07/15,3623
INV192553,Tree management maintenance services,spotless facility services pty ltd,249738.77,11/11/2025,3669
INV192554,Tree management maintenance services,Citywide  Service  Solutions  Pty  Ltd,"$73,924.87",26 December 2029,3678
INV192555,Street cleaning,Spotless Facility Services Pty Ltd,246320.43,22-Jul-2027,3669
INV192556,Integrated security services,National,"$126,403.1",07 January 2026,3686
INV192557,Vehicle tow away and impound services,NationwideTowingServices,0.1m,18 November 2025,3585
INV192558,Management of Active Melbourne recreation facilities,MenziesInternational(Aust)PtyLtd,191665.97 AUD,26/06/20,3634
INV192559,Civil infrastructure services,Calcorp Services Pty Ltd (AU),1595.91,23-Aug-2028,3668
INV192560,Parking technology services,ReinoInternationalPtyLtdT/ADuncanSolutions,0.1m,22-Mar-2028,3623
INV192561,Melbourne Town Hall venue management,Showtime  Event  Group  Pty  Ltd,172053.06,01-Apr-2027,3670
INV192562,Melbourne Town Hall venue management,ShowtimeEventGroupPtyLtd,186282.25,07-Mar-2025,3670
INV192563,Management of Active Melbourne recreation facilities,Victorian YMCA Community Programming P/L,0.0m,23/01/2027,3615
INV192564,Civil infrastructure services,Citywide Service Solutions Pty. Ltd.,0.2m,01 October 2029,3665
INV192565,Civil infrastructure services,CitywideServiceSolutionsPtyLtd,"$107,259.65",30/04/2025,3665
INV192566,Management of Active Melbourne recreation facilities,VictorianYMCACommunityProgrammingPtyLtd,174350.59 AUD,03/05/2028, 
INV192567,Management of Active Melbourne recreation facilities,Victorian YMCA Community Programming Pty Ltd,130282.59 AUD,26/11/11,3615
INV192568,Building cleaning services,Menzies Int’l (Aust) Pty Ltd,170231.81,2028-03-07,3634
INV192569,Parking technology services,Reino,111419.64 AUD,29/09/11,3623
INV192570,Open spaces management - region 2,SERCO,0.1m,26-Mar-2025,3677
INV192571,Building cleaning services,Menzies  International  (Aust)  Pty  Ltd,167787.61,29/07/22,3634
INV192572,Waste management services,Cleanaway Waste Management Limited (AUS),0.2m,2027-03-26,3556
INV192573,Street cleaning,Spotless,0.2m,27-Dec-2029,3669
INV192574,Civil infrastructure services,CitywideServiceSolutionsPtyLtd,71581.18,11/01/2027,3665
INV192575,Street cleaning,Spotless  Facility  Services  Pty  Ltd,0.2m,2028-09-23,3669
INV192576,Vehicle tow away and impound services,Nationwide Towing Services,26275.46,22/07/2027,3585
INV192577,Integrated security services,National Protective Services Pty. Ltd.,68624.15,24 June 2029,3686
INV192578,Graffiti management and pressure cleaning services,CalcorpServicesPtyLtd,234731.14,2029-11-03,3668
INV192579,Vehicle tow away and impound services,Nationwide Towing Services,3565.08 AUD,25/08/2025, 
INV192580,Parking technology services,Reino Int’l Pty Ltd T/A Duncan Solutions,0.2m,31/08/2029,3623
INV192581,Open spaces management - region 2,SERCO (AUS),"$152,292.07",29/07/20,3677
INV192582,Waste management services,Cleanaway Waste Management Limited,66522.53,29/09/28,3556
INV192583,Civil infrastructure services,Citywide,119304.98,30-Jan-2025,3665
INV192584,Building maintenance services,Programmed Facility Management Pty Ltd (AU),0.1m,2027-01-07,3630
INV192585,Building cleaning services,MenziesInternational(Aust)PtyLtd,202596.74,14/11/2027,3634
INV192586,Civil infrastructure services,Citywide Service Solutions P/L,"$137,948.05",17 September 2028,3665
INV192587,Vehicle tow away and impound services,Nationwide  Towing  Services,1278.67,02-Apr-2025,3585
INV192588,Melbourne Town Hall venue management,showtime event group pty ltd,"$224,292.41",15/09/2027,3670
INV192589,Building maintenance services,Programmed Facility Management Pty Ltd,187052.94,27/10/31,3630
INV192590,Waste management services,Cleanaway Waste Management Limited (AUS),94074.54,04/10/2028,3556
INV192591,Integrated security services,National Protective Services Pty Ltd,178891.51,2027-09-10,3686
INV192592,Building maintenance services,Programmed Facility Management Pty Ltd,220009.27,24 July 2026,3630
INV192593,Waste management services,Cleanaway Waste Management Limited,125521.83,26/06/2025,3556
INV192594,Open spaces management - region 2,SERCO,0.2m,25/09/07,3677
INV192595,Vehicle tow away and impound services,Reino International Pty ,"$209,469.6",15/12/2025,3623
INV192596,Melbourne Town Hall venue management,Showtime Event Group Pty Ltd (AUS),"$198,435.37",10 April 2028,3670
INV192597,Management of Active Melbourne recreation facilities,Victorian YMCA Community Programming Pty Ltd (AU),0.1m,27/03/14,3615
INV192598,Building maintenance services,Programmed Facility,0.2m,25/08/2025,3630
INV192599,Open spaces management - region 2,SERCO (AUS),30775.44 AUD,01/05/2027,3677
INV192600,Building cleaning services,Menzies Internatio,235158.48,2027-07-30,3634
INV192601,Waste management services,Cleanaway Waste Management Limited (AUS),0.1m,25/02/2026,3556
INV192602,Melbourne Town Hall venue management,Showtime Event Group Pty Ltd (AU),183345.55,26/11/20,3670
INV192603,Building maintenance services,Programmed Facility Management Pty Ltd (AU),"$112,802.61",28/06/10,3630
INV192604,Building maintenance services,Programmed,"$10,656.92",06/01/2025,3630
INV192605,Parking technology services,Reino International Pty ,0.0m,07/08/2027,3623
INV192606,Street cleaning,Spotless,143813.84 AUD,12/01/2029,3669
INV192607,Waste management services,Cleanaway Waste Management Limited,"$242,826.52",2025-03-26,3556
INV192608,Graffiti management and pressure cleaning services,calcorp services pty ltd,15103.04,23/03/2029,3668
INV192609,Building maintenance services,Programmed Facility Management Pty Ltd,217220.9,28/07/19,3630
INV192610,Open spaces management - region 1,Citywide Servive Solutions Pty Ltd,135008.12,24/12/2029,3676
INV192611,Open spaces management - region 1,CitywideServiceSolutionsPtyLtd,151126.27,2029-09-06,3676
INV192612,Parking technology services,Reino International Pty Ltd T/A Duncan Solutions (AU),0.0m,28/09/2028,3623
INV192613,Vehicle tow away and impound services,NationwideTowingServices,"$53,574.09",26/10/2026, 
INV192614,Tree management maintenance services,CITYWIDE SERVICE SOLUTIONS PTY LTD,"$236,707.24",2026-12-28,3678
INV192615,Parking technology services,Reino  International  Pty  Ltd  T/A  Duncan  Solutions,72599.95,2025-08-03,3623
INV192616,Street cleaning,Spotless Facility Services Pty Ltd,101671.99 AUD,14/04/2028, 
INV192617,Parking technology services,Reino International Pty Ltd T/A Duncan Solutions (AUS),64379.05 AUD,25/05/27,3623
INV192618,Integrated security services,National Protective Services Pty. Ltd.,"$95,843.43",29/10/01,3686
INV192619,Melbourne Town Hall venue management,Showtime Event Group Pty Ltd,93968.1,29/07/19,3670
INV192620,Management of Active Melbourne recreation facilities,Victorian Ymca Community Programming Pty Ltd,125705.3 AUD,19-Sep-2027,3615
INV192621,Open spaces management - region 1,Citywide Service Solutions Pty. Ltd.,91906.41,10/04/2027,3676
INV192622,Integrated security services,Showtime Event Group Pty Ltd,0.2m,22/03/2026,3670
INV192623,Vehicle tow away and impound services,NationwideTowingServices,"$202,430.53",06/09/2026,3585
INV192624,Graffiti management and pressure cleaning services,Calcorp Services Pty Ltd,131045.16,29 March 2029,3668
INV192625,Building maintenance services,Programmed Facility Management Pty. Ltd.,61914.01,21/05/2026, 
INV192626,Vehicle tow away and impound services,Nationwidv Towing Services,205821.9 AUD,18/04/2027,3585
INV192627,Building maintenance services,Programmed Facility Management P/L,41330.04,28-Dec-2028,3630
INV192628,Street cleaning,citywide service solutions pty ltd,"$68,565.21",21-Jun-2025,3665
INV192629,Parking technology services,Reino International Pty Ltd T/A Duncan Solutions (AU),92815.51 AUD,05 April 2026,3623
INV192630,Integrated security services,National Protective Services Pty Ltd (AUS),28479.54,08/04/2025,3686
INV192631,Street cleaning,SpotlessFacilityServicesPtyLtd,94482.41 AUD,03 May 2028,3669
INV192632,Tree management maintenance services,Citywide Service Solutions Pty Ltd,244706.17,27/12/03,3678
INV192633,Vehicle tow away and impound services,Nationwide,122054.0,2028-06-11,3585
INV192634,Civil infrastructure services,Citywide Service Solutions Pty Ltd (AUS),199158.47,08-Dec-2027,3665
INV192635,Vehicle tow away and impound services,Nationwide  Towing  Services,18626.78,09/03/2029,3585
INV192636,Integrated security services,National Protective Sesvices Pty Ltd,43657.17,2028-12-30, 
INV192637,Waste management services,Cleanaway Waste Management LTD,146928.91,08/02/2025,3556
INV192638,Building cleaning services,MENZIES INTERNATIONAL (AUST) PTY LTD,67371.72 AUD,2028-01-12,3634
INV192639,Management of Active Melbourne recreation facilities,victorian ymca community programming pty ltd,166746.16 AUD,14/05/2027,3615
INV192640,Open spaces management - region 1,Citywide Service Solutions Pty Ltd,0.1m,29 October 2026,3676
INV192641,Graffiti management and pressure cleaning services,Calcorp Services Pty Ltd (AUS),165122.8,25/10/27,3668
INV192642,Parking technology services,Reino  International  Pty  Ltd  T/A  Duncan  Solutions,0.1m,2029-08-17,3623
INV192643,Vehicle tow away and impound services,Nationwide Towing Services (AU),21472.16,16/11/2025,3585
INV192644,Parking technology services,Reino International Pty Ltd T/A Duncln Solutions,26335.15 AUD,18/12/2026,3623
INV192645,Graffiti management and pressure cleaning services,Calcorp Services Pty. Ltd.,0.2m,,3668
INV192646,Integrated security services,National  Protective  Services  Pty  Ltd,2382.45,07/07/2028,3686
INV192647,Management of Active Melbourne recreation facilities,Victorian  YMCA  Community  Programming  Pty  Ltd,168781.39 AUD,23/06/2028,3615
INV192648,Integrated security services,National Protective Services Pty Ltd,180955.21,28/12/17,3686
INV192649,Building maintenance services,Programmed Facility Management P/L,171593.44,22/07/2025,3630
INV192650,Waste management services,Cleanaway,0.2m,26/10/2029,3556
INV192651,Tree management maintenance services,CitywideServiceSolutionsPtyLtd,65478.06,09 January 2028,3678
INV192652,Parking technology services,Reino International Pty Ltd T/A Duncan Solutions,169863.48 AUD,18/02/2027, 
INV192653,Waste management services,Cleanaway Waste Management Limited,0.1m,23 March 2026,3556
INV192654,Open spaces management - region 1,Citywide Service Solutions Pty Ltd (AU),0.0m,20/04/2025,3676
INV192655,Open spaces management - region 2,aERCO,23366.77 AUD,28/12/24,3677
INV192656,Tree management maintenance services,CitywideServiceSolutionsPtyLtd,0.2m,10/05/2028,3678
INV192657,Graffiti management and pressure cleaning services,Calcorp,232349.31,11/03/2026,3668
INV192658,Tree management maintenance services,Citywide Service Solutions Pty Ltd,112904.26,2029-05-09,3678
INV192659,Waste management services,Cleanaway Waste Management Limited (AUS),23242.35 AUD,29-Jun-2026,3556
INV192660,Open spaces management - region 2,Programmed Facility Management Pty Ltd (AU),9142.84,30/06/2026,3630
INV192661,Graffiti management and pressure cleaning services,Calcorp Services Pty Ltd,"$182,701.36",25/06/18,3668
INV192662,Tree management maintenance services,Citywide  Service  Solutions  Pty  Ltd,0.1m,14/01/2025,3678
INV192663,Building cleaning services,Menzies Intl (Aust) Pty Ltd,,16 June 2026,3634
INV192664,Open spaces management - region 2,Serco,0.2m,08/09/2028,3677
INV192665,Parking technology services,REINO INTERNATIONAL PTY LTD T/A DUNCAN SOLUTIONS,123688.52 AUD,07/09/2028,3623
INV192666,Tree management maintenance services,Citywide Service Solutions Pty Ltd (AUS),62426.54,19 March 2025,3678
INV192667,Building cleaning services,Menzies,"$93,050.4",2028-05-11,3634
INV192668,Street cleaning,Spotlesd Facility Services Pty Ltd,212769.65 AUD,2026-01-29,3669
INV192669,Civil infrastructure services,CitywideServiceSolutionsPtyLtd,0.1m,30/04/2028,3665
INV192670,Melbourne Town Hall venue management,SHOWTIME EVENT GROUP PTY LTD,,28/09/17,3670
INV192671,Street cleaning,Spotless Facility Services Pty Ltd,30481.87,07 September 2026,3669
INV192672,Vehicle tow away and impound services,NATIONWIDE TOWING SERVICES,"$18,339.48",22/06/2027,3585
INV192673,Civil infrastructure services,Citywide Service Snlutions Pty Ltd,5505.51,27/05/28,3665
INV192674,Building maintenance services,SERCO,192039.57,25/07/10,3677
INV192675,Waste management services,Cleanaway Waste Management Limited,212303.82 AUD,06-Oct-2027,3556
INV192676,Street cleaning,Spotless Facility,0.1m,05/07/2025,3669
INV192677,Tree management maintenance services,Citywide Service ,0.1m,2028-01-22,3678
INV192678,Building maintenance services,Programmed Facility Mgmt Pty Ltd,24687.01,19 April 2029,3630
INV192679,Graffiti management and pressure cleaning services,Calcorp Services P/L,126059.95,2026-08-20,3668
INV192680,Open spaces management - region 2,SERCO,"$156,635.46",14/08/2028,3677
INV192681,Management of Active Melbourne recreation facilities,Victorian  YMCA  Community  Programming  Pty  Ltd,154317.21 AUD,09/05/2029,3615
INV192682,Open spaces management - region 1,CitywideServiceSolutionsPtyLtd,"$210,985.55",27/03/18,3676
INV192683,Parking technology services,Reino  International  Pty  Ltd  T/A  Duncan  Solutions,217804.84,28/03/01,3623
INV192684,Graffiti management and pressure cleaning services,Calcorp,"$226,094.2",10/08/2028,3668
INV192685,Open spaces management - region 2,Serco,0.2m,20-May-2026,3677
INV192686,Graffiti management and pressure cleaning services,Calcorp Services Pty. Ltd.,"$88,329.42",06 June 2026,3668
INV192687,Building maintenance services,Programmed Facility Management Pty Ltd (AUS),0.0m,26/07/12,3630
INV192688,Street cleaning,Spotless Facility Services Pty. Ltd.,193845.59,31/07/2026,3669
INV192689,Open spaces management - region 2,SERCO (AU),219355.52,26/11/23,3677
INV192690,Tree management maintenance services,CitywideServiceSolutionsPtyLtd,"$15,669.09",26/01/20,3678
INV192691,Graffiti management and pressure cleaning services,Calcorp Serv,206256.1 AUD,31/10/2026,3668
INV192692,Open spaces management - region 2,SERCO,"$57,522.94",2025-05-08,3677
INV192693,Tree management maintenance services,Citywide Service Solutions P/L,"$23,289.78",19/04/2026,3678
INV192694,Integrated security services,National Protective Services PtyxLtd,"$222,495.67",17 October 2027,3686
INV192695,Waste management services,CleanawayWasteManagementLimited,"$12,615.22",13-Oct-2028,3556
INV192696,Civil infrastructure services,CitywideServiceSolutionsPtyLtd,"$208,235.71",2025-12-18,3665
INV192697,Street cleaning,Spotless Facility,165008.6 AUD,23 January 2029,3669
INV192698,Parking technology services,Reino International Pty. Ltd. T/A Duncan Solutions,72847.61 AUD,31/07/2025,3623
INV192699,Building maintenance services,programmed facility management pty ltd,"$121,889.72",16/05/2026,3630
INV192700,Management of Active Melbourne recreation facilities,Victorian YMCA Community Programming Pty. Ltd.,0.1m,26-Apr-2027,3615
INV192701,Civil infrastructure services,Citywide Service Solutions P/L,241809.68,28/03/30,3665
INV192702,Civil infrastructure services,CitywideServiceSolutionsPtyLtd,0.1m,26/10/30,3665
INV192703,Melbourne Town Hall venue management,Showtime  Event  Group  Pty  Ltd,"$147,203.27",06-May-2025,3670
INV192704,Street cleaning,Spotless Facility Services Pty. Ltd.,99597.81 AUD,26-May-2029,3669
INV192705,Tree management maintenance services,CitywideServiceSolutionsPtyLtd,232366.05,03-Jan-2028,3678
INV192706,Tree management maintenance services,Citywide Service Solutions Pty Ltd,85900.66,26 September 2027,3678
INV192707,Vehicle tow away and impound services,Nationwide Towing Services,75782.11,24/02/2027,3585
INV192708,Vehicle tow away and impound services,NationwideTowingServices,201206.45,06/07/2025,3585
INV192709,Waste management services,cleanaway waste management limited,150374.09,13-Mar-2027,3556
INV192710,Open spaces management - region 1,Citywide Service Solutions P/L,0.2m,04 April 2029,3676
INV192711,Building maintenance services,Programmed Facility Management Pty. Ltd.,243889.9,30/04/2028,3630
INV192712,Open spaces management - region 2,serco,125142.18,11/11/2027,3677
INV192713,Street cleaning,Spotless Facility Services Pty Ltd (AU),"$165,291.26",13/09/2027,3669
INV192714,Tree management maintenance services,Citywide Service Solutions Pty Ltd (AUS),"$208,876.63",25/07/2026,3678
INV192715,Building maintenance services,ProgrammedFacilityManagementPtyLtd,32434.89,14-Dec-2026,3630
INV192716,Parking technology services,ReinoInternationalPtyLtdT/ADuncanSolutions,117230.94 AUD,30/05/2026,3623
INV192717,Tree management maintenance services,Citywide Service Solutions Pty. Ltd.,130263.71 AUD,28/07/2028,3678
INV192718,Melbourne Town Hall venue management,Showtime Event Group Pty Ltd (AUS),"$22,457.42",2026-07-10,3670
INV192719,Open spaces management - region 2,SERCO (AUS),217313.33,15 September 2026,3677
INV192720,Integrated security services,National Protective Services P/L,53179.04,23/05/2029,3686
INV192721,Parking technology services,Reino International Pty. Ltd. T/A Duncan Solutions,196189.62 AUD,26/06/15,3623
INV192722,Graffiti management and pressure cleaning services,Calcorp Services P/L,79696.48,11/01/2029,3668
INV192723,Graffiti management and pressure cleaning services,Calcorp,0.0m,26/06/09,3668
INV192724,Waste management services,CleanawayWasteManagementLimited,0.1m,20/04/2029,3556
INV192725,Graffiti management and pressure cleaning services,Calcoru Services Pty Ltd,0.1m,21-Apr-2025,3668
INV192726,Open spaces management - region 2,SERCO (AUS),245209.51,25/05/24,3677
INV192727,Tree management maintenance services,Citywide  Service  Solutions  Pty  Ltd,0.1m,29 May 2025,3678
INV192728,Integrated security services,National Protective Services Pty Ltd (AUS),245600.29,30/01/2029,3686
INV192729,Parking technology services,Reino International Pty Ltd T/A Duncan Solutions,176934.82,12 April 2026,3623
INV192730,Open spaces management - region 1,CitywideServiceSolutionsPtyLtd,0.1m,27 April 2025,3676
INV192731,Waste management services,Cleanaway Wvste Management Limited,0.1m,17 February 2026,3556
INV192732,Parking technology services,Reino International Pty Ltd T/A Duncan Solutions,0.0m,29 March 2026,3623
INV192733,Building maintenance services,Programmed Facility Management Pty Ltd,76619.51,26/02/2028,3630
INV192734,Parking technology services,Reino International Pty Ltd T/A Duncan Solutions (AUS),0.1m,29/06/04,3623
INV192735,Open spaces management - region 1,Victorian YMCA Communi,0.0m,28 September 2027,3615
INV192736,Waste management services,Cleanaway Waste Management Limited,0.1m,28/01/06,3556
INV192737,Building maintenance services,Programmed Facility Management Pty Ltd (AU),116114.04,18/11/2029,3630
INV192738,Building cleaning services,Menzies International (Aust) P/L,45088.19 AUD,15 April 2026,3634
INV192739,Open spaces management - region 2,serco,25587.2,10-Nov-2028,3677
INV192740,Parking technology services,Programmed Facility Management PtymLtd,194586.42,26-Aug-2025,3630
INV192741,Building maintenance services,Programmed Facility Management Pty Ltd (AU),0.1m,24/02/2026,3630
INV192742,Open spaces management - region 2,SERCO,75458.04,2028-08-02,3677
INV192743,Open spaces management - region 1,CitywideServiceSolutionsPtyLtd,0.1m,18/02/2028,3676
INV192744,Graffiti management and pressure cleaning services,calcorp services pty ltd,102104.33,26/12/2025,3668
INV192745,Building cleaning services,Menzies Int’l (Aust) Pty Ltd,100824.38 AUD,05/12/2025,3634
INV192746,Building cleaning services,Menzies International (Aust) Pty. Ltd.,38220.13,15/01/2028,3634
INV192747,Building cleaning services,Menzies Intl (Aust) Pty Ltd,161687.94,2025-08-01,3634
INV192748,Building cleaning services,Menzies Internatio,144760.35,2028-08-20,3634
INV192749,Open spaces management - region 1,Citywide Service Solutions Pty. Ltd.,85053.0,25/02/28,3676
INV192750,Waste management services,CleanawayWasteManagementLimited,"$18,949.9",2027-01-27,3556
INV192751,Tree management maintenance services,Citywide Service Solutions P/L,0.2m,27/12/12,3678
INV192752,Integrated security services,National Protective Services Pty Ltd,17219.12 AUD,2029-01-31, 
INV192753,Building maintenance services,Programmed Facility Management Puy Ltd,175657.22 AUD,2025-04-13,3630
INV192754,Vehicle tow away and impound services,Nationwide Towing Services,0.0m,27/06/26,3585
INV192755,Open spaces management - region 1,Citywide Sedvice Solutions Pty Ltd,0.1m,13-Jun-2026,3676
INV192756,Tree management maintenance services,Citywide Service Solntions Pty Ltd,58903.07 AUD,2027-06-08,3678
INV192757,Tree management maintenance services,Citywide Service Solutions P/L,230661.18,27/12/26,3678
INV192758,Melbourne Town Hall venue management,SHOWTIME EVENT GROUP PTY LTD,47124.59,25/04/2026,3670
INV192759,Integrated security services,National Protective Services P/L,246837.2,2028-04-27,3686
INV192760,Open spaces management - region 2,SERCO,14831.22,27-Sep-2027,3677
INV192761,Open spaces management - region 2,SEfCO,0.2m,31-Jul-2025,3677
INV192762,Melbourne Town Hall venue management,Showtime  Event  Group  Pty  Ltd,"$111,348.98",09-Mar-2026,3670
INV192763,Civil infrastructure services,Citywide Service Solutions Pty Ltd (AU),186906.67,2027-07-27,3665
INV192764,Integrated security services,National Protective Services Pty. Ltd.,0.1m,2025-07-28,3686
INV192765,Vehicle tow away and impound services,NATIONWIDE TOWING SERVICES,209782.64,25/03/26,3585
INV192766,Building maintenance services,Programmed Facility Management Pty Ltd,0.0m,2028-09-08,3630
INV192767,Integrated security services,NATIONAL PROTECTIVE SERVICES PTY LTD,"$81,424.32",16-Jun-2025,3686
INV192768,Graffiti management and pressure cleaning services,Culcorp Services Pty Ltd,194831.54,09/05/2026,3668
INV192769,Building cleaning services,Menzies International (Aust) Pty Ltd,0.1m,22 August 2029,3634
INV192770,Management of Active Melbourne recreation facilities,Victorian YMCA Communi,64738.39,19 September 2028,3615
INV192771,Graffiti management and pressure cleaning services,Calcorp Services Pty Ltd,0.2m,23 April 2028,3668
INV192772,Management of Active Melbourne recreation facilities,VictorianYMCACommunityProgrammingPtyLtd,62796.48 AUD,13 May 2026,3615
INV192773,Civil infrastructure services,Citywide Service Solutions Pty Ltd (AU),0.1m,2025-04-24,3665
INV192774,Management of Active Melbourne recreation facilities,Victorian YMCA CommunityyProgramming Pty Ltd,124911.92,22-Sep-2028,3615
INV192775,Integrated security services,National Protective Services Pty Ltd (AU),46638.42,25/12/2025,3686
INV192776,Street cleaning,SPOTLESS FACILITY SERVICES PTY LTD,"$20,903.02",29/11/02,3669
INV192777,Open spaces management - region 1,CitywideServiceSolutionsPtyLtd,195745.09,08-Oct-2027,3676
INV192778,Integrated security services,National Protective Services Pty. Ltd.,"$17,099.16",25-Jun-2025,3686
INV192779,Open spaces management - region 2,REINO INTERNATIONAL PTY LTD T/A DUNCAN SOLUTIONS,50495.4,11-Jan-2025,3623
INV192780,Civil infrastructure services,Citywide,79651.65,14/07/2025,3665
INV192781,Waste management services,Cleanaway Waste Management Limited,41080.99 AUD,26/08/2027,3556
INV192782,Melbourne Town Hall venue management,Showtime EventjGroup Pty Ltd,50142.24,2028-08-30,3670
INV192783,Building maintenance services,Programmed  Facility  Management  Pty  Ltd,0.2m,2026-07-03,3630
INV192784,Street cleaning,Spotless Facility Services P/L,0.1m,27/10/24,3669
INV192785,Waste management services,Cleanaway Waste Management LTD,0.2m,27-Apr-2028,3556
INV192786,Open spaces management - region 1,Citywide Service Solutions Pty Ltd,0.1m,08/04/2029,3676
INV192787,Waste management services,Cleanaway Waste Management LTD,226469.32 AUD,07 June 2025,3556
INV192788,Parking technology services,Reino International Pty Ltd T/A Duncan Solutions,73937.91,2028-06-24,3623
INV192789,Open spaces management - region 1,Citywide Service Solutions Pty Ltd (AUS),172186.1,2026-06-06,3676
INV192790,Building cleaning services,MENZIES INTERNATIONAL (AUST) PTY LTD,0.0m,02/10/2025,3634
INV192791,Civil infrastructure services,Citywide  Service  Solutions  Pty  Ltd,0.2m,2028-12-14,3665
INV192792,Integrated security services,National Protective Services Pty Ltd,0.1m,29/04/05,3686
INV192793,Management of Active Melbourne recreation facilities,VictorianYMCACommunityProgrammingPtyLtd,72602.01,11/06/2025,3615
INV192794,Tree management maintenance services,Citywide  Service  Solutions  Pty  Ltd,0.1m,29 April 2028,3678
INV192795,Waste management services,Cleanaway Waste Management Limited,199503.03,07 November 2028,3556
INV192796,Tree management maintenance services,Citywide Service Solutions Pty Ltd (AU),219431.16,19/07/2026,3678
INV192797,Building maintenance services,Programmed Facility Management Pty. Ltd.,169192.98,21/12/2028,3630
INV192798,Open spaces management - region 1,Citywide Service Solutioos Pty Ltd,79965.5 AUD,2029-06-16,3676
INV192799,Integrated security services,National Protective Services Pty Ltd,99312.81,19/01/2029,3686
INV192800,Tree management maintenance services,Citywide Service Solutions Pty Ltd (AUS),174562.48 AUD,25/02/2025,3678
INV192801,Melbourne Town Hall venue management,Showtime  Event  Group  Pty  Ltd,69278.53,13/04/2025,3670
INV192802,Integrated security services,National Protective Services Pty Ltd (AUS),"$248,832.3",24-Nov-2025,3686
INV192803,Street cleaning,Spotless Facility Services Pty Ltd,146042.07,2028-10-28,3669
INV192804,Integrated security services,NationalProtectiveServicesPtyLtd,"$173,442.12",20/04/2025,3686
INV192805,Melbourne Town Hall venue management,Showtime  Event  Group  Pty  Ltd,21136.08,05/03/2026,3670
INV192806,Building cleaning services,Menzies International (Aust) P/L,153618.6,13/04/2029,3634
INV192807,Integrated security services,National Protective Services Pty Ltd,0.2m,28/06/14,3686
INV192808,Open spaces management - region 1,CitywideServiceSolutionsPtyLtd,0.2m,23/12/2029,3665
INV192809,Melbourne Town Hall venue management,Showtime Event Group Pty. Ltd.,50901.99,21/12/2028,3670
INV192810,Melbourne Town Hall venue management,Showtime Event Group Pty Ltd (AU),0.1m,24-Jun-2025,3670
INV192811,Open spaces management - region 2,SERCO (AU),0.1m,22 August 2027,3677
INV192812,Open spaces management - region 1,CitywideServiceSolutionsPtyLtd,115107.27,10/12/2025,3676
INV192813,Tree management maintenance services,Citywide,116478.11,26/12/13,3678
INV192814,Tree management maintenance services,Citywide Service Solutions P/L,76111.51,18 July 2026,3678
INV192815,Parking technology services,REINO INTERNATIONAL PTY LTD T/A DUNCAN SOLUTIONS,0.0m,2025-01-30,3623
INV192816,Building maintenance services,Programmed  Facility  Management  Pty  Ltd,132066.44,01/11/2028,3630
INV192817,Street cleaning,Spotless Ficility Services Pty Ltd,0.2m,14-Mar-2028,3669
INV192818,Building maintenance services,Programmed Facility Management Pty Ltd,"$5,609.67",30 March 2026,3630
INV192819,Open spaces management - region 2,SERCO,,26/09/19,3677
INV192820,Integrated security services,National Protective Services Pty Ltd (AU),0.1m,12-Feb-2026,3686
INV192821,Management of Active Melbourne recreation facilities,Victorian YMCA Community Programming Pty Ltd (AUS),194289.85,2028-07-22,3615
INV192822,Open spaces management - region 1,Citywide Service Solutions Pty Ltd,228337.39 AUD,26/08/06,3676
INV192823,Melbourne Town Hall venue management,Showtime,229095.9 AUD,25 March 2028,3670
INV192824,Street cleaning,Spotless Facility Services Pty Ltd,0.1m,2027-03-30,3669
INV192825,Parking technology services,Reino Int’l Pty Ltd T/A Duncan Solutions,188780.49,2027-07-02,3623
INV192826,Tree management maintenance services,CITYWIDE SERVICE SOLUTIONS PTY LTD,235333.54 AUD,2027-07-31,3678
INV192827,Vehicle tow away and impound services,Nationwide To,"$176,740.22",29/09/30,3585
INV192828,Integrated security services,National Protectiv,56344.8,30/10/2029,3686
INV192829,Open spaces management - region 2,SERCO,"$2,325.0",28/02/07, 
INV192830,Parking technology services,Reino  International  Pty  Ltd  T/A  Duncan  Solutions,151340.57 AUD,31/01/2026,3623
INV192831,Vehicle tow away and impound services,Nationwide Towing Services,"$247,648.05",2028-07-05, 
INV192832,Integrated security services,National Protective Services P/L,"$142,546.99",,3686
INV192833,Management of Active Melbourne recreation facilities,Victorian Ymca Community Programming Pty Ltd,"$74,806.49",15/07/2026,3615
INV192834,Street cleaning,Spotless Facility Services Pty Ltd,0.2m,2029-05-25,3669
INV192835,Parking technology services,ReinoInternationalPtyLtdT/ADuncanSolutions,0.2m,06 March 2026,3623
INV192836,Tree management maintenance services,Citywide  Service  Solutions  Pty  Ltd,190093.81,10/10/2029,3678
INV192837,Open spaces management - region 2,SERwO,"$167,583.09",26/12/2028,3677
INV192838,Parking technology services,Reino Intl Pty Ltd T/A Duncan Solutions,0.2m,30-Aug-2025,3623
INV192839,Civil infrastructure services,citywide service solutions pty ltd,"$73,452.79",21/05/2028, 
INV192840,Open spaces management - region 1,Citywide Service ,0.2m,15/08/2026,3676
INV192841,Management of Active Melbourne recreation facilities,Victorian Ymca Community Programming Pty Ltd,215261.71 AUD,30/05/2028,3615
INV192842,Waste management services,Citywide Service Solutions Pty. Ltd.,213214.86,12 October 2025,3678
INV192843,Civil infrastructure services,Citywide Service Solutions Pty Ltd,"$2,548.73",13/01/2026,3665
INV192844,Vehicle tow away and impound services,Nationwide Towing Services (AUS),0.0m,09 August 2029,3585
INV192845,Open spaces management - region 2,serco,64810.54,29-Oct-2025,3677
INV192846,Waste management services,Cleanaway Waste Mgmt Limited,145384.91,27/10/02,3556
INV192847,Building maintenance services,Programmed Facility Management Pty Ltd,148774.63,28/01/2026,3630
INV192848,Civil infrastructure services,CITYWIDE SERVICE SOLUTIONS PTY LTD,247801.07 AUD,07 December 2028,3665
INV192849,Street cleaning,SpotlessFacilityServicesPtyLtd,185818.95,25/04/13,3669
INV192850,Integrated security services,National Protective Services Pty. Ltd.,235150.02,04/10/2027,3686
INV192851,Civil infrastructure services,Citywide Service Solutions Pty Ltd (AU),36371.86,29/10/22,3665
INV192852,Building maintenance services,Programmed Facility Management Pty Ltd (AUS),86225.28,2029-10-04,3630
INV192853,Vehicle tow away and impound services,Nationwide Towing Services,18013.3,06/03/2027,3585
INV192854,Building maintenance services,Programmed Facility Management Pty Ltd,148064.44,31 January 2028,3630
INV192855,Open spaces management - region 2,SERtO,0.0m,26-Apr-2025,3677
INV192856,Building maintenance services,Programmed Facility Management P/L,"$48,872.63",22/03/2029,3630
INV192857,Civil infrastructure services,Citywide,94365.12,15/11/2029,3665
INV192858,Open spaces management - region 1,SERCO,"$64,490.2",11/02/2027,3677
INV192859,Open spaces management - region 1,Citywide  Service  Solutions  Pty  Ltd,"$105,577.01",28/05/09,3676
INV192860,Parking technology services,Reino International P/L T/A Duncan Solutions,"$194,079.45",15/08/2025,3623
INV192861,Waste management services,Cleanaway Waste Management Limited (AUS),241746.97,02-Oct-2029,3556
INV192862,Open spaces management - region 2,SERCO (AUS),"$157,002.03",27/04/03,3677
INV192863,Street cleaning,Spotless Facility Services P/L,0.1m,17/06/2029,3669
INV192864,Waste management services,Natioxal Protective Services Pty Ltd,0.1m,26/05/29,3686
INV192865,Building maintenance services,Programmed Facility Management Pty Ltd,"$123,919.76",09/10/2025,3630
INV192866,Integrated security services,National  Protective  Services  Pty  Ltd,28198.27,28/07/23,3686
INV192867,Management of Active Melbourne recreation facilities,Victorian YMCA Communi,35854.38 AUD,13-Dec-2027,3615
INV192868,Civil infrastructure services,Citywide Service Solutions Pty. Ltd.,,18-Aug-2029, 
INV192869,Tree management maintenance services,CitywideServiceSolutionsPtyLtd,"$176,454.8",30 March 2027, 
INV192870,Vehicle tow away and impound services,Nationwide  Towing  Services,"$96,730.53",2027-03-03,3585
INV192871,Civil infrastructure services,Citywide Service ,110329.64,26/01/2025,3665
INV192872,Street cleaning,Spotless Facility Services Pty Ltd (AUS),0.1m,01 September 2026,3669
INV192873,Tree management maintenance services,Citywide Service Solutions Pty Ltd (AU),"$133,847.77",08/08/2025,3678
INV192874,Building cleaning services,MenziesInternational(Aust)PtyLtd,"$225,888.73",19-Mar-2026,3634
INV192875,Open spaces management - region 2,SERCO (AU),86280.18 AUD,29/06/14,3677
INV192876,Melbourne Town Hall venue management,Showtime Ekent Group Pty Ltd,79811.69 AUD,13/11/2029,3670
INV192877,Building maintenance services,Provrammed Facility Management Pty Ltd,"$208,614.56",25 April 2026,3630
INV192878,Tree management maintenance services,Citywide Service Solutions Pty Ltd,"$19,200.56",13/01/2027,3678
INV192879,Tree management maintenance services,Citywide Service Solutions P/L,190160.72,01 December 2027,3678
INV192880,Street cleaning,SpotlessFacilityServicesPtyLtd,0.1m,26-Oct-2028,3669
INV192881,Civil infrastructure services,Citywide  Service  Solutions  Pty  Ltd,85724.9,07/10/2027,3665
INV192882,Management of Active Melbourne recreation facilities,VictorianYMCACommunityProgrammingPtyLtd,"$203,006.08",26/11/08,3615
INV192883,Melbourne Town Hall venue management,Showtime Event Group P/L,"$40,880.67",14/10/2029,3670
INV192884,Street cleaning,Spotless Facility Services Pty Ltd (AUS),0.2m,19-May-2025,3669
INV192885,Graffiti management and pressure cleaning services,Citywide,156839.5 AUD,29 September 2026,3665
INV192886,Civil infrastructure services,CITYWIDE SERVICE SOLUTIONS PTY LTD,188977.89 AUD,01/11/2026,3665
INV192887,Open spaces management - region 2,Serco,182144.15 AUD,03/09/2029, 
INV192888,Building maintenance services,Programmed Facility Management Pty Ltd (AUS),"$32,342.0",09 August 2028,3630
INV192889,Building maintenance services,Programmed  Facility  Management  Pty  Ltd,235079.82,05/06/2029,3630
INV192890,Waste management services,Cleanaway  Waste  Management  Limited,212078.59,17/09/2027,3556
INV192891,Open spaces management - region 2,SERCO,93935.25 AUD,05/08/2026,3677
INV192892,Civil infrastructure services,Citywide Service Solutions Pty Ltd,32833.41,15/04/2029, 
INV192893,Civil infrastructure services,Citywide Service Solutions Pty Ltd,54523.9 AUD,29/01/2025,3665
INV192894,Street cleaning,Spotless Facility Services Pty. Ltd.,"$157,720.99",2028-07-09,3669
INV192895,Melbourne Town Hall venue management,ShowtimeEventGroupPtyLtd,126722.05,22-Oct-2025,3670
INV192896,Graffiti management and pressure cleaning services,CALCORP SERVICES PTY LTD,0.2m,11/08/2025,3668
INV192897,Waste management services,Cleanaway,24072.71,12-Jun-2026,3556
INV192898,Building maintenance services,Programmed Facility Managhment Pty Ltd,132392.88,2027-09-26,3630
INV192899,Tree management maintenance services,Citywide Service Solutions Pty Ltd,"$169,781.52",25/08/2027,3678
INV192900,Street cleaning,SPOTLESS FACILITY SERVICES PTY LTD,"$99,918.57",08/08/2028,3669
INV192901,Graffiti management and pressure cleaning services,Calcorp Services Pty Ltd (AUS),0.1m,2028-04-13,3668
INV192902,Building cleaning services,Menzies International (Aust) Pty Ltd,"$21,549.39",2028-07-15,3634
INV192903,Building maintenance services,programmed facility management pty ltd,65626.39,28/06/19,3630
INV192904,Parking technology services,Reino Int’l Pty Ltd T/A Duncan Solutions,25482.21 AUD,14 May 2028, 
INV192905,Civil infrastructure services,Citywide  Service  Solutions  Pty  Ltd,29970.43,28/05/14,3665
INV192906,Building maintenance services,Programmed Facility Management Pty Ltd,2996.11,02-Dec-2025,3630
INV192907,Building cleaning services,MenziesInternational(Aust)PtyLtd,201244.39,23/02/2029,3634
INV192908,Integrated security services,National,126093.36,2026-03-29,3686
INV192909,Melbourne Town Hall venue management,Showtime Event Group Pty Ltd (AU),0.1m,16 April 2029,3670
INV192910,Integrated security services,National Protective Services Pty Ltd,53163.75,25/11/02,3686
INV192911,Open spaces management - region 2,Serco,154410.32 AUD,02/07/2029,3677
INV192912,Waste management services,CleanawaylWaste Management Limited,194291.82,26-Sep-2025,3556
INV192913,Building cleaning services,menzies international (aust) pty ltd,"$211,480.04",26 November 2026,3634
INV192914,Tree management maintenance services,Citywide Senvice Solutions Pty Ltd,116347.29,31/10/2029,3678
INV192915,Street cleaning,Spotless Facility Services P/L,"$228,709.34",14 February 2029,3669
INV192916,Street cleaning,Spotless Facility Services Pty Ltd,61061.98 AUD,28/12/19,3669
INV192917,Tree management maintenance services,Citywide  Service  Solutions  Pty  Ltd,29299.01,17-Jan-2028,3678
INV192918,Integrated security services,National Protective Services Pty Ltd,72229.29 AUD,23-Apr-2025,3686
INV192919,Waste management services,Cleanaway Waste Management Limited (AU),73916.64 AUD,17/09/2028,3556
INV192920,Waste management services,Cleanaway Waste Mgmt Limited,197448.56 AUD,2028-09-05,3556
INV192921,Tree management maintenance services,CITYWIDE SERVICE SOLUTIONS PTY LTD,"$103,887.67",12 April 2027,3678
INV192922,Street cleaning,Spotless Facility,0.2m,16 May 2026,3669
INV192923,Building cleaning services,Menzies International (Aust) Pty Ltd,0.1m,2025-12-25,3634
INV192924,Waste management services,Cleanaway Waste Managemenq Limited,45422.09 AUD,03-Mar-2028,3556
INV192925,Parking technology services,Reino Intl Pty Ltd T/A Duncan Solutions,207388.29,08/02/2025,3623
INV192926,Building maintenance services,PROGRAMMED FACILITY MANAGEMENT PTY LTD,"$146,419.95",22-Jul-2027,3630
INV192927,Graffiti management and pressure cleaning services,Calcorp Services Pty Ltd,135647.72 AUD,29/07/24,3668
INV192928,Parking technology services,Reino  International  Pty  Ltd  T/A  Duncan  Solutions,"$71,837.06",16 December 2026,3623
INV192929,Tree management maintenance services,Citywide Service ,162237.78 AUD,16/09/2029,3678
INV192930,Street cleaning,Spotless Facility,"$70,224.78",26-Jan-2025,3669
INV192931,Tree management maintenance services,Citywide Shrvice Solutions Pty Ltd,206582.38 AUD,05/08/2025,3678
INV192932,Parking technology services,Citywide Service Solutions Pty. Ltd.,139207.67,02-Sep-2026,3665
INV192933,Tree management maintenance services,Citywide Service ,90679.35,27/11/15,3678
INV192934,Vehicle tow away and impound services,Nationwide Towing Services (AUS),223118.02 AUD,2026-10-03,3585
INV192935,Civil infrastructure services,Citywide Service Solutions Pty Ltd (AUS),76972.61 AUD,04 June 2026,3665
INV192936,Management of Active Melbourne recreation facilities,VICTORIAN YMCA COMMUNITY PROGRAMMING PTY LTD,0.0m,29/05/05,3615
INV192937,Melbourne Town Hall venue management,Cleanaway Waste Management Ltd,"$158,228.91",13-Nov-2028,3556
INV192938,Parking technology services,Reino,"$88,693.06",13 May 2028,3623
INV192939,Open spaces management - region 1,Citywide Service Solutions Pty Ltd (AUS),0.2m,2029-03-07,3676
INV192940,Open spaces management - region 1,Citywide,63454.74,29/02/18,3676
INV192941,Open spaces management - region 2,SERCO,178808.09,01-Nov-2025,3677
INV192942,Tree management maintenance services,Citywide Service Solutions Pty Ltd (AU),0.0m,29/05/04,3678
INV192943,Vehicle tow away and impound services,nationwide towing services,246085.39,2026-08-10,3585
INV192944,Management of Active Melbourne recreation facilities,Victorian Ymca Community Programming Pty Ltd,84829.83,14 January 2027,3615
INV192945,Management of Active Melbourne recreation facilities,VICTORIAN YMCA COMMUNITY PROGRAMMING PTY LTD,0.0m,29/12/03,3615
INV192946,Open spaces management - region 1,Citywide Service Solutions Pty Ltd,216131.87 AUD,26/11/12,3676
INV192947,Graffiti management and pressure cleaning services,CalcorpServicesPtyLtd,118600.22,,3668
INV192948,Building cleaning services,Menzies International (Aust) Pty. Ltd.,0.0m,2029-04-16,3634
INV192949,Integrated security services,National Protective Services Pty Ltd (AU),215469.42 AUD,31/08/2028,3686
INV192950,Tree management maintenance services,Citywide Service Solutions Pty Ltd,,2028-04-11,3678
INV192951,Street cleaning,Spotless Facility Services Pty Ltd,51425.15 AUD,2026-08-15,3669
INV192952,Building cleaning services,MenziesInternational(Aust)PtyLtd,0.0m,2027-09-02,3634
INV192953,Tree management maintenance services,Citywide Service ,7346.83,09 November 2025,3678
INV192954,Integrated security services,National,176115.47,28-Feb-2026,3686
INV192955,Management of Active Melbourne recreation facilities,VictorianYMCACommunityProgrammingPtyLtd,63492.09,21/03/2028,3615
INV192956,Graffiti management and pressure cleaning services,Calcorp Services Pty Ltd (AU),0.2m,2027-06-02,3668
INV192957,Management of Active Melbourne recreation facilities,VictorianYMCACommunityProgrammingPtyLtd,17752.47 AUD,2026-05-22,3615
INV192958,Graffiti management and pressure cleaning services,Calcorp Services Pty Ltd,66932.35,2026-08-21, 
INV192959,Melbourne Town Hall venue management,Showtime Event Group Pty. Ltd.,246399.65 AUD,25-May-2027,3670
INV192960,Tree management maintenance services,Citywide Service Solutions Pty Ltd (AUS),0.1m,07/03/2026,3678
INV192961,Open spaces management - region 2,SERCO (AU),231652.92,29/03/11,3677
INV192962,Building maintenance services,Programmed Facility Management Pty. Ltd.,246328.41,16 July 2027,3630
INV192963,Graffiti management and pressure cleaning services,Calcorp Services Pty Ltd (AUS),$248.77,05 August 2028,3668
INV192964,Integrated security services,National Protective Services Pty Ltd,"$220,889.67",11 November 2026,3686
INV192965,Building maintenance services,Programmed Facility Management P/L,"$15,244.48",2028-02-12,3630
INV192966,Integrated security services,National Protective Services Pty Ltd,0.0m,29/12/2027,3686
INV192967,Open spaces management - region 2,SERCO,87281.33,2028-06-04,3677
INV192968,Melbourne Town Hall venue management,Showtime  Event  Group  Pty  Ltd,0.1m,20 September 2027,3670
INV192969,Building cleaning services,MENZIES INTERNATIONAL (AUST) PTY LTD,173706.78,05 April 2027,3634
INV192970,Open spaces management - region 2,SEcCO,149199.58,03/04/2027,3677
INV192971,Melbourne Town Hall venue management,ShowtimeEventGroupPtyLtd,187773.57,11/03/2025,3670
INV192972,Building maintenance services,Programmed Facility Management Pty Ltd (AU),0.2m,30/05/2028,3630
INV192973,Civil infrastructure services,Catywide Service Solutions Pty Ltd,131604.75 AUD,14 December 2025,3665
INV192974,Waste management services,CLEANAWAY WASTE MANAGEMENT LIMITED,"$175,345.04",2029-05-20,3556
INV192975,Waste management services,Cleanaway Waste Management Ltd,115322.64 AUD,12/03/2028,3556
INV192976,Parking technology services,Reino,0.1m,11 May 2029,3623
INV192977,Melbourne Town Hall venue management,Showtime Event Group Pty Ltd,0.1m,2029-05-22,3670
INV192978,Street cleaning,Spotless Facility Services Pty Ltd,45912.14,11-Jun-2027,3669
INV192979,Tree management maintenance services,Citywide Service ,0.0m,2029-05-01,3678
INV192980,Integrated security services,National Protective Services Pty Ltd,"$202,765.53",15/04/2027,3686
INV192981,Parking technology services,Reino Intl Pty Ltd T/A Duncan Solutions,54286.84,13 September 2027,3623
INV192982,Street cleaning,Spotless Facility Services Pty Ltd,14792.58,24/01/2029,3669
INV192983,Integrated security services,National Protective Services Pty Ltd (AU),19937.34 AUD,20-Nov-2025,3686
INV192984,Building maintenance services,Programmed Facility Management P/L,"$195,661.06",22/12/2025,3630
INV192985,Tree management maintenance services,Citywide  Service  Solutions  Pty  Ltd,"$49,095.53",25/02/23,3678
INV192986,Management of Active Melbourne recreation facilities,Victorian Ymca Community Programming Pty Ltd,235194.0 AUD,08 December 2028,3615
INV192987,Building maintenance services,Programmed  Facility  Management  Pty  Ltd,46772.4,07-Dec-2028,3630
INV192988,Building cleaning services,Menzies Internatio,1972.68 AUD,16/10/2029,3634
INV192989,Parking technology services,Reino,2536.24 AUD,29/08/2029,3623
INV192990,Integrated security services,National Protectiv,0.1m,29/03/03,3686
INV192991,Civil infrastructure services,citywide service solutions pty ltd,34331.98 AUD,15/07/2029,3665
INV192992,Graffiti management and pressure cleaning services,Calcorp Services Pty Ltd (AU),"$244,255.6",19/01/2026,3668
INV192993,Parking technology services,Reino International Pty Ltd T/A Duncan Solutions (AU),208207.43,26-Jul-2026, 
INV192994,Parking technology services,Reino International P/L T/A Duncan Solutions,3690.32,27/10/04,3623
INV192995,Integrated security services,National Protective wervices Pty Ltd,"$13,416.29",30-May-2026,3686
INV192996,Tree management maintenance services,Citywide Service Solutions P/L,"$210,903.12",05 July 2025,3678
INV192997,Integrated security services,National Protective Services Pty Ltd (AUS),0.1m,22/12/2029,3686
INV192998,Civil infrastructure services,Citywide Service Solutionn Pty Ltd,0.2m,01-May-2026,3665
INV192999,Waste management services,Cleanaway Waste Management Limited (AU),194937.13 AUD,2028-10-16,3556
INV193000,Melbourne Town Hall venue management,Showtime Event Group Pty. Ltd.,0.1m,04 June 2028,3670
