InvoiceID,ContractTitle,Provider,InvoiceAmount,InvoiceDate,ContractNumber
INV335001,Building maintenance services,Programmed Facility Management P/L,0.1m,2027-11-20,3630
INV335002,Tree management maintenance services,Citywide Service Solutions Pty Ltd (AUS),8127.55,23-Sep-2026,3678
INV335003,Graffiti management and pressure cleaning services,calcorp services pty ltd,"$205,946.95",13-Nov-2026,3668
INV335004,Civil infrastructure services,Citywide Service Solutions Ptl Ltd,94847.5,07-Nov-2029,3665
INV335005,Integrated security services,National Protective Services Pty Ltd,200783.6,01 December 2026,3686
INV335006,Civil infrastructure services,Citywide Service Solutions Pty Ltd,"$177,748.79",2028-10-20,3665
INV335007,Open spaces management - region 1,Citywide Service ,52941.37,2025-01-04,3676
INV335008,Management of Active Melbourne recreation facilities,VictorianYMCACommunityProgrammingPtyLtd,230424.19,08/08/2026,3615
INV335009,Melbourne Town Hall venue management,Showtime  Event  Group  Pty  Ltd,182598.72,2025-02-23,3670
INV335010,Open spaces management - region 2,SERCO (AU),0.1m,2025-08-07,3677
INV335011,Melbourne Town Hall venue management,Showtime,125941.19 AUD,24 October 2026,3670
INV335012,Integrated security services,NATIONAL PROTECTIVE SERVICES PTY LTD,210608.95 AUD,11-Nov-2029,3686
INV335013,Management of Active Melbourne recreation facilities,Victorian  YMCA  Community  Programming  Pty  Ltd,136772.07,21/06/2029,3615
INV335014,Management of Active Melbourne recreation facilities,Victorian Ymca Community Programming Pty Ltd,190545.88 AUD,12-Jun-2025,3615
INV335015,Building maintenance services,Programmed Facility Management P/L,0.1m,11 June 2025,3630
INV335016,Civil infrastructure services,Citywide,99592.42,27/12/09,3665
INV335017,Open spaces management - region 1,Citywide Service Solutions Pty. Ltd.,182186.21 AUD,01-Aug-2026,3676
INV335018,Open spaces management - region 1,citywide service solutions pty ltd,0.0m,01 May 2025,3676
INV335019,Building maintenance services,Programmed Facility Management Pty. Ltd.,205835.5 AUD,08 July 2025,3630
INV335020,Waste management services,serco,0.2m,29/09/26,3677
INV335021,Management of Active Melbourne recreation facilities,Victorian YMCA Community Programming Pty Ltd,141900.02,13-Jun-2029,3615
INV335022,Vehicle tow away and impound services,Nationwide,"$106,975.79",29/07/2027,3585
INV335023,Melbourne Town Hall venue management,Showtime Event Group Pty Ltd,0.2m,22-May-2026,3670
INV335024,Street cleaning,victorian ymca community programming pty ltd,"$157,252.24",25-Nov-2025,3615
INV335025,Open spaces management - region 1,Citywide Service Solutions Pty Ltd (AU),0.1m,14 March 2026,3676
INV335026,Open spaces management - region 2,Serco,0.2m,14/09/2025,3677
INV335027,Melbourne Town Hall venue management,Showtime Event Group Pty Ltd,246699.22 AUD,16/08/2027,3670
INV335028,Parking technology services,Reino International Pty Ltd T/A Duncan Solutions,143926.43 AUD,22 February 2028,3623
INV335029,Building cleaning services,menzies international (aust) pty ltd,0.1m,01/03/2025,3634
INV335030,Building cleaning services,MenziesInternational(Aust)PtyLtd,"$181,680.68",26/06/2028,3634
INV335031,Melbourne Town Hall venue management,Showtime  Event  Group  Pty  Ltd,193366.82,2029-11-23,3670
INV335032,Open spaces management - region 1,Citywide Service Solutions Pty Ltd (AU),213432.37,10 November 2028,3676
INV335033,Melbourne Town Hall venue management,SHOWTIME EVENT GROUP PTY LTD,173155.08,04 March 2026,3670
INV335034,Integrated security services,NATIONAL PROTECTIVE SERVICES PTY LTD,0.2m,11/09/2029,3686
INV335035,Street cleaning,Spotless Facility Services Pty Ltd,50893.28 AUD,28/05/12,3669
INV335036,Building maintenance services,PROGRAMMED FACILITY MANAGEMENT PTY LTD,0.1m,16/07/2025,3630
INV335037,Waste management services,Cleanaway Waste Management LTD,77745.53,21/01/2028, 
INV335038,Waste management services,Cleanaway  Waste  Management  Limited,6171.61,26/05/11,3556
INV335039,Street cleaning,Spotless Facility Services Pty Ltd,28187.23,22-Jun-2025,3669
INV335040,Management of Active Melbourne recreation facilities,Victorian YMCA Community Programming Pty Ltd,180737.21,2028-06-16,3615
INV335041,Building cleaning services,Menzies,"$59,564.16",29/09/10,3634
INV335042,Tree management maintenance services,Citywide Service Solutions Pty Ltd (AUS),0.2m,,3678
INV335043,Street cleaning,Spotless Facility Services Pty Ltd,0.1m,16-Sep-2025,3669
INV335044,Civil infrastructure services,Citywide Service Solutions Pty. Ltd.,0.1m,,3665
INV335045,Melbourne Town Hall venue management,Cleanaway Waste Management LTD,0.1m,2026-04-12,3556
INV335046,Tree management maintenance services,Citywide  Service  Solutions  Pty  Ltd,"$161,895.84",30/10/2027,3678
INV335047,Vehicle tow away and impound services,Nationwide To,67987.53 AUD,25/12/02,3585
INV335048,Parking technology services,Reino International Pty Ltd T/A Duncan Solutions,120466.07 AUD,22/07/2025, 
INV335049,Building cleaning services,Menzies International (Aust) P/L,98302.33 AUD,23/11/2027,3634
INV335050,Civil infrastructure services,Citywide  Service  Solutions  Pty  Ltd,167134.01,23-Feb-2028,3665
INV335051,Tree management maintenance services,CITYWIDE SERVICE SOLUTIONS PTY LTD,"$90,197.44",01/05/2025,3678
INV335052,Integrated security services,National Protective Services Pty Ltd (AU),184463.98 AUD,30/07/2026, 
INV335053,Open spaces management - region 2,serco,124217.87,01 March 2028,3677
INV335054,Building cleaning services,Victorian YMCA Community Programming Pty Ltd (AU),231975.01 AUD,05 July 2025,3615
INV335055,Street cleaning,Spotless Facility Services Pty Ltd (AU),31752.86,2029-01-05,3669
INV335056,Graffiti management and pressure cleaning services,Calcorp Services Pty Ltd (AUS),0.1m,16 November 2026,3668
INV335057,Parking technology services,Reino International Pty Ltd T/A Duncan Solutions,64521.43 AUD,20-Nov-2026,3623
INV335058,Building cleaning services,menzies international (aust) pty ltd,218085.36,16-May-2027,3634
INV335059,Melbourne Town Hall venue management,Showtime Event Group Pty Ltd,67839.93 AUD,03 July 2026,3670
INV335060,Waste management services,CLEANAWAY WASTE MANAGEMENT LIMITED,0.2m,12-Aug-2029,3556
INV335061,Open spaces management - region 1,Citywide Service Solutions Pty Ltd (AUS),"$154,151.96",08 May 2029,3676
INV335062,Vehicle tow away and impound services,Nationwide,161242.24,17/11/2028,3585
INV335063,Waste management services,Cleanaway,"$10,059.36",28 October 2028,3556
INV335064,Graffiti management and pressure cleaning services,Calcorp Serv,"$62,513.18",26/04/02,3668
INV335065,Melbourne Town Hall venue management,Showtime Event wroup Pty Ltd,35557.33,18/12/2025,3670
INV335066,Waste management services,Cleanaway Waste Management LTD,"$30,958.88",2029-01-22,3556
INV335067,Management of Active Melbourne recreation facilities,Victorian YMCA Community Programming P/L,"$94,098.71",30/01/2026,3615
INV335068,Vehicle tow away and impound services,Nationwide Towing Services,41705.85,14/06/2026,3585
INV335069,Parking technology services,Spotless Facility Services Pty Ltd,,28/04/10,3669
INV335070,Tree management maintenance services,Citywide Service Solutions Pty Ltd,81309.62 AUD,29/07/09,3678
INV335071,Integrated security services,National Protective Services Pty. Ltd.,19575.51 AUD,27 August 2026,3686
INV335072,Graffiti management and pressure cleaning services,Calcorp,116561.19,25/06/18,3668
INV335073,Graffiti management and pressure cleaning services,Calcorp,178443.04,20 January 2027,3668
INV335074,Management of Active Melbourne recreation facilities,Victorian Ymca Community Programming Pty Ltd,"$118,371.03",08/09/2026,3615
INV335075,Waste management services,Cleanaway  Waste  Management  Limited,186892.14,17/08/2029,3556
INV335076,Building maintenance services,Programmed Facility Management Pty Ltd (AUS),"$113,762.73",25/06/20,3630
INV335077,Parking technology services,ReinoInternationalPtyLtdT/ADuncanSolutions,0.2m,25/01/06,3623
INV335078,Open spaces management - region 2,SERCO,45493.78 AUD,14 February 2027,3677
INV335079,Waste management services,Cleanaway Waste Management Limited,230962.24,25/09/07,3556
INV335080,Waste management services,Cleanaway,"$85,501.62",15-Jan-2028,3556
INV335081,Graffiti management and pressure cleaning services,Calcorp Serv,0.2m,09-Feb-2025,3668
INV335082,Graffiti management and pressure cleaning services,Calcorp Services Pty Ltd,174041.96,22/03/2028,3668
INV335083,Management of Active Melbourne recreation facilities,Victorian Ymca Community Programming Pty Ltd,129747.03 AUD,23 November 2026,3615
INV335084,Tree management maintenance services,CitywideServiceSolutionsPtyLtd,60685.44,2026-06-23,3678
INV335085,Open spaces management - region 2,SERCO,"$138,084.36",24/11/2028,3677
INV335086,Open spaces management - region 1,Citywide Service Solutions Pty Ltd,139810.31 AUD,25/09/10,3676
INV335087,Open spaces management - region 1,Citywide  Service  Solutions  Pty  Ltd,"$3,646.34",2029-05-26,3676
INV335088,Parking technology services,Reino,244528.28,10/03/2028,3623
INV335089,Integrated security services,National Protective Services Pty Ltd,0.1m,24/03/2027,3686
INV335090,Building maintenance services,Programmed Facility Management Pty Ltd,121209.69 AUD,2025-04-01,3630
INV335091,Building cleaning services,Calcorp Services Pty Ltd,17544.88,20 August 2027,3668
INV335092,Melbourne Town Hall venue management,ShowtimeEventGroupPtyLtd,127216.04 AUD,31 August 2028,3670
INV335093,Management of Active Melbourne recreation facilities,Victorian  YMCA  Community  Programming  Pty  Ltd,0.1m,, 
INV335094,Street cleaning,SpotlessFacilityServicesPtyLtd,95228.3,2027-03-17,3669
INV335095,Street cleaning,Spotless Facility Services Pty Ltd (AU),"$223,051.76",28-Aug-2027,3669
INV335096,Parking technology services,Reino,172075.39 AUD,2025-01-09,3623
INV335097,Civil infrastructure services,Citywide Service Solutions Pty. Ltd.,0.0m,24 July 2026,3665
INV335098,Integrated security services,SHOWTIME EVENT GROUP PTY LTD,"$81,335.05",16 April 2027,3670
INV335099,Civil infrastructure services,Citywide,171446.9,2029-05-06,3665
INV335100,Melbourne Town Hall venue management,Showtime Event Group Pty Ltd,0.2m,04/04/2028,3670
INV335101,Tree management maintenance services,CITYWIDE SERVICE SOLUTIONS PTY LTD,232544.59,08/06/2027,3678
INV335102,Open spaces management - region 1,Citywide Service Solutions Pty Ltd,38619.05,2028-01-28,3676
INV335103,Open spaces management - region 2,SEiCO,"$173,728.37",2029-11-08,3677
INV335104,Tree management maintenance services,CitywideServiceSolutionsPtyLtd,27257.35,28/10/08,3678
INV335105,Parking technology services,Reino Internatibnal Pty Ltd T/A Duncan Solutions,0.1m,2026-12-29,3623
INV335106,Building maintenance services,Programmed Facility Management Pty Ltd,230201.49 AUD,25/09/05,3630
INV335107,Parking technology services,Reino International Pty Ltd T/A Duncan Solutions (AU),0.1m,09/04/2029,3623
INV335108,Building cleaning services,Menzies International (Aust) Pty Ltd,47479.51,08-Dec-2025,3634
INV335109,Melbourne Town Hall venue management,Showtime Event Group P/L,"$60,042.81",2029-05-08,3670
INV335110,Tree management maintenance services,Citywide Service Sklutions Pty Ltd,0.0m,02/04/2029,3678
INV335111,Integrated security services,National Protective Services P/L,"$106,919.51",22 February 2026,3686
INV335112,Integrated security services,NationalProtectiveServicesPtyLtd,134684.49,2026-03-21,3686
INV335113,Building maintenance services,Programmed Facility Management Pty Ltd (AU),211634.96,24/02/2025,3630
INV335114,Integrated security services,National Protectiv,85283.77 AUD,20-Dec-2026,3686
INV335115,Building cleaning services,Menzies Intl (Aust) Pty Ltd,"$172,522.26",27/10/06,3634
INV335116,Tree management maintenance services,Citywide Service Solutions Pty Ltd (AUS),153886.33 AUD,12/05/2028,3678
INV335117,Vehicle tow away and impound services,Nationwide Towing Services (AU),17399.75,12/10/2026,3585
INV335118,Open spaces management - region 2,National Protective Services Pty Ltd,149957.2,2028-09-07,3686
INV335119,Vehicle tow away and impound services,Nationwide,50403.44,2026-04-27,3585
INV335120,Tree management maintenance services,Citywide Service ,"$40,218.78",2029-06-27,3678
INV335121,Integrated security services,National Protective Services Pty Ltd,163237.6,2029-03-08,3686
INV335122,Tree management maintenance services,Citywide Service ,"$12,219.11",07/02/2025,3678
INV335123,Integrated security services,national protective services pty ltd,183655.53,26/04/2027,3686
INV335124,Graffiti management and pressure cleaning services,Calcorp Services Pty Ltd (AUS),"$83,705.31",2028-07-15,3668
INV335125,Building cleaning services,Menzies  International  (Aust)  Pty  Ltd,30697.18,17/08/2028,3634
INV335126,Tree management maintenance services,Citywide  Service  Solutions  Pty  Ltd,157930.74,2029-07-01,3678
INV335127,Street cleaning,Spotless Facility Services Pty Ltd (AUS),108452.21,06/01/2025,3669
INV335128,Open spaces management - region 2,SERCO,142463.27,02-Feb-2029,3677
INV335129,Integrated security services,National,2089.82 AUD,16/11/2025,3686
INV335130,Civil infrastructure services,Citywide Service Solutionb Pty Ltd,"$102,986.6",2028-01-12,3665
INV335131,Civil infrastructure services,Citywide Service Solutions Pty Ltd,242455.53,11/08/2028,3665
INV335132,Integrated security services,National Protective Services Pty Ltd,41944.08 AUD,2028-10-22,3686
INV335133,Vehicle tow away and impound services,Nationwide  Towing  Services,"$6,738.3",20/09/2025,3585
INV335134,Graffiti management and pressure cleaning services,calcorp services pty ltd,2652.46 AUD,08/04/2027,3668
INV335135,Melbourne Town Hall venue management,Showtime Event Group Pty Ltd,16884.59,25/03/17,3670
INV335136,Civil infrastructure services,Citywide Service ,"$162,520.52",07/08/2025,3665
INV335137,Open spaces management - region 1,Citywide Service Solutions Pty Ltd,109072.23,25/10/2029,3676
INV335138,Management of Active Melbourne recreation facilities,Vbctorian YMCA Community Programming Pty Ltd,27885.18,2029-12-24,3615
INV335139,Graffiti management and pressure cleaning services,Calcorp Services Pty Ltd,242725.1,05/01/2028,3668
INV335140,Building maintenance services,Programmed,"$116,644.12",15-Sep-2029,3630
INV335141,Building maintenance services,Programmed Facility,"$19,438.72",12 August 2029,3630
INV335142,Street cleaning,Spotless  Facility  Services  Pty  Ltd,68527.7,06/11/2029,3669
INV335143,Building cleaning services,menzies international (aust) pty ltd,0.2m,29/01/13,3634
INV335144,Waste management services,Cleanaway Waste Management Limited,227746.62,2028-01-02,3556
INV335145,Melbourne Town Hall venue management,Showtime Event Group P/L,0.0m,28/03/2028,3670
INV335146,Waste management services,Cleanaway Waste Management Limited (AUS),"$189,119.8",12-Apr-2025,3556
INV335147,Street cleaning,SPOTLESS FACILITY SERVICES PTY LTD,0.2m,08 November 2027,3669
INV335148,Graffiti management and pressure cleaning services,Calcorp,137153.94,03/04/2029,3668
INV335149,Integrated security services,National Protective Services P/L,159043.19,21-Nov-2025,3686
INV335150,Vehicle tow away and impound services,Nationwide,"$155,921.16",09/03/2029,3585
INV335151,Street cleaning,SpotlessFacilityServicesPtyLtd,0.2m,22/11/2027,3669
INV335152,Open spaces management - region 2,SERCO,0.1m,17/09/2029,3677
INV335153,Open spaces management - region 1,Citywide Service Solutions Pty Ltd (AU),22521.22 AUD,30/05/2028,3676
INV335154,Graffiti management and pressure cleaning services,calcorp services pty ltd,"$85,329.73",07-Jan-2025,3668
INV335155,Building cleaning services,menzies international (aust) pty ltd,"$2,942.79",27/01/13,3634
INV335156,Graffiti management and pressure cleaning services,Calcorp Serv,244455.43,18/08/2028, 
INV335157,Melbourne Town Hall venue management,Showtime Event Group Pty Ltd,194191.8,2026-08-01,3670
INV335158,Open spaces management - region 1,Citywide Service Solutions Pty Ltd,136824.58,19/10/2029,3676
INV335159,Building maintenance services,Programmed Facility Management Pty Ltd,198888.95,20/05/2028,3630
INV335160,Melbourne Town Hall venue management,Showtime Event Group Pty Ltd,125534.94,08/12/2028,3670
INV335161,Civil infrastructure services,Citywide Service ,,2027-06-17,3665
INV335162,Melbourne Town Hall venue management,ShowtimeEventGroupPtyLtd,0.2m,05-Mar-2028,3670
INV335163,Vehicle tow away and impound services,nationwide towing services,0.0m,2025-01-20,3585
INV335164,Management of Active Melbourne recreation facilities,Victorian YMCA Community Programming Pty Ltd,64591.34,29/07/24,3615
INV335165,Building maintenance services,Programmed Facility Mgmt Pty Ltd,198683.38 AUD,28/01/13,3630
INV335166,Building maintenance services,programmed facility management pty ltd,"$130,932.15",18 December 2029,3630
INV335167,Waste management services,SpotlessjFacility Services Pty Ltd,182130.9,10/01/2025,3669
INV335168,Integrated security services,National,144933.72,11/04/2027,3686
INV335169,Melbourne Town Hall venue management,Showtime Event Group Pty. Ltd.,"$211,888.45",30 March 2025,3670
INV335170,Graffiti management and pressure cleaning services,Calcorp Services Pty Ltd (AUS),145728.44 AUD,02 August 2026,3668
INV335171,Civil infrastructure services,Citywide Service Solutions P/L,51401.17,24-May-2026,3665
INV335172,Building maintenance services,Programmed Facility Management P/L,142683.8 AUD,20 September 2026,3630
INV335173,Melbourne Town Hall venue management,Showtime,32464.81,2025-11-25,3670
INV335174,Waste management services,cleanaway waste management limited,122047.68,09/11/2025,3556
INV335175,Building cleaning services,Menzies Int’l (Aust) Pty Ltd,60814.6,12-Feb-2028,3634
INV335176,Civil infrastructure services,Citywide Service Solutions Pty Ltd,130231.7,2027-04-29,3665
INV335177,Open spaces management - region 2,SERCO (AU),123446.03 AUD,04/10/2029,3677
INV335178,Parking technology services,Reino International Pty Ltd T/A Duncan Solutions,80449.14,2027-04-08,3623
INV335179,Street cleaning,Spotless Facility Seriices Pty Ltd,0.1m,15-Apr-2028,3669
INV335180,Integrated security services,National,130030.89 AUD,10-May-2027,3686
INV335181,Waste management services,Cleanaway Waste Management Limited (AUS),125613.04 AUD,23/11/2025, 
INV335182,Waste management services,Cleanaway Waste Management Limyted,33696.75 AUD,27/09/28,3556
INV335183,Vehicle tow away and impound services,Nationwide To,"$138,633.92",04-Mar-2028,3585
INV335184,Melbourne Town Hall venue management,Showtime Event Group Pty Ltd,60452.52,26/05/2027,3670
INV335185,Civil infrastructure services,CITYWIDE SERVICE SOLUTIONS PTY LTD,175965.49,15-Jun-2026,3665
INV335186,Management of Active Melbourne recreation facilities,VICTORIAN YMCA COMMUNITY PROGRAMMING PTY LTD,0.2m,26/12/2029,3615
INV335187,Graffiti management and pressure cleaning services,Calcorp Services Pty Ltd,0.1m,27/06/01,3668
INV335188,Tree management maintenance services,Citywide Service Solutions Pty Ltd,153776.01 AUD,2029-02-05,3678
INV335189,Open spaces management - region 1,Citywide Service ,249741.9 AUD,22/07/2025,3676
INV335190,Building maintenance services,Programmed Facility Management Pty Ltd,0.1m,22/07/2025,3630
INV335191,Integrated security services,National Protective Services Pty Ltd,0.2m,17/03/2029,3686
INV335192,Parking technology services,Reino International Pty Ltd T/A Duncan Solutions,0.2m,12 July 2027,3623
INV335193,Open spaces management - region 2,SERCO,0.1m,2028-12-03,3677
INV335194,Open spaces management - region 2,SERCO,0.1m,13 May 2028,3677
INV335195,Civil infrastructure services,Citywide  Service  Solutions  Pty  Ltd,"$156,417.99",21 April 2029,3665
INV335196,Civil infrastructure services,Citywide Service Solutions Pty Ltd (AU),102909.23,24/06/2028,3665
INV335197,Graffiti management and pressure cleaning services,Calcorp,"$59,785.46",27/11/05,3668
INV335198,Civil infrastructure services,Citywide Service Solutions Pty Ltd,0.0m,05-Nov-2029,3665
INV335199,Management of Active Melbourne recreation facilities,Victorian YMCA Communi,105241.83 AUD,06-Aug-2027,3615
INV335200,Open spaces management - region 2,Serco,"$97,262.71",31 August 2027,3677
INV335201,Vehicle tow away and impound services,NATIONWIDE TOWING SERVICES,"$221,976.53",14 July 2028,3585
INV335202,Open spaces management - region 2,SERCO (AUS),"$162,548.27",05/08/2026,3677
INV335203,Management of Active Melbourne recreation facilities,VictorianYMCACommunityProgrammingPtyLtd,"$210,250.32",2027-04-22,3615
INV335204,Open spaces management - region 1,Citywide Service Solutions Pty. Ltd.,"$226,183.6",2028-12-10,3676
INV335205,Building maintenance services,Programmed Facility,1536.53,31-Jul-2027,3630
INV335206,Building cleaning services,Menzies,162094.66,05/12/2028,3634
INV335207,Tree management maintenance services,Citywide Service Solutions Pty Ltd,25171.26,26/08/11,3678
INV335208,Melbourne Town Hall venue management,Showtime Event Group Pty Ltd,240113.25,24/01/2028,3670
INV335209,Civil infrastructure services,Citywide Service Solutions Pty Ltd (AUS),246144.19,2026-09-06,3665
INV335210,Melbourne Town Hall venue management,Showtime,144152.34,17/04/2029,3670
INV335211,Graffiti management and pressure cleaning services,calcorp services pty ltd,100516.74,01-Jul-2029,3668
INV335212,Building cleaning services,Menzies Internatio,122646.35,27/02/18,3634
INV335213,Integrated security services,National Protective Services P/L,148408.56 AUD,2027-12-15,3686
INV335214,Open spaces management - region 2,SERCO (AU),103221.64,29 June 2026, 
INV335215,Building cleaning services,Menzies International (Aust) Pty Ltd (AUS),249379.38,03 April 2029,3634
INV335216,Vehicle tow away and impound services,Nationwide Towing Services (AU),0.2m,16/11/2026,3585
INV335217,Building cleaning services,Menzies International (Aust) Pty. Ltd.,97397.98,27/11/09,3634
INV335218,Building cleaning services,Menzies Intl (Aust) Pty Ltd,0.1m,26 March 2025,3634
INV335219,Street cleaning,SpotlessFacilityServicesPtyLtd,"$198,818.16",25 July 2029,3669
INV335220,Graffiti management and pressure cleaning services,Calcorp Services Pty. Ltd.,0.2m,26/04/07,3668
INV335221,Parking technology services,Reino International P/L T/A Duncan Solutions,"$191,864.95",13-Aug-2026,3623
INV335222,Integrated security services,National Protective Services Pty Ltd (AUS),"$227,059.87",26/11/2029,3686
INV335223,Civil infrastructure services,Citywide Service Solytions Pty Ltd,"$84,527.86",07 July 2026,3665
INV335224,Graffiti management and pressure cleaning services,Calcorp Serv,0.2m,30-Nov-2028,3668
INV335225,Street cleaning,Spotlgss Facility Services Pty Ltd,71291.67 AUD,30/11/2026,3669
INV335226,Graffiti management and pressure cleaning services,Calcorp  Services  Pty  Ltd,83315.84 AUD,08/04/2027,3668
INV335227,Graffiti management and pressure cleaning services,Calcorp  Services  Pty  Ltd,"$147,298.03",11/07/2027,3668
INV335228,Integrated security services,Nationxl Protective Services Pty Ltd,0.1m,2025-11-19,3686
INV335229,Open spaces management - region 1,Citywide Service Solutions P/L,249133.9,22 December 2025,3676
INV335230,Building maintenance services,ProgrammedFacilityManagementPtyLtd,142873.53 AUD,07 November 2028,3630
INV335231,Open spaces management - region 2,SERCO,0.1m,13/10/2027,3677
INV335232,Building cleaning services,Menzies International (Aust) Pty. Ltd.,0.0m,20/08/2026,3634
INV335233,Civil infrastructure services,Citywide Service Solutions Pty Ltd (AUS),241319.41 AUD,27/02/23,3665
INV335234,Tree management maintenance services,Citywide Service Solutions Pty Ltd,95910.12,04-Mar-2025,3678
INV335235,Graffiti management and pressure cleaning services,Calcorp Services Pty Ltd (AU),151384.55,17/08/2028,3668
INV335236,Civil infrastructure services,Citywide  Service  Solutions  Pty  Ltd,"$81,013.35",2029-07-12,3665
INV335237,Civil infrastructure services,Citywide,178856.25,19-Mar-2028,3665
INV335238,Building cleaning services,Menzies International (Aust) Pty Ltd,68533.93,2028-12-10,3634
INV335239,Graffiti management and pressure cleaning services,Calcorp Serv,42555.72,26/05/04,3668
INV335240,Waste management services,Cleanaway  Waste  Management  Limited,"$159,781.78",07-Mar-2028,3556
INV335241,Tree management maintenance services,CitywideServiceSolutionsPtyLtd,,10 May 2027,3678
INV335242,Open spaces management - region 1,CITYWIDE SERVICE SOLUTIONS PTY LTD,0.2m,13/09/2027,3676
INV335243,Civil infrastructure services,Citywide Service Solutions Pty Ltd (AUS),178801.38,15-May-2028,3665
INV335244,Open spaces management - region 2,serco,202474.17,16/04/2028, 
INV335245,Open spaces management - region 1,CITYWIDE SERVICE SOLUTIONS PTY LTD,73321.0 AUD,05/01/2027,3676
INV335246,Integrated security services,National Protective Services Pty Ltd,0.1m,2029-09-23, 
INV335247,Building maintenance services,Programmed Facility Management Pty. Ltd.,17677.13,2028-01-25,3630
INV335248,Graffiti management and pressure cleaning services,ProgrammedFacilityManagementPtyLtd,0.2m,14/07/2027,3630
INV335249,Parking technology services,Reino International Pty Ltd T/A Duncan Solutions (AUS),77842.19,15/12/2025,3623
INV335250,Tree management maintenance services,Citywide Service Solutions Pty Ltd (AU),0.1m,07/03/2026,3678
INV335251,Tree management maintenance services,Citywide  Service  Solutions  Pty  Ltd,0.1m,29/10/15,3678
INV335252,Parking technology services,Reino,0.2m,26/07/11,3623
INV335253,Melbourne Town Hall venue management,Showtime  Event  Group  Pty  Ltd,0.1m,25/07/02,3670
INV335254,Open spaces management - region 2,SERCO,42463.55,29/08/29,3677
INV335255,Waste management services,Cleanaway  Waste  Management  Limited,0.0m,22-Aug-2026,3556
INV335256,Tree management maintenance services,Citywide Service Solutdons Pty Ltd,102429.64,29/08/17,3678
INV335257,Waste management services,Cleanaway Waste Management Limited,121552.17 AUD,23/09/2027,3556
INV335258,Tree management maintenance services,Citywide Service Solutions Pty Ltd (AUS),0.2m,18-Feb-2026,3678
INV335259,Open spaces management - region 1,Citywide Service ,105046.9 AUD,03/06/2026,3676
INV335260,Integrated security services,National Protective Services Pty Ltd (AUS),160030.68,2027-09-10,3686
INV335261,Integrated security services,National Protectiv,64574.01,2028-05-15,3686
INV335262,Graffiti management and pressure cleaning services,calcorp services pty ltd,65790.14,20-May-2025,3668
INV335263,Building maintenance services,Programmed Facility Manafement Pty Ltd,214000.03,26/09/17,3630
INV335264,Vehicle tow away and impound services,Nationwide Towing Services,74336.81 AUD,25/01/23,3585
INV335265,Street cleaning,Spotless,177767.24 AUD,25-Aug-2029,3669
INV335266,Melbourne Town Hall venue management,Showtime Event Group Pty Ltd,0.0m,28/05/2027,3670
INV335267,Waste management services,Cleanaway Waste Management Limited (AU),59436.59,16-Apr-2027,3556
INV335268,Management of Active Melbourne recreation facilities,Victorian YMCA Community Programming Pty Ltd,0.1m,24/03/2028,3615
INV335269,Melbourne Town Hall venue management,Showtime Event Group Pty Ltd,"$128,580.84",26/04/27,3670
INV335270,Tree management maintenance services,Citywide Service ,115789.69,19/07/2027, 
INV335271,Waste management services,Cleanaway Waste M,"$220,645.13",28/12/24,3556
INV335272,Management of Active Melbourne recreation facilities,Victorian YMCA Community Programming Pty Ltd,89056.73,31-May-2029,3615
INV335273,Building cleaning services,Menzies International (Aust) Pty Ltd (AUS),0.0m,04/06/2027,3634
INV335274,Melbourne Town Hall venue management,Showtime Event Group P/L,"$26,926.72",01/03/2025,3670
INV335275,Building maintenance services,ProgrammedFacilityManagementPtyLtd,0.2m,09-Aug-2029,3630
INV335276,Building maintenance services,Programmed Facility Mgmt Pty Ltd,247098.8,18 January 2027,3630
INV335277,Street cleaning,SpotlessFacilityServicesPtyLtd,"$68,114.06",10-Jan-2029,3669
INV335278,Civil infrastructure services,CitywideServiceSolutionsPtyLtd,65346.52 AUD,2026-03-09,3665
INV335279,Management of Active Melbourne recreation facilities,victorian ymca community programming pty ltd,"$175,583.79",05/08/2028,3615
INV335280,Building cleaning services,Menzies International (Aust) Pty Ltd (AUS),107524.46 AUD,2027-03-22,3634
INV335281,Graffiti management and pressure cleaning services,Calcorp Services Pty Ltd,4482.53,2027-11-21,3668
INV335282,Tree management maintenance services,citywide service solutions pty ltd,195127.94 AUD,01/06/2026, 
INV335283,Tree management maintenance services,Citywide Service Solutions P/L,0.2m,19-Mar-2027,3678
INV335284,Parking technology services,Reino International Pty Ltd TaA Duncan Solutions,0.2m,29/10/22,3623
INV335285,Waste management services,Cleanaway  Waste  Management  Limited,0.2m,18/03/2027,3556
INV335286,Building cleaning services,Menzies Internatio,243960.15,29/07/2027,3634
INV335287,Vehicle tow away and impound services,Nationwide Towing Services,0.2m,09/11/2026,3585
INV335288,Integrated security services,National Protective Services Pty Ltd,246512.01,06 March 2028,3686
INV335289,Waste management services,Cleanaway,49499.3,15/11/2027,3556
INV335290,Vehicle tow away and impound services,NationwideTowingServices,"$60,252.03",14/10/2025,3585
INV335291,Waste management services,Cleanaway Waste Management Limited,56301.09 AUD,2027-09-10,3556
INV335292,Open spaces management - region 1,Citywide Service Solutions Pty Ltd,2744.64,25/01/28,3676
INV335293,Open spaces management - region 2,SERCO,204781.53,25/09/16,3677
INV335294,Waste management services,Cleanaway,"$57,850.07",12 January 2027,3556
INV335295,Waste management services,Cleanaway Waste Management Limited,65743.39 AUD,07/06/2026,3556
INV335296,Parking technology services,Cleanaway  Waste  Management  Limited,0.1m,26/07/10,3556
INV335297,Building maintenance services,Programmed Facility,63020.56 AUD,08-Sep-2029,3630
INV335298,Open spaces management - region 2,SpRCO,"$186,742.62",2026-04-28,3677
INV335299,Vehicle tow away and impound services,Nationwide Towing Services (AU),"$17,199.89",29/03/31,3585
INV335300,Building cleaning services,Menzies Internatio,231239.72,28-Aug-2029,3634
INV335301,Building maintenance services,Programmed Facility Mgmt Pty Ltd,125889.23,17-May-2029,3630
INV335302,Vehicle tow away and impound services,Nationwide,70764.56 AUD,2025-02-15,3585
INV335303,Street cleaning,Menzies International (Aust) Pty Ltd,"$126,414.87",17-Aug-2028,3634
INV335304,Waste management services,Cleanaway Waste Management Ltd,"$48,582.72",23-Jun-2029,3556
INV335305,Management of Active Melbourne recreation facilities,Victorian YMCA Community Programming Pty Ltd (AUS),198252.86 AUD,25/08/15,3615
INV335306,Waste management services,CLEANAWAY WASTE MANAGEMENT LIMITED,30178.39 AUD,19/10/2029,3556
INV335307,Integrated security services,National Protectiv,140026.8,27/12/04,3686
INV335308,Open spaces management - region 2,SERCO,24269.51 AUD,23 July 2029,3677
INV335309,Open spaces management - region 2,SERCO,0.2m,27/08/11,3677
INV335310,Building cleaning services,nationwide towing services,35379.28,07/09/2026,3585
INV335311,Civil infrastructure services,Citywide Service Solutions Pty Ltd (AUS),109041.98 AUD,2025-09-13,3665
INV335312,Building maintenance services,Programmed Facility Management Pty Ltd,69923.23 AUD,27/08/2025,3630
INV335313,Open spaces management - region 2,SERrO,26355.23,30/09/2026,3677
INV335314,Open spaces management - region 1,Citywide Service ,53417.84,26/02/01,3676
INV335315,Tree management maintenance services,Citywide Service Solutions Pty Ltd,159000.17,15 February 2025,3678
INV335316,Waste management services,Cleanaway Waste Management Ltd,0.2m,09/08/2026,3556
INV335317,Street cleaning,Spotless Facility Services Pty Ltd,213127.93 AUD,15-Nov-2029,3669
INV335318,Open spaces management - region 2,SERCO,"$73,249.08",26/09/28,3677
INV335319,Civil infrastructure services,Citywide Service Solutions Pty Ltd (AUS),114440.77,2025-04-09,3665
INV335320,Melbourne Town Hall venue management,Showtime Event Group Pty Ltd (AUS),"$14,145.88",14-Jul-2026,3670
INV335321,Management of Active Melbourne recreation facilities,Victorian YMCA Community Programming Pty Ltd (AUS),0.1m,26/04/21,3615
INV335322,Building cleaning services,MenziesInternational(Aust)PtyLtd,"$183,205.97",09 May 2029,3634
INV335323,Graffiti management and pressure cleaning services,Calcorp Services Pty Ltd (AU),200572.38,25/10/2027,3668
INV335324,Parking technology services,ReinoInternationalPtyLtdT/ADuncanSolutions,66165.18,04/04/2025,3623
INV335325,Open spaces management - region 2,serco,240978.51,29/06/12,3677
INV335326,Parking technology services,Reino  International  Pty  Ltd  T/A  Duncan  Solutions,116279.91,24/05/2029,3623
INV335327,Street cleaning,Nationwide  Towing  Services,208882.64 AUD,26/01/27,3585
INV335328,Integrated security services,National,18359.15 AUD,15/09/2026,3686
INV335329,Building cleaning services,Menzies International (Aust) Pty Ltd,0.1m,26-Sep-2026,3634
INV335330,Tree management maintenance services,CitywideServiceSolutionsPtyLtd,101742.65,04/01/2025,3678
INV335331,Parking technology services,REINO INTERNATIONAL PTY LTD T/A DUNCAN SOLUTIONS,0.2m,11/06/2027,3623
INV335332,Integrated security services,National,130299.55 AUD,05 February 2025,3686
INV335333,Open spaces management - region 2,SERCO,23622.51,12-Feb-2025,3677
INV335334,Parking technology services,Reino International Pty Ltd T/A Duncan Solutions,128173.67,07/04/2026,3623
INV335335,Waste management services,Cleanaway  Waste  Management  Limited,0.1m,09 September 2025,3556
INV335336,Integrated security services,National Protective Services P/L,100751.1 AUD,29/08/2027,3686
INV335337,Vehicle tow away and impound services,Nationwide,116727.54 AUD,26/06/06,3585
INV335338,Graffiti management and pressure cleaning services,Calcorp  Services  Pty  Ltd,0.1m,28/08/2025,3668
INV335339,Graffiti management and pressure cleaning services,Calcorp Services Pty Ltd (AUS),13230.3,03/03/2027,3668
INV335340,Building cleaning services,Menzies Internatkonal (Aust) Pty Ltd,215798.83 AUD,15/11/2029,3634
INV335341,Open spaces management - region 2,SERCO,233733.08,17 November 2029,3677
INV335342,Melbourne Town Hall venue management,Showtime Event Group Pty Ltd,0.0m,19 March 2026, 
INV335343,Civil infrastructure services,CitywideServiceSolutionsPtyLtd,209874.39,15/03/2029,3665
INV335344,Management of Active Melbourne recreation facilities,Victorian YMCA Community Programming P/L,91646.76,16/07/2026,3615
INV335345,Melbourne Town Hall venue management,Showtime Event Group P/L,224815.06 AUD,29 July 2026,3670
INV335346,Melbourne Town Hall venue management,showtime event group pty ltd,226157.42,15/09/2025,3670
INV335347,Street cleaning,Spotless Facility Services Pty. Ltd.,"$69,179.26",08/07/2029,3669
INV335348,Parking technology services,Reino International Pty Ltd T/A Duncan Solutions (AU),17695.12,28/08/23,3623
INV335349,Waste management services,Cleanaway Waste Management Limited (AUS),221397.91 AUD,17/03/2026,3556
INV335350,Integrated security services,National  Protective  Services  Pty  Ltd,1225.0,18 January 2025,3686
INV335351,Vehicle tow away and impound services,Nationwide Towing Services (AUS),13168.36 AUD,25/11/08,3585
INV335352,Building maintenance services,Programmed  Facility  Management  Pty  Ltd,"$244,409.83",24 May 2025,3630
INV335353,Civil infrastructure services,Citywide Service ,"$192,380.02",03/04/2025,3665
INV335354,Tree management maintenance services,Citywide Service Solutions Pty Ltd,0.0m,20-Nov-2029,3678
INV335355,Integrated security services,National Protective Services Pty Ltd (AUS),69166.78,19 October 2027,3686
INV335356,Parking technology services,Reino International Pty ,142031.35,02 April 2026,3623
INV335357,Parking technology services,reino international pty ltd t/a duncan solutions,,19/09/2027,3623
INV335358,Parking technology services,Reino International Pty Ltd T/A Duncan Solutions (AUS),,20 May 2028,3623
INV335359,Street cleaning,spotless facility services pty ltd,0.0m,23 April 2027,3669
INV335360,Melbourne Town Hall venue management,Showtime Event Group Pty Ltd,60658.32,15/12/2025,3670
INV335361,Management of Active Melbourne recreation facilities,victorian ymca community programming pty ltd,28505.21 AUD,29/05/18,3615
INV335362,Open spaces management - region 1,Citywide Service Solutions Pty Ltd (AU),209478.87 AUD,2025-02-07,3676
INV335363,Building maintenance services,Programmed Facility Management P/L,"$25,235.27",05-May-2028,3630
INV335364,Parking technology services,ReinoInternationalPtyLtdT/ADuncanSolutions,"$27,904.41",11-Aug-2029,3623
INV335365,Management of Active Melbourne recreation facilities,Cleanaway Waste Management Limited,147511.85,11/02/2025,3556
INV335366,Building cleaning services,MENZIES INTERNATIONAL (AUST) PTY LTD,13571.67,16-May-2026,3634
INV335367,Integrated security services,National Protective Services Pty. Ltd.,87369.7,20/11/2029,3686
INV335368,Melbourne Town Hall venue management,Showtime Event Group Pty Ltd (AU),"$65,143.37",15-Jun-2027,3670
INV335369,Civil infrastructure services,Citywide Service Solutions Pty Ltd,0.1m,2027-07-23,3665
INV335370,Open spaces management - region 2,SERCO,"$246,125.83",07/07/2029,3677
INV335371,Tree management maintenance services,Citywide Service Solutions Pty Ltd,160378.77,26/03/22,3678
INV335372,Open spaces management - region 1,Citywide Service Solutions Pty Ltd (AU),64062.79 AUD,27/02/20,3676
INV335373,Street cleaning,Spotless Facility,0.2m,08/03/2028,3669
INV335374,Melbourne Town Hall venue management,ShowtimeEventGroupPtyLtd,208854.51,27/12/04,3670
INV335375,Management of Active Melbourne recreation facilities,Victorian  YMCA  Community  Programming  Pty  Ltd,82806.36,31/07/2027,3615
INV335376,Parking technology services,Reino Int’l Pty Ltd T/A Duncan Solutions,221206.72 AUD,23/05/2026,3623
INV335377,Vehicle tow away and impound services,nationwide towing services,0.2m,31/01/2029,3585
INV335378,Tree management maintenance services,CITYWIDE SERVICE SOLUTIONS PTY LTD,"$63,935.33",15/01/2025,3678
INV335379,Civil infrastructure services,citywide service solutions pty ltd,0.2m,28/10/2027,3665
INV335380,Street cleaning,Spotless Facility,"$23,736.05",31/01/2025,3669
INV335381,Management of Active Melbourne recreation facilities,Victorian YMCA Community Programming Pty Ltd (AUS),0.1m,13/07/2026, 
INV335382,Tree management maintenance services,Citywide Service Solutions P/L,120238.65,27/05/03,3678
INV335383,Building cleaning services,Citywide Service Solutions Pty Ltd (AU),122449.81,28/04/2027,3678
INV335384,Parking technology services,Reino International Pty Ltd T/A Duncan Solutions,0.1m,20 October 2028,3623
INV335385,Street cleaning,Spotless Facility Services Pty. Ltd.,155757.06 AUD,2028-05-23,3669
INV335386,Parking technology services,Reino International Pty Ltd T/A Duncan Solutions,0.2m,2029-04-21,3623
INV335387,Parking technology services,Reino International Pty Ltd T/A Duncan Solutions,"$111,889.37",07 July 2025,3623
INV335388,Building maintenance services,Programmed Facility Management Pty Ltd,218225.85,08/11/2026,3630
INV335389,Building maintenance services,Programmed Facility Management Pty Ltd,161934.16,05/04/2025,3630
INV335390,Waste management services,Cleanaway,"$71,338.02",17/04/2028, 
INV335391,Graffiti management and pressure cleaning services,SERCO,107422.53,08-Jan-2027,3677
INV335392,Open spaces management - region 2,SERvO,222265.73,28 June 2028,3677
INV335393,Open spaces management - region 1,Citywide Service Solutions Pty Ltd,74351.84,30/12/2025,3676
INV335394,Street cleaning,spotless facility services pty ltd,,24 November 2028,3669
INV335395,Civil infrastructure services,Citywide Service Solutions Pty Ltd,18455.11,25/10/2029,3665
INV335396,Vehicle tow away and impound services,Nationwide,"$224,279.91",2028-11-18,3585
INV335397,Waste management services,Cleanaway,0.0m,31 October 2029,3556
INV335398,Melbourne Town Hall venue management,Showtime Event Group Pty. Ltd.,0.2m,28-Jul-2026,3670
INV335399,Parking technology services,Reino Int’l Pty Ltd T/A Duncan Solutions,"$223,586.89",30 December 2029,3623
INV335400,Melbourne Town Hall venue management,Showtime,"$1,577.34",08/11/2026, 
INV335401,Integrated security services,National Protective Services Pty Ltd,47048.46,30-Sep-2026,3686
INV335402,Waste management services,Cleanaway,"$170,678.81",25/06/23,3556
INV335403,Tree management maintenance services,Citywide Service Solutions Pty Ltd (AU),146108.44,30/08/2025,3678
INV335404,Graffiti management and pressure cleaning services,Calcorp Serv,247463.13 AUD,04/10/2025,3668
INV335405,Building cleaning services,Menzies International (Aust) Pty. Ltd.,38245.36,29/11/2028,3634
INV335406,Building maintenance services,ProgrammedFacilityManagementPtyLtd,,2029-10-04,3630
INV335407,Integrated security services,National Protective Services Pty Ltd,0.2m,2028-01-11,3686
INV335408,Vehicle tow away and impound services,Nationwide Towing Services,"$108,240.56",2026-07-01,3585
INV335409,Vehicle tow away and impound services,Nationwide Towing Services,102747.0,12/04/2026,3585
INV335410,Graffiti management and pressure cleaning services,calcorp services pty ltd,"$85,405.42",2028-07-09,3668
INV335411,Management of Active Melbourne recreation facilities,victorian ymca community programming pty ltd,191096.41 AUD,10/07/2027,3615
INV335412,Vehicle tow away and impound services,Nationwide Towing Services,3697.31 AUD,26 December 2026,3585
INV335413,Building cleaning services,Menzies International (Aust) Pty. Ltd.,21115.95,18/07/2028,3634
INV335414,Open spaces management - region 2,rERCO,202503.5 AUD,09 February 2025,3677
INV335415,Street cleaning,Spotless Facility Services Pty. Ltd.,224913.84 AUD,12-Aug-2028,3669
INV335416,Vehicle tow away and impound services,Nationwide Towing Services (AUS),0.1m,12/07/2028,3585
INV335417,Vehicle tow away and impound services,Nationwice Towing Services,66662.46 AUD,09/11/2025,3585
INV335418,Vehicle tow away and impound services,Nationwide Towing Services (AUS),"$1,157.02",08/02/2028,3585
INV335419,Tree management maintenance services,Citywide Service Solutions Pty Ltc,"$173,058.1",06/04/2028,3678
INV335420,Open spaces management - region 2,SERCO,,30/10/2027,3677
INV335421,Open spaces management - region 2,SERCO (AU),67808.99 AUD,28-Apr-2029,3677
INV335422,Tree management maintenance services,Citywide Service Solutions Pty Ltd,112433.49 AUD,2027-03-06,3678
INV335423,Building maintenance services,PROGRAMMED FACILITY MANAGEMENT PTY LTD,"$195,088.81",27/04/18,3630
INV335424,Building maintenance services,Programmed Facility Management Pty Ltd (AUS),"$130,488.37",01-Sep-2025,3630
INV335425,Waste management services,Cleanaway Waste Management Limited,11872.72 AUD,18/11/2028,3556
INV335426,Open spaces management - region 1,Citywide Service Solutions Pty Ltd,0.0m,11-Aug-2028,3676
INV335427,Building cleaning services,MENZIES INTERNATIONAL (AUST) PTY LTD,"$215,039.7",,3634
INV335428,Management of Active Melbourne recreation facilities,Victorian YMCA Community Programming Pty Ltd (AU),172716.0 AUD,04 March 2027,3615
INV335429,Melbourne Town Hall venue management,Showtime Event Group P/L,123933.45 AUD,26/10/2025,3670
INV335430,Street cleaning,Spotless Facility Services Pty Ltd,103383.67,2027-01-30,3669
INV335431,Melbourne Town Hall venue management,Showtime Event Group Pty Lid,100247.6 AUD,2029-10-28,3670
INV335432,Graffiti management and pressure cleaning services,Calcorp Services P/L,"$8,020.77",01-Sep-2028,3668
INV335433,Building cleaning services,Menzies International (Aust) Pty Ltd,"$137,698.93",07-Mar-2026,3634
INV335434,Tree management maintenance services,Citywide Service Solutions Pty Ltd (AU),"$153,451.21",12-Oct-2025, 
INV335435,Parking technology services,Reino Intl Pty Ltd T/A Duncan Solutions,186022.68,10/04/2029,3623
INV335436,Management of Active Melbourne recreation facilities,VICTORIAN YMCA COMMUNITY PROGRAMMING PTY LTD,0.2m,15/09/2027,3615
INV335437,Management of Active Melbourne recreation facilities,Victorian YMCA Community Programming P/L,108564.0,19-May-2025,3615
INV335438,Waste management services,Cleanaway Waste Management Limited,126340.06,2025-01-28,3556
INV335439,Vehicle tow away and impound services,nationwide towing services,66910.88 AUD,30/01/2025, 
INV335440,Melbourne Town Hall venue management,thowtime Event Group Pty Ltd,0.2m,26 October 2027,3670
INV335441,Vehicle tow away and impound services,Nationlide Towing Services,93351.04,17/04/2029,3585
INV335442,Open spaces management - region 1,Citywide Service Solutions Pty Ltd (AUS),0.0m,28-Jun-2029, 
INV335443,Building cleaning services,menzies international (aust) pty ltd,"$151,177.82",2029-09-27,3634
INV335444,Integrated security services,National Protective Services Pty Ltd (AU),191097.46,11/05/2027,3686
INV335445,Street cleaning,Spotless Facility Services P/L,183049.48,20/06/2028,3669
INV335446,Tree management maintenance services,Citywide  Service  Solutions  Pty  Ltd,0.0m,26-Oct-2029,3678
INV335447,Graffiti management and pressure cleaning services,Calcorp Services Pty Ltd,236010.79,04/08/2025,3668
INV335448,Melbourne Town Hall venue management,Showtime Event Group Pty Ltd (AU),0.0m,28 January 2026, 
INV335449,Open spaces management - region 1,Citywide Service Solutions Pty Ltd,83379.32,2027-03-24,3676
INV335450,Vehicle tow away and impound services,Nationwide Towing Services,0.2m,05 August 2025,3585
INV335451,Graffiti management and pressure cleaning services,CalcorpServicesPtyLtd,0.0m,08/02/2027,3668
INV335452,Vehicle tow away and impound services,Nationwide Towing Services,7902.63 AUD,28/06/2028,3585
INV335453,Street cleaning,Spotless Facility Services Pty Ltd,0.1m,16-Feb-2029,3669
INV335454,Street cleaning,Spotless Facility Services Pty Ltd (AU),0.2m,28/07/06,3669
INV335455,Melbourne Town Hall venue management,ShowtimeEventGroupPtyLtd,215116.59,07-Apr-2028, 
INV335456,Graffiti management and pressure cleaning services,Calcorp Services Pty Ltd (AU),214572.77 AUD,28/11/26,3668
INV335457,Integrated security services,National Protective Services Pty Ltd,0.1m,26/03/18,3686
INV335458,Management of Active Melbourne recreation facilities,qictorian YMCA Community Programming Pty Ltd,169626.03,12/03/2029,3615
INV335459,Building cleaning services,Menzies Int’l (Aust) Pty Ltd,138041.72,19 April 2028,3634
INV335460,Open spaces management - region 2,SERCO,,01 January 2028,3677
INV335461,Graffiti management and pressure cleaning services,Calcorp Szrvices Pty Ltd,21061.01,29/02/26,3668
INV335462,Tree management maintenance services,Citywide,40304.26,18/10/2028,3678
INV335463,Civil infrastructure services,Citywide  Service  Solutions  Pty  Ltd,"$219,239.48",15-Jan-2028,3665
INV335464,Tree management maintenance services,Citywide Service Solutions Pty Ltd,0.1m,15/09/2027,3678
INV335465,Civil infrastructure services,citywide service solutions pty ltd,0.2m,09/08/2027,3665
INV335466,Integrated security services,national protective services pty ltd,0.0m,07/10/2027,3686
INV335467,Open spaces management - region 1,Citywide Service Solutions Pty. Ltd.,57019.63,2027-12-12,3676
INV335468,Tree management maintenance services,Citywide Service Solutions Pty Ltd (AUS),201463.44 AUD,05 July 2025,3678
INV335469,Waste management services,Cleanaway  Waste  Management  Limited,27990.54,05/06/2027,3556
INV335470,Graffiti management and pressure cleaning services,Calcorp Services Pty Ltd,69183.44 AUD,09/05/2027,3668
INV335471,Waste management services,Cleanaway Waste Management LTD,230589.27 AUD,11 March 2025,3556
INV335472,Street cleaning,Spotless,"$176,946.05",13-Nov-2029, 
INV335473,Waste management services,Cleanaway Waste Management Limited (AUS),196339.3,26/11/10,3556
INV335474,Open spaces management - region 2,SERCO,147499.55,15-Mar-2027,3677
INV335475,Management of Active Melbourne recreation facilities,Victorian YMCA Community Programming Pty Ltd,226003.07,07/10/2026,3615
INV335476,Tree management maintenance services,Citywide,0.2m,27/02/17,3678
INV335477,Tree management maintenance services,Citywide Service Solutions P/L,"$99,885.72",2029-03-22,3678
INV335478,Melbourne Town Hall venue management,ShowtimeEventGroupPtyLtd,65065.92 AUD,31 August 2027,3670
INV335479,Open spaces management - region 2,SERCO,"$154,011.84",2026-04-25,3677
INV335480,Tree management maintenance services,Citywide  Service  Solutions  Pty  Ltd,86498.18,05/07/2025,3678
INV335481,Melbourne Town Hall venue management,SHOWTIME EVENT GROUP PTY LTD,95629.89,04 December 2028,3670
INV335482,Civil infrastructure services,Citywide Service ,137146.96 AUD,30/08/2028,3665
INV335483,Street cleaning,Spotless Facility Services P/L,"$26,728.68",13-Jul-2029,3669
INV335484,Integrated security services,National  Protective  Services  Pty  Ltd,161176.47,12-Apr-2026,3686
INV335485,Integrated security services,NationalProtectiveServicesPtyLtd,"$166,833.51",23/01/2029,3686
INV335486,Civil infrastructure services,Citywide Service Solutions Pty Ltd (AU),,25/01/2029,3665
INV335487,Management of Active Melbourne recreation facilities,Victorian YMCA Community Programming Pty Ltd,151607.9 AUD,20 May 2028, 
INV335488,Integrated security services,national protective services pty ltd,222149.95,2025-02-03,3686
INV335489,Building cleaning services,Menzies Intl (Aust) Pty Ltd,147963.45 AUD,29/11/14,3634
INV335490,Graffiti management and pressure cleaning services,Calcorp Serv,238958.47,07/04/2028,3668
INV335491,Vehicle tow away and impound services,nationwide towing services,7042.76,05/11/2028,3585
INV335492,Open spaces management - region 2,SERCO (AUS),213121.47,24/03/2027,3677
INV335493,Open spaces management - region 1,citywide service solutions pty ltd,2086.63 AUD,23 August 2027,3676
INV335494,Waste management services,Cleanaway Waste M,"$245,744.87",11-Feb-2029,3556
INV335495,Open spaces management - region 1,Citywide Service Solutions Pty Ltd,26478.73,04 September 2026,3676
INV335496,Building maintenance services,Programmed Facility Management Pty Ltd,148726.03,28/12/10,3630
INV335497,Street cleaning,Spotless Facility Services Pty Ltd,0.2m,13-Jul-2027,3669
INV335498,Vehicle tow away and impound services,nationwide towing services,121048.75,06-Mar-2025,3585
INV335499,Vehicle tow away and impound services,nationwide towing services,239190.59,31-Jan-2027,3585
INV335500,Melbourne Town Hall venue management,Showtime Event Group Pty Ltd (AUS),"$118,912.93",13/10/2025,3670
INV335501,Building maintenance services,Programmed Facility Mgmt Pty Ltd,69435.78,31 January 2025,3630
INV335502,Tree management maintenance services,CitywideServiceSolutionsPtyLtd,20054.0,20/12/2027,3678
INV335503,Integrated security services,National Protective Services Pty Ltd,"$30,675.89",07/01/2026,3686
INV335504,Waste management services,Cleanaway Waste Management Ltd,124517.08 AUD,11-Apr-2028,3556
INV335505,Open spaces management - region 1,Citywide Service Solutions P/L,228822.2,01/12/2026,3676
INV335506,Melbourne Town Hall venue management,Showtime Event,33392.1,18 December 2025,3670
INV335507,Integrated security services,Netional Protective Services Pty Ltd,"$198,608.04",25/06/11,3686
INV335508,Parking technology services,Reino  International  Pty  Ltd  T/A  Duncan  Solutions,177315.34,25/08/10,3623
INV335509,Graffiti management and pressure cleaning services,Calcorp Services Pty Ltd,136812.87,14/02/2027,3668
INV335510,Waste management services,Calcorp  Services  Pty  Ltd,"$235,014.25",2029-10-06,3668
INV335511,Civil infrastructure services,CITYWIDE SERVICE SOLUTIONS PTY LTD,157948.86,09/01/2027,3665
INV335512,Graffiti management and pressure cleaning services,Calcorp Services Pty Ltd,0.1m,15-Jun-2026,3668
INV335513,Building maintenance services,ProgrammedFacilityManagementPtyLtd,"$46,005.27",11 February 2027,3630
INV335514,Building maintenance services,programmed facility management pty ltd,218544.63,27/10/26,3630
INV335515,Civil infrastructure services,Citywide Service ,247748.32,26/04/03,3665
INV335516,Civil infrastructure services,Citywide,140788.19 AUD,17-May-2025,3665
INV335517,Tree management maintenance services,citywide service solutions pty ltd,"$245,549.3",25/07/2029,3678
INV335518,Graffiti management and pressure cleaning services,Calcorp Services Pty. Ltd.,45998.6,13/12/2027,3668
INV335519,Vehicle tow away and impound services,NationwideTowingServices,0.2m,17 May 2027,3585
INV335520,Waste management services,Cleanaway  Waste  Management  Limited,43108.54,29/11/29,3556
INV335521,Integrated security services,National Protective Services Pty Ltd (AU),"$130,409.45",25/11/01,3686
INV335522,Street cleaning,Spotless Facility Services Pty Ltd,60965.56 AUD,03-May-2027,3669
INV335523,Open spaces management - region 2,SERCg,71647.26,13-Apr-2027, 
INV335524,Graffiti management and pressure cleaning services,Calcorp Services Pty Ltd,"$141,619.29",25/04/01,3668
INV335525,Waste management services,Cleanaway Waste Management Ltd,"$97,699.57",2027-10-08,3556
INV335526,Parking technology services,Reino,4356.14,18 October 2027,3623
INV335527,Vehicle tow away and impound services,NationwideTowingServices,"$188,101.51",25/08/07,3585
INV335528,Waste management services,Cleanaway Waste M,"$187,271.99",2025-10-21,3556
INV335529,Waste management services,Cleanaway  Waste  Management  Limited,248185.0,07/01/2029,3556
INV335530,Management of Active Melbourne recreation facilities,victorian ymca community programming pty ltd,230128.58 AUD,14/01/2029,3615
INV335531,Melbourne Town Hall venue management,Showtime,234170.51,2025-03-26,3670
INV335532,Open spaces management - region 2,serco,0.1m,2025-01-25,3677
INV335533,Tree management maintenance services,Citywide Service Solutions Pty. Ltd.,0.2m,22/01/2028,3678
INV335534,Building cleaning services,Menzies International (Aust) Pty Ltd (AU),196915.28,19/04/2028,3634
INV335535,Civil infrastructure services,Citywide Service Solutions Pty Ltd (AU),233082.16 AUD,15 September 2029,3665
INV335536,Melbourne Town Hall venue management,Showtime Event Group Pty. Ltd.,0.2m,04-Feb-2025,3670
INV335537,Building cleaning services,Menztes International (Aust) Pty Ltd,60372.05,04/05/2026,3634
INV335538,Graffiti management and pressure cleaning services,CALCORP SERVICES PTY LTD,71737.82 AUD,2025-03-04,3668
INV335539,Vehicle tow away and impound services,Nationwide Towing Sexvices,211884.38,28/08/21,3585
INV335540,Street cleaning,Showtime Event Group P/L,26647.84,07-Oct-2029,3670
INV335541,Open spaces management - region 2,SERCO (AUS),225535.21 AUD,27/08/07,3677
INV335542,Civil infrastructure services,Citywide Service Solutions Pty Ltd,104260.69,27/02/01,3665
INV335543,Civil infrastructure services,CITYWIDE SERVICE SOLUTIONS PTY LTD,0.2m,26/04/01,3665
INV335544,Open spaces management - region 1,CitywideServiceSolutionsPtyLtd,96894.12 AUD,21-Apr-2025,3676
INV335545,Civil infrastructure services,Citywide Service Solutions Pty Ltd (AUS),129619.16,07-Jul-2027,3665
INV335546,Building cleaning services,Menzies International (Aust) Pty Ltd,17983.36,28/07/18,3634
INV335547,Vehicle tow away and impound services,Nationwide  Towing  Services,59238.82,2027-01-08,3585
INV335548,Open spaces management - region 1,Citywide  Service  Solutions  Pty  Ltd,8985.96,04/05/2029,3676
INV335549,Graffiti management and pressure cleaning services,Calcorp Services Pty. Ltd.,143979.55,10 October 2025,3668
INV335550,Building maintenance services,programmed facility management pty ltd,118734.87,2027-11-23,3630
INV335551,Open spaces management - region 1,Citywide Service ,"$68,072.91",22/02/2025,3676
INV335552,Open spaces management - region 1,Citywide,132214.12,07/07/2029,3676
INV335553,Melbourne Town Hall venue management,SHOWTIME EVENT GROUP PTY LTD,0.2m,18-May-2026,3670
INV335554,Open spaces management - region 1,Citywide Service Solutions P/L,0.2m,28/05/2027,3676
INV335555,Graffiti management and pressure cleaning services,CALCORP SERVICES PTY LTD,207974.09,10/10/2027,3668
INV335556,Civil infrastructure services,Citywide  Service  Solutions  Pty  Ltd,"$248,100.93",27/10/2029,3665
INV335557,Open spaces management - region 1,Citywide Service Solutions Pty. Ltd.,,03/07/2028,3676
INV335558,Parking technology services,Reino,46121.34 AUD,10/04/2028,3623
INV335559,Tree management maintenance services,Cptywide Service Solutions Pty Ltd,66653.06,11-Mar-2025,3678
INV335560,Building cleaning services,Menzies International aAust) Pty Ltd,152295.56,17/08/2026,3634
INV335561,Open spaces management - region 1,Citywide Service Solutions Pty Ltd,0.0m,2027-10-05,3676
INV335562,Building cleaning services,Menzies Int’l (Aust) Pty Ltd,3918.74,03 February 2026,3634
INV335563,Graffiti management and pressure cleaning services,CALCORP SERVICES PTY LTD,169810.29,2025-04-06,3668
INV335564,Building cleaning services,MENZIES INTERNATIONAL (AUST) PTY LTD,185900.38,09 September 2029,3634
INV335565,Integrated security services,national protective services pty ltd,62979.85 AUD,2026-08-18,3686
INV335566,Integrated security services,Natronal Protective Services Pty Ltd,54039.8,29/04/12,3686
INV335567,Building cleaning services,Menzies Internatio,77126.03 AUD,2026-07-07,3634
INV335568,Tree management maintenance services,Citywide Service Solutions Pty Ltd (AUS),"$3,209.24",08-Mar-2027,3678
INV335569,Civil infrastructure services,Citywide  Service  Solutions  Pty  Ltd,79031.95,27/06/2027,3665
INV335570,Open spaces management - region 1,CitywideServiceSolutionsPtyLtd,54305.89,16/10/2029,3676
INV335571,Civil infrastructure services,CITYWIDE SERVICE SOLUTIONS PTY LTD,172597.3 AUD,14 January 2025,3665
INV335572,Waste management services,Cleanaway Waste Management Limited (AUS),"$35,252.35",2027-09-14,3556
INV335573,Building cleaning services,Menzies Internatio,0.2m,2027-04-15,3634
INV335574,Building maintenance services,Calcorp  Services  Pty  Ltd,40530.45 AUD,25-May-2026,3668
INV335575,Graffiti management and pressure cleaning services,calcorp services pty ltd,123436.59,01 June 2028,3668
INV335576,Integrated security services,Cleanaway Waste Management Ltd,204466.85 AUD,2029-06-23,3556
INV335577,Vehicle tow away and impound services,Nationwide To,34557.5,01 January 2030,3585
INV335578,Open spaces management - region 1,CitywideServiceSolutionsPtyLtd,216601.44,04/06/2026,3676
INV335579,Open spaces management - region 1,Citywide Service Solutions Pty Ltd (AUS),45535.56 AUD,31/01/2025,3676
INV335580,Management of Active Melbourne recreation facilities,Victorian YMCA Community Programming Pty Ltd,56971.23,04 March 2025,3615
INV335581,Building cleaning services,MENZIES INTERNATIONAL (AUST) PTY LTD,80700.79,11 December 2025,3634
INV335582,Management of Active Melbourne recreation facilities,Victorian YMCA Community Programming Pty Ltd,,28/03/2026,3615
INV335583,Waste management services,Cleanaway Waste Management Limited,"$120,683.79",25/06/2025,3556
INV335584,Civil infrastructure services,Citywide Service Solutions P/L,196338.05,08/08/2029,3665
INV335585,Tree management maintenance services,Citywide Service Solutions Pty. Ltd.,170447.21 AUD,06 October 2027,3678
INV335586,Civil infrastructure services,Citywide Service ,"$126,915.63",,3665
INV335587,Management of Active Melbourne recreation facilities,Victorian YMCA Community Programming Pty Ltd,23952.1,18/09/2026,3615
INV335588,Street cleaning,REINO INTERNATIONAL PTY LTD T/A DUNCAN SOLUTIONS,11739.94,03-Nov-2025,3623
INV335589,Open spaces management - region 1,SERCO (AUS),0.2m,10 June 2028,3677
INV335590,Parking technology services,reino international pty ltd t/a duncan solutions,79214.23 AUD,28/06/22,3623
INV335591,Waste management services,Cleanaway Waste Management Limited,224875.43 AUD,05/09/2028,3556
INV335592,Waste management services,Cleanaway  Waste  Management  Limited,0.2m,22/04/2025,3556
INV335593,Melbourne Town Hall venue management,Showtime Event Group Pty Ltd,,22/11/2025,3670
INV335594,Open spaces management - region 2,SERCO (AU),19863.94,2025-06-04,3677
INV335595,Melbourne Town Hall venue management,Showtime  Event  Group  Pty  Ltd,165079.65 AUD,12 July 2029,3670
INV335596,Graffiti management and pressure cleaning services,Programmed Facility,130073.31,15 June 2027,3630
INV335597,Building maintenance services,Programmed Facility Management Pty Ltd (AUS),0.0m,08/08/2027,3630
INV335598,Parking technology services,Reino  International  Pty  Ltd  T/A  Duncan  Solutions,4880.25,,3623
INV335599,Waste management services,cleanaway waste management limited,68762.34,15/06/2027, 
INV335600,Tree management maintenance services,Citywide Service Solutions P/L,0.1m,13 December 2028,3678
INV335601,Building cleaning services,Menzies International (Aust) Pty. Ltd.,"$103,673.42",16 October 2029,3634
INV335602,Management of Active Melbourne recreation facilities,Victorian YMCA Communi,0.0m,05 July 2027,3615
INV335603,Street cleaning,Spotless Facility Services Pty Ltd,135067.11,27/08/17,3669
INV335604,Vehicle tow away and impound services,nationwide towing services,192546.96,27/08/29, 
INV335605,Street cleaning,Spotless Facility Services Pty Ltd (AU),0.1m,2027-09-16,3669
INV335606,Street cleaning,Spotless Facility Services Pty Ltd,"$167,048.52",02-Nov-2028,3669
INV335607,Melbourne Town Hall venue management,Showtime Event Group Pty Ltd,31696.62,09/01/2027,3670
INV335608,Tree management maintenance services,Citywide Service Solutions Pty. Ltd.,0.1m,12-May-2029,3678
INV335609,Tree management maintenance services,CitywideServiceSolutionsPtyLtd,0.1m,10/10/2027,3678
INV335610,Integrated security services,Menzies International (Aust) Pty Ltd (AU),122273.82,29/05/15,3634
INV335611,Parking technology services,Reino International Pty Ltd T/A Duncan Solutions (AUS),229204.75,23-Feb-2029,3623
INV335612,Building maintenance services,Programmed  Facility  Management  Pty  Ltd,50302.86,26/12/2026,3630
INV335613,Building cleaning services,Menzies Internatio,28329.55 AUD,28/10/2025,3634
INV335614,Tree management maintenance services,CITYWIDE SERVICE SOLUTIONS PTY LTD,234675.14,25/03/2028,3678
INV335615,Parking technology services,Reino International Pty Ltd T/A Duncan Solutions,48541.71,31-Oct-2027,3623
INV335616,Civil infrastructure services,Cimywide Service Solutions Pty Ltd,0.1m,14-May-2025,3665
INV335617,Graffiti management and pressure cleaning services,calcorp services pty ltd,0.1m,24-Oct-2027,3668
INV335618,Open spaces management - region 2,SERCO (AU),"$82,296.04",2029-12-01,3677
INV335619,Building cleaning services,Menzies International (Aust) Pty Ltd,220275.82,03/11/2028,3634
INV335620,Open spaces management - region 2,serco,107544.36,02/02/2029,3677
INV335621,Waste management services,Cleanaway  Waste  Management  Limited,43170.44,28/11/22,3556
INV335622,Building maintenance services,Programmed Facility Management Pty Ltd,141174.43,24-Aug-2027,3630
INV335623,Integrated security services,National Protective Services Pty Ltd,157510.22,28/07/04,3686
INV335624,Open spaces management - region 2,SERoO,"$33,464.8",22 March 2029,3677
INV335625,Management of Active Melbourne recreation facilities,Victorian YMCA Community Programming P/L,24618.34,11/02/2028, 
INV335626,Building maintenance services,PROGRAMMED FACILITY MANAGEMENT PTY LTD,1349.69,28/06/29,3630
INV335627,Graffiti management and pressure cleaning services,Calcorp Services Pty Ltd (AU),"$56,391.35",2029-12-03,3668
INV335628,Graffiti management and pressure cleaning services,Calcorp Services P/L,222138.45,10 October 2025,3668
INV335629,Management of Active Melbourne recreation facilities,Victorian YMCA Community Programming P/L,"$95,480.92",13-Dec-2025,3615
INV335630,Integrated security services,National Protective Services P/L,"$164,823.57",25/04/21,3686
INV335631,Building maintenance services,Programmed Facility Mgmt Pty Ltd,83732.39,14/05/2026,3630
INV335632,Parking technology services,Reino International Pty. Ltd. T/A Duncan Solutions,0.2m,25/10/12,3623
INV335633,Parking technology services,Reino International Pty Ltd T/A Duncan Solutions,0.2m,2027-03-11,3623
INV335634,Open spaces management - region 1,Citywide  Service  Solutions  Pty  Ltd,30873.81,27/04/2026,3676
INV335635,Civil infrastructure services,Citywide Service Solutions Pty jtd,178270.45,25/03/02,3665
INV335636,Tree management maintenance services,Citywide Service Solutions Pty Ltd,47010.27 AUD,05/08/2026,3678
INV335637,Parking technology services,Reino,211239.28,23/02/2026,3623
INV335638,Integrated security services,National Protective Services Pty Ltd,"$148,437.23",2027-11-06,3686
INV335639,Open spaces management - region 1,Citywide  Service  Solutions  Pty  Ltd,61914.78,18 May 2028,3676
INV335640,Open spaces management - region 2,serco,23922.28 AUD,20/08/2028,3677
INV335641,Melbourne Town Hall venue management,Showtime  Event  Group  Pty  Ltd,190222.53 AUD,08 April 2028,3670
INV335642,Street cleaning,spotless facility services pty ltd,151628.29,14/07/2028,3669
INV335643,Street cleaning,Spotless Facility Services P/L,"$21,737.98",22/02/2025,3669
INV335644,Melbourne Town Hall venue management,Showtime Event,0.2m,04 July 2027,3670
INV335645,Street cleaning,Spotless,0.2m,30/11/2028,3669
INV335646,Vehicle tow away and impound services,Nationwide Towing Services,123661.64,26/03/15,3585
INV335647,Vehicle tow away and impound services,NationwideTowingServices,55892.08 AUD,10/03/2029,3585
INV335648,Building maintenance services,programmed facility management pty ltd,0.0m,26/02/2029,3630
INV335649,Open spaces management - region 1,Citywide Service Solutions P/L,82150.83,2028-07-05,3676
INV335650,Management of Active Melbourne recreation facilities,Victorian YMCA Communi,0.1m,2026-01-12,3615
INV335651,Waste management services,cleanaway waste management limited,156102.49,17-Dec-2028,3556
INV335652,Open spaces management - region 2,SERCO,232792.14,23-Jun-2026,3677
INV335653,Street cleaning,spotless facility services pty ltd,"$152,682.4",27-Feb-2029,3669
INV335654,Building cleaning services,Mejzies International (Aust) Pty Ltd,174091.63,26/10/08,3634
INV335655,Open spaces management - region 1,Citywide Service Solutions P/L,176933.87,11/03/2029,3676
INV335656,Vehicle tow away and impound services,NATIONWIDE TOWING SERVICES,19662.0,07/12/2025,3585
INV335657,Open spaces management - region 1,Citywide Service Solutions Pty Ltd,0.0m,14/04/2026,3676
INV335658,Integrated security services,national protective services pty ltd,"$47,780.75",29/06/18,3686
INV335659,Vehicle tow away and impound services,Nationwide Towing Services,23521.34 AUD,2025-09-13,3585
INV335660,Building cleaning services,Menzies International (Aust) Pty. Ltd.,"$57,347.18",28/04/2028,3634
INV335661,Parking technology services,Reino International Pty Ltd T/A Duncan Solutions,161723.1 AUD,28/05/2027,3623
INV335662,Parking technology services,Reino Internationsl Pty Ltd T/A Duncan Solutions,54612.38 AUD,03-Apr-2029, 
INV335663,Vehicle tow away and impound services,Nationwide Towing Services,123844.45 AUD,26/09/15,3585
INV335664,Graffiti management and pressure cleaning services,Calcorp Services Pty Ltd (AU),0.1m,10/07/2025,3668
INV335665,Open spaces management - region 1,Citywide Service Solutions Pty Ltd (AUS),0.0m,20/12/2025, 
INV335666,Open spaces management - region 1,Citywide Service Solutions Pty Ltd,0.2m,08/03/2025,3676
INV335667,Building maintenance services,PROGRAMMED FACILITY MANAGEMENT PTY LTD,0.2m,26/05/2028,3630
INV335668,Open spaces management - region 1,Citywide Service Solutions P/L,142947.08,15 August 2028,3676
INV335669,Graffiti management and pressure cleaning services,Calcorp Services Pty. Ltd.,206528.67,26/05/2027,3668
INV335670,Open spaces management - region 2,SERCO (AU),"$68,147.14",2027-09-29,3677
INV335671,Management of Active Melbourne recreation facilities,Victorian YMCA Community Programming P/L,"$9,524.52",2027-01-19,3615
INV335672,Management of Active Melbourne recreation facilities,victorian ymca community programming pty ltd,64641.07,21/08/2027,3615
INV335673,Building maintenance services,Programmed Facility Management Pty Ltd,0.2m,14/10/2025,3630
INV335674,Waste management services,Cleanaway Waste Management LTD,132025.32,20 March 2029, 
INV335675,Integrated security services,National,88690.02,2028-01-02, 
INV335676,Graffiti management and pressure cleaning services,Calcorp Serv,64059.67,28/04/21,3668
INV335677,Parking technology services,Reino International Pty ,63278.28,30 December 2027,3623
INV335678,Vehicle tow away and impound services,Nationwide Towing Services (AU),9336.25,19 August 2028,3585
INV335679,Building maintenance services,Prugrammed Facility Management Pty Ltd,0.2m,01 February 2027,3630
INV335680,Waste management services,Cleanaway Waste Management Limited,0.2m,28/02/18,3556
INV335681,Tree management maintenance services,CitywideServiceSolutionsPtyLtd,"$121,828.01",24 February 2025,3678
INV335682,Building maintenance services,PROGRAMMED FACILITY MANAGEMENT PTY LTD,"$46,901.77",27/10/04,3630
INV335683,Street cleaning,SPOTLESS FACILITY SERVICES PTY LTD,216556.27,24-Aug-2029,3669
INV335684,Waste management services,cleanaway waste management limited,217560.31,25/03/12,3556
INV335685,Management of Active Melbourne recreation facilities,Victorian YMCA Community Programming Pty. Ltd.,0.0m,16-Aug-2026, 
INV335686,Street cleaning,Spotless Facility Services Pty. Ltd.,64530.73,2028-07-30,3669
INV335687,Street cleaning,Spotless  Facility  Services  Pty  Ltd,28722.22 AUD,24 June 2026, 
INV335688,Street cleaning,Spotless  Facility  Services  Pty  Ltd,190330.29,20-Sep-2027,3669
INV335689,Building maintenance services,Programmed Facility Management Pty Ltd,"$145,111.15",30 October 2029,3630
INV335690,Parking technology services,REINO INTERNATIONAL PTY LTD T/A DUNCAN SOLUTIONS,0.2m,22 August 2028,3623
INV335691,Civil infrastructure services,National Protective Services P/L,0.2m,09/04/2029,3686
INV335692,Civil infrastructure services,Citywide Service ,60236.74 AUD,20/11/2028,3665
INV335693,Melbourne Town Hall venue management,SHOWTIME EVENT GROUP PTY LTD,168059.87,17/07/2028,3670
INV335694,Civil infrastructure services,citywide service solutions pty ltd,0.2m,27/05/2028,3665
INV335695,Integrated security services,National Protective Services Pty Ltd (AU),55030.33 AUD,04/04/2025,3686
INV335696,Tree management maintenance services,Citywide,10877.76 AUD,24/02/2028,3678
INV335697,Street cleaning,Spotless Facility,95767.65 AUD,2029-04-02,3669
INV335698,Vehicle tow away and impound services,Natiohwide Towing Services,"$181,598.95",22/11/2026,3585
INV335699,Tree management maintenance services,Citywide,50773.92,11 November 2029,3678
INV335700,Open spaces management - region 2,serco,"$15,171.73",12/12/2027,3677
INV335701,Tree management maintenance services,Citywide Service Solutions Pty Ltd,162192.13,20-Mar-2028,3678
INV335702,Melbourne Town Hall venue management,Showtime Event Group P/L,0.0m,09-Mar-2028,3670
INV335703,Civil infrastructure services,Citywide Service Solutions Pty Ltd (AU),145580.25,27/06/22,3665
INV335704,Vehicle tow away and impound services,Nationwide Towing Services (AUS),241054.04,26/01/10,3585
INV335705,Waste management services,Cleanaway Waste Management Limited,219857.12,27/03/15,3556
INV335706,Management of Active Melbourne recreation facilities,Victorian YMCA Community Programming Pty. Ltd.,161507.67,01 September 2029,3615
INV335707,Open spaces management - region 1,CitywideServiceSolutionsPtyLtd,"$154,116.86",05/06/2025,3676
INV335708,Melbourne Town Hall venue management,Showtime Event Group Pty Ltd,116602.46,26/04/21,3670
INV335709,Street cleaning,Spotless Facility Services Pty. Ltd.,"$111,257.28",16/10/2026,3669
INV335710,Management of Active Melbourne recreation facilities,victorian ymca community programming pty ltd,149182.78 AUD,10/08/2026,3615
INV335711,Building cleaning services,Menzies Intl (Aust) Pty Ltd,166983.96,25 August 2027,3634
INV335712,Melbourne Town Hall venue management,Showtime Event,"$136,226.27",11/06/2027,3670
INV335713,Open spaces management - region 1,CITYWIDE SERVICE SOLUTIONS PTY LTD,0.2m,01-Oct-2026,3676
INV335714,Tree management maintenance services,Citywide Service ,"$138,430.08",2028-10-14,3678
INV335715,Tree management maintenance services,Citywide Service Solutions Pty. Ltd.,57985.38 AUD,28 June 2025,3678
INV335716,Building cleaning services,menzies international (aust) pty ltd,"$132,337.37",01-May-2029,3634
INV335717,Street cleaning,SpotlessFacilityServicesPtyLtd,0.2m,28 April 2027,3669
INV335718,Building maintenance services,programmed facility management pty ltd,"$231,985.69",2026-05-26,3630
INV335719,Parking technology services,Reino Intl Pty Ltd T/A Duncan Solutions,0.1m,06/04/2028,3623
INV335720,Graffiti management and pressure cleaning services,Calcorp  Services  Pty  Ltd,198190.67 AUD,24-Nov-2025, 
INV335721,Street cleaning,SPOTLESS FACILITY SERVICES PTY LTD,230350.92 AUD,20/12/2025,3669
INV335722,Building cleaning services,menzies international (aust) pty ltd,0.2m,03/05/2028,3634
INV335723,Tree management maintenance services,Citywide Service Solutions P/L,215410.7,16-Nov-2025,3678
INV335724,Management of Active Melbourne recreation facilities,Victorian YMCA Community Programming Pty Ltd,118533.26 AUD,2026-11-09,3615
INV335725,Waste management services,Cleanaway  Waste  Management  Limited,101985.52,26/04/17,3556
INV335726,Building cleaning services,Menzies International (Aust) P/L,97870.48,2029-11-23,3634
INV335727,Street cleaning,Spotless Facility Services Pty. Ltd.,109677.39,29/11/02,3669
INV335728,Waste management services,Cleanaway,"$170,663.94",28/08/22,3556
INV335729,Waste management services,Cleanaway Waste Management LTD,214132.73,28/06/13,3556
INV335730,Building cleaning services,Menzies Internatioral (Aust) Pty Ltd,20382.51,17-Dec-2025,3634
INV335731,Open spaces management - region 1,Citywide Service Solutions Pty Ltd,"$214,973.8",29/12/17,3676
INV335732,Integrated security services,National Protectiv,$789.71,21-Sep-2025,3686
INV335733,Building cleaning services,Menzies  International  (Aust)  Pty  Ltd,175361.61,15-Apr-2029,3634
INV335734,Open spaces management - region 2,SERCO (AU),"$115,962.8",07/08/2029,3677
INV335735,Tree management maintenance services,Citywide Service Solutions Pty. Ltd.,56953.07,02 October 2025,3678
INV335736,Vehicle tow away and impound services,Nationwide  Towing  Services,11605.45,2025-12-06,3585
INV335737,Open spaces management - region 2,SERCO,65053.11,25/07/12,3677
INV335738,Parking technology services,Reino International Pty Ltd T/A Duncan Solutions,0.2m,27/09/2029,3623
INV335739,Waste management services,Cleanaway Waste Management LTD,97954.09,2028-08-28, 
INV335740,Open spaces management - region 2,Serco,0.2m,25/02/10,3677
INV335741,Civil infrastructure services,Citywide Service Solutions Pty Ltd (AU),"$119,880.03",13/12/2028,3665
INV335742,Management of Active Melbourne recreation facilities,Victorian,182997.66 AUD,25/03/2028,3615
INV335743,Civil infrastructure services,Citywide Service Solutions Pty Ltd (AUS),153103.39 AUD,2028-11-05,3665
INV335744,Building cleaning services,Menzies International (Aust) P/L,240298.03 AUD,2027-10-26,3634
INV335745,Melbourne Town Hall venue management,Showtime Event Group Pty Ltd (AU),42300.1,09/02/2025,3670
INV335746,Building maintenance services,Programmed,0.0m,26-Feb-2026,3630
INV335747,Graffiti management and pressure cleaning services,Calcorp,23382.48,05/05/2028,3668
INV335748,Street cleaning,Spotless Facility Services Pty Ltd (AU),0.2m,20/01/2026,3669
INV335749,Tree management maintenance services,Citywide  Service  Solutions  Pty  Ltd,149884.05,05/07/2027,3678
INV335750,Vehicle tow away and impound services,Natignwide Towing Services,245310.74,02/12/2025,3585
INV335751,Tree management maintenance services,Citywide Service ,248924.48,15/11/2025,3678
INV335752,Graffiti management and pressure cleaning services,Calcorp  Services  Pty  Ltd,64562.3,2027-07-11,3668
INV335753,Integrated security services,National Protectiv,127903.07,2027-12-06,3686
INV335754,Graffiti management and pressure cleaning services,Calcorp Services Pty Ltd,"$228,707.28",26/05/24,3668
INV335755,Civil infrastructure services,Citywide Service ,98041.75 AUD,07/07/2029,3665
INV335756,Tree management maintenance services,Citywide Service Solutions Pty Ltd,0.0m,2029-06-07,3678
INV335757,Open spaces management - region 1,Citywide  Service  Solutions  Pty  Ltd,0.2m,29 July 2027,3676
INV335758,Integrated security services,Reino International Pty Ltd T/A Duncan Solutions,151120.04 AUD,25 June 2028,3623
INV335759,Melbourne Town Hall venue management,Shohtime Event Group Pty Ltd,0.1m,30/06/2027,3670
INV335760,Tree management maintenance services,Citywide Service Solutions Pty Ltd,0.2m,2027-07-03,3678
INV335761,Integrated security services,National Protectiv,154413.46 AUD,15-Jul-2028,3686
INV335762,Open spaces management - region 1,Citywide Service Solutions Pty. Ltd.,158043.69 AUD,03/11/2029,3676
INV335763,Parking technology services,Reino International Pty Ltd T/A Duncan Solutions (AU),0.1m,04/07/2029,3623
INV335764,Parking technology services,REINO INTERNATIONAL PTY LTD T/A DUNCAN SOLUTIONS,"$88,750.88",2027-07-12,3623
INV335765,Open spaces management - region 2,SERuO,"$76,282.24",21/03/2026,3677
INV335766,Open spaces management - region 2,SERCO,120412.97 AUD,10 March 2028,3677
INV335767,Street cleaning,Spotless Facility Services Pty Ltd (AU),221612.03,29/03/26,3669
INV335768,Management of Active Melbourne recreation facilities,Victorian YMCA Community Programming Pty. Ltd.,30129.06 AUD,21/04/2029,3615
INV335769,Melbourne Town Hall venue management,Showtime Event Group Pty Ltd,0.0m,23/11/2025,3670
INV335770,Management of Active Melbourne recreation facilities,Victorian YMCA Community Programming P/L,169692.82 AUD,25/04/02, 
INV335771,Open spaces management - region 1,CitywideServiceSolutionsPtyLtd,182454.12 AUD,2025-05-14,3676
INV335772,Waste management services,Cleanawfy Waste Management Limited,108145.24,2026-04-26,3556
INV335773,Parking technology services,Reino International Pty Ltd T/A Duncan Solutions (AUS),72990.1 AUD,17/06/2028,3623
INV335774,Integrated security services,National  Protective  Services  Pty  Ltd,139481.83,2029-08-04,3686
INV335775,Graffiti management and pressure cleaning services,Calcorp Serviccs Pty Ltd,0.2m,26/12/17,3668
INV335776,Vehicle tow away and impound services,Nationwide Towing Services,221388.11 AUD,27/08/05,3585
INV335777,Melbourne Town Hall venue management,SHOWTIME EVENT GROUP PTY LTD,93267.43,13 May 2028, 
INV335778,Street cleaning,Spotless Facility,81246.7,28/05/15,3669
INV335779,Civil infrastructure services,Citywide  Service  Solutions  Pty  Ltd,15559.04,29/08/2026,3665
INV335780,Street cleaning,SPOTLESS FACILITY SERVICES PTY LTD,0.2m,25/11/07, 
INV335781,Building maintenance services,Programmed Facility Management Pty Ltd (AUS),223504.21 AUD,05-Apr-2027,3630
INV335782,Street cleaning,Spotless Facility ServicesfPty Ltd,"$18,646.92",27/06/24,3669
INV335783,Parking technology services,Reino International Pty Ltd T/A Duncan Solutions,"$215,389.99",07/09/2027,3623
INV335784,Open spaces management - region 1,Citywide,211642.07 AUD,25/12/12,3676
INV335785,Vehicle tow away and impound services,Nationwide,160514.96,30-Mar-2025,3585
INV335786,Civil infrastructure services,Citywide,190506.73,02/03/2027,3665
INV335787,Management of Active Melbourne recreation facilities,VICTORIAN YMCA COMMUNITY PROGRAMMING PTY LTD,"$18,330.68",13 September 2028,3615
INV335788,Open spaces management - region 1,citywide service solutions pty ltd,54879.47,02 June 2028,3676
INV335789,Building maintenance services,Programmed Facility Management Pty Ltd (AUS),193691.08 AUD,30/12/2027,3630
INV335790,Building maintenance services,Programmed Facility Managemsnt Pty Ltd,126787.01,25/01/20,3630
INV335791,Management of Active Melbourne recreation facilities,Victorian YMCA Community Programming Pty. Ltd.,175561.39,26/11/2027,3615
INV335792,Street cleaning,Spotless Facility Services Pty Ltd (AUS),0.2m,2027-08-15,3669
INV335793,Melbourne Town Hall venue management,Showtime Event Group P/L,0.2m,28 June 2029,3670
INV335794,Building maintenance services,Programmed Facility Management Pty Ltd,0.2m,09-Nov-2029,3630
INV335795,Building cleaning services,Menzies International (Aust) Pty Ltd (AU),,06/07/2026,3634
INV335796,Building maintenance services,programmed Facility Management Pty Ltd,44521.66,29/10/08,3630
INV335797,Melbourne Town Hall venue management,Showtime Event Group Pty Ltd (AUS),0.1m,03/12/2026,3670
INV335798,Melbourne Town Hall venue management,Showtime Event Group Pty Ltd,"$32,345.89",28/07/09,3670
INV335799,Waste management services,Clqanaway Waste Management Limited,110894.34,24-Apr-2026,3556
INV335800,Waste management services,Cleanaway Waste Management Limited,65054.92,27/01/03,3556
INV335801,Civil infrastructure services,CITYWIDE SERVICE SOLUTIONS PTY LTD,109555.06 AUD,26/09/20,3665
INV335802,Melbourne Town Hall venue management,Showtime Event Group Pty Ltd (AUS),130588.7,29/11/16,3670
INV335803,Integrated security services,National Protective Services Pty Ltd,25282.73 AUD,27-Jul-2027, 
INV335804,Open spaces management - region 1,Calcorp Serv,108117.33,27/01/02,3668
INV335805,Graffiti management and pressure cleaning services,Calcorp Services Pty Ltd (AU),0.2m,07/09/2026,3668
INV335806,Vehicle tow away and impound services,Nationwide To,"$8,869.7",2025-09-15,3585
INV335807,Waste management services,Cleanaway  Waste  Management  Limited,189307.04,2025-02-18,3556
INV335808,Street cleaning,Spotless  Facility  Services  Pty  Ltd,150305.49 AUD,16 May 2028,3669
INV335809,Integrated security services,NATIONAL PROTECTIVE SERVICES PTY LTD,42956.27 AUD,18-Nov-2025,3686
INV335810,Parking technology services,Reino Intl Pty Ltd T/A Duncan Solutions,0.2m,14 March 2028,3623
INV335811,Integrated security services,National,245588.56 AUD,26/06/01,3686
INV335812,Parking technology services,Reino International Pty ,106945.95,02-Aug-2027,3623
INV335813,Building maintenance services,Programmed Facility Management Pty Ltd,243475.97,27/06/02,3630
INV335814,Vehicle tow away and impound services,Nationwide Towing Services,184648.45,31/08/2025,3585
INV335815,Tree management maintenance services,CITYWIDE SERVICE SOLUTIONS PTY LTD,"$245,203.16",14/02/2027,3678
INV335816,Civil infrastructure services,Citywide Sersice Solutions Pty Ltd,103335.06,26/08/11,3665
INV335817,Open spaces management - region 2,jERCO,137216.03 AUD,07 April 2026,3677
INV335818,Street cleaning,Spotless Facility Serxices Pty Ltd,195413.11,15/02/2027,3669
INV335819,Building cleaning services,Menzies International (Aust) Pty utd,"$150,146.26",2027-01-11,3634
INV335820,Tree management maintenance services,Citywide Service Solutions Pty. Ltd.,"$60,739.65",22/07/2029,3678
INV335821,Open spaces management - region 1,Citywide Service Solutions Pty Ltd,83382.38,21/05/2028,3676
INV335822,Open spaces management - region 1,Citywide Service Solutions Pty Led,179911.64,24/02/2026,3676
INV335823,Melbourne Town Hall venue management,SHOWTIME EVENT GROUP PTY LTD,0.1m,2029-11-18,3670
INV335824,Vehicle tow away and impound services,NATIONWIDE TOWING SERVICES,"$118,732.67",20 January 2026,3585
INV335825,Melbourne Town Hall venue management,Showtime Event Group Pty Ltd,"$152,612.35",28/05/14,3670
INV335826,Graffiti management and pressure cleaning services,Calcorp Services Pty Ltd (AUS),"$160,182.69",27/03/2026,3668
INV335827,Waste management services,cleanaway waste management limited,0.1m,30-May-2026,3556
INV335828,Building maintenance services,Prograjmed Facility Management Pty Ltd,152617.03,16-Jan-2025,3630
INV335829,Open spaces management - region 2,serco,"$182,456.26",27-May-2029,3677
INV335830,Parking technology services,Reino Intl Pty Ltd T/A Duncan Solutions,"$68,312.47",18 June 2028,3623
INV335831,Parking technology services,Reino  International  Pty  Ltd  T/A  Duncan  Solutions,0.1m,2026-01-02,3623
INV335832,Tree management maintenance services,citywide service solutions pty ltd,0.1m,26 December 2027,3678
INV335833,Graffiti management and pressure cleaning services,Calcorp Services P/L,0.2m,2026-09-05,3668
INV335834,Tree management maintenance services,Citywide Service Solutions Pty Ltd,0.0m,29/11/07,3678
INV335835,Building maintenance services,Programmed Facility Management P/L,0.2m,09 March 2025,3630
INV335836,Tree management maintenance services,Citywide Service Solutions Pty. Ltd.,23336.63 AUD,12/05/2028,3678
INV335837,Integrated security services,jational Protective Services Pty Ltd,93533.64,16/04/2027,3686
INV335838,Street cleaning,Spotless Facility Services P/L,"$245,563.12",25/08/17,3669
INV335839,Street cleaning,spotless facility services pty ltd,106290.97,20 November 2029,3669
INV335840,Parking technology services,Reino International Pty Ltd T/A Duncan Solutions (AUS),8326.34 AUD,22/03/2028,3623
INV335841,Management of Active Melbourne recreation facilities,Victorian YMCA Community Programming Pty Ltd,0.0m,06/08/2026,3615
INV335842,Melbourne Town Hall venue management,Showtime Event Group Pty Ltd (AUS),78046.83,21-Oct-2027,3670
INV335843,Street cleaning,SERCO,34581.73,16 January 2029,3677
INV335844,Open spaces management - region 2,SERCO,0.1m,28/05/21,3677
INV335845,Waste management services,Cleanaway Waste Management Limited,11203.0 AUD,26/01/04,3556
INV335846,Vehicle tow away and impound services,nationwide towing services,223386.52 AUD,10/06/2027,3585
INV335847,Building maintenance services,Programmed Facility Mgmt Pty Ltd,"$142,750.55",09 April 2029,3630
INV335848,Tree management maintenance services,Citywide Service Solutions Pty Ltd (AU),77091.47,30/01/2026,3678
INV335849,Waste management services,Cleanaway Waste Management Ltd,"$73,026.61",29/01/04,3556
INV335850,Civil infrastructure services,Citywide Syrvice Solutions Pty Ltd,"$169,503.62",10/04/2029,3665
INV335851,Building maintenance services,Programmed Facility Management Pty Ltd (AUS),72652.14 AUD,23 July 2027,3630
INV335852,Open spaces management - region 2,Serco,0.1m,16/01/2029,3677
INV335853,Graffiti management and pressure cleaning services,Calcorp  Services  Pty  Ltd,105173.3 AUD,2026-08-04,3668
INV335854,Open spaces management - region 1,Citywide Service Solutions Pty Ltd (AU),35596.24 AUD,09-Jan-2029,3676
INV335855,Graffiti management and pressure cleaning services,Cjlcorp Services Pty Ltd,"$78,418.74",28/10/04,3668
INV335856,Parking technology services,Reino International Pty Ltd T/A Duncan Solutions (AU),0.0m,29/05/05,3623
INV335857,Waste management services,Cleanaway Waste Management Limited (AUS),185833.55 AUD,2025-01-01,3556
INV335858,Open spaces management - region 2,SERCO,181017.18 AUD,28/05/23,3677
INV335859,Vehicle tow away and impound services,Nationwide Towiqg Services,"$108,384.52",28-Dec-2027,3585
INV335860,Waste management services,Cleanaway Waste Management Limited,173602.42,20-Oct-2025,3556
INV335861,Melbourne Town Hall venue management,Showtime Event,192558.07,23/01/2027,3670
INV335862,Open spaces management - region 1,Citywide Service Solutions Pty Ltd (AUS),217727.18 AUD,26/05/18,3676
INV335863,Open spaces management - region 1,Citywide Service Solutions Pty Ltd,"$85,337.22",21/12/2028,3676
INV335864,Melbourne Town Hall venue management,Showtime Event Group Pty Ltd (AU),10164.18 AUD,12 April 2026,3670
INV335865,Parking technology services,Reino Intl Pty Ltd T/A Duncan Solutions,184460.63,24-Mar-2025,3623
INV335866,Civil infrastructure services,citywide service solutions pty ltd,0.1m,27/02/14,3665
INV335867,Melbourne Town Hall venue management,Showtime Event Group Pty Ltd,40934.46,25/06/2027,3670
INV335868,Tree management maintenance services,Citywide Service Solutions Pty Ltd (AU),"$107,457.15",2028-06-30,3678
INV335869,Management of Active Melbourne recreation facilities,Victorian YMCA Communi,0.0m,2027-03-14,3615
INV335870,Vehicle tow away and impound services,Nationwide To,229835.13,27/11/2026,3585
INV335871,Building maintenance services,Programmed Facility Management Pty Ltd (AU),98291.55 AUD,27/11/26,3630
INV335872,Civil infrastructure services,Citywide Service Solutions Pty Ltd,0.2m,2027-02-19,3665
INV335873,Waste management services,Cleanaway Waste Management Ltd,125641.01,31/12/2029,3556
INV335874,Parking technology services,Reino,40373.33,14 February 2026,3623
INV335875,Tree management maintenance services,CitywideServiceSolutionsPtyLtd,128588.93,15/07/2025, 
INV335876,Management of Active Melbourne recreation facilities,Victorian YMCA Community Programming Pty Ltd,51268.51,11 June 2029,3615
INV335877,Management of Active Melbourne recreation facilities,Victorian,87413.87,08/01/2027,3615
INV335878,Tree management maintenance services,Citywide Service Solutions Pty Ltd,0.1m,21/04/2025,3678
INV335879,Tree management maintenance services,Citywide Service Solutions P/L,0.2m,01 October 2026,3678
INV335880,Vehicle tow away and impound services,nationwide towing services,202839.54 AUD,29-Dec-2026,3585
INV335881,Building maintenance services,Programmed Facility Management Pty Ltd (AU),9783.13,2027-07-01,3630
INV335882,Street cleaning,Spotless,194339.02,04/08/2029,3669
INV335883,Management of Active Melbourne recreation facilities,Victorian YMCA Community Programming Pty. Ltd.,186937.62,14/06/2025,3615
INV335884,Melbourne Town Hall venue management,Showtime Event Group Pty Ltd,"$248,348.7",23-Dec-2027,3670
INV335885,Building maintenance services,Programmed Facility Management Pty Ltd (AUS),0.2m,20-Mar-2027,3630
INV335886,Vehicle tow away and impound services,nationwide towing services,210765.29,25 February 2025,3585
INV335887,Vehicle tow away and impound services,Nationwidc Towing Services,56172.95,27/05/10,3585
INV335888,Building maintenance services,Programmed Facility Management Pty Ltd,"$183,291.4",13-Jun-2029,3630
INV335889,Building maintenance services,Programmed Facility Management Pty Ltd,"$200,006.98",2028-03-31,3630
INV335890,Waste management services,Victorian  YMCA  Community  Programming  Pty  Ltd,218678.42,17-Oct-2025,3615
INV335891,Melbourne Town Hall venue management,Showtime Event Group Pty Ltd,61674.87 AUD,14-Apr-2026,3670
INV335892,Management of Active Melbourne recreation facilities,VICTORIAN YMCA COMMUNITY PROGRAMMING PTY LTD,233082.1,28/06/2027,3615
INV335893,Integrated security services,NationalProtectiveServicesPtyLtd,171444.72,23-Apr-2027,3686
INV335894,Building maintenance services,ProgrammedFacilityManagementPtyLtd,188480.07 AUD,25/08/23,3630
INV335895,Management of Active Melbourne recreation facilities,victorian ymca community programming pty ltd,,13 April 2027,3615
INV335896,Building cleaning services,Menzies International (Aust) P/L,185713.52 AUD,28/08/20,3634
INV335897,Building maintenance services,Programmed Facility Mgmt Pty Ltd,"$47,535.88",10-May-2029,3630
INV335898,Waste management services,Citywide Service ,98126.36,02/12/2026,3665
INV335899,Open spaces management - region 2,SERCO,0.2m,2026-12-20,3677
INV335900,Tree management maintenance services,Citywide Service Solutions P/L,132775.57,29/03/2027,3678
INV335901,Building maintenance services,Menzies International (Aust) Pty Ltd (AU),194938.14,04/12/2026,3634
INV335902,Open spaces management - region 2,SERCO (AUS),0.1m,25/09/07,3677
INV335903,Open spaces management - region 2,SERCO (AU),"$231,789.37",09-Feb-2029,3677
INV335904,Building maintenance services,Programmed,0.1m,11-May-2025,3630
INV335905,Civil infrastructure services,Citywide Service Solutions P/L,"$70,841.48",19-Oct-2027,3665
INV335906,Civil infrastructure services,Citywide Service Solutions Pty Ltd (AU),"$52,364.59",26/05/21,3665
INV335907,Integrated security services,National Protective Services Pty Ltd,"$61,578.05",2028-07-27,3686
INV335908,Open spaces management - region 1,Citywide Service SolutionszPty Ltd,6172.99,28/09/28,3676
INV335909,Integrated security services,national protective services pty ltd,214407.39,11 July 2029,3686
INV335910,Management of Active Melbourne recreation facilities,Victorian,"$76,498.03",09 November 2029,3615
INV335911,Street cleaning,Spotless Facility Services Pty Ltd (AU),"$5,238.35",11-Mar-2026,3669
INV335912,Building cleaning services,MenziesInternational(Aust)PtyLtd,157173.6,12/08/2026,3634
INV335913,Civil infrastructure services,CitywideServiceSolutionsPtyLtd,89227.46,28/06/15,3665
INV335914,Melbourne Town Hall venue management,Showtime Event Group Pty Ltd,0.0m,2027-04-18,3670
INV335915,Building cleaning services,Menzies  International  (Aust)  Pty  Ltd,0.0m,23/01/2028,3634
INV335916,Open spaces management - region 1,Citywide Service Solutions Pty. Ltd.,"$242,170.98",28/06/14,3676
INV335917,Building maintenance services,Programmed,43725.62 AUD,03-Jun-2027,3630
INV335918,Tree management maintenance services,Citywide Service ,"$175,141.46",16-Jun-2027,3678
INV335919,Street cleaning,Spotless Facility Services Pty Ltd,0.2m,29/08/15,3669
INV335920,Building maintenance services,ProgrammedFacilityManagementPtyLtd,0.0m,31/07/2025,3630
INV335921,Building maintenance services,Programmed  Facility  Management  Pty  Ltd,"$170,254.21",16 December 2026,3630
INV335922,Open spaces management - region 2,wERCO,79225.38 AUD,30/12/2025,3677
INV335923,Tree management maintenance services,Citywide Service Solutions P/L,0.2m,22/11/2026,3678
INV335924,Vehicle tow away and impound services,Nationwide Towing Services,190109.72 AUD,30 March 2029,3585
INV335925,Waste management services,Cleanaway Waste Management Limited (AU),"$210,217.86",2025-09-24,3556
INV335926,Integrated security services,NationalProtectiveServicesPtyLtd,188578.99,24/07/2025,3686
INV335927,Open spaces management - region 1,Citywide Service Solutions Pty Ltd (AUS),69309.42,09-Jun-2025,3676
INV335928,Open spaces management - region 1,National Protective Services Pty Ltd,"$238,890.15",02/03/2027, 
INV335929,Civil infrastructure services,CitywideServiceSolutionsPtyLtd,152271.1,19/05/2029,3665
INV335930,Vehicle tow away and impound services,NationwideTowingServices,"$141,356.14",05 July 2029,3585
INV335931,Building cleaning services,Menzies International (Aust) Pty Ltd,8779.45,27/06/17,3634
INV335932,Building cleaning services,Menzies International (Aust) Pty Ltd,5072.59,25/08/30,3634
INV335933,Management of Active Melbourne recreation facilities,Victorian  YMCA  Community  Programming  Pty  Ltd,0.0m,28-Feb-2027,3615
INV335934,Parking technology services,Reino International P/L T/A Duncan Solutions,0.1m,2027-12-08,3623
INV335935,Tree management maintenance services,Citywide  Service  Solutions  Pty  Ltd,"$185,447.42",2026-01-19,3678
INV335936,Waste management services,Cleanaway  Waste  Management  Limited,27392.41,25/08/30,3556
INV335937,Open spaces management - region 2,SERCO,217076.15,2027-09-03, 
INV335938,Integrated security services,National  Protective  Services  Pty  Ltd,166161.58,29/10/23,3686
INV335939,Tree management maintenance services,Citywide Service Solutions Pty Ltd,0.2m,15/05/2026,3678
INV335940,Building maintenance services,Programmed Facility Mgmt Pty Ltd,48968.87,2025-06-15,3630
INV335941,Open spaces management - region 2,SERCO (AUS),77213.01 AUD,06 February 2025,3677
INV335942,Integrated security services,National Protective Services Pty Ltd,"$158,579.28",2028-02-09,3686
INV335943,Open spaces management - region 1,Citywide Service Solutions Pty Ltd (AU),"$78,339.87",04 May 2025,3676
INV335944,Building maintenance services,Programmed Facility Management Pty Ltd,200306.21 AUD,27/01/07,3630
INV335945,Graffiti management and pressure cleaning services,CalcorpServicesPtyLtd,124160.87,29/07/03,3668
INV335946,Tree management maintenance services,citywide service solutions pty ltd,26944.81,13/02/2026, 
INV335947,Building maintenance services,ProgrammedFacilityManagementPtyLtd,0.1m,02 August 2027,3630
INV335948,Tree management maintenance services,Citywide,82258.5,19/06/2026,3678
INV335949,Open spaces management - region 2,SERCO,50963.27,02/12/2027,3677
INV335950,Building cleaning services,Menzies Int’l (Aust) Pty Ltd,"$202,347.0",05 April 2026,3634
INV335951,Waste management services,Cleanaway Waste M,127455.95,28/04/2025,3556
INV335952,Parking technology services,Reino International Pty Ltd T/A Duncan Solutions,0.2m,13-Dec-2028,3623
INV335953,Vehicle tow away and impound services,Nationwide Towing Servtces,136328.29,2025-02-26,3585
INV335954,Street cleaning,Spotless Facility Services Pty Ltd (AUS),74581.3 AUD,03-Feb-2029,3669
INV335955,Open spaces management - region 2,SERCO,118967.45,2029-11-29,3677
INV335956,Waste management services,Cleanaway Waste Management Limited,"$120,310.47",25/04/2025,3556
INV335957,Civil infrastructure services,Citywide Service Solutions Pty Ltd (AUS),187896.71 AUD,20/11/2029,3665
INV335958,Civil infrastructure services,Citywide Service ,78517.74,2028-11-07,3665
INV335959,Street cleaning,SPOTLESS FACILITY SERVICES PTY LTD,0.1m,25 December 2025, 
INV335960,Building cleaning services,Menzies International (Aust) P/L,"$69,989.1",06/10/2025,3634
INV335961,Civil infrastructure services,Citywide Service Solutions Pty Ltr,125980.09 AUD,01/11/2028,3665
INV335962,Tree management maintenance services,Citywide Service Solutions Pty Ltd (AUS),104242.57 AUD,11 March 2026,3678
INV335963,Building maintenance services,Programmed Facility Management Pty Ltd (AUS),48105.94,06/04/2028,3630
INV335964,Tree management maintenance services,Citywide Service Solutions Pty Ltd,"$185,172.66",25/11/05,3678
INV335965,Civil infrastructure services,Programmed Facility Mgmt Pty Ltd,0.1m,2027-01-02,3630
INV335966,Parking technology services,Reino International Pty Ltd T/A Duncan Solutions,75817.85,27/01/2028,3623
INV335967,Parking technology services,Reino International Pty Ltd T/A Duncan Solutions,"$66,770.7",19-Nov-2025,3623
INV335968,Building cleaning services,Menzies International (Aust) P/L,86511.93,06/08/2028,3634
INV335969,Tree management maintenance services,CitywideServiceSolutionsPtyLtd,0.2m,18/04/2029,3678
INV335970,Street cleaning,Spotless Facility Services Pty. Ltd.,48961.28,29/04/2027,3669
INV335971,Building cleaning services,MENZIES INTERNATIONAL (AUST) PTY LTD,31248.57,21/02/2027,3634
INV335972,Integrated security services,National  Protective  Services  Pty  Ltd,187163.38,25/12/13,3686
INV335973,Building maintenance services,Programmed Facility Management Pty Ltd,142907.69,04/10/2026,3630
INV335974,Waste management services,showtime event group pty ltd,155404.2 AUD,20/09/2025,3670
INV335975,Melbourne Town Hall venue management,Showtime Event Group P/L,152645.01,27/10/2027,3670
INV335976,Integrated security services,National Protective Services Pty Ltd,236359.17 AUD,18-Aug-2028,3686
INV335977,Vehicle tow away and impound services,Nationwide Towing Services (AUS),"$21,093.41",02-Nov-2029,3585
INV335978,Melbourne Town Hall venue management,SHOWTIME EVENT GROUP PTY LTD,"$210,784.21",28/10/11,3670
INV335979,Waste management services,Cleanaway Waste Management Limited,201511.85,2026-05-13,3556
INV335980,Open spaces management - region 1,Citywide,35290.99,2026-12-30,3676
INV335981,Waste management services,Cleanaway Waste sanagement Limited,245204.74,23/09/2025,3556
INV335982,Tree management maintenance services,Citywide Service Solutions Pty Ltd (AU),0.2m,07/07/2028,3678
INV335983,Graffiti management and pressure cleaning services,Calcorp,0.1m,15 November 2027,3668
INV335984,Parking technology services,Reino Intl Pty Ltd T/A Duncan Solutions,0.1m,27/05/19,3623
INV335985,Integrated security services,National Protective Services Pty Ltd,208316.38,24/06/2029,3686
INV335986,Management of Active Melbourne recreation facilities,VICTORIAN YMCA COMMUNITY PROGRAMMING PTY LTD,0.2m,25/10/24,3615
INV335987,Melbourne Town Hall venue management,Showtime Event Group Pty Ltd,"$223,403.6",27/03/31,3670
INV335988,Open spaces management - region 2,SERCO,0.1m,2028-10-09,3677
INV335989,Management of Active Melbourne recreation facilities,REINO INTERNATIONAL PTY LTD T/A DUNCAN SOLUTIONS,0.1m,16/10/2026,3623
INV335990,Waste management services,Cleanaway Waste Management Ltd,155127.74 AUD,30/04/2028,3556
INV335991,Vehicle tow away and impound services,Nationwide To,37589.94,02 June 2029,3585
INV335992,Open spaces management - region 1,Citywide Service Solutions Pty Ltd (AU),0.2m,2028-09-10,3676
INV335993,Building maintenance services,ProgrammedFacilityManagementPtyLtd,117020.18 AUD,21/05/2027,3630
INV335994,Graffiti management and pressure cleaning services,Calcorp Services Pty Ltd,"$207,049.05",10-Jul-2027,3668
INV335995,Civil infrastructure services,CITYWIDE SERVICE SOLUTIONS PTY LTD,"$210,450.85",25/05/15,3665
INV335996,Parking technology services,Reino International Pty Ltd T/A Duncan Solutions,232083.02 AUD,14/03/2025, 
INV335997,Civil infrastructure services,CitywideServiceSolutionsPtyLtd,227136.19,04 June 2028,3665
INV335998,Vehicle tow away and impound services,Showtime Event Group P/L,49984.89 AUD,2026-11-05,3670
INV335999,Street cleaning,Spotless Facility Services P/L,44581.59,2029-03-19,3669
INV336000,Building maintenance services,Programmed Facility Management Pty. Ltd.,210109.61,2027-09-25,3630
