InvoiceID,ContractTitle,Provider,InvoiceAmount,InvoiceDate,ContractNumber
INV248001,Melbourne Town Hall venue management,Showtime Event Group Pty Ltd,72922.02 AUD,26/12/09,3670
INV248002,Civil infrastructure services,Citywide,48585.2,25 October 2026,3665
INV248003,Graffiti management and pressure cleaning services,Calcorp Services Pty Ltd,26323.17,30/07/2028,3668
INV248004,Integrated security services,National Protective Services Pty Ltd (AU),"$54,851.68",26-Sep-2025,3686
INV248005,Building cleaning services,Menzies Internatio,239788.84,15/07/2027, 
INV248006,Building maintenance services,Programmed Facility Management Pty Ltd,0.2m,24 January 2027,3630
INV248007,Tree management maintenance services,Citywide Service Solutions Pty. Ltd.,75937.66,22/04/2026,3678
INV248008,Building maintenance services,ProgrammedFacilityManagementPtyLtd,"$81,291.99",2025-03-29,3630
INV248009,Building maintenance services,Programmed Facility Management Pty Ltd (AUS),"$49,553.32",22-Dec-2027,3630
INV248010,Building maintenance services,Prqgrammed Facility Management Pty Ltd,0.2m,02-Jul-2028,3630
INV248011,Building maintenance services,Programmed Facility Management Pty Ltd,$928.65,21-Oct-2028,3630
INV248012,Civil infrastructure services,Citywide Service Solutions P/L,235176.21 AUD,22/07/2027,3665
INV248013,Waste management services,Cleanaway Waste Management Limited,162070.86,12 July 2027,3556
INV248014,Melbourne Town Hall venue management,Showtime Event Group Pty Ltd (AU),"$47,064.16",2027-09-14,3670
INV248015,Vehicle tow away and impound services,Nationwide Towing Services,105926.23,04/12/2026,3585
INV248016,Open spaces management - region 2,SERCO,40004.12,03-May-2025,3677
INV248017,Integrated security services,national protective services pty ltd,155001.54,11-Oct-2027,3686
INV248018,Vehicle tow away and impound services,Nationwide Towine Services,"$51,047.95",08 February 2025,3585
INV248019,Tree management maintenance services,Citywide Service Solutions Pty Ltd,69581.64,28/03/2028,3678
INV248020,Building maintenance services,Programmed  Facility  Management  Pty  Ltd,0.2m,15/03/2029,3630
INV248021,Building cleaning services,MenziesInternational(Aust)PtyLtd,"$227,023.84",2026-03-14,3634
INV248022,Parking technology services,ReinoInternationalPtyLtdT/ADuncanSolutions,96489.35 AUD,05 January 2025,3623
INV248023,Melbourne Town Hall venue management,ShowtimeEventGroupPtyLtd,108318.91,20-Feb-2026,3670
INV248024,Melbourne Town Hall venue management,Showtime Event Group P/L,"$9,444.93",26 March 2029,3670
INV248025,Street cleaning,Spotless Facility Services Pty Ltd (AUS),23231.23,01 July 2027,3669
INV248026,Open spaces management - region 1,CitywideServiceSolutionsPtyLtd,85875.17 AUD,25/05/2026,3676
INV248027,Street cleaning,Spotless  Facility  Services  Pty  Ltd,"$75,780.54",13-Jul-2029,3669
INV248028,Building cleaning services,MENZIES INTERNATIONAL (AUST) PTY LTD,0.1m,11-Dec-2025,3634
INV248029,Vehicle tow away and impound services,Nationwide To,58447.74,2029-11-13,3585
INV248030,Management of Active Melbourne recreation facilities,National Protective Services Pty Ltd,31673.62,28/01/06,3686
INV248031,Street cleaning,SpotlessxFacility Services Pty Ltd,240058.11 AUD,21/08/2025,3669
INV248032,Civil infrastructure services,Citywide fervice Solutions Pty Ltd,122137.86 AUD,06 March 2028,3665
INV248033,Management of Active Melbourne recreation facilities,Victorian YMCA Community Programming Pty Ltd (AU),191952.14 AUD,29/10/10,3615
INV248034,Open spaces management - region 2,SERCO,0.1m,05/09/2026,3677
INV248035,Integrated security services,National,234294.75,2027-03-05,3686
INV248036,Waste management services,Cleanaway Waste Management Limited,0.0m,24-May-2027,3556
INV248037,Graffiti management and pressure cleaning services,Calcorp Services P/L,81787.06 AUD,2029-09-30, 
INV248038,Vehicle tow away and impound services,Nationwide,0.0m,2028-08-05,3585
INV248039,Open spaces management - region 1,Citywide Service Solutions Pty Ltd,145923.93 AUD,,3676
INV248040,Management of Active Melbourne recreation facilities,VictorianYMCACommunityProgrammingPtyLtd,,2026-03-05,3615
INV248041,Parking technology services,Reino Intl Pty Ltd T/A Duncan Solutions,"$147,035.84",15-May-2028,3623
INV248042,Graffiti management and pressure cleaning services,Calcorp Services P/L,240348.43,2029-02-06,3668
INV248043,Graffiti management and pressure cleaning services,CALCORP SERVICES PTY LTD,0.2m,28/12/2028,3668
INV248044,Parking technology services,Reino International Pty. Ltd. T/A Duncan Solutions,113814.15 AUD,29/09/2025,3623
INV248045,Parking technology services,reino international pty ltd t/a duncan solutions,129316.03,22 June 2026,3623
INV248046,Management of Active Melbourne recreation facilities,Victorian,"$199,554.18",25/10/2028,3615
INV248047,Open spaces management - region 1,Citywide Service Solutions Pty Ltd (AUS),122607.38,22/01/2028,3676
INV248048,Open spaces management - region 1,citywide service solutions pty ltd,"$93,969.06",2026-12-11,3676
INV248049,Building maintenance services,Programmed Facility Management Pty. Ltd.,121698.8 AUD,11-May-2028,3630
INV248050,Tree management maintenance services,Citywide Service Solutions Pty Ltd (AU),191311.0,2027-03-21,3678
INV248051,Building maintenance services,programmed facility management pty ltd,0.2m,2026-12-21,3630
INV248052,Building maintenance services,Programmed Facility Management Pty. Ltd.,107346.75,14/07/2027,3630
INV248053,Building cleaning services,Menzies International (Aust) Pty Ltd,194224.23,04-Dec-2027,3634
INV248054,Street cleaning,Spotless Facility Services P/L,190522.85 AUD,07/04/2027,3669
INV248055,Tree management maintenance services,Citywide Service Solutions Pty. Ltd.,"$80,492.88",10/02/2028,3678
INV248056,Parking technology services,Reino International Pty. Ltd. T/A Duncan Solutions,208201.19 AUD,15 June 2025,3623
INV248057,Vehicle tow away and impound services,Nationwide Towing Services,"$199,925.06",2028-03-21,3585
INV248058,Tree management maintenance services,Citywide Service Solutions Pty. Ltd.,234614.39,06/12/2026, 
INV248059,Building cleaning services,menzies international (aust) pty ltd,54009.55,15/06/2027,3634
INV248060,Management of Active Melbourne recreation facilities,VICTORIAN YMCA COMMUNITY PROGRAMMING PTY LTD,0.1m,28/07/2027,3615
INV248061,Integrated security services,National Protectiv,21405.2,27/09/23,3686
INV248062,Parking technology services,Reino Int’l Pty Ltd T/A Duncan Solutions,0.1m,25/08/18,3623
INV248063,Parking technology services,Reino International Pty ,0.1m,27/09/26,3623
INV248064,Management of Active Melbourne recreation facilities,Victorian YMCA Community Programming Pty. Ltd.,113387.78,2028-07-18,3615
INV248065,Graffiti management and pressure cleaning services,Calcorp Services Pty Ltd (AUS),32894.99 AUD,29/03/26,3668
INV248066,Vehicle tow away and impound services,Nationeide Towing Services,180254.48,27/09/20,3585
INV248067,Melbourne Town Hall venue management,REINO INTERNATIONAL PTY LTD T/A DUNCAN SOLUTIONS,247819.92 AUD,2029-08-06,3623
INV248068,Open spaces management - region 1,Citywide Service Solutions Pty Ltd,"$98,676.02",17/11/2026,3676
INV248069,Open spaces management - region 1,Citywide  Service  Solutions  Pty  Ltd,143342.93,03/10/2025,3676
INV248070,Building maintenance services,Programmed Facility Management Pty Ltd (AUS),"$26,929.04",01-Jan-2025,3630
INV248071,Graffiti management and pressure cleaning services,Calcorp Services Pty Ltd,111184.05 AUD,2027-06-28,3668
INV248072,Street cleaning,spotless facility services pty ltd,106450.3,13/06/2027,3669
INV248073,Management of Active Melbourne recreation facilities,Victorian,94926.99,19-Jul-2026,3615
INV248074,Management of Active Melbourne recreation facilities,Victorian YMCA Communi,0.1m,03/03/2029,3615
INV248075,Street cleaning,Spotless Facility,174482.37 AUD,29/10/19,3669
INV248076,Parking technology services,Reino  International  Pty  Ltd  T/A  Duncan  Solutions,9522.43,27 December 2027,3623
INV248077,Management of Active Melbourne recreation facilities,victorian ymca community programming pty ltd,2911.57 AUD,27/11/2029,3615
INV248078,Integrated security services,NATIONAL PROTECTIVE SERVICES PTY LTD,0.1m,28/02/22,3686
INV248079,Open spaces management - region 2,SERCO,97284.89 AUD,21 May 2025,3677
INV248080,Integrated security services,Menzies International (Aust) Pty Ltw,136086.79,2026-05-31,3634
INV248081,Graffiti management and pressure cleaning services,Calcorp Services Pty Ltd,0.2m,06 September 2028,3668
INV248082,Open spaces management - region 1,Citywide Service Solutions Pty Ltd (AU),50900.0,09-Jan-2025,3676
INV248083,Street cleaning,SPOTLESS FACILITY SERVICES PTY LTD,0.2m,28/03/08,3669
INV248084,Management of Active Melbourne recreation facilities,Victorian Ymca Community Programming Pty Ltd,204783.06,10-Jul-2025,3615
INV248085,Waste management services,Cleanaway  Waste  Management  Limited,0.0m,2025-03-06,3556
INV248086,Graffiti management and pressure cleaning services,Calcorp Services Pty. Ltd.,8086.13,06/10/2028,3668
INV248087,Civil infrastructure services,Citywide  Service  Solutions  Pty  Ltd,"$179,815.03",19/08/2027,3665
INV248088,Building maintenance services,Programmed Facility,"$23,724.88",04-May-2027,3630
INV248089,Open spaces management - region 2,serco,19387.7,04/11/2029,3677
INV248090,Vehicle tow away and impound services,nationwide towing services,86450.37 AUD,27-Dec-2028,3585
INV248091,Open spaces management - region 2,SERCO (AUS),0.2m,16-May-2029,3677
INV248092,Management of Active Melbourne recreation facilities,Victorian Ymca Community Programming Pty Ltd,74104.47,28/04/06,3615
INV248093,Open spaces management - region 2,SERCO,0.1m,21/04/2025,3677
INV248094,Graffiti management and pressure cleaning services,CalcorpServicesPtyLtd,,27/07/2028,3668
INV248095,Melbourne Town Hall venue management,Showtixe Event Group Pty Ltd,183262.48 AUD,10 July 2028,3670
INV248096,Civil infrastructure services,Citywide Service Solutions Pty Ltd,102818.65,05 March 2029,3665
INV248097,Parking technology services,Reino International Pty Ltd T/A Duncan Solutions,3696.51 AUD,03 February 2028,3623
INV248098,Open spaces management - region 2,SERCO,89015.16,26/10/2027,3677
INV248099,Street cleaning,Spotless  Facility  Services  Pty  Ltd,"$31,474.56",27/03/08,3669
INV248100,Parking technology services,Reino International P/L T/A Duncan Solutions,0.2m,14/05/2029,3623
INV248101,Tree management maintenance services,Citywide Service Solutions Pty Ltd (AUS),201309.78,05-Nov-2027,3678
INV248102,Waste management services,Cleanaway Waste Management Limited,55946.39 AUD,28/06/2029,3556
INV248103,Street cleaning,Spotless Facility Services P/L,3736.37 AUD,15-Aug-2025,3669
INV248104,Civil infrastructure services,Citywide Service Solutions Pty Ltd (AU),"$108,286.02",26/03/28,3665
INV248105,Tree management maintenance services,CitywideServiceSolutionsPtyLtd,35235.41 AUD,09-Dec-2027,3678
INV248106,Street cleaning,Spotless,0.1m,02-Dec-2026,3669
INV248107,Graffiti management and pressure cleaning services,Calcorp Serv,82418.45 AUD,06/02/2029,3668
INV248108,Parking technology services,Reino International Pty Ltd T/A Duncan Solutions,239719.28,21-Jan-2025,3623
INV248109,Graffiti management and pressure cleaning services,Calcorp Services Pty. Ltd.,58404.6,13-Jul-2028,3668
INV248110,Open spaces management - region 2,SERCO,"$169,450.06",14 June 2025,3677
INV248111,Management of Active Melbourne recreation facilities,Victorian Ymca Community Programming Pty Ltd,"$21,443.69",26/02/05,3615
INV248112,Tree management maintenance services,CITYWIDE SERVICE SOLUTIONS PTY LTD,"$186,458.43",29/05/20,3678
INV248113,Integrated security services,National  Protective  Services  Pty  Ltd,0.2m,16/03/2028,3686
INV248114,Melbourne Town Hall venue management,Showtime Event Group kty Ltd,88666.34,01/05/2026,3670
INV248115,Building cleaning services,Menzies International (Aust) Pty Ltd (AUS),93484.07,25-Jun-2027,3634
INV248116,Civil infrastructure services,CitywideServiceSolutionsPtyLtd,216623.48,18 May 2027,3665
INV248117,Street cleaning,Spotless Facility Servicfs Pty Ltd,199841.96,02-Mar-2025,3669
INV248118,Parking technology services,Reino Int’l Pty Ltd T/A Duncan Solutions,"$85,327.64",13 January 2025,3623
INV248119,Street cleaning,Spotless Facility,139384.63,24 October 2025,3669
INV248120,Integrated security services,National  Protective  Services  Pty  Ltd,"$18,090.63",26/08/01,3686
INV248121,Building cleaning services,Menzies International (Aust) P/L,131064.05 AUD,30/09/2025,3634
INV248122,Parking technology services,ReinoInternationalPtyLtdT/ADuncanSolutions,126212.29 AUD,25/10/17,3623
INV248123,Vehicle tow away and impound services,Nationwide Towing Services (AUS),97258.9,10 January 2028,3585
INV248124,Tree management maintenance services,Citywide Service Solutions Pty Ltd,"$81,127.45",28/06/2025,3678
INV248125,Building cleaning services,Menzies  International  (Aust)  Pty  Ltd,108213.01 AUD,2025-10-07,3634
INV248126,Tree management maintenance services,Citywide Service Solutions Pty Ltd,"$49,337.61",19/10/2025,3678
INV248127,Management of Active Melbourne recreation facilities,VictorianYMCACommunityProgrammingPtyLtd,168071.49 AUD,02-Dec-2025,3615
INV248128,Building cleaning services,Menzies International (Aust) Pty Ltd,53648.8 AUD,26/05/2026,3634
INV248129,Building maintenance services,Cleanaway Waste Mgmt Limited,84623.62,21/08/2025,3556
INV248130,Tree management maintenance services,Citywide,"$14,630.41",2026-12-13,3678
INV248131,Vehicle tow away and impound services,Menzies Internatio,68754.21 AUD,26/10/29,3634
INV248132,Tree management maintenance services,Citywide Service Solutions Pty Ltd,"$93,642.84",2027-05-24,3678
INV248133,Open spaces management - region 1,Citywide Service Solutions Pty Ltd,54192.49,04/11/2027,3676
INV248134,Building cleaning services,Menzies Internatio,195079.79,2026-04-09,3634
INV248135,Waste management services,Cleanaway Waste Management Limfted,"$195,612.39",16/04/2026,3556
INV248136,Open spaces management - region 1,Citywide Service ,0.1m,25/11/2026,3676
INV248137,Melbourne Town Hall venue management,Showtime Event Group Pty Ltd,"$163,758.2",31-May-2026,3670
INV248138,Open spaces management - region 1,Citywide Service ,0.2m,18 April 2028,3676
INV248139,Tree management maintenance services,Citywide Service Solutions Pty Ltd (AU),174398.82,19/08/2028, 
INV248140,Building cleaning services,Menzies Int’l (Aust) Pty Ltd,0.1m,25/07/2029,3634
INV248141,Waste management services,Cleanaway Waste Management Ltd,49636.7,26/12/30,3556
INV248142,Building cleaning services,menzies international (aust) pty ltd,110725.48 AUD,05-Sep-2029,3634
INV248143,Graffiti management and pressure cleaning services,CALCORP SERVICES PTY LTD,"$232,620.9",14-Feb-2027,3668
INV248144,Tree management maintenance services,citywide service solutions pty ltd,36603.12,27/07/22,3678
INV248145,Vehicle tow away and impound services,Nationwide To,43683.83,10 July 2026,3585
INV248146,Open spaces management - region 2,Serco,100826.7,2026-07-28,3677
INV248147,Building cleaning services,Menzies International (Aust) Pty Ltd,0.2m,27-Dec-2029,3634
INV248148,Building cleaning services,Menzies International (Aust) Pty Ltd (AU),104314.54 AUD,10-Sep-2028,3634
INV248149,Management of Active Melbourne recreation facilities,Victorian YMCA Community Programming Pty. Ltd.,235951.0 AUD,22-Nov-2027,3615
INV248150,Street cleaning,Spotless Facility,126009.33,14/05/2027,3669
INV248151,Parking technology services,reino international pty ltd t/a duncan solutions,"$111,314.01",2026-08-27,3623
INV248152,Open spaces management - region 1,Citywide Service Solutions Pty. Ltd.,0.2m,2029-06-05,3676
INV248153,Management of Active Melbourne recreation facilities,Victorian YMCA Community Programming Pty. Ltd.,58494.43 AUD,20-May-2029,3615
INV248154,Open spaces management - region 1,Citywide Service Solutions Pty Ltd,"$64,857.68",22/07/2027,3676
INV248155,Parking technology services,Reino International Pty ,"$41,297.57",17/09/2028,3623
INV248156,Building maintenance services,Programmed,"$92,521.73",2025-05-28,3630
INV248157,Management of Active Melbourne recreation facilities,Victorian YMCA Community Programming Pty Ltd (AUS),145843.8,14-Apr-2028,3615
INV248158,Building maintenance services,Programmed Facility Mgmt Pty Ltd,111448.95 AUD,26-Feb-2027, 
INV248159,Building cleaning services,Menzies International (Aust) Pty Ltd,220693.49 AUD,26/09/25,3634
INV248160,Tree management maintenance services,CLEANAWAY WASTE MANAGEMENT LIMITED,46716.1,09/06/2026,3556
INV248161,Civil infrastructure services,Citywide Service ,243349.21,31/10/2029,3665
INV248162,Building cleaning services,Menzies International (Aust) Pty Ltd,83459.59 AUD,26/02/16,3634
INV248163,Street cleaning,Spotless Facility Services Pty Ltd,17171.4,31-Oct-2029,3669
INV248164,Parking technology services,Reino  International  Pty  Ltd  T/A  Duncan  Solutions,109663.88 AUD,23 May 2025,3623
INV248165,Street cleaning,spotless facility services pty ltd,83406.21 AUD,01/09/2029,3669
INV248166,Graffiti management and pressure cleaning services,Calcorp Services Pty Ltd (AUS),158423.4 AUD,25/01/08,3668
INV248167,Open spaces management - region 1,Citywide  Service  Solutions  Pty  Ltd,19035.27,2027-12-27,3676
INV248168,Street cleaning,spotless facility services pty ltd,209497.31 AUD,26 November 2026,3669
INV248169,Graffiti management and pressure cleaning services,Calcorp Services Pty Ltd,218238.93 AUD,28/03/20,3668
INV248170,Management of Active Melbourne recreation facilities,Victorian YMCA Communi,0.1m,21/11/2029,3615
INV248171,Parking technology services,Reino Int’l Pty Ltd T/A Duncan Solutions,0.2m,19-Dec-2026,3623
INV248172,Building cleaning services,Menzies International (Aust) Pty. Ltd.,136463.43,29/09/24,3634
INV248173,Integrated security services,National Protective Services Pty Ltd,"$105,423.84",2026-11-04,3686
INV248174,Parking technology services,Reino International Pty Ltd T/A Duncan Solutions,67251.21,2028-03-03, 
INV248175,Management of Active Melbourne recreation facilities,VICTORIAN YMCA COMMUNITY PROGRAMMING PTY LTD,150931.17,05/04/2025,3615
INV248176,Vehicle tow away and impound services,Nationwide Towing Services,105158.39,01/03/2028,3585
INV248177,Waste management services,Cleanaway Waste Management Limited,219559.16,17/12/2027,3556
INV248178,Open spaces management - region 2,SERCO,23407.44,2027-04-12,3677
INV248179,Building maintenance services,Programmed Facility,94614.21 AUD,25 April 2026,3630
INV248180,Parking technology services,CITYWIDE SERVICE SOLUTIONS PTY LTD,87140.98 AUD,11/12/2028,3676
INV248181,Street cleaning,Spotless Facility Services Pty Ltd,0.0m,2026-08-13,3669
INV248182,Open spaces management - region 1,Citywide Service Solutions P/L,158401.01,25 November 2027,3676
INV248183,Melbourne Town Hall venue management,Showtime Event Group Pty Ltd,77952.32,10-Apr-2028,3670
INV248184,Building cleaning services,menzies international (aust) pty ltd,103258.95 AUD,19/06/2025,3634
INV248185,Tree management maintenance services,Citywide Service Solutions Pty Ltd,0.2m,2029-07-19,3678
INV248186,Integrated security services,National Protective Services P/L,0.1m,25/11/2028, 
INV248187,Vehicle tow away and impound services,National Protectiv,0.1m,08/11/2026,3686
INV248188,Waste management services,Cleanaway Waste M,31230.77,2026-09-30,3556
INV248189,Building maintenance services,Programmed Facility Mgmt Pty Ltd,113604.61 AUD,27/04/28,3630
INV248190,Melbourne Town Hall venue management,Showtime  Event  Group  Pty  Ltd,71880.51 AUD,29/05/04, 
INV248191,Parking technology services,Reino International Pty ,184391.72,29/12/2025,3623
INV248192,Melbourne Town Hall venue management,Showtime Event Group Pty Ltd,52151.4,19 September 2025,3670
INV248193,Vehicle tow away and impound services,NationwideTowingServices,24654.9 AUD,28/09/29,3585
INV248194,Parking technology services,Reino Internatoonal Pty Ltd T/A Duncan Solutions,0.1m,30 January 2026,3623
INV248195,Integrated security services,Showtime Event Group P/L,92447.85,11/10/2026,3670
INV248196,Open spaces management - region 1,citywide service solutions pty ltd,"$144,153.37",2025-04-20,3676
INV248197,Tree management maintenance services,Citywide Service Solutions Pty Ltd,19192.75,28/03/25,3678
INV248198,Tree management maintenance services,Citywide Service Solutions Pty Ltd,0.2m,19/10/2029,3678
INV248199,Street cleaning,spotless facility services pty ltd,21182.6 AUD,28 November 2029,3669
INV248200,Melbourne Town Hall venue management,ShowtimeEventGroupPtyLtd,144794.26,2027-05-03,3670
INV248201,Graffiti management and pressure cleaning services,Calcorp Services Pty Ltd (AUS),0.0m,2028-10-23,3668
INV248202,Tree management maintenance services,Citywide Service ,0.0m,25/09/19,3678
INV248203,Graffiti management and pressure cleaning services,calcorp services pty ltd,22102.82,06/04/2027,3668
INV248204,Graffiti management and pressure cleaning services,Calcorp  Services  Pty  Ltd,204998.81,21/05/2028,3668
INV248205,Parking technology services,Reino International Pty Ltd T/A Duncan Solutions (AU),174732.71 AUD,04/01/2028,3623
INV248206,Management of Active Melbourne recreation facilities,Victorian YMCA Communi,0.0m,28 May 2029,3615
INV248207,Vehicle tow away and impound services,MENZIES INTERNATIONAL (AUST) PTY LTD,153665.27,04/09/2025,3634
INV248208,Civil infrastructure services,Citywide Service Solutions Pty Ltd,0.0m,02-May-2027,3665
INV248209,Building cleaning services,Menzies International (Aust) Pty Ltd (AU),0.2m,2029-09-09,3634
INV248210,Open spaces management - region 2,SERCO (AUS),164804.46 AUD,2028-08-16, 
INV248211,Vehicle tow away and impound services,Nationwide Towiwg Services,145293.57 AUD,13-Oct-2025,3585
INV248212,Building cleaning services,Menzies International (Aust) Pty. Ltd.,"$61,783.31",10/12/2027,3634
INV248213,Graffiti management and pressure cleaning services,Calcorp Services Pty Ltd (AU),,2028-03-12,3668
INV248214,Management of Active Melbourne recreation facilities,Victorian Ymca Community Programming Pty Ltd,"$162,987.73",2028-08-04,3615
INV248215,Open spaces management - region 2,serco,206414.37 AUD,16/09/2027,3677
INV248216,Open spaces management - region 2,serco,74701.5,21/11/2026,3677
INV248217,Civil infrastructure services,Citywide Service qolutions Pty Ltd,166403.39,26/04/10,3665
INV248218,Melbourne Town Hall venue management,Showtime Event Group P/L,18412.34,24/01/2027,3670
INV248219,Tree management maintenance services,Citywide Service ,148548.7,29/07/05,3678
INV248220,Building maintenance services,Programmed Facility Management Pty Ltd (AUS),33486.57,2028-04-03,3630
INV248221,Street cleaning,Spotless Facility Services Pty Ltd,"$142,636.46",30-Jan-2025,3669
INV248222,Graffiti management and pressure cleaning services,Calcorp Services Pty Ltd,146449.05,21/10/2029,3668
INV248223,Parking technology services,reino international pty ltd t/a duncan solutions,0.2m,29/03/17,3623
INV248224,Graffiti management and pressure cleaning services,Calcorp Serv,121207.17 AUD,24/11/2029,3668
INV248225,Open spaces management - region 2,SERCO,26517.45,25/02/04,3677
INV248226,Open spaces management - region 2,SERCO (AU),157055.16,08 October 2027,3677
INV248227,Tree management maintenance services,Citywide Service Solutions Pty Ltd (AU),184467.05 AUD,17/04/2025,3678
INV248228,Management of Active Melbourne recreation facilities,Victorian Ymca Community Programming Pty Ltd,"$104,078.59",19/12/2025,3615
INV248229,Integrated security services,NATIONAL PROTECTIVE SERVICES PTY LTD,198469.9,25/04/30,3686
INV248230,Building cleaning services,Menzies International (Aust) Pty Ltd (AUS),199733.36,25/03/2026,3634
INV248231,Melbourne Town Hall venue management,SHOWTIME EVENT GROUP PTY LTD,0.1m,27/05/08,3670
INV248232,Open spaces management - region 2,Cleanaway Waste Management Limited,0.0m,2027-11-03,3556
INV248233,Management of Active Melbourne recreation facilities,Victorian YMCA Community Programming Pty Ltd,0.1m,2025-09-14,3615
INV248234,Building cleaning services,MENZIES INTERNATIONAL (AUST) PTY LTD,191654.86,25/10/14,3634
INV248235,Waste management services,Cleanaway  Waste  Management  Limited,28498.24,09-Sep-2026,3556
INV248236,Melbourne Town Hall venue management,Showtime Event Group P/L,149191.73,01/02/2025,3670
INV248237,Management of Active Melbourne recreation facilities,Victorian  YMCA  Community  Programming  Pty  Ltd,"$114,291.13",2029-06-16,3615
INV248238,Street cleaning,Spotless Facility Services Pty Ltd (AUS),77621.81 AUD,20 December 2029,3669
INV248239,Graffiti management and pressure cleaning services,Calcorp Services Pty Ltd (AU),0.2m,14/02/2025,3668
INV248240,Building cleaning services,Menzies International (Aust) Pty Ltd,8426.44,16-Dec-2026,3634
INV248241,Open spaces management - region 2,SERCO,217360.7,23-Nov-2029,3677
INV248242,Open spaces management - region 2,SERCO,102669.46,30 November 2027,3677
INV248243,Street cleaning,Spotless Facility Services Pty Ltd (AU),"$113,132.38",23/12/2029,3669
INV248244,Street cleaning,spotless facility services pty ltd,"$110,894.48",2027-03-01,3669
INV248245,Vehicle tow away and impound services,Nationwide Towing Services,"$123,052.52",16 May 2026,3585
INV248246,Melbourne Town Hall venue management,Menzies International (Aust) P/L,31461.72,27-Nov-2027,3634
INV248247,Open spaces management - region 2,SERCO (AU),"$125,060.65",11 December 2029,3677
INV248248,Street cleaning,Spotless Facility,30222.4,20/02/2025,3669
INV248249,Integrated security services,NATIONAL PROTECTIVE SERVICES PTY LTD,58553.51 AUD,25-Jun-2026,3686
INV248250,Civil infrastructure services,Citywide Service Solutions P/L,"$152,867.0",16/02/2029,3665
INV248251,Open spaces management - region 2,Serco,"$101,950.16",03-Feb-2028,3677
INV248252,Integrated security services,National Protective Sewvices Pty Ltd,175041.93 AUD,02-Sep-2026,3686
INV248253,Vehicle tow away and impound services,NationwideTowingServices,"$89,523.24",2027-07-31,3585
INV248254,Open spaces management - region 2,serco,109774.19,2025-08-24,3677
INV248255,Open spaces management - region 1,Citywide Service Solutions Pty Ltd (AUS),"$234,859.26",28 May 2025, 
INV248256,Open spaces management - region 2,SERCO,161764.07,2025-01-09,3677
INV248257,Management of Active Melbourne recreation facilities,Victorian YMCA Community Programming Pty Ltd,0.2m,2025-03-25,3615
INV248258,Open spaces management - region 2,SERCO (AU),245705.49 AUD,20/02/2026,3677
INV248259,Civil infrastructure services,Citywide Service Solutions Pty. Ltd.,"$92,945.03",2026-08-24,3665
INV248260,Street cleaning,Spotless Facility,0.2m,2028-05-24,3669
INV248261,Melbourne Town Hall venue management,Showtime Event Group Pty ztd,,17/11/2027,3670
INV248262,Parking technology services,ReinoInternationalPtyLtdT/ADuncanSolutions,"$177,518.58",17/05/2028,3623
INV248263,Open spaces management - region 2,SERCO,186069.19,21-Nov-2025,3677
INV248264,Waste management services,Cleanaway,30844.68,26/01/03,3556
INV248265,Waste management services,cleanaway waste management limited,"$191,273.59",17-Mar-2029,3556
INV248266,Integrated security services,National Protective Services Pty Ltd,45849.93 AUD,30 March 2027,3686
INV248267,Civil infrastructure services,Citywide Service Solutions Pty Ltd,215098.14,30 August 2028,3665
INV248268,Parking technology services,Reino International Pty Ltd T/A Duncan Solutions (AU),130194.93,28/04/24,3623
INV248269,Vehicle tow away and impound services,Nationwide Towing Services (AU),"$31,800.63",28/10/2025,3585
INV248270,Street cleaning,Spotless Facility Services P/L,0.0m,2025-02-27,3669
INV248271,Vehicle tow away and impound services,Nationwide Towing Services,42856.67,16 May 2028,3585
INV248272,Parking technology services,Reino International Pty Ltd T/A Duncan Solutions,0.0m,2027-07-11,3623
INV248273,Waste management services,Cleanaway Waste M,"$140,286.91",,3556
INV248274,Civil infrastructure services,Citywide Service Solutions Pty Ltd,"$135,882.38",28/02/21,3665
INV248275,Open spaces management - region 2,SERCO,"$137,937.7",28/01/16,3677
INV248276,Street cleaning,Spotless Facility Services Pty Ltd,0.2m,04/04/2027,3669
INV248277,Open spaces management - region 2,serco,"$239,334.37",04/08/2028,3677
INV248278,Building maintenance services,Programmpd Facility Management Pty Ltd,156976.88,24-Dec-2027,3630
INV248279,Open spaces management - region 2,SERCO,0.2m,18/01/2026,3677
INV248280,Open spaces management - region 1,Citywide Service Solutions Pty. Ltd.,0.2m,17/03/2029,3676
INV248281,Melbourne Town Hall venue management,Showtime Event Group Pty Ltd (AU),27092.94,26/12/2025,3670
INV248282,Street cleaning,SpotlessxFacility Services Pty Ltd,191129.55,05/12/2027,3669
INV248283,Melbourne Town Hall venue management,Showyime Event Group Pty Ltd,182163.43,26/03/05,3670
INV248284,Parking technology services,Reino Intl Pty Ltd T/A Duncan Solutions,"$148,481.4",01/05/2026,3623
INV248285,Integrated security services,National Protective Services Pty Ltd (AU),0.2m,2027-08-30,3686
INV248286,Open spaces management - region 1,Citywide Service Solutions Pty. Ltd.,13391.5,09-Apr-2029,3676
INV248287,Melbourne Town Hall venue management,Showtime,101896.33,25/03/08,3670
INV248288,Building cleaning services,Menzies International (Aust) Pty Ltd,21737.07,08 September 2026,3634
INV248289,Management of Active Melbourne recreation facilities,Victorian  YMCA  Community  Programming  Pty  Ltd,164856.38,17/02/2025,3615
INV248290,Waste management services,cleanaway waste management limited,75279.03 AUD,19 November 2027,3556
INV248291,Melbourne Town Hall venue management,SHOWTIME EVENT GROUP PTY LTD,"$124,540.71",08 November 2025,3670
INV248292,Integrated security services,National Protective Services P/L,54326.96,28/08/2026,3686
INV248293,Integrated security services,Nationwide,160916.06 AUD,12/04/2028,3585
INV248294,Street cleaning,Spotless Facility Services P/L,"$109,550.78",22-Nov-2029,3669
INV248295,Waste management services,Cleanaway Waste Management LTD,96788.3 AUD,27 September 2025,3556
INV248296,Civil infrastructure services,Citywide Service Solutions Pty Ltd (AU),"$94,686.6",24/04/2027,3665
INV248297,Integrated security services,NationalProtectiveServicesPtyLtd,228440.03 AUD,28/08/2028, 
INV248298,Management of Active Melbourne recreation facilities,Victorian YMCA Community Programming Pty Ltd (AUS),0.1m,27/03/2029,3615
INV248299,Integrated security services,National Protective Services Pty Ltd (AU),,02/03/2029,3686
INV248300,Open spaces management - region 1,Citywide Service Solutions Pty. Ltd.,155068.05,27/05/2029,3676
INV248301,Melbourne Town Hall venue management,Showtime Event Group Pty Ltd (AU),"$175,343.93",19-Feb-2026,3670
INV248302,Civil infrastructure services,Citywide  Service  Solutions  Pty  Ltd,"$73,193.64",14 May 2026,3665
INV248303,Tree management maintenance services,Citywide Service ,194776.02,11 August 2028,3678
INV248304,Integrated security services,National Protective Services Pty Ltd (AUS),224413.36,15 August 2029,3686
INV248305,Integrated security services,National Protective Services Pty Ltd (AUS),218778.47,2025-07-26,3686
INV248306,Graffiti management and pressure cleaning services,Calcorp,182620.22,03/04/2025,3668
INV248307,Tree management maintenance services,Citywide Service Solutions Pty Ltd (AU),71144.91,26/12/10,3678
INV248308,Building maintenance services,Programmed Facility Mgmt Pty Ltd,147538.96,16/02/2026,3630
INV248309,Building cleaning services,Menzies Internatio,38029.48,03-Nov-2029,3634
INV248310,Open spaces management - region 1,Citywide Service Solutions Pty Ltd,"$246,904.69",28/03/14,3676
INV248311,Integrated security services,National Protective Services Pty Ltd,"$222,341.72",28 March 2025,3686
INV248312,Waste management services,Cleanaway Waste Management Limited,"$49,989.39",28/10/01,3556
INV248313,Tree management maintenance services,Citywide wervice Solutions Pty Ltd,0.0m,25/10/12,3678
INV248314,Building maintenance services,Showtime Event Group Pty. Ltd.,170872.14,17-Jan-2027,3670
INV248315,Integrated security services,National Protective Services Pty Ltd,0.2m,07-Sep-2026,3686
INV248316,Building maintenance services,Programmed Facility Management Pty Ltd (AU),188687.3,26/12/04,3630
INV248317,Open spaces management - region 2,SERCO (AUS),220319.94,04-Oct-2029,3677
INV248318,Vehicle tow away and impound services,Nationwide Towing Services (AU),31546.96,28-Dec-2026,3585
INV248319,Open spaces management - region 1,CITYWIDE SERVICE SOLUTIONS PTY LTD,40029.2 AUD,23/12/2026,3676
INV248320,Vehicle tow away and impound services,Nationwide  Towing  Services,156273.37 AUD,17/04/2025,3585
INV248321,Open spaces management - region 2,SERCO,"$134,203.48",2028-09-07,3677
INV248322,Melbourne Town Hall venue management,SERCO,146922.07 AUD,25/04/2025,3677
INV248323,Graffiti management and pressure cleaning services,Calcorp Services Pty Ltd,206533.63,2026-03-04,3668
INV248324,Civil infrastructure services,CitywideServiceSolutionsPtyLtd,232546.14 AUD,17/12/2029,3665
INV248325,Building cleaning services,Menzies  International  (Aust)  Pty  Ltd,206715.61,2026-04-07,3634
INV248326,Waste management services,programmed facility management pty ltd,233794.15,01/05/2026,3630
INV248327,Open spaces management - region 2,SERCO,132405.77 AUD,21 May 2028,3677
INV248328,Civil infrastructure services,Citywide Service Solutions Pty. Ltd.,"$90,157.61",26/09/18,3665
INV248329,Street cleaning,NationalProtectiveServicesPtyLtd,0.2m,2025-06-01,3686
INV248330,Street cleaning,Spotless Facility Services Pty Ltd,"$80,432.35",2027-03-02, 
INV248331,Building maintenance services,Programmed Facility Management Pty Ltd (AUS),137289.9 AUD,2027-02-23,3630
INV248332,Open spaces management - region 1,Citywide Service Solutions Pty Lqd,129629.73,27/05/2027,3676
INV248333,Civil infrastructure services,Citywide Service Solutions Pty Ltd,198088.87 AUD,19/09/2026,3665
INV248334,Graffiti management and pressure cleaning services,Calcorp Services Pty Ltd,"$129,043.87",10/01/2026,3668
INV248335,Graffiti management and pressure cleaning services,Calcorp Serv,125180.61,25/10/2028,3668
INV248336,Building cleaning services,Menzies International (Aust) Pty Ltd (AUS),"$15,970.51",26/09/2028, 
INV248337,Open spaces management - region 1,CitywideServiceSolutionsPtyLtd,37277.16,30/10/2026,3676
INV248338,Melbourne Town Hall venue management,Showtime Event Group Pty Ltd,73568.86 AUD,06/06/2028,3670
INV248339,Tree management maintenance services,Citywide Service Solutions Pty Ltd (AUS),205068.67 AUD,17/01/2029, 
INV248340,Building cleaning services,Menzies International (Aust) Pty Ltd,"$23,075.43",22/06/2028, 
INV248341,Parking technology services,Reino  International  Pty  Ltd  T/A  Duncan  Solutions,1234.97 AUD,04 December 2029,3623
INV248342,Tree management maintenance services,Citywide Service Solutions Pty Ltd,196093.86,07 September 2028,3678
INV248343,Parking technology services,Reino  International  Pty  Ltd  T/A  Duncan  Solutions,172109.77,27-Jun-2029,3623
INV248344,Open spaces management - region 1,citywide service solutions pty ltd,42250.17,2028-12-04,3676
INV248345,Civil infrastructure services,CITYWIDE SERVICE SOLUTIONS PTY LTD,8821.79,01 November 2029,3665
INV248346,Integrated security services,National  Protective  Services  Pty  Ltd,113532.05,26/02/19,3686
INV248347,Tree management maintenance services,Citywide Service Solutions P/L,"$31,203.29",19-Aug-2028,3678
INV248348,Open spaces management - region 1,Citywide,209086.28,2029-02-18,3676
INV248349,Parking technology services,Reino International Pty Ltd T/A Duncan Solutions,42444.5 AUD,16/12/2025,3623
INV248350,Building cleaning services,Menzies Int’l (Aust) Pty Ltd,0.1m,,3634
INV248351,Building cleaning services,Menzies Intl (Aust) Pty Ltd,0.2m,2029-07-04,3634
INV248352,Melbourne Town Hall venue management,Showtime Eyent Group Pty Ltd,57914.84,08/11/2028,3670
INV248353,Street cleaning,Spotless Facility Services Pty Ltd,"$187,476.2",10 January 2029,3669
INV248354,Parking technology services,Reino International Pty Ltd T/A Duncan Solutions (AUS),0.1m,22 December 2025,3623
INV248355,Management of Active Melbourne recreation facilities,Victorian YMCA Community Programming P/L,33399.34,17-May-2028,3615
INV248356,Civil infrastructure services,Citywide Service Solutions Pty Ltd,145797.72 AUD,03/02/2025,3665
INV248357,Integrated security services,Natioual Protective Services Pty Ltd,97699.46 AUD,2026-02-03,3686
INV248358,Vehicle tow away and impound services,NationwideTowingServices,175309.53,28/01/28,3585
INV248359,Building cleaning services,Menzies International (Aust) Pty Ltd,0.1m,16/07/2029,3634
INV248360,Tree management maintenance services,Citywide Service ,"$90,387.48",03-Jun-2028,3678
INV248361,Building maintenance services,Programmed Facility,0.2m,25/12/14,3630
INV248362,Open spaces management - region 2,serco,"$81,974.63",01 July 2025,3677
INV248363,Graffiti management and pressure cleaning services,Calcorp Services Pty Ltd (AU),0.2m,21/04/2026,3668
INV248364,Building cleaning services,Menzies Internatio,50382.51 AUD,06/01/2028,3634
INV248365,Open spaces management - region 1,citywide service solutions pty ltd,143601.01,2026-08-27,3676
INV248366,Graffiti management and pressure cleaning services,calcorp services pty ltd,"$98,142.57",11/04/2029,3668
INV248367,Building cleaning services,Menzies International (Aust) Pty Ltd,66784.74,05 May 2029,3634
INV248368,Open spaces management - region 1,Citywide Service ,167038.11,2026-04-01,3676
INV248369,Parking technology services,Reino International Pty Ltd T/A Duncan Solutions (AUS),84967.1,29/06/2025,3623
INV248370,Vehicle tow away and impound services,Nationwide Towing Services,0.2m,28/08/10,3585
INV248371,Open spaces management - region 2,SERCO,146694.42 AUD,13-Jul-2029,3677
INV248372,Street cleaning,Spotless Facility Services Pty Ltd,142960.22,20 April 2025,3669
INV248373,Vehicle tow away and impound services,Nationwide To,89196.67,2027-11-02,3585
INV248374,Melbourne Town Hall venue management,Showtime Event Group Pty Ltd,173760.42 AUD,28 July 2026,3670
INV248375,Open spaces management - region 2,SERCO,34242.76,03 March 2029,3677
INV248376,Integrated security services,national protective services pty ltd,121251.24,18/11/2029,3686
INV248377,Waste management services,Cleanaway Waste Management Limited (AUS),"$69,543.21",25 July 2027,3556
INV248378,Integrated security services,National  Protective  Services  Pty  Ltd,179239.68 AUD,07/09/2028,3686
INV248379,Street cleaning,Spotless Facility,49060.78,2029-02-24,3669
INV248380,Street cleaning,Spotless Facility,75156.68 AUD,19/07/2028,3669
INV248381,Melbourne Town Hall venue management,Showtime Event Group Pty Ltd,"$69,913.84",07/11/2026,3670
INV248382,Graffiti management and pressure cleaning services,Calcorp Services Pty Ltd (AU),0.2m,25/08/29,3668
INV248383,Civil infrastructure services,Citywide Service Solutions Pty Ltd,0.2m,2026-03-07,3665
INV248384,Parking technology services,Reino International Pty Ltd T/A Duncan Solutions,100638.95,2025-08-13,3623
INV248385,Waste management services,Cleanaway Waste Management Limited (AUS),0.0m,,3556
INV248386,Vehicle tow away and impound services,Nationwide Towing Services (AU),0.2m,27/05/2027,3585
INV248387,Integrated security services,National,189814.88,12-May-2026,3686
INV248388,Street cleaning,spotless facility services pty ltd,28293.91 AUD,11/11/2028,3669
INV248389,Civil infrastructure services,Citywide,"$69,487.93",28-Aug-2026,3665
INV248390,Parking technology services,Reino International Pty Ltd T/A Duncan Solutions (AUS),0.1m,06/03/2028,3623
INV248391,Waste management services,CLEANAWAY WASTE MANAGEMENT LIMITED,61342.45,24-Sep-2026,3556
INV248392,Open spaces management - region 2,SERCO,"$247,354.89",27/09/20,3677
INV248393,Building cleaning services,MENZIES INTERNATIONAL (AUST) PTY LTD,215235.5,25/05/2026,3634
INV248394,Open spaces management - region 1,Citywide  Service  Solutions  Pty  Ltd,163666.59 AUD,04/02/2025,3676
INV248395,Graffiti management and pressure cleaning services,Calcorp Serv,97836.53,28/08/08,3668
INV248396,Melbourne Town Hall venue management,Showtime Event Group Pty. Ltd.,77055.68,19/09/2027,3670
INV248397,Civil infrastructure services,Citywide  Service  Solutions  Pty  Ltd,0.1m,28/08/2028,3665
INV248398,Melbourne Town Hall venue management,SHOWTIME EVENT GROUP PTY LTD,"$24,821.06",22/06/2026,3670
INV248399,Melbourne Town Hall venue management,Showtise Event Group Pty Ltd,"$83,117.64",18-Oct-2029,3670
INV248400,Integrated security services,National Protective Services Pty Ltd (AU),0.2m,27/04/21,3686
INV248401,Open spaces management - region 2,SERCO (AUS),62283.73,19/09/2028, 
INV248402,Tree management maintenance services,CITYWIDE SERVICE SOLUTIONS PTY LTD,0.1m,17/02/2028,3678
INV248403,Open spaces management - region 2,SzRCO,"$61,940.79",27 December 2029,3677
INV248404,Tree management maintenance services,Citywide,127573.16,2025-12-05,3678
INV248405,Open spaces management - region 2,SERCO,21505.37,18-Oct-2025,3677
INV248406,Civil infrastructure services,citywide service solutions pty ltd,52157.58 AUD,26/07/28,3665
INV248407,Street cleaning,Spotless,195282.72,25/06/21,3669
INV248408,Vehicle tow away and impound services,Nationwide To,30980.56,31/08/2028,3585
INV248409,Street cleaning,Spotless Facility Services Pty Ltd (AU),0.0m,2026-05-14,3669
INV248410,Open spaces management - region 2,SERCO,225434.97,29/12/20,3677
INV248411,Graffiti management and pressure cleaning services,Calcorp Serv,0.2m,18 July 2029,3668
INV248412,Tree management maintenance services,Citywide Service Solutions Pty Ltd (AU),,07-Oct-2026,3676
INV248413,Open spaces management - region 1,Citywide Service Solutions Pty Ltd,137542.82,16/03/2025,3676
INV248414,Integrated security services,National Protective Services Poy Ltd,174087.45 AUD,2026-02-11,3686
INV248415,Melbourne Town Hall venue management,ShowtimeEventGroupPtyLtd,192349.3,2026-12-07,3670
INV248416,Management of Active Melbourne recreation facilities,Victorian YMCA Community Programming Pty Ltd (AUS),0.2m,2029-09-27,3615
INV248417,Tree management maintenance services,Citywide Service Solutions Pty Ltd (AUS),"$175,276.96",24/10/2025,3678
INV248418,Street cleaning,Spotless Facility Services Pty Ltd,181751.52,14-Mar-2026,3669
INV248419,Building cleaning services,Menzies Intl (Aust) Pty Ltd,0.1m,02/03/2025,3634
INV248420,Tree management maintenance services,Citywide,11120.68 AUD,2027-05-21,3678
INV248421,Management of Active Melbourne recreation facilities,Victorian  YMCA  Community  Programming  Pty  Ltd,102279.46,18 July 2025,3615
INV248422,Vehicle tow away and impound services,NationwideTowingServices,81669.24,2025-08-10,3585
INV248423,Open spaces management - region 2,Serco,55572.64,25/06/15,3677
INV248424,Open spaces management - region 1,CITYWIDE SERVICE SOLUTIONS PTY LTD,0.0m,09/04/2027,3676
INV248425,Open spaces management - region 1,Citywide Service Solutions Pty. Ltd.,68432.64,13-Sep-2027,3676
INV248426,Parking technology services,Menzies International (Aust) Pty Ltd,243643.41 AUD,26/11/29,3634
INV248427,Parking technology services,Reino International Pty Ltd T/A Duncan Solutions,180237.65,26/12/09,3623
INV248428,Building maintenance services,programmed facility management pty ltd,104747.79,21/03/2026,3630
INV248429,Street cleaning,Spotless Facility Services Pty Ltd,244068.58 AUD,09 September 2028,3669
INV248430,Graffiti management and pressure cleaning services,Calcorp Services Pty. Ltd.,"$13,325.49",25-May-2029,3668
INV248431,Parking technology services,Reino Internatjonal Pty Ltd T/A Duncan Solutions,178985.38,10/11/2027,3623
INV248432,Waste management services,Cleanaway Waste Mgmt Limited,0.1m,09 October 2027,3556
INV248433,Melbourne Town Hall venue management,Showtime Event,55739.16 AUD,2025-07-28,3670
INV248434,Open spaces management - region 1,CITYWIDE SERVICE SOLUTIONS PTY LTD,17058.51 AUD,26/07/05,3676
INV248435,Vehicle tow away and impound services,NationwideTowingServices,245900.24,06-Oct-2026,3585
INV248436,Building maintenance services,Programmed  Facility  Management  Pty  Ltd,118202.51,28/04/2027,3630
INV248437,Vehicle tow away and impound services,nationwide towing services,0.2m,2028-09-23,3585
INV248438,Integrated security services,National Protective Services Pty Ltd (AUS),10896.66,25/09/03,3686
INV248439,Melbourne Town Hall venue management,Showtime Event Group Pty Ltd (AU),0.2m,18 February 2026,3670
INV248440,Open spaces management - region 2,CitywideServiceSolutionsPtyLtd,24478.52,04/06/2025,3665
INV248441,Civil infrastructure services,Citywide Service Soludions Pty Ltd,115239.61,29/11/30,3665
INV248442,Melbourne Town Hall venue management,Showtime Event Group Pty Ltd (AU),"$97,193.99",19/01/2025,3670
INV248443,Melbourne Town Hall venue management,Showtime Event Group Pty Ltd (AU),0.0m,05/06/2029,3670
INV248444,Vehicle tow away and impound services,Nationwide,239739.78 AUD,13-Apr-2027,3585
INV248445,Melbourne Town Hall venue management,Showtime Event Group P/L,143367.69,13/04/2026,3670
INV248446,Management of Active Melbourne recreation facilities,victorian ymca community programming pty ltd,0.0m,2027-12-27,3615
INV248447,Graffiti management and pressure cleaning services,CalcorpServicesPtyLtd,102145.72,16-Oct-2028,3668
INV248448,Graffiti management and pressure cleaning services,calcorp services pty ltd,0.1m,24/06/2029,3668
INV248449,Integrated security services,National Protective Services Pty. Ltd.,185725.65 AUD,13 May 2027,3686
INV248450,Vehicle tow away and impound services,Nationwide Towing Services,54099.37 AUD,27/01/2029,3585
INV248451,Management of Active Melbourne recreation facilities,Victorian,"$15,857.13",14 May 2028,3615
INV248452,Street cleaning,Spotless,"$74,776.57",21-Sep-2026,3669
INV248453,Integrated security services,National Protective Services Pty Ltd (AUS),"$47,481.48",03-Jun-2027,3686
INV248454,Civil infrastructure services,Citywide Service Solutions Pty Ltd,220499.39,30/11/2029,3665
INV248455,Street cleaning,Spotless Facility Services P/L,0.0m,26/05/27,3669
INV248456,Melbourne Town Hall venue management,Showtime Event Group P/L,174918.27,26-Jun-2026,3670
INV248457,Open spaces management - region 1,Citywide Service Solutions Pty Ltd,96686.87 AUD,31-Aug-2026,3676
INV248458,Graffiti management and pressure cleaning services,Calcorp Services Pty Ltd (AU),0.1m,29/12/14,3668
INV248459,Building maintenance services,ProgrammedFacilityManagementPtyLtd,240897.3,07/08/2025,3630
INV248460,Integrated security services,National Protective Services P/L,202373.25 AUD,13/04/2029,3686
INV248461,Open spaces management - region 1,Citywide Service Solutions Pty Ltd (AUS),"$52,795.34",12 February 2028,3676
INV248462,Parking technology services,Reino International Pty Ltd T/A Duncan Solutions,0.1m,28/09/17,3623
INV248463,Tree management maintenance services,Citywide Service Solutions Pty Ltd,0.2m,2029-02-05,3678
INV248464,Street cleaning,Spotless Facility Services Pty. Ltd.,127085.19,26/03/2026,3669
INV248465,Parking technology services,Reino  International  Pty  Ltd  T/A  Duncan  Solutions,0.2m,23/08/2029,3623
INV248466,Vehicle tow away and impound services,Nationwide To,"$230,251.09",2027-07-30,3585
INV248467,Open spaces management - region 2,serco,110379.86 AUD,24 July 2027,3677
INV248468,Management of Active Melbourne recreation facilities,Victorian YMCA Community Programming Pty Ltd (AUS),"$110,014.86",08/04/2028,3615
INV248469,Integrated security services,NationalProtectiveServicesPtyLtd,185552.46,27/10/2029,3686
INV248470,Vehicle tow away and impound services,Nationwide  Towing  Services,134637.99,15 April 2029,3585
INV248471,Integrated security services,National Protective Services Pty. Ltd.,33497.28,28/06/03,3686
INV248472,Building maintenance services,Programmed Facility Mgmt Pty Ltd,0.1m,,3630
INV248473,Building maintenance services,Programmed Facility Mgmt Pty Ltd,"$67,518.98",14/08/2025,3630
INV248474,Melbourne Town Hall venue management,Siowtime Event Group Pty Ltd,0.0m,08/07/2027,3670
INV248475,Management of Active Melbourne recreation facilities,Victorian YMCA Community Programming Pty Ltd,"$3,099.29",2028-11-20,3615
INV248476,Parking technology services,Reino International Pty Ltd T/A Duncan Solutions (AUS),18982.67 AUD,14-Apr-2028,3623
INV248477,Graffiti management and pressure cleaning services,Calcorp Services Pty. Ltd.,52850.49 AUD,30/09/2025,3668
INV248478,Parking technology services,Reino  International  Pty  Ltd  T/A  Duncan  Solutions,107032.86 AUD,21/08/2028,3623
INV248479,Integrated security services,National Protective Services Pty Ltd (AU),0.1m,30-Apr-2027,3686
INV248480,Integrated security services,National,35614.74 AUD,26-Dec-2029,3686
INV248481,Open spaces management - region 2,SERCO,190438.44,04 March 2029,3677
INV248482,Tree management maintenance services,Citywide Service Solutions Pty Ltd (AUS),240100.01 AUD,2027-05-16,3678
INV248483,Vehicle tow away and impound services,nationwide towing services,0.1m,05/06/2028,3585
INV248484,Melbourne Town Hall venue management,ShowtimeEventGroupPtyLtd,154659.92,29/08/2029,3670
INV248485,Graffiti management and pressure cleaning services,Calcorp Services P/L,208654.0 AUD,23/12/2028,3668
INV248486,Vehicle tow away and impound services,Nationwide Towing Services,76942.05,17/07/2027,3585
INV248487,Street cleaning,Spotless Facility Services P/L,222562.49,30 November 2029,3669
INV248488,Street cleaning,Spotless Facility Services Pty Ltd,228505.77 AUD,17 March 2025,3669
INV248489,Waste management services,Cleanaway Waste Management Limited (AUS),227194.65,10/05/2027,3556
INV248490,Parking technology services,Reino International Pty Ltd T/A Duncan Solutions,244648.36,01 November 2025,3623
INV248491,Vehicle tow away and impound services,programmed facility management pty ltd,"$200,262.18",25/04/27,3630
INV248492,Building maintenance services,Menzies Internatio,0.1m,26/04/2027,3634
INV248493,Building cleaning services,Menzies Intl (Aust) Pty Ltd,230885.72,2027-01-20,3634
INV248494,Civil infrastructure services,Citywide Service Solutions Pty Ltd,191475.72,20/03/2025,3665
INV248495,Management of Active Melbourne recreation facilities,Victorian YMCA Community Programming Pty Ltd,"$144,395.28",31 July 2028,3615
INV248496,Graffiti management and pressure cleaning services,Calcorp Services Pty Ltd (AU),14081.94,28-Jun-2025,3668
INV248497,Melbourne Town Hall venue management,Showtime Event Group P/L,"$74,160.44",18 July 2029,3670
INV248498,Open spaces management - region 1,Citywide Service Solutions P/L,"$12,087.24",29 December 2027,3676
INV248499,Tree management maintenance services,Citywide Service Solutions Pty. Ltd.,"$127,584.96",16-Oct-2029,3678
INV248500,Integrated security services,National Protective Serviwes Pty Ltd,0.2m,09/03/2029,3686
INV248501,Waste management services,Cleanaway Waste Management Limited (AU),231296.56 AUD,09/02/2027,3556
INV248502,Street cleaning,Spotless Facility Services Pty Ltd,"$15,166.07",27/07/2029,3669
INV248503,Vehicle tow away and impound services,Nationvide Towing Services,"$134,642.23",25/03/06,3585
INV248504,Open spaces management - region 1,CitywideServiceSolutionsPtyLtd,176723.1,2026-11-08,3676
INV248505,Management of Active Melbourne recreation facilities,Victorian YMCA Community Programming Pty Ltd,143922.32,20/06/2026,3615
INV248506,Open spaces management - region 2,Serco,44440.14 AUD,2029-09-21,3677
INV248507,Parking technology services,Reino International Pty Ltd T/A Duncan Solutions,57683.89,06 December 2028,3623
INV248508,Management of Active Melbourne recreation facilities,Victorian  YMCA  Community  Programming  Pty  Ltd,0.1m,03 February 2025,3615
INV248509,Civil infrastructure services,Citywide Service Solutions Pty Ltd (AU),96458.96,12 February 2026,3665
INV248510,Waste management services,CitywideServiceSolutionsPtyLtd,"$74,305.81",2029-08-23,3676
INV248511,Building maintenance services,Programmed Facility Management Pty Ltd,"$194,509.01",12/10/2026,3630
INV248512,Open spaces management - region 1,Citywide Service Solutions Pty Ltd,79009.87 AUD,2028-04-13,3676
INV248513,Open spaces management - region 1,Citywide Service Solutions Pty. Ltd.,44742.98 AUD,21/02/2029, 
INV248514,Management of Active Melbourne recreation facilities,VICTORIAN YMCA COMMUNITY PROGRAMMING PTY LTD,0.1m,2028-10-16,3615
INV248515,Parking technology services,Reino International Pty Ltd T/A Duncan Solutions (AU),"$182,799.36",26 March 2025,3623
INV248516,Parking technology services,Reino Intl Pty Ltd T/A Duncan Solutions,100467.32,2026-06-15,3623
INV248517,Melbourne Town Hall venue management,Showtime,"$89,469.2",26/07/30,3670
INV248518,Melbourne Town Hall venue management,Showtime Event Group P/L,109311.54,09 February 2028,3670
INV248519,Graffiti management and pressure cleaning services,Calcorp  Services  Pty  Ltd,139026.39,26/03/08,3668
INV248520,Parking technology services,Reino International Pty Ltd T/A Duncan Solutions,0.0m,06-Oct-2028,3623
INV248521,Building cleaning services,Menzies International (Aust) Pty Ltd (AU),143674.32,02-Feb-2028,3634
INV248522,Vehicle tow away and impound services,Nationwide Towing Services (AUS),170134.16,29/11/24,3585
INV248523,Parking technology services,Reino International Pty ,102881.59,14-Nov-2029,3623
INV248524,Tree management maintenance services,Citywide Service ,0.1m,11-Feb-2027,3678
INV248525,Integrated security services,National Protective Services Pty Ltd,"$123,453.03",2026-12-23, 
INV248526,Open spaces management - region 2,SERCO,28435.99,2028-01-08,3677
INV248527,Tree management maintenance services,Citywide Service Solutions Pty Ltd,141675.88 AUD,02-Apr-2027,3678
INV248528,Management of Active Melbourne recreation facilities,Victorian YMCA Community Programming Pty Ltd (AUS),137519.88,14/12/2027,3615
INV248529,Melbourne Town Hall venue management,Showtime Event,"$39,329.19",2029-11-14,3670
INV248530,Vehicle tow away and impound services,Nationwide  Towing  Services,0.1m,03/06/2029,3585
INV248531,Building cleaning services,Menzies Intl (Aust) Pty Ltd,147983.41 AUD,2025-04-28,3634
INV248532,Open spaces management - region 1,Citywide Service Solutions P/L,130708.02 AUD,08/09/2027,3676
INV248533,Integrated security services,National Protective Services Pty Ltd (AUS),"$40,299.35",20 September 2027,3686
INV248534,Waste management services,MENZIES INTERNATIONAL (AUST) PTY LTD,"$9,373.91",22/04/2026,3634
INV248535,Open spaces management - region 1,Citywide Service Solutions P/L,119453.25,28/04/13,3676
INV248536,Tree management maintenance services,Citywide Service ,0.0m,15/10/2027,3678
INV248537,Vehicle tow away and impound services,Nationwide Towing Services (AUS),"$204,658.76",2029-03-02,3585
INV248538,Building cleaning services,menzies international (aust) pty ltd,0.0m,20 April 2026,3634
INV248539,Open spaces management - region 1,citywide service solutions pty ltd,64278.84 AUD,07/12/2026,3676
INV248540,Tree management maintenance services,CITYWIDE SERVICE SOLUTIONS PTY LTD,0.1m,13-Mar-2028, 
INV248541,Building maintenance services,Programmed Facility Management Pty. Ltd.,21712.25,29/05/02,3630
INV248542,Tree management maintenance services,Citywide Service Solutions Pty Ltd,,06 June 2028,3678
INV248543,Civil infrastructure services,CITYWIDE SERVICE SOLUTIONS PTY LTD,0.2m,29/06/03,3665
INV248544,Waste management services,CLEANAWAY WASTE MANAGEMENT LIMITED,235147.06,27/08/05,3556
INV248545,Graffiti management and pressure cleaning services,Calcorp Seyvices Pty Ltd,37314.57,2029-07-27,3668
INV248546,Waste management services,Cleanaway Waste eanagement Limited,246735.13 AUD,2028-09-21,3556
INV248547,Parking technology services,Reino Intl Pty Ltd T/A Duncan Solutions,192755.49,30/09/2029,3623
INV248548,Vehicle tow away and impound services,NationwideTowingServices,13556.19,2026-02-17,3585
INV248549,Integrated security services,National Protective Services Pty Ltd (AUS),166450.57 AUD,2028-09-05,3686
INV248550,Management of Active Melbourne recreation facilities,Victorian YMCA Community Programming Pty Ltd,245005.22,16/04/2025, 
INV248551,Open spaces management - region 2,SERCO,"$19,742.11",19-Dec-2029,3677
INV248552,Building maintenance services,ProgrammedFacilityManagementPtyLtd,0.1m,13 October 2025,3630
INV248553,Open spaces management - region 2,Serco,123420.0 AUD,10/07/2028,3677
INV248554,Open spaces management - region 2,SERCO (AU),150199.03 AUD,22-May-2027,3677
INV248555,Open spaces management - region 2,SuRCO,44433.92,11/01/2027,3677
INV248556,Parking technology services,ReinoInternationalPtyLtdT/ADuncanSolutions,112234.86 AUD,05 April 2028,3623
INV248557,Graffiti management and pressure cleaning services,CalcorpServicesPtyLtd,204421.93,01-Oct-2025,3668
INV248558,Integrated security services,Citywide Service ,38840.23,09-Jul-2028,3665
INV248559,Waste management services,Cleanaway Waste Management Limited (AU),96920.51,25/01/07,3556
INV248560,Tree management maintenance services,Citywide Service Solutions P/L,50509.12,27/12/02,3678
INV248561,Street cleaning,spotless facility services pty ltd,0.0m,27/10/03,3669
INV248562,Parking technology services,Reino International Pty Ltd T/A Duncan Solutions,205958.82 AUD,25/08/2027,3623
INV248563,Open spaces management - region 1,Citywide,"$56,926.31",27 December 2027,3676
INV248564,Tree management maintenance services,Citywide Service Solutikns Pty Ltd,110349.9,30/04/2029,3678
INV248565,Civil infrastructure services,CitywideServiceSolutionsPtyLtd,0.2m,27-Mar-2027,3665
INV248566,Open spaces management - region 1,Citywide Service Solutions Pty Ltd,105707.16,27/04/2027,3676
INV248567,Open spaces management - region 2,SERCO,"$78,036.81",28/02/03,3677
INV248568,Parking technology services,Reino International P/L T/A Duncan Solutions,170989.13,2025-03-08,3623
INV248569,Building maintenance services,Programmed Facility Management Pty Ltd,"$22,183.85",2028-07-05,3630
INV248570,Melbourne Town Hall venue management,Showtime Event Group Pty Ltd,120592.26,18 August 2026,3670
INV248571,Street cleaning,Spotless Facility Services Pty Ltd,"$103,923.03",01/03/2029,3669
INV248572,Waste management services,Cleanaway Waste oanagement Limited,,06/07/2029,3556
INV248573,Building cleaning services,Menzies Intl (Aust) Pty Ltd,130192.33,06/02/2027,3634
INV248574,Melbourne Town Hall venue management,menzies international (aust) pty ltd,239015.2,13-Apr-2028,3634
INV248575,Waste management services,Cleanaway Waste M,18003.94,07/03/2028,3556
INV248576,Vehicle tow away and impound services,Nationwide  Towing  Services,213770.75,21-Jan-2025,3585
INV248577,Melbourne Town Hall venue management,Showtime  Event  Group  Pty  Ltd,"$59,836.3",08-Aug-2028,3670
INV248578,Management of Active Melbourne recreation facilities,victorian ymca community programming pty ltd,"$52,549.0",31/07/2028,3615
INV248579,Open spaces management - region 2,SERCO,17371.55,15-Aug-2026,3677
INV248580,Parking technology services,Reino International Ptz Ltd T/A Duncan Solutions,146662.01 AUD,17/04/2029,3623
INV248581,Civil infrastructure services,CITYWIDE SERVICE SOLUTIONS PTY LTD,228025.16,28/12/2026,3665
INV248582,Building cleaning services,Menzies  International  (Aust)  Pty  Ltd,80388.64,01-Mar-2026,3634
INV248583,Open spaces management - region 1,Citywide Service Solusions Pty Ltd,14998.49,19-Nov-2027,3676
INV248584,Waste management services,CleanawayWasteManagementLimited,0.2m,13 November 2027, 
INV248585,Building cleaning services,Menzies Intl (Aust) Pty Ltd,0.1m,27/03/31,3634
INV248586,Vehicle tow away and impound services,Nationwide Towing Services,"$174,451.27",25/04/10,3585
INV248587,Building cleaning services,MENZIES INTERNATIONAL (AUST) PTY LTD,73933.14 AUD,29/07/04,3634
INV248588,Integrated security services,national protective services pty ltd,106162.36,2027-01-30,3686
INV248589,Civil infrastructure services,Citywide Service Solutions Pty ptd,17877.47,18/08/2028,3665
INV248590,Street cleaning,Spotless Facility Sarvices Pty Ltd,121049.86,29-Dec-2025,3669
INV248591,Civil infrastructure services,Citywide Service ,238935.29,25/11/2026, 
INV248592,Building cleaning services,menzies international (aust) pty ltd,196142.94 AUD,09/05/2026,3634
INV248593,Building maintenance services,Programmed Facility Management P/L,125497.92,2025-06-14,3630
INV248594,Building cleaning services,Menzies Intl (Aust) Pty Ltd,129121.39,09/10/2028,3634
INV248595,Melbourne Town Hall venue management,Showtime Event Group Pty Ltd,130875.45,28/12/13,3670
INV248596,Integrated security services,NationalProtectiveServicesPtyLtd,139187.16,2025-11-10,3686
INV248597,Management of Active Melbourne recreation facilities,Victgrian YMCA Community Programming Pty Ltd,31507.42 AUD,13-May-2027,3615
INV248598,Vehicle tow away and impound services,Nationwide Towing Services (AU),2091.57 AUD,31/12/2025,3585
INV248599,Vehicle tow away and impound services,Nationwide Towing Services,54646.68,2025-06-01,3585
INV248600,Building cleaning services,Menzies,103520.7,23-Mar-2026,3634
INV248601,Street cleaning,Spotless Facility Services Pty. Ltd.,168248.8,14/01/2027,3669
INV248602,Waste management services,Cleanaway,166708.11,2029-11-24,3556
INV248603,Parking technology services,Reino  International  Pty  Ltd  T/A  Duncan  Solutions,0.1m,12/03/2029,3623
INV248604,Open spaces management - region 1,Citywide Service Solutions Pty Ltd (AU),107876.57,16/06/2028,3676
INV248605,Civil infrastructure services,Nationwide To,126072.03,04-Dec-2029,3585
INV248606,Street cleaning,SpotlessFacilityServicesPtyLtd,"$190,453.43",19/06/2026,3669
INV248607,Building cleaning services,MenziesInternational(Aust)PtyLtd,143090.95,17/02/2026,3634
INV248608,Parking technology services,Programmed Facility Management Pty Ltd,96852.63 AUD,09 October 2027,3630
INV248609,Vehicle tow away and impound services,Nationwide Towing Services,"$128,773.1",20/06/2026,3585
INV248610,Melbourne Town Hall venue management,SHOWTIME EVENT GROUP PTY LTD,0.1m,2025-01-12,3670
INV248611,Building cleaning services,MenzieszInternational (Aust) Pty Ltd,0.0m,29/05/19,3634
INV248612,Building maintenance services,Programmed Facility Management Pty. Ltd.,103884.42,08/09/2028,3630
INV248613,Waste management services,CLEANAWAY WASTE MANAGEMENT LIMITED,62189.68,26/10/2029,3556
INV248614,Street cleaning,SpotlessFacilityServicesPtyLtd,"$41,856.32",27/11/21,3669
INV248615,Integrated security services,National Protectiv,193231.09 AUD,06 July 2027,3686
INV248616,Street cleaning,Spotless Facility Services Pty. Ltd.,64772.0,16/06/2027,3669
INV248617,Open spaces management - region 2,Serco,"$247,938.29",26/11/29, 
INV248618,Integrated security services,national protective services pty ltd,192451.28 AUD,28/07/04,3686
INV248619,Tree management maintenance services,Citywide Service ,0.1m,15/09/2026,3678
INV248620,Integrated security services,National Protecaive Services Pty Ltd,"$65,426.07",28/05/18,3686
INV248621,Integrated security services,National Protectiv,"$10,017.33",21 January 2026,3686
INV248622,Vehicle tow away and impound services,NATIONWIDE TOWING SERVICES,71942.35,25 March 2028,3585
INV248623,Open spaces management - region 1,Citywide  Service  Solutions  Pty  Ltd,119295.76 AUD,24-Jan-2028,3676
INV248624,Parking technology services,Reino,216403.42 AUD,10/11/2028,3623
INV248625,Parking technology services,Reino International Pty ,223544.11 AUD,06/06/2025,3623
INV248626,Vehicle tow away and impound services,nationwide towing services,127287.52,08/07/2028,3585
INV248627,Street cleaning,SpotlessFacilityServicesPtyLtd,0.2m,16/11/2025,3669
INV248628,Management of Active Melbourne recreation facilities,Victorian Ymca Community Programming Pty Ltd,"$132,793.16",2029-05-04,3615
INV248629,Building cleaning services,CitywidewService Solutions Pty Ltd,30650.18,2027-08-21,3678
INV248630,Integrated security services,National Protective Services Pty. Ltd.,"$147,459.99",24/12/2026,3686
INV248631,Open spaces management - region 2,SERCO,156320.27,2027-10-30,3677
INV248632,Management of Active Melbourne recreation facilities,Victorian YMCA Communi,0.0m,18-Jan-2027,3615
INV248633,Street cleaning,Spotless Facility Services Pty. Ltd.,"$19,104.85",26/12/2027,3669
INV248634,Melbourne Town Hall venue management,Showtime Event,151030.08,27/02/2029,3670
INV248635,Vehicle tow away and impound services,nationwide towing services,"$112,099.58",03/12/2025,3585
INV248636,Integrated security services,NationalProtectiveServicesPtyLtd,0.1m,28/10/25,3686
INV248637,Building cleaning services,Menzies International (Aust) P/L,184112.79 AUD,26/06/23,3634
INV248638,Building cleaning services,Menzies International (Aust) Pty Ltd,68306.16,2028-10-10,3634
INV248639,Integrated security services,National Protective Services P/L,"$88,396.15",13/07/2029,3686
INV248640,Integrated security services,National Protective Services Pty Ltd,145918.51,27/02/18,3686
INV248641,Vehicle tow away and impound services,Nationwide To,9737.0 AUD,20-Feb-2025,3585
INV248642,Vehicle tow away and impound services,Nationwide Towing Services,56095.32,18 September 2026,3585
INV248643,Building cleaning services,menzies international (aust) pty ltd,0.1m,2029-11-20, 
INV248644,Open spaces management - region 1,Citywide Service Solutions Pty Ltd,153035.42 AUD,20/10/2029,3676
INV248645,Melbourne Town Hall venue management,SHOWTIME EVENT GROUP PTY LTD,"$25,327.91",17/09/2026,3670
INV248646,Civil infrastructure services,CITYWIDE SERVICE SOLUTIONS PTY LTD,22234.87 AUD,24-Jan-2027, 
INV248647,Vehicle tow away and impound services,Nationwide Towing Servixes,54048.3,26/08/09,3585
INV248648,Melbourne Town Hall venue management,Showtime Event,208006.64,29/09/18,3670
INV248649,Tree management maintenance services,Citywide Service Solutions Pty Ltd,111264.36,27/12/2027,3678
INV248650,Civil infrastructure services,Citywide Service Solutions Pty atd,0.0m,24 January 2029,3665
INV248651,Graffiti management and pressure cleaning services,Calcorp Services P/L,213155.12 AUD,27/03/25,3668
INV248652,Waste management services,Cleanaway  Waste  Management  Limited,"$145,842.85",01/10/2027,3556
INV248653,Waste management services,Cleanaway Waste Management Limmted,69718.17 AUD,14 February 2028,3556
INV248654,Melbourne Town Hall venue management,Showtime Event Group Pty. Ltd.,178495.79,2027-12-30,3670
INV248655,Building maintenance services,PROGRAMMED FACILITY MANAGEMENT PTY LTD,0.0m,17/12/2029,3630
INV248656,Building maintenance services,Programmed Facility Management Pty Ltd,232053.91,25/01/02,3630
INV248657,Tree management maintenance services,citywide service solutions pty ltd,"$221,528.47",24/10/2026,3678
INV248658,Management of Active Melbourne recreation facilities,Victorian YMCA Community Programming Pty. Ltd.,223220.19,11-Apr-2028,3615
INV248659,Open spaces management - region 2,Serco,151894.27 AUD,03/05/2028,3677
INV248660,Tree management maintenance services,CitywideServiceSolutionsPtyLtd,0.1m,02 June 2029,3678
INV248661,Management of Active Melbourne recreation facilities,Victorian YMCA Communi,"$80,710.62",25/11/12,3615
INV248662,Melbourne Town Hall venue management,Showtime,77030.1,26/08/2028,3670
INV248663,Open spaces management - region 2,SERCO (AUS),244149.4,02/06/2028,3677
INV248664,Management of Active Melbourne recreation facilities,Victorian YMCA Communi,"$94,720.88",10 April 2026,3615
INV248665,Building cleaning services,Menzies International (Aust) Pty. Ltd.,168050.08 AUD,17 September 2026, 
INV248666,Tree management maintenance services,Citywide Service Solutions Pty Ltd,23846.12 AUD,2028-09-04,3678
INV248667,Building cleaning services,Programmed Facility Management P/L,94324.3,13/06/2029,3630
INV248668,Melbourne Town Hall venue management,Showtime,"$73,405.86",01/12/2026,3670
INV248669,Tree management maintenance services,citywide service solutions pty ltd,0.1m,26/10/20,3678
INV248670,Tree management maintenance services,Citywide  Service  Solutions  Pty  Ltd,"$213,904.08",26/09/01,3678
INV248671,Melbourne Town Hall venue management,ShowtimeEventGroupPtyLtd,67228.39,26/03/08,3670
INV248672,Vehicle tow away and impound services,nationwide towing services,237514.63 AUD,29/02/17,3585
INV248673,Waste management services,Victorian YMCA Community Prwgramming Pty Ltd,20850.43,2029-11-18,3615
INV248674,Civil infrastructure services,Citywide  Service  Solutions  Pty  Ltd,0.0m,13/05/2026,3665
INV248675,Parking technology services,Reino International Pty Ltd T/A Duncan Solutions,233422.74,06-May-2027,3623
INV248676,Open spaces management - region 2,SERCj,148419.85,14/02/2026,3677
INV248677,Integrated security services,national protective services pty ltd,"$119,727.86",27/02/28,3686
INV248678,Tree management maintenance services,Citywide Service Solutions P/L,0.2m,20 February 2025,3678
INV248679,Civil infrastructure services,CITYWIDE SERVICE SOLUTIONS PTY LTD,67961.79,26/10/30,3665
INV248680,Integrated security services,National Protective Services P/L,"$147,574.28",13/11/2026,3686
INV248681,Graffiti management and pressure cleaning services,Calcorp  Services  Pty  Ltd,89402.59,29 January 2026,3668
INV248682,Tree management maintenance services,Citywide Service Solutions Pty Ltd (AUS),142385.71,16/03/2025,3678
INV248683,Management of Active Melbourne recreation facilities,VICTORIAN YMCA COMMUNITY PROGRAMMING PTY LTD,140714.37 AUD,30/11/2025,3615
INV248684,Open spaces management - region 2,SERCO,229438.13 AUD,26/11/12,3677
INV248685,Building maintenance services,Programmed Facility Management Pty Ltd (AUS),"$168,140.68",27/01/20, 
INV248686,Civil infrastructure services,Citywide Service Solutions Pty Ltd (AUS),170469.91,24-Nov-2027,3665
INV248687,Integrated security services,National Protective Services Pty Ltd (AU),"$29,981.52",10/11/2027,3686
INV248688,Building maintenance services,Programmed Facility Management Pty Ltd (AU),131344.58 AUD,20/03/2027,3630
INV248689,Street cleaning,Spotless Facility Services Pty Ltd,11423.34,28/03/12,3669
INV248690,Management of Active Melbourne recreation facilities,Victorian,100967.69,26/05/01,3615
INV248691,Building cleaning services,Menzies,"$115,821.7",2025-03-18,3634
INV248692,Tree management maintenance services,CitywideServiceSolutionsPtyLtd,"$16,759.68",01/06/2027,3678
INV248693,Melbourne Town Hall venue management,showtime event group pty ltd,139735.63,12-May-2029,3670
INV248694,Waste management services,Cleanaway Waste Management Limited,129744.44,29/04/12,3556
INV248695,Building cleaning services,Menzies International (Aust) Pty. Ltd.,"$9,104.18",2029-03-20,3634
INV248696,Tree management maintenance services,Citywide Service Solutions Pty Ltd (AU),0.2m,21/08/2027,3678
INV248697,Integrated security services,National,202428.61,02-Jun-2029,3686
INV248698,Civil infrastructure services,Citywide,"$193,473.12",2025-02-07,3665
INV248699,Open spaces management - region 2,SERCO,0.2m,17/06/2025,3677
INV248700,Integrated security services,National Protective Services Pty Ltd,"$145,392.84",25/05/2027,3686
INV248701,Open spaces management - region 2,serco,95192.04,2026-09-04,3677
INV248702,Building cleaning services,menzies international (aust) pty ltd,"$78,613.1",28/10/2025, 
INV248703,Integrated security services,NATIONAL PROTECTIVE SERVICES PTY LTD,"$50,308.55",2029-02-21,3686
INV248704,Open spaces management - region 2,SvRCO,187531.38,24 September 2029,3677
INV248705,Open spaces management - region 2,SERCO,205938.83,01/11/2025,3677
INV248706,Vehicle tow away and impound services,Nationwide To,11000.61,27/12/04,3585
INV248707,Open spaces management - region 1,Citywide Service Solutions Pty Ltd,90831.66,2025-01-28,3676
INV248708,Tree management maintenance services,Citywide Service Solutions Pty Ltd,"$154,708.15",11/11/2027,3678
INV248709,Open spaces management - region 1,Citywide Service ,145482.81,2028-05-31,3676
INV248710,Civil infrastructure services,Citywide Service Solutions Pty Ltd,236066.86,20/01/2027,3665
INV248711,Melbourne Town Hall venue management,Showtime Event Group Pty. Ltd.,"$216,109.25",08/12/2027,3670
INV248712,Management of Active Melbourne recreation facilities,Victorian YMCA Community Programming P/L,"$31,362.73",05/01/2027,3615
INV248713,Management of Active Melbourne recreation facilities,Victorian YMCA Community Programming Pty Ltd,0.2m,08-Apr-2028,3615
INV248714,Parking technology services,Reino,156270.05,08-Oct-2029,3623
INV248715,Open spaces management - region 2,SERCO,"$111,885.12",19/12/2025,3677
INV248716,Parking technology services,Reino International P/L T/A Duncan Solutions,40243.4,14 May 2026,3623
INV248717,Building cleaning services,Menzies Int’l (Aust) Pty Ltd,102096.83 AUD,28/08/02,3634
INV248718,Graffiti management and pressure cleaning services,Calcorp Services Pty Ltd,107764.28,18 November 2029,3668
INV248719,Civil infrastructure services,spotless facility services pty ltd,0.1m,29-Jan-2028,3669
INV248720,Waste management services,Cleanaway  Waste  Management  Limited,"$40,703.5",29/08/2027,3556
INV248721,Building cleaning services,Menzies Internatiodal (Aust) Pty Ltd,189660.62,19/12/2027,3634
INV248722,Building maintenance services,ProgrammedFacilityManagementPtyLtd,85710.7,03/07/2029, 
INV248723,Parking technology services,Reino  International  Pty  Ltd  T/A  Duncan  Solutions,"$162,894.01",25/10/2025,3623
INV248724,Vehicle tow away and impound services,Citywide Service Solutions P/L,"$244,554.34",25/09/16,3665
INV248725,Open spaces management - region 2,SERCO,235012.42,14/12/2027,3677
INV248726,Tree management maintenance services,citywide service solutions pty ltd,159148.36,30/07/2027,3678
INV248727,Melbourne Town Hall venue management,Showtime,169318.07 AUD,10/10/2025,3670
INV248728,Civil infrastructure services,Citywide Service Solutions Pty Ltd,35558.61,02 April 2028,3665
INV248729,Integrated security services,National Protective Services P/L,229108.58 AUD,29/12/2027,3686
INV248730,Open spaces management - region 1,Citywide Service Solutions P/L,0.1m,28/07/11,3676
INV248731,Building cleaning services,Menzies International (Aust) Pty. Ltd.,241574.37 AUD,29 August 2028,3634
INV248732,Building cleaning services,Menzies International (Aust) Pty Ltd,25620.42,03-Jul-2025,3634
INV248733,Civil infrastructure services,Citywide Service Solutivns Pty Ltd,104979.04,17/12/2029,3665
INV248734,Integrated security services,National Protective Services Pty Ltd,195263.06,12/07/2026,3686
INV248735,Waste management services,Cleanaway Waste Management LTD,0.1m,10 December 2028, 
INV248736,Vehicle tow away and impound services,Nationwide Towing Services,0.2m,15/07/2025,3585
INV248737,Building cleaning services,Menzies International (Aust) sty Ltd,"$71,887.62",29/03/2026,3634
INV248738,Graffiti management and pressure cleaning services,Calcorp Serv,28400.24 AUD,2029-09-12,3668
INV248739,Civil infrastructure services,Citywide Service Solutions Pty Ltd,162641.46,2026-07-27,3665
INV248740,Open spaces management - region 1,Citywide Service Solutions Pty Ltd,30116.09 AUD,11-Feb-2028,3676
INV248741,Graffiti management and pressure cleaning services,Calcorp Services Pty Ltd (AU),0.1m,10-Aug-2025,3668
INV248742,Building cleaning services,Menzies,,19/06/2025,3634
INV248743,Graffiti management and pressure cleaning services,Calcorp Services zty Ltd,0.2m,2025-07-27,3668
INV248744,Management of Active Melbourne recreation facilities,Victorian YMCA Community Programming Pty Ltd (AU),126138.06,29/04/2025,3615
INV248745,Building maintenance services,Programmed Facility Management Pty Ltd,6946.6,27 March 2026,3630
INV248746,Integrated security services,Nvtional Protective Services Pty Ltd,"$184,632.33",10-Jan-2028,3686
INV248747,Management of Active Melbourne recreation facilities,VICTORIAN YMCA COMMUNITY PROGRAMMING PTY LTD,134649.33,16 December 2025,3615
INV248748,Management of Active Melbourne recreation facilities,Victorian YMCA Community Programming P/L,72533.37,26 December 2026,3615
INV248749,Graffiti management and pressure cleaning services,Calcorp Services P/L,170684.21,2027-01-31,3668
INV248750,Waste management services,Cleanaway,87045.44 AUD,06/09/2027,3556
INV248751,Open spaces management - region 2,Serco,0.1m,29/07/12,3677
INV248752,Graffiti management and pressure cleaning services,Calcorp Serv,0.2m,20-Oct-2028,3668
INV248753,Waste management services,Cleanaway Wagte Management Limited,0.0m,25 November 2027,3556
INV248754,Vehicle tow away and impound services,Nationwide,43421.56,22-Jun-2027,3585
INV248755,Building cleaning services,Menzies Int’l (Aust) Pty Ltd,0.0m,24-Mar-2025,3634
INV248756,Tree management maintenance services,Citywide Service Solutions P/L,91540.34,22/02/2029,3678
INV248757,Management of Active Melbourne recreation facilities,Showtime  Event  Group  Pty  Ltd,14706.83,2029-08-22,3670
INV248758,Street cleaning,Spotless Facility Services Pty Ltd,178061.82,2027-11-24,3669
INV248759,Civil infrastructure services,Citywide Service Solutions P/L,185749.03,2028-12-31,3665
INV248760,Building maintenance services,ProgrammedFacilityManagementPtyLtd,46239.29 AUD,25/10/24,3630
INV248761,Building cleaning services,MENZIES INTERNATIONAL (AUST) PTY LTD,"$74,532.48",2027-11-27,3634
INV248762,Parking technology services,Reino International Pty Ltd T/A Duncan Solutions,0.2m,17/10/2025,3623
INV248763,Street cleaning,SpotlessFacilityServicesPtyLtd,"$31,036.67",03-Feb-2026,3669
INV248764,Melbourne Town Hall venue management,Showtime  Event  Group  Pty  Ltd,0.2m,20/04/2026,3670
INV248765,Tree management maintenance services,CITYWIDE SERVICE SOLUTIONS PTY LTD,122420.88,19/06/2029,3678
INV248766,Building cleaning services,Menzies International (Aust) Pty Ltd (AU),37081.49,09/07/2026,3634
INV248767,Building maintenance services,calcorp services pty ltd,1315.01 AUD,24/04/2029,3668
INV248768,Parking technology services,PROGRAMMED FACILITY MANAGEMENT PTY LTD,29276.38,24/01/2027,3630
INV248769,Building cleaning services,Menzies,241957.57,2028-10-29, 
INV248770,Building maintenance services,programmed facility management pty ltd,17451.5 AUD,27/07/2028,3630
INV248771,Waste management services,CleanawayWasteManagementLimited,192884.39,26/11/13,3556
INV248772,Parking technology services,Reino  International  Pty  Ltd  T/A  Duncan  Solutions,232613.11,24-Feb-2026,3623
INV248773,Civil infrastructure services,Citywide Service ,"$214,912.15",26/11/2029,3665
INV248774,Open spaces management - region 1,Citywide Service Solntions Pty Ltd,208586.73,,3676
INV248775,Building maintenance services,Programmed Facility Management Pty Ltd,0.1m,12-Mar-2026,3630
INV248776,Parking technology services,Reino International Pty ,"$66,056.3",06-Apr-2026,3623
INV248777,Melbourne Town Hall venue management,Showtime  Event  Group  Pty  Ltd,113929.68,09/03/2025, 
INV248778,Graffiti management and pressure cleaning services,Nationwide Towing Services,"$66,093.71",02/02/2027,3585
INV248779,Street cleaning,spotless facility services pty ltd,0.1m,27/11/2028,3669
INV248780,Integrated security services,National Protectiv,52993.34,16/01/2026,3686
INV248781,Waste management services,Cleanaway Waste Management Limited (AU),155586.67 AUD,26/04/05,3556
INV248782,Integrated security services,Citywide,205678.43,10/12/2028,3676
INV248783,Waste management services,Cleanaway Waste Management Limited,239929.94,23/02/2029,3556
INV248784,Melbourne Town Hall venue management,Showtime  Event  Group  Pty  Ltd,"$2,953.53",24-Oct-2026,3670
INV248785,Building maintenance services,ProgrammedFacilityManagementPtyLtd,"$230,917.65",23/12/2028,3630
INV248786,Parking technology services,reino international pty ltd t/a duncan solutions,"$77,041.95",03/03/2027,3623
INV248787,Open spaces management - region 1,citywide service solutions pty ltd,15735.54,2026-07-03,3676
INV248788,Building maintenance services,Programmed Facility Management Pty Ldd,0.2m,26/10/07,3630
INV248789,Integrated security services,national protective services pty ltd,45353.75,26/12/31,3686
INV248790,Building maintenance services,Programmed Facility Management Pty Ltd,38917.64,09/06/2025,3630
INV248791,Tree management maintenance services,Citywide Service Solutions Poy Ltd,"$210,322.78",15 July 2026,3678
INV248792,Street cleaning,Spotless Facility Services Pty Ltd (AUS),109879.92 AUD,22/02/2026,3669
INV248793,Building cleaning services,Menzies Intl (Aust) Pty Ltd,151630.93 AUD,27-Sep-2025,3634
INV248794,Tree management maintenance services,Citywide Service Solutions P/L,157838.45,19-Oct-2026,3678
INV248795,Civil infrastructure services,Citywide Servicw Solutions Pty Ltd,179845.61,2028-03-13,3665
INV248796,Open spaces management - region 1,Citywide Service Solutions Pty Ltd,116289.7,03/06/2028, 
INV248797,Waste management services,Cleanaway Waste M,"$47,334.73",02/08/2027,3556
INV248798,Building cleaning services,Menzies International (Aust) Pty Ltd (AU),80180.26,04 May 2027,3634
INV248799,Civil infrastructure services,Citywide Service Solutions Pty Ltd (AUS),199357.83,20/01/2025, 
INV248800,Open spaces management - region 2,SERCO (AUS),249100.47,16/10/2029,3677
INV248801,Civil infrastructure services,Citywide,235011.89,2026-10-05,3665
INV248802,Tree management maintenance services,Citywide Service ,169709.64 AUD,04/02/2027,3678
INV248803,Management of Active Melbourne recreation facilities,Victorian YMCA Community Programming Pty Ltd (AU),88953.93,31/12/2026,3615
INV248804,Building cleaning services,Menzies International (Aust) Pty Ltd (AU),0.1m,26-Apr-2028,3634
INV248805,Waste management services,CLEANAWAY WASTE MANAGEMENT LIMITED,0.1m,29/11/28,3556
INV248806,Waste management services,cleanaway waste management limited,164685.61,17 February 2027,3556
INV248807,Building cleaning services,Menzies International (Aust) Pky Ltd,11320.66,07 June 2029,3634
INV248808,Open spaces management - region 1,Citywide Service Solutions Pty Ltd,112955.06,16 June 2026,3676
INV248809,Waste management services,Cleanaway Waste Management Limited (AU),0.1m,10-Jan-2026,3556
INV248810,Parking technology services,Reino International Pty Ltd T/A Duncan Solutions,"$18,420.46",2027-01-11,3623
INV248811,Management of Active Melbourne recreation facilities,VICTORIAN YMCA COMMUNITY PROGRAMMING PTY LTD,19572.48,27/05/15,3615
INV248812,Graffiti management and pressure cleaning services,CalcorpServicesPtyLtd,72249.15,28/07/11,3668
INV248813,Integrated security services,National,0.1m,26/11/2029,3686
INV248814,Tree management maintenance services,Citywide Service ,106732.53,28/05/16,3678
INV248815,Building cleaning services,Menzies International (Aust) Pty Ltd,64981.55,2029-06-22,3634
INV248816,Civil infrastructure services,Citywide Service Solutions PtyyLtd,138639.37,2029-11-24,3665
INV248817,Street cleaning,Spotless Facility Services Pty Ltd (AU),208775.54,27/11/20,3669
INV248818,Civil infrastructure services,Citywide Service Solutions Pty Ltd (AUS),163528.06,30/12/2029,3665
INV248819,Melbourne Town Hall venue management,Showtime  Event  Group  Pty  Ltd,229463.82,25/04/02,3670
INV248820,Integrated security services,National Protective Services Pty Ltd (AU),105572.24,31/10/2026,3686
INV248821,Street cleaning,Spotless Facility Services P/L,48467.06,26/03/16,3669
INV248822,Parking technology services,Reino International Pty Ltd T/A Duncan Solutions,0.2m,2029-07-24,3623
INV248823,Management of Active Melbourne recreation facilities,Victorian  YMCA  Community  Programming  Pty  Ltd,145966.62,02-Aug-2026,3615
INV248824,Civil infrastructure services,CitywideServiceSolutionsPtyLtd,"$146,499.08",04-Feb-2029, 
INV248825,Open spaces management - region 2,SERCO,126454.67 AUD,09/05/2028, 
INV248826,Open spaces management - region 1,Citywide Service Solutions Pty. Ltd.,"$160,351.44",2026-08-09,3676
INV248827,Management of Active Melbourne recreation facilities,Victorian Ymca Community Programming Pty Ltd,"$87,143.23",28-Nov-2025,3615
INV248828,Civil infrastructure services,citywide service solutions pty ltd,0.2m,26/06/13,3665
INV248829,Street cleaning,Spotless Facility Services P/L,"$211,553.72",26/08/21,3669
INV248830,Building cleaning services,Menzies International (Aust) Pty Ltd,180662.88 AUD,2025-06-14,3634
INV248831,Graffiti management and pressure cleaning services,calcorp services pty ltd,121257.12,18-Jun-2025,3668
INV248832,Building cleaning services,MENZIES INTERNATIONAL (AUST) PTY LTD,0.1m,31-Mar-2025,3634
INV248833,Building maintenance services,Programmed Facility Management Pty Ltd,101529.95 AUD,20-Apr-2029,3630
INV248834,Street cleaning,Spotless Facility Services Pty Ltd,128214.95 AUD,2025-03-30,3669
INV248835,Waste management services,Cleanaway Waste Management Limited,"$143,248.79",26-Oct-2027,3556
INV248836,Management of Active Melbourne recreation facilities,ProgrammedFacilityManagementPtyLtd,49054.44,31/03/2029,3630
INV248837,Melbourne Town Hall venue management,Showtime Event,140866.37,27/03/2027,3670
INV248838,Tree management maintenance services,CitywideServiceSolutionsPtyLtd,0.0m,28 April 2029,3678
INV248839,Open spaces management - region 1,Citywide Service Solutions Pty Ltd (AU),113545.72,2026-05-10,3676
INV248840,Open spaces management - region 1,Citywide Service Solutions P/L,0.0m,22/01/2029,3676
INV248841,Melbourne Town Hall venue management,SHOWTIME EVENT GROUP PTY LTD,0.2m,10/05/2028,3670
INV248842,Management of Active Melbourne recreation facilities,victorian ymca community programming pty ltd,0.2m,22/04/2029,3615
INV248843,Open spaces management - region 2,lERCO,159062.69 AUD,29/04/10,3677
INV248844,Graffiti management and pressure cleaning services,CALCORP SERVICES PTY LTD,207326.23,2027-02-21,3668
INV248845,Waste management services,Cleanaway Waste Mgmt Limited,146539.19,2025-01-07,3556
INV248846,Building maintenance services,PROGRAMMED FACILITY MANAGEMENT PTY LTD,174311.74,11-Apr-2027,3630
INV248847,Street cleaning,Spotless Facility Services Pty Ltd,223264.05,26/07/06, 
INV248848,Building maintenance services,Programmed Facility Management Pty Ltd (AUS),0.0m,26/11/05,3630
INV248849,Graffiti management and pressure cleaning services,Calcorp Services Pty Ltd,31106.35,2025-03-12,3668
INV248850,Building maintenance services,Programmed,"$157,637.76",04/06/2026,3630
INV248851,Open spaces management - region 2,SERCw,"$151,449.38",21-Dec-2026,3677
INV248852,Management of Active Melbourne recreation facilities,Victorian YMCA Community Programming Pty Ltd (AUS),"$135,575.51",2025-07-12,3615
INV248853,Parking technology services,Reino International Pty Ltd T/A Duncan Solutions (AU),233949.78 AUD,07/11/2025,3623
INV248854,Integrated security services,National Protective Services Pty Ltd,,18 September 2025,3686
INV248855,Parking technology services,Victorian YMCA Community Programming Pty Ltd,194098.45,16 June 2028,3615
INV248856,Tree management maintenance services,Citywide Service Solutions Pty Ltd (AUS),31916.02 AUD,24/12/2027,3678
INV248857,Open spaces management - region 2,serco,43188.98 AUD,2027-02-18,3677
INV248858,Parking technology services,reino international pty ltd t/a duncan solutions,"$219,039.72",26/02/2025,3623
INV248859,Parking technology services,reino international pty ltd t/a duncan solutions,239059.87,2027-02-08,3623
INV248860,Civil infrastructure services,Citywide Service Solutions Pty Ltd (AUS),"$194,608.98",18/06/2025, 
INV248861,Civil infrastructure services,Citywide,0.1m,27/06/02,3665
INV248862,Street cleaning,spotless facility services pty ltd,"$238,739.44",18/02/2027, 
INV248863,Management of Active Melbourne recreation facilities,Victorian YMCA Community Programming Pty Ltd (AUS),183831.06,17-Jan-2028,3615
INV248864,Integrated security services,national protective services pty ltd,54230.03,20 January 2027,3686
INV248865,Management of Active Melbourne recreation facilities,victorian ymca community programming pty ltd,50546.19 AUD,08-Jan-2029,3615
INV248866,Management of Active Melbourne recreation facilities,Victorian YMCA Community Programming Pty Ltd,61925.76 AUD,31 May 2026,3615
INV248867,Street cleaning,Spotless Facility Services Pty Ltd,115496.8,2026-02-18,3669
INV248868,Melbourne Town Hall venue management,Showtime Event Group P/L,114636.73 AUD,26/12/23,3670
INV248869,Open spaces management - region 1,Citywide Service Solutions Pty Ltd,56774.21,10-Mar-2028,3676
INV248870,Parking technology services,Reino,166746.95 AUD,03/02/2025,3623
INV248871,Civil infrastructure services,Citywide Service Solutions Pty Ltd (AUS),193767.46 AUD,25/10/11,3665
INV248872,Open spaces management - region 1,CitywideServiceSolutionsPtyLtd,211471.45,13 April 2026, 
INV248873,Melbourne Town Hall venue management,Showtime Event Group Pty Ltd,164221.7 AUD,20 December 2027,3670
INV248874,Open spaces management - region 2,SERCO,0.0m,05 December 2029,3677
INV248875,Graffiti management and pressure cleaning services,Cklcorp Services Pty Ltd,"$28,941.35",27/05/2025,3668
INV248876,Building maintenance services,Programmed Facility Mgmt Pty Ltd,74643.35 AUD,09-Oct-2029,3630
INV248877,Tree management maintenance services,Citywide Service Solutions Pty Ltd,138665.47,11 August 2029,3678
INV248878,Graffiti management and pressure cleaning services,Calcorp Services Pty Ltd,0.0m,31-Dec-2025,3668
INV248879,Street cleaning,SpotlessFacilityServicesPtyLtd,"$71,286.02",07-Aug-2029,3669
INV248880,Building cleaning services,Menzies International (Aust) Pty Ltd (AUS),19784.79,2026-05-29,3634
INV248881,Parking technology services,ReinodInternational Pty Ltd T/A Duncan Solutions,"$79,757.78",07/12/2028,3623
INV248882,Melbourne Town Hall venue management,Showtime Event Group Pty Ltd (AUS),0.1m,2025-02-04,3670
INV248883,Vehicle tow away and impound services,NATIONWIDE TOWING SERVICES,86120.79,05-Jan-2026,3585
INV248884,Tree management maintenance services,citywide service solutions pty ltd,"$83,853.29",04 November 2029,3678
INV248885,Parking technology services,Reino International Pty Ltd T/A Duncan Solutions,244440.24 AUD,28/04/01,3623
INV248886,Open spaces management - region 1,Citywide Service Solutions P/L,98890.92,,3676
INV248887,Open spaces management - region 1,citywide service solutions pty ltd,65919.37,26/03/13,3676
INV248888,Integrated security services,National Protective Services Pty Ltd,35726.16,2029-07-09,3686
INV248889,Open spaces management - region 2,SERCO,232176.63,07/04/2026,3677
INV248890,Building cleaning services,menzies international (aust) pty ltd,0.2m,21/11/2029,3634
INV248891,Tree management maintenance services,Citywide Service Solutions P/L,"$34,629.68",17 August 2028,3678
INV248892,Waste management services,Cleanaway Waste Management Limited,"$5,572.59",2029-04-12,3556
INV248893,Melbourne Town Hall venue management,SHOWTIME EVENT GROUP PTY LTD,181765.92 AUD,04 January 2027,3670
INV248894,Civil infrastructure services,Reino International Pty ,167066.78,22 April 2025,3623
INV248895,Open spaces management - region 2,SERCO,16199.58 AUD,10/12/2029,3677
INV248896,Tree management maintenance services,Citywide Service Solutions Pty Ltd (AUS),166931.81,29/06/23,3678
INV248897,Waste management services,CleanawayWasteManagementLimited,126167.79,17-Feb-2028, 
INV248898,Civil infrastructure services,Citywide Service ,82015.18,2027-04-20,3665
INV248899,Parking technology services,Reino International Pty ,0.1m,07/12/2028,3623
INV248900,Waste management services,Cleanaway Waste Management Limited (AU),17580.49,20 November 2025,3556
INV248901,Graffiti management and pressure cleaning services,Calcorp Services Pty Ltd,19828.33 AUD,15 February 2029,3668
INV248902,Building cleaning services,Menzies Intl (Aust) Pty Ltd,0.1m,28/11/26,3634
INV248903,Building cleaning services,Menzies International (Aust) Pty Ltd,0.2m,29 July 2029,3634
INV248904,Building maintenance services,Programmed Facility Mgmt Pty Ltd,20536.92,19/02/2029,3630
INV248905,Management of Active Melbourne recreation facilities,victorian ymca community programming pty ltd,"$28,784.77",10/12/2029,3615
INV248906,Management of Active Melbourne recreation facilities,Victorian YMCA Community Programming Pty Ltd,"$113,903.11",28-Dec-2026,3615
INV248907,Vehicle tow away and impound services,Nationwide Towing Services (AUS),234080.23 AUD,31-May-2028,3585
INV248908,Melbourne Town Hall venue management,Showtime Event Group Pty Ltd,167017.95,02 April 2026,3670
INV248909,Integrated security services,National  Protective  Services  Pty  Ltd,"$175,999.4",20/02/2027,3686
INV248910,Management of Active Melbourne recreation facilities,VictorianYMCACommunityProgrammingPtyLtd,175681.06,29/11/14,3615
INV248911,Waste management services,Cleanaway Waste Management Limited,"$60,461.34",03-Jul-2025,3556
INV248912,Management of Active Melbourne recreation facilities,SERCO,"$3,008.73",22-Sep-2027,3677
INV248913,Street cleaning,Spotless Facility Services Pty Ltd (AUS),71024.31,29 April 2026,3669
INV248914,Management of Active Melbourne recreation facilities,Victorian YMCA Communi,118223.61 AUD,30 June 2026,3615
INV248915,Integrated security services,National Protective Services Pty Ltd (AU),143745.61 AUD,01/09/2026,3686
INV248916,Parking technology services,Reino International P/L T/A Duncan Solutions,"$53,581.86",15/11/2026,3623
INV248917,Tree management maintenance services,CITYWIDE SERVICE SOLUTIONS PTY LTD,53717.79,22 November 2026,3678
INV248918,Civil infrastructure services,Citywide Service Solutions Pty Ltd (AU),0.0m,06/08/2029,3665
INV248919,Building cleaning services,Menzies  International  (Aust)  Pty  Ltd,146864.52,22-Nov-2029,3634
INV248920,Open spaces management - region 2,SERCO,136308.01 AUD,2028-11-11,3677
INV248921,Street cleaning,Spotless Facility Services P/L,2465.3,2025-05-22,3669
INV248922,Street cleaning,Spotless,"$237,843.49",20-Feb-2025,3669
INV248923,Graffiti management and pressure cleaning services,Calcorp  Services  Pty  Ltd,121698.91,10/07/2025,3668
INV248924,Parking technology services,Reino International Pty Ltd T/A Duncan Solutions,0.1m,22/05/2028,3623
INV248925,Integrated security services,National Protectiv,0.0m,25/12/2028,3686
INV248926,Melbourne Town Hall venue management,Showtime Event Group Pty Ltd (AUS),200123.51,2025-08-09,3670
INV248927,Street cleaning,Spotless Facility Services P/L,73165.89,2028-11-08,3669
INV248928,Parking technology services,Reino International Pty Ltd T/A Duncan Solutions,87955.62,27/01/25,3623
INV248929,Graffiti management and pressure cleaning services,calcorp services pty ltd,35793.15,26/04/26,3668
INV248930,Building cleaning services,Menzies,"$91,831.09",24/11/2029,3634
INV248931,Parking technology services,Reino,185507.13,2027-09-15,3623
INV248932,Parking technology services,Reino International Pty ,61705.82 AUD,23/12/2029,3623
INV248933,Building cleaning services,Menzies International (Aust) Pty Ltd,29327.57,17 May 2029,3634
INV248934,Vehicle tow away and impound services,SERCO,93036.57,28 April 2026,3677
INV248935,Street cleaning,Spotless  Facility  Services  Pty  Ltd,0.2m,02/02/2028,3669
INV248936,Tree management maintenance services,Citywide Service Solutions Pty Ltd,93625.77,2028-11-24,3678
INV248937,Open spaces management - region 1,CITYWIDE SERVICE SOLUTIONS PTY LTD,160931.3 AUD,2027-10-02,3676
INV248938,Vehicle tow away and impound services,Nationwide Towing Services,"$28,217.02",28/05/06,3585
INV248939,Waste management services,Cleanaway Waste Management LTD,32396.02,18 July 2025,3556
INV248940,Integrated security services,National Pratective Services Pty Ltd,54262.68 AUD,03-Aug-2026,3686
INV248941,Open spaces management - region 1,Citywide Service Solutions Pty Ltd,0.0m,18-Jul-2028,3676
INV248942,Building cleaning services,menzies international (aust) pty ltd,214315.36 AUD,04-Jul-2028,3634
INV248943,Vehicle tow away and impound services,Nationwide Towing Services,0.1m,29/02/09,3585
INV248944,Street cleaning,Spotless Facility Services Pty. Ltd.,0.2m,27/10/21,3669
INV248945,Graffiti management and pressure cleaning services,Calcorp  Services  Pty  Ltd,0.1m,16/09/2027,3668
INV248946,Building maintenance services,Programmed Facility Management Pty. Ltd.,125820.66,30-Apr-2029,3630
INV248947,Tree management maintenance services,Programmed  Facility  Management  Pty  Ltd,$228.19,2029-10-01,3630
INV248948,Open spaces management - region 1,Citywide Service Solutions Pty Ltd (AUS),"$33,185.79",09 May 2029,3676
INV248949,Civil infrastructure services,Citywide Service Solutions Pty Ltd,129146.77,02/11/2029,3665
INV248950,Waste management services,Cleanaway Waste Management Limited,1626.57,23/03/2025,3556
INV248951,Parking technology services,Reino International Pty. Ltd. T/A Duncan Solutions,0.2m,2027-03-31,3623
INV248952,Parking technology services,Reino Int’l Pty Ltd T/A Duncan Solutions,21799.49,26 June 2027, 
INV248953,Open spaces management - region 1,Citywide Service Solutions Pty Ltd,0.0m,16/10/2026,3676
INV248954,Vehicle tow away and impound services,NationwideTowingServices,0.1m,29 June 2028,3585
INV248955,Melbourne Town Hall venue management,Showtime  Event  Group  Pty  Ltd,"$6,670.99",01 October 2028,3670
INV248956,Building maintenance services,Programmed Facility Management Pty. Ltd.,"$237,106.74",2028-03-05,3630
INV248957,Graffiti management and pressure cleaning services,Calcorp Services Pty Ltd,"$83,181.67",17/05/2025,3668
INV248958,Waste management services,Cleanaway Waste Mgmt Limited,0.2m,29/12/05,3556
INV248959,Civil infrastructure services,citywide service solutions pty ltd,54405.68 AUD,26 July 2028,3665
INV248960,Tree management maintenance services,Citywide Service Solutions Pty Ltd,"$123,069.44",24-Jul-2027,3678
INV248961,Building maintenance services,Programmed Facility Management Pty. Ltd.,155530.45 AUD,16-May-2027,3630
INV248962,Integrated security services,National Protective Services Pty. Ltd.,231895.04 AUD,2026-09-12,3686
INV248963,Street cleaning,Programmed Facility Management Pty Ltd (AU),100813.64,23/12/2027,3630
INV248964,Street cleaning,spotless facility services pty ltd,83426.72,23/11/2029,3669
INV248965,Parking technology services,Reino International Pty. Ltd. T/A Duncan Solutions,68519.79 AUD,29/03/25,3623
INV248966,Open spaces management - region 2,SERCO,80886.94 AUD,26/12/12,3677
INV248967,Open spaces management - region 1,citywide service solutions pty ltd,245727.49,30 December 2027,3676
INV248968,Integrated security services,National Protective Services Pty Ltd (AU),"$80,552.15",20-Oct-2026,3686
INV248969,Civil infrastructure services,citywide service solutions pty ltd,0.1m,04-Nov-2025,3665
INV248970,Melbourne Town Hall venue management,Showtime  Event  Group  Pty  Ltd,91036.24,26-Dec-2027,3670
INV248971,Integrated security services,National,167879.24 AUD,29/01/22,3686
INV248972,Open spaces management - region 2,SERCO,137779.76 AUD,11-Feb-2026,3677
INV248973,Building cleaning services,Menzies Int’l (Aust) Pty Ltd,86434.98 AUD,26/12/07,3634
INV248974,Integrated security services,National Protective Services P/L,0.2m,24/09/2026,3686
INV248975,Graffiti management and pressure cleaning services,Calcorp Serv,67154.71 AUD,06-Jan-2028,3668
INV248976,Waste management services,Cleanaway Waste Mgmt Limited,228004.79 AUD,2027-08-13,3556
INV248977,Melbourne Town Hall venue management,Showtime Event Group Pty Ltd,97123.4 AUD,20/06/2028,3670
INV248978,Open spaces management - region 2,Serco,0.2m,27/06/20,3677
INV248979,Melbourne Town Hall venue management,ShowtimeEventGroupPtyLtd,249290.08,29/10/2028,3670
INV248980,Building maintenance services,Programmed Facility Management Pty. Ltd.,0.1m,31/07/2026,3630
INV248981,Melbourne Town Hall venue management,Showtime Event Group Pty Ltd (AUS),144011.77,04/03/2027,3670
INV248982,Open spaces management - region 2,Serco,218103.02 AUD,02-May-2028,3677
INV248983,Graffiti management and pressure cleaning services,Calcorp Services Pty Ltd (AUS),71241.02,29/01/11,3668
INV248984,Open spaces management - region 1,CitywideServiceSolutionsPtyLtd,19477.44,07-May-2028,3676
INV248985,Open spaces management - region 1,citywide service solutions pty ltd,72189.86 AUD,2029-10-24,3676
INV248986,Integrated security services,National  Protective  Services  Pty  Ltd,146393.92,13/02/2026,3686
INV248987,Management of Active Melbourne recreation facilities,victorian ymca community programming pty ltd,150248.11,30-Jun-2028,3615
INV248988,Integrated security services,National Protective Services Pty. Ltd.,134266.56,28/11/15, 
INV248989,Street cleaning,Spotless Facility Services Pty Ltd,125971.47 AUD,19-Jan-2027,3669
INV248990,Graffiti management and pressure cleaning services,CalcorpServicesPtyLtd,83937.71,2027-05-24,3668
INV248991,Building maintenance services,Programmed Facilwty Management Pty Ltd,158003.83 AUD,03 March 2029,3630
INV248992,Graffiti management and pressure cleaning services,Calcorp Services Pty Ltd,180405.28,11 May 2026,3668
INV248993,Street cleaning,Spotless Facility Services Pty Ltd,1001.85 AUD,17-Feb-2029,3669
INV248994,Management of Active Melbourne recreation facilities,Victorian YMCA Community Programming P/L,195061.27,27/01/05,3615
INV248995,Street cleaning,Spotless Facility Services P/L,219903.19,18-Nov-2028,3669
INV248996,Vehicle tow away and impound services,Nationwide  Towing  Services,124108.55 AUD,28 July 2029,3585
INV248997,Management of Active Melbourne recreation facilities,Victorian YMCA Community Programming P/L,72145.79,11/11/2028,3615
INV248998,Building maintenance services,Programmed Facility Management Pty Ltd (AUS),"$173,823.67",26/05/2028, 
INV248999,Civil infrastructure services,Citywide Service Solutions P/L,8428.05 AUD,17/01/2028,3665
INV249000,Street cleaning,Spotless Facility Services Pty Ltd,"$98,325.88",06/04/2028,3669
