InvoiceID,ContractTitle,Provider,InvoiceAmount,InvoiceDate,ContractNumber
INV73001,Building cleaning services,Menzies  International  (Aust)  Pty  Ltd,87285.68,13/04/2028,3634
INV73002,Integrated security services,MENZIES INTERNATIONAL (AUST) PTY LTD,51725.08 AUD,25 May 2027,3634
INV73003,Building cleaning services,Menzies International (Aust) Pty Ltd,"$105,366.06",25/03/09,3634
INV73004,Parking technology services,Reino,"$48,362.59",08/02/2029,3623
INV73005,Open spaces management - region 1,Citywide Service ,64387.25 AUD,27/12/2026,3676
INV73006,Open spaces management - region 1,Citywide Service Solutions Pty Ltd (AU),191063.62,25/09/05,3676
INV73007,Graffiti management and pressure cleaning services,CALCORP SERVICES PTY LTD,"$21,697.7",27/03/28,3668
INV73008,Open spaces management - region 1,Citywide Service ,77560.8 AUD,02/08/2029, 
INV73009,Parking technology services,reino international pty ltd t/a duncan solutions,0.1m,20-Jun-2027,3623
INV73010,Civil infrastructure services,Citywide Service Solutions Pty Ltd (AUS),0.2m,07 December 2025,3665
INV73011,Graffiti management and pressure cleaning services,CalcorpServicesPtyLtd,"$23,228.19",07-May-2028,3668
INV73012,Vehicle tow away and impound services,Nationwide Towing Servrces,162952.41 AUD,26-Jun-2026,3585
INV73013,Building cleaning services,Menzies,,26-Jan-2028,3634
INV73014,Building maintenance services,Programmed Facility Msnagement Pty Ltd,113192.62,26/03/2028,3630
INV73015,Street cleaning,Spotless Facility Services Pty Ltd (AUS),"$94,239.39",19-May-2026,3669
INV73016,Vehicle tow away and impound services,Nationwide Towing Services,154011.02,22-Aug-2026,3585
INV73017,Vehicle tow away and impound services,nationwide towing services,0.2m,27/06/05,3585
INV73018,Civil infrastructure services,Citywide Service Solutions Pty Ltd,"$89,824.07",17 February 2027,3665
INV73019,Building maintenance services,Programmed Facility,196724.26,10 February 2029,3630
INV73020,Civil infrastructure services,NationalProtectiveServicesPtyLtd,0.2m,28/08/16,3686
INV73021,Melbourne Town Hall venue management,showtime event group pty ltd,74811.84,15/10/2026,3670
INV73022,Management of Active Melbourne recreation facilities,Victorian YMCA Community Programming Pty Ltd,148899.3 AUD,29/04/25,3615
INV73023,Open spaces management - region 2,SERCO (AUS),125248.77,16/02/2025,3677
INV73024,Building cleaning services,Menzies  International  (Aust)  Pty  Ltd,27253.96,13 February 2026,3634
INV73025,Integrated security services,National  Protective  Services  Pty  Ltd,166861.41,28/04/02,3686
INV73026,Waste management services,Cleanaway Waste Mgmt Limited,0.1m,29-Aug-2026,3556
INV73027,Management of Active Melbourne recreation facilities,Victorian YMCA Community Programming Pty Ltd (AU),66046.71 AUD,19/08/2026,3615
INV73028,Street cleaning,Spotless FacilityxServices Pty Ltd,197629.78,28/09/20,3669
INV73029,Vehicle tow away and impound services,Nationwide Towing Services,68687.01 AUD,08-Dec-2028,3585
INV73030,Tree management maintenance services,citywide service solutions pty ltd,3181.66,02/07/2029,3678
INV73031,Building cleaning services,Menzies International (Aust) Pty Ltd (AUS),0.1m,19/02/2026,3634
INV73032,Vehicle tow away and impound services,Nationwide  Towing  Services,80258.18,16/01/2026,3585
INV73033,Integrated security services,National  Protective  Services  Pty  Ltd,15221.26,2029-10-13,3686
INV73034,Open spaces management - region 2,SERCO,"$154,932.03",25-Jan-2026,3677
INV73035,Management of Active Melbourne recreation facilities,Victorian Ymca Community Programming Pty Ltd,88637.96,2025-09-24,3615
INV73036,Tree management maintenance services,Citywide Service Solutions Pty Ltd,129238.85 AUD,2027-09-19,3678
INV73037,Melbourne Town Hall venue management,Spotless Facility Services Pty. Ltd.,73297.03 AUD,26/04/23,3669
INV73038,Building cleaning services,Menzies International (Aust) P/L,0.0m,2027-01-13,3634
INV73039,Building maintenance services,Victorian YMCA Commenity Programming Pty Ltd,"$121,009.62",26 May 2028,3615
INV73040,Tree management maintenance services,CitywideServiceSolutionsPtyLtd,"$1,051.56",24-Feb-2028,3678
INV73041,Parking technology services,Reino International Pty Ltd T/A Duncan Solutions,205513.99,2026-03-05,3623
INV73042,Management of Active Melbourne recreation facilities,Victorian YMCA Community Programming P/L,185049.71 AUD,26/10/2025,3615
INV73043,Management of Active Melbourne recreation facilities,Victorian YMCA Community Programming Pty Ltd,232043.89 AUD,29/04/14,3615
INV73044,Parking technology services,Reino  International  Pty  Ltd  T/A  Duncan  Solutions,38182.22,25-May-2028,3623
INV73045,Open spaces management - region 1,Citywide Service ,108853.83,07/02/2027,3676
INV73046,Street cleaning,Spotless Facility Services Pty Ltd,"$164,715.95",25/05/16,3669
INV73047,Street cleaning,Spotless Facility Services Pty Ltd (AU),196603.39,07/02/2027,3669
INV73048,Waste management services,cleanaway waste management limited,"$83,011.68",12/04/2026,3556
INV73049,Management of Active Melbourne recreation facilities,Victorian YMCA Community Programming Pty. Ltd.,187522.2,2029-08-12,3615
INV73050,Building cleaning services,Menzies International (Aust) P/L,225002.57,28/06/01,3634
INV73051,Waste management services,Cleanaway Waste Management LTD,85282.81,22/07/2029,3556
INV73052,Parking technology services,Reino International Pty Ltd T/A Duncan Solutions,"$48,561.34",07 September 2026,3623
INV73053,Civil infrastructure services,citywide service solutions pty ltd,0.2m,18/08/2025,3665
INV73054,Waste management services,Cleanaway Waste Management Limited (AU),137385.94,21/03/2028,3556
INV73055,Graffiti management and pressure cleaning services,Calcorp,0.2m,14 June 2027,3668
INV73056,Graffiti management and pressure cleaning services,CalcorpServicesPtyLtd,"$101,894.76",03-Jan-2025,3668
INV73057,Management of Active Melbourne recreation facilities,Victorian YMCA Community Programming Pty. Ltd.,58836.01,2027-11-04,3615
INV73058,Open spaces management - region 1,citywide service solutions pty ltd,170944.43,25/08/25,3676
INV73059,Melbourne Town Hall venue management,ShowtimeEventGroupPtyLtd,141205.61,2029-05-26,3670
INV73060,Graffiti management and pressure cleaning services,Calcorp Serv,92198.06,2027-10-20,3668
INV73061,Building maintenance services,ProgrammedFacilityManagementPtyLtd,"$169,335.71",13-Feb-2025,3630
INV73062,Building cleaning services,Menzies International (Aust) Pty Ltd,143849.72 AUD,31/07/2027, 
INV73063,Open spaces management - region 1,Citywide Service ,92656.59,25/03/20,3676
INV73064,Management of Active Melbourne recreation facilities,VictorianYMCACommunityProgrammingPtyLtd,,07 January 2028,3615
INV73065,Tree management maintenance services,Citywide Service Solutions Pty Ltd (AU),0.0m,2026-08-01,3678
INV73066,Vehicle tow away and impound services,Nationwide Towing Services,,01-May-2029,3585
INV73067,Building maintenance services,PROGRAMMED FACILITY MANAGEMENT PTY LTD,151442.04,16/11/2026,3630
INV73068,Vehicle tow away and impound services,Nationwide Towing Services,42278.97,07/06/2027,3585
INV73069,Civil infrastructure services,Citywide,238972.82,15-Nov-2027,3665
INV73070,Integrated security services,Menzies International (Aust) Pty. Ltd.,0.1m,22/02/2029,3634
INV73071,Building cleaning services,menzies international (aust) pty ltd,231519.14,27 February 2029,3634
INV73072,Open spaces management - region 2,SERCO (AU),126033.67,26/10/21,3677
INV73073,Open spaces management - region 1,Citywide Service Solutions hty Ltd,146277.1 AUD,2028-06-24,3676
INV73074,Building cleaning services,Menzies International (Aust) P/L,9456.01 AUD,29/03/2026,3634
INV73075,Building cleaning services,MenziesInternational(Aust)PtyLtd,"$86,312.83",29/04/03,3634
INV73076,Street cleaning,Spotless Facility Services Pty Ltd,0.0m,2027-01-22,3669
INV73077,Civil infrastructure services,Citywide Service Solutions Pty Ltd,92910.88,2027-04-03,3665
INV73078,Graffiti management and pressure cleaning services,Calcorp Services Pty Ltd,88800.27,2027-01-20,3668
INV73079,Open spaces management - region 1,citywide service solutions pty ltd,193230.75,30-Mar-2026,3676
INV73080,Integrated security services,National Protective Services Pty. Ltd.,"$226,324.65",2026-04-24,3686
INV73081,Vehicle tow away and impound services,Nationwide Towing Services (AUS),14311.35,02/04/2029,3585
INV73082,Building cleaning services,Menzies International (Aust) Pty Ltd,183996.29,27 July 2026,3634
INV73083,Graffiti management and pressure cleaning services,Calcorp Services Pty Ltd,143136.47,16-Dec-2029, 
INV73084,Tree management maintenance services,Citywide Service Solutions Pty Ltd (AUS),,2029-09-08,3678
INV73085,Open spaces management - region 2,SERCO,55782.19,2025-07-19,3677
INV73086,Parking technology services,Reino International Pty ,102366.21,2029-12-23,3623
INV73087,Civil infrastructure services,CITYWIDE SERVICE SOLUTIONS PTY LTD,0.2m,2028-06-04,3665
INV73088,Parking technology services,Reino,"$90,600.41",11 March 2027,3623
INV73089,Melbourne Town Hall venue management,Showtime Event Group Pty Ltd (AUS),0.1m,26/01/24,3670
INV73090,Open spaces management - region 1,Citywide Service Solutions P/L,1080.3 AUD,26/12/2029,3676
INV73091,Management of Active Melbourne recreation facilities,Victorian YMCA Community Programming Pty. Ltd.,64728.52,05/03/2029,3615
INV73092,Graffiti management and pressure cleaning services,Calcorp Serv,0.2m,26/07/27,3668
INV73093,Management of Active Melbourne recreation facilities,VICTORIAN YMCA COMMUNITY PROGRAMMING PTY LTD,0.0m,20 September 2026,3615
INV73094,Parking technology services,Reino Int’l Pty Ltd T/A Duncan Solutions,51990.73 AUD,04 June 2027,3623
INV73095,Waste management services,Cleanaway Waste Management LTD,88817.71,13-Sep-2026, 
INV73096,Melbourne Town Hall venue management,Showtime Event Group Pty. Ltd.,228334.3 AUD,30 November 2026,3670
INV73097,Melbourne Town Hall venue management,Showtime Event Group Pty. Ltd.,111616.74 AUD,18-Jan-2028, 
INV73098,Management of Active Melbourne recreation facilities,Victorian YMCA Community Programming Pty. Ltd.,"$89,357.14",22 January 2026,3615
INV73099,Waste management services,Cleanaway Waste Management Limited (AUS),0.2m,16/06/2029,3556
INV73100,Open spaces management - region 2,SERCO (AUS),"$11,601.92",09/04/2029,3677
INV73101,Open spaces management - region 2,SERCi,0.1m,2028-04-29,3677
INV73102,Open spaces management - region 2,SERCO,101326.68,03/03/2028,3677
INV73103,Vehicle tow away and impound services,Nationwide To,"$62,486.55",02-Jun-2026,3585
INV73104,Waste management services,Cleanaway Waste Management Limited,110975.22,20-Oct-2029,3556
INV73105,Tree management maintenance services,Citywide Service Solutions Pty Ltd (AUS),153866.85,27/11/03,3678
INV73106,Management of Active Melbourne recreation facilities,Victorian YMCA Community Programming Pty Ltd,139645.58,03/12/2025,3615
INV73107,Integrated security services,National Protective Services Pty Ltd,90283.58,27/07/2029,3686
INV73108,Tree management maintenance services,CitywideServiceSolutionsPtyLtd,174157.26,14-Feb-2027,3678
INV73109,Integrated security services,National Protectiv,28436.04,23/07/2029,3686
INV73110,Building cleaning services,Menzies International (Aust) Pty Ltd (AU),"$82,052.15",26/07/28,3634
INV73111,Building maintenance services,Programmed Facility Management Pty Ltd,"$175,736.29",29/06/2026,3630
INV73112,Waste management services,Cleanaway Waste Management Ltd,"$190,251.46",2029-03-04,3556
INV73113,Building cleaning services,Menznes International (Aust) Pty Ltd,0.0m,27/08/05,3634
INV73114,Building maintenance services,Programmed Facility Management Pty. Ltd.,125683.32 AUD,20/03/2025,3630
INV73115,Vehicle tow away and impound services,Nationwide Towing Services (AUS),0.0m,07-Feb-2027,3585
INV73116,Graffiti management and pressure cleaning services,calcorp services pty ltd,108040.95,30/04/2026,3668
INV73117,Waste management services,cleanaway waste management limited,88396.03 AUD,25 July 2025,3556
INV73118,Civil infrastructure services,Citywide Service Solutions P/L,"$47,424.11",15-Feb-2028,3665
INV73119,Melbourne Town Hall venue management,Showtime  Event  Group  Pty  Ltd,"$27,931.69",24-May-2028,3670
INV73120,Tree management maintenance services,Citywide Service Solutions Pty Ltd,140676.65,25 February 2026,3678
INV73121,Vehicle tow away and impound services,Nationwide Towing Services (AU),0.1m,23 October 2026,3585
INV73122,Management of Active Melbourne recreation facilities,Citywide Service Solutions Pty. Ltd.,226848.96,03/05/2027,3678
INV73123,Vehicle tow away and impound services,Nationwide Towing Services (AUS),241581.31 AUD,02-Oct-2028,3585
INV73124,Building cleaning services,Menzies Int’l (Aust) Pty Ltd,243458.39,27 April 2026,3634
INV73125,Tree management maintenance services,Citywide Service Solutions Pty Ltd,0.1m,29/11/2029,3678
INV73126,Civil infrastructure services,Citywide,213217.49,17/07/2029,3665
INV73127,Civil infrastructure services,Citywide Service Solutions Pty Ltd,99410.44,23/05/2025,3665
INV73128,Open spaces management - region 1,Citywide,"$227,966.89",12 January 2029,3676
INV73129,Civil infrastructure services,Citywide Service Solutions P/L,45711.2,08/02/2026,3665
INV73130,Building maintenance services,Programmed Facility Management P/L,0.1m,20/10/2027,3630
INV73131,Waste management services,CleanawayWasteManagementLimited,225175.81 AUD,25 September 2025,3556
INV73132,Tree management maintenance services,Citywide Service Solutions P/L,183571.97,23 August 2028,3678
INV73133,Tree management maintenance services,citywide service solutions pty ltd,"$158,895.79",28/04/2027,3678
INV73134,Parking technology services,Citywide Service Solutions Pty Ltd,94020.89,27/09/19,3678
INV73135,Open spaces management - region 1,Citywide Service Solutions P/L,36440.61,10/04/2025,3676
INV73136,Graffiti management and pressure cleaning services,Spotless  Facility  Services  Pty  Ltd,0.2m,27/03/08,3669
INV73137,Waste management services,Reino International Pty Ltd T/A Duncan Solutions,0.2m,02/05/2027,3623
INV73138,Street cleaning,Spotless Facility Services Pty Ltd,0.0m,2028-08-06,3669
INV73139,Tree management maintenance services,Citywide Service Soluvions Pty Ltd,163410.52,06-Sep-2027,3678
INV73140,Melbourne Town Hall venue management,showtime event group pty ltd,146800.28,11 March 2029,3670
INV73141,Vehicle tow away and impound services,Nationwide To,108738.75,28/02/2028,3585
INV73142,Building cleaning services,Menzies International (Aust) Pty Ltd,"$134,958.96",28/11/09,3634
INV73143,Integrated security services,National Protective Services Pty Ltd (AU),227888.48,31 March 2027,3686
INV73144,Open spaces management - region 2,SERCO,77689.82,03-Mar-2026,3677
INV73145,Open spaces management - region 1,Citywide Service Solutions Pty Ltd,48894.33,05/11/2028,3676
INV73146,Open spaces management - region 1,Citywide Service Solutions P/L,191900.83 AUD,14-Jun-2027,3676
INV73147,Open spaces management - region 1,CitywideServiceSolutionsPtyLtd,0.0m,26-Jan-2029,3676
INV73148,Civil infrastructure services,Citywide Service Solutions Pty Ltd,0.1m,21-Jul-2029,3665
INV73149,Tree management maintenance services,Showtime Event Group Pty Ltd (AUS),201004.42,17-Aug-2026,3670
INV73150,Open spaces management - region 1,Citywide Service Solutions Pty Ltd,"$126,386.99",16/06/2026,3676
INV73151,Street cleaning,Spotless Facility Services Pty Ltd,"$136,246.98",27/08/2026,3669
INV73152,Parking technology services,Reino,0.0m,14-Nov-2029,3623
INV73153,Open spaces management - region 2,SERCO,65635.65 AUD,17-Jun-2029,3677
INV73154,Building cleaning services,MENZIES INTERNATIONAL (AUST) PTY LTD,86990.24 AUD,18 March 2026,3634
INV73155,Open spaces management - region 1,Citywide Service Solutibns Pty Ltd,226601.24,16/08/2025,3676
INV73156,Open spaces management - region 2,SERCO,"$210,394.19",27/01/2029,3677
INV73157,Building maintenance services,Programmed Facility Magagement Pty Ltd,20245.89,2029-04-13,3630
INV73158,Vehicle tow away and impound services,nationwide towing services,137989.83 AUD,29/04/25,3585
INV73159,Vehicle tow away and impound services,Nationwide Towing Services (AU),165774.21 AUD,03-Apr-2029,3585
INV73160,Street cleaning,Spotless Facility Services Pty Ltd,237104.82 AUD,2027-09-19,3669
INV73161,Civil infrastructure services,Citywide,11116.66,08 October 2029,3665
INV73162,Building cleaning services,menzies international (aust) pty ltd,"$56,497.41",21-Nov-2029,3634
INV73163,Street cleaning,Spotless,0.0m,15/04/2027,3669
INV73164,Graffiti management and pressure cleaning services,calcorp services pty ltd,35827.5,26/12/19,3668
INV73165,Building maintenance services,Programmed Facility Management P/L,181809.07,31-Jan-2029,3630
INV73166,Integrated security services,National Protective Services Pty Ltd (AUS),3863.69,2027-09-21,3686
INV73167,Civil infrastructure services,CitywideServiceSolutionsPtyLtd,"$41,216.38",28/11/08,3665
INV73168,Civil infrastructure services,Programmed Facility Management Pty Ltd (AUS),131099.62,20/07/2026,3630
INV73169,Building cleaning services,Menzies Intl (Aust) Pty Ltd,"$11,979.0",21-May-2028,3634
INV73170,Integrated security services,National Protective Services Pty Ltd,150313.27,29-Jul-2028, 
INV73171,Open spaces management - region 2,SERCO (AUS),13418.39,27/02/15,3677
INV73172,Open spaces management - region 1,Citywide,30413.64,13-Feb-2026,3676
INV73173,Street cleaning,CleanawayWasteManagementLimited,0.1m,2028-06-21, 
INV73174,Street cleaning,Spotless Facility Services Pty Ltd (AUS),0.1m,21/05/2029,3669
INV73175,Building maintenance services,Programmed Facility,134013.58,25/05/2029,3630
INV73176,Building cleaning services,Menzies International (Aust) Pty Ltd (AU),157404.97,24 May 2025,3634
INV73177,Tree management maintenance services,Citywide Service Solutions Pty. Ltd.,102474.15 AUD,05/07/2028,3678
INV73178,Tree management maintenance services,Citywide Service Solutions Pty Ltd,7752.15,23/05/2025,3678
INV73179,Open spaces management - region 2,SERCO (AU),0.0m,26/05/07,3677
INV73180,Waste management services,Cleanaway Waste Management Limited,0.2m,14-Mar-2029,3556
INV73181,Graffiti management and pressure cleaning services,Calcorp Services Pty. Ltd.,155263.28 AUD,05/07/2026,3668
INV73182,Parking technology services,Reino International Pty Ltd T/A Duncan Solutions,223740.54,03 June 2029,3623
INV73183,Building cleaning services,Menzies International (Aust) P/L,206272.2,04 December 2029,3634
INV73184,Civil infrastructure services,Citywide Service Solutions P/L,166155.17 AUD,11/11/2029,3665
INV73185,Building maintenance services,Programmed Facility Management Pty Ltd,242405.08 AUD,14/07/2027,3630
INV73186,Open spaces management - region 1,citywide service solutions pty ltd,209574.58 AUD,14/04/2029,3676
INV73187,Waste management services,Cleanaway,198832.15 AUD,08/06/2027,3556
INV73188,Building cleaning services,Menzies International (Aust) P/L,0.2m,01 June 2029,3634
INV73189,Civil infrastructure services,Citywide Serviqe Solutions Pty Ltd,0.0m,23/07/2026,3665
INV73190,Tree management maintenance services,Citywije Service Solutions Pty Ltd,0.1m,20/06/2027,3678
INV73191,Street cleaning,Spotless Facility Services Pty. Ltd.,91476.53,08/10/2028,3669
INV73192,Open spaces management - region 1,Citywide Service Solutions Pty Ltd,"$42,048.4",24/08/2029,3676
INV73193,Tree management maintenance services,Citywide Service ,47059.07,12/04/2027,3678
INV73194,Open spaces management - region 1,citywide service solutions pty ltd,10821.95 AUD,07 February 2027,3676
INV73195,Vehicle tow away and impound services,nationwide towing services,219698.63,2025-05-07,3585
INV73196,Open spaces management - region 1,Citywide  Service  Solutions  Pty  Ltd,120388.51 AUD,27 April 2029,3676
INV73197,Parking technology services,Reino International Pty Ltd T/A Duncan Solutions (AU),37638.85,26/12/23,3623
INV73198,Street cleaning,spotless facility services pty ltd,55278.06 AUD,19/04/2029,3669
INV73199,Graffiti management and pressure cleaning services,Calcorp Services Pty Ltd (AUS),95003.44,28/03/19,3668
INV73200,Parking technology services,Reino Int’l Pty Ltd T/A Duncan Solutions,96555.4,02-Dec-2027,3623
INV73201,Graffiti management and pressure cleaning services,CalcorpServicesPtyLtd,0.2m,13/08/2025,3668
INV73202,Open spaces management - region 2,Serco,0.2m,14/06/2027,3677
INV73203,Open spaces management - region 1,CITYWIDE SERVICE SOLUTIONS PTY LTD,0.2m,07-Nov-2027,3676
INV73204,Integrated security services,national protective services pty ltd,221311.27,19/01/2025,3686
INV73205,Waste management services,Cleanaway Waste M,9352.66,26/09/24,3556
INV73206,Management of Active Melbourne recreation facilities,Victorian YMCA Community Programming Pty Ltd,"$35,989.34",,3615
INV73207,Open spaces management - region 1,Citywide,100626.51,28/10/02,3676
INV73208,Vehicle tow away and impound services,Nationwide Towing Services (AUS),25454.49,28/10/2029,3585
INV73209,Tree management maintenance services,Citywide Service Solutions Pty Ltd,72623.02,15-Mar-2029,3678
INV73210,Vehicle tow away and impound services,Nationwide Towing Services,177234.84 AUD,25 October 2027,3585
INV73211,Building maintenance services,Programmed Facility Management Pty. Ltd.,,19/10/2028,3630
INV73212,Civil infrastructure services,Citywide Service Solutions Pty. Ltd.,224849.12 AUD,06/09/2026,3665
INV73213,Melbourne Town Hall venue management,SHOWTIME EVENT GROUP PTY LTD,161030.57 AUD,,3670
INV73214,Tree management maintenance services,Citywide Service Solutions Pty. Ltd.,96942.23,07/02/2028,3678
INV73215,Tree management maintenance services,Nationwide Towing Services (AUS),232215.05 AUD,21 May 2026,3585
INV73216,Open spaces management - region 2,SERCO,"$231,118.17",02 January 2028,3677
INV73217,Vehicle tow away and impound services,NationwideTowingServices,200901.84,2027-09-09,3585
INV73218,Open spaces management - region 2,SERCO,"$25,054.47",27/06/04,3677
INV73219,Vehicle tow away and impound services,NationwideTowingServices,247639.1,25/08/09,3585
INV73220,Tree management maintenance services,Citywide Service Solutions Pty Ltd (AU),"$113,497.64",21/02/2029,3678
INV73221,Melbourne Town Hall venue management,Showtime Event Group Pty Ltd (AU),36328.7 AUD,26 May 2026,3670
INV73222,Building maintenance services,Programmed Facility Management P/L,194253.12 AUD,13/08/2029,3630
INV73223,Building maintenance services,PROGRAMMED FACILITY MANAGEMENT PTY LTD,108909.0,14 July 2026,3630
INV73224,Open spaces management - region 1,Citywide Service Solutions P/L,109662.27,01/02/2026,3676
INV73225,Parking technology services,REINO INTERNATIONAL PTY LTD T/A DUNCAN SOLUTIONS,0.2m,2028-05-21,3623
INV73226,Civil infrastructure services,Citywide Service Solutions P/L,0.1m,2029-01-21,3665
INV73227,Parking technology services,Reino  International  Pty  Ltd  T/A  Duncan  Solutions,224106.59,25/01/28,3623
INV73228,Open spaces management - region 1,Citywide Service Solutions Pty Ltd,197826.28,11/09/2028,3676
INV73229,Street cleaning,Spotless Facility Services Pty Ltd,193647.12,24 September 2025,3669
INV73230,Vehicle tow away and impound services,Nationwide Tywing Services,209936.84,15-Feb-2029,3585
INV73231,Open spaces management - region 1,Citywide Service Solutions Pty Ltd (AU),"$192,320.27",30 June 2028,3676
INV73232,Building cleaning services,Menzies International (Aust) Pty Ltd (AUS),137297.57,2029-04-25,3634
INV73233,Parking technology services,Reino International Pty ,11455.66 AUD,01/08/2028,3623
INV73234,Open spaces management - region 1,CitywideServiceSolutionsPtyLtd,201509.55,08/01/2028,3676
INV73235,Tree management maintenance services,CITYWIDE SERVICE SOLUTIONS PTY LTD,85927.46 AUD,25-Sep-2027,3678
INV73236,Civil infrastructure services,National Protective Services Pty Ltd,"$165,943.72",01-Oct-2029,3686
INV73237,Open spaces management - region 2,SERCO,132239.69,08/08/2028,3677
INV73238,Open spaces management - region 2,SERCO (AU),0.0m,14/08/2026,3677
INV73239,Building maintenance services,Programmed Facility Mgmt Pty Ltd,69294.64 AUD,30 April 2026,3630
INV73240,Graffiti management and pressure cleaning services,CALCORP SERVICES PTY LTD,239024.25,2027-03-16,3668
INV73241,Open spaces management - region 1,Citywide Service Solutions Pty Ltd,201413.62 AUD,09-Dec-2029,3676
INV73242,Melbourne Town Hall venue management,Showtime Event Group Pty Ltd,0.0m,08/08/2027,3670
INV73243,Graffiti management and pressure cleaning services,Calcorp Services Pty. Ltd.,"$17,537.73",29/08/03,3668
INV73244,Street cleaning,Spotless Facility Services Pty Ltd,249938.89,2026-03-07,3669
INV73245,Waste management services,Cleanaway,28247.67,2026-07-10,3556
INV73246,Civil infrastructure services,Citywide Service Solutions Pty Ltd (AU),0.2m,19/01/2027,3665
INV73247,Street cleaning,Spotless  Facility  Services  Pty  Ltd,179223.21,02 May 2025,3669
INV73248,Open spaces management - region 2,serco,0.2m,27/09/2026,3677
INV73249,Management of Active Melbourne recreation facilities,VICTORIAN YMCA COMMUNITY PROGRAMMING PTY LTD,0.2m,27/10/11,3615
INV73250,Building maintenance services,PROGRAMMED FACILITY MANAGEMENT PTY LTD,119283.28,04/11/2027,3630
INV73251,Tree management maintenance services,Citywide,96968.17 AUD,01/05/2027,3676
INV73252,Vehicle tow away and impound services,Nationwide Towing Servihes,0.2m,2025-11-17,3585
INV73253,Integrated security services,National Protective Services Pty Ltd,100261.27,12 December 2027,3686
INV73254,Integrated security services,National Protective Services Pty. Ltd.,239254.45,02/02/2027,3686
INV73255,Open spaces management - region 2,serco,9175.1 AUD,27/03/13,3677
INV73256,Melbourne Town Hall venue management,showtime event group pty ltd,36255.87 AUD,2026-09-30,3670
INV73257,Civil infrastructure services,Citywide Service Solutions Pty Ltd (AU),124103.05 AUD,28/07/2029,3665
INV73258,Street cleaning,Spotless Facility Services Pty Ltd (AU),193528.72,29/03/23,3669
INV73259,Street cleaning,spotless facility services pty ltd,46729.86,21-Jan-2025,3669
INV73260,Street cleaning,Spotless Facility Services Pty Ltd,95764.81 AUD,26/06/2025,3669
INV73261,Open spaces management - region 1,Citywide Service Solutions Pty. Ltd.,90619.91,26/09/03,3676
INV73262,Management of Active Melbourne recreation facilities,Victorian YMCA Community Programming Pty Ltd (AU),57253.21,2029-06-23,3615
INV73263,Building maintenance services,PROGRAMMED FACILITY MANAGEMENT PTY LTD,120167.04,27/07/29,3630
INV73264,Building maintenance services,Programmed Facility Management Pty Ltd,125642.4,27/12/23,3630
INV73265,Open spaces management - region 2,VICTORIAN YMCA COMMUNITY PROGRAMMING PTY LTD,111711.12,13/01/2025,3615
INV73266,Street cleaning,Spotless Facility Services Pty Ltd (AU),217211.4,15 September 2027,3669
INV73267,Graffiti management and pressure cleaning services,Calcorp Services Pty Ltd (AU),77093.06 AUD,25/01/20,3668
INV73268,Open spaces management - region 1,Citywide Service Solutions Pty Ltd,0.0m,2028-11-30,3676
INV73269,Tree management maintenance services,Citywide Service Solutions PtypLtd,0.1m,2029-01-06,3678
INV73270,Building maintenance services,Programmed Facility Management Pty. Ltd.,158997.87 AUD,,3630
INV73271,Tree management maintenance services,Citywide Service Solutions Pty Ltd,"$93,023.23",18 April 2028,3678
INV73272,Open spaces management - region 2,SERCO,0.2m,13-Apr-2027, 
INV73273,Open spaces management - region 1,Citywide Service Solutions Pty Ltd (AUS),0.0m,2025-09-12,3676
INV73274,Building cleaning services,MENZIES INTERNATIONAL (AUST) PTY LTD,84737.95,2026-09-18,3634
INV73275,Civil infrastructure services,CITYWIDE SERVICE SOLUTIONS PTY LTD,0.0m,21 July 2026,3665
INV73276,Open spaces management - region 1,Citywide Service Solutions Pty Ltd,0.0m,27/09/03,3676
INV73277,Melbourne Town Hall venue management,SHOWTIME EVENT GROUP PTY LTD,0.2m,24/08/2026, 
INV73278,Building maintenance services,Programmed Facility Mgmt Pty Ltd,117573.98,26/12/26,3630
INV73279,Street cleaning,Spotless Facility,0.0m,2028-02-05,3669
INV73280,Open spaces management - region 2,SERCO,60408.1,15/10/2028,3677
INV73281,Tree management maintenance services,Citywide Service Solutions Pty Ltd,"$156,443.07",13/11/2025,3678
INV73282,Civil infrastructure services,Citywide Service Solutions P/L,85478.09 AUD,29/03/31,3665
INV73283,Parking technology services,Reino International Pty Ltd T/A Duncan Solutions (AU),0.2m,06/11/2025,3623
INV73284,Building cleaning services,Menzies International (Aust) Pty Ltd,172068.15 AUD,27/11/24,3634
INV73285,Parking technology services,Reino  International  Pty  Ltd  T/A  Duncan  Solutions,0.2m,25/06/2027,3623
INV73286,Open spaces management - region 1,Citywide Service Solutions Pty Ltd (AU),175529.59 AUD,03 February 2028,3676
INV73287,Street cleaning,spotless facility services pty ltd,67933.62,29-Jun-2029,3669
INV73288,Building maintenance services,Programmed  Facility  Management  Pty  Ltd,6107.68,20-Mar-2027,3630
INV73289,Parking technology services,reino international pty ltd t/a duncan solutions,0.2m,01 March 2026,3623
INV73290,Tree management maintenance services,Citywike Service Solutions Pty Ltd,171552.94 AUD,2025-09-16,3678
INV73291,Graffiti management and pressure cleaning services,Calcorp Services Pty Ltd (AUS),173388.34 AUD,25/06/28,3668
INV73292,Vehicle tow away and impound services,Nationwide Towing Services,0.1m,01 November 2029,3585
INV73293,Graffiti management and pressure cleaning services,Menzies Internatio,89462.39,25/02/10,3634
INV73294,Building maintenance services,PROGRAMMED FACILITY MANAGEMENT PTY LTD,54469.67,14/04/2025,3630
INV73295,Open spaces management - region 2,SERCO,"$192,579.12",19/08/2025,3677
INV73296,Melbourne Town Hall venue management,Showtime Event Group P/L,0.1m,09-Dec-2025,3670
INV73297,Management of Active Melbourne recreation facilities,Victorian YMCA Community Programming P/L,27243.97 AUD,10/06/2026,3615
INV73298,Management of Active Melbourne recreation facilities,Victorian YMCA Communi,161103.91,02-May-2026,3615
INV73299,Street cleaning,Spotless,145147.69,14-Aug-2028,3669
INV73300,Building cleaning services,Menzies International (Aust) Pty Ltd (AUS),203895.48,2029-05-03,3634
INV73301,Vehicle tow away and impound services,Nationwide Towing Services,0.1m,23 February 2027,3585
INV73302,Parking technology services,Reino International Pty Ltd T/A Duncan Solutions (AU),204393.96,2027-02-04,3623
INV73303,Parking technology services,ReinoInternationalPtyLtdT/ADuncanSolutions,96879.44,19-Mar-2028,3623
INV73304,Street cleaning,Spotless,0.1m,28/03/13,3669
INV73305,Melbourne Town Hall venue management,SHOWTIME EVENT GROUP PTY LTD,34725.59,08/11/2029,3670
INV73306,Waste management services,Cleanaway Waste Mgmt Limited,"$199,147.07",17-Feb-2029,3556
INV73307,Tree management maintenance services,citywide service solutions pty ltd,238398.3,2026-06-12,3678
INV73308,Building maintenance services,Programmed Facility,"$6,111.37",18 December 2026,3630
INV73309,Open spaces management - region 2,SERCO,113760.05 AUD,18 September 2026,3677
INV73310,Open spaces management - region 2,SERvO,115697.86,01 February 2027,3677
INV73311,Building cleaning services,National Protective Services Pty Ltd,"$207,157.99",02 April 2025,3686
INV73312,Management of Active Melbourne recreation facilities,victorian ymca community programming pty ltd,9226.89 AUD,2028-09-16,3615
INV73313,Open spaces management - region 1,Citywide  Service  Solutions  Pty  Ltd,"$245,156.57",05/10/2026,3676
INV73314,Street cleaning,Spotless Facility Services Pty Ltd (AUS),150862.91,04-Jan-2029,3669
INV73315,Waste management services,Cleanaway Waste Management Limited,78529.11,01 May 2029,3556
INV73316,Building cleaning services,Menzies International (Aust) P/L,22676.48,2027-09-11,3634
INV73317,Waste management services,Cleanaway Waste Management Ltd,0.2m,28 April 2028, 
INV73318,Management of Active Melbourne recreation facilities,Victorian YMCA Community Programming Pty Ltd,235566.91,2026-07-10,3615
INV73319,Open spaces management - region 2,Victorian YMCA Community Programming Pty Ltd,240631.45,2026-01-07,3615
INV73320,Civil infrastructure services,Citywide Service Sxlutions Pty Ltd,"$186,502.97",20 September 2029,3665
INV73321,Integrated security services,National  Protective  Services  Pty  Ltd,193841.24 AUD,18/01/2028,3686
INV73322,Civil infrastructure services,Citywide Sepvice Solutions Pty Ltd,176598.93,07-Mar-2025,3665
INV73323,Parking technology services,Showtime Event Group Pty Ltd (AU),11096.93 AUD,2025-11-27,3670
INV73324,Building maintenance services,Programmed Facility Management Pty Ltd (AU),176295.13,29/04/10,3630
INV73325,Civil infrastructure services,citywide service solutions pty ltd,131856.98 AUD,2027-01-26,3665
INV73326,Vehicle tow away and impound services,NATIONWIDE TOWING SERVICES,54217.51,02/06/2025,3585
INV73327,Management of Active Melbourne recreation facilities,Victorian,0.1m,2026-07-13,3615
INV73328,Waste management services,Reino Int’l Pty Ltd T/A Duncan Solutions,5120.84,02/05/2026,3623
INV73329,Vehicle tow away and impound services,Nationwide Towing Services,0.1m,26/09/2027,3585
INV73330,Parking technology services,Reino International Pty Ltd T/A Duncan Solutions,149069.2,29-Aug-2028,3623
INV73331,Melbourne Town Hall venue management,Showtime Event Group Pty Ltd (AU),"$148,316.52",06/04/2026,3670
INV73332,Graffiti management and pressure cleaning services,Calcorp Serv,0.2m,13/01/2026,3668
INV73333,Building maintenance services,Programmed Facility Management Pty. Ltd.,0.1m,27 May 2029,3630
INV73334,Waste management services,Cleanaway Waste Management Limited,86944.07,29/12/18,3556
INV73335,Building maintenance services,programmed facility management pty ltd,218000.26 AUD,28/05/18,3630
INV73336,Management of Active Melbourne recreation facilities,VictorianYMCACommunityProgrammingPtyLtd,197250.35 AUD,08 April 2026,3615
INV73337,Tree management maintenance services,Citywide Service Solutions Pty Ltd (AUS),239621.95,29/11/05,3678
INV73338,Graffiti management and pressure cleaning services,Calcorp Services Pty Ltd,48908.84 AUD,07/09/2026,3668
INV73339,Building maintenance services,PROGRAMMED FACILITY MANAGEMENT PTY LTD,"$219,107.39",13 August 2029,3630
INV73340,Open spaces management - region 1,Citywide Service Solutions P/L,0.0m,09/11/2026,3676
INV73341,Parking technology services,REINO INTERNATIONAL PTY LTD T/A DUNCAN SOLUTIONS,0.0m,2025-05-15,3623
INV73342,Graffiti management and pressure cleaning services,CALCORP SERVICES PTY LTD,220978.11,12/01/2025,3668
INV73343,Building cleaning services,Menzies International (Aust) Pty Ltd (AUS),187653.4 AUD,17/11/2026,3634
INV73344,Tree management maintenance services,Showtime Event Group Pty Ltd,218984.71,17 February 2026,3670
INV73345,Integrated security services,national protective services pty ltd,87634.26,27/07/2029,3686
INV73346,Open spaces management - region 2,SERCO (AUS),0.1m,08/02/2027, 
INV73347,Open spaces management - region 2,Serco,169815.23,25/06/20,3677
INV73348,Tree management maintenance services,Citywide Service Solutions Pty Ltd (AU),0.2m,09/08/2025,3678
INV73349,Waste management services,MENZIES INTERNATIONAL (AUST) PTY LTD,241952.18,24/09/2027,3634
INV73350,Parking technology services,Reino Internatioral Pty Ltd T/A Duncan Solutions,33314.6 AUD,28/01/22,3623
INV73351,Waste management services,Cleanaway,121438.76 AUD,2025-12-30, 
INV73352,Tree management maintenance services,Citywide Service Solutions P/L,91131.49,12-Mar-2026,3678
INV73353,Waste management services,Cleanaway Waste Management Limited (AUS),52083.18,09-Aug-2026,3556
INV73354,Civil infrastructure services,Citywide Service Solutions P/L,"$96,724.19",2027-12-24,3665
INV73355,Civil infrastructure services,CITYWIDE SERVICE SOLUTIONS PTY LTD,,04/07/2025,3665
INV73356,Building maintenance services,Programmed Facility Management Pty Ltd,0.1m,22/02/2028,3630
INV73357,Open spaces management - region 1,Citywide Service Solutions Pty Ltd (AUS),215365.7 AUD,2029-01-04,3676
INV73358,Integrated security services,National Protective Services Pty. Ltd.,0.2m,04-Jun-2026,3686
INV73359,Melbourne Town Hall venue management,SHOWTIME EVENT GROUP PTY LTD,204406.58,20 February 2029,3670
INV73360,Open spaces management - region 1,National Protective Services Pty Ltd (AU),20469.5,30-May-2027,3686
INV73361,Waste management services,Cleanaway Waste Management Ltd,"$137,902.55",25/07/2026,3556
INV73362,Integrated security services,National Protective Services Pty Ltd (AUS),212199.95,02/07/2029,3686
INV73363,Waste management services,Cleanaway Waste Management Limited,0.1m,10/12/2029,3556
INV73364,Civil infrastructure services,Citywide Service Solutions Pty Ltd,186082.0,19/11/2025,3665
INV73365,Vehicle tow away and impound services,NATIONWIDE TOWING SERVICES,99522.19,2029-04-30,3585
INV73366,Building maintenance services,Programmed Facility Management Pty. Ltd.,121715.65,2027-01-14,3630
INV73367,Management of Active Melbourne recreation facilities,Citywide Service Solutions Pty Ltd,220329.19,08/06/2029,3678
INV73368,Management of Active Melbourne recreation facilities,Victorian YMCA Communi,"$120,630.3",27-Oct-2028,3615
INV73369,Melbourne Town Hall venue management,Showtime Event Group Pty Ltd,"$87,386.82",27-Feb-2029,3670
INV73370,Melbourne Town Hall venue management,ShowtimeEventGroupPtyLtd,"$227,313.35",2026-07-22,3670
INV73371,Open spaces management - region 1,Citywide Service Solutions Pty Ltd,0.2m,02 July 2026, 
INV73372,Graffiti management and pressure cleaning services,Calcorp Services P/L,0.1m,12-Jun-2025,3668
INV73373,Tree management maintenance services,Citywide Service Solutions Pty Ltd (AUS),"$203,822.22",13 May 2028,3678
INV73374,Open spaces management - region 1,Citywide Service Solutions Pty Ltd,182049.97,27 October 2028,3676
INV73375,Tree management maintenance services,Citywide Service Solutions P/L,38517.73,26 July 2025,3678
INV73376,Integrated security services,National  Protective  Services  Pty  Ltd,126872.0,11-Aug-2029,3686
INV73377,Street cleaning,SPOTLESS FACILITY SERVICES PTY LTD,"$217,126.52",03/05/2029,3669
INV73378,Tree management maintenance services,Citywide Service Solutions Pty Ltd (AU),217704.65,12/07/2026,3678
INV73379,Parking technology services,Reino International Pty Ltd T/A Duncan Solutions,0.1m,01 August 2026,3623
INV73380,Tree management maintenance services,Citywide Service Solutions P/L,111319.09 AUD,2028-11-05,3678
INV73381,Tree management maintenance services,Citywide Service Solutions Pty Ltd,234803.32,31 May 2026,3678
INV73382,Open spaces management - region 2,SERgO,"$187,786.88",04-Dec-2028,3677
INV73383,Street cleaning,Spotless Facility Services Pty Ltd,204840.52 AUD,25/09/03,3669
INV73384,Open spaces management - region 1,Citywide Service Solutions Pty Ltd (AUS),143366.1,2028-11-14,3676
INV73385,Graffiti management and pressure cleaning services,Calcorp,175722.89,2026-07-13,3668
INV73386,Tree management maintenance services,Citywide Service ,"$74,390.57",26/11/26,3678
INV73387,Vehicle tow away and impound services,NATIONWIDE TOWING SERVICES,75555.24,25/01/2026,3585
INV73388,Street cleaning,Spotless Facility Services Pty Ltd (AUS),0.0m,22/05/2026,3669
INV73389,Civil infrastructure services,citywide service solutions pty ltd,208218.79 AUD,02/04/2026,3665
INV73390,Integrated security services,NationalProtectiveServicesPtyLtd,0.0m,2025-09-23,3686
INV73391,Open spaces management - region 2,SqRCO,0.2m,21/06/2026,3677
INV73392,Parking technology services,Reino International Pty Ltd T/A Duncan Srlutions,153459.37,2026-04-01,3623
INV73393,Building cleaning services,Menzies  International  (Aust)  Pty  Ltd,112864.45 AUD,07-Nov-2025,3634
INV73394,Vehicle tow away and impound services,Nationwide Towing Services (AU),23586.98,17-Oct-2026,3585
INV73395,Building maintenance services,Programmed Facility Management P/L,13865.01 AUD,2028-05-03,3630
INV73396,Civil infrastructure services,Citywide Service Solutions Pty Ltd,75313.14 AUD,25/08/19,3665
INV73397,Graffiti management and pressure cleaning services,CALCORP SERVICES PTY LTD,129413.6 AUD,2028-05-13,3668
INV73398,Management of Active Melbourne recreation facilities,Victorian YMCA Community Programming P/L,"$178,260.97",12/02/2027,3615
INV73399,Open spaces management - region 2,SERCO,246638.44,2025-11-12,3677
INV73400,Melbourne Town Hall venue management,Showtime,74673.9,11 May 2025,3670
INV73401,Graffiti management and pressure cleaning services,Calcorp Services Pty Ltd,"$144,035.25",14 March 2028,3668
INV73402,Waste management services,Cleanaway Waste Management Limited (AUS),0.2m,28/09/23,3556
INV73403,Street cleaning,Spotless Facility Services Pty Ltd,71240.87,16-Jun-2026,3669
INV73404,Open spaces management - region 2,SERCO,59467.96,31 January 2028,3677
INV73405,Building maintenance services,Programmed Facility Management Pty Ltd,71465.08 AUD,03 October 2029,3630
INV73406,Building cleaning services,MENZIES INTERNATIONAL (AUST) PTY LTD,5240.47,2028-05-07,3634
INV73407,Waste management services,CleanawayWasteManagementLimited,"$105,752.03",12/10/2025,3556
INV73408,Tree management maintenance services,Citywvde Service Solutions Pty Ltd,"$197,110.45",18-Nov-2029,3678
INV73409,Graffiti management and pressure cleaning services,Calcorp Services Pty Ltd,234196.63,28/04/24,3668
INV73410,Tree management maintenance services,Citywide,212039.59,08-Jan-2025,3678
INV73411,Open spaces management - region 1,citywide service solutions pty ltd,76654.61,19/12/2025,3676
INV73412,Vehicle tow away and impound services,nationwide towing services,59947.14 AUD,2027-01-14,3585
INV73413,Civil infrastructure services,Citywide Service Solutions Pty. Ltd.,,06 March 2025,3665
INV73414,Melbourne Town Hall venue management,Showtime Event Group Pty. Ltd.,"$155,603.21",28/12/15,3670
INV73415,Building cleaning services,Menzies Intl (Aust) Pty Ltd,119306.35,09 February 2026,3634
INV73416,Integrated security services,National Protective Services Pty Ltd (AU),20947.67,2025-08-09,3686
INV73417,Civil infrastructure services,Citywide Service ,0.0m,29/08/18,3665
INV73418,Management of Active Melbourne recreation facilities,VICTORIAN YMCA COMMUNITY PROGRAMMING PTY LTD,"$33,931.93",26-May-2028,3615
INV73419,Building cleaning services,Menzies Int’l (Aust) Pty Ltd,0.0m,11/12/2027, 
INV73420,Open spaces management - region 2,serco,"$184,037.42",02/09/2028,3677
INV73421,Melbourne Town Hall venue management,Showtime Event Group Pty Ltd,6620.01,2029-12-24,3670
INV73422,Building cleaning services,Menzies International (Aust) Pty Ltd (AUS),244412.83,24/11/2027,3634
INV73423,Graffiti management and pressure cleaning services,Calcorp Serv,190504.34,28/04/24,3668
INV73424,Open spaces management - region 1,Citywide Service ,39964.48 AUD,25/12/24,3676
INV73425,Civil infrastructure services,Citywide Service Solutions Pty. Ltd.,81450.19 AUD,29/08/20,3665
INV73426,Building cleaning services,MENZIES INTERNATIONAL (AUST) PTY LTD,"$234,107.98",08/11/2029,3634
INV73427,Tree management maintenance services,Citywide Service Solutions Pty Ltd,45812.55,2026-01-31,3678
INV73428,Parking technology services,REINO INTERNATIONAL PTY LTD T/A DUNCAN SOLUTIONS,0.0m,07/04/2029,3623
INV73429,Street cleaning,Spotless Facility Slrvices Pty Ltd,"$85,233.45",22/02/2027,3669
INV73430,Tree management maintenance services,Calcorp Services Pty Ltd (AU),"$104,107.21",12/12/2025,3668
INV73431,Open spaces management - region 2,SERCO (AU),214142.24,27-Sep-2029,3677
INV73432,Management of Active Melbourne recreation facilities,VICTORIAN YMCA COMMUNITY PROGRAMMING PTY LTD,24368.15,27/08/16,3615
INV73433,Parking technology services,Reino International Pty Ltd T/A Duncan Solutions,106291.51 AUD,01/09/2027,3623
INV73434,Street cleaning,Spotless,130227.5 AUD,27/06/25,3669
INV73435,Street cleaning,Spotless Facility Services Pty Ltd (AUS),168489.54 AUD,31/10/2025,3669
INV73436,Building maintenance services,Programmed,"$56,964.74",28/07/2027,3630
INV73437,Street cleaning,SpotlessFacilityServicesPtyLtd,0.0m,28/05/16,3669
INV73438,Open spaces management - region 1,Citywide Service Solutions Pty. Ltd.,,26/09/28,3676
INV73439,Civil infrastructure services,Cztywide Service Solutions Pty Ltd,153733.41,06/07/2027,3665
INV73440,Melbourne Town Hall venue management,Showtime Event Group Pty Ltd (AU),13307.22 AUD,28/06/2029,3670
INV73441,Civil infrastructure services,Citywide Service Solutions Pty Ltd,25378.6,2026-06-02,3665
INV73442,Building maintenance services,Programmed,4675.04,26-Mar-2026,3630
INV73443,Melbourne Town Hall venue management,Showtime Event Group Pty Ltd,128353.74 AUD,22-Feb-2028,3670
INV73444,Waste management services,cleanaway waste management limited,89951.12,25/09/2025,3556
INV73445,Vehicle tow away and impound services,Nationwide To,197919.35 AUD,22/03/2027,3585
INV73446,Melbourne Town Hall venue management,Showtime Event Group Pty. Ltd.,185922.8,2025-10-06,3670
INV73447,Tree management maintenance services,Citywide Service Solutions Pty Ltd,"$221,179.77",12-Jan-2026,3678
INV73448,Street cleaning,SpotlessFacilityServicesPtyLtd,102131.85,25/01/16,3669
INV73449,Parking technology services,Reino International Pty ,0.2m,2027-01-23, 
INV73450,Graffiti management and pressure cleaning services,Calcorp Services Pty Ltd,"$77,480.62",02/02/2029,3668
INV73451,Vehicle tow away and impound services,NATIONWIDE TOWING SERVICES,229228.11,18 July 2027,3585
INV73452,Street cleaning,Spotless Facility Services Pty Ltd (AU),0.2m,22/08/2028,3669
INV73453,Melbourne Town Hall venue management,Showtime Event Group Pty Ltd,50863.36,27-Oct-2029,3670
INV73454,Civil infrastructure services,citywide service solutions pty ltd,"$217,909.32",2029-06-19,3665
INV73455,Graffiti management and pressure cleaning services,Calcorp Services P/L,58035.71,01-Feb-2025,3668
INV73456,Melbourne Town Hall venue management,showtime event group pty ltd,28708.66,21/07/2028,3670
INV73457,Street cleaning,Spotless Facility Services Pty Ltd,0.1m,11 July 2027,3669
INV73458,Vehicle tow away and impound services,Nationwide Towing Services,10095.75,03/04/2029,3585
INV73459,Building cleaning services,MenziesInternational(Aust)PtyLtd,"$246,286.38",16 May 2029,3634
INV73460,Civil infrastructure services,citywide service solutions pty ltd,56425.38,2029-08-21,3665
INV73461,Tree management maintenance services,Citywide Svrvice Solutions Pty Ltd,8544.42,13/07/2028,3678
INV73462,Street cleaning,Spotless Facility,0.0m,2027-10-14,3669
INV73463,Building maintenance services,Programmed Facility Management Pty Ltd,189753.27,30 June 2026,3630
INV73464,Vehicle tow away and impound services,Nationwide Towing Services,140592.48 AUD,29/04/20,3585
INV73465,Vehicle tow away and impound services,nationwide towing services,0.1m,09/02/2027,3585
INV73466,Open spaces management - region 2,SERCO,"$47,901.78",29 May 2029,3677
INV73467,Management of Active Melbourne recreation facilities,victorian ymca community programming pty ltd,166356.38 AUD,05-Apr-2028,3615
INV73468,Civil infrastructure services,Citywide Service Solutions Pty Ltd,"$192,581.18",2029-06-15,3665
INV73469,Waste management services,Cleanaway Waste Management Limited,0.0m,23/02/2025,3556
INV73470,Parking technology services,Reino International Pty Ltd T/A Duncan Solutions (AU),118266.29,25/03/05,3623
INV73471,Integrated security services,National Protective Services Pty Ltd (AUS),0.1m,06/07/2025,3686
INV73472,Management of Active Melbourne recreation facilities,Victorian YMCA Community Programming Pty Ltd (AU),0.1m,29/01/08,3615
INV73473,Tree management maintenance services,Citywide Service Solutions Pty Ltd (AUS),0.2m,2027-12-22,3678
INV73474,Integrated security services,National,53260.22,10 April 2026,3686
INV73475,Civil infrastructure services,Citywide,235425.35 AUD,23 May 2028,3665
INV73476,Graffiti management and pressure cleaning services,Calcorp Services Pty Ltd,79064.41,20/06/2028,3668
INV73477,Integrated security services,National Protectiv,155574.74,27/11/24,3686
INV73478,Civil infrastructure services,CITYWIDE SERVICE SOLUTIONS PTY LTD,"$139,290.79",2025-11-05, 
INV73479,Vehicle tow away and impound services,Nationwide Towing Services (AUS),20378.85,2027-02-19,3585
INV73480,Civil infrastructure services,Citywide Service Solutions Pty Ltd,"$224,801.37",2025-08-29,3665
INV73481,Building maintenance services,Programmed Facility Management Pty Ltd,111334.2 AUD,2027-08-21,3630
INV73482,Integrated security services,national protective services pty ltd,99447.9,12-Nov-2025,3686
INV73483,Melbourne Town Hall venue management,Showtime,95457.13,19 February 2025,3670
INV73484,Open spaces management - region 1,CITYWIDE SERVICE SOLUTIONS PTY LTD,24590.12,10/03/2026,3676
INV73485,Open spaces management - region 2,SERCO (AU),0.2m,24 February 2028,3677
INV73486,Civil infrastructure services,Citywide Service ,0.2m,16/10/2025,3665
INV73487,Waste management services,Cleanaway Waste M,"$50,151.33",,3556
INV73488,Civil infrastructure services,Citywide Service Solutions Pty. Ltd.,0.2m,04 January 2025,3665
INV73489,Waste management services,Cleanaway Waste Management Limited,0.2m,12/01/2028,3556
INV73490,Street cleaning,Spotless Facility Services Pty Ltd,37317.5,13/04/2027,3669
INV73491,Open spaces management - region 1,Citywide Service Solutions P/L,218402.11,27/05/23,3676
INV73492,Melbourne Town Hall venue management,Showtime Event Group Pty Ltd (AU),201380.85 AUD,,3670
INV73493,Building cleaning services,Menzies International (Aust) Pty Ltd,118568.05,24/03/2028,3634
INV73494,Street cleaning,Spotless,184536.79 AUD,25/11/09, 
INV73495,Vehicle tow away and impound services,Nationwide Towing Services,64640.98 AUD,09/05/2027,3585
INV73496,Melbourne Town Hall venue management,Showtime Event Group Pty Ltd,188137.86,27/04/2025,3670
INV73497,Integrated security services,National Protective Services Pty Ltd,203776.55,2029-10-02,3686
INV73498,Civil infrastructure services,Citywide Service Solutions Pty Ltd,"$8,279.74",26/09/05,3665
INV73499,Parking technology services,Reino International P/L T/A Duncan Solutions,157325.77,,3623
INV73500,Parking technology services,Reino International Pty ,148317.37,27/09/13,3623
INV73501,Building maintenance services,Programmed Facility Mcnagement Pty Ltd,47827.57,2025-03-09,3630
INV73502,Civil infrastructure services,Citywide Service Solutions P/L,72919.55,25/02/17,3665
INV73503,Building cleaning services,Menzies International (Aust) Pty Ltd (AUS),"$193,692.12",30/07/2028,3634
INV73504,Tree management maintenance services,Menzies International (Aust) Pjy Ltd,"$123,862.27",20/05/2029,3634
INV73505,Tree management maintenance services,Citywide Service Solutions Pty Ltd (AUS),162605.4 AUD,2027-11-15,3678
INV73506,Vehicle tow away and impound services,nationwide towing services,107385.09,04-Aug-2027,3585
INV73507,Parking technology services,Reino International Pty. Ltd. T/A Duncan Solutions,0.2m,07-Feb-2025,3623
INV73508,Waste management services,CleanawayWasteManagementLimited,184090.49,2028-07-23,3556
INV73509,Building cleaning services,Menzies Internatio,0.1m,05/06/2028,3634
INV73510,Integrated security services,National Protective Services Pty Ltd,33063.7,23-Nov-2029,3686
INV73511,Parking technology services,Reino International Pty Ltd T/A Duncan Solutions,0.2m,,3623
INV73512,Building cleaning services,menzies international (aust) pty ltd,0.2m,28 August 2027,3634
INV73513,Open spaces management - region 1,Citywide Service Solutions Pty Ltd (AUS),218197.29 AUD,03/01/2026,3676
INV73514,Management of Active Melbourne recreation facilities,Victorian YMCl Community Programming Pty Ltd,145285.41 AUD,07-Apr-2028,3615
INV73515,Tree management maintenance services,Citywide,142913.41,20/07/2027,3678
INV73516,Open spaces management - region 1,Citywide Service ,0.2m,12 January 2027,3676
INV73517,Melbourne Town Hall venue management,Showtime Event Group P/L,205541.61 AUD,17 July 2029,3670
INV73518,Open spaces management - region 1,CITYWIDE SERVICE SOLUTIONS PTY LTD,"$153,329.33",29-Sep-2029,3676
INV73519,Vehicle tow away and impound services,Nationwide Towing Services,"$55,207.74",25/01/2026, 
INV73520,Graffiti management and pressure cleaning services,Calcorp Serv,236776.57 AUD,,3668
INV73521,Open spaces management - region 2,serco,168974.3 AUD,12/04/2027,3677
INV73522,Open spaces management - region 2,serco,38278.66,25/06/19,3677
INV73523,Parking technology services,Reino  International  Pty  Ltd  T/A  Duncan  Solutions,96357.09,01/08/2026,3623
INV73524,Graffiti management and pressure cleaning services,CALCORP SERVICES PTY LTD,146560.56,2028-12-18,3668
INV73525,Vehicle tow away and impound services,Nationwide  Towing  Services,203412.02,2029-01-16,3585
INV73526,Civil infrastructure services,CitywideServiceSolutionsPtyLtd,0.1m,2027-10-05,3665
INV73527,Open spaces management - region 1,CITYWIDE SERVICE SOLUTIONS PTY LTD,203745.37,08/02/2025,3676
INV73528,Parking technology services,Reino International Pty Ltd T/A Duncan Solutions (AUS),150108.69 AUD,27-Jan-2027,3623
INV73529,Graffiti management and pressure cleaning services,CALCORP SERVICES PTY LTD,222917.17,29/08/2025,3668
INV73530,Street cleaning,Spotless Facility Services Pty Ltd,172628.39,04 July 2029,3669
INV73531,Melbourne Town Hall venue management,Showtime Event Group Pty Ltd,"$140,527.44",28/05/2025,3670
INV73532,Parking technology services,Reino,"$239,743.69",23/09/2028,3623
INV73533,Graffiti management and pressure cleaning services,Calcorp  Services  Pty  Ltd,140444.01,15/10/2026,3668
INV73534,Waste management services,Cleanaway Waste Management Ltd,0.1m,27/06/10,3556
INV73535,Open spaces management - region 1,Citywide Service Solutions Pty Ltd,147108.4,11-Apr-2029,3676
INV73536,Graffiti management and pressure cleaning services,Calcorp  Services  Pty  Ltd,141716.02,29/06/06,3668
INV73537,Melbourne Town Hall venue management,Showtime Event Group Pty Ltd,236185.02,28/07/2027,3670
INV73538,Integrated security services,National Protective Services Pty Ltd (AU),167852.36,2026-10-02,3686
INV73539,Street cleaning,Spotless  Facility  Services  Pty  Ltd,"$121,399.09",23 December 2028,3669
INV73540,Graffiti management and pressure cleaning services,Calcorp Services Pty Ltd (AUS),114635.83,27/05/02,3668
INV73541,Street cleaning,spotless facility services pty ltd,6817.69,11/04/2025,3669
INV73542,Management of Active Melbourne recreation facilities,Victorian YMCA Community Programming Pty Ltd,"$181,979.78",2029-12-06,3615
INV73543,Melbourne Town Hall venue management,Showtime  Event  Group  Pty  Ltd,"$111,991.88",27/04/30,3670
INV73544,Tree management maintenance services,Citywide Service Solutions Pty Ltd (AU),0.1m,15 October 2028,3678
INV73545,Vehicle tow away and impound services,Nationwide Towing Services (AUS),124124.68,19-Feb-2028,3585
INV73546,Vehicle tow away and impound services,Nationwide  Towing  Services,113015.05,16 December 2029,3585
INV73547,Graffiti management and pressure cleaning services,Calcorp,173030.0 AUD,2027-08-17,3668
INV73548,Integrated security services,National  Protective  Services  Pty  Ltd,0.2m,29/01/2027,3686
INV73549,Parking technology services,Reino Intl Pty Ltd T/A Duncan Solutions,"$66,544.07",05/08/2025,3623
INV73550,Civil infrastructure services,Citywide,52601.79,05/07/2027,3665
INV73551,Waste management services,Cleanaway Waste Management Limited,206506.19,17 April 2025,3556
INV73552,Open spaces management - region 1,Citywide Service Solutions Pty Ltd (AU),0.1m,13/05/2029,3676
INV73553,Building maintenance services,PROGRAMMED FACILITY MANAGEMENT PTY LTD,0.2m,25/12/07,3630
INV73554,Open spaces management - region 2,SERCO (AUS),"$212,451.39",16/08/2025,3677
INV73555,Waste management services,Cleanaway Waste Management Limited (AUS),201229.28 AUD,27/09/2028,3556
INV73556,Civil infrastructure services,Citywide  Service  Solutions  Pty  Ltd,71653.29,2029-04-21,3665
INV73557,Vehicle tow away and impound services,Nationwide Towing Services,131833.48,21-Sep-2027,3585
INV73558,Melbourne Town Hall venue management,SHOWTIME EVENT GROUP PTY LTD,184836.92,28-Nov-2028,3670
INV73559,Street cleaning,SPOTLESS FACILITY SERVICES PTY LTD,207635.02,2028-06-24,3669
INV73560,Integrated security services,National Protective Services Pty. Ltd.,73903.62,02/08/2025,3686
INV73561,Open spaces management - region 2,SERCO,0.2m,02/11/2025,3677
INV73562,Open spaces management - region 1,Ciuywide Service Solutions Pty Ltd,143783.8 AUD,03/01/2027,3676
INV73563,Melbourne Town Hall venue management,Showtime Event Group Pty Ltd (AUS),39818.18,19-Sep-2026,3670
INV73564,Integrated security services,National Protective Services Pty Ltd (AU),"$109,232.06",2026-06-22,3686
INV73565,Building maintenance services,ProgrammedFacilityManagementPtyLtd,0.1m,22-Feb-2029,3630
INV73566,Building maintenance services,Programmed,184012.73,,3630
INV73567,Open spaces management - region 1,Citywide Service Solutions Pty Ltd,0.1m,13/08/2025,3676
INV73568,Vehicle tow away and impound services,SERCO,0.1m,2025-03-04,3677
INV73569,Building maintenance services,Programmed Facality Management Pty Ltd,246244.39,29 May 2029,3630
INV73570,Open spaces management - region 1,Citywide Service Solutions Pty Ltd,237284.25 AUD,05 July 2027,3676
INV73571,Graffiti management and pressure cleaning services,Calcorp Services Pty Ltd (AU),201632.99 AUD,25/01/09,3668
INV73572,Civil infrastructure services,Citywide Service Solutions P/L,125708.71,15-Oct-2027, 
INV73573,Integrated security services,National Protective Services Pty. Ltd.,221998.91,2025-02-21,3686
INV73574,Parking technology services,Reino International Pty Ltd T/A Duncan Solutions,186777.17,21 December 2025,3623
INV73575,Melbourne Town Hall venue management,Showtime Event Group P/L,"$28,740.87",10/06/2026,3670
INV73576,Open spaces management - region 2,SERCO,138619.11,2027-02-22,3677
INV73577,Open spaces management - region 1,Citywide Service Solutions Pty Ltd,0.2m,25/03/19,3676
INV73578,Street cleaning,Spotless,"$141,127.41",22-Aug-2027,3669
INV73579,Management of Active Melbourne recreation facilities,Victorian YMCA Community Programming Pty Ltd,156347.51 AUD,2026-10-05,3615
INV73580,Vehicle tow away and impound services,Nationwide,154553.48,16/08/2026,3585
INV73581,Civil infrastructure services,Citywide Service Solutions Pty Ltd (AU),0.2m,2029-04-25,3676
INV73582,Building cleaning services,Menzies International (Aust) P/L,0.0m,16-Apr-2028,3634
INV73583,Building cleaning services,Menzies Internatio,190999.13,10/01/2025,3634
INV73584,Open spaces management - region 2,SERCO,0.2m,04-Oct-2028,3677
INV73585,Vehicle tow away and impound services,NationwidemTowing Services,221560.74 AUD,24/08/2029,3585
INV73586,Melbourne Town Hall venue management,Showtime Event Group Pty Ltd (AU),28841.64,21 January 2027,3670
INV73587,Tree management maintenance services,Citywide Service Solutions Pty Ltd (AU),25520.65 AUD,18/04/2027,3678
INV73588,Graffiti management and pressure cleaning services,Calcorp Services Pty Ltd (AU),204726.02 AUD,29/01/2027,3668
INV73589,Street cleaning,Spotless Facility Services Pty Ltp,74060.59,25/11/09,3669
INV73590,Graffiti management and pressure cleaning services,Calcorp Services Pty Ltd,162499.92,11 November 2029,3668
INV73591,Vehicle tow away and impound services,Nationwide Towing Services (AUS),"$235,786.25",28/09/2025,3585
INV73592,Integrated security services,NationalProtectiveServicesPtyLtd,0.1m,28/07/01,3686
INV73593,Civil infrastructure services,Citywide Service Solutions Pty Ltd (AU),68298.33,04 September 2026,3665
INV73594,Building cleaning services,Programmed  Facility  Management  Pty  Ltd,223771.44 AUD,07/02/2025,3630
INV73595,Parking technology services,Reino International Pty. Ltd. T/A Duncan Solutions,"$143,276.01",2027-10-08,3623
INV73596,Civil infrastructure services,CITYWIDE SERVICE SOLUTIONS PTY LTD,0.1m,12/03/2027,3665
INV73597,Waste management services,Cleanaway Waste Management Limited (AU),0.2m,10/04/2025,3556
INV73598,Parking technology services,reino international pty ltd t/a duncan solutions,"$160,620.01",2025-06-26,3623
INV73599,Open spaces management - region 2,SERCO,179481.86,28 March 2029,3677
INV73600,Building maintenance services,Programmed FacilityhManagement Pty Ltd,29635.91,25/07/04,3630
INV73601,Open spaces management - region 2,serco,0.2m,23/07/2027,3677
INV73602,Street cleaning,Spotless Facility Services Pty. Ltd.,125079.23,25 April 2026,3669
INV73603,Tree management maintenance services,Citywide Service Solutions Pty Ltd,102575.93,27 October 2028,3678
INV73604,Civil infrastructure services,Citywide  Service  Solutions  Pty  Ltd,16411.67 AUD,06/01/2028,3665
INV73605,Tree management maintenance services,Citywide  Service  Solutions  Pty  Ltd,"$138,716.87",26/09/11,3678
INV73606,Integrated security services,National,"$65,313.02",25-Sep-2027,3686
INV73607,Parking technology services,Reino International Pty Ltd T/A Duncan Solutions (AU),"$171,684.72",30 October 2025,3623
INV73608,Open spaces management - region 1,Citywide Service Soyutions Pty Ltd,144408.79,2028-10-12,3676
INV73609,Management of Active Melbourne recreation facilities,VICTORIAN YMCA COMMUNITY PROGRAMMING PTY LTD,0.1m,22 June 2026,3615
INV73610,Street cleaning,Spotless Facility Services Pty Ltd (AU),22946.3,09/02/2027,3669
INV73611,Open spaces management - region 1,CitywideServiceSolutionsPtyLtd,203386.94 AUD,11-Nov-2029,3676
INV73612,Civil infrastructure services,Citywide Service Solutions Pty Ltd,233718.81,30/06/2028,3665
INV73613,Tree management maintenance services,Citywide Service Solutions Pty Ltd,62825.8,27/04/14,3678
INV73614,Graffiti management and pressure cleaning services,Calcorp Services Pty Ltd (AU),75840.2,21/08/2025,3668
INV73615,Street cleaning,Citywide Service Solutions Pty Ltd,"$245,719.84",09/01/2027,3676
INV73616,Open spaces management - region 1,Citywide Service ,0.1m,09/01/2028,3676
INV73617,Street cleaning,SpotlessFacilityServicesPtyLtd,146797.67,27/08/27,3669
INV73618,Management of Active Melbourne recreation facilities,Victorian YMCA Community Programming Pty Ltd (AU),132354.76,15/03/2026,3615
INV73619,Management of Active Melbourne recreation facilities,victorian ymca community programming pty ltd,"$169,684.71",12 June 2027,3615
INV73620,Melbourne Town Hall venue management,Showtime Event Group Pty Ltd (AU),41694.97,25 June 2029,3670
INV73621,Integrated security services,National Protective Services Pty Ltd,0.0m,2026-09-21,3686
INV73622,Civil infrastructure services,Citywide Service Solutions Pty Ltd,121084.96,04/08/2025,3665
INV73623,Street cleaning,Spotless  Facility  Services  Pty  Ltd,0.2m,30 July 2027,3669
INV73624,Management of Active Melbourne recreation facilities,Victorian YMCA Communi,132269.27,07/03/2025,3615
INV73625,Melbourne Town Hall venue management,Showtime Event Group Pty Ltd,34124.46 AUD,28/06/11,3670
INV73626,Tree management maintenance services,CITYWIDE SERVICE SOLUTIONS PTY LTD,0.2m,10 February 2026,3678
INV73627,Melbourne Town Hall venue management,Showtime Event GrouphPty Ltd,36779.14,08 September 2029,3670
INV73628,Street cleaning,Spotless  Facility  Services  Pty  Ltd,11316.84,10 June 2028,3669
INV73629,Tree management maintenance services,Citywide Service Solutions Pty Ltd (AU),0.2m,06 April 2027,3678
INV73630,Graffiti management and pressure cleaning services,CALCORP SERVICES PTY LTD,0.2m,2029-12-09,3668
INV73631,Graffiti management and pressure cleaning services,Cancorp Services Pty Ltd,0.2m,13/06/2029,3668
INV73632,Integrated security services,National Protective Services P/L,"$62,342.7",14-Apr-2026,3686
INV73633,Building maintenance services,Programmed Facility,"$236,924.84",29/12/27,3630
INV73634,Parking technology services,Reino Int’l Pty Ltd T/A Duncan Solutions,"$203,910.33",25/02/01,3623
INV73635,Melbourne Town Hall venue management,ShowtimeEventGroupPtyLtd,202866.84,2026-04-25,3670
INV73636,Parking technology services,Reino  International  Pty  Ltd  T/A  Duncan  Solutions,58090.54,05-Mar-2026,3623
INV73637,Building maintenance services,Programmed Facility Management Pty Ltd,0.2m,28/08/02,3630
INV73638,Building cleaning services,Menzies International (Aust) Pty Ltd,242607.27,04-Sep-2028,3634
INV73639,Integrated security services,National  Protective  Services  Pty  Ltd,221471.78,26/06/29,3686
INV73640,Open spaces management - region 2,serco,0.1m,01 February 2028,3677
INV73641,Waste management services,cleanaway waste management limited,0.0m,26 October 2028,3556
INV73642,Melbourne Town Hall venue management,Showtime Event Group P/L,"$63,369.65",09 June 2028,3670
INV73643,Vehicle tow away and impound services,Nationwide  Towing  Services,72613.09,11-Oct-2027,3585
INV73644,Civil infrastructure services,CitywideServiceSolutionsPtyLtd,"$229,203.85",26/11/09,3665
INV73645,Integrated security services,NationalProtectiveServicesPtyLtd,56174.23,29/11/28,3686
INV73646,Open spaces management - region 2,SERCO (AU),"$240,858.31",29 March 2029,3677
INV73647,Parking technology services,Reino International Pty Ltd T/A Duncan Solutions (AU),157808.71,03 July 2029,3623
INV73648,Waste management services,cleanaway waste management limited,215140.53,21-Apr-2027,3556
INV73649,Tree management maintenance services,Citywide Service Solutions Pty Ltd,"$213,500.25",15/08/2027,3678
INV73650,Management of Active Melbourne recreation facilities,Victorian YMCA Community Programming Pty Ltd,0.0m,2027-02-03,3615
INV73651,Integrated security services,National Protective Services Pty. Ltd.,117787.35 AUD,06/03/2025,3686
INV73652,Open spaces management - region 2,Serco,191213.12,08/05/2025,3677
INV73653,Open spaces management - region 1,Citywide Service Solutions Pty Ltd,0.1m,04 July 2025,3676
INV73654,Civil infrastructure services,CitywideServiceSolutionsPtyLtd,36659.63 AUD,15/05/2029,3665
INV73655,Building cleaning services,Menzies Internatioval (Aust) Pty Ltd,"$101,029.41",16-Mar-2027,3634
INV73656,Graffiti management and pressure cleaning services,Calcorp Services P/L,169169.72 AUD,13/08/2027,3668
INV73657,Open spaces management - region 2,SERCO (AU),137271.54,21 September 2026,3677
INV73658,Graffiti management and pressure cleaning services,Calcorp  Services  Pty  Ltd,"$79,817.39",24/03/2026,3668
INV73659,Open spaces management - region 1,citywide service solutions pty ltd,163176.45,15 February 2028,3676
INV73660,Street cleaning,SpotlessFacilityServicesPtyLtd,0.1m,2025-09-22,3669
INV73661,Integrated security services,National Protective Services Pty Ltd,0.2m,13 September 2029,3686
INV73662,Waste management services,CleanawayWasteManagementLimited,162908.03,20 September 2026,3556
INV73663,Street cleaning,Spotless Facility Services Pty. Ltd.,190753.98,13/09/2029,3669
INV73664,Open spaces management - region 1,CitywideServiceSolutionsPtyLtd,"$84,463.35",23/02/2029,3676
INV73665,Melbourne Town Hall venue management,Showtime  Event  Group  Pty  Ltd,0.1m,09-Oct-2025,3670
INV73666,Civil infrastructure services,Citywide Service Solutions P/L,86429.41 AUD,20/10/2026, 
INV73667,Waste management services,Cleanaway Waste Management Ltd,0.1m,2027-06-07,3556
INV73668,Parking technology services,Reino International Pty ,55990.13,2027-10-30,3623
INV73669,Street cleaning,Spotless Facility Services P/L,93159.15 AUD,2028-04-05,3669
INV73670,Building cleaning services,Menzies International (Aust) Pty Ltd,146454.76,07-Dec-2025,3634
INV73671,Melbourne Town Hall venue management,Showtime Event Group Pty. Ltd.,0.1m,26 November 2025,3670
INV73672,Vehicle tow away and impound services,Nationwide Towing Services (AUS),78744.59,28/04/2029,3585
INV73673,Building cleaning services,Menzies,90518.34,07-Aug-2029,3634
INV73674,Waste management services,Cleanaway Waste Management LTD,"$112,786.6",24-Sep-2029,3556
INV73675,Integrated security services,National Protective Services Pty Ltd (AUS),"$249,708.24",2029-01-23,3686
INV73676,Management of Active Melbourne recreation facilities,Victorian YMCA Communi,"$18,281.77",19/05/2025,3615
INV73677,Open spaces management - region 2,SERCO,95900.76 AUD,03/09/2027,3677
INV73678,Open spaces management - region 2,SsRCO,"$208,389.29",01 April 2029,3677
INV73679,Management of Active Melbourne recreation facilities,Victorian YMCA Community Programming Pty. Ltd.,0.1m,27/07/22,3615
INV73680,Melbourne Town Hall venue management,Showtime Event,"$90,416.98",25/06/05,3670
INV73681,Building cleaning services,Menzies Intl (Aust) Pty Ltd,0.1m,2028-03-27,3634
INV73682,Management of Active Melbourne recreation facilities,victorian ymca community programming pty ltd,,26-Mar-2026,3615
INV73683,Building maintenance services,Reino International P/L T/A Duncan Solutions,233621.12 AUD,07/05/2029,3623
INV73684,Open spaces management - region 2,SERCO,0.0m,12-Dec-2027,3677
INV73685,Tree management maintenance services,citywide service solutions pty ltd,"$205,007.04",04-Feb-2028,3678
INV73686,Building cleaning services,Menzies International (Aust) Pty Ltd,168712.44,06/12/2028,3634
INV73687,Melbourne Town Hall venue management,ShowtimeEventGroupPtyLtd,37705.29,14 April 2028,3670
INV73688,Management of Active Melbourne recreation facilities,Victorian YMCA Communi,122516.88,09/03/2025,3615
INV73689,Management of Active Melbourne recreation facilities,Victarian YMCA Community Programming Pty Ltd,0.0m,31/07/2027,3615
INV73690,Waste management services,Cleanaway Waste Management Limited,221737.53 AUD,02/05/2028,3556
INV73691,Integrated security services,national protective services pty ltd,0.1m,2027-04-03,3686
INV73692,Open spaces management - region 1,Citywibe Service Solutions Pty Ltd,188520.54,05-Jun-2029,3676
INV73693,Building maintenance services,Programmed Facility Mgmt Pty Ltd,0.1m,11/11/2027,3630
INV73694,Graffiti management and pressure cleaning services,Calcorp Services Pty Ltd (AUS),58433.5 AUD,2026-06-12,3668
INV73695,Street cleaning,Spotless Facility Services P/L,185991.42 AUD,29/06/14,3669
INV73696,Street cleaning,Spotless Facility Services Pty Ltd,125907.7,20/11/2027,3669
INV73697,Melbourne Town Hall venue management,Showtime Event Group Pty Ltd,78446.5,27/10/20,3670
INV73698,Parking technology services,Reino Intl Pty Ltd T/A Duncan Solutions,248911.18,25 January 2029,3623
INV73699,Management of Active Melbourne recreation facilities,Victorian YMCA Community Programming Pty Ltd,0.1m,14/07/2025,3615
INV73700,Melbourne Town Hall venue management,showtime event group pty ltd,49748.63 AUD,2028-03-20,3670
INV73701,Open spaces management - region 1,Citywide Service Solutions Pty Ltd,"$67,043.57",10/01/2028,3676
INV73702,Building maintenance services,PROGRAMMED FACILITY MANAGEMENT PTY LTD,"$186,017.48",07/09/2028,3630
INV73703,Management of Active Melbourne recreation facilities,Victorian  YMCA  Community  Programming  Pty  Ltd,32084.28,08/12/2025,3615
INV73704,Civil infrastructure services,Citywide Service Solutions Pty Ltd,41865.4 AUD,22/04/2029,3665
INV73705,Vehicle tow away and impound services,Nationwide Towing Services,0.2m,11 October 2025,3585
INV73706,Street cleaning,Spotless,4864.34 AUD,2026-04-06,3669
INV73707,Parking technology services,ReinoInternationalPtyLtdT/ADuncanSolutions,198350.05 AUD,29/04/2028,3623
INV73708,Street cleaning,Spxtless Facility Services Pty Ltd,238736.75,04/01/2028,3669
INV73709,Parking technology services,Reino International Pty Ltd T/A Duncan Solutions (AU),0.1m,26/11/29,3623
INV73710,Street cleaning,SpotlessFacilityServicesPtyLtd,"$164,999.48",03/07/2029,3669
INV73711,Parking technology services,Reino International Pty. Ltd. T/A Duncan Solutions,238043.79,30-Jun-2026,3623
INV73712,Tree management maintenance services,Citywide Service Solutions Pty Ltd,43050.4 AUD,,3678
INV73713,Civil infrastructure services,Citywide Service Solutions Pty Ltd (AU),"$86,158.72",15/12/2025,3665
INV73714,Building cleaning services,MENZIES INTERNATIONAL (AUST) PTY LTD,"$99,243.32",16-Apr-2028,3634
INV73715,Parking technology services,Reino,179104.23,06 February 2026,3623
INV73716,Melbourne Town Hall venue management,Showtime Event,80632.1,2026-03-21,3670
INV73717,Melbourne Town Hall venue management,Showtime Event Group P/L,101553.77 AUD,14/12/2025,3670
INV73718,Graffiti management and pressure cleaning services,Calcorp Services P/L,0.2m,12-Jul-2029,3668
INV73719,Building cleaning services,Menzies International (Aust) Pty. Ltd.,0.0m,17-Nov-2027,3634
INV73720,Management of Active Melbourne recreation facilities,Victorian,150070.84,03 March 2028,3615
INV73721,Tree management maintenance services,Citywide Service Solutions Pty Ltd,178503.06,15/03/2027,3678
INV73722,Street cleaning,SPOTLESS FACILITY SERVICES PTY LTD,1962.81,11 February 2025,3669
INV73723,Street cleaning,Spotless Facility Services Pty Ltd (AU),0.0m,2028-12-07,3669
INV73724,Building maintenance services,Programmed Facility Management Pty. Ltd.,69738.23 AUD,27/12/04,3630
INV73725,Building maintenance services,programmed facility management pty ltd,"$81,353.4",16 June 2026,3630
INV73726,Tree management maintenance services,Citywide Service Solutions Pty Ltd,118813.31 AUD,19 December 2026,3678
INV73727,Parking technology services,Reino Intl Pty Ltd T/A Duncan Solutions,172396.97,08/07/2029,3623
INV73728,Integrated security services,National Protective Services Pty Ltd,126907.64,2029-08-12,3686
INV73729,Integrated security services,National Protective Services P/L,120717.27,09 May 2028,3686
INV73730,Civil infrastructure services,Citywide Service ,0.1m,13-Jan-2028,3665
INV73731,Building cleaning services,Menzies Intl (Aust) Pty Ltd,213046.05 AUD,03-Oct-2025,3634
INV73732,Vehicle tow away and impound services,Nationwide,"$139,326.69",2025-09-20,3585
INV73733,Graffiti management and pressure cleaning services,Calcorp Serv,0.1m,10/07/2027,3668
INV73734,Parking technology services,Reino International Pty Ltd T/A Duncan Solutions (AUS),"$122,849.97",2028-11-11,3623
INV73735,Open spaces management - region 2,SERCO (AUS),149546.02,2025-09-14,3677
INV73736,Graffiti management and pressure cleaning services,CALCORP SERVICES PTY LTD,0.0m,26/12/01,3668
INV73737,Waste management services,Cleanaway Waste M,125483.64 AUD,17/06/2028,3556
INV73738,Management of Active Melbourne recreation facilities,Victorian YMCA Community Programming Pty Ltd,"$12,843.1",28/10/02, 
INV73739,Street cleaning,Spotless Facility Services Pty Ltd,132020.0,2029-07-11,3669
INV73740,Open spaces management - region 2,SERCO,51476.17,11 July 2025,3677
INV73741,Building cleaning services,menzies international (aust) pty ltd,0.2m,27/10/18,3634
INV73742,Waste management services,Cleanaway  Waste  Management  Limited,114708.08,21-Jan-2025,3556
INV73743,Tree management maintenance services,Citywide,171469.12 AUD,09 February 2025,3678
INV73744,Open spaces management - region 2,SERCr,239499.74,25-Dec-2028,3677
INV73745,Management of Active Melbourne recreation facilities,Victorian YMCA Community Programming P/L,"$121,401.99",06/08/2029,3615
INV73746,Integrated security services,National Protectiv,74545.56,25/09/10,3686
INV73747,Civil infrastructure services,Citywide Service Solutiobs Pty Ltd,40094.24 AUD,12/10/2026,3665
INV73748,Graffiti management and pressure cleaning services,CALCORP SERVICES PTY LTD,0.2m,25/06/30,3668
INV73749,Building maintenance services,Programmed Facility,"$14,139.94",24-Apr-2029,3630
INV73750,Vehicle tow away and impound services,Nationwide Towing Services (AUS),239423.54 AUD,2027-07-27,3585
INV73751,Tree management maintenance services,CITYWIDE SERVICE SOLUTIONS PTY LTD,234942.48 AUD,26/01/30,3678
INV73752,Building cleaning services,Menzies Int’l (Aust) Pty Ltd,0.0m,2025-02-17,3634
INV73753,Open spaces management - region 2,SERCO (AUS),"$31,479.57",29-Mar-2026,3677
INV73754,Vehicle tow away and impound services,nationwide towing services,"$174,758.59",12/09/2026,3585
INV73755,Melbourne Town Hall venue management,Showtime Event Group Pty Ltd,0.1m,08/12/2028,3670
INV73756,Waste management services,Cleanaway Waste Management Limited,151810.56 AUD,27/03/21,3556
INV73757,Parking technology services,Reino International Pty ,92003.51 AUD,31/12/2025,3623
INV73758,Waste management services,Cleanaway Waste Mgmt Limited,212910.36 AUD,26/08/03,3556
INV73759,Waste management services,CleanawayWasteManagementLimited,0.2m,17/10/2025,3556
INV73760,Tree management maintenance services,Citywide Service Solutions Pty Ltd (AU),67262.69 AUD,12/06/2029,3678
INV73761,Management of Active Melbourne recreation facilities,Victopian YMCA Community Programming Pty Ltd,4989.87,06-Dec-2029,3615
INV73762,Open spaces management - region 1,Citywide Service Solutions Pty Ltd,95047.83,03/02/2026,3676
INV73763,Integrated security services,NATIONAL PROTECTIVE SERVICES PTY LTD,77063.9 AUD,22-Nov-2029,3686
INV73764,Tree management maintenance services,Citywide Service Solutions Pty Ltd,74780.83,25/09/2026,3678
INV73765,Open spaces management - region 2,SERCO,0.2m,07-Jun-2025,3677
INV73766,Tree management maintenance services,Citywide Service Solutions Pty Ltd (AU),122555.0 AUD,01/07/2028,3678
INV73767,Waste management services,Cleanaway Waste M,"$145,205.26",27/04/17,3556
INV73768,Parking technology services,reino international pty ltd t/a duncan solutions,80674.98,28/07/2026,3623
INV73769,Street cleaning,spotless facility services pty ltd,0.1m,22-Jan-2026,3669
INV73770,Vehicle tow away and impound services,Nationwide  Towing  Services,192730.87,20-Jan-2027,3585
INV73771,Parking technology services,REINO INTERNATIONAL PTY LTD T/A DUNCAN SOLUTIONS,25220.14,28/03/2029,3623
INV73772,Building maintenance services,Programmed Facility Management Pty Ltd,0.1m,29-Jun-2026,3630
INV73773,Building cleaning services,MENZIES INTERNATIONAL (AUST) PTY LTD,221358.67,2026-08-22,3634
INV73774,Melbourne Town Hall venue management,Showtime Event Group Pty Ltd (AU),31470.73,17-Aug-2028,3670
INV73775,Melbourne Town Hall venue management,Showtime Event Groui Pty Ltd,84378.96 AUD,27 April 2028,3670
INV73776,Open spaces management - region 2,SERCO (AU),221856.15 AUD,27-Sep-2028,3677
INV73777,Street cleaning,Cleanaway Waste Management Limited,"$5,332.91",04/05/2028,3556
INV73778,Civil infrastructure services,Citywide,224279.88 AUD,12/01/2025,3665
INV73779,Open spaces management - region 1,Citywide Service Solutions Pty Ltd,0.1m,16-Aug-2026,3676
INV73780,Open spaces management - region 1,CitywideServiceSolutionsPtyLtd,"$182,084.61",04 March 2025,3676
INV73781,Melbourne Town Hall venue management,Showtime Event Group Pty. Ltd.,145280.41 AUD,29/05/2029,3670
INV73782,Parking technology services,Reino International Pty Ltd T/A Duncan Solutions,41336.11 AUD,07-Mar-2029,3623
INV73783,Melbourne Town Hall venue management,ShowtimeEventGroupPtyLtd,79680.66 AUD,01 November 2026,3670
INV73784,Parking technology services,Reino Intl Pty Ltd T/A Duncan Solutions,"$52,939.53",24-Mar-2026,3623
INV73785,Parking technology services,Reino International Pty Ltd T/A Duncan Solutions,182621.04,03/05/2025,3623
INV73786,Vehicle tow away and impound services,Reino  International  Pty  Ltd  T/A  Duncan  Solutions,38692.08 AUD,30 August 2029,3623
INV73787,Building cleaning services,Menzies International (Aust) Pty Ltd (AUS),134745.38,2025-12-14,3634
INV73788,Vehicle tow away and impound services,nationwide towing services,86844.55,05 October 2026,3585
INV73789,Building maintenance services,Programmed Facility Management Pty Ltd,193121.09 AUD,12/10/2027,3630
INV73790,Waste management services,Cleanaway Waste Management Limited,134651.59,2025-10-05,3556
INV73791,Management of Active Melbourne recreation facilities,victorian ymca community programming pty ltd,240438.18,06-Apr-2029,3615
INV73792,Management of Active Melbourne recreation facilities,VictorianYMCACommunityProgrammingPtyLtd,"$59,185.0",26/06/2026,3615
INV73793,Parking technology services,Reino,,26/09/03,3623
INV73794,Waste management services,Cleanaway Waste Management Limited,227563.27,19/06/2028,3556
INV73795,Vehicle tow away and impound services,Nationwide,0.2m,17-Aug-2026,3585
INV73796,Tree management maintenance services,CitywideServiceSolutionsPtyLtd,"$126,928.94",29/08/2028,3678
INV73797,Vehicle tow away and impound services,Nationwide Towing Services,166832.08,05 December 2029, 
INV73798,Waste management services,Cleanaway Waste Management Limited (AU),107703.37,22 January 2029,3556
INV73799,Waste management services,Cleanaway Waste Management Limited,"$63,918.59",25 November 2026, 
INV73800,Building cleaning services,MENZIES INTERNATIONAL (AUST) PTY LTD,106979.68,29/08/20,3634
INV73801,Management of Active Melbourne recreation facilities,Victorian YMCA Community Programming P/L,112134.14,2029-05-28,3615
INV73802,Melbourne Town Hall venue management,Showtime Event Group Pyy Ltd,0.2m,06/10/2028,3670
INV73803,Civil infrastructure services,Citywide Service Solutions Pty Ltd,144781.33 AUD,15-Aug-2028,3665
INV73804,Management of Active Melbourne recreation facilities,ReinocInternational Pty Ltd T/A Duncan Solutions,137509.63,27/06/04,3623
INV73805,Parking technology services,Reino International P/L T/A Duncan Solutions,"$107,089.86",28/01/22,3623
INV73806,Vehicle tow away and impound services,Nationwide Towing Services,0.2m,18-Feb-2025,3585
INV73807,Waste management services,National Protective Services Pty Ltd (AU),"$204,164.78",08-Dec-2027,3686
INV73808,Open spaces management - region 1,Citywide,125158.73 AUD,17 August 2027, 
INV73809,Open spaces management - region 1,Citywide Service Solutions Pty Ltd,97265.28,25/03/2026,3676
INV73810,Civil infrastructure services,Spotless Facility,,30-Aug-2028,3669
INV73811,Waste management services,CleanawayWasteManagementLimited,35015.23,27/06/16,3556
INV73812,Tree management maintenance services,CITYWIDE SERVICE SOLUTIONS PTY LTD,"$53,576.02",29/04/13,3678
INV73813,Waste management services,Cleanaway  Waste  Management  Limited,5527.43,2025-04-01,3556
INV73814,Building cleaning services,Menzies International (Aust) Pty Ltd,"$144,113.8",2026-02-24,3634
INV73815,Integrated security services,National Protective Services Pty Ltd (AU),81813.46 AUD,31 May 2029,3686
INV73816,Graffiti management and pressure cleaning services,Calcorp Services Pty Ltd (AU),155962.33,26/08/07,3668
INV73817,Waste management services,Cleanaway Waste Mgmt Limited,"$211,304.76",29/05/15,3556
INV73818,Open spaces management - region 2,SERCO,"$237,976.48",26 December 2029,3677
INV73819,Integrated security services,national protective services pty ltd,203211.65 AUD,2026-10-12,3686
INV73820,Open spaces management - region 1,Citywide Service ,187012.84 AUD,2028-09-26,3676
INV73821,Graffiti management and pressure cleaning services,Calcorp Services Pty Ltd (AU),102710.87,27/01/09,3668
INV73822,Management of Active Melbourne recreation facilities,Victorian YMCA Community Programming Pty Ltd (AU),89128.03,2025-10-25,3615
INV73823,Melbourne Town Hall venue management,Showtime Event Group Pty. Ltd.,146041.47 AUD,01 November 2026,3670
INV73824,Building maintenance services,Programmed Facility Management Pty Ltd (AU),161927.31 AUD,26/11/2029,3630
INV73825,Open spaces management - region 1,Citywide Service Solutions P/L,0.1m,16-Mar-2025,3676
INV73826,Vehicle tow away and impound services,Nationwide Towing Services (AUS),157189.44 AUD,31/01/2028,3585
INV73827,Open spaces management - region 2,serco,0.2m,12-Jan-2026,3677
INV73828,Vehicle tow away and impound services,Nationwide Towing Services,220928.81 AUD,2029-05-22,3585
INV73829,Integrated security services,National Protective Services Pty Ltd (AUS),198189.22,25 October 2029,3686
INV73830,Building cleaning services,National Protectiv,213650.27,2029-12-22,3686
INV73831,Vehicle tow away and impound services,Nationwide Towing Services (AU),"$242,429.65",28/12/31,3585
INV73832,Graffiti management and pressure cleaning services,Calcorp Services Pty Ltd,0.2m,01 September 2027,3668
INV73833,Management of Active Melbourne recreation facilities,VictorianYMCACommunityProgrammingPtyLtd,"$200,077.74",19-Feb-2025,3615
INV73834,Street cleaning,Spotless Facility Services Pty Ltd (AUS),222248.76 AUD,18/03/2026,3669
INV73835,Street cleaning,Spotless,"$91,270.75",28/06/17,3669
INV73836,Management of Active Melbourne recreation facilities,victorian ymca community programming pty ltd,106327.41,28/12/13,3615
INV73837,Tree management maintenance services,Citywide Service Solutions Pty Ltd,,16 January 2028,3678
INV73838,Integrated security services,national protective services pty ltd,246077.18 AUD,05/05/2029,3686
INV73839,Management of Active Melbourne recreation facilities,VictoriansYMCA Community Programming Pty Ltd,"$115,544.98",27/03/27,3615
INV73840,Building cleaning services,Menzies Intl (Aust) Pty Ltd,145332.1 AUD,10/10/2025,3634
INV73841,Integrated security services,National Protective Services Pty Ltd,0.2m,28 July 2026,3686
INV73842,Tree management maintenance services,Citywide Service Solutions Pty Ltd,33502.64 AUD,26/06/26,3678
INV73843,Integrated security services,NationalProtectiveServicesPtyLtd,24942.13,26 December 2027,3686
INV73844,Tree management maintenance services,Citywide Service Solutions P/L,"$231,917.51",2029-10-11,3678
INV73845,Management of Active Melbourne recreation facilities,victorian ymca community programming pty ltd,18399.08,19/09/2026,3615
INV73846,Tree management maintenance services,Citywide Service Solutions P/L,0.1m,2025-09-24,3678
INV73847,Vehicle tow away and impound services,nationwide towing services,6419.94,2028-10-04,3585
INV73848,Civil infrastructure services,Citywide Service Solutions Pty. Ltd.,104015.01 AUD,25/09/23,3665
INV73849,Integrated security services,National Protective Services Pty. Ltd.,130025.17,09-Mar-2029,3686
INV73850,Tree management maintenance services,Citywide Service Solutions P/L,"$156,197.25",2029-12-27,3678
INV73851,Graffiti management and pressure cleaning services,Calcorp Services Pty Ltd (AU),200276.46 AUD,03/10/2028,3668
INV73852,Tree management maintenance services,CITYWIDE SERVICE SOLUTIONS PTY LTD,62280.56,29-May-2029,3678
INV73853,Tree management maintenance services,Citywide Service Solutions Pty Ltd,67789.52 AUD,26/08/10,3678
INV73854,Street cleaning,Spotless Facility Services Pty. Ltd.,12498.95,26/07/2027,3669
INV73855,Building cleaning services,Menzies International (Aust) Pty. Ltd.,"$29,356.77",21-Nov-2025,3634
INV73856,Civil infrastructure services,CITYWIDE SERVICE SOLUTIONS PTY LTD,0.1m,13-Nov-2026,3665
INV73857,Melbourne Town Hall venue management,Showtime Event,0.0m,25/12/2025,3670
INV73858,Melbourne Town Hall venue management,Showtime Event Group P/L,96913.44,17-Jun-2028,3670
INV73859,Open spaces management - region 2,SERCd,0.1m,,3677
INV73860,Civil infrastructure services,Citywide Service Solutions Pty. Ltd.,29756.08,2029-06-22,3665
INV73861,Tree management maintenance services,Citywide Service Solutions Pty. Ltd.,181265.62 AUD,14 February 2027,3678
INV73862,Civil infrastructure services,Citywide Service Solutiols Pty Ltd,"$160,890.09",24/08/2027,3665
INV73863,Street cleaning,Spotless Facjlity Services Pty Ltd,54354.72,25-Jun-2029,3669
INV73864,Management of Active Melbourne recreation facilities,CleanawayWasteManagementLimited,241872.19,27/03/2028, 
INV73865,Vehicle tow away and impound services,Nationwide  Towing  Services,175046.99,08/08/2025,3585
INV73866,Vehicle tow away and impound services,Nationwide To,165668.87 AUD,17 June 2027,3585
INV73867,Parking technology services,reino international pty ltd t/a duncan solutions,"$10,509.1",12 November 2026,3623
INV73868,Open spaces management - region 1,Citywide Service Solutions Pty Ltd,0.0m,15/08/2025,3676
INV73869,Integrated security services,National  Protective  Services  Pty  Ltd,"$166,114.72",16-Aug-2027,3686
INV73870,Management of Active Melbourne recreation facilities,VictorianYMCACommunityProgrammingPtyLtd,220516.1,11-Mar-2029,3615
INV73871,Parking technology services,Citywide Service Solutions Pty Ltd (AUS),227813.8 AUD,2028-01-25,3678
INV73872,Open spaces management - region 2,Serco,202259.59 AUD,25/12/2028,3677
INV73873,Integrated security services,National Protective Services Pty Ltd,192015.19 AUD,28/03/04,3686
INV73874,Building maintenance services,Programmed Facility Management Pty Ltd (AU),29526.02,27/12/28,3630
INV73875,Tree management maintenance services,Citywide  Service  Solutions  Pty  Ltd,149015.2 AUD,25/04/2026,3678
INV73876,Building cleaning services,MENZIES INTERNATIONAL (AUST) PTY LTD,208958.37,25/04/29,3634
INV73877,Melbourne Town Hall venue management,Showtime Event Group Pty Ltd (AU),97522.54,19-Dec-2026,3670
INV73878,Melbourne Town Hall venue management,Showtime Event Group P/L,13973.32,05/04/2028,3670
INV73879,Parking technology services,Reino International Pty Ltd T/A Duncan Solutions (AUS),188872.66 AUD,27 February 2026,3623
INV73880,Melbourne Town Hall venue management,SHOWTIME EVENT GROUP PTY LTD,"$47,899.35",06 January 2027,3670
INV73881,Building maintenance services,Paogrammed Facility Management Pty Ltd,98891.48 AUD,23-Sep-2027,3630
INV73882,Open spaces management - region 1,Citywide Service Solutions Pty Ltd (AU),216405.85 AUD,2028-05-07,3676
INV73883,Open spaces management - region 2,SERCO (AU),0.2m,07-Oct-2027,3677
INV73884,Street cleaning,Spotless Facility Services Pty Ltd,45413.62,20 February 2026,3669
INV73885,Parking technology services,Reino Intl Pty Ltd T/A Duncan Solutions,188536.1 AUD,25 September 2028,3623
INV73886,Building maintenance services,Programmed Facility Management Pty Ltd,109110.34,2028-10-23, 
INV73887,Street cleaning,SPOTLESS FACILITY SERVICES PTY LTD,89053.57,26/03/03,3669
INV73888,Vehicle tow away and impound services,Nationwide,140676.02,20/02/2029,3585
INV73889,Open spaces management - region 2,Serco,107085.05,25/01/04,3677
INV73890,Graffiti management and pressure cleaning services,Calcorp Services Pty Ltd,91722.69,2027-11-28,3668
INV73891,Building cleaning services,Cleanaway Waste Management Limited,214609.17 AUD,20/09/2025,3556
INV73892,Waste management services,Cleanaway Waste Management Limited,"$197,960.47",,3556
INV73893,Vehicle tow away and impound services,Nationwide,"$249,486.2",07/10/2028,3585
INV73894,Waste management services,cleanaway waste management limited,"$75,237.68",19 August 2025,3556
INV73895,Parking technology services,Reino International Pty ,72974.67,25/04/09,3623
INV73896,Integrated security services,national protective services pty ltd,"$57,444.48",28/06/16,3686
INV73897,Integrated security services,National Protective Services Pty Ltd,61423.05 AUD,22-Jun-2029,3686
INV73898,Open spaces management - region 2,Serco,0.2m,19/05/2029,3677
INV73899,Open spaces management - region 2,SERCO (AUS),39125.78,2026-10-01,3677
INV73900,Street cleaning,SpotlessFacilityServicesPtyLtd,184070.95,29/01/12,3669
INV73901,Melbourne Town Hall venue management,Showtime Event Group Pty Ltd (AU),"$223,169.03",27/11/10,3670
INV73902,Melbourne Town Hall venue management,Showtime Event Group Pty Ltd (AUS),77236.33 AUD,24-Aug-2028,3670
INV73903,Open spaces management - region 1,Citywide  Service  Solutions  Pty  Ltd,89363.28,18 July 2028,3676
INV73904,Street cleaning,SPOTLESS FACILITY SERVICES PTY LTD,63772.42,2028-10-20,3669
INV73905,Vehicle tow away and impound services,Nationwide Towing Services,0.2m,16/11/2025,3585
INV73906,Street cleaning,Spotless Facility,231217.74,17/04/2028,3669
INV73907,Graffiti management and pressure cleaning services,CALCORP SERVICES PTY LTD,"$232,804.28",26/09/2026,3668
INV73908,Graffiti management and pressure cleaning services,Calcorp,195105.25 AUD,06/09/2028,3668
INV73909,Melbourne Town Hall venue management,Showtime  Event  Group  Pty  Ltd,"$172,793.03",09/03/2027,3670
INV73910,Building cleaning services,Menzies,"$125,308.92",26/11/12,3634
INV73911,Building maintenance services,Programmed Facility,0.0m,03/07/2025,3630
INV73912,Tree management maintenance services,Citywide Service ,0.1m,06-Jun-2027,3678
INV73913,Melbourne Town Hall venue management,Showtime  Event  Group  Pty  Ltd,117014.32,26/05/31, 
INV73914,Vehicle tow away and impound services,Nationwide Towing Services (AUS),247882.66 AUD,04 June 2025,3585
INV73915,Melbourne Town Hall venue management,Showtime Event Group Pty Ltd,169185.94,18-Nov-2026,3670
INV73916,Building maintenance services,Programmed Facility,182416.5,26/04/25,3630
INV73917,Street cleaning,Spotless Facility Services Pty Ltd,"$86,823.77",29 September 2027,3669
INV73918,Parking technology services,Reino International Pty Ltd T/A Duncan Solutions,215237.04,25/02/25,3623
INV73919,Civil infrastructure services,Citywide,135899.02 AUD,06 June 2027,3665
INV73920,Street cleaning,SPOTLESS FACILITY SERVICES PTY LTD,248468.49 AUD,18/11/2029,3669
INV73921,Integrated security services,national protective services pty ltd,139938.8,18 January 2026,3686
INV73922,Open spaces management - region 1,Citywide Service Solutions Pty Ltd,"$48,685.97",28/02/23,3676
INV73923,Management of Active Melbourne recreation facilities,Victorian YMCA Communi,0.2m,10/11/2028,3615
INV73924,Integrated security services,National Protective Services Pty. Ltd.,168858.82,2027-03-06,3686
INV73925,Open spaces management - region 2,SERCO,14788.67,30/12/2028,3677
INV73926,Street cleaning,Spotless Facility Services P/L,"$205,201.27",27/08/22,3669
INV73927,Street cleaning,SPOTLESS FACILITY SERVICES PTY LTD,3532.98,2029-07-21,3669
INV73928,Parking technology services,reino international pty ltd t/a duncan solutions,15586.17 AUD,2028-06-05,3623
INV73929,Tree management maintenance services,Citywide Service Solutions Pty. Ltd.,238459.3 AUD,01/03/2028,3678
INV73930,Building cleaning services,Menzies International (Aust) Pty Ltd,"$230,418.28",10 June 2029,3634
INV73931,Open spaces management - region 2,SEuCO,"$94,001.2",27/09/18,3677
INV73932,Vehicle tow away and impound services,Nationwide Towing Services (AU),171282.54 AUD,2025-05-05,3585
INV73933,Integrated security services,Programmed Facility Management Pty Ltd (AU),52679.0,15/10/2027,3630
INV73934,Street cleaning,Spotless Facility Services Pty Ltd,179351.01 AUD,09/12/2029,3669
INV73935,Graffiti management and pressure cleaning services,Calcorp,0.1m,18 February 2029,3668
INV73936,Civil infrastructure services,Citywide Service Solutions Pty Ltd (AU),200946.19,26/05/24,3665
INV73937,Building cleaning services,Menzies Int’l (Aust) Pty Ltd,198507.3 AUD,16/06/2026,3634
INV73938,Tree management maintenance services,Citywide  Service  Solutions  Pty  Ltd,85115.0,03-Aug-2028,3678
INV73939,Waste management services,Cleanaway Waste Management Limited (AU),110747.81,10/02/2025,3556
INV73940,Civil infrastructure services,citywide service solutions pty ltd,"$151,092.17",28/10/16,3665
INV73941,Tree management maintenance services,Citywide Servite Solutions Pty Ltd,222246.81,2025-11-06,3678
INV73942,Graffiti management and pressure cleaning services,Calcorp  Services  Pty  Ltd,142042.42,26/01/19,3668
INV73943,Integrated security services,NATIONAL PROTECTIVE SERVICES PTY LTD,226641.2 AUD,07-May-2027,3686
INV73944,Open spaces management - region 2,Citywide Service Solutions Pty. Ltd.,93588.61,26/02/2025,3676
INV73945,Melbourne Town Hall venue management,Showtime Event Group Pty Ltd,202945.03,29/08/2026,3670
INV73946,Building cleaning services,Menzies International (Aust) Pty. Ltd.,72824.8,26/06/2028,3634
INV73947,Building maintenance services,Programmed Facility,184542.97 AUD,09/04/2026,3630
INV73948,Management of Active Melbourne recreation facilities,Victorian YMCA Community Programming P/L,"$221,568.03",04-Apr-2028,3615
INV73949,Civil infrastructure services,citywide service solutions pty ltd,213313.72,04-Mar-2028, 
INV73950,Vehicle tow away and impound services,Nationwide Towing Services (AU),233088.85,25/05/06,3585
INV73951,Parking technology services,REINO INTERNATIONAL PTY LTD T/A DUNCAN SOLUTIONS,0.2m,2029-04-17,3623
INV73952,Building cleaning services,Menzies International (Auvt) Pty Ltd,"$75,835.17",16-Mar-2025,3634
INV73953,Integrated security services,National Protective Services Pty. Ltd.,197804.49,2027-09-21,3686
INV73954,Parking technology services,Reino International Pty Ltd T/A Duncan Solutions (AU),143320.38,20/03/2025,3623
INV73955,Civil infrastructure services,Citywide Service Solutions P/L,5552.99,14-Oct-2027,3665
INV73956,Management of Active Melbourne recreation facilities,Victorian YMCA Community Programming Pty Ltd (AUS),0.1m,02/10/2026,3615
INV73957,Open spaces management - region 2,SERCO,0.1m,2025-08-20,3677
INV73958,Building maintenance services,Programmed  Facility  Management  Pty  Ltd,207523.78,2029-03-27, 
INV73959,Open spaces management - region 1,Citywide Sbrvice Solutions Pty Ltd,168347.13 AUD,25/07/26,3676
INV73960,Waste management services,cleanaway waste management limited,130269.76 AUD,19-Oct-2025,3556
INV73961,Parking technology services,Reino,0.0m,27/09/29,3623
INV73962,Graffiti management and pressure cleaning services,calcorp services pty ltd,21635.32,27-Apr-2029,3668
INV73963,Building cleaning services,Menzies  International  (Aust)  Pty  Ltd,40634.9,20-Aug-2026,3634
INV73964,Graffiti management and pressure cleaning services,Calcorp Services Pty Ltd (AUS),,12/11/2027,3668
INV73965,Civil infrastructure services,Citywide Service Solutions Pty Ltd,50164.85 AUD,17/07/2027,3665
INV73966,Open spaces management - region 2,SERCO,0.2m,16-Aug-2029,3677
INV73967,Parking technology services,Reino International Pty. Ltd. T/A Duncan Solutions,160645.69,2029-09-15,3623
INV73968,Integrated security services,NATIONAL PROTECTIVE SERVICES PTY LTD,218418.0 AUD,2029-11-25,3686
INV73969,Open spaces management - region 1,Citywide Service Solutions Pty Ltd,0.0m,2028-10-30,3676
INV73970,Waste management services,Cleanaway  Waste  Management  Limited,148505.17,27 March 2027,3556
INV73971,Open spaces management - region 2,Serco,188721.5 AUD,23-Nov-2026, 
INV73972,Open spaces management - region 2,SERCO,0.1m,10-Aug-2025,3677
INV73973,Graffiti management and pressure cleaning services,Calcorp Services P/L,0.2m,24-Oct-2026,3668
INV73974,Open spaces management - region 1,Citywide,"$187,698.91",2029-04-04,3676
INV73975,Graffiti management and pressure cleaning services,Calcorp Services Pty Ltd,68011.05,01 June 2029,3668
INV73976,Vehicle tow away and impound services,Menzies Int’l (Aust) Pty Ltd,202619.42,10/10/2026,3634
INV73977,Tree management maintenance services,Citywide Service Solutions P/L,0.1m,28/02/2025,3678
INV73978,Parking technology services,REINO INTERNATIONAL PTY LTD T/A DUNCAN SOLUTIONS,248042.4,28/02/02,3623
INV73979,Building maintenance services,Programmed Facility Management Pty Ltd (AU),0.0m,03 July 2027,3630
INV73980,Open spaces management - region 2,SERCO (AU),"$95,195.33",24/03/2029,3677
INV73981,Open spaces management - region 1,Citywide Service ,"$50,070.68",2029-10-29,3676
INV73982,Tree management maintenance services,Citywide Service Solutions Pty Ltd,135872.36 AUD,15 September 2026,3678
INV73983,Civil infrastructure services,Citywide,211806.65,11/07/2028,3665
INV73984,Civil infrastructure services,CITYWIDE SERVICE SOLUTIONS PTY LTD,77847.76 AUD,24 July 2027,3665
INV73985,Open spaces management - region 2,Nationwide,208552.05,09/12/2029,3585
INV73986,Tree management maintenance services,Citywide Service Solutions Ptm Ltd,"$147,547.05",27/06/2026,3678
INV73987,Civil infrastructure services,Cleanaway Waste Management LTD,177866.73 AUD,20 August 2028,3556
INV73988,Integrated security services,National Protective Services Pty Ltd,128652.64 AUD,05/04/2029,3686
INV73989,Waste management services,Cleanaway Waste Management Limited (AUS),108586.29 AUD,12 April 2029,3556
INV73990,Parking technology services,Reino Intl Pty Ltd T/A Duncan Solutions,"$105,188.85",29/10/14,3623
INV73991,Integrated security services,National Protective Serviced Pty Ltd,14635.04 AUD,16/08/2026,3686
INV73992,Building cleaning services,Menzies International (Aust) Pty Ltd,"$152,154.61",27 April 2028,3634
INV73993,Graffiti management and pressure cleaning services,Citywide  Service  Solutions  Pty  Ltd,0.1m,2027-07-18,3678
INV73994,Waste management services,Cleanaway Waste Management Ltd,202885.09,2025-04-27,3556
INV73995,Integrated security services,National Protective Services Pty. Ltd.,209694.37,20/11/2028,3686
INV73996,Civil infrastructure services,Citywide Service Solutions Pty. Ltd.,"$199,736.41",08 July 2027,3665
INV73997,Building cleaning services,Menzies  International  (Aust)  Pty  Ltd,"$36,334.8",26/03/2027,3634
INV73998,Building cleaning services,Menzies International (Aust) Pty Ltd (AU),131625.57 AUD,25/10/19,3634
INV73999,Open spaces management - region 1,CitywideServiceSolutionsPtyLtd,"$156,828.23",12 November 2026,3676
INV74000,Waste management services,CleanawayWasteManagementLimited,,2027-10-09,3556
