InvoiceID,ContractTitle,Provider,InvoiceAmount,InvoiceDate,ContractNumber
INV294001,Open spaces management - region 1,Citywide,39679.64 AUD,2026-05-21, 
INV294002,Waste management services,Cleaxaway Waste Management Limited,"$115,157.94",29-Mar-2026,3556
INV294003,Civil infrastructure services,CITYWIDE SERVICE SOLUTIONS PTY LTD,168683.17,09/11/2025,3665
INV294004,Civil infrastructure services,Citywide Service Solutions Pty Ltd,0.1m,25/01/05,3665
INV294005,Integrated security services,National Protective Services Pty Ltd,0.2m,30/04/2027,3686
INV294006,Open spaces management - region 1,Citywide Service Solutions P/L,36463.26 AUD,2027-05-07,3676
INV294007,Vehicle tow away and impound services,NationwideoTowing Services,45124.58,2029-03-16,3585
INV294008,Melbourne Town Hall venue management,Showtime Event Group Pty Ltd,"$40,690.32",06/09/2026,3670
INV294009,Building maintenance services,programmed facility management pty ltd,160110.26 AUD,04-Dec-2026,3630
INV294010,Open spaces management - region 2,SERCO,96054.95,16/07/2029,3677
INV294011,Vehicle tow away and impound services,Nationwide Towing Services (AUS),"$74,827.34",31/12/2029,3585
INV294012,Integrated security services,Calcorp Services Pty Ltd (AUS),147700.43,26/04/08,3668
INV294013,Open spaces management - region 1,Citywide Sprvice Solutions Pty Ltd,"$215,131.81",14/07/2027,3676
INV294014,Open spaces management - region 1,Citywide Service ,0.2m,29/07/11,3676
INV294015,Tree management maintenance services,Citywide Service Solutions Pty Ltd (AU),"$62,544.24",14 January 2029,3678
INV294016,Street cleaning,SpotlessFacilityServicesPtyLtd,147448.3,2025-11-11,3669
INV294017,Building maintenance services,Programmed Facility Management P/L,10046.3 AUD,30-May-2029,3630
INV294018,Building cleaning services,Menzges International (Aust) Pty Ltd,"$223,883.48",05/07/2027, 
INV294019,Open spaces management - region 1,Citywide Service Solutions Pty Ltd,205986.5,25/11/22,3676
INV294020,Integrated security services,National,"$165,478.32",03 January 2026,3686
INV294021,Waste management services,Cleanaway Waste Management Limited (AU),59612.8 AUD,10/09/2025,3556
INV294022,Building maintenance services,ProgrammedFacilityManagementPtyLtd,"$173,416.92",02/06/2027,3630
INV294023,Open spaces management - region 2,SERCO (AUS),145760.24,,3677
INV294024,Integrated security services,National Protective Services P/L,18026.65,15 August 2025,3686
INV294025,Street cleaning,Spotless Facility,99227.34,16 November 2025,3669
INV294026,Open spaces management - region 2,SERCO,213155.57,30-Dec-2028,3677
INV294027,Tree management maintenance services,citywide service solutions pty ltd,87756.75,12/04/2027,3678
INV294028,Building maintenance services,Programmed Facility Management Pty Ltd,"$83,119.61",05/10/2029,3630
INV294029,Building maintenance services,Menzies,"$50,661.7",18/07/2026, 
INV294030,Vehicle tow away and impound services,Nationwide Towing Services,183396.97,29-Mar-2028,3585
INV294031,Waste management services,Cleanaway Waste Management Limited,"$143,420.49",25/09/11,3556
INV294032,Vehicle tow away and impound services,NationwideTowingServices,153377.82,21/11/2025,3585
INV294033,Building cleaning services,Menzies  International  (Aust)  Pty  Ltd,110803.65,18/01/2029,3634
INV294034,Tree management maintenance services,CITYWIDE SERVICE SOLUTIONS PTY LTD,238091.78 AUD,12/09/2026,3678
INV294035,Civil infrastructure services,Citywide  Service  Solutions  Pty  Ltd,0.2m,22 April 2028,3665
INV294036,Civil infrastructure services,Citywide  Service  Solutions  Pty  Ltd,109624.18 AUD,27/07/2028,3665
INV294037,Street cleaning,SPOTLESS FACILITY SERVICES PTY LTD,0.2m,11 August 2029,3669
INV294038,Open spaces management - region 2,SERCO,"$240,176.38",22-Oct-2026,3677
INV294039,Building maintenance services,PROGRAMMED FACILITY MANAGEMENT PTY LTD,249671.0,04/06/2028,3630
INV294040,Integrated security services,National Protective Services Pty Ltd,175761.75 AUD,12/03/2026,3686
INV294041,Street cleaning,Spotless Facility Services P/L,10108.86,05 April 2026,3669
INV294042,Open spaces management - region 1,Citywide,"$153,866.22",20 May 2029,3676
INV294043,Waste management services,Cleanaway Waste Management Limited (AUS),153512.6,2025-03-13,3556
INV294044,Tree management maintenance services,Citywide Service Solutions Pty Ltd,0.2m,2029-08-02,3678
INV294045,Vehicle tow away and impound services,Nationwide Towing Services,157344.23,20 October 2025,3585
INV294046,Waste management services,Cleanaway Waste Management Limited,105824.19 AUD,28/02/10,3556
INV294047,Melbourne Town Hall venue management,Showtime,22033.7,19-Feb-2027,3670
INV294048,Graffiti management and pressure cleaning services,Calcorp Services Pty Ltd,0.2m,23-Apr-2027,3668
INV294049,Melbourne Town Hall venue management,Cleanaway Waste Management Limited (AUS),"$48,430.73",28/02/16,3556
INV294050,Open spaces management - region 2,SERCO,159104.46 AUD,06/12/2027,3677
INV294051,Graffiti management and pressure cleaning services,Calcorp Services Pty Ltd (AUS),148144.01,02/07/2026,3668
INV294052,Parking technology services,Reino International Pty ,103979.66,27/07/31,3623
INV294053,Building cleaning services,Menzies Intl (Aust) Pty Ltd,136195.14,26/03/2028,3634
INV294054,Management of Active Melbourne recreation facilities,Victorian YMCA Communi,38467.21,26/06/08,3615
INV294055,Open spaces management - region 1,Citywide Service Solutions Pty. Ltd.,"$178,529.27",29/09/30,3676
INV294056,Melbourne Town Hall venue management,Showtime Event Group Pty. Ltd.,0.1m,29/05/2026,3670
INV294057,Open spaces management - region 1,Citywide Service Solutions Pty Ltd,229974.26 AUD,19/10/2025, 
INV294058,Vehicle tow away and impound services,Nationwide Towing Services,"$211,628.52",26/04/20,3585
INV294059,Waste management services,Cleanaway Waste Management Limited (AUS),129615.89,11 September 2025,3556
INV294060,Management of Active Melbourne recreation facilities,Victorian YMCA Community Programming Pty. Ltd.,14175.18,30-Sep-2029, 
INV294061,Open spaces management - region 1,Citywide Service Solutions Pty. Ltd.,0.1m,18 July 2026,3676
INV294062,Building cleaning services,Menzies International (Aust) P/L,19451.09,24/11/2027,3634
INV294063,Building maintenance services,Programmed Facility Management Pty. Ltd.,213251.22 AUD,09-Dec-2026,3630
INV294064,Open spaces management - region 2,SERCO (AUS),223240.7,11/05/2028,3677
INV294065,Graffiti management and pressure cleaning services,Calcorp  Services  Pty  Ltd,36842.33 AUD,21/07/2027,3668
INV294066,Tree management maintenance services,Citywide Service Solutions Pty Ltd,0.1m,11-Jun-2029, 
INV294067,Open spaces management - region 2,serco,26335.36,07-Jul-2026,3677
INV294068,Open spaces management - region 1,Citywide  Service  Solutions  Pty  Ltd,230180.63,18-Dec-2028,3676
INV294069,Melbourne Town Hall venue management,Showtime Event Group Pty. Ltd.,248688.35 AUD,2025-11-21,3670
INV294070,Civil infrastructure services,Citywide  Service  Solutions  Pty  Ltd,151278.26 AUD,2027-05-14,3665
INV294071,Tree management maintenance services,Citywide Service Solutions Pty Ltd,173615.59 AUD,09-Feb-2025,3678
INV294072,Building cleaning services,Menzies International (Aust) Pty Ltd,0.2m,25/10/20,3634
INV294073,Graffiti management and pressure cleaning services,CALCORP SERVICES PTY LTD,56995.4,27 July 2025,3668
INV294074,Building cleaning services,Programmed Facility Management Pty Ltd,0.2m,07 November 2026,3630
INV294075,Waste management services,Cleanaway Waste M,124147.81 AUD,29/12/14,3556
INV294076,Building maintenance services,Programmed Facility Management Pty Ltd (AUS),"$122,562.48",27/05/12,3630
INV294077,Integrated security services,NationalProtectiveServicesPtyLtd,0.2m,01/05/2025,3686
INV294078,Integrated security services,National Protective Services bty Ltd,38062.09,25/06/17,3686
INV294079,Street cleaning,Spotless  Facility  Services  Pty  Ltd,"$49,694.57",03-Jul-2027,3669
INV294080,Building maintenance services,Programmed Facility,174974.06,28/05/2026,3630
INV294081,Graffiti management and pressure cleaning services,Calcorp Services Pty Ltd,162851.69 AUD,29-Jul-2026,3668
INV294082,Vehicle tow away and impound services,Nationwide Towing Services,0.2m,25/10/25,3585
INV294083,Waste management services,Cleanaway Waste Management Limited,0.0m,26-Sep-2027,3556
INV294084,Building maintenance services,Programmed Facility Management Pty Ltd (AUS),150804.1,28/05/01,3630
INV294085,Open spaces management - region 1,Citywide Service Solutions Pty Ltd (AU),90313.8,18/07/2025,3676
INV294086,Open spaces management - region 1,Citywide Service Solutions Pty Ltd,78927.28,21 November 2026,3676
INV294087,Graffiti management and pressure cleaning services,Calcorp Services Pty Ltd,224072.8 AUD,11-Mar-2028,3668
INV294088,Open spaces management - region 1,CITYWIDE SERVICE SOLUTIONS PTY LTD,47101.72,03-Jul-2027,3676
INV294089,Melbourne Town Hall venue management,Showtime Event Group Pty Ltd,0.0m,2028-05-29,3670
INV294090,Civil infrastructure services,Citywide Service Solutions Pty Ltd,0.2m,21-Jun-2025,3665
INV294091,Street cleaning,Spotless Facility Services Pty Ljd,"$44,319.15",24-Jan-2025,3669
INV294092,Civil infrastructure services,Citywide Service Solutions Pty Ltd (AUS),2788.42 AUD,10/07/2026,3665
INV294093,Waste management services,Cleanaway Waste Management Limited,0.2m,12/05/2028,3556
INV294094,Tree management maintenance services,Citywide,"$165,697.38",28/12/18, 
INV294095,Open spaces management - region 2,serco,0.1m,2027-08-05,3677
INV294096,Civil infrastructure services,Citywide  Service  Solutions  Pty  Ltd,"$27,950.98",23/08/2028,3665
INV294097,Integrated security services,National Protective Services Pty. Ltd.,127600.24,18-Aug-2028,3686
INV294098,Graffiti management and pressure cleaning services,CALCORP SERVICES PTY LTD,61870.83,27/08/24,3668
INV294099,Open spaces management - region 2,Serco,210604.05 AUD,27-Feb-2029, 
INV294100,Parking technology services,Reino  International  Pty  Ltd  T/A  Duncan  Solutions,"$165,958.99",29/06/05,3623
INV294101,Vehicle tow away and impound services,Nationwide Towing Services,21465.59 AUD,05-May-2027,3585
INV294102,Melbourne Town Hall venue management,Showtime,101587.07 AUD,01-Apr-2027,3670
INV294103,Vehicle tow away and impound services,NATIONWIDE TOWING SERVICES,"$110,021.87",26/08/09,3585
INV294104,Parking technology services,Reino Intl Pty Ltd T/A Duncan Solutions,129719.45,28 October 2025,3623
INV294105,Melbourne Town Hall venue management,SHOWTIME EVENT GROUP PTY LTD,218453.76 AUD,11/05/2028,3670
INV294106,Integrated security services,National Protective Services Pty Ltd (AU),"$52,773.19",14 June 2028, 
INV294107,Parking technology services,Reino International Pty ,"$196,493.16",29/10/14,3623
INV294108,Integrated security services,National Protectiv,0.2m,10 January 2028,3686
INV294109,Management of Active Melbourne recreation facilities,VictorianYMCACommunityProgrammingPtyLtd,115905.15,25/05/25,3615
INV294110,Graffiti management and pressure cleaning services,Calcorp Services Pty Ltd (AU),0.2m,18/09/2025,3668
INV294111,Open spaces management - region 1,Citywide,"$74,468.9",05 November 2027,3676
INV294112,Building cleaning services,menzies international (aust) pty ltd,0.2m,02-Jun-2027,3634
INV294113,Civil infrastructure services,Citywide gervice Solutions Pty Ltd,"$5,518.66",28/04/23,3665
INV294114,Civil infrastructure services,citywide service solutions pty ltd,50336.82,28/08/20,3665
INV294115,Melbourne Town Hall venue management,ShowtimeEventGroupPtyLtd,220915.99,2025-11-09,3670
INV294116,Building maintenance services,Programmed Facility,105771.48,09/02/2026,3630
INV294117,Open spaces management - region 2,SERCO,0.0m,30-Aug-2028,3677
INV294118,Integrated security services,national protective services pty ltd,215054.99 AUD,08/08/2025,3686
INV294119,Graffiti management and pressure cleaning services,Calcorp Services Pty Ltd (AU),26241.69 AUD,2029-07-17,3668
INV294120,Open spaces management - region 2,SdRCO,0.1m,28-Mar-2026,3677
INV294121,Melbourne Town Hall venue management,Showtime Event Group Pty Ltd,73523.26,17/12/2029,3670
INV294122,Vehicle tow away and impound services,Nationwide Towing Services,177522.09,26/04/24,3585
INV294123,Open spaces management - region 2,SERCO,87298.47,25/07/21,3677
INV294124,Melbourne Town Hall venue management,SHOWTIME EVENT GROUP PTY LTD,0.1m,02/10/2027,3670
INV294125,Waste management services,Cleanaway Waste Management Limited,0.1m,30/05/2029,3556
INV294126,Building maintenance services,Programmed Facility Management P/L,74244.75 AUD,19/11/2026,3630
INV294127,Open spaces management - region 2,SERCv,139466.77,30/12/2026,3677
INV294128,Street cleaning,SpotlessFacilityServicesPtyLtd,0.0m,29/08/2025,3669
INV294129,Integrated security services,VictorianYMCACommunityProgrammingPtyLtd,0.1m,18 December 2028,3615
INV294130,Melbourne Town Hall venue management,Showtime Event Group Pty Ltd,0.0m,15/06/2029,3670
INV294131,Waste management services,Cleanaway  Waste  Management  Limited,174401.12,2027-08-12,3556
INV294132,Vehicle tow away and impound services,nationwide towing services,73505.83,19/03/2025,3585
INV294133,Management of Active Melbourne recreation facilities,Victorian YMCA Communi,"$184,109.13",2025-10-10, 
INV294134,Melbourne Town Hall venue management,Showtime Event Group P/L,"$12,469.64",17/11/2025,3670
INV294135,Integrated security services,National,0.2m,30 August 2025,3686
INV294136,Melbourne Town Hall venue management,ShowtimeEventGroupPtyLtd,145702.48,08-Aug-2026,3670
INV294137,Parking technology services,REINO INTERNATIONAL PTY LTD T/A DUNCAN SOLUTIONS,213293.46 AUD,2027-06-13,3623
INV294138,Management of Active Melbourne recreation facilities,Victorian YMCA Community Programming Pty Ltd (AU),120450.78,08/08/2028,3615
INV294139,Tree management maintenance services,Citywide Service Solutions Pty Ltd,"$174,151.38",27/10/05,3678
INV294140,Melbourne Town Hall venue management,Showtime  Event  Group  Pty  Ltd,143788.8,07 January 2028,3670
INV294141,Vehicle tow away and impound services,Nationwide,0.1m,16-Jun-2028,3585
INV294142,Integrated security services,National Protective Services Pty Ltd,100437.56,29/09/27,3686
INV294143,Waste management services,Cleanaway,24242.24 AUD,12-Apr-2025,3556
INV294144,Parking technology services,Reino International P/L T/A Duncan Solutions,130743.23,2028-04-23,3623
INV294145,Street cleaning,Spotless Facility Services Pty Ltd,"$61,526.84",26/04/30,3669
INV294146,Integrated security services,National Protective Services Pty. Ltd.,0.1m,01/10/2027,3686
INV294147,Street cleaning,Spotless Facility Services P/L,0.0m,27-Dec-2029,3669
INV294148,Open spaces management - region 2,Serco,239458.87 AUD,13-Oct-2029,3677
INV294149,Tree management maintenance services,Citywide Service Solutions Pty. Ltd.,117667.49 AUD,01-Sep-2028,3678
INV294150,Open spaces management - region 1,Citywide Service Solutions Pty. Ltd.,0.1m,03-Jul-2028,3676
INV294151,Vehicle tow away and impound services,Nationwide To,0.0m,02/03/2029,3585
INV294152,Integrated security services,National Protective Services Pty. Ltd.,"$205,874.01",19-Jan-2025,3686
INV294153,Tree management maintenance services,Citywide,209859.95 AUD,20-Oct-2026,3678
INV294154,Waste management services,Cleanaway Waste Mgmt Limited,0.0m,2028-11-24, 
INV294155,Open spaces management - region 1,Citywide,0.2m,26/07/2029,3676
INV294156,Open spaces management - region 2,SERCO (AU),140005.41,21/07/2026,3677
INV294157,Vehicle tow away and impound services,Nationwide Towing Services,241177.84,2025-04-03,3585
INV294158,Civil infrastructure services,Citywide Service Solutions Pty Ltd,202060.4,07-Dec-2025,3665
INV294159,Civil infrastructure services,Citywide  Service  Solutions  Pty  Ltd,"$71,905.76",09-Jul-2025,3665
INV294160,Street cleaning,spotless facility services pty ltd,41834.32,28/07/22,3669
INV294161,Civil infrastructure services,Citywide Service ,201551.05,27/06/26,3665
INV294162,Tree management maintenance services,Citywide Service Solutions Pty Ltd,"$50,207.6",2029-08-22,3678
INV294163,Melbourne Town Hall venue management,ShowtimeEventGroupPtyLtd,637.96,26/09/28,3670
INV294164,Street cleaning,Spotless Facility Services Pty. Ltd.,43134.09 AUD,06/10/2027,3669
INV294165,Vehicle tow away and impound services,Nationwide To,240466.86,25/08/2025,3585
INV294166,Open spaces management - region 2,zERCO,0.1m,12 June 2028,3677
INV294167,Parking technology services,ReinoInternationalPtyLtdT/ADuncanSolutions,137654.22 AUD,2025-06-19,3623
INV294168,Street cleaning,SPOTLESS FACILITY SERVICES PTY LTD,"$97,538.61",26/12/29,3669
INV294169,Open spaces management - region 2,iERCO,0.0m,20-Oct-2029,3677
INV294170,Civil infrastructure services,Citywide Service Solutions Pty Ltd (AUS),0.1m,12 July 2029,3665
INV294171,Waste management services,Cleanaway Waste Management LTD,99872.06,2027-07-05,3556
INV294172,Vehicle tow away and impound services,Nationwide Towing Services,0.2m,16 June 2027,3585
INV294173,Building cleaning services,Menzies Internatio,143252.87,15/08/2028,3634
INV294174,Waste management services,Cleanaway Waste Management Limited,165677.39,29-May-2028,3556
INV294175,Building cleaning services,Menzies International (Aust) Pty Ltd (AUS),"$102,863.63",25/09/2027,3634
INV294176,Graffiti management and pressure cleaning services,Calcorp Serv,"$169,647.97",14-Jun-2028,3668
INV294177,Civil infrastructure services,Citywide Service Solutions Pty Ltd,830.06,06 March 2026,3665
INV294178,Open spaces management - region 2,SERCO (AUS),0.2m,28/01/21,3677
INV294179,Building cleaning services,menzies international (aust) pty ltd,"$232,804.21",03 September 2025,3634
INV294180,Integrated security services,National Protectiv,137361.33,14 August 2025,3686
INV294181,Melbourne Town Hall venue management,SHOWTIME EVENT GROUP PTY LTD,0.1m,07/03/2027,3670
INV294182,Building cleaning services,MenziesInternational(Aust)PtyLtd,65882.22,02/06/2029,3634
INV294183,Melbourne Town Hall venue management,Showtime Event Group Pty Ltd,106583.47,26-Jun-2025,3670
INV294184,Open spaces management - region 1,CitywideServiceSolutionsPtyLtd,219413.04,24/08/2026,3676
INV294185,Waste management services,Cleanaway Waste Management Limited (AU),159008.27 AUD,15-Jan-2025,3556
INV294186,Open spaces management - region 1,Citywide Service Solutions Pty Ltd (AUS),13853.58,27-Aug-2027,3676
INV294187,Melbourne Town Hall venue management,Showtime  Event  Group  Pty  Ltd,176286.59,2026-11-30,3670
INV294188,Waste management services,Cleauaway Waste Management Limited,242182.55 AUD,05/02/2029, 
INV294189,Melbourne Town Hall venue management,Showtime Event Group Pty Ltd,19755.32,29-Sep-2026,3670
INV294190,Graffiti management and pressure cleaning services,Calcorp ServicesoPty Ltd,63175.15,27/04/12,3668
INV294191,Open spaces management - region 2,SERCO,96670.64 AUD,30/12/2028,3677
INV294192,Open spaces management - region 2,National Protective Services Pty Ltd (AU),"$88,166.68",27-Oct-2028,3686
INV294193,Street cleaning,SpotlessFacilityServicesPtyLtd,148008.76,2026-03-05,3669
INV294194,Waste management services,CleanawayWasteManagementLimited,34059.02 AUD,2025-11-27,3556
INV294195,Parking technology services,Reino International Pty Ltd T/A Duncan Solutionm,187794.23 AUD,15/02/2025,3623
INV294196,Vehicle tow away and impound services,Nationwide Towing Services (AUS),93051.65 AUD,30 July 2028,3585
INV294197,Integrated security services,National Protective Services Pty. Ltd.,"$23,872.99",21/01/2025,3686
INV294198,Street cleaning,Spotless Facility Services Pty Ltd,25725.3,26 November 2029,3669
INV294199,Parking technology services,Reino Int’l Pty Ltd T/A Duncan Solutions,246366.33 AUD,24/10/2026,3623
INV294200,Graffiti management and pressure cleaning services,Calcorp Serv,220502.57 AUD,26-Feb-2027,3668
INV294201,Vehicle tow away and impound services,Nationwide Towing Services (AUS),"$114,172.59",21/07/2029,3585
INV294202,Waste management services,Cleanaway  Waste  Management  Limited,0.1m,13-Apr-2026, 
INV294203,Melbourne Town Hall venue management,Cleanaway Waste Management Ltd,"$54,206.85",04/07/2027,3556
INV294204,Waste management services,Cleanaway  Waste  Management  Limited,219337.92 AUD,12 June 2029,3556
INV294205,Graffiti management and pressure cleaning services,Calcorp Services Pty Ltd,98006.47 AUD,29/08/05,3668
INV294206,Open spaces management - region 2,SERCO (AUS),196165.05 AUD,12 September 2027,3677
INV294207,Waste management services,Cleanaway Waste Management Ltd,42473.12,16-Oct-2026,3556
INV294208,Open spaces management - region 1,Citywide Service Solutions Pty Ltd,54365.54,2027-11-15,3676
INV294209,Melbourne Town Hall venue management,Showtime Event Group Pty. Ltd.,46688.49 AUD,26/03/23,3670
INV294210,Open spaces management - region 2,SEiCO,7062.77 AUD,2028-11-03,3677
INV294211,Open spaces management - region 2,SERCO (AU),213560.17 AUD,27/10/20, 
INV294212,Tree management maintenance services,Citywide Service Solutiont Pty Ltd,226361.39 AUD,11/02/2027,3678
INV294213,Tree management maintenance services,Citywide,"$38,525.64",28/12/2028,3678
INV294214,Waste management services,Cleanaway  Waste  Management  Limited,207663.45 AUD,22-Jul-2027, 
INV294215,Vehicle tow away and impound services,Nationwide Towing Services (AU),"$186,938.07",24 October 2029,3585
INV294216,Building cleaning services,ReinoInternationalPtyLtdT/ADuncanSolutions,143213.69 AUD,09 May 2026,3623
INV294217,Graffiti management and pressure cleaning services,Calcorp Services P/L,0.1m,12 March 2029,3668
INV294218,Waste management services,CLEANAWAY WASTE MANAGEMENT LIMITED,249796.89,01-Jul-2029,3556
INV294219,Melbourne Town Hall venue management,Showtime Event Group Pty Ltd (AUS),,2027-11-23,3670
INV294220,Waste management services,Cleanaway Waste M,134939.26,27/09/2027,3556
INV294221,Building cleaning services,MENZIES INTERNATIONAL (AUST) PTY LTD,213810.25,26/07/28,3634
INV294222,Tree management maintenance services,Citywide Service ,155578.98,27 May 2028,3678
INV294223,Vehicle tow away and impound services,Nationwide Towing Services (AU),0.1m,01/05/2027,3585
INV294224,Building maintenance services,Programmed Facility Mgmt Pty Ltd,90812.69,11/05/2029,3630
INV294225,Melbourne Town Hall venue management,Showtime Event Group Pty Ltd (AU),210219.87,2026-06-27,3670
INV294226,Open spaces management - region 1,CITYWIDE SERVICE SOLUTIONS PTY LTD,0.0m,24/07/2026,3676
INV294227,Melbourne Town Hall venue management,showtime event group pty ltd,141897.1,09-May-2025,3670
INV294228,Civil infrastructure services,Citywide Service Solutions Pty Ltd (AU),61145.79 AUD,26/11/2026,3665
INV294229,Parking technology services,Reino Int’l Pty Ltd T/A Duncan Solutions,160785.19 AUD,19 November 2025,3623
INV294230,Open spaces management - region 1,Citywide Service ,0.1m,27/03/17,3676
INV294231,Tree management maintenance services,Citywide  Service  Solutions  Pty  Ltd,117201.09 AUD,29/11/18,3678
INV294232,Building cleaning services,Menzies International (Aust) Pty Ltd,"$82,331.7",26/12/21,3634
INV294233,Civil infrastructure services,Citywide  Service  Solutions  Pty  Ltd,24297.76,25/02/17,3665
INV294234,Open spaces management - region 2,SERCO,30261.5 AUD,27/02/10,3677
INV294235,Street cleaning,Spotless Facility,0.0m,2025-07-24,3669
INV294236,Graffiti management and pressure cleaning services,Calcorp Services P/L,123864.79 AUD,21-Jun-2028,3668
INV294237,Street cleaning,Spotless Facility Services Pty Ltd (AUS),0.2m,28 April 2029,3669
INV294238,Tree management maintenance services,CITYWIDE SERVICE SOLUTIONS PTY LTD,207375.31,07-Jul-2025,3678
INV294239,Tree management maintenance services,Citywide Service Solutions Pty Ltd,"$135,014.96",20/12/2029,3678
INV294240,Street cleaning,Spotless Facility Services Pty. Ltd.,25430.95,27/07/24,3669
INV294241,Building cleaning services,Menzies International (Aust) Pty Ltd,19903.14,21/09/2025,3634
INV294242,Tree management maintenance services,citywide service solutions pty ltd,28131.84 AUD,,3678
INV294243,Parking technology services,Reino,235112.22,27/09/03,3623
INV294244,Tree management maintenance services,Citywide  Service  Solutions  Pty  Ltd,223345.73,28/03/22,3678
INV294245,Management of Active Melbourne recreation facilities,victorian ymca community programming pty ltd,"$212,031.66",20/03/2028,3615
INV294246,Vehicle tow away and impound services,Nationwide Towing Services (AU),169268.04 AUD,27/03/18,3585
INV294247,Management of Active Melbourne recreation facilities,victorian ymca community programming pty ltd,34583.89 AUD,28 July 2025,3615
INV294248,Building cleaning services,MENZIES INTERNATIONAL (AUST) PTY LTD,75084.05,10/07/2029,3634
INV294249,Management of Active Melbourne recreation facilities,VICTORIAN YMCA COMMUNITY PROGRAMMING PTY LTD,233106.89,26/06/18,3615
INV294250,Melbourne Town Hall venue management,Showtime Event Group Pty Ltd,"$63,729.01",28/02/20,3670
INV294251,Waste management services,Cleanaway Waste Management Ltd,"$85,488.28",03 June 2027,3556
INV294252,Vehicle tow away and impound services,nationwide towing services,0.0m,2026-05-21,3585
INV294253,Waste management services,Cleanaway Waste Management Limited (AUS),69263.1 AUD,2027-10-05,3556
INV294254,Building maintenance services,Programmed Facility Management Pty. Ltd.,5341.12,25-Dec-2025,3630
INV294255,Civil infrastructure services,CITYWIDE SERVICE SOLUTIONS PTY LTD,0.1m,13-Dec-2029,3665
INV294256,Civil infrastructure services,CitywideServiceSolutionsPtyLtd,45845.87,18-Dec-2025,3665
INV294257,Vehicle tow away and impound services,Nationwide Towing Services,103780.95,13/02/2026,3585
INV294258,Street cleaning,Spotless Facility Services Pty Ltd (AU),0.0m,17/08/2027,3669
INV294259,Graffiti management and pressure cleaning services,Calcorp Services Pty. Ltd.,0.0m,10 December 2027,3668
INV294260,Civil infrastructure services,Citywide Service Solutions Pty Ltd,54916.5 AUD,12-Feb-2028,3665
INV294261,Management of Active Melbourne recreation facilities,Victorian YMCA Community Programming Pty. Ltd.,0.1m,22-Nov-2028,3615
INV294262,Tree management maintenance services,Citywide Service Solutions Pty Ltd (AUS),0.2m,11/07/2029,3678
INV294263,Management of Active Melbourne recreation facilities,Victorian,33448.46 AUD,21/03/2027,3615
INV294264,Integrated security services,National,0.2m,20/04/2025,3686
INV294265,Vehicle tow away and impound services,Nationwide To,"$159,821.81",01 February 2028,3585
INV294266,Open spaces management - region 2,SERCO,"$159,732.23",28/07/05,3677
INV294267,Building maintenance services,ProgrammedFacilityManagementPtyLtd,48421.12,27/03/03,3630
INV294268,Open spaces management - region 1,VICTORIAN YMCA COMMUNITY PROGRAMMING PTY LTD,58167.32,15 February 2029,3615
INV294269,Civil infrastructure services,Citywide Service Solutions P/L,180099.16,2025-02-16,3665
INV294270,Street cleaning,Spotless  Facility  Services  Pty  Ltd,0.1m,26/07/08,3669
INV294271,Building cleaning services,MenziesInternational(Aust)PtyLtd,161101.57,2028-04-04,3634
INV294272,Civil infrastructure services,Citywide Service Solutions P/L,41031.34,27-Sep-2028,3665
INV294273,Melbourne Town Hall venue management,Showtime  Event  Group  Pty  Ltd,0.2m,20 February 2025,3670
INV294274,Vehicle tow away and impound services,Nationwide Towing Services (AU),36744.06,24-Apr-2029,3585
INV294275,Parking technology services,Reino International Pty Ltd T/A Duncan Solutions,175245.79,27/05/2029,3623
INV294276,Waste management services,Cleanaway  Waste  Management  Limited,220986.03 AUD,15 March 2026, 
INV294277,Graffiti management and pressure cleaning services,Calcorp Services Pty Ltd,78050.96,04 October 2025,3668
INV294278,Integrated security services,National Protective Services P/L,132078.67 AUD,14/09/2028,3686
INV294279,Tree management maintenance services,Citywide Service Solutions Pty. Ltd.,184473.13 AUD,30-Aug-2026, 
INV294280,Tree management maintenance services,Citywide Service Solutions P/L,156330.48,08/12/2028,3678
INV294281,Civil infrastructure services,Citywide Service Solutions Pty Ltd,0.0m,2025-05-31,3665
INV294282,Tree management maintenance services,Citywide  Service  Solutions  Pty  Ltd,182020.64 AUD,2025-01-31,3678
INV294283,Tree management maintenance services,Citywide,230659.45,01 December 2029,3678
INV294284,Integrated security services,Victorian Ymca Community Programming Pty Ltd,178080.71 AUD,24/06/2025,3615
INV294285,Open spaces management - region 2,SERCO (AU),"$157,468.36",03 October 2026,3677
INV294286,Vehicle tow away and impound services,Menzies,92806.49,19/11/2028,3634
INV294287,Street cleaning,Spotless  Facility  Services  Pty  Ltd,0.2m,26/09/13,3669
INV294288,Waste management services,Cleanaway Waste Management Limited,0.2m,04 February 2028,3556
INV294289,Tree management maintenance services,Citywide Service Solutions Pty. Ltd.,174482.08,01/08/2025,3678
INV294290,Building maintenance services,Programmed Facility,38548.82,12/04/2029,3630
INV294291,Graffiti management and pressure cleaning services,CalcorpServicesPtyLtd,75543.63 AUD,19/04/2027,3668
INV294292,Waste management services,cleanaway waste management limited,91391.96,04/12/2026,3556
INV294293,Civil infrastructure services,Citywide Servicm Solutions Pty Ltd,0.2m,26/03/02,3665
INV294294,Waste management services,Cleanaway Waste Management Limited,0.2m,23 August 2027,3556
INV294295,Integrated security services,National Protective Services jty Ltd,44389.11,29/03/04, 
INV294296,Building maintenance services,Programmed,"$75,760.82",20 January 2029,3630
INV294297,Tree management maintenance services,CitywideServiceSolutionsPtyLtd,60257.38,25/05/2026,3678
INV294298,Graffiti management and pressure cleaning services,Calcorp Services Pty Ltd,241251.17,23 February 2028,3668
INV294299,Civil infrastructure services,Citywide Service Solutions Pty. Ltd.,160594.42 AUD,06-Oct-2029,3665
INV294300,Open spaces management - region 2,SERCO (AUS),17223.7,24 December 2029,3677
INV294301,Street cleaning,Spotless Facility Services Pty. Ltd.,0.2m,2027-04-03,3669
INV294302,Vehicle tow away and impound services,NATIONWIDE TOWING SERVICES,142018.95,15 March 2026,3585
INV294303,Vehicle tow away and impound services,Nationwide Towing Services,127047.22,25/04/04,3585
INV294304,Tree management maintenance services,Citywide Service Solutions Pty Ltd,114694.23,04/09/2025,3678
INV294305,Civil infrastructure services,Citywide Service Solutions Pty Ltd,212347.97,30-Nov-2029,3665
INV294306,Building maintenance services,Programmed Facility,57732.71 AUD,05 November 2027,3630
INV294307,Civil infrastructure services,Citywide Service Solutions Pty Ltd,134465.66 AUD,27 June 2026,3665
INV294308,Building cleaning services,Menzies Internatio,0.2m,2027-08-31,3634
INV294309,Management of Active Melbourne recreation facilities,VictorianYMCACommunityProgrammingPtyLtd,50550.84,25/04/10,3615
INV294310,Parking technology services,Reino International Pty Ltd T/A Dgncan Solutions,85895.12,01/08/2029,3623
INV294311,Open spaces management - region 1,CitywideServiceSolutionsPtyLtd,185494.81,05/07/2027,3676
INV294312,Vehicle tow away and impound services,Nationwide  Towing  Services,105016.69,29/12/31,3585
INV294313,Street cleaning,Spotless Facility Services P/L,126242.95,11 June 2026,3669
INV294314,Open spaces management - region 2,SERCO,"$215,721.92",15 October 2028,3677
INV294315,Melbourne Town Hall venue management,Showtime Event Group Pty Ltd,0.2m,2025-08-12,3670
INV294316,Building maintenance services,Programmed  Facility  Management  Pty  Ltd,43728.37,27/06/11,3630
INV294317,Street cleaning,Spotless Facility Services Pty Ltd (AUS),185857.47,26/07/01,3669
INV294318,Building maintenance services,Programmed Facility Mgmt Pty Ltd,171392.6,2026-02-14,3630
INV294319,Integrated security services,National Protective Services P/L,23860.93 AUD,04-Jan-2029, 
INV294320,Melbourne Town Hall venue management,SHOWTIME EVENT GROUP PTY LTD,221055.6,19/08/2029,3670
INV294321,Civil infrastructure services,Citywide Service Solutions Pty Ltd (AU),9984.19 AUD,2026-08-19,3665
INV294322,Open spaces management - region 1,Citywide Service Solutions P/L,"$209,098.89",16/03/2025,3676
INV294323,Building maintenance services,Programmed Facility Management PtyxLtd,56115.68 AUD,,3630
INV294324,Graffiti management and pressure cleaning services,Calcorp Services Pty Ltd (AU),205645.88,21-May-2027,3668
INV294325,Open spaces management - region 1,CitywideServiceSolutionsPtyLtd,0.0m,22/09/2029,3676
INV294326,Open spaces management - region 1,citywide service solutions pty ltd,0.1m,27/01/2028,3676
INV294327,Civil infrastructure services,Citywide Service Solutions Pty Ltd,147355.64 AUD,16/10/2026,3665
INV294328,Street cleaning,Spotless Facility Services Pty Ltd,"$114,264.13",2025-09-15,3669
INV294329,Integrated security services,National Protective Services Pty Ltd,"$241,707.1",26/10/11, 
INV294330,Integrated security services,NationalProtectiveServicesPtyLtd,1141.07 AUD,22 March 2029,3686
INV294331,Building cleaning services,menzies international (aust) pty ltd,128335.52,15-Sep-2027,3634
INV294332,Integrated security services,Nationwide Towing Services,163322.03,26/05/22,3585
INV294333,Open spaces management - region 2,serco,36033.02,29/11/21,3677
INV294334,Integrated security services,National Protective Services Pty Ltd (AUS),"$52,698.84",02 September 2027,3686
INV294335,Waste management services,Cleanaway Waste Management Limited (AUS),118545.96,2026-04-27,3556
INV294336,Building cleaning services,menzies international (aust) pty ltd,104683.98,26/06/15,3634
INV294337,Building cleaning services,Menzies,0.0m,01/06/2029,3634
INV294338,Management of Active Melbourne recreation facilities,Victorian YMCA Community Programming Pty. Ltd.,146186.69,28/09/29,3615
INV294339,Melbourne Town Hall venue management,Showtime Event,11735.16,20/05/2028,3670
INV294340,Parking technology services,Reino International Pty Ltd T/A Duncan Solutions (AUS),119263.24,25/10/06,3623
INV294341,Building cleaning services,Menzies International (Aust) P/L,16884.69,30 January 2027,3634
INV294342,Graffiti management and pressure cleaning services,Calcorp Services Pty. Ltd.,24056.18,2026-09-17,3668
INV294343,Open spaces management - region 2,SERCO,"$156,784.86",04/07/2025,3677
INV294344,Open spaces management - region 1,citywide service solutions pty ltd,0.1m,11/10/2025,3676
INV294345,Management of Active Melbourne recreation facilities,Victorian YMCA Communi,"$54,410.26",29/02/02,3615
INV294346,Waste management services,Cleanaway,164891.9 AUD,01-Dec-2027,3556
INV294347,Management of Active Melbourne recreation facilities,Victorian YMCA Communi,0.1m,01 October 2027,3615
INV294348,Street cleaning,Spotless Facility Services Pty Ltd,"$83,096.56",13/02/2027,3669
INV294349,Building cleaning services,Menzies International (Aust) Pty Ltd (AU),"$157,675.48",25/09/2029,3634
INV294350,Open spaces management - region 2,SERCO,222750.15,02/03/2026,3677
INV294351,Integrated security services,national protective services pty ltd,120200.23,26/05/2027,3686
INV294352,Street cleaning,Spotless Facility Services Pty Ltd,0.1m,26/01/2029,3669
INV294353,Building maintenance services,Programmed Facility Mgmt Pty Ltd,"$151,709.14",04-Jan-2026,3630
INV294354,Open spaces management - region 2,SERCO,"$145,695.44",01 July 2027,3677
INV294355,Building maintenance services,Programmed,0.1m,20/12/2027, 
INV294356,Parking technology services,Reino International Pty Ltd T/A Duncan Solutions,72071.12 AUD,20-Oct-2029,3623
INV294357,Open spaces management - region 1,Citywide Service ,48699.31,29/01/2029,3676
INV294358,Civil infrastructure services,Citywide Service Solutions Pty Ltd,"$223,343.59",14/06/2027, 
INV294359,Tree management maintenance services,Citywide Service Solutions Pty Ltd,79020.81,20 February 2027,3678
INV294360,Melbourne Town Hall venue management,SHOWTIME EVENT GROUP PTY LTD,95821.85 AUD,26/10/20,3670
INV294361,Vehicle tow away and impound services,Nationwide Towing Services,"$108,815.03",13/01/2026,3585
INV294362,Civil infrastructure services,Citywide Service Solutions P/L,232293.9,20/06/2028,3665
INV294363,Parking technology services,Reino  International  Pty  Ltd  T/A  Duncan  Solutions,213347.03,2028-02-11,3623
INV294364,Tree management maintenance services,Citywide  Service  Solutions  Pty  Ltd,0.2m,26/08/31,3678
INV294365,Tree management maintenance services,Citywide Service Solutions Pty. Ltd.,137565.95 AUD,17/05/2027,3678
INV294366,Vehicle tow away and impound services,nationwide towing services,0.1m,2027-12-17,3585
INV294367,Building cleaning services,Menzies International (Aust) Pty Ltd,101645.78 AUD,02/10/2029, 
INV294368,Building maintenance services,Programmed Facility Management P/L,0.1m,25/07/2027,3630
INV294369,Open spaces management - region 2,SERpO,95025.13,08/02/2026,3677
INV294370,Waste management services,Cleanaway Waste Management Limited,138939.25 AUD,23/08/2026,3556
INV294371,Building maintenance services,Programmed Facility Management Pty Ltd,37692.46,15 July 2027,3630
INV294372,Street cleaning,Spotless Facility Services PtydLtd,"$207,335.23",26/03/2028,3669
INV294373,Civil infrastructure services,Citywide Service Solutions Pty Ltd (AU),0.0m,13/08/2026,3665
INV294374,Parking technology services,ReinoInternationalPtyLtdT/ADuncanSolutions,151600.91,18/08/2029,3623
INV294375,Graffiti management and pressure cleaning services,Calcorp Services P/L,0.0m,2029-01-26,3668
INV294376,Melbourne Town Hall venue management,Showtime  Event  Group  Pty  Ltd,"$46,838.43",25/02/26,3670
INV294377,Graffiti management and pressure cleaning services,CALCORP SERVICES PTY LTD,0.1m,26/04/01,3668
INV294378,Building maintenance services,programmed facility management pty ltd,"$28,836.64",27-Aug-2026,3630
INV294379,Parking technology services,Reino International Pty. Ltd. T/A Duncan Solutions,"$231,778.98",29/05/19, 
INV294380,Civil infrastructure services,Citywide Service Solutions Pty Ltd (AUS),"$125,032.37",18/08/2028,3665
INV294381,Open spaces management - region 2,SERCO,130278.31 AUD,27/07/29,3677
INV294382,Open spaces management - region 2,SERCO,0.0m,27/06/2025,3677
INV294383,Melbourne Town Hall venue management,Showtime Event Group Pty Ltd,0.2m,2028-06-28,3670
INV294384,Parking technology services,REINO INTERNATIONAL PTY LTD T/A DUNCAN SOLUTIONS,82672.72,2028-11-23,3623
INV294385,Integrated security services,National  Protective  Services  Pty  Ltd,107969.73,2028-11-11,3686
INV294386,Melbourne Town Hall venue management,Showtime Event Group Pty. Ltd.,0.0m,2026-06-24,3670
INV294387,Civil infrastructure services,Citywide Service Solutions Pty Ltn,171162.12,24/05/2029,3665
INV294388,Parking technology services,Reino International Pty ,196860.74,2025-08-25,3623
INV294389,Integrated security services,National Protective Services Pty Ltd (AUS),89039.25 AUD,25/08/13,3686
INV294390,Building cleaning services,Menzies International (Aust) Pty Ltd,154061.4 AUD,29/12/10,3634
INV294391,Parking technology services,Reino International Pty Ltd T/A Duncan Solutions (AUS),0.1m,11/09/2026,3623
INV294392,Open spaces management - region 2,serco,80212.25,29 May 2028,3677
INV294393,Integrated security services,National Protective Services Pty Ltd (AUS),68462.94,17/01/2029,3686
INV294394,Vehicle tow away and impound services,NATIONWIDE TOWING SERVICES,157867.97,01/03/2027,3585
INV294395,Building cleaning services,Menzies Intl (Aust) Pty Ltd,"$140,156.19",16/04/2027,3634
INV294396,Parking technology services,Reino International Pty. Ltd. T/A Duncan Solutions,"$196,232.37",2025-03-07,3623
INV294397,Civil infrastructure services,Citywide Service Solutions Pty. Ltd.,"$53,825.45",24-Oct-2029,3665
INV294398,Melbourne Town Hall venue management,Showtime Event Group Pty Ltd,0.2m,30-Dec-2025,3670
INV294399,Parking technology services,Reino International Pty Ltd T/A Duncan Solutions (AUS),"$227,713.36",14 June 2026,3623
INV294400,Melbourne Town Hall venue management,Showtime Event,47090.32 AUD,14/04/2029,3670
INV294401,Integrated security services,National Protective Services Pty. Ltd.,181895.42,23/08/2026,3686
INV294402,Vehicle tow away and impound services,Nationwide Towing Services,237245.56 AUD,25/03/15,3585
INV294403,Tree management maintenance services,Citywide Service Solutions P/L,194617.4,26/07/11,3678
INV294404,Management of Active Melbourne recreation facilities,Victorian YMCA Community Programming Pty Ltd,185488.62 AUD,2028-01-24,3615
INV294405,Building maintenance services,Programmed Facility Management Pty Ltd (AU),"$105,654.7",11/08/2028,3630
INV294406,Civil infrastructure services,Citywide Service Solutions Pty. Ltd.,229123.49 AUD,02/12/2027,3665
INV294407,Waste management services,Cleanaway Waste Management Limited,42818.89,16/09/2027,3556
INV294408,Tree management maintenance services,Citywide Service Solutions Pty Ltd,49485.65,01/08/2027,3678
INV294409,Building maintenance services,Programmed  Facility  Management  Pty  Ltd,229580.92 AUD,04-Dec-2026,3630
INV294410,Graffiti management and pressure cleaning services,CalcorpServicesPtyLtd,"$196,166.71",27/06/02,3668
INV294411,Street cleaning,Spotless  Facility  Services  Pty  Ltd,0.1m,12-Aug-2025,3669
INV294412,Parking technology services,Reino International Pty Ltd T/A Duncan Solutions,109967.16,2028-06-30,3623
INV294413,Street cleaning,Spotless Facility Services Pty Ltd,"$236,733.8",24/05/2025,3669
INV294414,Vehicle tow away and impound services,NATIONWIDE TOWING SERVICES,0.1m,18/12/2029,3585
INV294415,Parking technology services,Reino International Pty Ltd T/A Duncan Solutions,153615.08 AUD,25-Nov-2026,3623
INV294416,Open spaces management - region 1,CITYWIDE SERVICE SOLUTIONS PTY LTD,0.2m,27/04/2029,3676
INV294417,Civil infrastructure services,citywide service solutions pty ltd,190082.69,2028-11-25,3665
INV294418,Waste management services,Cleanaway Waste Management uimited,0.0m,07/07/2027,3556
INV294419,Civil infrastructure services,Citywide Service Solutions Pty Ltd,"$109,380.34",20 November 2028,3665
INV294420,Management of Active Melbourne recreation facilities,Victorian YMCA Community Programming Pty Ltd (AUS),119523.41,26/11/02,3615
INV294421,Waste management services,CleanawayWasteManagementLimited,"$238,396.15",29/09/26,3556
INV294422,Graffiti management and pressure cleaning services,Calcorp Services Pty Ltd,230842.32,27-Sep-2028,3668
INV294423,Parking technology services,Reino International jty Ltd T/A Duncan Solutions,"$205,162.0",28/12/16,3623
INV294424,Civil infrastructure services,citywide service solutions pty ltd,20733.63,27/03/13,3665
INV294425,Open spaces management - region 1,CitywideServiceSolutionsPtyLtd,65127.63,09/10/2028,3676
INV294426,Street cleaning,spotless facility services pty ltd,101482.15,26-Jun-2027,3669
INV294427,Waste management services,cleanaway waste management limited,0.0m,28/12/14,3556
INV294428,Building cleaning services,Menzies  International  (Aust)  Pty  Ltd,27746.12,09/09/2025,3634
INV294429,Graffiti management and pressure cleaning services,Calcorp  Services  Pty  Ltd,171853.47 AUD,14/03/2029,3668
INV294430,Open spaces management - region 1,Citywide  Service  Solutions  Pty  Ltd,"$140,128.92",05 December 2026,3676
INV294431,Parking technology services,Reino International Pty Ltd T/A Duncan Solutions,164312.04,25/06/05, 
INV294432,Waste management services,cleanaway waste management limited,"$13,958.16",22 October 2029,3556
INV294433,Management of Active Melbourne recreation facilities,Victorian YMCA Community Programming Pty. Ltd.,122106.47,2029-05-10,3615
INV294434,Graffiti management and pressure cleaning services,Calcorp Services Pty Ltd,125314.64,03 December 2028,3668
INV294435,Building cleaning services,Menzies,0.1m,25/05/2027,3634
INV294436,Open spaces management - region 2,SERCO,0.1m,28 November 2029,3677
INV294437,Integrated security services,National Protective Services Pty Ltd,119128.23,03/11/2025,3686
INV294438,Waste management services,Cleanaway Waste Management Limited,217505.47 AUD,18 November 2026,3556
INV294439,Management of Active Melbourne recreation facilities,Victorian YMCA Community Programming Pty Ltd (AU),224632.91 AUD,2029-11-20,3615
INV294440,Melbourne Town Hall venue management,Showtime  Event  Group  Pty  Ltd,"$158,545.57",2026-06-05, 
INV294441,Waste management services,CleanawayWasteManagementLimited,0.0m,14-Jan-2029,3556
INV294442,Civil infrastructure services,Citywide Service Solutions Pty. Ltd.,69304.15 AUD,29/02/2028, 
INV294443,Management of Active Melbourne recreation facilities,victorian ymca community programming pty ltd,116092.64,27/06/2028,3615
INV294444,Civil infrastructure services,Citywide Service ,107424.8 AUD,04/02/2029,3665
INV294445,Street cleaning,Spotless Facility,10159.77,03/06/2027,3669
INV294446,Civil infrastructure services,Citywide Service Solutions Pty Ltd (AU),116790.26 AUD,2025-04-20,3665
INV294447,Integrated security services,National Protective Services Pty Ltd,"$19,763.81",12 October 2025,3686
INV294448,Integrated security services,National Protective Services Pty Ltd,0.2m,05/10/2028,3686
INV294449,Management of Active Melbourne recreation facilities,victorian ymca community programming pty ltd,0.0m,2025-06-30,3615
INV294450,Graffiti management and pressure cleaning services,Calcorp  Services  Pty  Ltd,0.1m,27/06/20,3668
INV294451,Management of Active Melbourne recreation facilities,VICTORIAN YMCA COMMUNITY PROGRAMMING PTY LTD,"$43,111.22",2028-12-17,3615
INV294452,Building maintenance services,ProgrammedFacilityManagementPtyLtd,119633.03,18 June 2026,3630
INV294453,Integrated security services,National Protective Services Pty Ltd (AUS),230966.9,26/03/29,3686
INV294454,Vehicle tow away and impound services,NATIONWIDE TOWING SERVICES,"$90,376.82",20 September 2026,3585
INV294455,Management of Active Melbourne recreation facilities,Victorian YMCA Community Programming Pty Ltl,226880.36,14-Apr-2028,3615
INV294456,Building maintenance services,programmed facility management pty ltd,"$109,072.93",07 April 2025,3630
INV294457,Open spaces management - region 1,Citywide Service Solutions Pty Ltd (AU),184229.72,29/05/31,3676
INV294458,Graffiti management and pressure cleaning services,Calcorp  Services  Pty  Ltd,"$97,781.01",2025-11-21,3668
INV294459,Street cleaning,SpotlessFacilityServicesPtyLtd,148687.36,16/10/2028,3669
INV294460,Street cleaning,Spotless Facility Services Pty. Ltd.,0.2m,09/06/2028,3669
INV294461,Street cleaning,Spotless Facility Services Pty Ltd (AU),14959.84 AUD,22 September 2029,3669
INV294462,Building maintenance services,SERCO (AUS),216061.96 AUD,,3677
INV294463,Melbourne Town Hall venue management,Shoutime Event Group Pty Ltd,230930.17 AUD,17/04/2027,3670
INV294464,Building maintenance services,Programmed Facility Management P/L,113934.45,17 October 2026,3630
INV294465,Parking technology services,Reino,"$114,315.9",25/06/24,3623
INV294466,Civil infrastructure services,Citywide Service Solutions Pty Lqd,244085.84 AUD,18/09/2026,3665
INV294467,Management of Active Melbourne recreation facilities,victorian ymca community programming pty ltd,179494.12 AUD,2028-07-28,3615
INV294468,Open spaces management - region 1,Citywide  Service  Solutions  Pty  Ltd,49279.8 AUD,2025-08-01,3676
INV294469,Melbourne Town Hall venue management,Showtime Event Group Pty Ltd (AUS),61874.62,18-Jun-2025,3670
INV294470,Graffiti management and pressure cleaning services,Calcorp Services Pty Ltd,"$4,068.93",13 January 2027,3668
INV294471,Waste management services,Cleanaway Waste Management Limited (AUS),145816.18 AUD,29/01/2027,3556
INV294472,Graffiti management and pressure cleaning services,Calcorp Services P/L,140633.86 AUD,27/06/17,3668
INV294473,Parking technology services,Reino International Pty Ltd T/o Duncan Solutions,84364.59 AUD,25/07/10,3623
INV294474,Building cleaning services,MenziesInternational(Aust)PtyLtd,0.1m,27/11/13,3634
INV294475,Street cleaning,Spotless Facility Services Pty. Ltd.,0.1m,25/11/2026,3669
INV294476,Graffiti management and pressure cleaning services,Calcorp Services Pty Ltd,97076.53,29/02/05,3668
INV294477,Integrated security services,National Protective Services P/L,108960.27,12-Oct-2029,3686
INV294478,Building cleaning services,Menzies International bAust) Pty Ltd,0.2m,29 August 2029,3634
INV294479,Tree management maintenance services,Citywide  Service  Solutions  Pty  Ltd,"$122,424.93",31/03/2025,3678
INV294480,Graffiti management and pressure cleaning services,Calcogp Services Pty Ltd,0.1m,08/02/2028,3668
INV294481,Building maintenance services,Programmed Facility Management Pty Ltd,73986.67,26/04/21,3630
INV294482,Parking technology services,Reino International Pty. Ltd. T/A Duncan Solutions,0.1m,2028-02-26,3623
INV294483,Civil infrastructure services,Citywide Service Solutions Pty Ltd,"$9,584.75",27/06/2029,3665
INV294484,Parking technology services,Reino Int’l Pty Ltd T/A Duncan Solutions,0.2m,06/01/2029,3623
INV294485,Integrated security services,National Protective Services Pty Ltd,"$150,374.78",21/03/2027,3686
INV294486,Open spaces management - region 1,Citywide Service Solutions Pty Ltd (AUS),193565.87 AUD,28/02/2027,3676
INV294487,Building maintenance services,Programmed Facility Management Pty Ltd,"$74,726.52",10-Dec-2025,3630
INV294488,Building cleaning services,menzies international (aust) pty ltd,126595.34,23-Dec-2026,3634
INV294489,Street cleaning,Spotlesy Facility Services Pty Ltd,"$76,975.47",09/10/2025,3669
INV294490,Civil infrastructure services,Citywide  Service  Solutions  Pty  Ltd,"$175,640.97",02 June 2029,3665
INV294491,Waste management services,Cleanaway Waste Management Limited (AU),75974.47,18 July 2029,3556
INV294492,Building cleaning services,Menzies Intl (Aust) Pty Ltd,50935.81,27 September 2026,3634
INV294493,Vehicle tow away and impound services,Nationwide Towing Services (AUS),137257.0,16 April 2025,3585
INV294494,Building cleaning services,MENZIES INTERNATIONAL (AUST) PTY LTD,0.2m,2028-12-01,3634
INV294495,Melbourne Town Hall venue management,Showtime Event Group Pty Ltd,211744.53 AUD,17 September 2025,3670
INV294496,Street cleaning,Spotless Facility,"$163,511.68",03 October 2027,3669
INV294497,Tree management maintenance services,CitywideServiceSolutionsPtyLtd,0.0m,18-Nov-2027, 
INV294498,Integrated security services,national protective services pty ltd,161384.85,24-Dec-2025,3686
INV294499,Building cleaning services,Menzies International (Aust) Pty Ltd,7505.37 AUD,24/01/2026,3634
INV294500,Open spaces management - region 1,CitywideServiceSolutionsPtyLtd,0.0m,29/12/08,3676
INV294501,Building cleaning services,Menzies  International  (Aust)  Pty  Ltd,"$108,634.88",2026-09-01,3634
INV294502,Tree management maintenance services,CitywideServiceSolutionsPtyLtd,125165.42 AUD,15 January 2027,3678
INV294503,Building cleaning services,Menzies Int’l (Aust) Pty Ltd,221774.84,11-Jan-2027,3634
INV294504,Integrated security services,National,58140.31,27/02/22,3686
INV294505,Vehicle tow away and impound services,Nationwide Towing Services (AU),136373.12,29/09/15,3585
INV294506,Vehicle tow away and impound services,NATIONWIDE TOWING SERVICES,0.0m,07/07/2028,3585
INV294507,Open spaces management - region 2,SERCO,130228.48,26/01/09,3677
INV294508,Graffiti management and pressure cleaning services,calcorp services pty ltd,93261.83 AUD,12/01/2028, 
INV294509,Building cleaning services,menzies international (aust) pty ltd,"$60,816.9",07 August 2025,3634
INV294510,Waste management services,Cleanaway Waste Management Limited (AUS),0.0m,19 July 2026,3556
INV294511,Management of Active Melbourne recreation facilities,Victorian YMCA Community Programming Pty Ltd,74307.2 AUD,23-Jun-2027,3615
INV294512,Vehicle tow away and impound services,Nationwide Towing Services,7848.45,27/08/02,3585
INV294513,Graffiti management and pressure cleaning services,Calcorp Services Pty Ltd (AUS),152193.93,27/05/25,3668
INV294514,Management of Active Melbourne recreation facilities,VICTORIAN YMCA COMMUNITY PROGRAMMING PTY LTD,246116.22 AUD,26/04/16,3615
INV294515,Melbourne Town Hall venue management,Showtime  Event  Group  Pty  Ltd,45184.87 AUD,2026-10-22,3670
INV294516,Parking technology services,CITYWIDE SERVICE SOLUTIONS PTY LTD,188485.72,22/12/2029,3678
INV294517,Building maintenance services,Programmed Facility,225835.37,13 May 2028,3630
INV294518,Open spaces management - region 1,CitywideServiceSolutionsPtyLtd,65425.2,28-Aug-2026,3676
INV294519,Civil infrastructure services,Citywide Service Solutions Pty Ltd (AU),197186.17,10/12/2025,3665
INV294520,Waste management services,Cleanaway Waste Management Limited (AUS),150419.12,28 February 2028,3556
INV294521,Building maintenance services,ProgrammedFacilityManagementPtyLtd,52102.5,2027-11-22,3630
INV294522,Building maintenance services,Programmed Facility Management Pty. Ltd.,"$122,598.65",2028-04-16,3630
INV294523,Parking technology services,ReinoInternationalPtyLtdT/ADuncanSolutions,150157.71 AUD,2029-12-26,3623
INV294524,Integrated security services,NationalProtectiveServicesPtyLtd,0.1m,03 May 2026,3686
INV294525,Building maintenance services,Programmed Facility,"$30,079.23",19/11/2025,3630
INV294526,Management of Active Melbourne recreation facilities,Victorian,164593.1,04 October 2025,3615
INV294527,Building maintenance services,Programmed  Facility  Management  Pty  Ltd,3306.63,2025-03-13,3630
INV294528,Vehicle tow away and impound services,NATIONWIDE TOWING SERVICES,63131.4,24/09/2029,3585
INV294529,Building maintenance services,Programmed  Facility  Management  Pty  Ltd,182891.72 AUD,02/05/2029,3630
INV294530,Open spaces management - region 1,CITYWIDE SERVICE SOLUTIONS PTY LTD,240650.67 AUD,17/06/2028,3676
INV294531,Integrated security services,National Protective Services P/L,158762.75,22-May-2028,3686
INV294532,Graffiti management and pressure cleaning services,calcorp services pty ltd,"$58,886.5",11/04/2026,3668
INV294533,Parking technology services,Reino International Pty. Ltd. T/A Duncan Solutions,"$33,618.23",11-Sep-2028,3623
INV294534,Melbourne Town Hall venue management,ShowtimeEventGroupPtyLtd,244822.37,10/07/2029,3670
INV294535,Tree management maintenance services,Citywide  Service  Solutions  Pty  Ltd,27931.4 AUD,2028-01-05, 
INV294536,Open spaces management - region 2,SERCO,44792.18,25/05/26,3677
INV294537,Tree management maintenance services,Citywide Service Solutions Pty. Ltd.,76785.22,21/06/2028,3678
INV294538,Open spaces management - region 1,Citywide Service Solutions Pty Ltd,56229.63 AUD,16/11/2027,3676
INV294539,Waste management services,Cleanaway Waite Management Limited,158173.68,29/02/11,3556
INV294540,Tree management maintenance services,CITYWIDE SERVICE SOLUTIONS PTY LTD,36955.82,28/08/30,3678
INV294541,Civil infrastructure services,Citywide Service Solutions Pty Ltd,93477.93,18/06/2025,3665
INV294542,Open spaces management - region 2,serco,"$158,987.7",30/05/2025,3677
INV294543,Waste management services,Cleanaway Waste M,174394.22,29 September 2029,3556
INV294544,Tree management maintenance services,Citywide Service Solutions Pty Ltd (AUS),"$119,445.1",2028-04-08, 
INV294545,Management of Active Melbourne recreation facilities,VictorianYMCACommunityProgrammingPtyLtd,"$14,142.41",16/07/2027,3615
INV294546,Civil infrastructure services,Citywide Service Solutjons Pty Ltd,0.1m,17-Oct-2028,3665
INV294547,Building maintenance services,Programmed Facility Management Pty Ltd,0.1m,23-May-2028, 
INV294548,Integrated security services,national protective services pty ltd,0.1m,20/08/2028,3686
INV294549,Vehicle tow away and impound services,nationwide towing services,0.0m,2028-10-01,3585
INV294550,Building cleaning services,Menzies,33112.19 AUD,10-Oct-2028,3634
INV294551,Vehicle tow away and impound services,Nationwide Towing Services,"$187,242.15",30/10/2029,3585
INV294552,Melbourne Town Hall venue management,Showtime Event Group Pty Ltd,198417.94,21/10/2028,3670
INV294553,Waste management services,CLEANAWAY WASTE MANAGEMENT LIMITED,31772.53,17 February 2027,3556
INV294554,Melbourne Town Hall venue management,Showtime Event,"$98,284.03",2025-09-09, 
INV294555,Tree management maintenance services,Citywide Service Solutions Pty. Ltd.,157310.55,03-Nov-2029,3678
INV294556,Management of Active Melbourne recreation facilities,victorian ymca community programming pty ltd,165080.95,25/05/16,3615
INV294557,Open spaces management - region 1,Citywide Service Solutions P/L,141007.7,03-Aug-2027,3676
INV294558,Civil infrastructure services,CitywideServiceSolutionsPtyLtd,0.0m,28/01/13,3665
INV294559,Street cleaning,Spotless  Facility  Services  Pty  Ltd,182282.45,20/07/2026,3669
INV294560,Open spaces management - region 1,Citywide Service Solutions Pty Ltd,14408.05,19-Aug-2028,3676
INV294561,Management of Active Melbourne recreation facilities,VictorianYMCACommunityProgrammingPtyLtd,137493.72,24/03/2027,3615
INV294562,Vehicle tow away and impound services,Nationwide Towing Services,"$175,932.74",23-Oct-2025,3585
INV294563,Open spaces management - region 1,Citywide Service Solutions Pty Ltd (AUS),182981.31,25/06/2027,3676
INV294564,Graffiti management and pressure cleaning services,Calcorp Services Pty Ltd (AUS),109772.73,10-Mar-2028,3668
INV294565,Melbourne Town Hall venue management,Showtime Event Group Pty Ltd,192838.64 AUD,01/06/2025,3670
INV294566,Waste management services,Cleanaway,241165.42 AUD,12 September 2028,3556
INV294567,Open spaces management - region 2,SvRCO,159186.26 AUD,2027-11-15,3677
INV294568,Tree management maintenance services,Citywide Service Solutiobs Pty Ltd,166684.68 AUD,15/05/2026, 
INV294569,Civil infrastructure services,Citywide wervice Solutions Pty Ltd,87567.28,29 October 2026,3665
INV294570,Open spaces management - region 1,CitywideServiceSolutionsPtyLtd,232200.81 AUD,25/03/04,3676
INV294571,Civil infrastructure services,Citywide Service Solutions Pty Ltd,21695.72 AUD,06/11/2028,3665
INV294572,Tree management maintenance services,Citywide Service Solutions P/L,180375.55,,3678
INV294573,Building maintenance services,Programmed Facility Management Pty Ltd (AU),"$197,387.65",03/04/2028,3630
INV294574,Vehicle tow away and impound services,Nationwide  Towing  Services,"$139,631.52",10/03/2027,3585
INV294575,Building maintenance services,Programmed Facility Mgmt Pty Ltd,"$221,353.6",19 January 2028,3630
INV294576,Vehicle tow away and impound services,nationwide towing services,"$59,675.55",10 April 2029,3585
INV294577,Melbourne Town Hall venue management,showtime event group pty ltd,89972.37,15 October 2025,3670
INV294578,Waste management services,Cleanaway Waste Management Limited,0.0m,2028-04-19,3556
INV294579,Graffiti management and pressure cleaning services,Calcorp Serv,56051.17,22 December 2029,3668
INV294580,Vehicle tow away and impound services,NationwideTowingServices,227270.15 AUD,18/04/2026,3585
INV294581,Parking technology services,Reino International Pty. Ltd. T/A Duncan Solutions,169233.69,11/09/2025, 
INV294582,Open spaces management - region 1,citywide service solutions pty ltd,"$201,943.98",16/03/2027,3676
INV294583,Building cleaning services,Menzies Internationall(Aust) Pty Ltd,64454.31,2027-12-06,3634
INV294584,Street cleaning,Spotless Facility Services Pty Ltd,113289.09 AUD,27-Jul-2026,3669
INV294585,Management of Active Melbourne recreation facilities,VICTORIAN YMCA COMMUNITY PROGRAMMING PTY LTD,190761.34,21 July 2029,3615
INV294586,Parking technology services,Reino International Pty Ltd T/A Duncan Solutions,243318.4,01/02/2026,3623
INV294587,Open spaces management - region 1,Citywide Service Solutions Pty Ltd (AUS),3983.08,24/06/2028,3676
INV294588,Open spaces management - region 1,Showtime Event Group Pty Ltd,0.1m,04/08/2026,3670
INV294589,Building cleaning services,Menzies International (Aust) Pty. Ltd.,0.2m,02/08/2027,3634
INV294590,Open spaces management - region 2,SERCO (AUS),"$41,732.39",08 May 2026,3677
INV294591,Building maintenance services,Programmed  Facility  Management  Pty  Ltd,130820.81 AUD,24/10/2025,3630
INV294592,Melbourne Town Hall venue management,Showtime Event,81509.26,13/08/2029,3670
INV294593,Building cleaning services,Menzies Int’l (Aust) Pty Ltd,0.0m,29 March 2026,3634
INV294594,Melbourne Town Hall venue management,Showtime Event Group Pty Ltd,"$104,855.91",18 March 2028,3670
INV294595,Management of Active Melbourne recreation facilities,Victorian YMCA Community Programming Pty Ltd,2746.94,26/11/2026,3615
INV294596,Open spaces management - region 2,SERCO (AUS),"$86,085.18",27-Mar-2028,3677
INV294597,Building cleaning services,Menzies  International  (Aust)  Pty  Ltd,185714.94 AUD,23/08/2027,3634
INV294598,Integrated security services,NationalProtectiveServicesPtyLtd,138755.51,31/05/2027,3686
INV294599,Open spaces management - region 1,Programmed Facility Management Pty Ltd (AUS),0.0m,09-Mar-2028,3630
INV294600,Building maintenance services,Programmed  Facility  Management  Pty  Ltd,216250.44,2026-05-23,3630
INV294601,Melbourne Town Hall venue management,Showtime Event Group P/L,"$124,769.9",25 January 2029,3670
INV294602,Civil infrastructure services,Citywide Service Solutions P/L,240280.58,2029-10-12,3665
INV294603,Vehicle tow away and impound services,Nationwide Towing Services,184430.71,04-Mar-2027,3585
INV294604,Management of Active Melbourne recreation facilities,Victorian  YMCA  Community  Programming  Pty  Ltd,170312.64 AUD,15/09/2026,3615
INV294605,Waste management services,Cleanaway Waste Management Limited,160096.44 AUD,30 May 2027,3556
INV294606,Open spaces management - region 2,SERCO (AU),206844.05,23 December 2025,3677
INV294607,Vehicle tow away and impound services,Nationwide Towing Services,,2027-10-04,3585
INV294608,Street cleaning,Spotless Facility Servicos Pty Ltd,235353.61 AUD,29-Oct-2025,3669
INV294609,Building maintenance services,Programmed Facility Management Pty Ltd,"$243,247.88",23-Jan-2025,3630
INV294610,Building maintenance services,Programmed Facility Management Pty Ltd (AU),23089.57 AUD,21/07/2025,3630
INV294611,Integrated security services,National Protective Services Pty. Ltd.,"$212,698.93",10/08/2028, 
INV294612,Tree management maintenance services,Citywide Service Solutions Pty. Ltd.,199675.14,24-Oct-2025,3678
INV294613,Building maintenance services,Programmed Facility Management Pty Ltd,,30/01/2026,3630
INV294614,Waste management services,Cleanaway Waste Management Limited,64675.0,27/05/18,3556
INV294615,Street cleaning,Spotless Facility Services Pty Ltd (AUS),165721.47,28/01/03,3669
INV294616,Parking technology services,Reino International Pty ,"$119,639.89",29/02/05,3623
INV294617,Integrated security services,national protective services pty ltd,224152.58,04/07/2027,3686
INV294618,Building cleaning services,Menzies  International  (Aust)  Pty  Ltd,"$135,796.37",2025-04-02,3634
INV294619,Open spaces management - region 1,Citywide Service ,"$2,617.38",05/01/2026,3676
INV294620,Management of Active Melbourne recreation facilities,Victorian YMCA Community Programming Pty. Ltd.,"$12,386.37",26/04/16,3615
INV294621,Building cleaning services,MenziesInternational(Aust)PtyLtd,0.2m,10 September 2029,3634
INV294622,Management of Active Melbourne recreation facilities,VictorianYMCACommunityProgrammingPtyLtd,120938.01,26/10/02,3615
INV294623,Integrated security services,NationalProtectiveServicesPtyLtd,"$116,145.82",21 May 2026,3686
INV294624,Building cleaning services,Menzies International (Aust) Pty. Ltd.,204698.42,04 February 2026,3634
INV294625,Management of Active Melbourne recreation facilities,Victorian YMCA Community Programming Pty. Ltd.,30455.9,04 December 2029,3615
INV294626,Open spaces management - region 1,CitywideServiceSolutionsPtyLtd,98057.96,31/12/2029,3676
INV294627,Building maintenance services,Programmed Facility Management Pty Ltd,239320.22 AUD,07/06/2026,3630
INV294628,Building cleaning services,Menzies International (Aust) Pty Ltd (AU),"$224,727.42",25/05/28,3634
INV294629,Building maintenance services,Programmed Facility Management Pty Ltd,178735.65,21 July 2028,3630
INV294630,Street cleaning,Spotless Facility Services Pty Ltd,67934.07,13-Jun-2027,3669
INV294631,Waste management services,Cleanaway Waste Management Limited (AUS),102777.89,15/08/2027,3556
INV294632,Building maintenance services,Programmed  Facility  Management  Pty  Ltd,"$210,881.12",,3630
INV294633,Building maintenance services,programmed facility management pty ltd,59497.06 AUD,2026-09-11,3630
INV294634,Building cleaning services,Menzies Intl (Aust) Pty Ltd,208846.99 AUD,2026-03-11,3634
INV294635,Open spaces management - region 2,SERCO,"$138,871.02",01 October 2027,3677
INV294636,Civil infrastructure services,Cityfide Service Solutions Pty Ltd,"$107,410.58",11-Aug-2029,3665
INV294637,Management of Active Melbourne recreation facilities,Victorian YMCA Community Programming Pty Ltd (AUS),"$244,666.38",26/01/30,3615
INV294638,Parking technology services,Reino  International  Pty  Ltd  T/A  Duncan  Solutions,214653.43,17/06/2028,3623
INV294639,Management of Active Melbourne recreation facilities,Victorian YMCA Community Programming Pty Ltd (AU),244292.14 AUD,17/10/2026,3615
INV294640,Building cleaning services,Menzies Internatio,72855.83,13-Jun-2029,3634
INV294641,Street cleaning,SpotlessFacilityServicesPtyLtd,"$167,424.15",28/09/10,3669
INV294642,Building cleaning services,Menzies International (Aust) Pty Ltd,148959.66,12/11/2029,3634
INV294643,Integrated security services,National Protective Services Pty Ltd,45007.05,01/09/2027,3686
INV294644,Melbourne Town Hall venue management,ShowtimeEventGroupPtyLtd,0.2m,29/04/28,3670
INV294645,Tree management maintenance services,Citywide  Service  Solutions  Pty  Ltd,"$215,332.89",2028-03-08,3678
INV294646,Building cleaning services,Menzies Int’l (Aust) Pty Ltd,"$104,830.73",27-Aug-2029,3634
INV294647,Civil infrastructure services,Citywide Service Solutions Pty Ltd,"$138,395.02",2029-09-17,3665
INV294648,Building maintenance services,Programmed  Facility  Management  Pty  Ltd,106218.02,25/05/07,3630
INV294649,Civil infrastructure services,citywide service solutions pty ltd,224038.59 AUD,06 October 2029,3665
INV294650,Integrated security services,CITYWIDE SERVICE SOLUTIONS PTY LTD,145044.1,30 January 2027,3676
INV294651,Waste management services,Cleanaway Waste Management Limited,223073.28,24/01/2026,3556
INV294652,Graffiti management and pressure cleaning services,Calcorp Services Pty Ltw,"$138,378.66",2026-11-10,3668
INV294653,Open spaces management - region 2,SERCO,90054.05,12/10/2027,3677
INV294654,Civil infrastructure services,Citywide  Service  Solutions  Pty  Ltd,130294.58,21 October 2028,3665
INV294655,Melbourne Town Hall venue management,Showtime Event Group Pty Ltd (AU),65409.65,15 July 2028,3670
INV294656,Management of Active Melbourne recreation facilities,Victorian YMCA Community Programming Pty. Ltd.,200184.19,2029-07-09,3615
INV294657,Management of Active Melbourne recreation facilities,VictorianYMCACommunityProgrammingPtyLtd,234047.03,2028-07-15, 
INV294658,Civil infrastructure services,Citywide Service Solutions P/L,0.0m,13-Aug-2028,3665
INV294659,Civil infrastructure services,Citywide  Service  Solutions  Pty  Ltd,0.2m,27/01/07,3665
INV294660,Parking technology services,Reino International Pty Ltd T/A Duncan Solutions,6991.92 AUD,18/08/2027,3623
INV294661,Melbourne Town Hall venue management,Showtime Event Group Pty Ltd,"$117,051.14",10 April 2028,3670
INV294662,Civil infrastructure services,Menzies  International  (Aust)  Pty  Ltd,"$7,124.77",07 October 2029,3634
INV294663,Parking technology services,Reino Int’l Pty Ltd T/A Duncan Solutions,0.1m,20/02/2028,3623
INV294664,Vehicle tow away and impound services,NATIONWIDE TOWING SERVICES,"$155,936.94",20/05/2028, 
INV294665,Integrated security services,National,"$188,950.59",21/01/2027,3686
INV294666,Graffiti management and pressure cleaning services,CalcorpServicesPtyLtd,"$200,091.39",24/06/2025,3668
INV294667,Building cleaning services,Menzies Intl (Aust) Pty Ltd,5306.69 AUD,08/04/2026,3634
INV294668,Graffiti management and pressure cleaning services,Calcorp Services Pty. Ltd.,0.2m,10-Feb-2028,3668
INV294669,Management of Active Melbourne recreation facilities,Victorian YMCA Community Programming Pty. Ltd.,137225.73,21/07/2029, 
INV294670,Management of Active Melbourne recreation facilities,Victorian Ymca Community Programming Pty Ltd,0.0m,2025-09-01,3615
INV294671,Open spaces management - region 2,SERCO,55764.13 AUD,23/08/2026,3677
INV294672,Melbourne Town Hall venue management,Showtime  Event  Group  Pty  Ltd,106317.39,12-Apr-2028,3670
INV294673,Building maintenance services,SERCO,0.2m,17/09/2029,3677
INV294674,Building cleaning services,Menzies  International  (Aust)  Pty  Ltd,181806.22,27/10/15,3634
INV294675,Building cleaning services,Menzies Int’l (Aust) Pty Ltd,105685.82,17-Mar-2028,3634
INV294676,Melbourne Town Hall venue management,Showtime Event Group Pty Ltd,0.1m,05/04/2029,3670
INV294677,Graffiti management and pressure cleaning services,Calcorp Services Pty Ltd (AUS),187999.96,2027-10-01,3668
INV294678,Open spaces management - region 2,Serco,61551.24 AUD,27/11/2029,3677
INV294679,Civil infrastructure services,Citywide Service Solutions Pty Ltd (AUS),,25/07/30,3665
INV294680,Open spaces management - region 1,CitywideServiceSolutionsPtyLtd,67985.71,25/10/15,3676
INV294681,Open spaces management - region 2,SEReO,0.1m,26/05/31,3677
INV294682,Vehicle tow away and impound services,Nationwide Towing Services,92113.5,19 June 2025,3585
INV294683,Open spaces management - region 1,Citywide Service Solutions Pty Ltd (AU),"$248,073.47",08 February 2027,3676
INV294684,Melbourne Town Hall venue management,ShowtimeEventGroupPtyLtd,91466.44,31-Jul-2028,3670
INV294685,Parking technology services,Reino International Pty Ltd T/A Duncan Solutions,64977.11 AUD,2025-08-09,3623
INV294686,Management of Active Melbourne recreation facilities,Victorian YMCA Community Programming Pty. Ltd.,211146.9 AUD,29-Jul-2028,3615
INV294687,Integrated security services,National Protectiv,"$37,327.32",18/11/2029,3686
INV294688,Open spaces management - region 1,Citywide Service Solutions Pty Ltd (AU),0.2m,04 December 2025,3676
INV294689,Parking technology services,ReinoInternationalPtyLtdT/ADuncanSolutions,215267.52,30 June 2027,3623
INV294690,Waste management services,Citywide Service ,217139.14,27/02/11, 
INV294691,Civil infrastructure services,Citywide Service Solutions Pty Ltd,0.1m,2027-01-25,3665
INV294692,Tree management maintenance services,Spotless Facility Services Pty Ltd,200736.69,04-Apr-2029,3669
INV294693,Vehicle tow away and impound services,Nationwide Towing Services (AUS),"$101,118.71",2025-08-24,3585
INV294694,Civil infrastructure services,Citywide Service Solutions Pty Ltd,0.1m,17-Jul-2025,3665
INV294695,Integrated security services,National Protective Services P/L,0.1m,29/01/13,3686
INV294696,Management of Active Melbourne recreation facilities,Victorian,223595.12,17/12/2028,3615
INV294697,Street cleaning,Spotless Facility Services Pty Ltd,0.0m,17/08/2026,3669
INV294698,Civil infrastructure services,Citywide Service Solutions Pty Ltd (AU),"$70,854.07",28/09/21,3665
INV294699,Open spaces management - region 1,Citywide Service Solutions Pty Ltd (AUS),193054.71 AUD,2026-05-23,3676
INV294700,Integrated security services,National Protective Services Pty Ltd (AUS),37276.25,28/02/19,3686
INV294701,Vehicle tow away and impound services,Nationwide Towing Services,"$237,457.05",26/04/2025,3585
INV294702,Civil infrastructure services,Citywide Service Solutions Pty Ltd,34868.5,29 April 2029,3665
INV294703,Vehicle tow away and impound services,Nationwide Towing Services,"$159,881.99",11/01/2029,3585
INV294704,Open spaces management - region 1,Citywide  Service  Solutions  Pty  Ltd,204933.06,25/07/04,3676
INV294705,Integrated security services,National Protective Services Pty Ltd (AU),245236.25,27/03/04,3686
INV294706,Open spaces management - region 2,SERCO (AUS),156386.45 AUD,12/08/2028,3677
INV294707,Graffiti management and pressure cleaning services,Calcorp Services Pty. Ltd.,0.1m,2025-11-19,3668
INV294708,Management of Active Melbourne recreation facilities,Victorian  YMCA  Community  Programming  Pty  Ltd,163101.01,2027-06-11,3615
INV294709,Melbourne Town Hall venue management,Showtime  Event  Group  Pty  Ltd,"$187,622.73",25/10/27,3670
INV294710,Graffiti management and pressure cleaning services,Calcorp Services Pty Ltd,141100.98,01/12/2025,3668
INV294711,Building cleaning services,MenziesInternational(Aust)PtyLtd,0.2m,10 November 2025,3634
INV294712,Open spaces management - region 2,Serco,54504.66 AUD,06-May-2027,3677
INV294713,Parking technology services,Reino Intl Pty Ltd T/A Duncan Solutions,121803.66 AUD,2026-06-22,3623
INV294714,Melbourne Town Hall venue management,Showtime Event,38028.64,08/05/2026,3670
INV294715,Building cleaning services,Menzies International (Aust) Pty Ltd,248844.4,02 July 2028,3634
INV294716,Vehicle tow away and impound services,NationwideTowingServices,81826.78,25/02/2025,3585
INV294717,Waste management services,CLEANAWAY WASTE MANAGEMENT LIMITED,206252.48,22 April 2026,3556
INV294718,Building cleaning services,Menzies,0.1m,01 November 2025,3634
INV294719,Parking technology services,Reino International Pty Ltd T/A Duncan Solutions (AUS),132602.7 AUD,12/11/2028,3623
INV294720,Open spaces management - region 1,Victorian  YMCA  Community  Programming  Pty  Ltd,0.1m,24/01/2029,3615
INV294721,Graffiti management and pressure cleaning services,Calcorp Services Pty. Ltd.,161921.1 AUD,02/03/2029,3668
INV294722,Vehicle tow away and impound services,Nationwide Towing Services (AUS),41832.46,26/07/20,3585
INV294723,Vehicle tow away and impound services,SHOWTIME EVENT GROUP PTY LTD,114066.3,03-May-2027,3670
INV294724,Open spaces management - region 2,SERCO (AUS),33328.18,2028-10-13,3677
INV294725,Open spaces management - region 2,SERCO,246659.17 AUD,24/05/2026,3677
INV294726,Building maintenance services,Programmed Facility Mgmt Pty Ltd,"$247,054.19",26-Oct-2028,3630
INV294727,Building maintenance services,Programmed Facility Management Pty Ltd (AU),118621.2 AUD,23/12/2029,3630
INV294728,Civil infrastructure services,CITYWIDE SERVICE SOLUTIONS PTY LTD,"$197,251.88",25/04/27,3665
INV294729,Open spaces management - region 1,Citywide,164955.82 AUD,11/03/2029,3676
INV294730,Management of Active Melbourne recreation facilities,Victorian,"$184,730.74",17/03/2028,3615
INV294731,Integrated security services,NationalProtectiveServicesPtyLtd,"$4,685.72",08/11/2026,3686
INV294732,Waste management services,Cleanaway Waste M,209223.96,27/03/26,3556
INV294733,Management of Active Melbourne recreation facilities,Victorian YMCA Community Programming Pty Ltd (AUS),"$56,197.52",17/08/2028,3615
INV294734,Parking technology services,REINO INTERNATIONAL PTY LTD T/A DUNCAN SOLUTIONS,24287.2 AUD,04/04/2026,3623
INV294735,Tree management maintenance services,CitywideServiceSolutionsPtyLtd,214486.0,03 November 2025,3678
INV294736,Tree management maintenance services,Citywide Service Solutions Pty Ltd,218226.35,26/11/26,3678
INV294737,Management of Active Melbourne recreation facilities,Victorian,0.0m,21-Oct-2028,3615
INV294738,Street cleaning,Spotless Facility Services Pty Ltd,0.0m,2029-09-30,3669
INV294739,Management of Active Melbourne recreation facilities,Victorian YMCA Community Programming Pty Ltd,42428.93,12/06/2026,3615
INV294740,Open spaces management - region 1,Citywide Service ,88551.22 AUD,27/06/2025,3676
INV294741,Parking technology services,Reino,"$181,741.59",06/12/2026,3623
INV294742,Tree management maintenance services,Citywide Service ,152093.02 AUD,14 April 2028,3678
INV294743,Building maintenance services,Programmed Facility,33686.7,05/09/2025,3630
INV294744,Building cleaning services,Menzies,0.2m,26/02/09, 
INV294745,Open spaces management - region 2,SERxO,22672.6 AUD,21/05/2025,3677
INV294746,Parking technology services,Reino,0.0m,04 September 2029, 
INV294747,Open spaces management - region 2,SERCO,248726.56 AUD,2025-09-14,3677
INV294748,Management of Active Melbourne recreation facilities,VictorianYMCACommunityProgrammingPtyLtd,97750.83,13/02/2027,3615
INV294749,Waste management services,Cleanaway Waste Mgmt Limited,205395.44,29/02/09,3556
INV294750,Integrated security services,NationalProtectiveServicesPtyLtd,0.2m,2027-04-01,3686
INV294751,Graffiti management and pressure cleaning services,Calcorp Services Pty Ltd,"$105,031.47",04-Feb-2026,3668
INV294752,Vehicle tow away and impound services,Nationwide Towing Services (AUS),"$182,759.75",27/03/05,3585
INV294753,Graffiti management and pressure cleaning services,Calcorp Services Pty Ltd,123621.3 AUD,28 July 2025,3668
INV294754,Building cleaning services,menzies international (aust) pty ltd,165955.61,15/04/2028,3634
INV294755,Graffiti management and pressure cleaning services,CALCORP SERVICES PTY LTD,239226.99 AUD,21-Oct-2028, 
INV294756,Integrated security services,National Protective Services P/L,50499.35 AUD,25/03/11,3686
INV294757,Open spaces management - region 2,SERCj,246633.57,22/07/2025,3677
INV294758,Tree management maintenance services,Citywide Service Solutions Pty Ltd,128738.55,2027-07-04,3678
INV294759,Building cleaning services,Menzies Intl (Aust) Pty Ltd,"$116,792.47",07-Dec-2027,3634
INV294760,Building cleaning services,Menzies International (Aust) Ptb Ltd,150133.59,29/03/12,3634
INV294761,Parking technology services,Reino International Pty Ltd T/A Duncan Solutions (AU),"$160,787.44",02/05/2029,3623
INV294762,Open spaces management - region 1,CitywideServiceSolutionsPtyLtd,113909.04,16-Jun-2028,3676
INV294763,Melbourne Town Hall venue management,Showtime Event Group Pty Ltd,146232.72 AUD,28/04/10,3670
INV294764,Civil infrastructure services,citywide service solutions pty ltd,0.2m,06 December 2025,3665
INV294765,Open spaces management - region 1,Nationwide  Towing  Services,159213.73 AUD,20-Jun-2029,3585
INV294766,Vehicle tow away and impound services,Nationwide Towing Services,0.1m,26/05/09,3585
INV294767,Management of Active Melbourne recreation facilities,Victorian YMCA Community Programming P/L,0.0m,01-Dec-2028,3615
INV294768,Building cleaning services,Menzies International (Aust) P/L,0.2m,21-Feb-2029,3634
INV294769,Integrated security services,National Protective Services Pty. Ltd.,"$141,172.54",06-Apr-2028,3686
INV294770,Building maintenance services,Programmed Facility Management Pty Ltd,62448.97,16-Mar-2029,3630
INV294771,Melbourne Town Hall venue management,Showtime Event Group P/L,248543.82 AUD,07-Feb-2028,3670
INV294772,Integrated security services,National Protective Services Pty Ltd (AUS),"$8,639.27",23/06/2025, 
INV294773,Street cleaning,spotless facility services pty ltd,"$115,462.17",04/11/2026,3669
INV294774,Vehicle tow away and impound services,nationwide towing services,"$152,965.11",28/04/2028,3585
INV294775,Management of Active Melbourne recreation facilities,Victorian YMCA Community Programming Pty Ltd,151252.77,2025-11-13,3615
INV294776,Building cleaning services,Menzies International (Aust) Pty Ltd (AUS),"$95,440.54",01 March 2028,3634
INV294777,Building cleaning services,Menzies Int’l (Aust) Pty Ltd,210729.51,13/11/2028,3634
INV294778,Open spaces management - region 2,SERCO,0.1m,14/04/2026,3677
INV294779,Open spaces management - region 1,CITYWIDE SERVICE SOLUTIONS PTY LTD,42603.33,2025-01-14,3676
INV294780,Melbourne Town Hall venue management,Showtime Event Group Pty Ltd,"$149,570.18",2028-05-13,3670
INV294781,Street cleaning,Spotless Facility Services Pty Ltd (AU),139745.42,07-Nov-2026,3669
INV294782,Melbourne Town Hall venue management,Showtime Event Group Pty. Ltd.,242584.1 AUD,19/11/2026,3670
INV294783,Waste management services,Cleanaway Waste Management Limited (AU),172309.9,09/04/2029,3556
INV294784,Civil infrastructure services,Citywide Service ,181001.36,2028-01-08,3665
INV294785,Vehicle tow away and impound services,Nationwide Towing Services (AU),"$37,900.12",27 November 2029,3585
INV294786,Waste management services,CLEANAWAY WASTE MANAGEMENT LIMITED,88644.46 AUD,22-Mar-2027,3556
INV294787,Open spaces management - region 2,SERCO (AU),207488.7,28/01/29,3677
INV294788,Building maintenance services,Programmed Facility Management Pty Ltd,53173.66,28/06/22,3630
INV294789,Street cleaning,Spotless Facility Services Pty. Ltd.,55515.37,29/06/08, 
INV294790,Integrated security services,National Protective Services Pty Ltd (AUS),$939.01,14-Apr-2026,3686
INV294791,Tree management maintenance services,Citywide  Service  Solutions  Pty  Ltd,167196.39 AUD,27/08/18,3678
INV294792,Integrated security services,National  Protective  Services  Pty  Ltd,168298.27,22-Oct-2027,3686
INV294793,Waste management services,Cleanaway Waste Management Limited,151114.61,28/04/03, 
INV294794,Melbourne Town Hall venue management,Showtime Event,0.2m,2028-09-23,3670
INV294795,Vehicle tow away and impound services,NationwideTowingServices,29205.19,10/06/2025, 
INV294796,Parking technology services,Reino International Pty Ltd T/A Duncan Solutions,55241.05,21/08/2029,3623
INV294797,Open spaces management - region 2,SERCO (AUS),29814.8,27/09/20,3677
INV294798,Tree management maintenance services,citywide service solutions pty ltd,0.2m,08/09/2026,3678
INV294799,Waste management services,CLEANAWAY WASTE MANAGEMENT LIMITED,186061.11,21 October 2028,3556
INV294800,Parking technology services,Reino Int’l Pty Ltd T/A Duncan Solutions,,2027-09-17,3623
INV294801,Building maintenance services,Prograomed Facility Management Pty Ltd,"$67,543.03",24-Jul-2028,3630
INV294802,Street cleaning,Spotless  Facility  Services  Pty  Ltd,23728.56,23-Oct-2029,3669
INV294803,Tree management maintenance services,CitywideServiceSolutionsPtyLtd,67218.01,30-May-2026,3678
INV294804,Integrated security services,National Protective Services Pty. Ltd.,85574.36 AUD,23/09/2028,3686
INV294805,Parking technology services,Reino International Pty ,78524.58 AUD,30/05/2029,3623
INV294806,Management of Active Melbourne recreation facilities,Victorian,0.0m,2027-06-17,3615
INV294807,Tree management maintenance services,Citywide Service Solutions Pty Ltd,108430.78 AUD,12-Jan-2028,3678
INV294808,Open spaces management - region 2,fERCO,159628.49,28 June 2027,3677
INV294809,Street cleaning,Spotless,171014.42,19 March 2027,3669
INV294810,Parking technology services,Reino International Pty Ltd T/A Duncan Solutions,218182.8 AUD,2030-01-01,3623
INV294811,Waste management services,Cleanaway Waste Mgmt Limited,0.1m,04-Jan-2027,3556
INV294812,Building cleaning services,MENZIES INTERNATIONAL (AUST) PTY LTD,"$165,525.83",13/08/2028,3634
INV294813,Parking technology services,reino international pty ltd t/a duncan solutions,172691.82,2029-06-18,3623
INV294814,Civil infrastructure services,citywide service solutions pty ltd,214646.71,2026-03-11,3665
INV294815,Integrated security services,NATIONAL PROTECTIVE SERVICES PTY LTD,"$50,882.82",23-May-2027,3686
INV294816,Open spaces management - region 2,SdRCO,197063.07,16 February 2029,3677
INV294817,Integrated security services,National Protective Services Pty Ltd,153292.97,2026-06-20,3686
INV294818,Civil infrastructure services,CitywideServiceSolutionsPtyLtd,0.2m,21-Aug-2026, 
INV294819,Graffiti management and pressure cleaning services,Calcorp Services Pty Ltd,"$37,165.35",23-Feb-2025,3668
INV294820,Parking technology services,REINO INTERNATIONAL PTY LTD T/A DUNCAN SOLUTIONS,145191.88 AUD,2025-02-17,3623
INV294821,Graffiti management and pressure cleaning services,Calcorp Services Pty Ltd (AU),"$167,023.87",25/02/2028,3668
INV294822,Civil infrastructure services,CITYWIDE SERVICE SOLUTIONS PTY LTD,0.2m,07/02/2029,3665
INV294823,Integrated security services,National Protective Services P/L,117582.54,02-Jan-2026,3686
INV294824,Tree management maintenance services,Citywide Service Solutions Pty Ltd,0.0m,25-Aug-2026,3678
INV294825,Parking technology services,Nationwide Towing Services,201772.78,2026-11-06, 
INV294826,Street cleaning,Spotless Facility,7171.33,2026-12-05,3669
INV294827,Waste management services,Cleanaway Waste Management LTD,40020.46,2027-01-23,3556
INV294828,Civil infrastructure services,Citywide Service Solutions Pty Ltd,"$63,785.07",2026-06-02,3665
INV294829,Building cleaning services,Menzies,0.1m,02/11/2026,3634
INV294830,Management of Active Melbourne recreation facilities,Victorian YMCA Communi,"$229,376.84",25 April 2027,3615
INV294831,Management of Active Melbourne recreation facilities,Victorian YMCA Communi,0.2m,09 November 2027,3615
INV294832,Management of Active Melbourne recreation facilities,Victorian,63987.82,2025-01-27,3615
INV294833,Street cleaning,Spotless Facility Services P/L,87525.34,02 February 2029,3669
INV294834,Civil infrastructure services,Citywide Service ,0.2m,26/01/03, 
INV294835,Building maintenance services,Programmed,132445.4 AUD,21/02/2025,3630
INV294836,Tree management maintenance services,CITYWIDE SERVICE SOLUTIONS PTY LTD,218331.9 AUD,28/12/05, 
INV294837,Management of Active Melbourne recreation facilities,Victorian YMCA Community Programming Pty Ltd,245431.51,09 August 2029,3615
INV294838,Open spaces management - region 1,Citywide Service ,33663.29 AUD,23/12/2028,3676
INV294839,Tree management maintenance services,Menzies International (Aust) Pty Ltd,8423.03,10-Jan-2027,3634
INV294840,Parking technology services,Spotless  Facility  Services  Pty  Ltd,148109.62 AUD,26/09/22,3669
INV294841,Vehicle tow away and impound services,Citywide Service Solutions Pty Ltd (AUS),46051.31,25/02/2028,3665
INV294842,Building maintenance services,Programmed Facility Management P/L,230824.81,22/06/2029,3630
INV294843,Melbourne Town Hall venue management,Showtime Event,92074.56,29 January 2029,3670
INV294844,Street cleaning,Spotless Facility Services Pty Ltd (AUS),241373.55 AUD,31 January 2027,3669
INV294845,Building cleaning services,Menzies Int’l (Aust) Pty Ltd,233131.21,2028-06-06,3634
INV294846,Vehicle tow away and impound services,Nawionwide Towing Services,141456.58 AUD,26/08/02,3585
INV294847,Building maintenance services,Programmed Facility Management Pty Ltd (AUS),0.1m,23-Nov-2027,3630
INV294848,Street cleaning,spotless facility services pty ltd,237024.56 AUD,15 November 2027,3669
INV294849,Graffiti management and pressure cleaning services,Calcorp  Services  Pty  Ltd,29707.73,26/02/18,3668
INV294850,Civil infrastructure services,Citywide Service Solutions Pty Ltd,134275.97,2025-10-13,3665
INV294851,Waste management services,CleanawayWasteManagementLimited,245044.4,21/12/2026,3556
INV294852,Tree management maintenance services,Citywide Service Solutions Pty Ltd (AU),0.1m,26/11/2027,3678
INV294853,Building maintenance services,Programmed Facility Management Pty Ltd (AU),219498.91,27/12/02,3630
INV294854,Integrated security services,National Protectiv,165511.69,02/11/2026,3686
INV294855,Street cleaning,Spotljss Facility Services Pty Ltd,"$82,969.1",13-May-2029,3669
INV294856,Waste management services,Cleanaway  Waste  Management  Limited,206895.49 AUD,15/02/2027,3556
INV294857,Street cleaning,Spotless Facility Services Pty Ltd,7283.5 AUD,26 April 2026,3669
INV294858,Civil infrastructure services,Citywide Service Solutions Pty Ltd,32694.44,17-Apr-2027,3665
INV294859,Integrated security services,National Protective Services Pty Ltd,"$173,972.93",27-Apr-2026, 
INV294860,Waste management services,CLEANAWAY WASTE MANAGEMENT LIMITED,0.0m,12/10/2027,3556
INV294861,Open spaces management - region 2,SERCO (AUS),"$153,908.29",,3677
INV294862,Building cleaning services,Menzies International (Aust) P/L,167991.6,,3634
INV294863,Waste management services,Programmed  Facility  Management  Pty  Ltd,107964.18,09/06/2027,3630
INV294864,Building cleaning services,Menzies International (Aust) Pty Ltd,0.1m,2025-02-13,3634
INV294865,Graffiti management and pressure cleaning services,Calcorp Services P/L,65610.78,27/12/25,3668
INV294866,Tree management maintenance services,Citywide Service Solutions P/L,115457.08,31 August 2029,3678
INV294867,Graffiti management and pressure cleaning services,Calcorp,"$160,572.41",04-Sep-2025,3668
INV294868,Building cleaning services,Menzies International (Aust) Pty. Ltd.,11374.86 AUD,29/09/27,3634
INV294869,Open spaces management - region 2,SERCO,207836.87,2026-01-30,3677
INV294870,Graffiti management and pressure cleaning services,Calcorp Serv,176905.5,2026-10-02,3668
INV294871,Open spaces management - region 2,SERCO,23321.04 AUD,,3677
INV294872,Graffiti management and pressure cleaning services,Calcorp Services P/L,0.2m,08/06/2029,3668
INV294873,Waste management services,Cleanaway Waste Management Limited (AUS),"$162,398.29",29-May-2027,3556
INV294874,Street cleaning,Spotless Facility Services Pty Ltd,"$19,855.44",2025-01-22,3669
INV294875,Street cleaning,spotless facility services pty ltd,102029.41,27/09/08,3669
INV294876,Management of Active Melbourne recreation facilities,Victorian YMCA Community Programming Pty Ltd (AUS),88655.78,2025-09-11,3615
INV294877,Civil infrastructure services,Citywide,242845.78,2028-10-13,3665
INV294878,Open spaces management - region 1,Citywide Service Solutions Pty Ltd,0.1m,08 January 2027, 
INV294879,Open spaces management - region 2,SERCO,0.1m,18-Oct-2028,3677
INV294880,Building cleaning services,menzies international (aust) pty ltd,116294.07,08/08/2028,3634
INV294881,Open spaces management - region 1,Citywide Service ,"$209,738.93",04-Jan-2028, 
INV294882,Vehicle tow away and impound services,Nationwide Towing Services (AU),238288.93 AUD,28/09/27,3585
INV294883,Melbourne Town Hall venue management,Showtime  Event  Group  Pty  Ltd,"$121,134.67",08 April 2028,3670
INV294884,Graffiti management and pressure cleaning services,Calcorp Services Pty Ltd,21822.77,05-Jun-2029,3668
INV294885,Management of Active Melbourne recreation facilities,Victorian,98432.44,02 July 2029,3615
INV294886,Building maintenance services,Programmed Facility Management Pty. Ltd.,10587.28,2027-05-12,3630
INV294887,Building maintenance services,ProgrammedFacilityManagementPtyLtd,"$72,746.46",05-Dec-2025,3630
INV294888,Open spaces management - region 1,Citywide Service Solutions Pty Ltd,227369.98 AUD,27/02/2027,3676
INV294889,Building maintenance services,Programmed Facility Management Pty Ltd (AU),67068.96,01-Jan-2028,3630
INV294890,Integrated security services,NATIONAL PROTECTIVE SERVICES PTY LTD,12300.6,2029-09-26,3686
INV294891,Management of Active Melbourne recreation facilities,Victorian  YMCA  Community  Programming  Pty  Ltd,121361.96,2027-10-06,3615
INV294892,Tree management maintenance services,Citywide  Service  Solutions  Pty  Ltd,38080.33,2028-06-12,3678
INV294893,Management of Active Melbourne recreation facilities,Victorian YMCA Community Programming P/L,72635.69,23/07/2026,3615
INV294894,Street cleaning,Spotless Facility Services Pty Ltd (AU),"$73,606.63",27 January 2028,3669
INV294895,Graffiti management and pressure cleaning services,CALCORP SERVICES PTY LTD,184145.04,25/09/2029,3668
INV294896,Open spaces management - region 2,SERCO (AU),170110.45 AUD,12 July 2026,3677
INV294897,Melbourne Town Hall venue management,Showtime Event,244908.32,19/03/2025,3670
INV294898,Tree management maintenance services,Citywide Service Solutions wty Ltd,0.0m,18/06/2025,3678
INV294899,Building cleaning services,Menzies International (Aust) Pty Ltd (AUS),168418.39 AUD,17/03/2025,3634
INV294900,Management of Active Melbourne recreation facilities,Victorian YMCA Community Programming Pty Ltd,26321.51,26/02/13,3615
INV294901,Waste management services,CleanawayWasteManagementLimited,59912.79,30 June 2026,3556
INV294902,Management of Active Melbourne recreation facilities,victorian ymca community programming pty ltd,0.1m,29-Jan-2028,3615
INV294903,Tree management maintenance services,Citywide  Service  Solutions  Pty  Ltd,229655.98,2026-09-11,3678
INV294904,Building cleaning services,Menzies International (Aust) Pty Ltd,0.2m,09/08/2027, 
INV294905,Street cleaning,spotless facility services pty ltd,82079.98,10/11/2025, 
INV294906,Integrated security services,NationalProtectiveServicesPtyLtd,223088.7 AUD,26/06/26,3686
INV294907,Civil infrastructure services,Citywide Service Solutions Pty Ltd (AUS),132092.59,29/03/06,3665
INV294908,Open spaces management - region 2,Spotless Facility,178406.76,22/02/2029,3669
INV294909,Building cleaning services,Menzies International (Aust) Pty Ltd,"$77,231.58",2027-12-12,3634
INV294910,Open spaces management - region 1,Citywide Service Solutions Pty Ltd,158411.12,26/02/12,3676
INV294911,Melbourne Town Hall venue management,Showtime  Event  Group  Pty  Ltd,0.0m,13/08/2028,3670
INV294912,Building cleaning services,Menzies International (Aust) Pty Ltd,67470.12,2029-06-06,3634
INV294913,Building cleaning services,Menzies International (Aust) Pty Ltd (AUS),118775.43,02/06/2027,3634
INV294914,Vehicle tow away and impound services,Nationwide,246954.09,20/09/2027,3585
INV294915,Building maintenance services,Programmed Facility,146192.06 AUD,25/06/01,3630
INV294916,Parking technology services,Reino  International  Pty  Ltd  T/A  Duncan  Solutions,208602.79 AUD,2028-02-09,3623
INV294917,Tree management maintenance services,Citywide,"$238,268.01",12/05/2027,3678
INV294918,Melbourne Town Hall venue management,Showtime EventxGroup Pty Ltd,146428.75,10/01/2027,3670
INV294919,Graffiti management and pressure cleaning services,Calcorp Services Pty Ltd,"$118,376.13",28 March 2026,3668
INV294920,Open spaces management - region 2,SERCO,46018.86,28/02/08,3677
INV294921,Melbourne Town Hall venue management,Showtime Event Group Pty Ltd (AU),32076.83,13/04/2029,3670
INV294922,Graffiti management and pressure cleaning services,Calcorp,0.2m,19/01/2029,3668
INV294923,Waste management services,Cleanaway Waste Management Limited,202366.35,15/10/2027,3556
INV294924,Street cleaning,Spotless Facility Services Pty Ltd,"$7,531.82",15/07/2029,3669
INV294925,Open spaces management - region 1,CitywideServiceSolutionsPtyLtd,248873.47,2027-10-18,3676
INV294926,Building cleaning services,Menzies Internatio,"$245,307.52",25/12/22,3634
INV294927,Civil infrastructure services,Citywide Service Solutions Pty Ltd,142510.08 AUD,15/09/2025,3665
INV294928,Integrated security services,National Protective Services P/L,143223.27,2025-01-29,3686
INV294929,Open spaces management - region 2,SERCO (AUS),77782.42,04 February 2028,3677
INV294930,Melbourne Town Hall venue management,Showtime Event Group Pty Ltd (AUS),216880.18,27-Feb-2025,3670
INV294931,Management of Active Melbourne recreation facilities,victorian ymca community programming pty ltd,152422.83,25/12/15,3615
INV294932,Civil infrastructure services,Citywide Service Solutions Pty Ltd (AU),216556.57,17/02/2026,3665
INV294933,Open spaces management - region 2,SERCO (AUS),"$67,874.0",27/05/23,3677
INV294934,Graffiti management and pressure cleaning services,Calcorp,36494.85 AUD,08/07/2025,3668
INV294935,Melbourne Town Hall venue management,Showtime Event Group Pty. Ltd.,207117.84,28/11/15,3670
INV294936,Waste management services,Cleanaway Waste Management Limited,123456.26 AUD,07/10/2027,3556
INV294937,Building maintenance services,Victorian YMCA Community Programming Pty Ltd (AU),57340.42 AUD,2028-10-19,3615
INV294938,Street cleaning,Spotless Facility,31189.09 AUD,31 January 2027,3669
INV294939,Integrated security services,National Protectixe Services Pty Ltd,226099.81 AUD,27/01/25,3686
INV294940,Melbourne Town Hall venue management,SHOWTIME EVENT GROUP PTY LTD,96475.98,08/11/2027,3670
INV294941,Management of Active Melbourne recreation facilities,victorian ymca community programming pty ltd,0.0m,,3615
INV294942,Street cleaning,Spotless Facility Services P/L,245343.04,21/08/2026, 
INV294943,Civil infrastructure services,Citywide Service Solutions Pty. Ltd.,247590.51 AUD,15-Jul-2026,3665
INV294944,Building maintenance services,Programmed Facility Management Pty Ltd,0.1m,2025-10-30,3630
INV294945,Tree management maintenance services,Citywide  Service  Solutions  Pty  Ltd,"$90,597.81",18-Nov-2028,3678
INV294946,Graffiti management and pressure cleaning services,Calcorp Services Pty Ltd (AUS),49984.57 AUD,31/08/2029,3668
INV294947,Graffiti management and pressure cleaning services,Calcorp Services Pty Ltd (AUS),0.0m,01-Jan-2030,3668
INV294948,Melbourne Town Hall venue management,Showtime Event,177308.93 AUD,2029-05-25,3670
INV294949,Civil infrastructure services,citywide service solutions pty ltd,0.0m,07/05/2028,3665
INV294950,Open spaces management - region 1,Menzies International (Aust) Pty Ltd (AU),62373.2 AUD,11-Mar-2029,3634
INV294951,Building cleaning services,MenziesInternational(Aust)PtyLtd,0.1m,27 November 2028,3634
INV294952,Graffiti management and pressure cleaning services,Calcorp Services Pty Ltd (AU),"$34,793.37",05/02/2026,3668
INV294953,Melbourne Town Hall venue management,Showtime,163973.68,23/08/2028,3670
INV294954,Open spaces management - region 1,Citywide Service Solutions Pty Ltd,"$231,787.45",26/07/14,3676
INV294955,Vehicle tow away and impound services,NATIONWIDE TOWING SERVICES,10682.94 AUD,08 July 2028,3585
INV294956,Management of Active Melbourne recreation facilities,Victorian YMCA Community Programming Pty Ltd (AU),54088.64 AUD,05/01/2028,3615
INV294957,Management of Active Melbourne recreation facilities,Victorian  YMCA  Community  Programming  Pty  Ltd,114438.89 AUD,18 December 2028,3615
INV294958,Management of Active Melbourne recreation facilities,VictorianYMCACommunityProgrammingPtyLtd,0.2m,23/06/2026,3615
INV294959,Open spaces management - region 1,CitywideServiceSolutionsPtyLtd,0.0m,30/05/2029,3676
INV294960,Street cleaning,Spotless Facility Services Pty Ltd (AUS),27201.41,2029-10-19,3669
INV294961,Integrated security services,NATIONAL PROTECTIVE SERVICES PTY LTD,204187.1,28/03/02,3686
INV294962,Graffiti management and pressure cleaning services,Calcorp Serv,66444.65 AUD,10-May-2027,3668
INV294963,Waste management services,Cleanaway Waste Management LTD,"$217,041.24",2029-01-16,3556
INV294964,Parking technology services,Reino Int’l Pty Ltd T/A Duncan Solutions,110563.21,11-Jun-2026,3623
INV294965,Integrated security services,National  Protective  Services  Pty  Ltd,0.1m,19-Feb-2027,3686
INV294966,Graffiti management and pressure cleaning services,Calcorp Services Pty Ltd,"$174,134.02",26/12/23,3668
INV294967,Graffiti management and pressure cleaning services,Calcorp Services Pty Ltd (AUS),240438.73,01-Nov-2027,3668
INV294968,Tree management maintenance services,Citywide Service Solutions Pty Ltd,228425.49,2028-02-13,3678
INV294969,Civil infrastructure services,Citywide Service Solutions P/L,127241.1 AUD,13-Mar-2029,3665
INV294970,Waste management services,cleanaway waste management limited,137807.53,2025-11-10,3556
INV294971,Integrated security services,National Protective Servicys Pty Ltd,142649.01,26/06/2028,3686
INV294972,Open spaces management - region 2,SERCO,"$40,068.31",2025-02-10,3677
INV294973,Building cleaning services,Menzies International (Aust)xPty Ltd,224878.84,26/03/16,3634
INV294974,Parking technology services,Reino Intl Pty Ltd T/A Duncan Solutions,,26/04/08,3623
INV294975,Building cleaning services,Menzies Intl (Aust) Pty Ltd,"$177,274.31",23 October 2029,3634
INV294976,Parking technology services,Reino Internatioual Pty Ltd T/A Duncan Solutions,0.0m,01 August 2026,3623
INV294977,Parking technology services,Reino International Pty. Ltd. T/A Duncan Solutions,243092.84,24-Dec-2028,3623
INV294978,Building cleaning services,Menzies International (Aust) Pty Ltd (AUS),"$121,840.33",10/06/2028,3634
INV294979,Vehicle tow away and impound services,Nationwide Towing Services (AU),102919.14,15/01/2027,3585
INV294980,Tree management maintenance services,citywide service solutions pty ltd,0.2m,2028-12-08,3678
INV294981,Parking technology services,reino international pty ltd t/a duncan solutions,0.2m,16/03/2027,3623
INV294982,Management of Active Melbourne recreation facilities,Victorian YMCA Community Programming Pty. Ltd.,216133.2,17/11/2025,3615
INV294983,Waste management services,Cleanaway Waste Management Limited,145074.4,23/05/2025,3556
INV294984,Melbourne Town Hall venue management,Showtime Event Group Pty Ltd (AU),101906.09,05/05/2026,3670
INV294985,Melbourne Town Hall venue management,Showtime Event Group P/L,168355.31,06-Dec-2028,3670
INV294986,Building maintenance services,programmed facility management pty ltd,191868.37,03/04/2026,3630
INV294987,Graffiti management and pressure cleaning services,Calcorp ServicesdPty Ltd,19445.16,15 January 2029, 
INV294988,Melbourne Town Hall venue management,PROGRAMMED FACILITY MANAGEMENT PTY LTD,83421.53,12/03/2027,3630
INV294989,Tree management maintenance services,citywide service solutions pty ltd,"$16,127.19",2026-05-27,3678
INV294990,Building cleaning services,Menzies International (Aust) Pty Ltd,0.2m,28/02/06,3634
INV294991,Open spaces management - region 1,Reino International P/L T/A Duncan Solutions,,26/03/20, 
INV294992,Building maintenance services,Programmed Facility Management Pty Ltd (AU),156564.31,25/01/21,3630
INV294993,Open spaces management - region 1,Citywide  Service  Solutions  Pty  Ltd,0.1m,15/12/2028,3676
INV294994,Melbourne Town Hall venue management,ShowtimeEventGroupPtyLtd,247762.46,12/04/2027,3670
INV294995,Melbourne Town Hall venue management,Showtime Event Group Pty Ltd (AU),0.2m,2028-12-02,3670
INV294996,Tree management maintenance services,Citywide Service Solutions Pty Ltd,199986.94,04/05/2025,3678
INV294997,Street cleaning,Spotless,0.1m,05/07/2027,3669
INV294998,Graffiti management and pressure cleaning services,CALCORP SERVICES PTY LTD,0.1m,28/07/2027,3668
INV294999,Melbourne Town Hall venue management,Showtime Event Group P/L,102633.82,10 May 2029,3670
INV295000,Integrated security services,National Protective Services Pty Ltd,128810.97,02/06/2028,3686
