InvoiceID,ContractTitle,Provider,InvoiceAmount,InvoiceDate,ContractNumber
INV330001,Graffiti management and pressure cleaning services,Calcorp Services Pty. Ltd.,0.2m,21/08/2025,3668
INV330002,Building cleaning services,Menzies International (Aust) Pty. Ltd.,"$80,077.63",08/08/2028,3634
INV330003,Vehicle tow away and impound services,Nationwide Towing Services,"$197,361.48",20-Jan-2027,3585
INV330004,Open spaces management - region 1,Citywide Service Soluthons Pty Ltd,185229.02 AUD,21 February 2027,3676
INV330005,Civil infrastructure services,Citywide Service Solutions Pty Ltd (AU),"$164,799.13",2027-03-08,3678
INV330006,Integrated security services,National Protectiv,"$112,972.6",15 August 2028,3686
INV330007,Street cleaning,Spotless  Facility  Services  Pty  Ltd,144262.32 AUD,29/02/27, 
INV330008,Building cleaning services,MenziesInternational(Aust)PtyLtd,159469.97,11-Feb-2028,3634
INV330009,Parking technology services,Reino International Pty Ltd T/A Duncan Solutions,0.0m,27/01/29,3623
INV330010,Melbourne Town Hall venue management,Showtime Event Group Pty Ltd,6301.22,28/05/15,3670
INV330011,Integrated security services,National Protective Services Pty Ltd (AUS),78336.05,09/08/2028,3686
INV330012,Management of Active Melbourne recreation facilities,Programmed,"$41,886.59",29/02/07,3630
INV330013,Building cleaning services,Menzies Internatio,136435.99,28/05/29,3634
INV330014,Vehicle tow away and impound services,nationwide towing services,166709.63,12 May 2025,3585
INV330015,Vehicle tow away and impound services,Nationwide Towing Services (AU),182582.68,2027-05-09,3585
INV330016,Graffiti management and pressure cleaning services,Calcorp Services Pty Ltd,"$247,796.47",11-Jul-2027,3668
INV330017,Tree management maintenance services,rERCO,0.1m,25/11/2025,3677
INV330018,Waste management services,Spotless Facility Services Pty Ltd,71243.72,2025-10-13,3669
INV330019,Civil infrastructure services,CITYWIDE SERVICE SOLUTIONS PTY LTD,"$31,053.18",28-Mar-2028,3665
INV330020,Street cleaning,spotless facility services pty ltd,"$84,211.54",22-Dec-2028,3669
INV330021,Civil infrastructure services,Citywide Service Solutions Pty Ltd,64363.19 AUD,2025-03-25,3665
INV330022,Graffiti management and pressure cleaning services,Calcorp Services Pty Ltd,"$173,031.22",24-May-2028,3668
INV330023,Graffiti management and pressure cleaning services,Calcorp Services Pty Ltd,137997.84 AUD,29/01/18,3668
INV330024,Open spaces management - region 1,Citywide Service Solutions P/L,88109.14,23 January 2028,3676
INV330025,Street cleaning,Spotless  Facility  Services  Pty  Ltd,3961.52,09 April 2025,3669
INV330026,Open spaces management - region 2,SERCO,0.2m,20 February 2029, 
INV330027,Tree management maintenance services,Citywide Service Solutions Pty Ltd (AUS),173792.84,26/11/10,3678
INV330028,Open spaces management - region 1,Citywide Service Solutions Pty Ltd,124147.05 AUD,28 September 2028,3676
INV330029,Tree management maintenance services,NATIONAL PROTECTIVE SERVICES PTY LTD,129190.99,2026-04-07,3686
INV330030,Building maintenance services,Programmed Facility Management Pty Ltd,8089.27 AUD,25/09/05,3630
INV330031,Integrated security services,National  Protective  Services  Pty  Ltd,175669.14,2028-08-19,3686
INV330032,Building cleaning services,Menzies International (Aust) Pty Ltd,118371.07,11/08/2028,3634
INV330033,Management of Active Melbourne recreation facilities,Victorian YMCA Community Programming Pty Ltd,213177.89 AUD,14 October 2025,3615
INV330034,Open spaces management - region 2,SERCO,192913.12,25/01/2029,3677
INV330035,Building cleaning services,SERCO (AU),8829.37 AUD,14/07/2026, 
INV330036,Management of Active Melbourne recreation facilities,Victorian,0.2m,2029-03-31,3615
INV330037,Open spaces management - region 1,CitywideServiceSolutionsPtyLtd,0.2m,13-Mar-2029,3676
INV330038,Building maintenance services,Programmed Facility Management Pty Ltd,138648.5 AUD,25/02/10,3630
INV330039,Waste management services,Cleanaway  Waste  Management  Limited,174558.41,21 September 2028,3556
INV330040,Waste management services,Cleanaway Waste Management LTD,193677.33,25/10/02,3556
INV330041,Waste management services,Cleanaway Waste Management Ltd,120069.93,2029-06-14,3556
INV330042,Management of Active Melbourne recreation facilities,Victorian  YMCA  Community  Programming  Pty  Ltd,105848.92,04 June 2026,3615
INV330043,Parking technology services,Reino International Pty Ltd T/A Duncan Solutcons,78137.29 AUD,01-Apr-2029,3623
INV330044,Open spaces management - region 2,SERCO,176492.86 AUD,2025-11-16,3677
INV330045,Parking technology services,Reino  International  Pty  Ltd  T/A  Duncan  Solutions,0.1m,29 September 2026,3623
INV330046,Building cleaning services,Menzies Intl (Aust) Pty Ltd,53529.51,21 June 2028,3634
INV330047,Building maintenance services,Programmed Facility Management Pty Ltd,101944.24,14/01/2025,3630
INV330048,Graffiti management and pressure cleaning services,Citywide Service Solutions Pty Ltd,119134.81,18-Nov-2027,3676
INV330049,Street cleaning,Spotless Facility Services Pty Ltd,51331.64,10-Oct-2028,3669
INV330050,Open spaces management - region 2,SERCO,183972.91 AUD,23/08/2026,3677
INV330051,Street cleaning,Spotless Facility,0.0m,23/12/2025,3669
INV330052,Graffiti management and pressure cleaning services,Calcorp Services Pty Ltd (AUS),148583.78,21 November 2028,3668
INV330053,Integrated security services,National  Protective  Services  Pty  Ltd,154656.44,15 September 2025,3686
INV330054,Building cleaning services,Menzies International (Aust) Pty Ltd,224914.3,17/04/2029,3634
INV330055,Waste management services,Cleanaway WastetManagement Limited,210615.62,18/06/2025,3556
INV330056,Open spaces management - region 2,SERCO,"$83,607.46",28/08/09,3677
INV330057,Civil infrastructure services,Citywide Service Solutions P/L,75374.64,26/01/05,3665
INV330058,Civil infrastructure services,CITYWIDE SERVICE SOLUTIONS PTY LTD,12837.78,28/01/20,3665
INV330059,Street cleaning,Spotless Facility Services Pty Ltd (AU),"$201,627.63",2029-07-02,3669
INV330060,Open spaces management - region 1,Citywide Service Solutions P/L,243380.93,03/02/2029,3676
INV330061,Waste management services,Cleanaway  Waste  Management  Limited,248173.17,03/04/2027,3556
INV330062,Civil infrastructure services,Citywide Service Solutions P/L,235246.77 AUD,30 December 2026,3665
INV330063,Open spaces management - region 1,Citywide,245075.01 AUD,20/07/2029,3676
INV330064,Integrated security services,National  Protective  Services  Pty  Ltd,151767.82,27/04/2029,3686
INV330065,Parking technology services,Reino  International  Pty  Ltd  T/A  Duncan  Solutions,103516.6 AUD,2028-04-21,3623
INV330066,Management of Active Melbourne recreation facilities,VICTORIAN YMCA COMMUNITY PROGRAMMING PTY LTD,152648.08,26-May-2029,3615
INV330067,Integrated security services,National Protective Services Pty Ltd,0.2m,2029-10-16,3686
INV330068,Street cleaning,Spotless Facility,234624.35 AUD,22 October 2028, 
INV330069,Integrated security services,NATIONAL PROTECTIVE SERVICES PTY LTD,142422.03 AUD,21/10/2025,3686
INV330070,Open spaces management - region 1,Citywide Service holutions Pty Ltd,174678.96,25/12/2028,3676
INV330071,Vehicle tow away and impound services,Nationwide Towing Services (AU),0.1m,11 December 2027,3585
INV330072,Building cleaning services,Menzies International (Ausv) Pty Ltd,0.2m,2026-11-21,3634
INV330073,Street cleaning,Spotlnss Facility Services Pty Ltd,51165.28 AUD,27/04/07,3669
INV330074,Parking technology services,Reino International Pty Ltd T/A Duncan Solutions (AUS),0.0m,18-Jun-2027,3623
INV330075,Parking technology services,Reino Intl Pty Ltd T/A Duncan Solutions,"$84,270.81",27/07/13,3623
INV330076,Tree management maintenance services,Citywide Service ,0.0m,,3678
INV330077,Parking technology services,Reino,218633.32 AUD,22 May 2025,3623
INV330078,Melbourne Town Hall venue management,Showtime Event Group Pty Ltd (AU),63225.49 AUD,2025-09-30,3670
INV330079,Tree management maintenance services,CITYWIDE SERVICE SOLUTIONS PTY LTD,23322.59 AUD,15/01/2029,3678
INV330080,Integrated security services,National Protective Services Pty Ltd (AU),"$183,778.15",04 October 2027,3686
INV330081,Civil infrastructure services,Citywide Service Solutions Pty Ltd (AUS),96328.38,15/12/2025,3665
INV330082,Integrated security services,National  Protective  Services  Pty  Ltd,0.1m,27-Mar-2026,3686
INV330083,Parking technology services,ReinoInternationalPtyLtdT/ADuncanSolutions,0.0m,26/10/24,3623
INV330084,Street cleaning,Spotless Facility,18326.33 AUD,28 October 2029, 
INV330085,Integrated security services,National Protective Services Pty Ltd,"$244,162.33",28/06/28,3686
INV330086,Building maintenance services,Programmed Facility Management Pty Ltd,"$211,565.36",27/04/26,3630
INV330087,Tree management maintenance services,Citywide Service Solutions Pty Ltd (AU),"$227,124.37",28/07/24,3678
INV330088,Waste management services,Cleanaway Waste Management Limited,0.1m,13/10/2029,3556
INV330089,Vehicle tow away and impound services,Nationwide,184377.32 AUD,28/02/10,3585
INV330090,Building maintenance services,Programmed Facility Management Pty Ltj,112861.6,2028-05-13,3630
INV330091,Waste management services,Cleanaway Waste Management Ltd,,24/09/2027,3556
INV330092,Civil infrastructure services,Citywide Service Solutions Pty Ltd (AU),"$31,463.17",15/05/2029,3665
INV330093,Tree management maintenance services,Citywide Service Solutions Pty Ltd,122767.95,30/03/2029,3678
INV330094,Waste management services,Cleanaway Waste M,222530.95,2029-05-09,3556
INV330095,Parking technology services,Reino International Pty Ltd T/A Duncan Solutions,4160.49,20/02/2028,3623
INV330096,Management of Active Melbourne recreation facilities,Victorion YMCA Community Programming Pty Ltd,0.1m,25/11/21,3615
INV330097,Waste management services,Cleanaway Waste M,65181.89 AUD,24-Apr-2028,3556
INV330098,Management of Active Melbourne recreation facilities,Victorian YMCA Community Programming Pty. Ltd.,185906.2 AUD,11/09/2028,3615
INV330099,Building maintenance services,Programmed,203790.71 AUD,20-Feb-2025,3630
INV330100,Tree management maintenance services,Citywide Service Solutions Pty Ltd,180257.77,25/05/09,3678
INV330101,Open spaces management - region 1,citywide service solutions pty ltd,3560.57,06 November 2028,3676
INV330102,Building cleaning services,Menzies Int’l (Aust) Pty Ltd,211517.0 AUD,13/04/2028, 
INV330103,Management of Active Melbourne recreation facilities,Victorian YMCu Community Programming Pty Ltd,0.0m,29/05/10,3615
INV330104,Parking technology services,Reino International Pty Ltd T/A Duncan Solutions,0.0m,05-Nov-2025,3623
INV330105,Integrated security services,National Protective Services Pty Ltd,0.2m,28/12/07,3686
INV330106,Building maintenance services,ProgrammedFacilityManagementPtyLtd,79170.42,08/08/2027,3630
INV330107,Integrated security services,bational Protective Services Pty Ltd,181585.39 AUD,29/05/2026,3686
INV330108,Open spaces management - region 1,Citywide  Service  Solutions  Pty  Ltd,"$192,654.64",07/07/2026,3676
INV330109,Vehicle tow away and impound services,Nationwide,0.0m,2026-08-23,3585
INV330110,Building cleaning services,Menzies Internatio,214208.86 AUD,2027-02-20,3634
INV330111,Integrated security services,National Protective Services Ptk Ltd,143194.69,25/02/15,3686
INV330112,Waste management services,Cleanaway,224338.39 AUD,2028-06-01,3556
INV330113,Parking technology services,Reino International Pty ,0.1m,20/02/2027,3623
INV330114,Vehicle tow away and impound services,Nationwide Towing Services,220303.85,18 November 2029,3585
INV330115,Management of Active Melbourne recreation facilities,Victoeian YMCA Community Programming Pty Ltd,0.1m,29/11/2025,3615
INV330116,Vehicle tow away and impound services,NATIONWIDE TOWING SERVICES,"$91,993.09",29/09/09,3585
INV330117,Tree management maintenance services,Cityxide Service Solutions Pty Ltd,0.1m,2027-10-25,3678
INV330118,Open spaces management - region 1,Citywide,215827.02 AUD,09/08/2028,3676
INV330119,Parking technology services,Reino International P/L T/A Duncan Solutions,40084.26,09/08/2029,3623
INV330120,Graffiti management and pressure cleaning services,CALCORP SERVICES PTY LTD,100286.38,16-Apr-2026,3668
INV330121,Management of Active Melbourne recreation facilities,VICTORIAN YMCA COMMUNITY PROGRAMMING PTY LTD,179748.47,04 November 2029,3615
INV330122,Open spaces management - region 2,CITYWIDE SERVICE SOLUTIONS PTY LTD,160455.15,28/10/19,3678
INV330123,Tree management maintenance services,Citywide Service Solutions Pty Ltd,42405.25 AUD,27-May-2028,3678
INV330124,Tree management maintenance services,Citywide Service Solutions Pty Ltd (AUS),140611.36,23-Mar-2026,3678
INV330125,Building maintenance services,Programmed Facility Mgmt Pty Ltd,"$176,184.54",26/01/2026,3630
INV330126,Open spaces management - region 2,SERCO,121504.0 AUD,08/12/2025,3677
INV330127,Building cleaning services,MenziesInternational(Aust)PtyLtd,17200.71 AUD,29/04/02,3634
INV330128,Tree management maintenance services,Nationwide To,193780.17,27/12/2025, 
INV330129,Melbourne Town Hall venue management,Showtime Event Group Pty Ltd (AU),0.0m,27-Apr-2025,3670
INV330130,Graffiti management and pressure cleaning services,CALCORP SERVICES PTY LTD,78557.51,12-Jan-2025,3668
INV330131,Management of Active Melbourne recreation facilities,Victorian YMCA Community Programming Pty Ltd (AU),0.0m,09 September 2026, 
INV330132,Open spaces management - region 2,SERCO,"$49,972.6",23 July 2025,3677
INV330133,Tree management maintenance services,Citywide,54323.73,2029-06-26,3678
INV330134,Open spaces management - region 1,CitywideServiceSolutionsPtyLtd,0.0m,07/01/2025,3676
INV330135,Open spaces management - region 1,Citywide Service Solutions Pty Ltd,80678.88,02/11/2029,3676
INV330136,Waste management services,cleanaway waste management limited,8800.43,27/02/19,3556
INV330137,Open spaces management - region 2,SERCO (AUS),204479.5,24-Dec-2029,3677
INV330138,Open spaces management - region 2,SERCO,,09 July 2029,3677
INV330139,Parking technology services,Reino Intl Pty Ltd T/A Duncan Solutions,78501.92 AUD,29/07/2026,3623
INV330140,Management of Active Melbourne recreation facilities,Victorian YMCA Community Prodramming Pty Ltd,0.1m,16-Sep-2029,3615
INV330141,Parking technology services,Reino International Pty Ltd T/A Duncan Solutions,0.0m,18/07/2029,3623
INV330142,Building cleaning services,Menzies,226126.46,18/06/2025,3634
INV330143,Tree management maintenance services,Citywide Service Solutions P/L,12772.18 AUD,13 September 2029, 
INV330144,Building cleaning services,Menzies International (Aust) Pty Ltd (AU),"$138,843.93",27/09/02,3634
INV330145,Melbourne Town Hall venue management,Showtime qvent Group Pty Ltd,119563.1,2029-03-23,3670
INV330146,Management of Active Melbourne recreation facilities,Victorian YMCw Community Programming Pty Ltd,17865.59,17-May-2029,3615
INV330147,Civil infrastructure services,Citywide Service Solutions P/L,0.2m,26/09/24,3665
INV330148,Melbourne Town Hall venue management,Showtime Event Group Pty. Ltd.,243203.01 AUD,28/05/21,3670
INV330149,Waste management services,Cleanaway Waste vanagement Limited,0.2m,28/08/2029,3556
INV330150,Melbourne Town Hall venue management,Showtime  Event  Group  Pty  Ltd,"$202,707.34",12/02/2028,3670
INV330151,Vehicle tow away and impound services,NATIONWIDE TOWING SERVICES,116648.76,25-Dec-2025,3585
INV330152,Tree management maintenance services,Citywide Service Solutions Pty Ltd,"$194,931.09",26/10/2027,3678
INV330153,Waste management services,Cleanaway  Waste  Management  Limited,85789.71,28 July 2027,3556
INV330154,Melbourne Town Hall venue management,ShowtimeEventGroupPtyLtd,"$113,128.68",26/02/04,3670
INV330155,Open spaces management - region 2,Serco,213560.92,28/10/06,3677
INV330156,Management of Active Melbourne recreation facilities,Victoriax YMCA Community Programming Pty Ltd,238774.86,13 October 2026,3615
INV330157,Tree management maintenance services,Citywide Service ,64789.86,26/06/29,3678
INV330158,Integrated security services,National Protective Services Pty. Ltd.,68195.81,03 March 2028,3686
INV330159,Civil infrastructure services,Calcorp Services Pty Ltd,0.1m,28/07/2026,3668
INV330160,Open spaces management - region 1,CITYWIDE SERVICE SOLUTIONS PTY LTD,"$200,385.38",16-Feb-2027,3676
INV330161,Building cleaning services,Victorian YMCA Community Programming Pty. Ltd.,111401.96,15/01/2028,3615
INV330162,Open spaces management - region 2,SERCO (AU),"$241,535.88",07/05/2025,3677
INV330163,Building maintenance services,Programmed,"$12,707.11",2026-03-22,3630
INV330164,Open spaces management - region 1,CITYWIDE SERVICE SOLUTIONS PTY LTD,120554.54,02/12/2025,3676
INV330165,Open spaces management - region 2,Serco,85567.03,10 July 2028,3677
INV330166,Open spaces management - region 1,Citywide Service Solutions Pty Ltd (AU),93444.89,05/11/2028,3676
INV330167,Parking technology services,Reino International Pty Ltd T/A Duncan Solutions,81100.39,01 September 2029, 
INV330168,Parking technology services,Reino International P/L T/A Duncan Solutions,0.2m,22/05/2026,3623
INV330169,Tree management maintenance services,Citywide Service Solutions Pty Ltd (AU),206742.99 AUD,29/04/2029,3678
INV330170,Street cleaning,spotless facility services pty ltd,0.2m,20/02/2027,3669
INV330171,Civil infrastructure services,Citywide Service Solutions Pty Ltd,84722.74,2027-05-01,3676
INV330172,Open spaces management - region 1,CitywideServiceSolutionsPtyLtd,127289.37,25/06/01,3676
INV330173,Management of Active Melbourne recreation facilities,Victorian Ymca Community Programming Pty Ltd,0.2m,2027-07-27,3615
INV330174,Integrated security services,National  Protective  Services  Pty  Ltd,193825.26,11-Jul-2028, 
INV330175,Graffiti management and pressure cleaning services,CALCORP SERVICES PTY LTD,0.1m,31-Aug-2029,3668
INV330176,Building maintenance services,ProgrammedFacilityManagementPtyLtd,49706.83 AUD,29/02/07,3630
INV330177,Open spaces management - region 2,serco,0.2m,09/04/2027,3677
INV330178,Vehicle tow away and impound services,nationwide towing services,241195.15 AUD,2029-03-08,3585
INV330179,Building cleaning services,Menzies,"$185,131.69",2025-10-23,3634
INV330180,Open spaces management - region 1,CitywideServiceSolutionsPtyLtd,186784.37,,3676
INV330181,Management of Active Melbourne recreation facilities,Victorian YMCA Community Programming Pty Ltd,28768.48,25/01/17,3615
INV330182,Melbourne Town Hall venue management,Showtime Event Group Pty Ltd (AU),70551.37,10-Oct-2029,3670
INV330183,Building cleaning services,Menzies Int’l (Aust) Pty Ltd,125047.81,28 February 2028, 
INV330184,Waste management services,Cleanaway Waste M,4501.24 AUD,19-Feb-2027,3556
INV330185,Parking technology services,Programmed Facility Management P/L,"$177,325.44",08/10/2025,3630
INV330186,Civil infrastructure services,CitywideServiceSolutionsPtyLtd,0.0m,05/01/2028,3665
INV330187,Waste management services,Cleanaway Waste M,196389.57,2029-10-15,3556
INV330188,Graffiti management and pressure cleaning services,CALCORP SERVICES PTY LTD,"$245,951.21",27-Mar-2025,3668
INV330189,Building cleaning services,Menzies Internatio,"$3,723.65",14/06/2028,3634
INV330190,Graffiti management and pressure cleaning services,Calcorp  Services  Pty  Ltd,0.2m,17 December 2025,3668
INV330191,Integrated security services,NationalProtectiveServicesPtyLtd,0.1m,15 January 2026,3686
INV330192,Building cleaning services,Menzies International (Aust) Pty Ltd,150218.79 AUD,2029-05-02,3634
INV330193,Open spaces management - region 2,SERCO,149768.66 AUD,14 May 2028,3677
INV330194,Open spaces management - region 2,serco,120194.98,29-May-2026,3677
INV330195,Building cleaning services,Menzies International (Aust) Pty Ltd,0.2m,2028-12-25,3634
INV330196,Waste management services,Showxime Event Group Pty Ltd,0.2m,28/02/2025, 
INV330197,Building cleaning services,Menzies International (Aust) Pty Ltd (AUS),"$236,832.31",27/05/19,3634
INV330198,Parking technology services,REINO INTERNATIONAL PTY LTD T/A DUNCAN SOLUTIONS,215555.66,29/06/2025,3623
INV330199,Open spaces management - region 1,Citywide Service Solutions Pty Ltd,2080.3,20/01/2025,3676
INV330200,Melbourne Town Hall venue management,Showtime Event Group Pty Ltd (AUS),"$191,854.62",2026-08-27,3670
INV330201,Vehicle tow away and impound services,Nationwide Towing Services,131984.34,29/12/12,3585
INV330202,Building maintenance services,Programmed Facility Management Pty Ltd (AU),60816.02,06/04/2027,3630
INV330203,Building maintenance services,PROGRAMMED FACILITY MANAGEMENT PTY LTD,110789.96,25/04/2028,3630
INV330204,Tree management maintenance services,citywide service solutions pty ltd,0.0m,29/05/14,3678
INV330205,Building cleaning services,Menzies International (Aust) Pty Ltd (AUS),"$142,351.93",11-Apr-2029,3634
INV330206,Building cleaning services,Menzies International (Aust) Pty Ltd (AU),144752.18,19/12/2028,3634
INV330207,Open spaces management - region 1,Citywide Service Solutions Pty Ltd,159571.92,29/03/04,3676
INV330208,Tree management maintenance services,Citywide Service Solutions Pty. Ltd.,"$91,319.71",2026-05-09,3678
INV330209,Civil infrastructure services,Citywide Service Solutions Pty Ltd (AU),0.0m,09 October 2026,3665
INV330210,Building cleaning services,Menzies International (Aust) Pty. Ltd.,59015.25,28/05/26,3634
INV330211,Civil infrastructure services,citywide service solutions pty ltd,83587.09 AUD,22/02/2029,3665
INV330212,Building maintenance services,Programmed Facility Management Pty Ltd,0.1m,2025-03-20,3630
INV330213,Graffiti management and pressure cleaning services,CALCORP SERVICES PTY LTD,11336.07,13/01/2026,3668
INV330214,Integrated security services,National Protective Services Pty Ltd (AU),0.2m,07/04/2025,3686
INV330215,Waste management services,Cleanaway Waste Mgmt Limited,124458.29,25/07/12,3556
INV330216,Management of Active Melbourne recreation facilities,Victorian YMCA Community Programming P/L,174554.86,01-Feb-2029,3615
INV330217,Parking technology services,Reino International P/L T/A Duncan Solutions,75327.34,2025-06-12,3623
INV330218,Civil infrastructure services,Citywide Service Solutions P/L,0.2m,2028-10-13,3665
INV330219,Building maintenance services,Programmed Facility Management Pty Ltd,216092.58,2026-02-27,3630
INV330220,Street cleaning,Spotless Facility,140202.22 AUD,2028-07-09,3669
INV330221,Management of Active Melbourne recreation facilities,Victorian YMCA Community Programming P/L,"$242,659.92",26/05/01,3615
INV330222,Tree management maintenance services,Citywide Service Solutions P/L,"$184,273.75",27 May 2025,3678
INV330223,Civil infrastructure services,Citywide Service Solutions Pty Ltd (AU),"$133,656.26",25/09/27,3665
INV330224,Building cleaning services,Menzies International (Aust) Pty Ltd,42838.36,25/11/11,3634
INV330225,Integrated security services,National  Protective  Services  Pty  Ltd,0.1m,17 September 2026,3686
INV330226,Integrated security services,National Protective Services Pty Ltd,205664.41,17/04/2025,3686
INV330227,Open spaces management - region 2,SEqCO,24035.85,18/06/2026,3677
INV330228,Building maintenance services,Programmed,0.2m,2028-10-15,3630
INV330229,Building cleaning services,MENZIES INTERNATIONAL (AUST) PTY LTD,0.1m,14/04/2026,3634
INV330230,Building maintenance services,Programmed Facility Management Pty Ltd,"$190,514.8",02/08/2029,3630
INV330231,Parking technology services,Reino Int’l Pty Ltd T/A Duncan Solutions,"$132,881.98",11-Dec-2029,3623
INV330232,Open spaces management - region 1,citywide service solutions pty ltd,109276.94 AUD,09/07/2028,3676
INV330233,Civil infrastructure services,Citywide Service Solutions Pty Ltd (AUS),0.2m,2029-08-16,3665
INV330234,Integrated security services,National Protective Services P/L,177078.59,2026-04-16,3686
INV330235,Waste management services,CLEANAWAY WASTE MANAGEMENT LIMITED,"$190,291.91",21 March 2025,3556
INV330236,Parking technology services,Reino International Pty Ltd T/A Duncan Solutions,210573.26,07/02/2029,3623
INV330237,Management of Active Melbourne recreation facilities,Victorian YMCA Community Programming Pty Ltd,151865.69,30/10/2026,3615
INV330238,Vehicle tow away and impound services,NationwideTowingServices,42366.37 AUD,08/10/2029,3585
INV330239,Graffiti management and pressure cleaning services,Citywide Service Solutions Pty Ltd,53177.44,28/03/2029,3678
INV330240,Tree management maintenance services,Citywide  Service  Solutions  Pty  Ltd,170298.59 AUD,28/09/20,3678
INV330241,Civil infrastructure services,Citywide Service Solutions Pty. Ltd.,180331.58 AUD,2026-08-21,3665
INV330242,Street cleaning,Spotless,179375.69,25/08/04,3669
INV330243,Graffiti management and pressure cleaning services,Calcorp Serv,209567.36,2027-12-20,3668
INV330244,Graffiti management and pressure cleaning services,Calcorp Services Pty Ltd,"$178,991.57",02 December 2025,3668
INV330245,Parking technology services,Reino Int’l Pty Ltd T/A Duncan Solutions,69345.48 AUD,27/02/2028,3623
INV330246,Melbourne Town Hall venue management,Showtime Evfnt Group Pty Ltd,24925.19,12 May 2026,3670
INV330247,Open spaces management - region 2,SkRCO,0.0m,26 September 2027,3677
INV330248,Building cleaning services,Menzies Intl (Aust) Pty Ltd,21980.28 AUD,2025-09-03,3634
INV330249,Graffiti management and pressure cleaning services,Calcorp,0.1m,2026-12-02,3668
INV330250,Vehicle tow away and impound services,NATIONWIDE TOWING SERVICES,"$174,568.54",25/01/24,3585
INV330251,Waste management services,Cleanaway Waste Management Limited (AUS),"$184,909.15",20 July 2029,3556
INV330252,Open spaces management - region 2,SERCO,182112.61,18/08/2029,3677
INV330253,Open spaces management - region 1,citywide service solutions pty ltd,0.2m,17 August 2028,3676
INV330254,Open spaces management - region 2,SERCO (AUS),232322.42 AUD,25/08/2029,3677
INV330255,Vehicle tow away and impound services,Serco,0.1m,08-Aug-2028,3677
INV330256,Tree management maintenance services,CITYWIDE SERVICE SOLUTIONS PTY LTD,144458.86,30-Mar-2026, 
INV330257,Open spaces management - region 1,Citywide Service Solutions Pty Ltd (AUS),"$81,886.84",03-Jan-2025,3676
INV330258,Management of Active Melbourne recreation facilities,Showtime Event Group P/L,51713.62,13/11/2026,3670
INV330259,Parking technology services,Reino International Pty Ltd T/A Duncan Solutions,"$64,275.5",01/07/2026,3623
INV330260,Management of Active Melbourne recreation facilities,Victorian YMCA Community Programming Pty Ltd (AU),68885.25,21 September 2026,3615
INV330261,Tree management maintenance services,Citywide Service Solutions Pty Ltd (AUS),72204.08 AUD,06 January 2025,3678
INV330262,Open spaces management - region 1,Citywide Service Solutioms Pty Ltd,15853.71,27/04/26,3676
INV330263,Civil infrastructure services,Citywide Service Solutions Pty Ltd (AUS),0.2m,22-Feb-2025,3665
INV330264,Open spaces management - region 2,serco,7188.74,11-Mar-2027,3677
INV330265,Melbourne Town Hall venue management,ShowtimeEventGroupPtyLtd,7469.82,23/02/2025,3670
INV330266,Management of Active Melbourne recreation facilities,Victorian YMCA Community Programming Pty Ltd,205300.87 AUD,24/11/2027,3615
INV330267,Integrated security services,National  Protective  Services  Pty  Ltd,94832.39 AUD,13 June 2029,3686
INV330268,Street cleaning,Spotless Facility Services Pty. Ltd.,0.0m,2026-07-27,3669
INV330269,Open spaces management - region 2,SERCO (AUS),162948.24,10 February 2026,3677
INV330270,Management of Active Melbourne recreation facilities,Victorian YMCA Community Programming Pty Ltd (AUS),"$54,812.1",2028-12-02,3615
INV330271,Civil infrastructure services,Citywide Service Solutions Pty Ltd (AUS),"$112,165.56",28/04/10,3665
INV330272,Open spaces management - region 2,SERCO,0.1m,2026-02-10,3677
INV330273,Waste management services,Cleanawag Waste Management Limited,117414.26,2026-11-23,3556
INV330274,Open spaces management - region 1,CitywideServiceSolutionsPtyLtd,58710.16 AUD,14/04/2028,3676
INV330275,Civil infrastructure services,CitywideServiceSolutionsPtyLtd,144402.79,12/07/2026,3665
INV330276,Street cleaning,Spotless Facility Services Pty Ltd,0.2m,29/05/2027,3669
INV330277,Street cleaning,Spotless Facility Services Pty Ltd (AUS),0.2m,28/12/2027,3669
INV330278,Parking technology services,Reino International Pty Ltd T/A Duncan Solutions,0.2m,2025-10-20,3623
INV330279,Waste management services,Cleanaway Waste Management Ltd,241653.24 AUD,11/02/2026,3556
INV330280,Vehicle tow away and impound services,NationwideTowingServices,"$32,557.21",25/12/2027,3585
INV330281,Graffiti management and pressure cleaning services,Calcorp Services Pty Ltd,214601.91,2026-09-29, 
INV330282,Waste management services,Cleanaway Waste Management Limited,"$119,674.96",25/01/20,3556
INV330283,Street cleaning,Spotless Facility Services Pty Ltd,73697.55 AUD,01-May-2028,3669
INV330284,Street cleaning,Spotless Facility Services Pty Ltd,"$202,603.27",14/08/2026,3669
INV330285,Street cleaning,Spotless Facility Services Pty Ltd,0.2m,22 November 2028,3669
INV330286,Street cleaning,Spotsess Facility Services Pty Ltd,0.1m,2029-09-26,3669
INV330287,Building cleaning services,Menzies Int’l (Aust) Pty Ltd,0.2m,27/10/17,3634
INV330288,Open spaces management - region 1,Citywidq Service Solutions Pty Ltd,74305.91 AUD,27/01/17,3676
INV330289,Integrated security services,National Protective Services Pty Ltd (AUS),73472.82 AUD,2027-06-09, 
INV330290,Melbourne Town Hall venue management,Showtime Event Group Pty Ltd,185063.49,30-Aug-2025,3670
INV330291,Management of Active Melbourne recreation facilities,programmed facility management pty ltd,137018.75 AUD,16/09/2026,3630
INV330292,Management of Active Melbourne recreation facilities,Victorian YMCA Community Programming Pty. Ltd.,"$49,741.49",2029-06-16,3615
INV330293,Building maintenance services,programmed facility management pty ltd,0.1m,21 August 2028,3630
INV330294,Melbourne Town Hall venue management,Showtime  Event  Group  Pty  Ltd,171949.34 AUD,25-Oct-2025,3670
INV330295,Waste management services,cleanaway waste management limited,125817.35,27 July 2029,3556
INV330296,Management of Active Melbourne recreation facilities,Victorian,0.2m,10/06/2027,3615
INV330297,Integrated security services,national protective services pty ltd,142781.75,03/01/2025,3686
INV330298,Civil infrastructure services,Citywide Service Solutions Pty Ltd,82839.75,22/09/2028,3665
INV330299,Open spaces management - region 1,SEpCO,0.0m,06/01/2025,3677
INV330300,Melbourne Town Hall venue management,Showtime Event Group Pty. Ltd.,242880.92,06 June 2026,3670
INV330301,Open spaces management - region 2,SERCO (AU),15728.31,28-Jun-2027,3677
INV330302,Civil infrastructure services,citywide service solutions pty ltd,129350.5,27/08/12,3665
INV330303,Civil infrastructure services,citywide service solutions pty ltd,0.2m,07/10/2029,3665
INV330304,Melbourne Town Hall venue management,Showtime,0.2m,2028-09-03,3670
INV330305,Graffiti management and pressure cleaning services,CALCORP SERVICES PTY LTD,92646.92 AUD,08 January 2028,3668
INV330306,Street cleaning,SPOTLESS FACILITY SERVICES PTY LTD,114733.8,2027-04-13,3669
INV330307,Waste management services,Cleanaway Waste Mgmt Limited,108209.85 AUD,24-Oct-2028,3556
INV330308,Parking technology services,reino international pty ltd t/a duncan solutions,157439.83 AUD,26/01/22, 
INV330309,Building cleaning services,Menzies  International  (Aust)  Pty  Ltd,0.2m,25/05/26,3634
INV330310,Melbourne Town Hall venue management,Showtime Event Group P/L,53251.91,2029-11-14,3670
INV330311,Waste management services,Cleanaway Waste Management Limited,0.1m,03/09/2028,3556
INV330312,Waste management services,cleanaway waste management limited,141795.13,25/10/20,3556
INV330313,Waste management services,CleanawayWasteManagementLimited,"$69,330.33",26/10/2025, 
INV330314,Street cleaning,Spotless,155425.52,10-Feb-2025,3669
INV330315,Parking technology services,ReinoInternationalPtyLtdT/ADuncanSolutions,113731.04,27/12/25,3623
INV330316,Integrated security services,national protective services pty ltd,25361.68,2026-09-03,3686
INV330317,Parking technology services,REINO INTERNATIONAL PTY LTD T/A DUNCAN SOLUTIONS,"$146,167.2",25/03/11,3623
INV330318,Management of Active Melbourne recreation facilities,victorian ymca community programming pty ltd,0.1m,28-Apr-2026,3615
INV330319,Building cleaning services,MenziesInternational(Aust)PtyLtd,234024.15,2027-12-02,3634
INV330320,Management of Active Melbourne recreation facilities,Victorian,226870.57 AUD,2027-10-06,3615
INV330321,Vehicle tow away and impound services,Nationwide To,14412.51,29/01/2027,3585
INV330322,Waste management services,CleanawayWasteManagementLimited,144882.75,27-Oct-2026,3556
INV330323,Vehicle tow away and impound services,Nationwide Towing Services (AU),159722.63,2027-08-01,3585
INV330324,Tree management maintenance services,citywide service solutions pty ltd,"$118,821.36",,3678
INV330325,Integrated security services,National Protective Services Pty. Ltd.,176949.18,27/10/14,3686
INV330326,Melbourne Town Hall venue management,Showtime,0.2m,11/07/2027,3670
INV330327,Street cleaning,Spotless Facility,"$86,693.96",04-Apr-2029,3669
INV330328,Graffiti management and pressure cleaning services,Calcorp Serv,133128.01,29 November 2026,3668
INV330329,Open spaces management - region 1,Citywide Service Solutions Pty Ltd,66986.12 AUD,26-Nov-2029,3676
INV330330,Vehicle tow away and impound services,Nationwide TowingbServices,95437.85,19 March 2027,3585
INV330331,Building maintenance services,Programmed  Facility  Management  Pty  Ltd,0.2m,25/11/2029,3630
INV330332,Vehicle tow away and impound services,Nationwide lowing Services,"$197,825.47",27/10/20,3585
INV330333,Tree management maintenance services,Citywide,208872.16,2027-02-13,3678
INV330334,Building cleaning services,Menzies International (Aust) Pty. Ltd.,0.1m,2026-08-10,3634
INV330335,Graffiti management and pressure cleaning services,Calcorp Serv,167971.87 AUD,28/09/10,3668
INV330336,Open spaces management - region 1,Citywide Service Solutions Pty. Ltd.,114569.56 AUD,15/06/2028,3676
INV330337,Tree management maintenance services,Citywide Service ,118433.11 AUD,30/01/2026,3678
INV330338,Tree management maintenance services,Spotless Facility,173122.0,25/01/03,3669
INV330339,Street cleaning,Spotless Facility Services Pty Ltd (AUS),176483.64,06/09/2027,3669
INV330340,Melbourne Town Hall venue management,Showtime Event Group Pty Ltd,129904.54 AUD,28-Aug-2029,3670
INV330341,Open spaces management - region 2,SERCO,"$243,284.73",29/11/12,3677
INV330342,Building maintenance services,ProgrammedFacilityManagementPtyLtd,74737.85,12 July 2029,3630
INV330343,Management of Active Melbourne recreation facilities,Victorian YMCA Community Programming Ptq Ltd,61118.08,2027-03-15,3615
INV330344,Civil infrastructure services,Programmed Facility Management Pty Ltd (AU),223585.65,26/08/30,3630
INV330345,Management of Active Melbourne recreation facilities,victorian ymca community programming pty ltd,"$55,204.14",13 October 2027,3615
INV330346,Integrated security services,Victorian YMCA Community Programming Pty Ltd (AUS),"$105,860.43",22 March 2026,3615
INV330347,Open spaces management - region 2,SERCO,66122.37 AUD,10-Feb-2026,3677
INV330348,Parking technology services,Reino,"$153,564.93",15-Aug-2025,3623
INV330349,Building maintenance services,Programmed,54126.13,07/04/2029,3630
INV330350,Street cleaning,Spotless Facility Services Pty Ltd,"$170,686.85",29/06/2027,3669
INV330351,Tree management maintenance services,Citywide Service Solutions Pty. Ltd.,189694.6 AUD,05 November 2028,3678
INV330352,Open spaces management - region 2,Serco,117288.25,25/03/2029,3677
INV330353,Civil infrastructure services,Citywide Service Solutions Pty Ltd (AUS),"$208,690.68",2025-12-19,3665
INV330354,Tree management maintenance services,Citywide Service Solutions Pty. Ltd.,"$149,574.24",29/10/23,3678
INV330355,Building cleaning services,Menzies Intl (Aust) Pty Ltd,159686.54 AUD,29/11/29,3634
INV330356,Tree management maintenance services,CitywideServiceSolutionsPtyLtd,89847.83,28/07/11,3678
INV330357,Waste management services,CLEANAWAY WASTE MANAGEMENT LIMITED,"$112,293.39",28/04/2026,3556
INV330358,Building maintenance services,Victorian YMCA Community Programming P/L,107087.8 AUD,02/09/2029,3615
INV330359,Vehicle tow away and impound services,Nationwide  Towing  Services,91490.7 AUD,29/10/22,3585
INV330360,Integrated security services,National Protective Services Pty Ltd (AU),0.2m,27 January 2027,3686
INV330361,Open spaces management - region 1,Citywide Service ,117564.25,05-May-2027,3676
INV330362,Building cleaning services,Menzies International (Aust) Pty. Ltd.,123649.72,21/08/2029,3634
INV330363,Graffiti management and pressure cleaning services,Calcorp,143488.2 AUD,14/01/2027,3668
INV330364,Street cleaning,Progrlmmed Facility Management Pty Ltd,0.1m,26 December 2028,3630
INV330365,Building maintenance services,Programmed Faciliby Management Pty Ltd,221212.53,14-Mar-2028,3630
INV330366,Graffiti management and pressure cleaning services,Calcorp Services Pty Ltd (AUS),"$161,926.11",04/02/2025, 
INV330367,Building cleaning services,Menzies,167483.67 AUD,25/04/02,3634
INV330368,Integrated security services,national protective services pty ltd,130923.22,03-Jan-2027,3686
INV330369,Open spaces management - region 1,Citywide Service Solutions Pty Ltd (AUS),41476.99,04 June 2026,3676
INV330370,Building cleaning services,Menzies International (Aust) Pty Ltd,119043.0,2028-01-12,3634
INV330371,Open spaces management - region 1,CITYWIDE SERVICE SOLUTIONS PTY LTD,202716.92 AUD,20-Nov-2027,3676
INV330372,Waste management services,Cleanaway Waste Management LTD,10008.66,09/08/2027,3556
INV330373,Building cleaning services,Menzies International (Aust) P/L,"$55,007.34",25/05/21,3634
INV330374,Street cleaning,Spotless Facility Services Pty Ltd (AU),"$95,016.04",25/11/25,3669
INV330375,Open spaces management - region 2,Serco,0.1m,2026-01-16,3677
INV330376,Building maintenance services,Programmed Facility Management PtymLtd,35765.39 AUD,27/12/27,3630
INV330377,Building cleaning services,Menzies International (Aust) Pty. Ltd.,"$129,745.24",07/01/2028,3634
INV330378,Street cleaning,Spotless,85841.15,2029-09-15,3669
INV330379,Vehicle tow away and impound services,Nationwide Towing Services,0.1m,03/01/2026,3585
INV330380,Integrated security services,National  Protective  Services  Pty  Ltd,0.2m,06-Sep-2026,3686
INV330381,Waste management services,cleanaway waste management limited,141225.07,25/04/05,3556
INV330382,Building cleaning services,Menzies International (Aust) Pty Ltd,116032.63,02/06/2025,3634
INV330383,Parking technology services,Reino  International  Pty  Ltd  T/A  Duncan  Solutions,0.2m,10/07/2025,3623
INV330384,Tree management maintenance services,Citywide,8731.96,27/02/25, 
INV330385,Building maintenance services,Programmed  Facility  Management  Pty  Ltd,0.1m,07-Jun-2026,3630
INV330386,Building maintenance services,programmed facility management pty ltd,221244.88,19/11/2028,3630
INV330387,Graffiti management and pressure cleaning services,CalcorpServicesPtyLtd,19494.77,14-Dec-2025,3668
INV330388,Open spaces management - region 2,serco,"$142,420.57",11-Dec-2025, 
INV330389,Building cleaning services,Menzies International (Aust) Pty. Ltd.,135718.07 AUD,28-Sep-2026,3634
INV330390,Parking technology services,Reino International Pty Ltd T/A Duncan Solutions (AUS),"$4,214.08",09/07/2025,3623
INV330391,Waste management services,Cleanaway Waste Management Limited (AU),0.1m,2025-02-04,3556
INV330392,Graffiti management and pressure cleaning services,Calcorp Services P/L,186622.55 AUD,2029-05-27,3668
INV330393,Integrated security services,NationalProtectiveServicesPtyLtd,135314.31,28/07/28,3686
INV330394,Tree management maintenance services,CITYWIDE SERVICE SOLUTIONS PTY LTD,127150.22 AUD,05/07/2027,3678
INV330395,Building maintenance services,Programmed Facility Management Pty Ltd,0.1m,19 June 2029,3630
INV330396,Open spaces management - region 2,SERCO (AUS),204758.04 AUD,07 January 2027,3677
INV330397,Building cleaning services,Menzies,0.0m,17 September 2026,3634
INV330398,Open spaces management - region 2,SERCO,163868.38 AUD,09/12/2025,3677
INV330399,Parking technology services,Citywide Service Solutions Pty Ltd (AU),172946.22,26 May 2025,3665
INV330400,Vehicle tow away and impound services,Nationwide  Towing  Services,0.1m,15-Nov-2025,3585
INV330401,Open spaces management - region 2,SERCO,16373.41,2027-12-30,3677
INV330402,Building cleaning services,MenziesInternational(Aust)PtyLtd,119315.0,28/10/07,3634
INV330403,Building maintenance services,Programmed Facility Management Pty Ltd (AU),228065.41 AUD,08 October 2028,3630
INV330404,Open spaces management - region 1,Citywide Service Solutions Pty Ltd,56871.22 AUD,2029-05-28,3676
INV330405,Street cleaning,Spotless,139283.77,25 March 2029,3669
INV330406,Melbourne Town Hall venue management,showtime event group pty ltd,67387.62,14/10/2025,3670
INV330407,Open spaces management - region 1,Citywide Service Solutions Pty Ltd,82680.94,2027-11-29,3676
INV330408,Management of Active Melbourne recreation facilities,Victorian YMCA Communi,"$236,921.79",2029-10-01,3615
INV330409,Melbourne Town Hall venue management,Showtime Event Group Pty Ltd,206150.81,30/10/2026, 
INV330410,Waste management services,Cleanaway Waste M,172520.74,17 January 2027,3556
INV330411,Building maintenance services,Programmed Facility Management Pty Ltd (AU),"$175,684.37",01-Jul-2027,3630
INV330412,Building maintenance services,Programmed Facility Management Pty Ltd,78029.6,01-May-2029,3630
INV330413,Open spaces management - region 1,Citywide Service Solutions P/L,244073.69 AUD,03/05/2027,3676
INV330414,Melbourne Town Hall venue management,Showtime Event Group Pty Ltd,11126.24,19/03/2025,3670
INV330415,Vehicle tow away and impound services,Nationwide Towing Services (AUS),170744.32,11/10/2027,3585
INV330416,Management of Active Melbourne recreation facilities,CITYWIDE SERVICE SOLUTIONS PTY LTD,0.2m,10/02/2027, 
INV330417,Graffiti management and pressure cleaning services,Calcorp Services Pty Ltd,0.2m,18 January 2025,3668
INV330418,Graffiti management and pressure cleaning services,Calcorp Services P/L,109526.26,08-Dec-2026,3668
INV330419,Waste management services,Cleanaway Waste Management Ltd,69338.89,24/04/2025,3556
INV330420,Vehicle tow away and impound services,Nationwide Towing Services,0.1m,2028-08-26,3585
INV330421,Waste management services,serco,"$209,912.23",26/06/19,3677
INV330422,Open spaces management - region 1,Citywide Service Solutions Pty Ltd,131784.94,04 June 2025,3676
INV330423,Open spaces management - region 2,SERCO,102619.31 AUD,02/04/2026,3677
INV330424,Building maintenance services,Programmed Facility Mgmt Pty Ltd,209328.44 AUD,2025-10-21,3630
INV330425,Civil infrastructure services,Citywide Service Solutions Pty. Ltd.,204273.39,21/12/2026,3665
INV330426,Tree management maintenance services,Citywide Service Solutions Pty Ltd,110381.48,08-Jan-2029,3678
INV330427,Open spaces management - region 2,SERCO,68100.05 AUD,21-Jan-2027,3677
INV330428,Building maintenance services,Programmed Facility Mgmt Pty Ltd,142296.24,04-Jul-2026,3630
INV330429,Waste management services,Cleanaway Waste Management timited,105496.93,31 March 2029,3556
INV330430,Tree management maintenance services,CITYWIDE SERVICE SOLUTIONS PTY LTD,"$97,213.0",20 May 2029,3678
INV330431,Open spaces management - region 1,MenziesInternational(Aust)PtyLtd,0.2m,13/07/2028,3634
INV330432,Open spaces management - region 2,SERCO,233461.6,2026-12-07,3677
INV330433,Tree management maintenance services,CitywideServiceSolutionsPtyLtd,0.0m,17-Sep-2026,3678
INV330434,Melbourne Town Hall venue management,Showtime Event Group Pty Ltd (AUS),138474.73,26/08/04, 
INV330435,Open spaces management - region 2,SERCO,"$181,020.54",2025-09-04,3677
INV330436,Graffiti management and pressure cleaning services,Calcorp Seriices Pty Ltd,0.0m,01/06/2028,3668
INV330437,Tree management maintenance services,Citywide Service Solutions Pty Ltd (AU),116026.53 AUD,29-Sep-2025,3678
INV330438,Graffiti management and pressure cleaning services,Calcorp Services P/L,56198.52 AUD,2025-01-20,3668
INV330439,Management of Active Melbourne recreation facilities,Victorian  YMCA  Community  Programming  Pty  Ltd,53502.1,25/12/2028,3615
INV330440,Management of Active Melbourne recreation facilities,Victorian YMCA Community Pwogramming Pty Ltd,"$228,367.7",27/12/2028,3615
INV330441,Graffiti management and pressure cleaning services,Calcorp  Services  Pty  Ltd,"$91,384.2",2025-08-19,3668
INV330442,Management of Active Melbourne recreation facilities,Victorian Ymca Community Programming Pty Ltd,192544.76,11-Jan-2029,3615
INV330443,Management of Active Melbourne recreation facilities,Victorian YMCA Communi,"$219,933.77",2027-02-24,3615
INV330444,Open spaces management - region 1,citywide service solutions pty ltd,"$177,583.04",30/10/2027,3676
INV330445,Street cleaning,Spotless Facility Services Pty Ltd (AU),65238.82,30 December 2025,3669
INV330446,Open spaces management - region 2,SERCO,212893.26 AUD,17/02/2029,3677
INV330447,Waste management services,Cleanaway  Waste  Management  Limited,16512.43,2027-03-17,3556
INV330448,Civil infrastructure services,Cdtywide Service Solutions Pty Ltd,0.1m,05-Sep-2025,3665
INV330449,Open spaces management - region 2,SERCO,0.1m,2026-08-06,3677
INV330450,Building cleaning services,Menzins International (Aust) Pty Ltd,0.1m,05 November 2026,3634
INV330451,Graffiti management and pressure cleaning services,CalcorpServicesPtyLtd,0.2m,13/04/2027,3668
INV330452,Tree management maintenance services,Citywide Service Solutions P/L,134856.37 AUD,18 November 2026,3678
INV330453,Graffiti management and pressure cleaning services,calcorp services pty ltd,0.2m,2025-01-20,3668
INV330454,Parking technology services,Reino,14736.21,19-Aug-2027,3623
INV330455,Melbourne Town Hall venue management,Showtime Event Group Pty. Ltd.,0.2m,2029-04-26,3670
INV330456,Open spaces management - region 1,jitywide Service Solutions Pty Ltd,0.1m,2026-06-15,3676
INV330457,Civil infrastructure services,citywide service solutions pty ltd,0.1m,02-Aug-2029,3665
INV330458,Parking technology services,Reino,55114.61 AUD,24/09/2027,3623
INV330459,Integrated security services,National Protective Services P/L,0.1m,06 June 2025,3686
INV330460,Parking technology services,Reino International Pty Ltd T/A Duncan Solutions,130447.49,23/11/2029,3623
INV330461,Civil infrastructure services,Citywide Service ,"$109,428.63",09/02/2027,3665
INV330462,Vehicle tow away and impound services,Nationwide  Towing  Services,0.1m,28/01/20,3585
INV330463,Building maintenance services,Programmed Facility Management Pty. Ltd.,73224.82 AUD,02/01/2027,3630
INV330464,Building cleaning services,Victorian,229238.2 AUD,29/02/13,3615
INV330465,Management of Active Melbourne recreation facilities,Victorian  YMCA  Community  Programming  Pty  Ltd,"$22,460.63",25/11/17,3615
INV330466,Parking technology services,Reino Int’l Pty Ltd T/A Duncan Solutions,219064.48 AUD,27/06/20,3623
INV330467,Open spaces management - region 2,Showtime Event Group Pty Ltd,"$234,032.2",27/03/09,3670
INV330468,Open spaces management - region 2,Reino International Pty. Ltd. T/A Duncan Solutions,146844.39,2026-12-01,3623
INV330469,Graffiti management and pressure cleaning services,Calcorp Services Pty Ltd (AU),"$198,309.37",28/02/23,3668
INV330470,Management of Active Melbourne recreation facilities,Victorian YMCA Community Programming Pty. Ltd.,93011.28 AUD,23/12/2029, 
INV330471,Graffiti management and pressure cleaning services,Calcorp Services Pty. Ltd.,"$66,316.33",01-Jul-2025,3668
INV330472,Parking technology services,Reino International Pty Ltd T/A Duncan Solutions,0.1m,26/06/05,3623
INV330473,Building cleaning services,Menzies International (Aust) Pty Ltd,52974.28,03-Oct-2026,3634
INV330474,Civil infrastructure services,citywide service solutions pty ltd,63107.83,29/03/23,3665
INV330475,Melbourne Town Hall venue management,Showtide Event Group Pty Ltd,196309.37,24/07/2028, 
INV330476,Graffiti management and pressure cleaning services,Calcorp Services Pty Ltd,156458.65,16/12/2025,3668
INV330477,Open spaces management - region 2,SERCO,20419.58 AUD,28 February 2027,3677
INV330478,Integrated security services,National Protective Services Pty Ltd,124207.7,24-Jan-2025,3686
INV330479,Civil infrastructure services,Citywide Service Solutions Pty Ltd,16502.52,14/06/2025,3665
INV330480,Vehicle tow away and impound services,Nationwide Towing Services (AUS),249523.98,29/04/05,3585
INV330481,Management of Active Melbourne recreation facilities,MenziesInternational(Aust)PtyLtd,0.1m,22/12/2027,3634
INV330482,Civil infrastructure services,Citywide,140450.15 AUD,2027-04-20,3665
INV330483,Vehicle tow away and impound services,Nationwide Towing Services,27631.92 AUD,18-Apr-2026,3585
INV330484,Street cleaning,Spotless,216814.37,21/08/2029,3669
INV330485,Management of Active Melbourne recreation facilities,victorian ymca community programming pty ltd,51747.11,22 February 2025,3615
INV330486,Open spaces management - region 2,SERCc,48368.58,14/08/2026,3677
INV330487,Waste management services,Cleanaway Waste Management Limited (AU),239946.19,26/04/07,3556
INV330488,Management of Active Melbourne recreation facilities,Victorian YMCA Community Programming Pty. Ltd.,"$183,543.92",2027-10-30,3615
INV330489,Building cleaning services,Menzies International (Aust) P/L,110455.29,22/03/2028,3634
INV330490,Vehicle tow away and impound services,Nationwide Towing Services,193175.85 AUD,03 December 2025,3585
INV330491,Waste management services,Cleanaway Waste Management Limited,235719.22,17 December 2027,3556
INV330492,Integrated security services,national protective services pty ltd,0.2m,05-Mar-2028,3686
INV330493,Civil infrastructure services,Citywide Service Solutions P/L,191890.53,20/04/2026,3665
INV330494,Open spaces management - region 2,SEReO,175874.14,29 July 2028,3677
INV330495,Waste management services,cleanaway waste management limited,196019.53,05/06/2028,3556
INV330496,Parking technology services,ReinoInternationalPtyLtdT/ADuncanSolutions,202808.76 AUD,28/05/17,3623
INV330497,Management of Active Melbourne recreation facilities,Victorian,"$76,453.66",25/11/26,3615
INV330498,Street cleaning,Spotless Facility Services Pty Ltd (AUS),111489.72 AUD,28/03/25,3669
INV330499,Integrated security services,National Protective Services Pty Ltd,249049.84 AUD,09/09/2029,3686
INV330500,Tree management maintenance services,Citywide Service Solutions Pty Ltd,0.0m,03 July 2027,3678
INV330501,Parking technology services,ReinoInternationalPtyLtdT/ADuncanSolutions,0.2m,11 September 2027,3623
INV330502,Open spaces management - region 1,Citywide,0.2m,28/11/14,3676
INV330503,Waste management services,Cleanaway  Waste  Management  Limited,154398.17,09/06/2028,3556
INV330504,Integrated security services,national protective services pty ltd,173158.28 AUD,2028-12-23,3686
INV330505,Melbourne Town Hall venue management,Showtime Event Group Pty. Ltd.,235017.34,18/02/2029,3670
INV330506,Street cleaning,Spotless Facility Services Pty Ltd (AU),47928.59,2029-03-08,3669
INV330507,Civil infrastructure services,Citywide Service Solutionq Pty Ltd,28136.19,03/11/2026,3676
INV330508,Integrated security services,National Protective Services Pty Ltd,"$91,754.49",25/10/05,3686
INV330509,Street cleaning,SPOTLESS FACILITY SERVICES PTY LTD,0.2m,25/09/2029,3669
INV330510,Waste management services,Cleanaway,105386.1,19/11/2029,3556
INV330511,Open spaces management - region 2,SERCO (AUS),114589.77,28/12/13,3677
INV330512,Graffiti management and pressure cleaning services,Calcorp Services Pty Ltd,56145.09,27/12/21,3668
INV330513,Open spaces management - region 1,Citywide Service Solutions Pty. Ltd.,229486.36,07-Jul-2026,3676
INV330514,Waste management services,Showtime Event Group Pty Ltd,231900.95,06/05/2029,3670
INV330515,Open spaces management - region 1,Citywide Service Solutions Pty Ltd (AU),208560.32 AUD,20 January 2028,3676
INV330516,Tree management maintenance services,Citywide Service Solutions Pty. Ltd.,0.1m,20 December 2026,3678
INV330517,Integrated security services,NationalProtectiveServicesPtyLtd,219174.73,27/03/17,3686
INV330518,Building maintenance services,Programmed Facility Management Pty Ltd (AUS),,2026-07-10,3630
INV330519,Street cleaning,spotless facility services pty ltd,"$158,059.26",2027-08-08,3669
INV330520,Management of Active Melbourne recreation facilities,Victorian  YMCA  Community  Programming  Pty  Ltd,0.2m,16 October 2027,3615
INV330521,Building cleaning services,Menzies International (Aust) Pty Ltd (AU),179284.24 AUD,26/07/06,3634
INV330522,Building maintenance services,Programmed Facility,143073.06,01-Dec-2028,3630
INV330523,Open spaces management - region 2,serco,0.1m,19-Apr-2028,3677
INV330524,Vehicle tow away and impound services,Nationwide Towing Sehvices,155638.24 AUD,2027-09-12,3585
INV330525,Waste management services,Cleanaway Waste Management Limited,111458.74,06/11/2028,3556
INV330526,Tree management maintenance services,Citywide Service Solutions P/L,"$67,350.41",27/09/24,3678
INV330527,Street cleaning,Spotless Facility Services Pty Ltd (AUS),11050.78,15 April 2029,3669
INV330528,Melbourne Town Hall venue management,Showtime Event Group P/L,14741.28,19/11/2026, 
INV330529,Open spaces management - region 2,SERCO,0.2m,01/07/2029,3677
INV330530,Building maintenance services,Reino International Pty Ltd T/A Duncan Solutions,16610.89 AUD,20-Sep-2025,3623
INV330531,Street cleaning,Spotless Facility Services P/L,156191.39 AUD,25/07/24,3669
INV330532,Waste management services,cleanaway waste management limited,178073.57,27/10/2025,3556
INV330533,Civil infrastructure services,CITYWIDE SERVICE SOLUTIONS PTY LTD,138347.86,24-Mar-2026,3665
INV330534,Civil infrastructure services,Citywide Service Solutions Pty Ltd,143982.62,2025-07-05,3665
INV330535,Building maintenance services,ProgrammedFacilityManagementPtyLtd,129152.71,29/03/06,3630
INV330536,Management of Active Melbourne recreation facilities,VictorianYMCACommunityProgrammingPtyLtd,99075.07,2025-07-17,3615
INV330537,Open spaces management - region 2,SERCO,"$132,515.69",2027-08-25,3677
INV330538,Vehicle tow away and impound services,Nationwide Towing Services (AUS),102172.55 AUD,25/09/2029,3585
INV330539,Building maintenance services,Programmed Facility Management P/L,84505.9,08 February 2029,3630
INV330540,Vehicle tow away and impound services,Nationwide  Towing  Services,178620.22,2028-03-07,3585
INV330541,Street cleaning,Spotless Facility Services Pty. Ltd.,137792.58,10 June 2025,3669
INV330542,Street cleaning,Spotless Facility Services P/L,"$125,978.82",16 June 2025,3669
INV330543,Civil infrastructure services,citywide service solutions pty ltd,0.0m,01/12/2029,3665
INV330544,Waste management services,Cleanaway Waste Management LTD,0.0m,25/08/20,3556
INV330545,Street cleaning,Spotless Facility Services Pty Ltd (AU),25880.86,03 February 2028,3669
INV330546,Tree management maintenance services,citywide service solutions pty ltd,30318.75,2029-04-24,3678
INV330547,Vehicle tow away and impound services,Nationwide  Towing  Services,129230.46,21 November 2028,3585
INV330548,Parking technology services,Reino International Pty Ltd T/A puncan Solutions,54748.2 AUD,28 December 2029,3623
INV330549,Waste management services,Cleanaway Waste Management Limited,"$205,083.73",21 August 2025,3556
INV330550,Parking technology services,Reino Intl Pty Ltd T/A Duncan Solutions,"$46,012.61",22/02/2026,3623
INV330551,Vehicle tow away and impound services,nationwide towing services,0.1m,2025-11-12,3585
INV330552,Building cleaning services,Menzies Internationul (Aust) Pty Ltd,181086.98,20-Apr-2028,3634
INV330553,Civil infrastructure services,Citywide Service Solutions Pty Ltd (AUS),"$86,291.47",2025-02-13,3665
INV330554,Melbourne Town Hall venue management,Showtime,0.0m,04 August 2029,3670
INV330555,Waste management services,Cleanaway  Waste  Management  Limited,175621.28 AUD,27-Apr-2028,3556
INV330556,Building cleaning services,aenzies International (Aust) Pty Ltd,"$191,728.0",2025-11-10,3634
INV330557,Tree management maintenance services,citywide service solutions pty ltd,0.2m,2027-02-24,3678
INV330558,Building maintenance services,PROGRAMMED FACILITY MANAGEMENT PTY LTD,193455.79,2026-10-10, 
INV330559,Vehicle tow away and impound services,NATIONWIDE TOWING SERVICES,"$162,217.96",23-Sep-2028,3585
INV330560,Tree management maintenance services,citywide service solutions pty ltd,120977.72 AUD,2025-04-06,3678
INV330561,Open spaces management - region 2,SERCO,0.1m,30 September 2029,3677
INV330562,Tree management maintenance services,Menzies International (Aust) Pty Ltd,0.1m,24/09/2028,3634
INV330563,Street cleaning,Spotless Facility Services Pty Ltd (AUS),"$122,188.81",03/11/2029,3669
INV330564,Melbourne Town Hall venue management,SHOWTIME EVENT GROUP PTY LTD,0.2m,25-Oct-2025,3670
INV330565,Melbourne Town Hall venue management,Showtime Event,57516.17,10/09/2028,3670
INV330566,Integrated security services,National Protective Services Pty Ltd (AU),0.2m,28/11/26,3686
INV330567,Tree management maintenance services,Citywide Service ,0.1m,07-Jan-2029,3678
INV330568,Street cleaning,Spotless Facility Services Pty Ltd,0.0m,2026-12-11,3669
INV330569,Vehicle tow away and impound services,Nationwide Towing Services (AUS),159438.37 AUD,2028-08-13,3585
INV330570,Management of Active Melbourne recreation facilities,Victorian YMCA Community Progragming Pty Ltd,0.1m,28/10/09,3615
INV330571,Integrated security services,National,0.2m,05/12/2028,3686
INV330572,Civil infrastructure services,Citywide Service Solutions P/L,72437.07 AUD,30/01/2025,3665
INV330573,Open spaces management - region 2,SERCO (AU),127773.19,01 May 2026,3677
INV330574,Open spaces management - region 2,Victorian YMCA Communi,150549.85,2025-11-12,3615
INV330575,Parking technology services,Reino Int’l Pty Ltd T/A Duncan Solutions,0.2m,14/04/2026, 
INV330576,Management of Active Melbourne recreation facilities,Victorian,56548.2,14-Jun-2025,3615
INV330577,Integrated security services,National Protective Services Pty Ltd,0.2m,04-Sep-2028,3686
INV330578,Waste management services,Cleanaway Waste Management Ltd,34029.49,19 December 2028,3556
INV330579,Vehicle tow away and impound services,Nationwide Towing Services,"$243,432.19",14-Aug-2026,3585
INV330580,Building cleaning services,Menzies Internatio,214625.75,20 September 2026,3634
INV330581,Parking technology services,Reino,0.1m,26/11/2028,3623
INV330582,Tree management maintenance services,jitywide Service Solutions Pty Ltd,"$63,030.45",27-Mar-2028,3678
INV330583,Tree management maintenance services,CitywideServiceSolutionsPtyLtd,178519.11,27/11/19,3678
INV330584,Building cleaning services,Menzies,0.2m,19/07/2028,3634
INV330585,Management of Active Melbourne recreation facilities,Victorian YMCA Communi,0.0m,27-Apr-2027,3615
INV330586,Open spaces management - region 1,Citywide  Service  Solutions  Pty  Ltd,"$64,926.95",2028-12-22,3676
INV330587,Melbourne Town Hall venue management,Showtime Event Group Pty Ltd,"$176,301.46",13/02/2026,3670
INV330588,Management of Active Melbourne recreation facilities,Victorian  YMCA  Community  Programming  Pty  Ltd,27733.87,29-Sep-2025,3615
INV330589,Vehicle tow away and impound services,Nationwide vowing Services,108373.41,2026-06-13,3585
INV330590,Integrated security services,national protective services pty ltd,199523.12,22 August 2028,3686
INV330591,Open spaces management - region 1,citywide service solutions pty ltd,125931.34,2027-07-18,3676
INV330592,Tree management maintenance services,Citywide Service Solutions P/L,"$159,309.27",26-Oct-2029,3678
INV330593,Civil infrastructure services,CitywideServiceSolutionsPtyLtd,10519.55,08/10/2029, 
INV330594,Civil infrastructure services,Citywide Service Solutions Pty Ltd,128187.55,14-Aug-2025,3665
INV330595,Street cleaning,SPOTLESS FACILITY SERVICES PTY LTD,45814.0 AUD,14-Sep-2027,3669
INV330596,Civil infrastructure services,Citywide  Service  Solutions  Pty  Ltd,146884.74,07-Feb-2028,3665
INV330597,Building cleaning services,Menzies International (Aust) Pty Ltd (AUS),"$212,283.09",19/01/2027,3634
INV330598,Building cleaning services,MENZIES INTERNATIONAL (AUST) PTY LTD,141796.71 AUD,09/05/2025,3634
INV330599,Management of Active Melbourne recreation facilities,Victorian  YMCA  Community  Programming  Pty  Ltd,"$87,681.12",05 July 2026,3615
INV330600,Tree management maintenance services,Citywide Service uolutions Pty Ltd,,11 November 2027,3678
INV330601,Tree management maintenance services,Citywide Service Solutions P/L,"$35,994.09",2025-02-24,3678
INV330602,Street cleaning,Spotless Facility Services Pty Ltd,143972.84,28/10/18,3669
INV330603,Building cleaning services,Menzies Intl (Aust) Pty Ltd,21898.32 AUD,26/05/2025,3634
INV330604,Melbourne Town Hall venue management,showtime event group pty ltd,164312.83,25/09/21, 
INV330605,Parking technology services,Reino International Pty Ltd T/A Duncan Solutions,0.1m,01/01/2026,3623
INV330606,Parking technology services,Reino Int’l Pty Ltd T/A Duncan Solutions,0.2m,2028-11-21,3623
INV330607,Building maintenance services,Programmed Facility Management Pty Ltd,0.1m,03 August 2025,3630
INV330608,Tree management maintenance services,Citrwide Service Solutions Pty Ltd,163873.42 AUD,05/02/2027,3678
INV330609,Waste management services,Cleanaway Waste Management LTD,"$120,974.52",17-Feb-2028,3556
INV330610,Melbourne Town Hall venue management,Showtime Event Group P/L,"$58,535.63",10/10/2029,3670
INV330611,Waste management services,CLEANAWAY WASTE MANAGEMENT LIMITED,"$149,243.42",10/11/2028,3556
INV330612,Building cleaning services,Menzies International (Aust) Pty Ltd,137857.54,04 May 2026,3634
INV330613,Graffiti management and pressure cleaning services,Calcorp Services Pty Ltd (AUS),0.1m,2028-08-05,3668
INV330614,Civil infrastructure services,Citywide Service Solutions P/L,"$60,280.74",16/05/2025,3665
INV330615,Building maintenance services,programmed facility management pty ltd,0.0m,01 May 2027,3630
INV330616,Building cleaning services,menzies international (aust) pty ltd,0.1m,04 September 2027,3634
INV330617,Tree management maintenance services,Citywide Service Solutions Pty Ltd (AUS),146633.29,12/08/2027,3678
INV330618,Vehicle tow away and impound services,Nationwide Towing Services,199215.21,09/04/2026,3585
INV330619,Open spaces management - region 2,serco,0.0m,25/06/19,3677
INV330620,Melbourne Town Hall venue management,SHOWTIME EVENT GROUP PTY LTD,0.2m,14 March 2028,3670
INV330621,Vehicle tow away and impound services,nationwide towing services,56941.93,07/01/2028,3585
INV330622,Street cleaning,Spotless Facility Services Pty. Ltd.,51154.96 AUD,21 July 2026,3669
INV330623,Melbourne Town Hall venue management,Showtime Event Group Pty Ltd,246438.22,02/12/2029,3670
INV330624,Building maintenance services,Programmed Facility Management Pty ptd,67380.68,2026-10-03,3630
INV330625,Street cleaning,Spotless,"$142,943.13",13 August 2028,3669
INV330626,Integrated security services,National Protectiv,32399.16 AUD,15/12/2029,3686
INV330627,Vehicle tow away and impound services,Nationwide Towing Services (AUS),241317.07,2029-09-21,3585
INV330628,Open spaces management - region 1,Citywide Service ,125387.75 AUD,29/08/23,3676
INV330629,Building maintenance services,Programmed Facility,0.0m,21/02/2027,3630
INV330630,Civil infrastructure services,zitywide Service Solutions Pty Ltd,224263.47,08 July 2028,3665
INV330631,Open spaces management - region 1,Citywide,54802.01,2026-06-13,3676
INV330632,Open spaces management - region 1,CITYWIDE SERVICE SOLUTIONS PTY LTD,"$109,404.27",2026-05-30,3676
INV330633,Tree management maintenance services,Citywide Service ,182720.52 AUD,2026-04-25,3678
INV330634,Management of Active Melbourne recreation facilities,VictorianYMCACommunityProgrammingPtyLtd,80936.06,13-May-2029,3615
INV330635,Integrated security services,National Protective Services P/L,0.1m,29/04/06,3686
INV330636,Street cleaning,spotless facility services pty ltd,0.2m,27/05/26,3669
INV330637,Civil infrastructure services,Citywide  Service  Solutions  Pty  Ltd,101134.46 AUD,14 September 2027,3665
INV330638,Civil infrastructure services,Citywide,"$118,373.87",15 January 2029,3665
INV330639,Integrated security services,National Protective Services Pty Ltd (AU),"$2,403.3",22/02/2028,3686
INV330640,Integrated security services,National Protective Services Pty Ltd,"$179,142.65",05/07/2025,3686
INV330641,Vehicle tow away and impound services,Nationwide Towing Services,"$151,440.42",30 October 2027,3585
INV330642,Building cleaning services,Menzies Int’l (Aust) Pty Ltd,34252.78,19/05/2029,3634
INV330643,Management of Active Melbourne recreation facilities,victorian ymca community programming pty ltd,40312.25,28/03/01,3615
INV330644,Graffiti management and pressure cleaning services,Calcorp Services Pty Ltd (AUS),174200.99,08/08/2026,3668
INV330645,Integrated security services,NationalProtectiveServicesPtyLtd,122197.7,29/08/22,3686
INV330646,Civil infrastructure services,Citywide  Service  Solutions  Pty  Ltd,143206.73 AUD,29/10/19,3665
INV330647,Street cleaning,spotless facility services pty ltd,0.1m,2026-12-05,3669
INV330648,Open spaces management - region 1,citywide service solutions pty ltd,"$55,319.79",22/01/2025,3676
INV330649,Waste management services,Cleanaway Waste Management Limited,"$22,749.33",12-Jun-2029, 
INV330650,Open spaces management - region 1,CITYWIDE SERVICE SOLUTIONS PTY LTD,0.2m,01/02/2028, 
INV330651,Parking technology services,Reino Intl Pty Ltd T/A Duncan Solutions,0.2m,2027-10-22,3623
INV330652,Parking technology services,Reino International Pty Ltd T/A Duncan Solutions,"$119,430.18",05/06/2027,3623
INV330653,Management of Active Melbourne recreation facilities,Victorian  YMCA  Community  Programming  Pty  Ltd,164785.23,12 December 2025,3615
INV330654,Building cleaning services,Menzies International (Aust) Pty Ltd,0.2m,04/05/2026,3634
INV330655,Open spaces management - region 1,citywide service solutions pty ltd,0.1m,07/04/2029,3676
INV330656,Civil infrastructure services,Citywide Service Solutions Pty Ltd (AU),11455.64,2025-11-26,3665
INV330657,Open spaces management - region 2,SERjO,215816.92,25/11/09,3677
INV330658,Waste management services,Cleanaway Waste Management Limited (AUS),"$45,417.58",17/06/2028,3556
INV330659,Parking technology services,Reino Int’l Pty Ltd T/A Duncan Solutions,"$57,212.62",15 September 2026,3623
INV330660,Vehicle tow away and impound services,NATIONWIDE TOWING SERVICES,170454.87,31/12/2027,3585
INV330661,Melbourne Town Hall venue management,Showtime Event Group Pty Ltd (AUS),210308.2 AUD,27 September 2028,3670
INV330662,Integrated security services,National Protective Services Pty. Ltd.,0.1m,28/10/20,3686
INV330663,Street cleaning,spotless facility services pty ltd,133256.78 AUD,29/11/25,3669
INV330664,Street cleaning,Spotless Facility Services Pty Ltd (AUS),"$211,096.1",24-Nov-2029,3669
INV330665,Building cleaning services,Menzies  International  (Aust)  Pty  Ltd,43298.98 AUD,18/02/2025,3634
INV330666,Parking technology services,Reino International Pty Ltd T/A Duncan Solutions (AUS),"$211,600.78",27/11/09,3623
INV330667,Vehicle tow away and impound services,NATIONWIDE TOWING SERVICES,69617.1,18-Sep-2028,3585
INV330668,Building maintenance services,Programmed Facility Management Pty Ltd,0.1m,2027-07-28,3630
INV330669,Building maintenance services,ProgrammedFacilityManagementPtyLtd,0.1m,27 June 2025,3630
INV330670,Open spaces management - region 2,SERCO,210207.07,02/07/2029,3677
INV330671,Building cleaning services,Menzies International (Aust) P/L,"$100,508.36",2028-04-23,3634
INV330672,Vehicle tow away and impound services,Nationwide,139190.8 AUD,2029-07-01,3585
INV330673,Waste management services,Cleanaway Waste Management Limited,"$54,700.57",05/12/2028,3556
INV330674,Building maintenance services,PROGRAMMED FACILITY MANAGEMENT PTY LTD,210974.1 AUD,2029-07-08,3630
INV330675,Graffiti management and pressure cleaning services,Calcorp Services Pty Ltd,236030.14,11/05/2025,3668
INV330676,Integrated security services,national protective services pty ltd,244867.82 AUD,30-May-2026,3686
INV330677,Street cleaning,Spotless Facility Services Pty Ltd (AUS),"$128,574.95",2026-02-06, 
INV330678,Building cleaning services,Menzies International (Aust) Pty Ltd,8058.04 AUD,06/02/2027,3634
INV330679,Melbourne Town Hall venue management,Showtime Event Group Pty Ltd (AU),,,3670
INV330680,Open spaces management - region 2,SERCO,"$238,597.55",10/09/2025,3677
INV330681,Open spaces management - region 2,Serco,228797.45,06/11/2026,3677
INV330682,Graffiti management and pressure cleaning services,calcorp services pty ltd,79630.37,26/07/18,3668
INV330683,Integrated security services,National Protective Services Pty. Ltd.,171904.39,20/02/2026,3686
INV330684,Vehicle tow away and impound services,Nationwide Towing Services,56858.17 AUD,17-May-2027,3585
INV330685,Building cleaning services,Menzies  International  (Aust)  Pty  Ltd,0.1m,2027-07-13,3634
INV330686,Management of Active Melbourne recreation facilities,Victorian YMCA Communi,126196.32 AUD,2025-10-31,3615
INV330687,Waste management services,Cleanaway Waste Management Limited,67781.48,02 July 2027,3556
INV330688,Management of Active Melbourne recreation facilities,Victorian YMCA Community Programming Pty Ltd,"$10,056.6",21/07/2028,3615
INV330689,Building maintenance services,Programmed  Facility  Management  Pty  Ltd,"$129,174.23",08/12/2029,3630
INV330690,Tree management maintenance services,Citywide Service Solutions Pty Ltd,8571.37 AUD,2026-10-11, 
INV330691,Civil infrastructure services,citywide service solutions pty ltd,28238.21 AUD,19-May-2028,3665
INV330692,Open spaces management - region 1,Citywide,0.2m,09/08/2027,3676
INV330693,Integrated security services,Natconal Protective Services Pty Ltd,0.1m,25 April 2025, 
INV330694,Management of Active Melbourne recreation facilities,victorian ymca community programming pty ltd,"$159,862.94",2025-03-27,3615
INV330695,Melbourne Town Hall venue management,Showtime Event Group Pty Ltd,35113.3,22/11/2026,3670
INV330696,Waste management services,Cleanaway Waste Management Limited,23449.93 AUD,08/03/2025,3556
INV330697,Civil infrastructure services,citywide service solutions pty ltd,87781.57,25/09/26,3665
INV330698,Management of Active Melbourne recreation facilities,Victorian YMCA Communiry Programming Pty Ltd,"$142,324.27",2026-07-12,3615
INV330699,Tree management maintenance services,citywide service solutions pty ltd,177860.06,15/03/2025,3678
INV330700,Building maintenance services,ProgrammedFacilityManagementPtyLtd,"$210,751.24",29/03/07,3630
INV330701,Open spaces management - region 2,SnRCO,36247.05 AUD,25/06/26,3677
INV330702,Integrated security services,National  Protective  Services  Pty  Ltd,"$163,044.63",22/01/2029,3686
INV330703,Building maintenance services,Programmed Facility,"$119,367.74",07-May-2027,3630
INV330704,Open spaces management - region 1,CitywideServiceSolutionsPtyLtd,121790.76 AUD,31/12/2025,3676
INV330705,Tree management maintenance services,Citywide,0.1m,14 March 2028,3678
INV330706,Waste management services,Cleanaway Waste Management Limited (AU),151234.06 AUD,2028-08-25,3556
INV330707,Vehicle tow away and impound services,Nationwide Towing Services,68411.67,25/10/2028,3585
INV330708,Management of Active Melbourne recreation facilities,victorian ymca community programming pty ltd,0.2m,08/06/2025, 
INV330709,Management of Active Melbourne recreation facilities,Victorian Ymca Community Programming Pty Ltd,155182.35 AUD,25/03/27,3615
INV330710,Graffiti management and pressure cleaning services,CalcorpServicesPtyLtd,79249.85,13 July 2027,3668
INV330711,Open spaces management - region 1,Citywide Service Solutions Pty Ltd (AU),116552.08,16 September 2025,3676
INV330712,Civil infrastructure services,CITYWIDE SERVICE SOLUTIONS PTY LTD,"$91,666.82",30 October 2028,3665
INV330713,Integrated security services,National  Protective  Services  Pty  Ltd,0.0m,28/08/25,3686
INV330714,Integrated security services,National Protective Services Pty Ltd,0.2m,06 November 2028,3686
INV330715,Open spaces management - region 2,SERCO,0.2m,25/10/04,3677
INV330716,Parking technology services,NATIONAL PROTECTIVE SERVICES PTY LTD,"$222,556.01",29-Mar-2027, 
INV330717,Open spaces management - region 1,Citywide Service Solutions Pty Ltd,8775.56,2029-06-23,3676
INV330718,Building maintenance services,Programmed Facility Management Pty Ltd,54415.74 AUD,2028-07-05,3630
INV330719,Open spaces management - region 1,Citywide Service Solutions Pty Ltd,0.0m,11/11/2027,3676
INV330720,Building cleaning services,menzies international (aust) pty ltd,106612.53,09/06/2027,3634
INV330721,Management of Active Melbourne recreation facilities,Victorian YMCA Community Programming Pby Ltd,"$207,559.04",22/12/2026,3615
INV330722,Melbourne Town Hall venue management,ShowtimeEventGroupPtyLtd,132584.54 AUD,20 March 2025,3670
INV330723,Building cleaning services,Menzies International (Aust) Pty Ltd,161985.94,2029-05-08,3634
INV330724,Open spaces management - region 1,Citywide Service Solutions Pty. Ltd.,170219.99,28 June 2026,3676
INV330725,Tree management maintenance services,Citywide Service Solutions P/L,161542.04 AUD,24/01/2028,3678
INV330726,Parking technology services,Reino  International  Pty  Ltd  T/A  Duncan  Solutions,196157.83 AUD,14-Jul-2028,3623
INV330727,Tree management maintenance services,Citywide Service Solutions Pty Ltd,68545.66,05-Jun-2025,3678
INV330728,Vehicle tow away and impound services,Nationwide Towing Services (AUS),0.0m,19-Sep-2026,3585
INV330729,Open spaces management - region 1,Citywide Service Solutions Pty Ltd (AUS),"$88,349.52",01 February 2026,3676
INV330730,Open spaces management - region 2,SERCO (AU),196544.93,11-Nov-2026,3677
INV330731,Street cleaning,SpotlesswFacility Services Pty Ltd,"$72,312.69",30-Apr-2025,3669
INV330732,Vehicle tow away and impound services,Nationwide  Towing  Services,81772.02 AUD,2029-10-03,3585
INV330733,Building cleaning services,MenziesInternational(Aust)PtyLtd,39540.67 AUD,24/07/2029,3634
INV330734,Civil infrastructure services,Citywide Service Solutions P/L,237817.39 AUD,2025-06-05,3665
INV330735,Integrated security services,National Protecmive Services Pty Ltd,58650.85,2027-04-15,3686
INV330736,Management of Active Melbourne recreation facilities,VICTORIAN YMCA COMMUNITY PROGRAMMING PTY LTD,233358.59,21/10/2028,3615
INV330737,Graffiti management and pressure cleaning services,calcorp services pty ltd,"$22,414.44",2025-01-14,3668
INV330738,Parking technology services,Reino International Pty Ltd T/A Duncan Solutions,92406.7,27/03/18,3623
INV330739,Building cleaning services,MenziesInternational(Aust)PtyLtd,107777.8,28/12/03,3634
INV330740,Open spaces management - region 2,SERCO,"$156,335.11",27/08/08,3677
INV330741,Street cleaning,Spotless  Facility  Services  Pty  Ltd,"$13,427.23",28/02/2026,3669
INV330742,Civil infrastructure services,Reino  International  Pty  Ltd  T/A  Duncan  Solutions,27341.32,10/02/2029,3623
INV330743,Open spaces management - region 1,CitywideServiceSolutionsPtyLtd,"$213,487.09",05-May-2028,3676
INV330744,Tree management maintenance services,Citywide Service Solutions Pty Ltd,92193.81,02 April 2027,3678
INV330745,Street cleaning,Spotless,157183.17,02/07/2025,3669
INV330746,Graffiti management and pressure cleaning services,Calcorp  Services  Pty  Ltd,90477.38,17 January 2028,3668
INV330747,Parking technology services,Reino Int’l Pty Ltd T/A Duncan Solutions,0.2m,2026-05-23,3623
INV330748,Parking technology services,Reino International Pty Ltd T/A Duncan Solutions (AU),0.1m,2025-08-28,3623
INV330749,Waste management services,Cleanaway Waste Management Limited (AUS),0.2m,14 August 2026,3556
INV330750,Street cleaning,Spotless Facility Services Pty Ltd,244021.93,2026-08-26,3669
INV330751,Open spaces management - region 1,CitywideServiceSolutionsPtyLtd,113982.61 AUD,2027-09-03,3676
INV330752,Melbourne Town Hall venue management,Showtime Event Group P/L,128132.03,30-Jul-2028,3670
INV330753,Vehicle tow away and impound services,Nationwide To,"$56,958.12",09-Jul-2029,3585
INV330754,Tree management maintenance services,Citywide Service ,"$76,778.34",28/01/2029,3678
INV330755,Street cleaning,Spotless Facility Services Pty Ltd (AUS),185606.72 AUD,27/08/2027, 
INV330756,Waste management services,Cleanaway Waste Management Limited,213500.65,10/12/2027,3556
INV330757,Management of Active Melbourne recreation facilities,Victorian,"$245,847.73",2029-06-27,3615
INV330758,Graffiti management and pressure cleaning services,Calcorp Services Pty Ltd,"$134,322.12",25 November 2027,3668
INV330759,Integrated security services,NationalProtectiveServicesPtyLtd,140488.02,31/10/2029,3686
INV330760,Parking technology services,Reino International Pty Ltd T/A Duncan Solutions,45004.96,20/06/2029,3623
INV330761,Management of Active Melbourne recreation facilities,victorian ymca community programming pty ltd,12541.06,2026-05-01,3615
INV330762,Melbourne Town Hall venue management,ShowtimeEventGroupPtyLtd,6034.66,20 June 2028,3670
INV330763,Integrated security services,Citywide Service Solutions Pty Ltd (AUS),0.1m,23/07/2029,3665
INV330764,Open spaces management - region 2,Serco,"$225,024.06",07/08/2026,3677
INV330765,Vehicle tow away and impound services,Nationwide Towing Services,"$189,790.08",25/07/20,3585
INV330766,Building cleaning services,Menzies  International  (Aust)  Pty  Ltd,177047.56,03/07/2025,3634
INV330767,Open spaces management - region 2,SrRCO,0.2m,05/05/2028,3677
INV330768,Open spaces management - region 1,Citywide Service Solutions Pty Ltd,96247.41,26/03/19,3676
INV330769,Parking technology services,menzies international (aust) pty ltd,0.1m,23 May 2029,3634
INV330770,Vehicle tow away and impound services,Nationwide Towinb Services,125063.92 AUD,18/09/2026,3585
INV330771,Tree management maintenance services,Citywide,80613.69,23/05/2026,3678
INV330772,Street cleaning,Spotless Facility Services Pgy Ltd,18672.18 AUD,2026-05-14,3669
INV330773,Open spaces management - region 2,SERCO,239293.83,27/10/15,3677
INV330774,Open spaces management - region 2,SERCO,241578.74 AUD,05/01/2029,3677
INV330775,Open spaces management - region 2,SERCO,0.2m,26/10/2029,3677
INV330776,Building cleaning services,Menzies International (Aust) Pty Ltd (AU),0.2m,27/06/2025,3634
INV330777,Graffiti management and pressure cleaning services,Calcorp Serv,126620.7,01/02/2025,3668
INV330778,Street cleaning,Spotless,2414.28,22/08/2027,3669
INV330779,Melbourne Town Hall venue management,Showtime Event Group Pty Ltd (AU),195060.51,28 May 2027,3670
INV330780,Building cleaning services,Menzies International (Aust) Pty Ltd (AU),127246.2 AUD,14 July 2028,3634
INV330781,Management of Active Melbourne recreation facilities,Victorian YMCA Community Programming Pty Ltd (AU),218473.6 AUD,27/08/01,3615
INV330782,Melbourne Town Hall venue management,Showtime Event Group Pty Ltd,0.1m,28/10/10,3670
INV330783,Civil infrastructure services,Citywide Service ,0.2m,19/12/2029,3665
INV330784,Graffiti management and pressure cleaning services,CALCORP SERVICES PTY LTD,124762.39,27/11/01,3668
INV330785,Building cleaning services,Menzies International (Aust) Pty Ltd (AU),49778.6 AUD,24/06/2028,3634
INV330786,Melbourne Town Hall venue management,Showtime  Event  Group  Pty  Ltd,117406.22,2027-06-07,3670
INV330787,Building maintenance services,Programmed Facility Management P/L,0.1m,24 August 2029,3630
INV330788,Integrated security services,National Pjotective Services Pty Ltd,100181.94 AUD,15/09/2028,3686
INV330789,Vehicle tow away and impound services,Nationwide Towing Services,"$207,490.96",05/11/2028,3585
INV330790,Building cleaning services,Victorian,"$148,753.34",26/12/24,3615
INV330791,Graffiti management and pressure cleaning services,Calcorp  Services  Pty  Ltd,"$10,292.94",17-Jan-2028,3668
INV330792,Open spaces management - region 1,Citywide  Service  Solutions  Pty  Ltd,193821.94 AUD,14/04/2027,3676
INV330793,Street cleaning,Spotless Facility Services P/L,231361.64 AUD,12-Oct-2026,3669
INV330794,Vehicle tow away and impound services,Nationwide,0.1m,06 February 2025,3585
INV330795,Open spaces management - region 2,Serco,129574.02,12 January 2026,3677
INV330796,Street cleaning,Spotless Facility Services Pty. Ltd.,0.2m,29/11/26,3669
INV330797,Melbourne Town Hall venue management,SHOWTIME EVENT GROUP PTY LTD,0.1m,25/08/23,3670
INV330798,Tree management maintenance services,Citywide Service Solutions Pty Ltd,47801.26 AUD,26/02/2029,3678
INV330799,Tree management maintenance services,CitywideServiceSolutionsPtyLtd,0.2m,2026-06-02,3678
INV330800,Civil infrastructure services,citywide service solutions pty ltd,"$65,328.54",08/02/2028,3665
INV330801,Integrated security services,National Protective Services Pty Ltd,205500.83,15/01/2029,3686
INV330802,Integrated security services,National Protective Services Pty. Ltd.,"$61,470.46",15 April 2029,3686
INV330803,Tree management maintenance services,Citywide Service ,0.1m,2025-09-15,3678
INV330804,Open spaces management - region 1,Citywide Service Solunions Pty Ltd,178088.73,04 November 2028,3676
INV330805,Civil infrastructure services,Citywide Service Solutions Pty Ltd,7871.69,29/04/23,3665
INV330806,Building cleaning services,Menzies International (Aust) Pty Ltd,"$109,852.78",28/03/2029,3634
INV330807,Civil infrastructure services,Citywide Service Solutions Pty Ltd (AU),"$206,855.77",27/08/18,3665
INV330808,Street cleaning,Spotless,"$172,483.53",12/02/2029,3669
INV330809,Melbourne Town Hall venue management,Showtime Event Group Pty Ltd,226668.8,14-Feb-2028,3670
INV330810,Open spaces management - region 1,Citywide Service Solutions Pty Ltd,0.0m,2027-05-19,3676
INV330811,Building maintenance services,PROGRAMMED FACILITY MANAGEMENT PTY LTD,0.1m,20-Aug-2026,3630
INV330812,Melbourne Town Hall venue management,Showtime Event Group P/L,21530.81,27/06/07,3670
INV330813,Vehicle tow away and impound services,NATIONWIDE TOWING SERVICES,137602.63 AUD,21/01/2026,3585
INV330814,Waste management services,Cleanaway Waste M,33705.57,23-Jun-2028,3556
INV330815,Open spaces management - region 1,Cibywide Service Solutions Pty Ltd,"$162,516.14",2026-08-10,3676
INV330816,Vehicle tow away and impound services,Nationwide,92702.12,27/06/18,3585
INV330817,Civil infrastructure services,CITYWIDE SERVICE SOLUTIONS PTY LTD,112245.19 AUD,15/11/2026,3665
INV330818,Waste management services,Cleanaway Waste Mgmt Limited,0.1m,17/12/2026,3556
INV330819,Management of Active Melbourne recreation facilities,Victorian YMCA Community Programming Pty Ltd (AUS),132193.64,2025-11-30,3615
INV330820,Civil infrastructure services,CITYWIDE SERVICE SOLUTIONS PTY LTD,"$219,636.42",11/11/2025,3665
INV330821,Open spaces management - region 1,Citywide Service ,209941.23 AUD,31-Oct-2025,3676
INV330822,Open spaces management - region 1,Citywide Service Solutions Pty Ltd,225575.63,24/02/2025,3676
INV330823,Waste management services,Cleanaway Waste M,112577.17,2027-03-17,3556
INV330824,Parking technology services,REINO INTERNATIONAL PTY LTD T/A DUNCAN SOLUTIONS,123111.15,,3623
INV330825,Waste management services,Cleanaway Waste Management Limited (AUS),,08/01/2028,3556
INV330826,Tree management maintenance services,Citywide Service Solutions xty Ltd,75164.8,18-Mar-2026,3678
INV330827,Tree management maintenance services,Citywide Service Solutions Pty Ltd,"$207,233.36",25/09/30,3678
INV330828,Graffiti management and pressure cleaning services,Calcorp Serv,"$100,047.13",2026-08-17,3668
INV330829,Management of Active Melbourne recreation facilities,Victorian YMCA Community Programming Pty Ltd (AUS),"$9,070.49",29/03/10,3615
INV330830,Building maintenance services,Programmed Facility Mgmt Pty Ltd,147283.53,02-Aug-2025,3630
INV330831,Parking technology services,Reino International Pty Ltd T/A Duncan Solutions,0.2m,26/08/23,3623
INV330832,Management of Active Melbourne recreation facilities,Victorian Ymca Community Programming Pty Ltd,"$15,962.67",27/10/2027,3615
INV330833,Open spaces management - region 1,CITYWIDE SERVICE SOLUTIONS PTY LTD,0.1m,2029-10-10,3676
INV330834,Parking technology services,Reino International Pty Ltd T/A Duncan Solutions (AU),,09/03/2028,3623
INV330835,Graffiti management and pressure cleaning services,calcorp services pty ltd,"$30,182.08",2029-06-06,3668
INV330836,Parking technology services,Reino Intl Pty Ltd T/A Duncan Solutions,0.2m,25 February 2027,3623
INV330837,Waste management services,cleanaway waste management limited,0.1m,11 February 2026,3556
INV330838,Street cleaning,Spotless,137226.5,2027-04-16, 
INV330839,Open spaces management - region 2,SqRCO,233804.53,19/09/2027,3677
INV330840,Vehicle tow away and impound services,Nationwide Towing Services,"$238,987.25",30/07/2025,3585
INV330841,Building cleaning services,Menzies Int’l (Aust) Pty Ltd,145718.22 AUD,06-Feb-2026,3634
INV330842,Graffiti management and pressure cleaning services,Calcorp Services Pty Ltd (AUS),72151.85,03/10/2029,3668
INV330843,Open spaces management - region 2,SERCO,0.2m,11-May-2028,3677
INV330844,Graffiti management and pressure cleaning services,Calcorp Services Pty Ltd (AUS),81851.46,03/05/2028,3668
INV330845,Melbourne Town Hall venue management,Showtime Event Group Pty Ltd,12948.22,18/07/2029,3670
INV330846,Open spaces management - region 2,SERCO,0.2m,13/02/2028,3677
INV330847,Melbourne Town Hall venue management,Showtime Event Group Pty. Ltd.,17559.18,2029-02-18,3670
INV330848,Civil infrastructure services,Citywide Service Solutions Pty Ltd,125830.35,12 July 2029,3665
INV330849,Building maintenance services,Programmed Facility,132126.49,23 June 2026,3630
INV330850,Civil infrastructure services,Citywide Service Solutions Pty. Ltd.,77421.57 AUD,03/11/2027,3665
INV330851,Tree management maintenance services,Citywide Service ,"$207,697.79",09/06/2029,3678
INV330852,Open spaces management - region 1,citywide service solutions pty ltd,65700.3,04 August 2026,3676
INV330853,Graffiti management and pressure cleaning services,calcorp services pty ltd,0.2m,2027-06-27,3668
INV330854,Tree management maintenance services,citywide service solutions pty ltd,0.2m,12/10/2027,3678
INV330855,Open spaces management - region 1,Citywide Service Solutions Pty Ltd (AU),0.1m,13/04/2028, 
INV330856,Street cleaning,Spotless Facility Services Pty Ltd,"$56,293.91",13 March 2025,3669
INV330857,Open spaces management - region 1,Citywide,58734.03,02/07/2027,3676
INV330858,Graffiti management and pressure cleaning services,CALCORP SERVICES PTY LTD,211853.95,28/03/15,3668
INV330859,Integrated security services,National Protective Services Pty Ltd,"$149,918.91",25/11/21,3686
INV330860,Parking technology services,Reino International P/L T/A Duncan Solutions,"$150,856.05",2028-12-21,3623
INV330861,Street cleaning,Spotless,228126.58,17/04/2028,3669
INV330862,Graffiti management and pressure cleaning services,Calcorp Services Pty Ltd,"$62,220.0",19/04/2027,3668
INV330863,Open spaces management - region 1,citywide service solutions pty ltd,"$65,100.21",05 May 2025,3676
INV330864,Tree management maintenance services,Citywide  Service  Solutions  Pty  Ltd,"$73,206.54",04 August 2029,3678
INV330865,Building cleaning services,MenziesInternational(Aust)PtyLtd,105206.79 AUD,28/08/2026,3634
INV330866,Vehicle tow away and impound services,Nationwide Towing Services,171163.8,2027-03-10,3585
INV330867,Melbourne Town Hall venue management,Showtime Event Group Pty Ltd,0.1m,29/03/2026,3670
INV330868,Tree management maintenance services,Citywide Service Solutions Pty Ltd,"$173,990.85",01 February 2029, 
INV330869,Waste management services,Cleanaway Waste Management Limited (AUS),125375.37 AUD,06-Dec-2029,3556
INV330870,Building maintenance services,Programmed Facility Management Pty Ltd,81975.05,26/07/20,3630
INV330871,Open spaces management - region 1,Citywide Service Solutions Pty. Ltd.,"$25,544.45",11/11/2028,3676
INV330872,Street cleaning,SpotlessFacilityServicesPtyLtd,0.1m,27/10/26,3669
INV330873,Building cleaning services,Menzies International (Aust) Pty Ltd,0.0m,30/08/2028,3634
INV330874,Open spaces management - region 2,SERCO,0.2m,09/01/2029,3677
INV330875,Waste management services,Cleanaway Waste M,"$178,696.11",28/01/02,3556
INV330876,Parking technology services,Reino International Pty Ltd T/A Duncan Solutions,0.1m,29/05/2028,3623
INV330877,Vehicle tow away and impound services,Nationwide Towing Services,147578.37,13/12/2028,3585
INV330878,Integrated security services,national protective services pty ltd,0.0m,24/07/2027,3686
INV330879,Open spaces management - region 1,CitywideServiceSolutionsPtyLtd,95522.23,16/01/2025,3676
INV330880,Melbourne Town Hall venue management,showtime event group pty ltd,116578.71,30/12/2028,3670
INV330881,Street cleaning,spotless facility services pty ltd,240952.26,15/06/2029,3669
INV330882,Civil infrastructure services,Citywide Service Solutions Pty Ltd (AU),0.1m,30 October 2027,3665
INV330883,Open spaces management - region 2,SERCO,"$135,221.39",16 May 2027,3677
INV330884,Waste management services,Cleanaway,0.1m,2028-04-13,3556
INV330885,Civil infrastructure services,Citywide Service Solutions Pty Ltd (AUS),"$121,783.2",27/07/2025,3665
INV330886,Integrated security services,National Protective Services Pty Ltd (AU),188407.49,2029-09-04,3686
INV330887,Open spaces management - region 1,Citywide Service ,"$21,690.66",22/09/2025,3676
INV330888,Building maintenance services,Programmed Facility Management Pty Ltd,115987.1,2027-03-02,3630
INV330889,Open spaces management - region 2,SERCO (AU),180914.85,27/10/13,3677
INV330890,Building cleaning services,Menzies,36642.11 AUD,23/02/2026, 
INV330891,Building cleaning services,menzies international (aust) pty ltd,82548.88 AUD,2029-08-10,3634
INV330892,Civil infrastructure services,Citywide Service Solutions P/L,83007.7,26-Dec-2029,3665
INV330893,Waste management services,Cleanaway Waste Management Ltd,106930.47,25/11/18,3556
INV330894,Melbourne Town Hall venue management,Showtime,157329.66,02/10/2025,3670
INV330895,Open spaces management - region 2,SERCO,"$11,273.52",22-Mar-2029,3677
INV330896,Melbourne Town Hall venue management,Showtime Event Group Pty. Ltd.,"$249,603.67",28/02/2029,3670
INV330897,Street cleaning,SpotlessFacilityServicesPtyLtd,135878.11,26/04/11,3669
INV330898,Management of Active Melbourne recreation facilities,Victorian YMCA Communi,0.1m,08/06/2029,3615
INV330899,Waste management services,Cleanaway,"$72,773.09",22 September 2029,3556
INV330900,Melbourne Town Hall venue management,Showtime Event Group Pty Ltd,"$95,570.36",20/07/2028,3670
INV330901,Street cleaning,SpotlessFacilityServicesPtyLtd,0.2m,20/12/2028,3669
INV330902,Street cleaning,Spotless Facility Services Pty Ltd,133427.52,2028-01-28,3669
INV330903,Tree management maintenance services,Citywide Service Solutions Pty. Ltd.,61709.83,04-Apr-2029,3678
INV330904,Graffiti management and pressure cleaning services,Calcorp Services Pty Ltd,161386.59,05 August 2028,3668
INV330905,Civil infrastructure services,Citywide Service Solutions Pty Ltd (AUS),149606.03 AUD,,3665
INV330906,Graffiti management and pressure cleaning services,Calcorp Services Pty Ltd,37962.05,28/09/09,3668
INV330907,Open spaces management - region 1,Citywide  Service  Solutions  Pty  Ltd,34816.75 AUD,2027-05-06,3676
INV330908,Open spaces management - region 1,Citywide Service Solutions Pty Ltf,"$222,955.89",16-May-2025,3676
INV330909,Vehicle tow away and impound services,Nationwide Towing Services (AUS),154385.75,28/10/11,3585
INV330910,Waste management services,Cleanaway,0.1m,31/03/2029,3556
INV330911,Building cleaning services,Menzies International (Aust) Pty Ltd (AU),"$121,878.73",18-Aug-2025,3634
INV330912,Street cleaning,Spotless Facility,35810.28 AUD,01-Apr-2029,3669
INV330913,Building cleaning services,Menzies International (Aust) Pty. Ltd.,134934.68,25/02/11,3634
INV330914,Open spaces management - region 1,citywide service solutions pty ltd,112756.85 AUD,30 March 2026,3676
INV330915,Integrated security services,National Protective Services Pty. Ltd.,"$43,666.5",14-Sep-2029,3686
INV330916,Graffiti management and pressure cleaning services,CalcorpServicesPtyLtd,158472.94,29/07/04,3668
INV330917,Parking technology services,Reino International P/L T/A Duncan Solutions,99594.49,16/01/2027,3623
INV330918,Vehicle tow away and impound services,Nationwide Towing Services,124751.53 AUD,23 November 2028,3585
INV330919,Tree management maintenance services,citywide service solutions pty ltd,140583.08 AUD,08/09/2028,3678
INV330920,Building maintenance services,Programmed Facility Management Pty Ltd,0.1m,29/05/14,3630
INV330921,Management of Active Melbourne recreation facilities,Victorian YMCA Community Programming Pty. Ltd.,225552.09,24-Dec-2027,3615
INV330922,Management of Active Melbourne recreation facilities,Victorian YMCA Community Programming P/L,"$34,958.74",26/04/01,3615
INV330923,Open spaces management - region 1,citywide service solutions pty ltd,0.2m,2028-05-18,3676
INV330924,Graffiti management and pressure cleaning services,Calborp Services Pty Ltd,33602.05 AUD,26/03/14,3668
INV330925,Open spaces management - region 2,Serco,0.1m,26/08/06,3677
INV330926,Tree management maintenance services,Citywide Service Solutions Pty Ltd (AU),"$117,668.48",05 August 2025, 
INV330927,Graffiti management and pressure cleaning services,Calcorp,131879.89 AUD,09/12/2025,3668
INV330928,Building maintenance services,Reino International Pty Ltd T/A Duncan Solujions,166078.24,24/08/2029,3623
INV330929,Building maintenance services,Programmed Facility Management Pty Ltd,29145.66,27/12/20,3630
INV330930,Building cleaning services,Menzies International (Aust) Pty. Ltd.,"$190,254.39",2026-04-21, 
INV330931,Street cleaning,Spotless Facility Services Pty Ltd (AUS),"$185,753.34",23/10/2027,3669
INV330932,Melbourne Town Hall venue management,showtime event group pty ltd,12278.79 AUD,22/06/2025,3670
INV330933,Open spaces management - region 1,Citywide Service Solutions Pty Ltd,0.1m,24/03/2029,3676
INV330934,Civil infrastructure services,Citywide Service Solutions Pty Ltd,"$25,561.14",24/07/2028,3665
INV330935,Management of Active Melbourne recreation facilities,Victorian YMCA Community Programming Pty Ltd,0.0m,24 September 2028,3615
INV330936,Parking technology services,Reino International Pty Ltd T/A Duncan Solutions (AUS),216755.63 AUD,16-Aug-2025,3623
INV330937,Street cleaning,SpotlessFacilityServicesPtyLtd,0.2m,2028-12-07,3669
INV330938,Building maintenance services,Programmed Facility,0.0m,26/11/01,3630
INV330939,Parking technology services,Reino International Pty Ltd T/A Duncan Solutions,124506.87 AUD,09/03/2028,3623
INV330940,Open spaces management - region 2,Serco,182955.04,22/04/2027,3677
INV330941,Integrated security services,National  Protective  Services  Pty  Ltd,180063.73,28/12/2026,3686
INV330942,Open spaces management - region 2,SERCO,110936.47 AUD,19-Jan-2026,3677
INV330943,Building cleaning services,Menzies International (Aust) Pty Ltd (AU),147364.12,13-Jan-2025,3634
INV330944,Building maintenance services,Programmed Facility Management Pty Ltd,163746.6,10-Apr-2029,3630
INV330945,Integrated security services,NationalProtectiveServicesPtyLtd,0.0m,2025-01-30,3686
INV330946,Parking technology services,Reino International Pty Ltd T/A Duncan Solutions,171582.06 AUD,05/06/2029,3623
INV330947,Building maintenance services,Programmed,32993.38 AUD,18/08/2026,3630
INV330948,Building cleaning services,Citywide Service Solutions Pty Ltd,44657.17,04 February 2027,3676
INV330949,Open spaces management - region 1,Citywide Service Srlutions Pty Ltd,6542.61,25/02/11,3676
INV330950,Parking technology services,Reino International Pty ,0.0m,22 May 2028,3623
INV330951,Parking technology services,Reino,114904.19,25/09/05,3623
INV330952,Parking technology services,Reino International Pty ,"$140,306.44",15/04/2026,3623
INV330953,Vehicle tow away and impound services,Nationwide To,3126.77,29/08/2028,3585
INV330954,Management of Active Melbourne recreation facilities,Victorian YMCA Community Programming Pty. Ltd.,244718.44 AUD,27/06/2028,3615
INV330955,Management of Active Melbourne recreation facilities,Victorian YMCA Community Prograxming Pty Ltd,103964.41,2027-06-13,3615
INV330956,Graffiti management and pressure cleaning services,Calcorp Services Pty. Ltd.,36317.24 AUD,31/10/2027,3668
INV330957,Melbourne Town Hall venue management,Showtime Event,116317.73,26 December 2027,3670
INV330958,Building cleaning services,Menzies International (Aust) Pty Ltd,"$220,392.95",26/10/03,3634
INV330959,Open spaces management - region 2,SERCO (AU),132203.84 AUD,06/08/2026,3677
INV330960,Management of Active Melbourne recreation facilities,Victorian  YMCA  Community  Programming  Pty  Ltd,0.0m,,3615
INV330961,Tree management maintenance services,CITYWIDE SERVICE SOLUTIONS PTY LTD,211400.78,25-Aug-2027,3678
INV330962,Integrated security services,National Protective Services P/L,22507.33,15 June 2025,3686
INV330963,Waste management services,Cleanaway Waste Managemynt Limited,198479.13 AUD,26 June 2028,3556
INV330964,Building maintenance services,PROGRAMMED FACILITY MANAGEMENT PTY LTD,0.0m,2028-12-27,3630
INV330965,Civil infrastructure services,Citywide Service ,117076.23,16/07/2026,3665
INV330966,Waste management services,Cleanaway Waste Management Limited (AU),0.1m,28/05/2027,3556
INV330967,Street cleaning,Spotless Facility Services Pay Ltd,239309.31,2025-01-04,3669
INV330968,Melbourne Town Hall venue management,Showtime  Event  Group  Pty  Ltd,0.0m,2027-09-25,3670
INV330969,Open spaces management - region 2,serco,174530.76 AUD,20 August 2027,3677
INV330970,Building maintenance services,Programmed,47318.16,10 April 2027, 
INV330971,Civil infrastructure services,Citywide Service Solutions P/L,26442.34,10/12/2025,3665
INV330972,Building cleaning services,Menzies Int’l (Aust) Pty Ltd,,2026-05-14,3634
INV330973,Parking technology services,Reino International Pty Ltd T/A Duncan Solutions (AU),"$36,598.44",2029-05-05,3623
INV330974,Building maintenance services,PROGRAMMED FACILITY MANAGEMENT PTY LTD,0.1m,2026-10-08,3630
INV330975,Building cleaning services,Menzies,245890.72 AUD,25 December 2027,3634
INV330976,Graffiti management and pressure cleaning services,Calcorp Serv,141092.67,24/06/2028,3668
INV330977,Management of Active Melbourne recreation facilities,victorian ymca community programming pty ltd,"$37,424.9",29/12/22,3615
INV330978,Management of Active Melbourne recreation facilities,Victorian YMCA Communi,0.0m,29/11/09,3615
INV330979,Building cleaning services,Menzies International (Aust) Pty Ltd,196595.92,16 February 2028,3634
INV330980,Management of Active Melbourne recreation facilities,Nationwide Towing Services (AUS),238906.47,29/02/19,3585
INV330981,Waste management services,Cleanaway Waste Management Limited,"$11,404.0",16-Aug-2027,3556
INV330982,Open spaces management - region 1,CITYWIDE SERVICE SOLUTIONS PTY LTD,0.2m,04 January 2025,3676
INV330983,Vehicle tow away and impound services,Nationwide,"$145,007.14",2026-04-25,3585
INV330984,Waste management services,Cleanaway,134113.04,16/10/2029, 
INV330985,Building maintenance services,Programmed Facility Management Pty Ltd,0.0m,30-Jan-2028,3630
INV330986,Management of Active Melbourne recreation facilities,Victorian YMCA Community Programming Pty Ltd (AUS),146691.25,23 November 2025,3615
INV330987,Street cleaning,Spotless,47758.21,07-Oct-2027,3669
INV330988,Tree management maintenance services,Citywide,"$168,498.23",12 June 2026,3678
INV330989,Melbourne Town Hall venue management,Showtime Event,117490.57 AUD,28 July 2028, 
INV330990,Building cleaning services,MenziesInternational(Aust)PtyLtd,0.2m,15/03/2028,3634
INV330991,Open spaces management - region 2,Serco,15356.73,29/02/09,3677
INV330992,Open spaces management - region 1,Citywide Service Solutions P/L,0.2m,04/03/2025,3676
INV330993,Parking technology services,Reino Intl Pty Ltd T/A Duncan Solutions,0.2m,08/08/2026,3623
INV330994,Waste management services,Cleanaway Waste Management Limited,0.1m,18/10/2029,3556
INV330995,Integrated security services,National Protective Services Pty Ltd,"$122,821.7",23/12/2028,3686
INV330996,Melbourne Town Hall venue management,Showtime Event Group Pty Ltv,"$212,061.62",24/08/2026,3670
INV330997,Open spaces management - region 1,citywide service solutions pty ltd,0.1m,18/07/2025,3676
INV330998,Street cleaning,Spotless Facility Services Pty Ltd,0.1m,2026-09-02,3669
INV330999,Building maintenance services,Programmed Facility Mgmt Pty Ltd,182923.18,2025-11-24,3630
INV331000,Open spaces management - region 2,SERCO,157092.86,26/12/26,3677
