InvoiceID,ContractTitle,Provider,InvoiceAmount,InvoiceDate,ContractNumber
INV31001,Management of Active Melbourne recreation facilities,Victorian YMCA Community Programming P/L,22217.82,24/08/2029,3615
INV31002,Integrated security services,Nationsl Protective Services Pty Ltd,132681.27,08 June 2025,3686
INV31003,Waste management services,Menzies  International  (Aust)  Pty  Ltd,106647.31,20/04/2026,3634
INV31004,Open spaces management - region 2,SERCO,0.1m,11/03/2027,3677
INV31005,Open spaces management - region 2,SERCO,"$209,007.96",14/10/2029,3677
INV31006,Parking technology services,Reino International Pty Ltd T/A Duncdn Solutions,"$129,174.43",28/08/20,3623
INV31007,Building cleaning services,Menzies  International  (Aust)  Pty  Ltd,"$89,692.11",06/07/2027,3634
INV31008,Parking technology services,Reino,227664.94,12/11/2026,3623
INV31009,Waste management services,Cleanaway Waste Management Limited,0.2m,16 April 2025,3556
INV31010,Building maintenance services,Programmed Facility Mgmt Pty Ltd,0.0m,08-Aug-2026,3630
INV31011,Building cleaning services,Menzies Internatio,"$65,479.38",2025-06-27,3634
INV31012,Parking technology services,Reino International P/L T/A Duncan Solutions,28289.96,13 February 2025,3623
INV31013,Building maintenance services,Programmed Facility Management Pty Ltd (AU),111742.22,19 August 2025,3630
INV31014,Management of Active Melbourne recreation facilities,Programmed,42271.03,19/01/2025,3630
INV31015,Management of Active Melbourne recreation facilities,Victorian YMCA Communi,0.2m,05 January 2025,3615
INV31016,Melbourne Town Hall venue management,Showtime Event Group P/L,"$48,525.13",06/05/2025,3670
INV31017,Open spaces management - region 2,SERCO,21693.52 AUD,24-Dec-2028,3677
INV31018,Waste management services,Cleanaway Waste Mgmt Limited,111445.59 AUD,29/07/2029,3556
INV31019,Integrated security services,National Protective Services Pty Ltd,0.1m,02-Jul-2029,3686
INV31020,Street cleaning,Spotless Facility Services Pty Ltd,213562.0 AUD,09-Jan-2025,3669
INV31021,Parking technology services,ReinoInternationalPtyLtdT/ADuncanSolutions,71518.81,2028-07-25,3623
INV31022,Waste management services,Cleanaway Waste Management Ltd,227400.03 AUD,10-Apr-2029,3556
INV31023,Civil infrastructure services,victorian ymca community programming pty ltd,246319.88 AUD,05/03/2026,3615
INV31024,Management of Active Melbourne recreation facilities,Victorian YMCA Communiyy Programming Pty Ltd,"$210,444.48",2029-06-19,3615
INV31025,Melbourne Town Hall venue management,ShowtimeEventGroupPtyLtd,16528.61,12-Oct-2026,3670
INV31026,Melbourne Town Hall venue management,Showtime Event Group P/L,128932.27,2027-04-12,3670
INV31027,Open spaces management - region 2,SERCO,217352.02,04 September 2026,3677
INV31028,Integrated security services,NATIONAL PROTECTIVE SERVICES PTY LTD,201762.66,2026-12-28,3686
INV31029,Parking technology services,REINO INTERNATIONAL PTY LTD T/A DUNCAN SOLUTIONS,89651.84,30/06/2029,3623
INV31030,Building cleaning services,Menzies Int’l (Aust) Pty Ltd,"$211,275.01",01 July 2029,3634
INV31031,Open spaces management - region 2,Menzies International (Aust) Pty Ltd,160250.69,19/05/2027,3634
INV31032,Management of Active Melbourne recreation facilities,Victorian Ymca Community Programming Pty Ltd,124962.13,26/12/28,3615
INV31033,Building cleaning services,Menzies Int’l (Aust) Pty Ltd,"$221,188.77",20-Oct-2028,3634
INV31034,Building cleaning services,Menzies Int’l (Aust) Pty Ltd,94883.16,2025-02-21,3634
INV31035,Tree management maintenance services,Citywide,"$28,584.6",12/02/2028,3678
INV31036,Waste management services,Cleanaway  Waste  Management  Limited,0.1m,02-Jun-2028,3556
INV31037,Civil infrastructure services,Citywide Service Solutions Pty Ltd,94930.91,2026-03-19,3665
INV31038,Tree management maintenance services,CitywideServiceSolutionsPtyLtd,52418.75,14/06/2028,3678
INV31039,Melbourne Town Hall venue management,ShowtimeEventGroupPtyLtd,40597.6,04-Feb-2027,3670
INV31040,Integrated security services,National Protective Services P/L,116389.6 AUD,28/07/12,3686
INV31041,Building maintenance services,programmed facility management pty ltd,119401.65 AUD,16-Dec-2027,3630
INV31042,Street cleaning,Spotless  Facility  Services  Pty  Ltd,0.2m,19/04/2025,3669
INV31043,Graffiti management and pressure cleaning services,Calcorp  Services  Pty  Ltd,"$164,738.21",09-Sep-2025,3668
INV31044,Graffiti management and pressure cleaning services,Calcorp Services Pty Ltd,0.1m,22 February 2028,3668
INV31045,Graffiti management and pressure cleaning services,CALCORP SERVICES PTY LTD,75888.47,28/12/2025,3668
INV31046,Street cleaning,Spotless Facility Services Pty. Ltd.,$742.88,21-Oct-2029,3669
INV31047,Parking technology services,Reino Intl Pty Ltd T/A Duncan Solutions,200458.61,2028-01-20, 
INV31048,Graffiti management and pressure cleaning services,Calcorp,166354.57 AUD,2029-07-15,3668
INV31049,Civil infrastructure services,Citywide Service Solutions Pty Ltd,195451.73,18 March 2027,3665
INV31050,Open spaces management - region 2,SgRCO,0.1m,28 January 2029,3677
INV31051,Melbourne Town Hall venue management,Showtime,119882.22,31/10/2028,3670
INV31052,Management of Active Melbourne recreation facilities,Victorian YMCA Community Programming Pty Ltd,"$163,020.38",29/05/16,3615
INV31053,Management of Active Melbourne recreation facilities,Victorian YMCA Community Programming Pty Ltd (AU),"$224,390.42",12 September 2029,3615
INV31054,Building maintenance services,Programmed Facility Management Pty Ltd (AUS),1091.28,06/12/2025,3630
INV31055,Management of Active Melbourne recreation facilities,Victorian YMCA Community ProgramminggPty Ltd,225995.68,30/05/2025,3615
INV31056,Waste management services,CleanawayWasteManagementLimited,0.1m,25/03/2026,3556
INV31057,Building maintenance services,Programmed Facility Mgmt Pty Ltd,230160.42 AUD,2028-06-06,3630
INV31058,Open spaces management - region 1,Citywide Service Solutions Pty Ltd,158549.8,03-May-2028,3676
INV31059,Building maintenance services,Programmed Facility Management Pty Ltd,"$121,168.43",08/10/2027,3630
INV31060,Management of Active Melbourne recreation facilities,Victorian YMCA Community Programming Pty Ltd,108808.17 AUD,28/07/30,3615
INV31061,Waste management services,Cleanaway Waste Management Limited,194293.41,19/09/2029,3556
INV31062,Tree management maintenance services,Citywide Service Solutions Pty Ltd,0.1m,09/11/2029,3678
INV31063,Vehicle tow away and impound services,Nationwide Towing Services (AU),179754.46 AUD,08/04/2028,3585
INV31064,Vehicle tow away and impound services,Nationwide Towing Services (AUS),60378.45,29/05/08,3585
INV31065,Building maintenance services,Citywide Service Solutions P/L,83927.55,05-May-2025,3678
INV31066,Building cleaning services,Menzies Int’l (Aust) Pty Ltd,85233.84 AUD,2025-06-10,3634
INV31067,Graffiti management and pressure cleaning services,Calcorp Serv,200594.01,2027-03-27,3668
INV31068,Integrated security services,National Protective Services Pty. Ltd.,0.2m,12/11/2029,3686
INV31069,Integrated security services,National Protective Services Pty Ltd (AUS),69831.18,2029-01-10,3686
INV31070,Building cleaning services,Menzies International (Aust) P/L,"$241,460.15",2025-01-16,3634
INV31071,Street cleaning,Spotless,"$165,825.06",23 January 2027,3669
INV31072,Building maintenance services,Programmed Facility Management P/L,0.2m,2028-11-27,3630
INV31073,Integrated security services,National Protective Services Pty Ltd,169035.22,26/03/03,3686
INV31074,Parking technology services,Reino  International  Pty  Ltd  T/A  Duncan  Solutions,194958.22,2029-08-04,3623
INV31075,Melbourne Town Hall venue management,ShowtimeEventGroupPtyLtd,169494.05,16/08/2025,3670
INV31076,Melbourne Town Hall venue management,Showtime Event Group Pty Ltd,,27/08/18, 
INV31077,Open spaces management - region 2,SERCO,93575.93,25/01/26,3677
INV31078,Vehicle tow away and impound services,Nationwide Towing Services (AU),134315.11,26/11/25,3585
INV31079,Management of Active Melbourne recreation facilities,Victorian YMCA Community Programming Pty Ltd,0.1m,02-Dec-2027,3615
INV31080,Integrated security services,National Protective Services Pty. Ltd.,96208.77 AUD,2027-08-27,3686
INV31081,Building cleaning services,Menzies  International  (Aust)  Pty  Ltd,124813.34,17 September 2026,3634
INV31082,Building maintenance services,Menzies  International  (Aust)  Pty  Ltd,"$230,430.37",2028-06-12,3634
INV31083,Tree management maintenance services,Citywide,0.0m,2026-04-25,3678
INV31084,Melbourne Town Hall venue management,Showtime Event Group Pty Ltd,0.2m,2029-05-25, 
INV31085,Vehicle tow away and impound services,Nationwide Towing Services (AU),181059.17,25/07/21,3585
INV31086,Waste management services,Cleanaway Waste Management Limited (AU),93169.74,01/10/2027,3556
INV31087,Building maintenance services,Programmed Facility Management P/L,"$147,620.25",25/01/02,3630
INV31088,Integrated security services,national protective services pty ltd,114264.95,2029-09-04,3686
INV31089,Graffiti management and pressure cleaning services,Calcorp Services Pty. Ltd.,25783.94,11 October 2029,3668
INV31090,Graffiti management and pressure cleaning services,CalcorpServicesPtyLtd,231611.14,05-Dec-2028,3668
INV31091,Management of Active Melbourne recreation facilities,victorian ymca community programming pty ltd,234516.92,26/10/22,3615
INV31092,Open spaces management - region 2,Serco,213003.97,22-Jan-2029,3677
INV31093,Waste management services,Cleanaway Waste Management Limited,124501.33,14 December 2026,3556
INV31094,Civil infrastructure services,Citywide Service Solutions Pty Ltd,244201.56,14 January 2029, 
INV31095,Open spaces management - region 1,Citywide Service Solutions Pty. Ltd.,"$138,720.6",12 September 2025,3676
INV31096,Building maintenance services,Programmed Facility Management P/L,27069.18,08/12/2025,3630
INV31097,Civil infrastructure services,Citywide Service Solutions P/L,147935.49 AUD,04/06/2026,3665
INV31098,Building cleaning services,MenziesInternational(Aust)PtyLtd,0.2m,05/07/2025,3634
INV31099,Parking technology services,REINO INTERNATIONAL PTY LTD T/A DUNCAN SOLUTIONS,191927.39 AUD,2026-06-26,3623
INV31100,Civil infrastructure services,CITYWIDE SERVICE SOLUTIONS PTY LTD,127158.86,31/10/2025,3665
INV31101,Melbourne Town Hall venue management,menzies international (aust) pty ltd,115562.37 AUD,28/05/2026,3634
INV31102,Management of Active Melbourne recreation facilities,Victorian YMCA Community Programming Pty Ltd,1926.36 AUD,21/07/2026,3615
INV31103,Integrated security services,National  Protective  Services  Pty  Ltd,194637.63 AUD,29/03/20,3686
INV31104,Open spaces management - region 2,SERCO,200550.52,18/10/2029,3677
INV31105,Parking technology services,Reino Intl Pty Ltd T/A Duncan Solutions,131558.21,, 
INV31106,Street cleaning,Spotless Facility Services Pty Ltd,236416.41,18/05/2029,3669
INV31107,Civil infrastructure services,Citywide Service Solutions Pty Ltd (AUS),0.2m,11-Nov-2026,3678
INV31108,Building maintenance services,Programmed Facility Management Pty Ltd (AU),0.1m,03/04/2025,3630
INV31109,Street cleaning,Spotless Facility Services Pty Ltd,0.2m,08/12/2026, 
INV31110,Waste management services,Cleanaway Waste Management LTD,"$99,834.0",25-Sep-2027,3556
INV31111,Melbourne Town Hall venue management,Showpime Event Group Pty Ltd,33876.81,23 July 2026, 
INV31112,Open spaces management - region 1,Citywide Service Solutions Pty Ltd,197393.03,06/07/2028,3676
INV31113,Building maintenance services,Citywide Service Solutions Pty Ltd (AUS),80236.85,23/06/2028,3665
INV31114,Building maintenance services,Citywide  Service  Solutions  Pty  Ltd,76123.07 AUD,26/01/2027,3676
INV31115,Building cleaning services,Menzies International (Aust) Pty Ltd (AUS),43637.41 AUD,14/03/2025,3634
INV31116,Integrated security services,National Protective Services Pty Ltd,224781.11,01-Dec-2025,3686
INV31117,Open spaces management - region 2,SERCO (AUS),0.2m,30 August 2027,3677
INV31118,Building cleaning services,Menzies Internztional (Aust) Pty Ltd,0.0m,25/05/2028,3634
INV31119,Open spaces management - region 1,CitywideServiceSolutionsPtyLtd,30592.26,19 December 2028,3676
INV31120,Open spaces management - region 2,SERCO,201868.44 AUD,22-Oct-2027,3677
INV31121,Civil infrastructure services,Citywide  Service  Solutions  Pty  Ltd,32846.65,29/05/16,3665
INV31122,Parking technology services,Reino International Pty ,"$133,422.4",07/03/2026,3623
INV31123,Integrated security services,National  Protective  Services  Pty  Ltd,149776.37,03 November 2029,3686
INV31124,Integrated security services,NationalProtectiveServicesPtyLtd,112466.74 AUD,2029-04-26,3686
INV31125,Graffiti management and pressure cleaning services,Calcorp Services Pty Ltd (AUS),"$24,558.42",25/09/08,3668
INV31126,Graffiti management and pressure cleaning services,Calcorp Services Pty Ltd (AUS),95795.1,02-May-2028, 
INV31127,Management of Active Melbourne recreation facilities,Victorian  YMCA  Community  Programming  Pty  Ltd,,07 September 2027, 
INV31128,Tree management maintenance services,Citywide Service Solutiods Pty Ltd,0.1m,30 December 2027,3678
INV31129,Melbourne Town Hall venue management,ShowtimeEventGroupPtyLtd,170642.22,12 December 2029,3670
INV31130,Tree management maintenance services,Citywide Service Solutions Pty Ltd (AU),"$144,322.09",15/06/2025,3678
INV31131,Open spaces management - region 1,Citywide Service Solutions P/L,"$235,048.12",02-May-2029,3665
INV31132,Civil infrastructure services,CitywideServiceSolutionsPtyLtd,70909.9,19-Nov-2027,3665
INV31133,Graffiti management and pressure cleaning services,CALCORP SERVICES PTY LTD,237466.49,2026-09-18,3668
INV31134,Building maintenance services,Programmed Facility Manahement Pty Ltd,95451.94,28 October 2029,3630
INV31135,Open spaces management - region 2,Serco,125935.93 AUD,28/02/18,3677
INV31136,Vehicle tow away and impound services,Nationwide  Towing  Services,36573.1,03 April 2025,3585
INV31137,Tree management maintenance services,Citywide Service Solutions Pty Ltd (AU),13281.8 AUD,10/09/2026,3678
INV31138,Tree management maintenance services,citywide service solutions pty ltd,0.2m,09/12/2029,3678
INV31139,Integrated security services,National,113359.31 AUD,24/10/2026,3686
INV31140,Melbourne Town Hall venue management,Showtime Event Group Pty Ltd,"$176,488.67",24-Aug-2027,3670
INV31141,Open spaces management - region 2,SERCO,158072.46,21 December 2027,3677
INV31142,Street cleaning,Spotless,141603.97 AUD,30/12/2029,3669
INV31143,Integrated security services,National  Protective  Services  Pty  Ltd,"$201,382.73",18/07/2025,3686
INV31144,Vehicle tow away and impound services,Nationwide Towing Services (AUS),0.2m,23/12/2028,3585
INV31145,Vehicle tow away and impound services,NATIONWIDE TOWING SERVICES,78478.79,25/04/2027,3585
INV31146,Building maintenance services,Programmed Facility Management Pty Ltd,150736.0 AUD,2029-09-14,3630
INV31147,Vehicle tow away and impound services,NationwideTowingServices,192433.5,21-Feb-2029,3585
INV31148,Integrated security services,National  Protective  Services  Pty  Ltd,0.0m,28/05/06,3686
INV31149,Civil infrastructure services,Citywide Service Solutions Pty Ltd,46654.95,2029-07-12,3665
INV31150,Tree management maintenance services,citywide service solutions pty ltd,"$8,832.75",26/12/15,3678
INV31151,Waste management services,CLEANAWAY WASTE MANAGEMENT LIMITED,43938.85 AUD,30 May 2029,3556
INV31152,Open spaces management - region 2,serco,28733.46,29-Nov-2029,3677
INV31153,Street cleaning,Spotless Facility Services Pty Ltd,"$249,053.28",25/03/12,3669
INV31154,Street cleaning,Spotless Facility Services Pty Ltd,102876.74,2027-01-03,3669
INV31155,Management of Active Melbourne recreation facilities,Victorian YMCA Community Programming Pty Ltd (AUS),176699.56,2026-12-12,3615
INV31156,Graffiti management and pressure cleaning services,Calcorp Services Pty Ltd,171695.7 AUD,2027-10-09,3668
INV31157,Civil infrastructure services,Citywide Service Solutions Pty Ltd (AU),"$112,208.46",04 May 2029,3665
INV31158,Waste management services,Cleanaway Waste Management LTD,204603.06,19/07/2026,3556
INV31159,Management of Active Melbourne recreation facilities,VictorianYMCACommunityProgrammingPtyLtd,"$178,639.3",2029-09-26,3615
INV31160,Building maintenance services,ProgrammedFacilityManagementPtyLtd,"$219,930.62",09/03/2027,3630
INV31161,Integrated security services,National Protective Services Pty. Ltd.,"$8,421.17",24-Sep-2025,3686
INV31162,Building cleaning services,menzies international (aust) pty ltd,35654.31,17/06/2029,3634
INV31163,Street cleaning,Spotless Facility Services P/L,"$46,036.39",16 April 2026,3669
INV31164,Open spaces management - region 2,SERCO,0.1m,23/12/2029,3677
INV31165,Waste management services,Cleanaway Waste Management Limited,140065.29 AUD,28/12/26,3556
INV31166,Building maintenance services,Programmed Facility Management Pty Ltd,"$122,989.96",27 July 2029,3630
INV31167,Management of Active Melbourne recreation facilities,victorian ymca community programming pty ltd,0.2m,27/03/2025,3615
INV31168,Management of Active Melbourne recreation facilities,Victorian,"$45,033.8",12 June 2029,3615
INV31169,Building maintenance services,Programmed Facility Mgmt Pty Ltd,52809.53,27/06/24,3630
INV31170,Street cleaning,Spotless Farility Services Pty Ltd,17419.76,25/05/09,3669
INV31171,Open spaces management - region 1,CITYWIDE SERVICE SOLUTIONS PTY LTD,0.1m,05-Mar-2026,3665
INV31172,Integrated security services,NATIONAL PROTECTIVE SERVICES PTY LTD,65685.02,26-Oct-2029,3686
INV31173,Building maintenance services,Programmed Facility Mgmt Pty Ltd,218453.29,06/07/2029,3630
INV31174,Open spaces management - region 2,SERCO,166497.3,26/02/02,3677
INV31175,Waste management services,Cleanaway Waste Management Ltd,0.1m,04/10/2028,3556
INV31176,Open spaces management - region 1,Citywide Service Solutions Pty Ltd (AUS),85525.42 AUD,20/06/2029,3676
INV31177,Open spaces management - region 2,SERCO (AUS),186857.2,,3677
INV31178,Street cleaning,Spotless Facility Services Pty Ltd,8582.12,14/04/2029,3669
INV31179,Integrated security services,National Protective Scrvices Pty Ltd,62385.75 AUD,2025-11-01,3686
INV31180,Open spaces management - region 1,Citywide Service Solutions P/L,"$128,320.05",20-Feb-2025,3676
INV31181,Street cleaning,Spotless Facility Services Pty Ltd,48840.62 AUD,02-Jan-2028,3669
INV31182,Building maintenance services,Programmed Facility Management Pty Ltd,"$231,294.01",12 May 2026,3630
INV31183,Graffiti management and pressure cleaning services,Calcorp Services Pty Ltd,199813.8,2025-03-06,3668
INV31184,Open spaces management - region 2,SERCO,"$49,176.11",22 May 2028,3677
INV31185,Civil infrastructure services,Citywide Service Solutions P/L,0.2m,16/10/2028,3665
INV31186,Melbourne Town Hall venue management,Showtime Evenl Group Pty Ltd,122307.85,2027-12-16,3670
INV31187,Street cleaning,Spotless Facility,"$2,069.9",17 May 2027,3669
INV31188,Building maintenance services,PROGRAMMED FACILITY MANAGEMENT PTY LTD,147161.0,24/12/2027,3630
INV31189,Open spaces management - region 1,Citywide  Service  Solutions  Pty  Ltd,"$166,014.81",25-Dec-2029,3676
INV31190,Building cleaning services,Menzies International (Aust) Pty Ltd,102725.18,25/08/21,3634
INV31191,Management of Active Melbourne recreation facilities,Victorian YMCA Community Programming Pty Ltd,158015.56,04/08/2028,3615
INV31192,Civil infrastructure services,Citywide Service Solutions P/L,3982.67 AUD,23-Sep-2026,3665
INV31193,Street cleaning,SpotlessFacilityServicesPtyLtd,50852.34,01/05/2025,3669
INV31194,Civil infrastructure services,Citywide Service Solutions Pty Ltd,200645.99,2026-12-09,3665
INV31195,Tree management maintenance services,Citywide Service Solutions Pty Ltd,235702.24 AUD,14/09/2029,3678
INV31196,Parking technology services,Reino  International  Pty  Ltd  T/A  Duncan  Solutions,"$63,190.16",27/01/04,3623
INV31197,Graffiti management and pressure cleaning services,calcorp services pty ltd,249262.2,11/01/2027,3668
INV31198,Open spaces management - region 2,SERCO (AUS),187166.76,27/09/29, 
INV31199,Vehicle tow away and impound services,Nationwide  Towing  Services,0.1m,08-Apr-2026,3585
INV31200,Melbourne Town Hall venue management,Showtime Event,202015.18 AUD,2027-12-10,3670
INV31201,Waste management services,Cleanaway Waste Management Limited (AU),1505.16,30/05/2029,3556
INV31202,Street cleaning,Spotless Facility Services Pty Ltd,148351.68,23/02/2027,3669
INV31203,Vehicle tow away and impound services,Nationwide Towing Services,212864.17,25/08/2026,3585
INV31204,Parking technology services,Reino International Pty Ltd T/A Duncan Solutions (AUS),0.1m,28 July 2027,3623
INV31205,Open spaces management - region 1,Citywide Service Solutions Pty. Ltd.,158479.35,29/03/09,3676
INV31206,Open spaces management - region 2,SERsO,0.2m,2027-10-21,3677
INV31207,Graffiti management and pressure cleaning services,Calcorp Services Pty Ltd,0.0m,02-Mar-2029,3668
INV31208,Street cleaning,Spotless Facility Services Pty Ltd (AU),221221.31 AUD,22/08/2028,3669
INV31209,Open spaces management - region 1,CITYWIDE SERVICE SOLUTIONS PTY LTD,64668.34,2026-03-03,3676
INV31210,Building maintenance services,Programmed  Facility  Management  Pty  Ltd,"$84,147.33",30-Oct-2025,3630
INV31211,Tree management maintenance services,CITYWIDE SERVICE SOLUTIONS PTY LTD,244591.8 AUD,27/01/2027,3678
INV31212,Vehicle tow away and impound services,Nationwide Towing Services,30713.15,22/03/2028,3585
INV31213,Building maintenance services,Programmed Facility Management Pty Ltd (AUS),0.1m,26/11/27,3630
INV31214,Building maintenance services,Programmed Facility Management Pty Ltd (AU),0.1m,20/05/2028,3630
INV31215,Tree management maintenance services,Citywide Service Solutions Pty Ltd,214407.52 AUD,12 June 2029,3678
INV31216,Melbourne Town Hall venue management,Showtime Event Group Pty Ltd,120118.87 AUD,30/11/2027,3670
INV31217,Building maintenance services,Programmed Facility,65685.99 AUD,2025-08-01,3630
INV31218,Graffiti management and pressure cleaning services,calcorp services pty ltd,"$145,083.9",27/10/2025,3668
INV31219,Melbourne Town Hall venue management,ShowtimeEventGroupPtyLtd,62467.77,26-Nov-2027,3670
INV31220,Street cleaning,Spotless,54984.2 AUD,25/06/26,3669
INV31221,Melbourne Town Hall venue management,Showtime  Event  Group  Pty  Ltd,0.0m,30/11/2028,3670
INV31222,Integrated security services,National Protective Services Pty Ltd (AU),247534.96 AUD,28/02/22,3686
INV31223,Civil infrastructure services,Citywide  Service  Solutions  Pty  Ltd,95696.96,06-Jan-2026,3665
INV31224,Street cleaning,Spotless Facility Syrvices Pty Ltd,0.0m,,3669
INV31225,Waste management services,Cleanaway Waste M,"$78,905.56",13/05/2029,3556
INV31226,Tree management maintenance services,Citywide Service Solutions Pdy Ltd,"$68,668.92",05/05/2029,3678
INV31227,Open spaces management - region 2,SERCO (AUS),62704.92,11/11/2029, 
INV31228,Integrated security services,National Protective Services Pty Ltd (AU),"$7,570.88",29-Sep-2028,3686
INV31229,Melbourne Town Hall venue management,Showtime Event,248138.0,09-Dec-2028, 
INV31230,Parking technology services,Reino International Pty Ltd T/A Duncan Solutions,"$65,973.97",31/07/2026,3623
INV31231,Street cleaning,calcorp services pty ltd,"$222,846.5",2026-06-11,3668
INV31232,Civil infrastructure services,Calcorp Serv,1450.39 AUD,29-Oct-2025,3668
INV31233,Tree management maintenance services,Citywide Service Solutions Pty Ltd (AUS),34784.81 AUD,,3678
INV31234,Building maintenance services,Programmed Facility Management Pty Ltd (AU),156334.52,15/06/2026,3630
INV31235,Building maintenance services,Programmed Facility,209968.07,2027-06-28,3630
INV31236,Building maintenance services,Programmed Facility Management Pty Ltd (AU),71423.58,2028-04-28,3630
INV31237,Street cleaning,Spotless,38170.7 AUD,13/01/2028,3669
INV31238,Management of Active Melbourne recreation facilities,VictorianYMCACommunityProgrammingPtyLtd,21436.83,28/01/02,3615
INV31239,Parking technology services,Reino International Pty. Ltd. T/A Duncan Solutions,152061.66 AUD,06 October 2026,3623
INV31240,Melbourne Town Hall venue management,Showtime Event Group Pty. Ltd.,153423.83,05 October 2029,3670
INV31241,Building maintenance services,Programmed Facility Management Pty Ltd,130665.55,09/03/2026,3630
INV31242,Graffiti management and pressure cleaning services,Calcorp Services Pty Ltd (AUS),8292.31,25/01/20,3668
INV31243,Building cleaning services,Menzies  International  (Aust)  Pty  Ltd,152781.4,25/06/2027,3634
INV31244,Civil infrastructure services,Citywide  Service  Solutions  Pty  Ltd,0.1m,31 December 2027,3665
INV31245,Open spaces management - region 2,SERCO,62870.56 AUD,25/02/2026,3677
INV31246,Waste management services,cleanaway waste management limited,165136.65 AUD,21-Aug-2027,3556
INV31247,Parking technology services,Reino International Pty Ltd T/A Duncan Solutions,0.2m,26/02/27,3623
INV31248,Graffiti management and pressure cleaning services,Cagcorp Services Pty Ltd,0.0m,26 January 2029,3668
INV31249,Street cleaning,spotless facility services pty ltd,0.0m,17-Feb-2026,3669
INV31250,Graffiti management and pressure cleaning services,Calcorp Services Pty Ltd (AUS),0.1m,30/11/2027,3668
INV31251,Open spaces management - region 2,SERCO,143713.86,10-Jun-2025,3677
INV31252,Street cleaning,Spotless Facility Servichs Pty Ltd,183437.79,13/08/2029,3669
INV31253,Management of Active Melbourne recreation facilities,Victorian YMCA Community Programming Pty Ltd (AU),113042.88 AUD,26/02/12, 
INV31254,Tree management maintenance services,citywide service solutions pty ltd,102568.26,2028-07-28,3678
INV31255,Vehicle tow away and impound services,nationwide towing services,204556.93,,3585
INV31256,Integrated security services,Citywide,"$224,677.11",26/09/03,3678
INV31257,Integrated security services,NATIONAL PROTECTIVE SERVICES PTY LTD,112967.2 AUD,11-May-2025,3686
INV31258,Parking technology services,Reino  International  Pty  Ltd  T/A  Duncan  Solutions,120227.3 AUD,21/04/2025,3623
INV31259,Parking technology services,reino international pty ltd t/a duncan solutions,22398.47,22-Apr-2028,3623
INV31260,Tree management maintenance services,Citywide,"$83,868.97",19-Jun-2029,3678
INV31261,Graffiti management and pressure cleaning services,Calcorp Services Pty Ltd,0.2m,05/09/2027,3668
INV31262,Management of Active Melbourne recreation facilities,Victorian YMCA Community Programming Pty Ltd (AU),32570.63,2028-09-28,3615
INV31263,Building maintenance services,Programmed Facility Management Pty Ltd,196456.03 AUD,27 March 2028,3630
INV31264,Melbourne Town Hall venue management,Showtime Event Group Pty Ltd,174237.85 AUD,2029-12-11,3670
INV31265,Graffiti management and pressure cleaning services,calcorp services pty ltd,"$142,090.83",29/12/15, 
INV31266,Vehicle tow away and impound services,nationwide towing services,198759.85,2028-10-16,3585
INV31267,Civil infrastructure services,Citywide Service Solutions Pty. Ltd.,0.0m,27-Jun-2027,3665
INV31268,Open spaces management - region 2,SERCO,174285.67 AUD,29/04/26,3677
INV31269,Building cleaning services,Menzies Intl (Aust) Pty Ltd,194406.35,27-Feb-2028,3634
INV31270,Parking technology services,Reino International Pty ,"$50,902.89",28/07/19,3623
INV31271,Open spaces management - region 2,serco,0.2m,13/06/2025, 
INV31272,Building cleaning services,Menzies International (Aust) Pty Ltd,0.0m,25/11/16,3634
INV31273,Tree management maintenance services,Citywide Service Solutions Pty Ltd,244791.57,2029-04-14,3678
INV31274,Open spaces management - region 2,Serco,"$60,263.13",03/04/2029, 
INV31275,Building maintenance services,Programmed,209898.44,13/07/2029,3630
INV31276,Civil infrastructure services,Citywide Service Solutions Pty. Ltd.,163007.37,03 December 2028,3665
INV31277,Building cleaning services,Menzies International (Aust) Pty Ltd (AUS),"$192,494.65",13/05/2025,3634
INV31278,Integrated security services,National  Protective  Services  Pty  Ltd,47280.22,10-Sep-2027,3686
INV31279,Graffiti management and pressure cleaning services,Calborp Services Pty Ltd,54603.93,2025-06-05,3668
INV31280,Graffiti management and pressure cleaning services,Calcorp Services Pty Ltd (AUS),181142.41 AUD,12 April 2028,3668
INV31281,Tree management maintenance services,Citywide Service Solutions Pty Ltd,172025.93,2028-07-16,3678
INV31282,Waste management services,CleanawayWasteManagementLimited,87055.07 AUD,25/11/16,3556
INV31283,Management of Active Melbourne recreation facilities,Victorian YMCA Communi,155435.13 AUD,15-Mar-2026,3615
INV31284,Open spaces management - region 2,SERCO,128959.88 AUD,11-Feb-2029,3677
INV31285,Building maintenance services,Programmed,14810.87,2027-08-17,3630
INV31286,Open spaces management - region 1,citywide service solutions pty ltd,"$13,079.14",11-Oct-2028,3676
INV31287,Open spaces management - region 2,SERCO (AU),171411.21,08 February 2026,3677
INV31288,Building cleaning services,Menzies International (Aust) Pty Ltd,"$146,856.04",,3634
INV31289,Melbourne Town Hall venue management,showtime event group pty ltd,0.2m,2029-09-04,3670
INV31290,Tree management maintenance services,Citywide Service Solutions Pty Ltd (AU),"$243,156.6",20/09/2025,3678
INV31291,Melbourne Town Hall venue management,Showtime Event Group Pty Ltd,169467.94,25-Jun-2026,3670
INV31292,Building maintenance services,Programmed,0.1m,28/02/05,3630
INV31293,Melbourne Town Hall venue management,Showtime Event Group Pty. Ltd.,186870.02 AUD,2027-09-13,3670
INV31294,Integrated security services,national protective services pty ltd,201745.41 AUD,28/05/10, 
INV31295,Melbourne Town Hall venue management,Showtime Event Group P/L,191547.11 AUD,27 November 2028,3670
INV31296,Vehicle tow away and impound services,Nationwide,205487.1 AUD,08/10/2027,3585
INV31297,Open spaces management - region 1,CITYWIDE SERVICE SOLUTIONS PTY LTD,79617.09 AUD,19/06/2028,3676
INV31298,Graffiti management and pressure cleaning services,Calcorp Services Pty Ltd,55353.17,29 March 2026,3668
INV31299,Parking technology services,Reino International Ptx Ltd T/A Duncan Solutions,69106.25,10/12/2025,3623
INV31300,Open spaces management - region 2,SERCO,99774.53 AUD,13-Aug-2026,3677
INV31301,Management of Active Melbourne recreation facilities,Victorian YMCA Community Programming Pty Ltd,218189.96,06/12/2029,3615
INV31302,Civil infrastructure services,Citywide,168582.03,2026-09-25,3665
INV31303,Open spaces management - region 1,Citywide Seryice Solutions Pty Ltd,"$98,445.69",26/03/16,3676
INV31304,Vehicle tow away and impound services,Nationwide Towing Services,47903.05,03/05/2027, 
INV31305,Street cleaning,Nationwide,179315.78,2027-07-02,3585
INV31306,Vehicle tow away and impound services,Citywide Service Solutions Pty Ltd (AUS),71367.8 AUD,13-Oct-2026,3665
INV31307,Waste management services,Cleanaway Waste Management Limited (AU),"$222,024.47",14/09/2027,3556
INV31308,Tree management maintenance services,Citywide Service Solutions Pty Ltd (AUS),"$6,425.39",2028-04-19,3678
INV31309,Building cleaning services,Menzies,181707.0,05/08/2026,3634
INV31310,Open spaces management - region 2,SERCO (AUS),"$85,135.86",28-Nov-2025, 
INV31311,Tree management maintenance services,Citywide Service Solutions Pty Ltd,$364.85,16 February 2028,3678
INV31312,Civil infrastructure services,Citywide Service Solutions P/L,171560.78 AUD,2029-02-26,3665
INV31313,Integrated security services,NationalProtectiveServicesPtyLtd,233864.25,29/11/2029,3686
INV31314,Open spaces management - region 2,SERCb,235620.58,24 June 2025,3677
INV31315,Street cleaning,Spotless Facility Services Pty Ltd,0.1m,26/02/07,3669
INV31316,Open spaces management - region 2,serco,136432.98 AUD,28/09/11,3677
INV31317,Building maintenance services,programmed facility management pty ltd,"$94,955.09",21-Jan-2028,3630
INV31318,Open spaces management - region 1,CITYWIDE SERVICE SOLUTIONS PTY LTD,105794.09 AUD,16-Nov-2028,3676
INV31319,Building maintenance services,Programmed  Facility  Management  Pty  Ltd,53091.34,2027-12-02,3630
INV31320,Vehicle tow away and impound services,NATIONWIDE TOWING SERVICES,0.2m,19 January 2027,3585
INV31321,Graffiti management and pressure cleaning services,Calcorp Services Pty Ltd,"$57,845.15",20 February 2025,3668
INV31322,Tree management maintenance services,Citywide Service ,0.1m,2027-05-04,3678
INV31323,Open spaces management - region 2,SERCO,0.1m,2025-05-02,3677
INV31324,Open spaces management - region 1,Citywide Service Solutions Pty Ltd (AUS),"$51,754.4",01/04/2027,3676
INV31325,Integrated security services,NATIONAL PROTECTIVE SERVICES PTY LTD,"$238,013.15",04 April 2027,3686
INV31326,Building maintenance services,Programmed,50953.09,28/10/29,3630
INV31327,Open spaces management - region 1,Citywide Service Solutions Pty Ltd (AU),0.1m,29/04/22,3676
INV31328,Parking technology services,Reino International Pty Ltd T/A Duncan Solutions,"$116,329.14",25/11/18,3623
INV31329,Vehicle tow away and impound services,NationwideTowingServices,"$216,476.33",25/04/2026,3585
INV31330,Tree management maintenance services,CitywideServiceSolutionsPtyLtd,10438.93 AUD,26/05/02,3678
INV31331,Melbourne Town Hall venue management,Showtime Event Group Pty Ltd,54784.6,27/10/06,3670
INV31332,Graffiti management and pressure cleaning services,Calcorp Services Pty Ltd,154887.78,26 August 2028,3668
INV31333,Open spaces management - region 1,CitywideServiceSolutionsPtyLtd,120233.88,26/06/2026,3676
INV31334,Waste management services,Cleanaway  Waste  Management  Limited,103277.37,26/06/01,3556
INV31335,Integrated security services,national protective services pty ltd,108550.08,09/04/2025,3686
INV31336,Open spaces management - region 2,SERCO (AU),4594.99,21/01/2028,3677
INV31337,Open spaces management - region 2,SERCO,227303.54,27-Aug-2027,3677
INV31338,Open spaces management - region 1,Citywide,220666.87 AUD,26 November 2028, 
INV31339,Civil infrastructure services,Citywide Service Solutions Pty. Ltd.,110223.37,26/11/16,3665
INV31340,Graffiti management and pressure cleaning services,Calcorp Services Pty Ltd,"$56,208.32",2025-10-01,3668
INV31341,Graffiti management and pressure cleaning services,showtime event group pty ltd,0.1m,07-Sep-2028,3670
INV31342,Vehicle tow away and impound services,Victorian YMCA Communi,54440.69,16/03/2025,3615
INV31343,Tree management maintenance services,Citywide Service Solutions Pty. Ltd.,62706.68,2027-02-21,3678
INV31344,Tree management maintenance services,Citywide Service Solutions Pty Ltd (AU),80520.73,25/06/18,3678
INV31345,Civil infrastructure services,CitywideServiceSolutionsPtyLtd,31223.86,2027-05-21,3665
INV31346,Graffiti management and pressure cleaning services,Calcojp Services Pty Ltd,23595.75 AUD,26-Jun-2027, 
INV31347,Tree management maintenance services,Citywide,"$133,753.59",09-Feb-2025, 
INV31348,Graffiti management and pressure cleaning services,Calcorp Services Pty Ltd (AU),0.2m,19/06/2025,3668
INV31349,Parking technology services,Reino International Pty Ltd T/A Duncan Solutions (AU),0.1m,2025-03-08,3623
INV31350,Tree management maintenance services,menzies international (aust) pty ltd,0.1m,2027-01-02,3634
INV31351,Building cleaning services,Menzies International (Aust) Pty Ltd,0.0m,28/12/11,3634
INV31352,Parking technology services,ReinoInternationalPtyLtdT/ADuncanSolutions,105643.15 AUD,08/01/2026,3623
INV31353,Melbourne Town Hall venue management,Showtime  Event  Group  Pty  Ltd,0.2m,02/04/2028,3670
INV31354,Parking technology services,Reino International Pty Ltd T/A Duncan Solutions (AUS),131483.11 AUD,12 November 2028,3623
INV31355,Graffiti management and pressure cleaning services,Calcorp Services Pty Ltd,4018.11 AUD,18/03/2026,3668
INV31356,Management of Active Melbourne recreation facilities,Victorian YMCA Communi,88790.9,25/01/2025,3615
INV31357,Graffiti management and pressure cleaning services,CALCORP SERVICES PTY LTD,"$159,361.63",28/02/29,3668
INV31358,Open spaces management - region 1,Citywide Service Solutions Pty Ltd (AUS),221584.47 AUD,31 December 2025,3676
INV31359,Open spaces management - region 1,Citywide,140206.41 AUD,16-Jun-2026,3676
INV31360,Civil infrastructure services,citywide service solutions pty ltd,21278.13 AUD,18-Apr-2026,3665
INV31361,Melbourne Town Hall venue management,Showtime Event Group Pty. Ltd.,50334.52 AUD,29 April 2027,3670
INV31362,Open spaces management - region 1,Citywide Service Solutions Pty Ltd (AU),"$42,709.17",2026-05-28,3676
INV31363,Open spaces management - region 2,SEdCO,53252.91 AUD,2025-08-11,3677
INV31364,Building cleaning services,MENZIES INTERNATIONAL (AUST) PTY LTD,155856.28,24 April 2027,3634
INV31365,Integrated security services,National Protective Services Pty Ltd,96591.59,26/02/2025,3686
INV31366,Open spaces management - region 2,SERCO,0.0m,15-Apr-2029,3677
INV31367,Building maintenance services,Programmed Facility Management Pty Ltd,"$219,177.79",23/11/2028,3630
INV31368,Integrated security services,National Protective Services Pty. Ltd.,110597.21,14/01/2029,3686
INV31369,Parking technology services,Reino International Pty Ltd T/A Duncan Solutions (AU),233041.21,2025-05-23,3623
INV31370,Open spaces management - region 2,SERCO,0.2m,2026-02-02,3677
INV31371,Waste management services,Cleanaway Waste Management Limited,"$208,542.74",07/04/2027,3556
INV31372,Waste management services,cleanaway waste management limited,189125.18,2027-09-29,3556
INV31373,Vehicle tow away and impound services,Nationwide To,151419.37 AUD,2028-01-14,3585
INV31374,Open spaces management - region 1,Citywide Service Solutions Pty Ltd (AUS),180621.37,23 March 2027,3676
INV31375,Open spaces management - region 1,Citywide Service Solutions Pty Ltd (AUS),79622.45 AUD,06-Aug-2025,3676
INV31376,Management of Active Melbourne recreation facilities,Victorian YMCA Community Programming Pty Ltd (AUS),18472.64,13 August 2026,3615
INV31377,Open spaces management - region 2,Serco,224626.74,21/09/2029,3677
INV31378,Waste management services,Cleanaway Waste M,0.1m,27/02/2026,3556
INV31379,Integrated security services,National Protective Services Pty Ltd,0.1m,24 April 2029,3686
INV31380,Tree management maintenance services,Citywide Service Solutions Pty Ltd,206674.48 AUD,2026-12-01,3678
INV31381,Tree management maintenance services,citywide service solutions pty ltd,39958.12 AUD,01-Feb-2026,3678
INV31382,Waste management services,CleanawayWasteManagementLimited,186606.73,12-Oct-2026,3556
INV31383,Waste management services,Cleanaway  Waste  Management  Limited,13494.45,29/03/2026,3556
INV31384,Building maintenance services,Citywide  Service  Solutions  Pty  Ltd,0.1m,02 June 2028,3678
INV31385,Open spaces management - region 2,SERCO,184528.43,25/07/2025,3677
INV31386,Open spaces management - region 1,Citywide Service Solutions Pty Ltd (AUS),0.0m,16/08/2028,3676
INV31387,Melbourne Town Hall venue management,showtime event group pty ltd,52057.78 AUD,28/01/04,3670
INV31388,Open spaces management - region 2,Serco,231149.39 AUD,04-Jun-2029,3677
INV31389,Integrated security services,National Protective Services Pty Ltd,"$106,126.76",28/02/04, 
INV31390,Building cleaning services,Menzies Int’l (Aust) Pty Ltd,0.2m,30 November 2026,3634
INV31391,Tree management maintenance services,Citywide  Service  Solutions  Pty  Ltd,"$191,645.03",19/04/2027,3678
INV31392,Parking technology services,Reino International Pty. Ltd. T/A Duncan Solutions,22080.47,19 November 2029,3623
INV31393,Open spaces management - region 2,Reino International Pty Ltd T/A Duncan Solutions,87898.14 AUD,2026-05-30,3623
INV31394,Integrated security services,National Protective Services Pty Ltd,"$139,846.6",21/05/2026,3686
INV31395,Open spaces management - region 2,SERCO,"$135,072.35",06-Feb-2025,3677
INV31396,Integrated security services,National Protective Services Pty. Ltd.,"$4,481.89",17/10/2025,3686
INV31397,Street cleaning,Spotless Facility Services Pty Ltd (AUS),0.2m,19 May 2029,3669
INV31398,Waste management services,Cleanaway Waste Management Limited (AUS),124012.43,2025-10-16,3556
INV31399,Building maintenance services,Programmed Facility,"$2,630.02",09/07/2027,3630
INV31400,Parking technology services,reino international pty ltd t/a duncan solutions,128799.95,30/12/2026,3623
INV31401,Management of Active Melbourne recreation facilities,victorian ymca community programming pty ltd,0.2m,19-Feb-2027,3615
INV31402,Graffiti management and pressure cleaning services,Calcorp Services Pty Ltd (AU),,21/05/2028,3668
INV31403,Tree management maintenance services,Citywide  Service  Solutions  Pty  Ltd,53666.16,2026-07-10,3678
INV31404,Open spaces management - region 1,Citywide Service Solutions Pty Ltd,149904.55 AUD,14-Jan-2029,3676
INV31405,Melbourne Town Hall venue management,Showtime Event Group Pty Ltd (AUS),65499.75 AUD,17-Feb-2028,3670
INV31406,Tree management maintenance services,Citywide Service Solutions Pty Ltd (AUS),158790.16,23 March 2028,3678
INV31407,Parking technology services,Reino International Pty Ltd T/A Duncan Solutions (AUS),0.0m,25/12/2028,3623
INV31408,Open spaces management - region 2,SERCO,"$74,311.39",12-Jan-2027,3677
INV31409,Waste management services,Cleanaway Waste M,4079.26 AUD,09-Nov-2028,3556
INV31410,Tree management maintenance services,Citywide Service Solutions Pty. Ltd.,237930.97 AUD,2026-11-14,3678
INV31411,Management of Active Melbourne recreation facilities,Victorian  YMCA  Community  Programming  Pty  Ltd,94702.38,20-Dec-2025,3615
INV31412,Open spaces management - region 1,Citywide Service Solutions Pty Ltd,75906.73,2027-02-17,3676
INV31413,Melbourne Town Hall venue management,Showtime Event Group Pty Ltd (AUS),"$190,598.05",25/09/2028,3670
INV31414,Parking technology services,ReinoInternationalPtyLtdT/ADuncanSolutions,41832.41 AUD,05/01/2029,3623
INV31415,Integrated security services,NationalProtectiveServicesPtyLtd,39453.98,27/07/26,3686
INV31416,Graffiti management and pressure cleaning services,CALCORP SERVICES PTY LTD,188913.16 AUD,06-Feb-2025, 
INV31417,Open spaces management - region 1,Citywide Service ,157268.53,04/01/2025,3676
INV31418,Vehicle tow away and impound services,NATIONWIDE TOWING SERVICES,206737.68,28/01/11,3585
INV31419,Management of Active Melbourne recreation facilities,Victorian YMCA Community Programming Pty. Ltd.,"$198,531.03",01-Dec-2029,3615
INV31420,Graffiti management and pressure cleaning services,Calcorp Services P/L,121781.48,27/06/21,3668
INV31421,Street cleaning,Spotless Facility Services Pty Ltd (AU),0.2m,30/10/2025,3669
INV31422,Tree management maintenance services,Citywive Service Solutions Pty Ltd,0.0m,11 April 2027,3678
INV31423,Open spaces management - region 2,SyRCO,0.2m,30 March 2025,3677
INV31424,Management of Active Melbourne recreation facilities,Victorian YMCA Community Programming Pty Ltd,"$23,221.47",25/09/23,3615
INV31425,Street cleaning,SPOTLESS FACILITY SERVICES PTY LTD,69792.42 AUD,08 February 2028,3669
INV31426,Tree management maintenance services,Citywide Service Solutions Pty Ltb,0.1m,30/05/2029,3678
INV31427,Waste management services,cleanaway waste management limited,183843.69,27/10/2027,3556
INV31428,Tree management maintenance services,Citywide Service Solutions Pty Ltd (AU),19661.34 AUD,2025-02-26,3678
INV31429,Open spaces management - region 1,Citywide Service Solutions Pty Ltd (AUS),17467.71,27/08/30,3676
INV31430,Melbourne Town Hall venue management,Showtime Event,148531.95,23 January 2027,3670
INV31431,Parking technology services,Reino International Pty Ltd T/A Duncan Solutions (AUS),176960.63,21/09/2028,3623
INV31432,Melbourne Town Hall venue management,Citywide  Service  Solutions  Pty  Ltd,37573.98,21/09/2025,3678
INV31433,Melbourne Town Hall venue management,SHOWTIME EVENT GROUP PTY LTD,127723.42,26 December 2029,3670
INV31434,Street cleaning,Spotless,113747.16 AUD,30/05/2025,3669
INV31435,Graffiti management and pressure cleaning services,Calcorp ServicesiPty Ltd,0.2m,27/10/2025,3668
INV31436,Street cleaning,SPOTLESS FACILITY SERVICES PTY LTD,128136.2,2029-09-19,3669
INV31437,Management of Active Melbourne recreation facilities,Victorian YMCA Community Programming P/L,"$242,648.97",19 May 2025,3615
INV31438,Building cleaning services,MenziesInternational(Aust)PtyLtd,213536.58 AUD,15/09/2029,3634
INV31439,Civil infrastructure services,Citywide Service Solutions P/L,150877.14,24/01/2027,3665
INV31440,Vehicle tow away and impound services,Nationwide Towing Services (AU),"$78,329.19",11/01/2027,3585
INV31441,Melbourne Town Hall venue management,Showtime Event,167394.19,25/08/2025,3670
INV31442,Integrated security services,National Protective Services Pty Ltd (AU),182841.12,06/12/2026,3686
INV31443,Open spaces management - region 1,Citywide Service Solutions Pty Ltd,0.1m,2029-03-09,3676
INV31444,Tree management maintenance services,citywide service solutions pty ltd,0.0m,03 July 2029,3678
INV31445,Tree management maintenance services,Citywide Service Solutions P/L,"$172,994.52",09/07/2027,3678
INV31446,Integrated security services,National Protective Services Pty. Ltd.,"$248,112.55",14/06/2028,3686
INV31447,Building cleaning services,Menzies Intl (Aust) Pty Ltd,193482.18,2025-05-04,3634
INV31448,Building cleaning services,Menzies Intl (Aust) Pty Ltd,0.2m,,3634
INV31449,Street cleaning,Spotless Facility,0.2m,23-May-2028,3669
INV31450,Building cleaning services,menzies international (aust) pty ltd,0.1m,2025-08-24,3634
INV31451,Open spaces management - region 1,Citywide Service Solutions Pty Ltd,"$189,243.48",29/04/23,3676
INV31452,Management of Active Melbourne recreation facilities,Victorian YMCA Community Programming Pty. Ltd.,92349.1 AUD,29/03/2025, 
INV31453,Waste management services,cleanaway waste management limited,194717.74 AUD,23 November 2028,3556
INV31454,Management of Active Melbourne recreation facilities,Victorian YMCA Community Programming Pty Ltd (AUS),183159.73,25/01/2026,3615
INV31455,Management of Active Melbourne recreation facilities,Victorian YMCA Community Programming P/L,"$109,702.13",21/09/2028,3615
INV31456,Parking technology services,MenziesInternational(Aust)PtyLtd,93979.38 AUD,27/05/2029,3634
INV31457,Graffiti management and pressure cleaning services,Calcorp Services Pty Ltd (AU),153085.9,04/08/2027, 
INV31458,Open spaces management - region 1,Citywide Service Solutions Pty Ltd (AU),"$16,044.88",19/10/2029,3676
INV31459,Management of Active Melbourne recreation facilities,Victorian,80605.11,10/04/2027,3615
INV31460,Civil infrastructure services,Citywide Service Solutions Pty Ltd,0.1m,06/05/2027,3665
INV31461,Parking technology services,reino international pty ltd t/a duncan solutions,"$175,251.78",30-Apr-2027,3623
INV31462,Vehicle tow away and impound services,Nationwide Towing Services (AU),247486.56 AUD,03/09/2026,3585
INV31463,Waste management services,Cleanaway Waste Management Limited,"$161,876.17",2026-04-03,3556
INV31464,Building maintenance services,programmed facility management pty ltd,0.1m,14/05/2029,3630
INV31465,Building maintenance services,PROGRAMMED FACILITY MANAGEMENT PTY LTD,131518.31,09/10/2029,3630
INV31466,Graffiti management and pressure cleaning services,calcorp services pty ltd,68773.75,20/01/2025,3668
INV31467,Management of Active Melbourne recreation facilities,VictorianYMCACommunityProgrammingPtyLtd,224124.58,10/04/2026,3615
INV31468,Open spaces management - region 2,SERCO,124612.25,21/06/2025,3677
INV31469,Open spaces management - region 1,citywide service solutions pty ltd,"$246,452.46",02 March 2025,3676
INV31470,Integrated security services,National Protective Services Pty Ltd,174340.06,04-Apr-2028,3686
INV31471,Tree management maintenance services,Citywide Service Solutions P/L,119869.39,27/03/03,3678
INV31472,Parking technology services,Reino  International  Pty  Ltd  T/A  Duncan  Solutions,48908.89,2027-06-05,3623
INV31473,Management of Active Melbourne recreation facilities,victorian ymca community programming pty ltd,0.1m,08/04/2026,3615
INV31474,Open spaces management - region 2,SERCO,68666.69 AUD,31/01/2027,3677
INV31475,Graffiti management and pressure cleaning services,CalcorpServicesPtyLtd,180511.82,2026-03-02,3668
INV31476,Civil infrastructure services,CITYWIDE SERVICE SOLUTIONS PTY LTD,142068.2 AUD,26/10/30,3665
INV31477,Building maintenance services,Programmed Facility Management Pty Ltd (AU),"$41,128.41",25/04/2028,3630
INV31478,Integrated security services,National Protective Sgrvices Pty Ltd,"$52,452.81",26-Feb-2027,3686
INV31479,Street cleaning,Spotlass Facility Services Pty Ltd,0.1m,05/09/2028,3669
INV31480,Building maintenance services,Programmed Facility Management Pty Ltd,0.2m,05/08/2027,3630
INV31481,Open spaces management - region 2,serco,188274.21,08/05/2029,3677
INV31482,Tree management maintenance services,Citywide Service Solutions Pty Ltd (AU),0.2m,18/11/2025,3678
INV31483,Melbourne Town Hall venue management,Showtime Event,230786.5,20-Jul-2026,3670
INV31484,Melbourne Town Hall venue management,nationwide towing services,199920.24,26/07/15,3585
INV31485,Open spaces management - region 1,citywide service solutions pty ltd,0.2m,2027-04-30,3676
INV31486,Civil infrastructure services,Citywide Service Solutions Pty Ltd (AU),168585.73,2026-05-16,3665
INV31487,Street cleaning,SPOTLESS FACILITY SERVICES PTY LTD,245606.37 AUD,09/12/2026,3669
INV31488,Vehicle tow away and impound services,SERCO,240673.56,06/11/2026,3677
INV31489,Integrated security services,NATIONAL PROTECTIVE SERVICES PTY LTD,"$15,454.12",23-Mar-2025,3686
INV31490,Waste management services,Cleanaway Waste Mgmt Limited,0.1m,25/06/14,3556
INV31491,Parking technology services,Reino Int’l Pty Ltd T/A Duncan Solutions,"$41,435.16",2028-02-27,3623
INV31492,Street cleaning,Spotless Facility Services Pty Ltd (AUS),200202.53,05-Sep-2028,3669
INV31493,Graffiti management and pressure cleaning services,Calcorp Services Pty Ltd,11972.73,2026-05-13,3668
INV31494,Graffiti management and pressure cleaning services,Calcorp Serv,181072.06,2028-08-22,3668
INV31495,Integrated security services,National Protective Services P/L,"$21,160.65",2029-01-16,3686
INV31496,Tree management maintenance services,Citywide,19426.07 AUD,2026-05-12,3678
INV31497,Building cleaning services,Menzies International (Aust) Pty Ltd (AUS),0.1m,25/05/03,3634
INV31498,Building maintenance services,programmed facility management pty ltd,0.0m,06 March 2025,3630
INV31499,Management of Active Melbourne recreation facilities,Victorian YMCA Communi,"$73,660.89",19/02/2029,3615
INV31500,Management of Active Melbourne recreation facilities,victorian ymca community programming pty ltd,,04/12/2029,3615
INV31501,Parking technology services,Reino International Pty Lxd T/A Duncan Solutions,94497.72,06/12/2028,3623
INV31502,Vehicle tow away and impound services,nationwide towing services,"$159,442.54",26 March 2029,3585
INV31503,Building cleaning services,Menzies International (Aust) Pty Ltd,48755.29,07 December 2025,3634
INV31504,Tree management maintenance services,CITYWIDE SERVICE SOLUTIONS PTY LTD,0.1m,06-Jun-2029, 
INV31505,Open spaces management - region 1,Citywide Service Solutions Pty Ltd,"$197,347.23",14/01/2025,3676
INV31506,Graffiti management and pressure cleaning services,Calcorp Services Pty Ltd (AU),45786.43 AUD,2029-07-13,3668
INV31507,Civil infrastructure services,CitywideServiceSolutionsPtyLtd,129948.37 AUD,03/05/2025,3665
INV31508,Building maintenance services,Programmed  Facility  Management  Pty  Ltd,36540.15,17-Aug-2026,3630
INV31509,Melbourne Town Hall venue management,Showtime Event,"$36,517.21",23 July 2026,3670
INV31510,Civil infrastructure services,Citywide Service Solutions P/L,"$162,248.2",27/10/16,3665
INV31511,Management of Active Melbourne recreation facilities,Victorian YMCA Community Proguamming Pty Ltd,172628.61,24-Aug-2026,3615
INV31512,Tree management maintenance services,Citywide  Service  Solutions  Pty  Ltd,0.0m,08/11/2026,3678
INV31513,Civil infrastructure services,Citywide,97978.08,15 October 2029,3665
INV31514,Open spaces management - region 1,CitywideServiceSolutionsPtyLtd,0.1m,07/09/2029,3676
INV31515,Building cleaning services,Menzies Internatio,0.2m,16/03/2028,3634
INV31516,Integrated security services,NATIONAL PROTECTIVE SERVICES PTY LTD,0.1m,22-Jun-2025, 
INV31517,Building maintenance services,Programmed Facility Management Pty Ltd (AU),"$128,600.91",13/08/2027,3630
INV31518,Vehicle tow away and impound services,NationwideTowingServices,104421.89 AUD,12 September 2028,3585
INV31519,Street cleaning,Spotless  Facility  Services  Pty  Ltd,34808.78 AUD,30-Apr-2029,3669
INV31520,Open spaces management - region 1,Citywide Service Solutions Pty Ltd (AU),237834.77,25/01/17,3676
INV31521,Civil infrastructure services,Citywide Service ,79380.9 AUD,28-Jun-2029,3665
INV31522,Graffiti management and pressure cleaning services,Calcorp,"$73,060.48",21/12/2026,3668
INV31523,Tree management maintenance services,Citywide Service Solutions Pty Ltd,0.2m,25/12/2026,3676
INV31524,Graffiti management and pressure cleaning services,CalcorpkServices Pty Ltd,"$175,758.43",23-Dec-2025,3668
INV31525,Graffiti management and pressure cleaning services,Calcorp Services Pty Ltd,89085.72,28/06/16,3668
INV31526,Integrated security services,National Protective Services Pty Ltd (AUS),45299.31,07/11/2028,3686
INV31527,Civil infrastructure services,Citywide Service Solutions Pty Ltd,145184.33,05-May-2026,3665
INV31528,Building maintenance services,programmed facility management pty ltd,93562.26,23/10/2027,3630
INV31529,Vehicle tow away and impound services,Nationwide Towing Services (AUS),"$237,801.56",04/06/2026,3585
INV31530,Vehicle tow away and impound services,Nationwide,36695.49,14/04/2027,3585
INV31531,Building maintenance services,Programmed  Facility  Management  Pty  Ltd,222480.1 AUD,18 March 2027,3630
INV31532,Building maintenance services,Citywide Service Solutions Pty Ltd,105472.74,03/05/2025,3676
INV31533,Open spaces management - region 1,Citywide,193454.46,29/04/24,3676
INV31534,Parking technology services,Reino International Pty. Ltd. T/A Duncan Solutions,"$199,883.11",28/12/04,3623
INV31535,Melbourne Town Hall venue management,Showtime Event Group Pty Ltd,0.0m,04 April 2026,3670
INV31536,Waste management services,Cleanaway Waste Management Limited (AUS),93636.43,29/11/08,3556
INV31537,Civil infrastructure services,citywide service solutions pty ltd,0.0m,22/08/2027,3665
INV31538,Building maintenance services,MenziesInternational(Aust)PtyLtd,217641.68,18/06/2029,3634
INV31539,Tree management maintenance services,Citywide Service Solutions Pty Ltd (AUS),223324.03,2027-01-23,3678
INV31540,Melbourne Town Hall venue management,Showtime Event Group Pty Ltz,230523.73 AUD,19/05/2029,3670
INV31541,Building cleaning services,Menzies  International  (Aust)  Pty  Ltd,0.0m,27/09/10,3634
INV31542,Vehicle tow away and impound services,Nationwide,"$219,448.03",29/11/2027,3585
INV31543,Melbourne Town Hall venue management,SHOWTIME EVENT GROUP PTY LTD,68572.32 AUD,31-Oct-2027,3670
INV31544,Open spaces management - region 1,Citywide  Service  Solutions  Pty  Ltd,36078.42 AUD,20/10/2029,3676
INV31545,Tree management maintenance services,Citywide Service Solutions Pty Ltd,0.2m,2026-01-20,3678
INV31546,Tree management maintenance services,citywide service solutions pty ltd,"$73,530.47",2029-12-06,3678
INV31547,Parking technology services,Reino International Pty Ltd T/A Duncan Solutions,171363.12,28/02/2026, 
INV31548,Street cleaning,Spotless Facility Services Pty Ltd,161401.59 AUD,,3669
INV31549,Street cleaning,Spotless Facility Services Pty Ltd,15726.63,13 September 2029,3669
INV31550,Building cleaning services,Menzies International (Aust) Pty. Ltd.,142586.38 AUD,26/01/2027,3634
INV31551,Building maintenance services,Programmed Facility Mgmt Pty Ltd,0.0m,04/10/2029,3630
INV31552,Tree management maintenance services,Citywide Service Solutions Pty. Ltd.,195832.2,2029-09-18,3678
INV31553,Integrated security services,National Protective Services Pty Ltd (AU),245733.6 AUD,01/02/2028,3686
INV31554,Tree management maintenance services,Citywide Service Solutions Pty Ltd,153461.39,26/03/18,3678
INV31555,Graffiti management and pressure cleaning services,CalcorpServicesPtyLtd,172931.06 AUD,2029-07-04,3668
INV31556,Melbourne Town Hall venue management,Showtime Event Group P/L,"$12,092.92",28/10/21,3670
INV31557,Management of Active Melbourne recreation facilities,VictorianYMCACommunityProgrammingPtyLtd,237115.03,26/01/2025,3615
INV31558,Building maintenance services,PROGRAMMED FACILITY MANAGEMENT PTY LTD,225530.05,28/09/2025,3630
INV31559,Integrated security services,National Protective Services P/L,0.1m,19/03/2025,3686
INV31560,Management of Active Melbourne recreation facilities,VictorianYMCACommunityProgrammingPtyLtd,"$188,174.24",,3615
INV31561,Management of Active Melbourne recreation facilities,Victorian YMCA Community Programming Pty Ltd,196199.25,,3615
INV31562,Melbourne Town Hall venue management,Showtime  Event  Group  Pty  Ltd,149539.51,01/05/2025,3670
INV31563,Building cleaning services,Menzies International (Aust) Pty Ltd (AU),202513.7,22-May-2027,3634
INV31564,Civil infrastructure services,Citywide Service Solutions Pty. Ltd.,209542.94,28/10/31,3665
INV31565,Open spaces management - region 2,iERCO,74563.25 AUD,25/07/28, 
INV31566,Waste management services,CLEANAWAY WASTE MANAGEMENT LIMITED,"$128,434.38",2029-11-16, 
INV31567,Vehicle tow away and impound services,nationwide towing services,0.2m,14/06/2028,3585
INV31568,Open spaces management - region 1,Citywide Service Solutions Pty Ltd,"$116,486.91",25/10/20,3676
INV31569,Management of Active Melbourne recreation facilities,Victorian Ymca Community Programming Pty Ltd,18555.3,27-Oct-2026,3615
INV31570,Waste management services,Cleanaway Waste Mgmt Limited,98281.46,20-Jul-2025,3556
INV31571,Waste management services,Cleanaway Waste Management Ltd,0.2m,29/08/12,3556
INV31572,Integrated security services,National Protectiv,7508.3,25/02/20,3686
INV31573,Civil infrastructure services,Citywide,243851.81,26 October 2025,3665
INV31574,Integrated security services,National Protective Services Pty Ltd,224562.87,2027-02-24,3686
INV31575,Graffiti management and pressure cleaning services,Calcorp Serv,95455.82,2025-01-20,3668
INV31576,Street cleaning,Spotless Facility Services Pty Ltd,"$86,961.72",13 February 2025,3669
INV31577,Vehicle tow away and impound services,NATIONWIDE TOWING SERVICES,50417.12 AUD,26/08/09,3585
INV31578,Open spaces management - region 1,Citywide,146698.29,25/12/2026,3676
INV31579,Vehicle tow away and impound services,Nationwide Towing Services,0.2m,2028-11-13,3585
INV31580,Open spaces management - region 2,SERCO,0.1m,09/07/2026,3677
INV31581,Building maintenance services,Programmed Facility Management P/L,187595.55 AUD,07/02/2026,3630
INV31582,Graffiti management and pressure cleaning services,Calcorp Services Pty Ltd (AU),186665.65,07/08/2025,3668
INV31583,Civil infrastructure services,Citywide Service Solutions Pty Ltd,0.2m,09-Aug-2028,3665
INV31584,Building maintenance services,programmed facility management pty ltd,120184.6,25/03/31,3630
INV31585,Parking technology services,Reino International Pty Ltd T/A Duncan Solutions (AU),182001.43,2025-12-05,3623
INV31586,Integrated security services,National Protective Services Pty Ltd,"$232,321.54",2025-06-02,3686
INV31587,Parking technology services,REINO INTERNATIONAL PTY LTD T/A DUNCAN SOLUTIONS,219441.69,11/05/2028,3623
INV31588,Civil infrastructure services,Citywide Service Solutions P/L,248769.97,27/11/24,3665
INV31589,Building cleaning services,Menzies International (Aust) Pty Ltd,140931.69,2028-10-08, 
INV31590,Melbourne Town Hall venue management,Showtime Event Group Pty Ltd (AUS),53336.68,04 November 2026,3670
INV31591,Management of Active Melbourne recreation facilities,victorian ymca community programming pty ltd,0.0m,14-Jul-2026,3615
INV31592,Tree management maintenance services,Citywide Service Solutions Pty Ltd,121518.55,2026-12-25,3678
INV31593,Integrated security services,NATIONAL PROTECTIVE SERVICES PTY LTD,207043.08 AUD,12-Nov-2029,3686
INV31594,Open spaces management - region 1,CitywideServiceSolutionsPtyLtd,"$205,977.5",2027-04-09,3676
INV31595,Management of Active Melbourne recreation facilities,Victorian YMCA Community Programming Pty. Ltd.,168337.88 AUD,02-Aug-2026,3615
INV31596,Street cleaning,Citywide ServiceaSolutions Pty Ltd,0.1m,23 April 2025,3665
INV31597,Integrated security services,National Protectiv,230596.76,11/05/2025,3686
INV31598,Open spaces management - region 2,Serco,59421.12 AUD,28/07/31,3677
INV31599,Building maintenance services,Programmed Facility Management Pty Ltd,118399.42,25-Dec-2028,3630
INV31600,Management of Active Melbourne recreation facilities,Victorian YMCA Community Programming Pty Ltd (AUS),0.2m,29/06/2025,3615
INV31601,Building maintenance services,Programmed Facility Managemenj Pty Ltd,218574.17,12/10/2029,3630
INV31602,Waste management services,Cleanaway Waste Managemknt Limited,"$113,562.42",28/12/25,3556
INV31603,Melbourne Town Hall venue management,Showtime Event Group Pty. Ltd.,211783.37 AUD,31-Mar-2027,3670
INV31604,Management of Active Melbourne recreation facilities,Victorian YMCA Community Programming Pty Ltd,159474.84 AUD,09/09/2026,3615
INV31605,Melbourne Town Hall venue management,Showtime Event Group Pty Ltd (AU),56921.89 AUD,30-Mar-2029,3670
INV31606,Open spaces management - region 2,SERCq,27460.94 AUD,25/06/25,3677
INV31607,Integrated security services,Programmed Facility Management Pty Ltd (AUS),223667.84 AUD,28/02/24,3630
INV31608,Management of Active Melbourne recreation facilities,Victorian  YMCA  Community  Programming  Pty  Ltd,0.2m,2029-10-09,3615
INV31609,Waste management services,Cleanaway Waste Management Limited,"$117,246.69",26/06/02,3556
INV31610,Graffiti management and pressure cleaning services,Calcorp  Services  Pty  Ltd,0.0m,29/10/14,3668
INV31611,Waste management services,Cleanaway Waste Management Limited,"$99,673.92",28/11/02,3556
INV31612,Waste management services,Cleanaway Waste Mgmt Limited,"$109,352.75",22/09/2025,3556
INV31613,Graffiti management and pressure cleaning services,Calcorp Services P/L,225554.15,10/08/2027,3668
INV31614,Open spaces management - region 1,CITYWIDE SERVICE SOLUTIONS PTY LTD,"$203,166.47",25/01/07,3676
INV31615,Building cleaning services,menzies international (aust) pty ltd,"$175,739.19",26 February 2026,3634
INV31616,Integrated security services,NATIONAL PROTECTIVE SERVICES PTY LTD,161993.03 AUD,28/07/16,3686
INV31617,Management of Active Melbourne recreation facilities,Victorian YMCA Community Programming P/L,53189.85,2026-03-30,3615
INV31618,Vehicle tow away and impound services,Nationwide  Towing  Services,219867.98,08 May 2025,3585
INV31619,Street cleaning,Spotless Facility Services Pty Ltd (AUS),0.1m,20/11/2028,3669
INV31620,Graffiti management and pressure cleaning services,Calcorp Services Pty Ltd (AUS),"$82,275.95",20/07/2029,3668
INV31621,Tree management maintenance services,Citywide Service Solutions Pty Ltd,0.1m,30 September 2029,3678
INV31622,Parking technology services,Reino International P/L T/A Duncan Solutions,"$67,480.87",18/07/2027,3623
INV31623,Parking technology services,Reino International Pty. Ltd. T/A Duncan Solutions,0.1m,03 September 2029,3623
INV31624,Open spaces management - region 1,Citywide Service Solutions P/L,8311.02,29/04/22,3676
INV31625,Vehicle tow away and impound services,NATIONWIDE TOWING SERVICES,"$215,064.0",13/01/2028,3585
INV31626,Open spaces management - region 2,SERCO,108502.09 AUD,2027-07-30,3677
INV31627,Melbourne Town Hall venue management,Showtime Event Group Pty Ltd (AU),61728.08,05/04/2027,3670
INV31628,Tree management maintenance services,Citywide Service Solutions Pty Ltd,"$54,235.43",08/12/2028,3678
INV31629,Tree management maintenance services,Citywide Service Solutions Pty Ltd (AUS),109252.61,27/02/2027,3678
INV31630,Open spaces management - region 1,CitywideServiceSolutionsPtyLtd,53648.32,2027-07-30,3676
INV31631,Management of Active Melbourne recreation facilities,Victorian YMCA Community Programming P/L,249068.44,2026-03-26, 
INV31632,Graffiti management and pressure cleaning services,Calcorp Services P/L,"$57,221.82",05/06/2025,3668
INV31633,Building cleaning services,Menzies  International  (Aust)  Pty  Ltd,0.1m,23 June 2025,3634
INV31634,Parking technology services,Reino Intl Pty Ltd T/A Duncan Solutions,113196.68,2028-10-24,3623
INV31635,Melbourne Town Hall venue management,ShowtimeEventGroupPtyLtd,169085.56,25/05/05,3670
INV31636,Integrated security services,National Protective Services Pty Ltd (AUS),"$76,644.81",14/01/2026,3686
INV31637,Building maintenance services,ProgrammedFacilityManagementPtyLtd,29822.8 AUD,01-Jul-2025,3630
INV31638,Building cleaning services,MENZIES INTERNATIONAL (AUST) PTY LTD,80904.58,2028-03-07,3634
INV31639,Vehicle tow away and impound services,Nationwide  Towing  Services,130345.77,02-May-2026,3585
INV31640,Management of Active Melbourne recreation facilities,victorian ymca community programming pty ltd,"$87,862.16",26/05/13,3615
INV31641,Open spaces management - region 1,Citywide  Service  Solutions  Pty  Ltd,75914.91 AUD,26/01/2028,3676
INV31642,Tree management maintenance services,citywide service solutions pty ltd,"$149,732.12",28/09/20,3678
INV31643,Building cleaning services,Menzies International (Aust) Pty Ltd,0.0m,2029-12-18, 
INV31644,Integrated security services,NationalProtectiveServicesPtyLtd,"$101,229.41",28/09/08,3686
INV31645,Building cleaning services,Menzies Intl (Aust) Pty Ltd,0.1m,11/11/2026,3634
INV31646,Open spaces management - region 1,Citywide Service Solutions Pty. Ltd.,212816.86,2029-09-20,3676
INV31647,Street cleaning,Spotless Facility Services Pty Ltd (AU),171865.71,15/11/2026,3669
INV31648,Open spaces management - region 1,Citywide Service Solutions P/L,171859.16,08/04/2025,3676
INV31649,Building cleaning services,menzies international (aust) pty ltd,24240.54,2025-04-23,3634
INV31650,Tree management maintenance services,Citywide Service Solutions Pty Ltd,111009.67,26/01/2028, 
INV31651,Vehicle tow away and impound services,nationwide towing services,43794.24 AUD,02/12/2025, 
INV31652,Open spaces management - region 1,CitywideuService Solutions Pty Ltd,22548.7,06 November 2026,3676
INV31653,Management of Active Melbourne recreation facilities,Victorian,0.1m,29/10/08,3615
INV31654,Building cleaning services,Menzies International (Aust) Pty. Ltd.,101260.39,07/12/2026,3634
INV31655,Integrated security services,national protective services pty ltd,241524.7 AUD,29/08/07,3686
INV31656,Vehicle tow away and impound services,nationwide towing services,247468.63,20/10/2028,3585
INV31657,Street cleaning,Spotless  Facility  Services  Pty  Ltd,92670.14 AUD,23 March 2025,3669
INV31658,Civil infrastructure services,Citywide Service Solutions Pty Ltd (AUS),93659.5 AUD,06/04/2028,3665
INV31659,Building cleaning services,Menzies,227664.75,15-Feb-2026,3634
INV31660,Tree management maintenance services,Citywide Service Solutions Pty Ltd,51800.21,29-May-2025,3678
INV31661,Civil infrastructure services,Citywide  Service  Solutions  Pty  Ltd,64712.61 AUD,30/10/2026,3665
INV31662,Tree management maintenance services,CitywideServiceSolutionsPtyLtd,207067.52,14-Mar-2027,3678
INV31663,Waste management services,Cleanaway,174895.7 AUD,26-May-2028,3556
INV31664,Waste management services,CleanawayWasteManagementLimited,245607.76,26/07/19,3556
INV31665,Tree management maintenance services,Citywide Service Solutions Pty Ltd,95246.45,31 January 2026,3678
INV31666,Tree management maintenance services,Citywide Service Solutions Pty Ltd,"$178,806.52",30 September 2028,3678
INV31667,Management of Active Melbourne recreation facilities,VICTORIAN YMCA COMMUNITY PROGRAMMING PTY LTD,109256.09,2026-09-05,3615
INV31668,Integrated security services,National Protective Services Pty Ltd,22112.69,06/02/2025,3686
INV31669,Integrated security services,National Protective Services Pty Ltd,0.0m,08/04/2028,3686
INV31670,Building maintenance services,NATIONAL PROTECTIVE SERVICES PTY LTD,"$147,471.97",17-Jan-2029,3686
INV31671,Open spaces management - region 2,Serco,219121.53,09/02/2029,3677
INV31672,Building maintenance services,Cleanaway Waste Management Limited,235933.67 AUD,2027-10-18,3556
INV31673,Tree management maintenance services,Citywide Service ,"$224,324.43",06 April 2026,3678
INV31674,Waste management services,CLEANAWAY WASTE MANAGEMENT LIMITED,"$73,174.64",23-Mar-2026,3556
INV31675,Graffiti management and pressure cleaning services,Calcorp Services Pty Ltd,116014.58,08 May 2028,3668
INV31676,Open spaces management - region 2,Serco,161984.84,28/07/22,3677
INV31677,Integrated security services,National Protective Services Pty Ltd,"$122,026.59",19/03/2029,3686
INV31678,Melbourne Town Hall venue management,Showtime Event Group Pty Ltd (AU),90564.07 AUD,29-Sep-2025,3670
INV31679,Street cleaning,SPOTLESS FACILITY SERVICES PTY LTD,0.0m,2029-01-27,3669
INV31680,Open spaces management - region 2,SERCO (AUS),0.0m,01 February 2026,3677
INV31681,Management of Active Melbourne recreation facilities,Victorian  YMCA  Community  Programming  Pty  Ltd,6861.51,28/03/21,3615
INV31682,Waste management services,Cleanaway Waste Management Limifed,"$215,321.84",02/02/2029, 
INV31683,Graffiti management and pressure cleaning services,Calcorp,0.2m,2029-03-23,3668
INV31684,Building maintenance services,PROGRAMMED FACILITY MANAGEMENT PTY LTD,0.1m,2026-02-24,3630
INV31685,Melbourne Town Hall venue management,Showtime  Event  Group  Pty  Ltd,,20 December 2026,3670
INV31686,Parking technology services,Reino International Pty Ltd T/A Duncan Solutions,0.2m,27/02/03,3623
INV31687,Civil infrastructure services,Citywide Service Solutions P/L,115601.93 AUD,30/10/2025,3665
INV31688,Civil infrastructure services,Citywide Service Solutions P/L,"$22,288.35",27/11/16,3665
INV31689,Waste management services,Cleanaway Waste Management Limited,"$164,759.28",2025-03-16,3556
INV31690,Melbourne Town Hall venue management,Showtime Event Group Pty Ltd,123678.46,30/03/2029,3670
INV31691,Open spaces management - region 1,CitywideServiceSolutionsPtyLtd,41439.11,2028-09-10,3676
INV31692,Building cleaning services,Menzies International (Aust) Pty Ltd (AU),206213.6 AUD,02-Nov-2029,3634
INV31693,Integrated security services,NationalfProtective Services Pty Ltd,"$244,317.12",13/09/2028,3686
INV31694,Graffiti management and pressure cleaning services,Calcorp Services Pty Ltd (AU),0.2m,09-Apr-2028,3668
INV31695,Building cleaning services,Menzies International (Aust) P/L,0.1m,30/07/2027,3634
INV31696,Open spaces management - region 2,SERCO,205180.03 AUD,2028-02-21,3677
INV31697,Open spaces management - region 1,Cleanaway Waste M,58944.07,05/12/2029,3556
INV31698,Vehicle tow away and impound services,Nationwide Towing Services (AUS),"$142,573.56",27/04/14,3585
INV31699,Parking technology services,Reino International Pty Ltd T/A Duncan Solutions,21883.81,20-Oct-2027,3623
INV31700,Parking technology services,Reino,"$154,503.77",08/11/2026,3623
INV31701,Waste management services,cleanaway waste management limited,237936.2,2028-07-29,3556
INV31702,Melbourne Town Hall venue management,SHOWTIME EVENT GROUP PTY LTD,"$218,558.9",25 January 2029,3670
INV31703,Integrated security services,National Protectiv,85834.67 AUD,14 September 2027,3686
INV31704,Building maintenance services,Programmed Facility,2736.83,02/05/2029,3630
INV31705,Melbourne Town Hall venue management,ShowtimeEventGroupPtyLtd,0.1m,23/02/2029,3670
INV31706,Graffiti management and pressure cleaning services,Calcorp Services Pty Ltd,"$88,595.16",05/06/2026,3668
INV31707,Integrated security services,National Protective Services Pty. Ltd.,"$79,758.96",08 March 2028,3686
INV31708,Parking technology services,Reino Intl Pty Ltd T/A Duncan Solutions,0.1m,2025-07-11,3623
INV31709,Waste management services,Cleanaway Waste M,51905.68 AUD,18/08/2028,3556
INV31710,Civil infrastructure services,Citywide Service Solutions Pty Ltd,6624.48,11 January 2026,3665
INV31711,Building cleaning services,Menzies,206599.61 AUD,29/02/26,3634
INV31712,Street cleaning,SpotlessFacilityServicesPtyLtd,35718.24,05/02/2028,3669
INV31713,Open spaces management - region 1,Citywide Service Solutions P/L,"$217,392.29",22-Aug-2026,3676
INV31714,Building maintenance services,Programmed Facility,3881.18,02/10/2027,3630
INV31715,Street cleaning,Spotless Facility Services Pty Ltd (AUS),188536.07 AUD,17/07/2025,3669
INV31716,Waste management services,CLEANAWAY WASTE MANAGEMENT LIMITED,"$61,588.01",27/11/2029,3556
INV31717,Open spaces management - region 1,Citywide Service Solutions Pty Ltd (AUS),156942.01,27/08/19,3676
INV31718,Open spaces management - region 2,SERCO (AU),23558.2 AUD,21/05/2025,3677
INV31719,Melbourne Town Hall venue management,SHOWTIME EVENT GROUP PTY LTD,"$202,875.77",04/10/2027,3670
INV31720,Tree management maintenance services,Citywide  Service  Solutions  Pty  Ltd,165253.7,29/12/21,3678
INV31721,Parking technology services,Reino International Pty Ltd T/A Duncan Solutions (AUS),16773.16,11/01/2029,3623
INV31722,Street cleaning,Spotless Facility Services Pty Ltd,0.2m,13 June 2027,3669
INV31723,Graffiti management and pressure cleaning services,Calcorp Services Pty Ltd,"$49,303.1",2026-03-16,3668
INV31724,Open spaces management - region 2,SERCO,26630.54,02/11/2029,3677
INV31725,Open spaces management - region 1,Citywide  Service  Solutions  Pty  Ltd,153886.06 AUD,09/08/2025,3676
INV31726,Parking technology services,REINO INTERNATIONAL PTY LTD T/A DUNCAN SOLUTIONS,122210.04,09 December 2028,3623
INV31727,Vehicle tow away and impound services,Nationwide Towing Services,198558.01 AUD,08/10/2028,3585
INV31728,Graffiti management and pressure cleaning services,Calcorp Serv,5075.71,23 June 2027,3668
INV31729,Waste management services,Cleanaway,211559.75,2028-09-28,3556
INV31730,Integrated security services,National Protective Services Pty Ltd,73410.74,27/10/11,3686
INV31731,Open spaces management - region 1,Citywide Service Solutions Pty Ltd,"$115,906.03",21/08/2028,3676
INV31732,Building maintenance services,Programmed Facility,114275.65,2027-02-13,3630
INV31733,Parking technology services,SHOWTIME EVENT GROUP PTY LTD,"$175,609.66",17/02/2029,3670
INV31734,Vehicle tow away and impound services,Nationwide Towing Services (AUS),0.1m,16 March 2028,3585
INV31735,Parking technology services,Reino International Pty ,188295.98,15 March 2026,3623
INV31736,Vehicle tow away and impound services,NATIONWIDE TOWING SERVICES,"$46,229.79",26 September 2026,3585
INV31737,Street cleaning,Spotless Facility,"$81,697.49",02/11/2028,3669
INV31738,Tree management maintenance services,CITYWIDE SERVICE SOLUTIONS PTY LTD,"$185,904.96",25 March 2029,3678
INV31739,Open spaces management - region 2,SERCO (AUS),153667.35,2027-02-01,3677
INV31740,Integrated security services,National Protective Services Pty. Ltd.,246323.03 AUD,03 May 2026,3686
INV31741,Open spaces management - region 2,SERCO (AU),111878.82,27/02/14,3677
INV31742,Street cleaning,Spotless Facility Services Pty Ltd,51945.36,18 December 2027,3669
INV31743,Melbourne Town Hall venue management,Showtime Event Group Pty. Ltd.,198074.46 AUD,30/03/2029,3670
INV31744,Civil infrastructure services,citywide service solutions pty ltd,125577.55,07-Apr-2026, 
INV31745,Management of Active Melbourne recreation facilities,Victorian YMCA Community Programming Pty Ltd (AU),174918.8,20/04/2025, 
INV31746,Parking technology services,Reino Internasional Pty Ltd T/A Duncan Solutions,62261.31,21 April 2027,3623
INV31747,Management of Active Melbourne recreation facilities,Victorian YMCA Community Programming Pty Ltd (AU),0.2m,27/01/05,3615
INV31748,Graffiti management and pressure cleaning services,CALCORP SERVICES PTY LTD,120792.42,12/11/2025,3668
INV31749,Building cleaning services,Menzies International (Aust) Pty Ltd,86878.96 AUD,08/09/2028,3634
INV31750,Parking technology services,reino international pty ltd t/a duncan solutions,0.1m,09/02/2027,3623
INV31751,Civil infrastructure services,Citywide Service Solutions Pty Ltd (AUS),235294.04,25/02/04,3665
INV31752,Building cleaning services,Menzies International (Aust) P/L,221567.55 AUD,20-Jun-2028,3634
INV31753,Street cleaning,Spotless  Facility  Services  Pty  Ltd,0.1m,2025-02-12,3669
INV31754,Integrated security services,National,0.0m,25/12/16,3686
INV31755,Waste management services,Cleanaway Waste Management Limited,0.1m,19/05/2028,3556
INV31756,Civil infrastructure services,Citywide Service Solutions Pty. Ltd.,190531.49,23/04/2029,3665
INV31757,Vehicle tow away and impound services,Nationwide Towing Services,90226.53,19-May-2025,3585
INV31758,Building cleaning services,Menzies International (Aust) Pty Ltd,"$226,259.71",29/05/25,3634
INV31759,Building maintenance services,Programmed Facility Management Pty Ltd,71186.81,23/08/2026, 
INV31760,Civil infrastructure services,Citywide Service Solutions Pty Ltd (AUS),184086.95,05-Dec-2025, 
INV31761,Building maintenance services,programmed facility management pty ltd,0.1m,28/01/17,3630
INV31762,Building maintenance services,Programmed Facility Management Pty Ltd,129928.63 AUD,05/06/2027,3630
INV31763,Vehicle tow away and impound services,Nationwide Towing Services,39585.29 AUD,18-Jun-2026,3585
INV31764,Graffiti management and pressure cleaning services,Calcorp  Services  Pty  Ltd,22162.89,2027-12-21,3668
INV31765,Building cleaning services,Menzies International (Aust) Pty. Ltd.,33203.98,11/11/2026,3634
INV31766,Waste management services,Cleanaway Waste Management Ltd,"$170,454.89",2028-05-14,3556
INV31767,Vehicle tow away and impound services,Nationwide  Towing  Services,"$210,487.26",13-Nov-2028,3585
INV31768,Tree management maintenance services,CitywideServiceSolutionsPtyLtd,232359.04 AUD,02/09/2026,3678
INV31769,Vehicle tow away and impound services,Nationwide Towing Services,19254.86,05 January 2028,3585
INV31770,Civil infrastructure services,Citywide,96466.85 AUD,29/08/2029,3665
INV31771,Tree management maintenance services,Citywide  Service  Solutions  Pty  Ltd,114568.13,04/10/2025,3678
INV31772,Open spaces management - region 2,SERCO (AU),71800.52 AUD,23 May 2029,3677
INV31773,Waste management services,cleanaway waste management limited,14649.59,2029-01-17,3556
INV31774,Waste management services,Cleanaway Waste Management Limited (AUS),102864.16,14 May 2028,3556
INV31775,Melbourne Town Hall venue management,Showtime Event Group Pty Ltd (AU),46525.47,27/04/2028,3670
INV31776,Integrated security services,NATIONAL PROTECTIVE SERVICES PTY LTD,194943.57,06/12/2028,3686
INV31777,Tree management maintenance services,Citywide,116699.43 AUD,25-Feb-2029,3678
INV31778,Building cleaning services,Menzies International (Aust) Pty Ltd,243934.01 AUD,25/09/13,3634
INV31779,Street cleaning,Spotless Facility Services Pty Ltd,83152.27,27-Jul-2027,3669
INV31780,Open spaces management - region 2,SERCO (AUS),160826.37,01/07/2026,3677
INV31781,Integrated security services,NATIONAL PROTECTIVE SERVICES PTY LTD,138459.06 AUD,02 December 2029,3686
INV31782,Building cleaning services,Menzies International (Aust) Pty Ltd,"$4,499.32",18 May 2029,3634
INV31783,Integrated security services,National  Protective  Services  Pty  Ltd,0.0m,2029-08-11,3686
INV31784,Street cleaning,Spotless Facility Services P/L,249020.79 AUD,2027-01-10,3669
INV31785,Tree management maintenance services,Citywide Service Solutions Pty Ltd (AUS),169094.45 AUD,2027-01-12,3678
INV31786,Open spaces management - region 1,Citywide Service Solutions Pty Ltd,163210.8,17 March 2027,3676
INV31787,Open spaces management - region 2,SERCO,249208.1,21-Nov-2029,3677
INV31788,Open spaces management - region 2,SERCO (AUS),147306.99,2026-05-16,3677
INV31789,Building cleaning services,Menzies International (Aust) P/L,0.1m,22/06/2026,3634
INV31790,Integrated security services,National,0.2m,25/08/2026,3686
INV31791,Waste management services,Cleanaway,48601.51,28/08/18,3556
INV31792,Parking technology services,Reino International P/L T/A Duncan Solutions,234325.48,25/05/12,3623
INV31793,Parking technology services,Reino  International  Pty  Ltd  T/A  Duncan  Solutions,149748.01,28/02/11,3623
INV31794,Open spaces management - region 2,SERCO (AUS),32823.24,28/02/13,3677
INV31795,Civil infrastructure services,Citywide Service Solutions P/L,196235.01,2028-02-18,3665
INV31796,Waste management services,Cleanaway Waste Management Limited,"$72,932.88",21/03/2025,3556
INV31797,Graffiti management and pressure cleaning services,CALCORP SERVICES PTY LTD,221633.0,23/11/2025,3668
INV31798,Parking technology services,ReinoInternationalPtyLtdT/ADuncanSolutions,213686.45,31-Aug-2026,3623
INV31799,Building maintenance services,ProgrammedFacilityManagementPtyLtd,"$11,305.11",18-Aug-2028,3630
INV31800,Civil infrastructure services,Citywide Service Solutions Pty Ltd,"$61,673.8",27/06/2025,3665
INV31801,Building cleaning services,Menzies Intl (Aust) Pty Ltd,132595.53,06/07/2029,3634
INV31802,Building cleaning services,menzies international (aust) pty ltd,149824.9,23-Jan-2026,3634
INV31803,Open spaces management - region 2,serco,52544.69,,3677
INV31804,Parking technology services,Reino International Pty. Ltd. T/A Duncan Solutions,0.2m,2028-05-10,3623
INV31805,Street cleaning,Spotless Facility Services Pty Ltd,232123.92,01-Feb-2027,3669
INV31806,Melbourne Town Hall venue management,Showtime Event Group Ptl Ltd,"$56,090.34",06/09/2026,3670
INV31807,Open spaces management - region 2,SERCO,99167.86,14 September 2029,3677
INV31808,Open spaces management - region 1,Citywide  Service  Solutions  Pty  Ltd,0.1m,2029-02-14,3676
INV31809,Street cleaning,SpotlessFacilityServicesPtyLtd,0.1m,13/07/2028,3669
INV31810,Integrated security services,NATIONAL PROTECTIVE SERVICES PTY LTD,108598.7 AUD,26 January 2025, 
INV31811,Open spaces management - region 2,SERCO,118085.45,22/11/2029,3677
INV31812,Street cleaning,Spotless Facility Services Pty Ltd,"$203,225.03",26 February 2025,3669
INV31813,Building maintenance services,Programmed Facility Management P/L,"$236,099.44",05/12/2029,3630
INV31814,Street cleaning,Spotless Facility Services Pty Ltd,0.1m,25/07/2025,3669
INV31815,Street cleaning,Spotless,0.1m,,3669
INV31816,Tree management maintenance services,Calcorp  Services  Pty  Ltd,211147.83,20-Sep-2026,3668
INV31817,Integrated security services,Citywide Service Solutions Pty Ltd,3675.17 AUD,2025-11-21,3678
INV31818,Open spaces management - region 1,Citywide,196472.43 AUD,18-Apr-2025,3676
INV31819,Parking technology services,Reino  International  Pty  Ltd  T/A  Duncan  Solutions,56070.63,31-Mar-2028,3623
INV31820,Management of Active Melbourne recreation facilities,Victorian YMCA Communi,118121.99 AUD,31/01/2026,3615
INV31821,Civil infrastructure services,Citywide Service ,243803.38,21/10/2029,3665
INV31822,Open spaces management - region 2,SERCO (AU),56058.77,12-Nov-2025,3677
INV31823,Graffiti management and pressure cleaning services,Calcorp Services Pty Ltd,159819.46,16/12/2029,3668
INV31824,Graffiti management and pressure cleaning services,Calcorp Services Pty. Ltd.,181133.77,25-Jul-2026,3668
INV31825,Street cleaning,Spotless  Facility  Services  Pty  Ltd,217842.79 AUD,26/10/2028,3669
INV31826,Integrated security services,NATIONAL PROTECTIVE SERVICES PTY LTD,75842.56,26/07/2029,3686
INV31827,Graffiti management and pressure cleaning services,Victorian,"$11,486.93",26/12/2027,3615
INV31828,Building maintenance services,Programmed Facility Management Pty Ltd,"$87,004.32",19/05/2027,3630
INV31829,Open spaces management - region 1,Citywide Service Solutions Pty Ltd,81181.59 AUD,2028-05-09,3676
INV31830,Civil infrastructure services,Citywide Service Solutions Pty Ltd,232603.58,25/06/27,3665
INV31831,Street cleaning,SpotlessFacilityServicesPtyLtd,67109.32,15/02/2025,3669
INV31832,Tree management maintenance services,CitywidemService Solutions Pty Ltd,0.1m,18 October 2025,3678
INV31833,Open spaces management - region 2,Calcorp Services Pty Ltd,137645.22,19/12/2025,3668
INV31834,Waste management services,Cleanaway Waste Management Limited,0.2m,2028-05-02,3556
INV31835,Management of Active Melbourne recreation facilities,Victorian Ymca Community Programming Pty Ltd,"$209,218.72",30 March 2026,3615
INV31836,Tree management maintenance services,Citywide Service Solutions Pty Ltd,216822.79,25-Oct-2026,3678
INV31837,Waste management services,Cleanaway Waste Management Ltd,"$50,626.45",2029-03-01,3556
INV31838,Melbourne Town Hall venue management,ShowtimeEventGroupPtyLtd,210117.03,02/09/2029,3670
INV31839,Management of Active Melbourne recreation facilities,victorian ymca community programming pty ltd,0.0m,25 May 2026,3615
INV31840,Street cleaning,Spotless,237067.25 AUD,28/06/18,3669
INV31841,Melbourne Town Hall venue management,ShowtimeEventGroupPtyLtd,39832.8 AUD,06/12/2026,3670
INV31842,Building maintenance services,PROGRAMMED FACILITY MANAGEMENT PTY LTD,"$75,095.98",16/02/2029,3630
INV31843,Parking technology services,reino international pty ltd t/a duncan solutions,165455.96,22/09/2029,3623
INV31844,Vehicle tow away and impound services,NationwideTowingServices,81483.53,30/05/2026,3585
INV31845,Parking technology services,Reino International Pty Ltd T/A Duncan Solutions,0.2m,31 January 2029,3623
INV31846,Integrated security services,National Protectiv,0.1m,2025-12-23,3686
INV31847,Building maintenance services,Programmed  Facility  Management  Pty  Ltd,87535.57 AUD,16-Jan-2026,3630
INV31848,Management of Active Melbourne recreation facilities,victorian ymca community programming pty ltd,44230.41,23/08/2028,3615
INV31849,Management of Active Melbourne recreation facilities,Victorian YMCA Communi,174224.42,06/07/2028,3615
INV31850,Tree management maintenance services,citywide service solutions pty ltd,"$181,236.41",24 September 2028,3678
INV31851,Parking technology services,Reino International Pty Ltd T/A Duncan Solutions,172996.79,25 October 2027,3623
INV31852,Open spaces management - region 1,Citywide Service Solutions Pty Ltd (AUS),0.0m,16 November 2027,3676
INV31853,Open spaces management - region 2,serco,"$90,245.16",2028-09-24,3677
INV31854,Management of Active Melbourne recreation facilities,VictorianYMCACommunityProgrammingPtyLtd,"$237,115.79",20-Jul-2027,3615
INV31855,Building maintenance services,PROGRAMMED FACILITY MANAGEMENT PTY LTD,0.1m,11 September 2027,3630
INV31856,Tree management maintenance services,citywide service solutions pty ltd,85942.38 AUD,18/11/2027,3678
INV31857,Building cleaning services,Menzies Int’l (Aust) Pty Ltd,,12-Aug-2027,3634
INV31858,Management of Active Melbourne recreation facilities,Victorian,0.2m,29/08/24,3615
INV31859,Building maintenance services,Programmed Facility Management Pty Ltd,21627.54 AUD,14 February 2028,3630
INV31860,Open spaces management - region 1,Citywide Service Solutions Pty. Ltd.,205875.62,2026-06-02,3676
INV31861,Building maintenance services,Programmed  Facility  Management  Pty  Ltd,0.1m,2027-08-03,3630
INV31862,Integrated security services,NATIONAL PROTECTIVE SERVICES PTY LTD,0.1m,27/05/15,3686
INV31863,Open spaces management - region 2,SERCO,0.0m,04/11/2027,3677
INV31864,Open spaces management - region 2,SERCO,237327.16 AUD,14/06/2027,3677
INV31865,Vehicle tow away and impound services,Citywide Service Solutions Pty Ltd,0.1m,26/05/18,3665
INV31866,Building cleaning services,menzies international (aust) pty ltd,85653.06,,3634
INV31867,Waste management services,Cleanaway Waste Management LTD,"$55,313.97",25/12/06,3556
INV31868,Street cleaning,Spotless Facility,124767.95,2025-07-28,3669
INV31869,Building maintenance services,Showtime Event Group Pty Ltd (AU),"$195,369.85",20-Sep-2028, 
INV31870,Integrated security services,Programmed Facility Management Pty Ltd,135237.67 AUD,13 November 2029,3630
INV31871,Building cleaning services,Cleanaway Waste Mgmt Limited,0.2m,,3556
INV31872,Street cleaning,Showtime,221134.17,28/03/28,3670
INV31873,Civil infrastructure services,Citywide Service Solutions Pty Ltd (AUS),0.1m,27/02/08,3665
INV31874,Integrated security services,National Protective Services Pty Ltd,0.1m,,3686
INV31875,Civil infrastructure services,Cidywide Service Solutions Pty Ltd,0.0m,2026-04-26,3665
INV31876,Tree management maintenance services,Citywide  Service  Solutions  Pty  Ltd,214006.98,18 August 2025,3678
INV31877,Parking technology services,REINO INTERNATIONAL PTY LTD T/A DUNCAN SOLUTIONS,"$188,956.73",2026-03-06,3623
INV31878,Building maintenance services,Programmed  Facility  Management  Pty  Ltd,36425.6 AUD,17/05/2026,3630
INV31879,Melbourne Town Hall venue management,Showtime,152796.41,15/05/2028,3670
INV31880,Civil infrastructure services,Citywide Service ,221270.22 AUD,27/02/19,3665
INV31881,Parking technology services,Reino International Pty Ltd T/A Duncan Solutions,147794.2,27/01/20,3623
INV31882,Street cleaning,SpotlessvFacility Services Pty Ltd,201032.79 AUD,19-Aug-2026,3669
INV31883,Integrated security services,National Protectiv,137266.18 AUD,13/08/2029,3686
INV31884,Waste management services,Cleanaway Waste qanagement Limited,"$152,531.23",19 December 2026,3556
INV31885,Graffiti management and pressure cleaning services,Calcorp Serv,"$161,162.19",10-Oct-2027, 
INV31886,Management of Active Melbourne recreation facilities,victorian ymca community programming pty ltd,46042.33,, 
INV31887,Management of Active Melbourne recreation facilities,Victorian YMCA Community Programming Pty Ltd (AU),8426.34,13 March 2026,3615
INV31888,Waste management services,cleanaway waste management limited,0.0m,26/08/01,3556
INV31889,Integrated security services,national protective services pty ltd,"$44,332.96",10/06/2027,3686
INV31890,Building cleaning services,Menzies Intl (Aust) Pty Ltd,0.1m,20/05/2025,3634
INV31891,Parking technology services,Reino International Pty Ltd T/A Duncan Solutions (AU),0.2m,2028-02-09,3623
INV31892,Waste management services,CleanawayWasteManagementLimited,183270.91 AUD,2029-02-19,3556
INV31893,Waste management services,Cleanaway Waste M,1309.16 AUD,2026-02-27,3556
INV31894,Graffiti management and pressure cleaning services,Calcorp Services P/L,0.1m,02/11/2025,3668
INV31895,Building cleaning services,Menzies,61172.47 AUD,2029-11-08,3634
INV31896,Parking technology services,REINO INTERNATIONAL PTY LTD T/A DUNCAN SOLUTIONS,239882.23 AUD,2026-10-28,3623
INV31897,Graffiti management and pressure cleaning services,CALCORP SERVICES PTY LTD,67352.77,2025-06-17,3668
INV31898,Management of Active Melbourne recreation facilities,Victorian YMCA Community Programming P/L,203582.09,12/07/2026,3615
INV31899,Open spaces management - region 2,SERCO,168809.24,,3677
INV31900,Building maintenance services,Programmed Facility Management Pty Ltd,181969.25 AUD,01/05/2028,3630
INV31901,Graffiti management and pressure cleaning services,calcorp services pty ltd,200187.94 AUD,25/10/2027,3668
INV31902,Parking technology services,Reino  International  Pty  Ltd  T/A  Duncan  Solutions,0.2m,2026-06-19,3623
INV31903,Graffiti management and pressure cleaning services,Calcorp Sergices Pty Ltd,"$42,655.67",25/05/31,3668
INV31904,Street cleaning,Spotless Facility Services Pty Ltd (AU),"$217,724.13",,3669
INV31905,Graffiti management and pressure cleaning services,Calcorp Services Pty Ltd,233789.78,11/08/2029,3668
INV31906,Open spaces management - region 1,Citywide Service Solutions Pty Ltd (AU),138399.58 AUD,24/03/2028,3676
INV31907,Open spaces management - region 1,citywide service solutions pty ltd,0.2m,18 August 2027,3676
INV31908,Tree management maintenance services,Citywide,221212.93,01-Jan-2029,3678
INV31909,Civil infrastructure services,Citywide  Service  Solutions  Pty  Ltd,140625.98,2027-06-30,3665
INV31910,Graffiti management and pressure cleaning services,Calcorp Services Pty Ltd,0.1m,07/09/2026,3668
INV31911,Vehicle tow away and impound services,Reino International P/L T/A Duncan Solutions,0.1m,06/10/2029,3623
INV31912,Open spaces management - region 1,Citywide Service Solutions Pty Ltd,0.1m,27/11/29,3676
INV31913,Integrated security services,National Protective Services Pty Ltd,111053.21 AUD,20/05/2027,3686
INV31914,Management of Active Melbourne recreation facilities,Victorian YMCA Community Programming P/L,189142.59,15 August 2027,3615
INV31915,Management of Active Melbourne recreation facilities,Victorian YMCA Community Programming Pty Ltd (AU),0.1m,17/11/2025,3615
INV31916,Parking technology services,Reino International P/L T/A Duncan Solutions,23155.88,09/10/2027,3623
INV31917,Street cleaning,Spotless Facility Services PtynLtd,0.1m,16/06/2029,3669
INV31918,Tree management maintenance services,Citywide Service Solutions Pty Ltd,"$17,785.89",28/12/11,3678
INV31919,Vehicle tow away and impound services,Nationwide To,0.2m,23-Apr-2025,3585
INV31920,Building maintenance services,Programmed Facility Management Pty Ltd,"$81,939.75",17-Nov-2029,3630
INV31921,Graffiti management and pressure cleaning services,Calcorp Services Pty Ltd,10264.84,27/11/2025,3668
INV31922,Integrated security services,National Protective Services Pty Ltd,159090.25,04/02/2025,3686
INV31923,Tree management maintenance services,Citywide Service Solutioqs Pty Ltd,41226.95,14-Sep-2028,3678
INV31924,Integrated security services,National Protective Services Pty Ltd,"$115,498.21",01/05/2025,3686
INV31925,Building cleaning services,menzies international (aust) pty ltd,"$183,917.15",08 August 2028,3634
INV31926,Street cleaning,Spotless Facility Services P/L,39518.3,10/01/2028,3669
INV31927,Graffiti management and pressure cleaning services,Calcorp Services Pty. Ltd.,"$5,157.89",01/12/2029,3668
INV31928,Tree management maintenance services,Citywide  Service  Solutions  Pty  Ltd,17351.12,25/07/23,3678
INV31929,Graffiti management and pressure cleaning services,Calcorp Services Pty Ltd,"$202,080.34",11/09/2025,3668
INV31930,Management of Active Melbourne recreation facilities,Victorian YMCA Community Programming Pty Ltd (AUS),184380.57 AUD,29/08/14,3615
INV31931,Integrated security services,National,100307.05 AUD,07 July 2028,3686
INV31932,Waste management services,Cleanamay Waste Management Limited,203334.23,26/03/2025,3556
INV31933,Tree management maintenance services,Citywide Service Solutions Pty Ltd (AUS),$742.06,05/11/2029,3678
INV31934,Integrated security services,National Protective Services Pty Ltd (AU),241198.58,09-Apr-2027,3686
INV31935,Building cleaning services,Menzies,41955.2,2025-04-29,3634
INV31936,Graffiti management and pressure cleaning services,Calcorp Services Pty Ltd,221852.15,22/03/2025,3668
INV31937,Building maintenance services,Programmed Facility Mgmt Pty Ltd,127894.17,05/06/2027,3630
INV31938,Parking technology services,Reino International P/L T/A Duncan Solutions,12464.68,, 
INV31939,Open spaces management - region 1,Citywide Service Solutions Pty Ltd,74796.3,29/07/2026,3676
INV31940,Building cleaning services,ProgrammedFacilityManagementPtyLtd,"$40,469.27",28/01/2028,3630
INV31941,Open spaces management - region 1,CITYWIDE SERVICE SOLUTIONS PTY LTD,60573.98,12 April 2029,3676
INV31942,Building cleaning services,Menzies Internatio,3254.66,02 October 2029,3634
INV31943,Parking technology services,ReinoInternationalPtyLtdT/ADuncanSolutions,0.1m,26/03/03, 
INV31944,Melbourne Town Hall venue management,Showtime  Event  Group  Pty  Ltd,240916.23,02 August 2027,3670
INV31945,Open spaces management - region 2,SERCO (AUS),"$162,003.6",08/12/2027,3677
INV31946,Waste management services,Cleanaway Waste Management Limited (AU),226619.07,2026-03-24,3556
INV31947,Waste management services,Cleanaway Waste Management Limited,165485.68 AUD,03/06/2025,3556
INV31948,Management of Active Melbourne recreation facilities,Victorian,81377.13,2029-01-15,3615
INV31949,Graffiti management and pressure cleaning services,Calcojp Services Pty Ltd,228253.02 AUD,20 April 2026,3668
INV31950,Civil infrastructure services,Citywide Service Solutions Pty. Ltd.,"$34,118.76",2026-01-01,3665
INV31951,Waste management services,CleanawayWasteManagementLimited,"$213,594.87",28/10/23,3556
INV31952,Tree management maintenance services,Citywide Service Solutions Pty. Ltd.,0.0m,2028-09-20,3678
INV31953,Street cleaning,Spotless Facility Services Pty Ltd,132628.52 AUD,2027-01-21,3669
INV31954,Open spaces management - region 2,SERCO,92329.56 AUD,17-Aug-2029, 
INV31955,Melbourne Town Hall venue management,Showtime,126681.85 AUD,18/03/2025,3670
INV31956,Integrated security services,National Protectiv,223630.01,01-Feb-2029,3686
INV31957,Graffiti management and pressure cleaning services,Calcorp Services Pty. Ltd.,142320.0,23-Nov-2025, 
INV31958,Management of Active Melbourne recreation facilities,Victorian Ymca Community Programming Pty Ltd,34632.4,26/03/12,3615
INV31959,Tree management maintenance services,Citywide Service Solutions P/L,193930.21,03-Mar-2025,3678
INV31960,Street cleaning,national protective services pty ltd,"$172,030.54",2025-07-30,3686
INV31961,Graffiti management and pressure cleaning services,Calcorp Services P/L,"$96,910.79",04 November 2026,3668
INV31962,Open spaces management - region 1,Citywide,"$242,692.91",2026-04-23,3676
INV31963,Tree management maintenance services,Citywide Service Solutions Pty Ltd,160757.47 AUD,04 November 2026,3678
INV31964,Melbourne Town Hall venue management,ShowtimeEventGroupPtyLtd,"$125,633.43",07/06/2027,3670
INV31965,Melbourne Town Hall venue management,ShowtimeEventGroupPtyLtd,"$7,085.84",26/04/05,3670
INV31966,Tree management maintenance services,Citywide Service Solutions Pty. Ltd.,"$46,529.76",26/03/30,3678
INV31967,Graffiti management and pressure cleaning services,Calcorp Services Pty Ltd (AU),0.1m,20/11/2026,3668
INV31968,Parking technology services,Reino Intl Pty Ltd T/A Duncan Solutions,9886.15 AUD,03-May-2027,3623
INV31969,Building maintenance services,Programmed  Facility  Management  Pty  Ltd,"$67,795.97",26/12/2028,3630
INV31970,Tree management maintenance services,Citywide Service Solutions Pty Ltd,157611.9,11 November 2026,3678
INV31971,Graffiti management and pressure cleaning services,Calctrp Services Pty Ltd,"$101,659.44",19-Sep-2026, 
INV31972,Open spaces management - region 1,Citywide Service Solutiogs Pty Ltd,126283.46,2025-03-31,3676
INV31973,Melbourne Town Hall venue management,Showtime  Event  Group  Pty  Ltd,0.2m,2029-03-17,3670
INV31974,Open spaces management - region 1,CITYWIDE SERVICE SOLUTIONS PTY LTD,0.0m,27/03/29,3676
INV31975,Building maintenance services,Programmed Facility Management P/L,"$210,554.54",2025-08-03,3630
INV31976,Integrated security services,National  Protective  Services  Pty  Ltd,95279.52,26/11/2025,3686
INV31977,Management of Active Melbourne recreation facilities,Victorian  YMCA  Community  Programming  Pty  Ltd,197874.68 AUD,2026-06-26,3615
INV31978,Street cleaning,Spotless Facility Services Pty. Ltd.,0.0m,2027-01-05, 
INV31979,Management of Active Melbourne recreation facilities,Victorian YMCA Community Programming Pty Ltd,99262.22 AUD,27/07/2028, 
INV31980,Integrated security services,Calcorp Services Pty. Ltd.,187893.82,17 January 2029,3668
INV31981,Building maintenance services,Programmed Facility Management Pty Ltd,240128.82,27/08/02,3630
INV31982,Parking technology services,Reino International Pty. Ltd. T/A Duncan Solutions,7841.71 AUD,2026-09-09,3623
INV31983,Melbourne Town Hall venue management,Showtime Evenz Group Pty Ltd,0.0m,24/06/2026,3670
INV31984,Open spaces management - region 1,Citywide Service ,43459.07,26/05/03,3676
INV31985,Open spaces management - region 1,Citywide  Service  Solutions  Pty  Ltd,0.1m,2027-01-17,3676
INV31986,Open spaces management - region 1,Citywide Service Solutions Pty Ltd (AUS),68929.41 AUD,2028-06-10,3676
INV31987,Street cleaning,Spotless Facility Services Pty Ltd (AU),29822.8 AUD,14/02/2027,3669
INV31988,Open spaces management - region 2,Serco,"$247,208.26",25/07/13,3677
INV31989,Building maintenance services,Programmed Facility Management Pty Ltd,4371.77 AUD,01-Nov-2029,3630
INV31990,Parking technology services,Reino International Pty Ltd T/A Duncan Solutions (AUS),0.2m,2027-05-16,3623
INV31991,Building maintenance services,Programmed Facility Management Pty Ltd (AU),"$215,205.22",2028-12-04,3630
INV31992,Vehicle tow away and impound services,Nationwide Towing Services (AUS),176616.6,14/10/2027,3585
INV31993,Building maintenance services,Programmed Facility Management Pty Ltd (AUS),41321.12,19/01/2029,3630
INV31994,Building cleaning services,MenziesInternational(Aust)PtyLtd,95424.89,30-Nov-2029,3634
INV31995,Street cleaning,SPOTLESS FACILITY SERVICES PTY LTD,54360.32 AUD,2029-10-31,3669
INV31996,Building cleaning services,MENZIES INTERNATIONAL (AUST) PTY LTD,"$233,524.33",25/02/2028,3634
INV31997,Civil infrastructure services,CitywideServiceSolutionsPtyLtd,"$17,865.38",10-Dec-2027, 
INV31998,Graffiti management and pressure cleaning services,Calcorp Services Pty Ltd,"$97,342.88",29/05/21,3668
INV31999,Integrated security services,National Protective Services Pty. Ltd.,0.1m,04/12/2029,3686
INV32000,Tree management maintenance services,Citywide Service Solutions Pty. Ltd.,0.2m,14 April 2028,3678
