InvoiceID,ContractTitle,Provider,InvoiceAmount,InvoiceDate,ContractNumber
INV78001,Open spaces management - region 1,CITYWIDE SERVICE SOLUTIONS PTY LTD,"$201,143.29",19-Oct-2025,3676
INV78002,Building cleaning services,Menzies Internatio,179691.37,2026-02-05,3634
INV78003,Parking technology services,Cleanaway Waste aanagement Limited,"$208,426.39",2028-01-18,3556
INV78004,Vehicle tow away and impound services,nationwide towing services,0.1m,08-Apr-2026,3585
INV78005,Open spaces management - region 2,Serco,0.1m,13/09/2027,3677
INV78006,Graffiti management and pressure cleaning services,Calcorp Services P/L,108710.57,19-Dec-2027,3668
INV78007,Vehicle tow away and impound services,Nationwide Towing Services,229656.05,12 February 2026,3585
INV78008,Open spaces management - region 1,Ciaywide Service Solutions Pty Ltd,0.2m,30 August 2025, 
INV78009,Building cleaning services,Menzies  International  (Aust)  Pty  Ltd,0.1m,27/07/23,3634
INV78010,Graffiti management and pressure cleaning services,Calcorp Services Pty Ltd,0.2m,20/12/2027,3668
INV78011,Street cleaning,Spotless Facility Services Pty Ltd,166476.32,28-Nov-2025,3669
INV78012,Management of Active Melbourne recreation facilities,Victorian Ymca Community Programming Pty Ltd,"$140,154.82",25/05/2025,3615
INV78013,Integrated security services,National Protective Services Pty Ltd,0.2m,20-Apr-2026,3686
INV78014,Graffiti management and pressure cleaning services,CalcorpServicesPtyLtd,0.0m,06-May-2028,3668
INV78015,Management of Active Melbourne recreation facilities,victorian ymca community programming pty ltd,75843.5 AUD,2025-10-07,3615
INV78016,Vehicle tow away and impound services,Nationwide,52767.0,10/08/2025,3585
INV78017,Open spaces management - region 2,SERCO,5043.66 AUD,09/06/2025,3677
INV78018,Tree management maintenance services,CitywideServiceSolutionsPtyLtd,0.1m,25-Mar-2027,3678
INV78019,Open spaces management - region 1,Cetywide Service Solutions Pty Ltd,209861.22 AUD,26 September 2028,3676
INV78020,Street cleaning,spotless facility services pty ltd,"$161,376.03",,3669
INV78021,Civil infrastructure services,Citywide Service Solutions Pty Lid,156979.79 AUD,10 November 2025,3665
INV78022,Open spaces management - region 1,Citywide  Service  Solutions  Pty  Ltd,211279.61 AUD,06-Jan-2027,3676
INV78023,Integrated security services,NationalnProtective Services Pty Ltd,"$143,902.68",25/10/02,3686
INV78024,Tree management maintenance services,citywide service solutions pty ltd,"$15,421.04",2026-04-16,3678
INV78025,Integrated security services,National Protective Services Pty Ltd,"$211,919.42",05/04/2028,3686
INV78026,Street cleaning,Spotless  Facility  Services  Pty  Ltd,65100.06 AUD,2029-11-13,3669
INV78027,Management of Active Melbourne recreation facilities,Victorian YMCA Community Programming Pty. Ltd.,134470.23 AUD,25/11/27,3615
INV78028,Tree management maintenance services,Citywide Service Solutions Pty. Ltd.,0.1m,26/03/30,3678
INV78029,Building cleaning services,Menzies International (Aust) Pty. Ltd.,66257.41,02/02/2029,3634
INV78030,Melbourne Town Hall venue management,Showtime Event Group Pty Ltd,"$41,029.92",28/06/2025,3670
INV78031,Street cleaning,Spotless  Facility  Services  Pty  Ltd,"$148,011.37",12/01/2029,3669
INV78032,Street cleaning,Spotless Facility,79811.78 AUD,2029-03-02,3669
INV78033,Civil infrastructure services,Citywide Service Solutions Pty Ltd (AUS),130659.1,18-May-2027,3665
INV78034,Building cleaning services,Menzies International (Aust) Pty Ltd (AUS),175140.97 AUD,2026-11-04,3634
INV78035,Melbourne Town Hall venue management,CitywideServiceSolutionsPtyLtd,108970.37,2028-01-29,3665
INV78036,Vehicle tow away and impound services,Nationwide Towing Services (AU),,28/05/20,3585
INV78037,Management of Active Melbourne recreation facilities,Victorian YMCA Community Programming Pty Ltd,157483.06,26-Mar-2028,3615
INV78038,Building maintenance services,ProgrammedFacilityManagementPtyLtd,164424.27,18/10/2028,3630
INV78039,Waste management services,Cleanaway,0.2m,27/05/10,3556
INV78040,Vehicle tow away and impound services,Nationwide To,90530.21 AUD,06-Aug-2027,3585
INV78041,Graffiti management and pressure cleaning services,CalcorpServicesPtyLtd,86154.49 AUD,31/08/2029,3668
INV78042,Building cleaning services,Menzies International (Aust) Pty Ltd (AUS),154447.01,15/07/2027,3634
INV78043,Vehicle tow away and impound services,Nationwide Towing Services,238865.56,26/12/2027,3585
INV78044,Melbourne Town Hall venue management,Showtime Event Group Pty. Ltd.,0.1m,06/12/2025,3670
INV78045,Management of Active Melbourne recreation facilities,Victorian YMCA Community Programming Pty. Ltd.,"$39,022.55",05 August 2026,3615
INV78046,Integrated security services,NATIONAL PROTECTIVE SERVICES PTY LTD,247804.46 AUD,29/11/16,3686
INV78047,Open spaces management - region 2,SERCO,0.0m,19-May-2029, 
INV78048,Tree management maintenance services,Citywide Service Solutions Pty Ltd (AU),56405.9,26/06/06,3678
INV78049,Building cleaning services,Menzies Int’l (Aust) Pty Ltd,"$115,324.7",25/11/29,3634
INV78050,Open spaces management - region 1,Citywide Service ,149995.14 AUD,16-Nov-2026,3676
INV78051,Waste management services,Cleanaway Waste Management Ltd,28937.93,04/03/2026,3556
INV78052,Street cleaning,Spotless Facility Services Pty Ltd,162973.32,21-Jan-2026,3669
INV78053,Tree management maintenance services,Citywide,154012.9,06/03/2026,3678
INV78054,Open spaces management - region 1,Citywide nervice Solutions Pty Ltd,"$52,444.58",2027-06-21,3676
INV78055,Open spaces management - region 2,serco,216717.72 AUD,25/01/21,3677
INV78056,Street cleaning,SpotlessFacilityServicesPtyLtd,48387.0,25/01/21,3669
INV78057,Street cleaning,Spotless Facility Services Pty Ltd (AUS),20580.72,27/05/2029, 
INV78058,Waste management services,Cleanaway Waste M,"$29,866.74",17/07/2029,3556
INV78059,Management of Active Melbourne recreation facilities,Victorian,0.0m,2027-08-06,3615
INV78060,Civil infrastructure services,CitywideServiceSolutionsPtyLtd,153218.0,09-Apr-2028,3665
INV78061,Parking technology services,Programmed Facility Management Pty Ltd,166551.63,2026-02-26,3630
INV78062,Open spaces management - region 1,Citywide Service Solutions Pty Ltd,"$114,114.97",19/06/2025,3676
INV78063,Street cleaning,Spotless Facility Services Pty Ltd (AU),124060.73 AUD,25/12/16,3669
INV78064,Building maintenance services,Programmed Facility Management Pty. Ltd.,109481.16,2027-05-24,3630
INV78065,Open spaces management - region 2,SERCO (AUS),34885.13 AUD,12-Feb-2028,3677
INV78066,Civil infrastructure services,Citywide,0.2m,29/02/05,3665
INV78067,Parking technology services,Reino International Pty Ltd T/A Duncan Solutions (AU),172323.21 AUD,2025-06-15,3623
INV78068,Graffiti management and pressure cleaning services,Calcorp Services Pty Ltd,23714.46,01-Mar-2027, 
INV78069,Management of Active Melbourne recreation facilities,Victorian YMCA Community Programming Pty Ltd,172881.27,22 May 2028,3615
INV78070,Waste management services,Cleanmway Waste Management Limited,128347.96,06-Aug-2025,3556
INV78071,Vehicle tow away and impound services,Nationwide  Towing  Services,150827.22 AUD,13 December 2028,3585
INV78072,Parking technology services,REINO INTERNATIONAL PTY LTD T/A DUNCAN SOLUTIONS,241504.18,12-Jan-2028,3623
INV78073,Melbourne Town Hall venue management,ShowtimeEventGroupPtyLtd,92414.98,2025-10-26,3670
INV78074,Civil infrastructure services,Citywide Service Solutions Pty Ltd,93405.36 AUD,27/02/08,3665
INV78075,Graffiti management and pressure cleaning services,CalcorpServicesPtyLtd,"$125,673.42",06/11/2025,3668
INV78076,Civil infrastructure services,Citywide,,27/03/19,3665
INV78077,Tree management maintenance services,Citywide Service Solutions P/L,98373.51 AUD,07/01/2026,3678
INV78078,Graffiti management and pressure cleaning services,calcorp services pty ltd,43206.36 AUD,25/02/28,3668
INV78079,Integrated security services,NationalProtectiveServicesPtyLtd,163340.26,13-Oct-2029,3686
INV78080,Parking technology services,Reino International Pty. Ltd. T/A Duncan Solutions,158412.17,24-Apr-2026,3623
INV78081,Graffiti management and pressure cleaning services,Calcorp Services P/L,38465.21 AUD,2026-01-05,3668
INV78082,Building maintenance services,Programmed Facility Management Pty. Ltd.,128704.15 AUD,23/06/2029, 
INV78083,Open spaces management - region 1,Citywide  Service  Solutions  Pty  Ltd,37863.68 AUD,2025-02-24,3676
INV78084,Open spaces management - region 2,SERCO,0.1m,22 October 2026,3677
INV78085,Open spaces management - region 1,Citywide Service Solutdons Pty Ltd,227451.05,27 April 2026,3676
INV78086,Melbourne Town Hall venue management,Showtime Event Group dty Ltd,0.1m,19/01/2028,3670
INV78087,Open spaces management - region 2,serco,0.2m,19 April 2025,3677
INV78088,Building cleaning services,Menzies International (Aust) Pty Ltd,191878.24 AUD,19 December 2028,3634
INV78089,Tree management maintenance services,Citywide Service ,0.1m,27-Dec-2029,3678
INV78090,Building cleaning services,Menziks International (Aust) Pty Ltd,179363.91,08/02/2025,3634
INV78091,Waste management services,Cleanaway Waste Management Limited,201361.26,26/07/2027,3556
INV78092,Melbourne Town Hall venue management,Showtime Event,217652.12,05/03/2028,3670
INV78093,Waste management services,CleanawayWasteManagementLimited,233709.54,2026-03-27,3556
INV78094,Open spaces management - region 1,Citywide Service Solutions Pty Ltd,134640.64,22/05/2025,3676
INV78095,Management of Active Melbourne recreation facilities,Victorian YMCA Community Programming Pty Ltd,10265.57 AUD,2028-01-05,3615
INV78096,Graffiti management and pressure cleaning services,Calcorp Services Pty. Ltd.,99855.97,09 January 2026,3668
INV78097,Building cleaning services,Menzies Intl (Aust) Pty Ltd,"$181,696.4",12/04/2029,3634
INV78098,Vehicle tow away and impound services,Nationwide Towing Services,206355.96,06/11/2025,3585
INV78099,Open spaces management - region 2,SERCO,"$57,839.16",06/01/2027,3677
INV78100,Melbourne Town Hall venue management,Showtime Event,0.0m,14 May 2029,3670
INV78101,Parking technology services,Reino,0.1m,14/03/2026,3623
INV78102,Melbourne Town Hall venue management,Showtime Evdnt Group Pty Ltd,130734.0 AUD,2025-02-10,3670
INV78103,Parking technology services,Reino International Pty Ltd T/A Duncan Solutions (AUS),116616.81,2025-12-06,3623
INV78104,Vehicle tow away and impound services,Nationwide Towing Services,75925.73,29/03/25,3585
INV78105,Melbourne Town Hall venue management,Showtime Event Group Pty Ltd,183803.76,01 July 2025,3670
INV78106,Open spaces management - region 1,citywide service solutions pty ltd,233591.0,25 September 2026, 
INV78107,Building maintenance services,Programmed Facility wanagement Pty Ltd,0.1m,2029-07-08,3630
INV78108,Open spaces management - region 1,CITYWIDE SERVICE SOLUTIONS PTY LTD,168654.2 AUD,26/08/11,3676
INV78109,Open spaces management - region 1,Citywide Service ,242214.72,2029-02-25,3676
INV78110,Civil infrastructure services,Citywide Service ,2046.8,01/01/2028,3665
INV78111,Waste management services,Cleanaway Waste Managempnt Limited,156184.95 AUD,2029-03-15,3556
INV78112,Management of Active Melbourne recreation facilities,Victorian  YMCA  Community  Programming  Pty  Ltd,"$231,836.89",2026-12-05,3615
INV78113,Graffiti management and pressure cleaning services,Calcorp  Services  Pty  Ltd,0.1m,2026-11-16,3668
INV78114,Integrated security services,National,120475.02,2027-05-18,3686
INV78115,Graffiti management and pressure cleaning services,Calcorp Services Pty Ltd,"$86,015.21",21-Jul-2026,3668
INV78116,Parking technology services,Reino Int’l Pty Ltd T/A Duncan Solutions,112974.77,09/06/2029,3623
INV78117,Civil infrastructure services,Menzies Intl (Aust) Pty Ltd,,02/02/2026, 
INV78118,Integrated security services,NATIONAL PROTECTIVE SERVICES PTY LTD,233894.91 AUD,06-Nov-2027,3686
INV78119,Street cleaning,Spotless Facility Serviced Pty Ltd,4641.88,2027-12-30,3669
INV78120,Tree management maintenance services,Citywide Service Solutions P/L,242643.92,2027-08-16,3678
INV78121,Integrated security services,National Protective Services Pty Ltj,"$160,634.62",29/03/2025,3686
INV78122,Management of Active Melbourne recreation facilities,Victorian YMCA Community Programming Pty Ltd,"$232,660.39",09/05/2025,3615
INV78123,Waste management services,Cleanaway Waste Management Ltd,15703.41 AUD,15-Jun-2026,3556
INV78124,Open spaces management - region 2,SERCO,135762.51 AUD,27/11/02,3677
INV78125,Street cleaning,Spotless Facility Services Pty Ltd (AUS),99006.37,07/12/2026, 
INV78126,Waste management services,Cleanaway Waste Management LTD,54053.92,22-Jan-2028,3556
INV78127,Management of Active Melbourne recreation facilities,VictorianYMCACommunityProgrammingPtyLtd,95580.54,31 July 2026,3615
INV78128,Graffiti management and pressure cleaning services,Calcorp Services Pty Ltd (AUS),0.0m,14-Oct-2029,3668
INV78129,Vehicle tow away and impound services,NationwideTowingServices,232552.34,08/01/2026,3585
INV78130,Parking technology services,ReinoInternationalPtyLtdT/ADuncanSolutions,,20 January 2026,3623
INV78131,Melbourne Town Hall venue management,Showtime Event,197474.68,29/09/03,3670
INV78132,Open spaces management - region 1,Citywide Service Solutions Pty Ltd,"$57,071.17",2025-09-02,3676
INV78133,Open spaces management - region 1,citywide service solutions pty ltd,"$202,307.39",18/05/2026,3676
INV78134,Tree management maintenance services,Citywide Service Solutions P/L,0.2m,12/03/2027,3678
INV78135,Graffiti management and pressure cleaning services,CalcorpServicesPtyLtd,237380.37 AUD,01/02/2027,3668
INV78136,Open spaces management - region 2,serco,235948.8,24/07/2025,3677
INV78137,Waste management services,cleanaway waste management limited,178467.07,26/09/07,3556
INV78138,Street cleaning,Spotless Facility Services Pty Ltd (AUS),80402.71 AUD,24 November 2028, 
INV78139,Integrated security services,National Protective Services Pty Ltd (AU),0.1m,06/06/2025,3686
INV78140,Building cleaning services,MENZIES INTERNATIONAL (AUST) PTY LTD,225053.85,26-Feb-2029,3634
INV78141,Building maintenance services,programmed facility management pty ltd,0.0m,02/03/2029,3630
INV78142,Vehicle tow away and impound services,Nationwide  Towing  Services,"$124,024.34",22/08/2025,3585
INV78143,Building cleaning services,Menzies Intl (Aust) Pty Ltd,0.2m,08/12/2029,3634
INV78144,Integrated security services,National  Protective  Services  Pty  Ltd,135297.5,13/12/2025,3686
INV78145,Vehicle tow away and impound services,Nationwide  Towing  Services,127706.33 AUD,28/02/08,3585
INV78146,Management of Active Melbourne recreation facilities,Victorian YMCA Community Programming Pty Ltd,222137.77,28/05/21,3615
INV78147,Civil infrastructure services,SERCO,"$181,618.72",2027-10-16,3677
INV78148,Open spaces management - region 1,citywide service solutions pty ltd,0.1m,23-Oct-2026,3676
INV78149,Civil infrastructure services,Citywide,0.2m,27 August 2029,3665
INV78150,Open spaces management - region 1,Citywide Service Solutions Pty Ltd (AU),0.2m,14 April 2029,3676
INV78151,Building cleaning services,Menzies International (Aust) Pty Ltd,"$197,438.73",04/11/2029, 
INV78152,Melbourne Town Hall venue management,Showtime Event Group Pty. Ltd.,17983.44 AUD,18/10/2028,3670
INV78153,Civil infrastructure services,Citywide Service Solutions P/L,0.0m,24/07/2025,3665
INV78154,Street cleaning,SpotlessFacilityServicesPtyLtd,"$197,765.05",2027-04-27,3669
INV78155,Management of Active Melbourne recreation facilities,Victorian YMCA Community Programming Pty Ltd (AU),29499.98,2027-04-05,3615
INV78156,Open spaces management - region 1,citywide service solutions pty ltd,0.0m,21/09/2028,3676
INV78157,Open spaces management - region 1,Citywide Service Solutions Pty Ltd,"$56,445.98",17 September 2027,3676
INV78158,Building cleaning services,Menzies International (Aust) Pty Ltd (AU),23304.98 AUD,17-May-2026,3634
INV78159,Open spaces management - region 1,Citywide Service Solutions P/L,"$100,637.78",2025-07-10,3676
INV78160,Vehicle tow away and impound services,Nationwide Towing Services,163893.11,18/09/2025,3585
INV78161,Management of Active Melbourne recreation facilities,Victorian YMCA Community Programming Pty Ltd,97616.87,23 August 2027,3615
INV78162,Civil infrastructure services,Citywide,"$215,457.87",28/02/27,3665
INV78163,Vehicle tow away and impound services,Nationwide,213766.35 AUD,19 November 2026,3585
INV78164,Management of Active Melbourne recreation facilities,Victorian YMCA Community Programming Pty. Ltd.,0.0m,04-Apr-2026,3615
INV78165,Building cleaning services,MenziesInternational(Aust)PtyLtd,167637.93 AUD,08/01/2026,3634
INV78166,Parking technology services,Reino Int’l Pty Ltd T/A Duncan Solutions,"$175,889.62",2025-01-15,3623
INV78167,Building maintenance services,programmed facility management pty ltd,54545.55,15/01/2029,3630
INV78168,Parking technology services,Reino Intl Pty Ltd T/A Duncan Solutions,107119.79,30/10/2025,3623
INV78169,Melbourne Town Hall venue management,Showtime Event,88636.51,2025-12-17,3670
INV78170,Building maintenance services,Programmed Facility Management Pty Ltd,"$5,653.26",01/12/2028,3630
INV78171,Integrated security services,National Protectiv,243714.17,2029-03-17,3686
INV78172,Street cleaning,Spotless Facility,"$163,076.82",27/07/02,3669
INV78173,Street cleaning,Spotless Facility Services PtylLtd,158460.06,2025-07-03,3669
INV78174,Open spaces management - region 1,citywide service solutions pty ltd,97715.31,26/03/31,3676
INV78175,Street cleaning,SPOTLESS FACILITY SERVICES PTY LTD,108199.77,14-Apr-2028,3669
INV78176,Graffiti management and pressure cleaning services,Calcorp Services Pty Ltd (AUS),206308.0,01 December 2028,3668
INV78177,Tree management maintenance services,CitywideServiceSolutionsPtyLtd,231661.75,2027-11-28,3678
INV78178,Integrated security services,National Protective Services Pty Ltd,140206.9 AUD,25/05/15,3686
INV78179,Civil infrastructure services,CITYWIDE SERVICE SOLUTIONS PTY LTD,195036.94 AUD,2028-07-25,3665
INV78180,Street cleaning,Spotless  Facility  Services  Pty  Ltd,163180.28 AUD,09 December 2027,3669
INV78181,Street cleaning,Spotless Facility Services Pty Ltd (AU),18943.03 AUD,08 March 2029,3669
INV78182,Management of Active Melbourne recreation facilities,Victorian YMCA Communi,0.2m,2027-04-17,3615
INV78183,Street cleaning,spotless facility services pty ltd,140570.48,2025-04-18,3669
INV78184,Management of Active Melbourne recreation facilities,Victorian,175009.49,28/07/21,3615
INV78185,Open spaces management - region 2,Serco,"$61,180.99",29/10/08,3677
INV78186,Waste management services,CleanawayWasteManagementLimited,70148.66,2027-02-26,3556
INV78187,Civil infrastructure services,Citywide Service ,227187.76 AUD,27/06/08,3665
INV78188,Open spaces management - region 1,Citywide Service Solutions P/L,"$208,327.69",25/12/2029,3676
INV78189,Parking technology services,REINO INTERNATIONAL PTY LTD T/A DUNCAN SOLUTIONS,"$177,189.33",21/08/2025,3623
INV78190,Graffiti management and pressure cleaning services,CalcorpServicesPtyLtd,0.2m,25/01/2029,3668
INV78191,Civil infrastructure services,Citywide Service Solutions Pty Ltd,40720.29,22/07/2028,3665
INV78192,Building maintenance services,Programmed Facility Mgmt Pty Ltd,7155.45 AUD,08 June 2025,3630
INV78193,Open spaces management - region 2,Serco,0.1m,19 March 2026,3677
INV78194,Tree management maintenance services,CitywideServiceSolutionsPtyLtd,226893.93,26/10/23,3678
INV78195,Civil infrastructure services,Citywide Service Solutions Pty Ltd (AUS),223774.2,17/09/2026,3665
INV78196,Management of Active Melbourne recreation facilities,Victorian YMCA Communi,94984.13,2026-05-30,3615
INV78197,Open spaces management - region 2,SERCO,0.2m,23-May-2025,3677
INV78198,Building cleaning services,Menzies International (Aust) Pty. Ltd.,188797.52 AUD,2026-02-01,3634
INV78199,Melbourne Town Hall venue management,showtime event group pty ltd,44878.42,29/10/29,3670
INV78200,Graffiti management and pressure cleaning services,Calcorp Services Pty Ltd (AUS),0.2m,23-Sep-2027,3668
INV78201,Street cleaning,Spotless Facility Services Pty Ltd (AUS),0.2m,11-Mar-2028,3669
INV78202,Management of Active Melbourne recreation facilities,Victorian YMCA Community Programming Pty Ltd,126372.08 AUD,17 November 2029,3615
INV78203,Vehicle tow away and impound services,Nationwide Towing Services,142453.3,18-Feb-2026,3585
INV78204,Waste management services,Nationwide Towing Services,60033.84 AUD,19/05/2026,3585
INV78205,Street cleaning,Spotless Facility Services Pty. Ltd.,"$245,868.39",22-Jun-2029,3669
INV78206,Graffiti management and pressure cleaning services,Calcorp Services Pty. Ltd.,0.1m,27/12/02,3668
INV78207,Street cleaning,spotless facility services pty ltd,0.1m,26 August 2027,3669
INV78208,Parking technology services,Reino International Pty Ltd T/A Duncan Solutions,17473.44 AUD,30/12/2028,3623
INV78209,Open spaces management - region 1,Citywide Service Solutions Pty Ltd,"$92,160.34",29/01/04,3676
INV78210,Waste management services,Cleanaway Waste Management Limited (AU),0.2m,07/06/2025,3556
INV78211,Street cleaning,Spotless Facilaty Services Pty Ltd,,25/04/08,3669
INV78212,Graffiti management and pressure cleaning services,calcorp services pty ltd,"$99,511.53",2028-09-02,3668
INV78213,Melbourne Town Hall venue management,Showtime Event Group Pty Ltd (AU),42984.43,23 October 2029,3670
INV78214,Open spaces management - region 1,citywide service solutions pty ltd,142008.63,2028-08-17,3676
INV78215,Civil infrastructure services,Citywide Service Solutions P/L,29140.22 AUD,05/10/2025,3665
INV78216,Melbourne Town Hall venue management,Showtime Event Group Pty Ltd,169329.42,2029-08-12,3670
INV78217,Integrated security services,National Protective Services Pty Ltd (AUS),0.2m,24/07/2026,3686
INV78218,Melbourne Town Hall venue management,Showtime Event Group Pty Ltd,66133.31,19-Sep-2028,3670
INV78219,Building cleaning services,Menzies Int’l (Aust) Pty Ltd,79306.33,2025-01-31,3634
INV78220,Street cleaning,Spotless Facility Services Pty Ltd (AUS),"$154,252.28",28/08/06,3669
INV78221,Graffiti management and pressure cleaning services,Calcorp Services Pty Ltd (AUS),226586.97,31-Aug-2029,3668
INV78222,Parking technology services,Reino International Pty Ltd T/A Duncan Solutions (AU),98095.47,2028-09-17,3623
INV78223,Building maintenance services,Nationwide Towing Services (AU),117766.16,11/04/2029,3585
INV78224,Open spaces management - region 2,Serco,"$7,611.65",04/11/2025,3677
INV78225,Street cleaning,Spotless Facility Services Pty Ltd,0.0m,07 February 2027,3669
INV78226,Parking technology services,reino international pty ltd t/a duncan solutions,"$156,750.58",2027-04-17,3623
INV78227,Integrated security services,National Protective Services Pty Ltd (AUS),20578.67 AUD,23/01/2026,3686
INV78228,Tree management maintenance services,Citywide Service Solutions Pty. Ltd.,"$153,059.94",28/01/13,3678
INV78229,Civil infrastructure services,Citywide Service Solutions P/L,228852.44,29/12/2025,3665
INV78230,Melbourne Town Hall venue management,Showtime Event Group Pty Ltd (AUS),100189.6 AUD,27/06/17,3670
INV78231,Waste management services,Cleanaway Waste M,0.0m,03/06/2028,3556
INV78232,Graffiti management and pressure cleaning services,calcorp services pty ltd,166810.25,2027-10-06, 
INV78233,Parking technology services,Reino  International  Pty  Ltd  T/A  Duncan  Solutions,199176.62,2029-08-09,3623
INV78234,Tree management maintenance services,Citywide Service Solutions P/L,126250.19,2029-04-15,3678
INV78235,Graffiti management and pressure cleaning services,Calcorp Serv,"$246,527.39",09/03/2025,3668
INV78236,Parking technology services,Reino Intl Pty Ltd T/A Duncan Solutions,92404.95 AUD,18 June 2028, 
INV78237,Tree management maintenance services,Citywide,0.1m,25 February 2026,3678
INV78238,Building cleaning services,Menzies International (Aush) Pty Ltd,"$198,098.19",23/05/2027,3634
INV78239,Integrated security services,National Protectiv,0.0m,09/11/2028,3686
INV78240,Melbourne Town Hall venue management,Showtime Event Group P/L,227291.72,2028-11-30,3670
INV78241,Integrated security services,National Protective Services P/L,94483.22,26-Apr-2028,3686
INV78242,Melbourne Town Hall venue management,Showtime Event Group Ptt Ltd,"$101,563.22",07-Jun-2027,3670
INV78243,Civil infrastructure services,Citywide Service Solutions Pty Ltd,0.1m,18 December 2028,3665
INV78244,Management of Active Melbourne recreation facilities,Victorian YMCA Communi,28346.25 AUD,27/07/18,3615
INV78245,Civil infrastructure services,Citywide Service Solutions Pty Ltd,219576.5,06/11/2028,3665
INV78246,Management of Active Melbourne recreation facilities,Victorian,"$14,429.08",2028-11-15,3615
INV78247,Civil infrastructure services,Citywide Service Solutions Pty. Ltd.,133005.61,28/02/23,3665
INV78248,Open spaces management - region 2,SERCO (AU),169832.8 AUD,23 May 2028,3677
INV78249,Integrated security services,National Protective Services Pty Ltd,0.1m,27/10/25,3686
INV78250,Civil infrastructure services,Citywide Service Solutionb Pty Ltd,247750.89 AUD,2026-04-23,3665
INV78251,Parking technology services,ReinoInternationalPtyLtdT/ADuncanSolutions,0.2m,2027-11-10,3623
INV78252,Building maintenance services,Programmed Facilhty Management Pty Ltd,143881.05,26-Nov-2027,3630
INV78253,Building cleaning services,Menzies wnternational (Aust) Pty Ltd,162875.32 AUD,2027-06-02,3634
INV78254,Building cleaning services,Menzies International (Aust) Pty Lbd,29006.79,26/02/26,3634
INV78255,Open spaces management - region 1,Citywide Service Solutions Pty Ltd,"$116,959.58",08 February 2025,3676
INV78256,Waste management services,CLEANAWAY WASTE MANAGEMENT LIMITED,"$196,582.75",30-Jan-2028,3556
INV78257,Tree management maintenance services,Citywide Service Solutions Pty Ltd (AUS),92371.77 AUD,31-Dec-2027, 
INV78258,Graffiti management and pressure cleaning services,Calcorp Services P/L,104701.35,06/08/2028,3668
INV78259,Civil infrastructure services,Citywide Service Solutions Pty Ltd (AU),216742.96 AUD,2028-09-03,3665
INV78260,Integrated security services,National Protective Services Pty Ltd (AU),198669.89,13/02/2026,3686
INV78261,Melbourne Town Hall venue management,Showtime  Event  Group  Pty  Ltd,0.1m,28/11/01,3670
INV78262,Vehicle tow away and impound services,Nationwide  Towing  Services,"$144,278.22",17 April 2028,3585
INV78263,Integrated security services,National Protective Services Pty Ltd (AUS),27354.32,18/06/2029,3686
INV78264,Open spaces management - region 2,CitywideServiceSolutionsPtyLtd,108333.41 AUD,23/05/2027,3665
INV78265,Civil infrastructure services,CITYWIDE SERVICE SOLUTIONS PTY LTD,0.1m,22-Jun-2026,3665
INV78266,Tree management maintenance services,Citywide Service ,239524.99,05 October 2025,3678
INV78267,Waste management services,Cleanaway Waste Management Limited (AUS),162505.71,07/08/2028, 
INV78268,Waste management services,Cleanaway Waste Management Limited (AU),122724.29 AUD,16 April 2027,3556
INV78269,Building maintenance services,Programmed Facility Mgmt Pty Ltd,132014.45,2027-11-07,3630
INV78270,Parking technology services,Reino International Pty ,"$134,813.17",29/04/2029,3623
INV78271,Civil infrastructure services,Citywide Service ,"$248,981.64",15-Jul-2028,3665
INV78272,Street cleaning,SpotlessFacilityServicesPtyLtd,56662.31,21/04/2029,3669
INV78273,Management of Active Melbourne recreation facilities,Victorian,51748.55,05/08/2025,3615
INV78274,Vehicle tow away and impound services,Nationwide Towing Services,0.2m,27/10/30,3585
INV78275,Building cleaning services,Menzies International (Aust) Pty Ltd (AUS),0.2m,11/11/2026,3634
INV78276,Integrated security services,National Protective Services Pty Ltd (AUS),241834.68,2028-01-19,3686
INV78277,Integrated security services,National Protective Services Pty Ltd (AUS),231345.07 AUD,2029-09-14,3686
INV78278,Building cleaning services,Menzies Intl (Aust) Pty Ltd,114931.82,25/06/2027,3634
INV78279,Building cleaning services,Menzies International (Aust) Pty Ltd (AUS),,24/12/2026, 
INV78280,Melbourne Town Hall venue management,Showtime Event Group Pty Ltd (AUS),204153.21 AUD,28-Sep-2028,3670
INV78281,Civil infrastructure services,CitywideServiceSolutionsPtyLtd,"$73,409.2",07 February 2026,3665
INV78282,Melbourne Town Hall venue management,SHOWTIME EVENT GROUP PTY LTD,62418.17,2029-07-16,3670
INV78283,Parking technology services,Calcorp Serv,153200.57,13/11/2025,3668
INV78284,Tree management maintenance services,CitywideServiceSolutionsPtyLtd,116797.58 AUD,04-Dec-2027,3678
INV78285,Parking technology services,Reino International Pty Ltd T/A Duncan Solutions,144313.58,22 March 2027,3623
INV78286,Street cleaning,Spotless Facility Services Pty Ltd,0.2m,15/12/2029,3669
INV78287,Civil infrastructure services,Citywide Service Solutions Pty Ltd,"$246,304.61",29/09/01,3665
INV78288,Parking technology services,REINO INTERNATIONAL PTY LTD T/A DUNCAN SOLUTIONS,55202.82 AUD,2028-10-05,3623
INV78289,Melbourne Town Hall venue management,Showtime Event,0.1m,2027-01-02,3670
INV78290,Open spaces management - region 1,Citywide Service ,12771.45 AUD,21 June 2028,3676
INV78291,Open spaces management - region 2,SERhO,142055.05 AUD,2026-07-17,3677
INV78292,Open spaces management - region 2,SERCO,60105.48 AUD,23/02/2028,3677
INV78293,Tree management maintenance services,Citywide,220042.26,29/12/02,3678
INV78294,Integrated security services,National Protective Services P/L,196424.06 AUD,14/12/2026,3686
INV78295,Management of Active Melbourne recreation facilities,Victorian YMCA Communi,172634.82,2025-02-10,3615
INV78296,Waste management services,Cleanaway,202640.32,06-Mar-2027,3556
INV78297,Building maintenance services,Programmed Facility Management Pty Ltd (AUS),"$236,737.61",27/04/2028,3630
INV78298,Parking technology services,reino international pty ltd t/a duncan solutions,0.2m,16-Oct-2029,3623
INV78299,Civil infrastructure services,CitywideServiceSolutionsPtyLtd,231169.98 AUD,08-Oct-2028,3665
INV78300,Management of Active Melbourne recreation facilities,victorian ymca community programming pty ltd,60923.18 AUD,2025-07-17,3615
INV78301,Open spaces management - region 1,Citywide Service Solutions P/L,124475.35,26/05/11,3676
INV78302,Graffiti management and pressure cleaning services,CalcorpServicesPtyLtd,0.0m,28 November 2025,3668
INV78303,Parking technology services,Reino  International  Pty  Ltd  T/A  Duncan  Solutions,"$63,479.85",09/01/2027, 
INV78304,Vehicle tow away and impound services,nationwide towing services,96311.95,06 June 2027,3585
INV78305,Integrated security services,national protective services pty ltd,35385.04,27/01/21,3686
INV78306,Building cleaning services,spotless facility services pty ltd,"$49,131.15",30-Nov-2027,3669
INV78307,Building cleaning services,Menzies Internatiqnal (Aust) Pty Ltd,149686.08,07 October 2027,3634
INV78308,Waste management services,Cleanaway Waste Management Limited (AU),113815.17 AUD,08/11/2029,3556
INV78309,Building cleaning services,MENZIES INTERNATIONAL (AUST) PTY LTD,129039.92,06-Jun-2025,3634
INV78310,Integrated security services,NATIONAL PROTECTIVE SERVICES PTY LTD,113077.86,15 July 2026,3686
INV78311,Waste management services,CLEANAWAY WASTE MANAGEMENT LIMITED,"$133,992.54",28/09/2025,3556
INV78312,Graffiti management and pressure cleaning services,Calcorp Services Pty. Ltd.,94034.7,25/01/21,3668
INV78313,Waste management services,Cleanaway Waste M,"$169,954.64",20-Apr-2027,3556
INV78314,Building maintenance services,Programmed  Facility  Management  Pty  Ltd,189314.18,24/04/2028,3630
INV78315,Open spaces management - region 1,Citywide Service Solutions Pty Ltd (AUS),0.1m,25/03/2029,3676
INV78316,Building cleaning services,Menzies International (Aust) Pty. Ltd.,"$96,002.9",28/04/2025,3634
INV78317,Building maintenance services,ProgrammedFacilityManagementPtyLtd,0.0m,26/12/11,3630
INV78318,Graffiti management and pressure cleaning services,Calcorp Services Pty Ltd,0.2m,22 December 2026,3668
INV78319,Vehicle tow away and impound services,Nationwide Towing Services,61894.88,,3585
INV78320,Building maintenance services,ProgrammedFacilityManagementPtyLtd,0.1m,05 December 2029,3630
INV78321,Integrated security services,National Protective Services Pty Ltd,126514.3 AUD,13 September 2027, 
INV78322,Tree management maintenance services,citywide service solutions pty ltd,"$34,461.65",19/01/2029,3678
INV78323,Open spaces management - region 2,SERCO,0.1m,25/09/2025, 
INV78324,Open spaces management - region 2,SERCO,112769.72 AUD,12-Feb-2026,3677
INV78325,Waste management services,CLEANAWAY WASTE MANAGEMENT LIMITED,40615.82,08-Sep-2027,3556
INV78326,Management of Active Melbourne recreation facilities,Victorian Ymca Community Programming Pty Ltd,"$53,521.33",16 March 2026,3615
INV78327,Tree management maintenance services,citywide service solutions pty ltd,,25/01/21,3665
INV78328,Graffiti management and pressure cleaning services,Calcorp Services Pty Ltd (AU),51749.38,2029-12-04,3668
INV78329,Waste management services,Cleanaway Waste M,45815.01,02/05/2029,3556
INV78330,Graffiti management and pressure cleaning services,Calcorp Services Pty. Ltd.,11084.72 AUD,06-Dec-2025,3668
INV78331,Open spaces management - region 1,Citywide Service Solutions Pty. Ltd.,0.2m,18/02/2028,3676
INV78332,Integrated security services,National Protective Services Pty Ltd (AUS),0.2m,30 December 2025,3686
INV78333,Open spaces management - region 2,SERCO (AUS),229902.11 AUD,30/06/2025,3677
INV78334,Tree management maintenance services,Citywide Service Solutions P/L,38609.25 AUD,03 July 2028,3678
INV78335,Open spaces management - region 2,SERCO,122339.36,29/04/2029,3677
INV78336,Building cleaning services,Menzies International (Aust) Pty Ltd (AUS),150508.27 AUD,2028-10-31,3634
INV78337,Graffiti management and pressure cleaning services,Programmed Facility,225114.85 AUD,15-Jun-2029,3630
INV78338,Parking technology services,Reino International Pty Ltd q/A Duncan Solutions,132904.26,30/08/2029,3623
INV78339,Waste management services,Cleanaway Waste Management Limited,0.0m,28-Feb-2025,3556
INV78340,Tree management maintenance services,Citywide Service Sofutions Pty Ltd,218945.55 AUD,22 May 2028,3665
INV78341,Integrated security services,national protective services pty ltd,13967.64,29/03/24,3686
INV78342,Open spaces management - region 1,CITYWIDE SERVICE SOLUTIONS PTY LTD,3644.11,17/10/2026,3676
INV78343,Vehicle tow away and impound services,Ndtionwide Towing Services,"$105,903.04",20-Aug-2029,3585
INV78344,Tree management maintenance services,Citywide Service Solutions Pty Ltd,118415.83,14/06/2026,3678
INV78345,Street cleaning,Citywide Service Solutions Pty Ltd,195723.32,17/08/2029,3676
INV78346,Waste management services,Calcorp Services P/L,0.2m,25/04/22,3668
INV78347,Street cleaning,Spotlesa Facility Services Pty Ltd,0.0m,14/09/2027, 
INV78348,Integrated security services,National Protective Services Ptu Ltd,12084.59 AUD,2025-11-27,3686
INV78349,Open spaces management - region 2,Serco,101200.08 AUD,06-Mar-2027,3677
INV78350,Building maintenance services,PROGRAMMED FACILITY MANAGEMENT PTY LTD,67665.2,17/08/2028,3630
INV78351,Open spaces management - region 2,SERCO,"$123,090.66",01/06/2026,3677
INV78352,Civil infrastructure services,Citywide Service ,"$99,055.83",14 July 2029,3665
INV78353,Open spaces management - region 1,Citywide Service Solutions Pty Ltd,45275.0 AUD,18/12/2028,3676
INV78354,Building maintenance services,Programmed Facility,105599.09,2025-03-19,3630
INV78355,Tree management maintenance services,Citywide Service Solutions Pty Ltd,229570.97,07 March 2027,3678
INV78356,Building maintenance services,Programmed  Facility  Management  Pty  Ltd,61300.24,18-Mar-2028,3630
INV78357,Integrated security services,national protective services pty ltd,1998.11,16-Jan-2028,3686
INV78358,Waste management services,CleanawayWasteManagementLimited,158446.76,25-Dec-2028, 
INV78359,Street cleaning,Spotless Facility Services Pty Ltd,166505.91 AUD,28/04/25,3669
INV78360,Integrated security services,National  Protective  Services  Pty  Ltd,230374.0,25/05/2025,3686
INV78361,Street cleaning,Spotless Facility Services Pty. Ltd.,"$25,506.1",16-Aug-2025, 
INV78362,Building cleaning services,Menzies Intl (Aust) Pty Ltd,"$85,756.6",28/02/11,3634
INV78363,Integrated security services,NationalProtectiveServicesPtyLtd,"$1,113.06",2025-07-26,3686
INV78364,Melbourne Town Hall venue management,Showtime Event Group Pty Ltd,0.2m,15/04/2029,3670
INV78365,Building maintenance services,Programmed Facility Management Pty Ltd,"$64,047.05",04-Mar-2029,3630
INV78366,Management of Active Melbourne recreation facilities,VICTORIAN YMCA COMMUNITY PROGRAMMING PTY LTD,219325.73,29/09/2025,3615
INV78367,Tree management maintenance services,Citywide Service Solutions Pty Ltd (AU),146361.94,26 February 2028,3678
INV78368,Melbourne Town Hall venue management,Showtime Event Group Pty Ltd (AU),0.2m,28/05/19,3670
INV78369,Open spaces management - region 1,Citywide Service Solutions Pty Ltd,77157.49,26/03/2025,3676
INV78370,Open spaces management - region 2,SERCO,,17/03/2027,3677
INV78371,Parking technology services,reino international pty ltd t/a duncan solutions,0.2m,17/05/2026, 
INV78372,Management of Active Melbourne recreation facilities,Victorian YMCA Community Programming Pty Ltd,"$219,623.53",26 February 2026,3615
INV78373,Building cleaning services,Menzies International (Aust) Pty Ltd,236998.4,07 November 2025,3634
INV78374,Open spaces management - region 1,Citywide Service Solutinns Pty Ltd,0.2m,29/07/24,3676
INV78375,Building cleaning services,Menzies Intl (Aust) Pty Ltd,191501.87,13-Dec-2026,3634
INV78376,Melbourne Town Hall venue management,ShowtimeEventGroupPtyLtd,"$222,355.89",05/07/2026,3670
INV78377,Open spaces management - region 1,Citywide Service Solutions P/L,0.2m,2028-05-01,3676
INV78378,Vehicle tow away and impound services,Nationwide Towing Services,137732.34,2027-12-25,3585
INV78379,Graffiti management and pressure cleaning services,Calcorp  Services  Pty  Ltd,198905.7,23/08/2027,3668
INV78380,Management of Active Melbourne recreation facilities,VICTORIAN YMCA COMMUNITY PROGRAMMING PTY LTD,,2026-05-28,3615
INV78381,Parking technology services,reino international pty ltd t/a duncan solutions,52848.0,01/01/2025,3623
INV78382,Building maintenance services,Programmed,"$112,233.82",05-Nov-2026,3630
INV78383,Open spaces management - region 1,Citywide  Service  Solutions  Pty  Ltd,0.2m,01-Nov-2028,3676
INV78384,Open spaces management - region 1,citywide service solutions pty ltd,107550.29,27-Apr-2026,3676
INV78385,Melbourne Town Hall venue management,Showtime Event Group Pty Ltd,227912.79,25/02/07,3670
INV78386,Civil infrastructure services,CITYWIDE SERVICE SOLUTIONS PTY LTD,25315.65,2026-09-19,3665
INV78387,Building cleaning services,MenziesInternational(Aust)PtyLtd,96453.8,25/09/06,3634
INV78388,Management of Active Melbourne recreation facilities,Victorian,240654.5,2028-12-12,3615
INV78389,Waste management services,CleanawayWasteManagementLimited,160340.64,12-Oct-2027,3556
INV78390,Building maintenance services,PROGRAMMED FACILITY MANAGEMENT PTY LTD,245553.64,28/11/29,3630
INV78391,Melbourne Town Hall venue management,Showtime,169612.42 AUD,29-Apr-2027,3670
INV78392,Street cleaning,spotless facility services pty ltd,47701.27 AUD,29/03/31,3669
INV78393,Building cleaning services,Menzies International (Aust) Pty. Ltd.,60352.67 AUD,07 February 2025,3634
INV78394,Building cleaning services,menzies international (aust) pty ltd,234715.93 AUD,17-Apr-2028,3634
INV78395,Street cleaning,Spotless Facility Services P/L,229616.66,29/08/27,3669
INV78396,Parking technology services,Reino Int’l Pty Ltd T/A Duncan Solutions,242956.26 AUD,30-May-2027,3623
INV78397,Building cleaning services,Menzies Internatio,"$178,368.5",2026-10-20,3634
INV78398,Open spaces management - region 2,SERCO (AUS),53285.76,08/02/2029,3677
INV78399,Parking technology services,Reino International Pty Ltd T/A Duncan Solutions,0.2m,2026-11-12,3623
INV78400,Building cleaning services,Menzies International (Aust) Pty Ltd,0.0m,29/10/02,3634
INV78401,Open spaces management - region 1,Citywide  Service  Solutions  Pty  Ltd,"$172,578.38",07-Oct-2026,3676
INV78402,Management of Active Melbourne recreation facilities,VICTORIAN YMCA COMMUNITY PROGRAMMING PTY LTD,166041.86,04 December 2026,3615
INV78403,Graffiti management and pressure cleaning services,calcorp services pty ltd,68785.38,25-Nov-2028,3668
INV78404,Open spaces management - region 1,Citywide,"$80,769.48",13/02/2027,3676
INV78405,Building maintenance services,Citywide Service Solutions P/L,"$69,668.88",28/10/18,3665
INV78406,Management of Active Melbourne recreation facilities,Victorian YMCA Communi,78086.74,18/02/2025,3615
INV78407,Open spaces management - region 1,CitywideServiceSolutionsPtyLtd,79916.54,28 April 2026,3676
INV78408,Open spaces management - region 1,Citywide Service Solutions Pty Ltd (AU),131229.26,11/06/2029,3676
INV78409,Open spaces management - region 2,SERCO,"$75,025.32",25-May-2028,3677
INV78410,Open spaces management - region 1,Citdwide Service Solutions Pty Ltd,216346.67,28/06/01,3676
INV78411,Melbourne Town Hall venue management,ShowtimeEventGroupPtyLtd,132333.14,29/01/2027,3670
INV78412,Tree management maintenance services,Citywide Service Solutions Pty. Ltd.,"$149,333.62",13 February 2026,3678
INV78413,Open spaces management - region 2,SERCO,176236.66,2029-03-19,3677
INV78414,Building cleaning services,VICTORIAN YMCA COMMUNITY PROGRAMMING PTY LTD,229956.6 AUD,23-Nov-2025,3615
INV78415,Vehicle tow away and impound services,Nationwide Towing Services (AU),"$234,637.99",23 November 2026,3585
INV78416,Management of Active Melbourne recreation facilities,Victorian YMCA Community Programming Pty. Ltd.,211895.59,26-Jun-2029,3615
INV78417,Street cleaning,Spotless Facility Services Pty Ltd,21181.45,24/01/2026,3669
INV78418,Open spaces management - region 1,Citywide Service Solutions P/L,146803.59,19-Oct-2025,3676
INV78419,Building maintenance services,Programmed Facility,0.2m,09-Feb-2025,3630
INV78420,Building maintenance services,programmed facility management pty ltd,229603.42,30/05/2026,3630
INV78421,Graffiti management and pressure cleaning services,CalcorpServicesPtyLtd,"$12,890.23",20/02/2029,3668
INV78422,Street cleaning,SpotlessFacilityServicesPtyLtd,235212.38,2027-09-05,3669
INV78423,Open spaces management - region 1,Citywide Service Solutions Pty Lad,0.2m,27 February 2025,3676
INV78424,Tree management maintenance services,CITYWIDE SERVICE SOLUTIONS PTY LTD,103637.25,01/07/2026,3678
INV78425,Parking technology services,Reino International Pty Ltd T/A Duncan Solutions,66141.42 AUD,25/03/09,3623
INV78426,Building maintenance services,Programmed Facility Management P/L,213339.25,25 May 2028,3630
INV78427,Open spaces management - region 2,SERCO,26444.25,17-Oct-2028,3677
INV78428,Open spaces management - region 2,SERCO (AU),"$185,308.15",15 July 2028,3677
INV78429,Building cleaning services,Menzies International (Aust) Pty Ltd,"$80,491.18",2027-05-28,3634
INV78430,Vehicle tow away and impound services,Nationwide Towing Services,215054.46 AUD,07/07/2026,3585
INV78431,Building maintenance services,Programmed Facility Management Pty Ltd,59910.35,04 December 2027,3630
INV78432,Civil infrastructure services,Citywide Service Solutions Pty. Ltd.,199777.98 AUD,2026-08-24,3665
INV78433,Tree management maintenance services,CITYWIDE SERVICE SOLUTIONS PTY LTD,0.2m,2029-12-23,3678
INV78434,Melbourne Town Hall venue management,Showtime  Event  Group  Pty  Ltd,"$51,317.64",23 August 2025,3670
INV78435,Tree management maintenance services,Citywide,96210.9 AUD,01/01/2027,3678
INV78436,Open spaces management - region 2,SERCO,0.1m,29/12/11,3677
INV78437,Building maintenance services,Programmed,192489.88,15 August 2029,3630
INV78438,Integrated security services,National Protective Services Pty Ltd,10978.98,09 April 2027,3686
INV78439,Melbourne Town Hall venue management,SHOWTIME EVENT GROUP PTY LTD,7614.3,01/11/2027,3670
INV78440,Civil infrastructure services,Citywide Service Solutions Pty Ltd,75828.28 AUD,28/01/28,3665
INV78441,Management of Active Melbourne recreation facilities,VictorianYMCACommunityProgrammingPtyLtd,37398.69 AUD,27 April 2027,3615
INV78442,Building maintenance services,Programmed Facility Mgmt Pty Ltd,90887.38 AUD,19 April 2028,3630
INV78443,Melbourne Town Hall venue management,SHOWTIME EVENT GROUP PTY LTD,"$180,492.96",08/01/2027,3670
INV78444,Graffiti management and pressure cleaning services,Calcorp  Services  Pty  Ltd,0.2m,05/12/2028,3668
INV78445,Tree management maintenance services,Citywide Service Solutions P/L,12933.17,06-Jun-2025,3678
INV78446,Street cleaning,Spotless Facility Services Pty Ltd,1629.32 AUD,15/02/2029,3669
INV78447,Vehicle tow away and impound services,Nationwide Towing Services,185877.93,13/10/2025,3585
INV78448,Waste management services,Cleanaway Waste Management Limited,22769.74 AUD,2025-04-26,3556
INV78449,Open spaces management - region 1,Citywide,106600.36,26/12/29,3676
INV78450,Graffiti management and pressure cleaning services,Calcorp Services P/L,"$182,956.91",2025-05-14,3668
INV78451,Open spaces management - region 2,SpRCO,231158.49,11/09/2028,3677
INV78452,Open spaces management - region 2,SaRCO,214670.18,22 September 2026,3677
INV78453,Melbourne Town Hall venue management,Showtime Event Group Pty Ltd,196838.21 AUD,11/09/2027,3670
INV78454,Management of Active Melbourne recreation facilities,Victorian YMCA Community Programmtng Pty Ltd,"$34,805.88",10-Feb-2029,3615
INV78455,Parking technology services,Reino  International  Pty  Ltd  T/A  Duncan  Solutions,"$215,143.14",03-Feb-2026,3623
INV78456,Street cleaning,Spotless,0.1m,02 November 2027,3669
INV78457,Waste management services,Cleanaway Waste Management Limited (AUS),242348.56,28/02/22,3556
INV78458,Vehicle tow away and impound services,Nationwide Toving Services,0.0m,15-Apr-2029,3585
INV78459,Open spaces management - region 1,Citywide Service Solutions Pty Ltd,111213.9 AUD,21/03/2028,3676
INV78460,Building cleaning services,Menzies International (Aust) Pty Ltd,"$17,725.59",2029-10-05,3634
INV78461,Management of Active Melbourne recreation facilities,Victorian YMCA Community Programming Pty Ltd (AU),"$170,414.6",06/12/2026,3615
INV78462,Integrated security services,National Protective Services Pty Ltd,59934.15,26/06/19,3686
INV78463,Street cleaning,SpotlessFacilityServicesPtyLtd,182228.41 AUD,21/07/2025,3669
INV78464,Integrated security services,National,0.2m,11 January 2027,3686
INV78465,Open spaces management - region 2,SERCO,0.1m,27/02/06,3677
INV78466,Vehicle tow away and impound services,nationwide towing services,"$2,954.11",26/12/03,3585
INV78467,Melbourne Town Hall venue management,Showtime  Event  Group  Pty  Ltd,"$68,357.87",2028-09-12,3670
INV78468,Integrated security services,National  Protective  Services  Pty  Ltd,80726.41,2025-09-27,3686
INV78469,Building maintenance services,Programmed,179504.32 AUD,29/04/29,3630
INV78470,Tree management maintenance services,Citywide Service Solutions Pty Ltd,116845.07,07-Jun-2029,3678
INV78471,Graffiti management and pressure cleaning services,Calcorp,84403.4 AUD,27-Jan-2026,3668
INV78472,Vehicle tow away and impound services,Nationwide Towing Services,173585.85 AUD,21-Mar-2028,3585
INV78473,Building cleaning services,Menzies International (Aust) Pty Ltd,109476.99,27/10/25,3634
INV78474,Graffiti management and pressure cleaning services,calcorp services pty ltd,107789.15,28/04/15,3668
INV78475,Open spaces management - region 1,CitywideServiceSolutionsPtyLtd,"$21,244.66",19/06/2027,3676
INV78476,Open spaces management - region 2,serco,215880.88,16/12/2029,3677
INV78477,Building cleaning services,Menzies International (Aust) Pty. Ltd.,153502.17,01 February 2027,3634
INV78478,Management of Active Melbourne recreation facilities,Victorian YMCA Community Programming Pty Ltd,210545.78 AUD,30 August 2029,3615
INV78479,Street cleaning,Spotless Facility Services Pty Ltd,234915.28,19 March 2029,3669
INV78480,Tree management maintenance services,CitywideServiceSolutionsPtyLtd,"$180,975.57",26/11/11,3678
INV78481,Building cleaning services,Menzies  International  (Aust)  Pty  Ltd,53486.69,21-Aug-2027,3634
INV78482,Waste management services,Cleanaway,240844.79 AUD,12 December 2027,3556
INV78483,Graffiti management and pressure cleaning services,Calcorp Services Pty Ltd,214685.0 AUD,22/04/2027,3668
INV78484,Building cleaning services,Menzies,0.1m,19/08/2027,3634
INV78485,Waste management services,Cleanaway Waste M,194869.62 AUD,29/01/16,3556
INV78486,Building cleaning services,Menzies  International  (Aust)  Pty  Ltd,216699.69,2029-08-31,3634
INV78487,Open spaces management - region 1,Showtime Event Group Pty Ltd,0.1m,26/07/16,3670
INV78488,Building maintenance services,Programmed Facility Management Pty Ltd (AU),87454.12,05/06/2028,3630
INV78489,Street cleaning,spotless facility services pty ltd,"$55,201.53",31 October 2029,3669
INV78490,Parking technology services,Reino International Pty Ltd T/A Duncan Solutions,"$121,750.78",28 December 2028,3623
INV78491,Building maintenance services,Programmed Facility Management Pty Ltd (AU),77480.95 AUD,2026-07-10,3630
INV78492,Building maintenance services,Programmed Facility Management Pty vtd,0.2m,2026-07-15,3630
INV78493,Building maintenance services,Programmed Facility Management Pty Ltd,159497.29,22/03/2028,3630
INV78494,Tree management maintenance services,Citywide Service Solutions P/L,"$156,535.07",24-Aug-2027,3678
INV78495,Tree management maintenance services,Citywide Service ,114584.91,13-Feb-2025,3678
INV78496,Building cleaning services,menzies international (aust) pty ltd,"$121,125.58",2027-10-03,3634
INV78497,Parking technology services,Reino Intl Pty Ltd T/A Duncan Solutions,46783.46 AUD,30-Jan-2028,3623
INV78498,Civil infrastructure services,CITYWIDE SERVICE SOLUTIONS PTY LTD,186175.3,07/02/2027,3665
INV78499,Open spaces management - region 1,Citywide Service Solutions Pty Ltd (AUS),92453.9 AUD,26/08/08,3676
INV78500,Management of Active Melbourne recreation facilities,VICTORIAN YMCA COMMUNITY PROGRAMMING PTY LTD,"$227,808.61",27/09/2027,3615
INV78501,Building cleaning services,MenziesInternational(Aust)PtyLtd,196930.36,27-Feb-2027,3634
INV78502,Melbourne Town Hall venue management,SHOWTIME EVENT GROUP PTY LTD,68744.89 AUD,18/07/2026,3670
INV78503,Tree management maintenance services,Citywide Service Solutions Pty. Ltd.,,30-Mar-2026,3678
INV78504,Open spaces management - region 2,Serco,192254.09,2027-05-19,3677
INV78505,Parking technology services,ReinoInternationalPtyLtdT/ADuncanSolutions,0.0m,2027-09-24,3623
INV78506,Waste management services,Cleanaway  Waste  Management  Limited,41839.96,04-Aug-2028,3556
INV78507,Integrated security services,National Protective Services Pty Ltd (AUS),110264.2 AUD,20-Nov-2028,3686
INV78508,Melbourne Town Hall venue management,Showtime Event Group Pty Ltd,175341.52,28/07/12,3670
INV78509,Management of Active Melbourne recreation facilities,Victorian YMCA Community Programming Pty Ltd (AUS),125735.91,2027-11-15,3615
INV78510,Graffiti management and pressure cleaning services,Calcorp Serv,67713.07,08/05/2027,3668
INV78511,Parking technology services,Citywide Service Solutions Pty Ltd (AUS),"$221,924.76",23/02/2026,3676
INV78512,Civil infrastructure services,Citywide Service Solutions Pty Ltd,0.2m,05/04/2027,3665
INV78513,Building maintenance services,Programmed Facility Management Pty Ltd (AUS),"$54,913.81",01-Oct-2028,3630
INV78514,Vehicle tow away and impound services,Nationwide,91638.15,14/04/2029,3585
INV78515,Melbourne Town Hall venue management,Showtime Event Group Pty Ltd,199588.11,07/01/2025,3670
INV78516,Integrated security services,NationalProtectiveServicesPtyLtd,74795.83 AUD,07-Aug-2027,3686
INV78517,Street cleaning,spotless facility services pty ltd,"$30,664.11",03/03/2025,3669
INV78518,Management of Active Melbourne recreation facilities,VictorianYMCACommunityProgrammingPtyLtd,96579.78 AUD,27/01/23,3615
INV78519,Graffiti management and pressure cleaning services,CALCORP SERVICES PTY LTD,74610.59 AUD,2027-12-18,3668
INV78520,Vehicle tow away and impound services,nationwide towing services,30714.92,2028-11-08,3585
INV78521,Open spaces management - region 2,Cleanaway Waste Management Limited,56174.59,12/11/2028,3556
INV78522,Open spaces management - region 2,SyRCO,247822.62,26/11/27,3677
INV78523,Open spaces management - region 1,CITYWIDE SERVICE SOLUTIONS PTY LTD,"$133,305.25",25/11/2029,3676
INV78524,Management of Active Melbourne recreation facilities,Victorian YMCA Community Programming P/L,122443.69 AUD,27/09/2027,3615
INV78525,Street cleaning,Spotless Facility Services Pty Ltd (AU),"$165,244.85",20-Apr-2026,3669
INV78526,Open spaces management - region 1,Citywide Service Solutions Pty Ltd,0.2m,2025-11-27,3676
INV78527,Management of Active Melbourne recreation facilities,Victorian YMCA Community Programming Pty Ltd,178232.2 AUD,31-Oct-2026,3615
INV78528,Open spaces management - region 2,SERCO,624.21 AUD,26/05/13,3677
INV78529,Parking technology services,Reino International Pty Ltd T/A Duncan Solutions (AUS),0.0m,12 June 2029,3623
INV78530,Civil infrastructure services,Citywide Service Solutions Pty Ltd,0.0m,2025-02-23,3665
INV78531,Building cleaning services,Menzies  International  (Aust)  Pty  Ltd,72934.42,2027-11-23,3634
INV78532,Parking technology services,reino international pty ltd t/a duncan solutions,47566.62 AUD,03-Aug-2026,3623
INV78533,Civil infrastructure services,Citywide Service Solutions P/L,195675.34,07 May 2025,3665
INV78534,Building maintenance services,Progtammed Facility Management Pty Ltd,0.0m,20 October 2027,3630
INV78535,Integrated security services,National Protective Services Pty Lyd,"$169,489.14",29/07/20,3686
INV78536,Street cleaning,SpotlessFacilityServicesPtyLtd,0.0m,25-Apr-2029,3669
INV78537,Integrated security services,National Protective Services Pty Ltd,0.1m,12/11/2025,3686
INV78538,Tree management maintenance services,Citywide Service Solutions Pty btd,57230.09,2027-10-18,3678
INV78539,Management of Active Melbourne recreation facilities,Victorian YMCA Community Programming Pty. Ltd.,0.2m,21/03/2029,3615
INV78540,Civil infrastructure services,Citywide Service Solutions Pty. Ltd.,"$219,047.13",06-Jan-2025,3665
INV78541,Civil infrastructure services,Citywide Service Solutions Pty Ltd,"$202,888.34",08-Jun-2027,3665
INV78542,Vehicle tow away and impound services,Nationwide,0.2m,27/12/22,3585
INV78543,Management of Active Melbourne recreation facilities,Victorian,172249.63 AUD,25/03/27,3615
INV78544,Building maintenance services,Programmed Facility Mgmt Pty Ltd,"$240,103.87",2026-01-08, 
INV78545,Waste management services,CleanawayWasteManagementLimited,"$89,353.89",15 July 2029,3556
INV78546,Vehicle tow away and impound services,NATIONWIDE TOWING SERVICES,0.1m,01/05/2027,3585
INV78547,Waste management services,Cleanaway Waste Management Limited,"$12,421.31",28/06/15,3556
INV78548,Open spaces management - region 1,Citywide,0.2m,15/12/2027,3676
INV78549,Waste management services,Cleanaway Waste Management Limited,9933.17,29/09/17,3556
INV78550,Civil infrastructure services,Citywide Service Solutions Pty Ltd (AU),83259.18,12/04/2027,3665
INV78551,Building maintenance services,Programmed Facility Management Pty Ltd,1355.58 AUD,2028-12-08,3630
INV78552,Management of Active Melbourne recreation facilities,Victorian YMCA Communi,"$63,007.02",08/05/2029,3615
INV78553,Civil infrastructure services,serco,"$51,391.97",05/04/2027,3677
INV78554,Open spaces management - region 1,Citywide Service Solutions Pty. Ltd.,202660.84,2025-06-07,3676
INV78555,Civil infrastructure services,Citywide Service Solutions Pty Ltd (AUS),235174.28 AUD,,3665
INV78556,Building maintenance services,Programmed Facility Management Pty Ltd (AU),"$200,120.42",12/05/2025,3630
INV78557,Civil infrastructure services,Showtime Event Group Pty Ltd,221298.84,03/05/2027,3670
INV78558,Waste management services,Cleanaway,0.1m,09 April 2026,3556
INV78559,Management of Active Melbourne recreation facilities,VICTORIAN YMCA COMMUNITY PROGRAMMING PTY LTD,101120.34,22 July 2029,3615
INV78560,Building cleaning services,Menzies Int’l (Aust) Pty Ltd,41105.09 AUD,13/06/2027, 
INV78561,Graffiti management and pressure cleaning services,Calcorp Services Pty Ltd,"$20,406.34",02 April 2028, 
INV78562,Open spaces management - region 1,Citywide Service Solutions Pty Ltd (AUS),0.1m,21/09/2029,3676
INV78563,Open spaces management - region 1,Citywide Service Solutions Pty Ltd (AU),"$237,522.15",2025-12-07,3676
INV78564,Street cleaning,Spotless Facility Services Pty Ltd,"$85,140.06",27 September 2028, 
INV78565,Graffiti management and pressure cleaning services,Calcorp Services Pty Ltd,25985.76,2027-08-27,3668
INV78566,Open spaces management - region 1,CITYWIDE SERVICE SOLUTIONS PTY LTD,0.2m,24 May 2028,3676
INV78567,Integrated security services,National  Protective  Services  Pty  Ltd,170880.31,2025-12-22,3686
INV78568,Waste management services,Cleanaway Waste Management Limited (AU),0.1m,25/05/07,3556
INV78569,Melbourne Town Hall venue management,ShowtimeEventGroupPtyLtd,203355.41 AUD,31/10/2025,3670
INV78570,Management of Active Melbourne recreation facilities,Victorian,87956.51 AUD,01 December 2027,3615
INV78571,Tree management maintenance services,citywide service solutions pty ltd,"$138,002.4",05 April 2027,3678
INV78572,Graffiti management and pressure cleaning services,Calcorp Services Pty. Ltd.,0.2m,2028-04-13,3668
INV78573,Open spaces management - region 1,Citywide Service Solutions Pty Ltd,98363.17,11-May-2027,3676
INV78574,Open spaces management - region 2,serco,239110.82,03/09/2029,3677
INV78575,Parking technology services,Reino International P/L T/A Duncan Solutions,186970.81,2029-10-11,3623
INV78576,Building maintenance services,Programmed Facility,190191.56 AUD,30/01/2025,3630
INV78577,Civil infrastructure services,Citywide Service Solutions Pty Ltd,152110.46,18 December 2025,3665
INV78578,Melbourne Town Hall venue management,showtime event group pty ltd,16014.05,29/06/2028,3670
INV78579,Management of Active Melbourne recreation facilities,Victorian  YMCA  Community  Programming  Pty  Ltd,100717.16 AUD,18/07/2029,3615
INV78580,Civil infrastructure services,Programmed Facility Mgmt Pty Ltd,188932.75 AUD,2026-01-31, 
INV78581,Tree management maintenance services,Citywide Service Solutions Pty Ltd,0.1m,18/08/2026,3678
INV78582,Open spaces management - region 2,SERCO,"$19,518.27",17/12/2027, 
INV78583,Waste management services,Cleanaway Waste Management Limited,"$130,386.08",2029-09-18,3556
INV78584,Graffiti management and pressure cleaning services,Calcorp Services Pty Ltd,51968.43,06 February 2025,3668
INV78585,Open spaces management - region 1,Citywide Service Solutions P/L,242380.09 AUD,03/12/2029,3676
INV78586,Civil infrastructure services,citywide service solutions pty ltd,178820.5 AUD,25/06/23,3665
INV78587,Building maintenance services,Programmed Facility,99303.38,26/05/31,3630
INV78588,Building maintenance services,Programmed Facility Management Pty Ltd,"$37,920.87",30-Oct-2026,3630
INV78589,Street cleaning,SpotlessFacilityServicesPtyLtd,0.2m,01/03/2028,3669
INV78590,Street cleaning,Spotless Facility,53535.59,18-Feb-2027,3669
INV78591,Parking technology services,Reino Intl Pty Ltd T/A Duncan Solutions,232190.92 AUD,2029-07-26,3623
INV78592,Open spaces management - region 1,Citybide Service Solutions Pty Ltd,199043.98,15-Jan-2025,3676
INV78593,Open spaces management - region 1,Citywide Service Solutions Pty. Ltd.,245015.23,07/08/2029,3676
INV78594,Graffiti management and pressure cleaning services,Calcorp Services Pty Ltd,30245.3,25/02/2028,3668
INV78595,Building cleaning services,Menzies International (Aust) Pty Ltd (AU),147779.71 AUD,16-Sep-2028,3634
INV78596,Street cleaning,Spotless Facility,"$146,168.65",05-Aug-2028,3669
INV78597,Parking technology services,Reino International Pty ,46539.95,15-Feb-2027,3623
INV78598,Graffiti management and pressure cleaning services,Calcorp Services Pty Ltd (AUS),0.1m,26/02/03,3668
INV78599,Graffiti management and pressure cleaning services,Calcorp Services Pty Ltd (AU),0.2m,04 July 2025,3668
INV78600,Tree management maintenance services,Citywide Service Solutions Pty Ltd,98321.85,17-Feb-2026,3678
INV78601,Building maintenance services,Programmed Facility Management P/L,130627.18,28/05/2026,3630
INV78602,Integrated security services,NationalProtectiveServicesPtyLtd,159463.74,07/12/2026,3686
INV78603,Graffiti management and pressure cleaning services,Citywide Service Solutions Pty Ltd,131570.92,28/04/03,3676
INV78604,Graffiti management and pressure cleaning services,Calcorp Services P/L,"$221,055.96",17/04/2025,3668
INV78605,Vehicle tow away and impound services,Nationwide,163983.72,22 September 2028,3585
INV78606,Melbourne Town Hall venue management,Showtime Event Group Pty Ltd,"$212,037.37",08-Aug-2026,3670
INV78607,Melbourne Town Hall venue management,Showtime Event,76564.5 AUD,24-Dec-2025,3670
INV78608,Open spaces management - region 2,Serco,209741.7 AUD,01-Jul-2028,3677
INV78609,Building cleaning services,Menzies Internatio,234244.27,12 June 2029,3634
INV78610,Melbourne Town Hall venue management,Showtime Event Group Pty Ltd,0.0m,2027-09-30,3670
INV78611,Open spaces management - region 1,Citywide Service Solutions Pty Ltd (AU),"$201,359.3",27/11/2029,3676
INV78612,Waste management services,Cleanaway Waste Management Limited (AUS),169310.09,2026-07-25,3556
INV78613,Civil infrastructure services,Citywide Service Solutions Pty Ltd,"$200,312.58",18 March 2029,3665
INV78614,Melbourne Town Hall venue management,ShowtimeEventGroupPtyLtd,"$241,720.23",2029-08-01,3670
INV78615,Parking technology services,reino international pty ltd t/a duncan solutions,154910.06,2027-06-13,3623
INV78616,Building maintenance services,Programmed Facility,"$160,339.15",26/07/04,3630
INV78617,Parking technology services,Reino Int’l Pty Ltd T/A Duncan Solutions,0.0m,14 September 2029,3623
INV78618,Integrated security services,National Protectiv,82934.64 AUD,05-Sep-2029,3686
INV78619,Integrated security services,NATIONAL PROTECTIVE SERVICES PTY LTD,0.0m,2028-09-21,3686
INV78620,Vehicle tow away and impound services,Nationwide To,189648.17,28/06/25,3585
INV78621,Waste management services,Cleanaway Waste M,"$230,043.02",01-Jan-2029,3556
INV78622,Civil infrastructure services,Citywide Service ,"$229,704.39",06-Jun-2025,3665
INV78623,Graffiti management and pressure cleaning services,Calcorp,8360.72 AUD,08-Aug-2025,3668
INV78624,Melbourne Town Hall venue management,Showtime Event Group Pty Ltd,73367.57,2029-06-20,3670
INV78625,Open spaces management - region 1,citywide service solutions pty ltd,137879.84,27/12/2027,3676
INV78626,Open spaces management - region 2,SERCO,"$203,507.67",25/10/2027,3677
INV78627,Tree management maintenance services,Citywide Service Solutions Pty Ltd,8721.75,01 May 2026,3678
INV78628,Open spaces management - region 2,Serco,"$13,631.13",29/09/15,3677
INV78629,Building cleaning services,Menzies Int’l (Aust) Pty Ltd,114999.61,25-Jul-2029,3634
INV78630,Open spaces management - region 1,Citywide Service Solutions Pty Ltd,214312.99,27/05/06,3676
INV78631,Parking technology services,Reino Intl Pty Ltd T/A Duncan Solutions,78405.21 AUD,01/11/2025,3623
INV78632,Tree management maintenance services,CitywideServiceSolutionsPtyLtd,70101.8,16/12/2027,3678
INV78633,Parking technology services,Reino International Pty ,"$236,405.68",26/11/28,3623
INV78634,Open spaces management - region 1,Citywide,100184.55,21/12/2025,3676
INV78635,Street cleaning,Spotless Facility Services Pty Ltd,154134.65,11/07/2027,3669
INV78636,Parking technology services,Reino Internationxl Pty Ltd T/A Duncan Solutions,703.74,03 May 2029,3623
INV78637,Open spaces management - region 2,SERCO,22207.36 AUD,24/10/2026,3677
INV78638,Management of Active Melbourne recreation facilities,Victorwan YMCA Community Programming Pty Ltd,134953.69 AUD,16-Sep-2027,3615
INV78639,Open spaces management - region 2,Serco,234249.02,31/12/2028,3677
INV78640,Tree management maintenance services,Citywide Service Solutions Pty Ltd (AU),50946.47,26/07/2025,3678
INV78641,Management of Active Melbourne recreation facilities,Victorian YMCA Community Programming Pty Ltd (AU),"$23,680.49",14-Jun-2027,3615
INV78642,Open spaces management - region 1,Citywide Service Solutions Pty Ltv,173555.06 AUD,21/12/2025,3676
INV78643,Waste management services,cleanaway waste management limited,210551.77 AUD,,3556
INV78644,Street cleaning,Spotless Facility Services Pty Ltd (AU),185469.23,13-Aug-2028,3669
INV78645,Graffiti management and pressure cleaning services,CalcorpServicesPtyLtd,137942.58 AUD,25/11/27,3668
INV78646,Graffiti management and pressure cleaning services,Calcorp Serv,49718.73,2025-01-04,3668
INV78647,Tree management maintenance services,Citywide Service Solutions Pty Ltd (AUS),"$43,420.38",2028-09-04,3678
INV78648,Open spaces management - region 2,Spotless Facility Services Pty Ltd,"$217,814.12",,3669
INV78649,Waste management services,Cleanaway Waste Management Limited,"$164,991.72",23 June 2026,3556
INV78650,Building maintenance services,Programmed Facility Management P/L,"$29,228.89",02/11/2027,3630
INV78651,Building maintenance services,Programmed Facility Management P/L,5329.53,28/01/24,3630
INV78652,Melbourne Town Hall venue management,ShowtimeEventGroupPtyLtd,0.1m,31/12/2029,3670
INV78653,Civil infrastructure services,Citywide Service Solutions Pty Ltd,76914.71,27-Sep-2026,3665
INV78654,Street cleaning,Spotless,"$175,838.49",2026-04-02,3669
INV78655,Vehicle tow away and impound services,Nationwide,"$80,031.37",16/03/2025,3585
INV78656,Civil infrastructure services,Crtywide Service Solutions Pty Ltd,0.2m,2028-11-26,3665
INV78657,Street cleaning,Spotless Facility Services Pty Ltd,208948.48,07 July 2027,3669
INV78658,Melbourne Town Hall venue management,ShowtimeEventGroupPtyLtd,142062.49,18-Sep-2025,3670
INV78659,Open spaces management - region 2,SERCO (AU),130655.33,14 February 2027,3677
INV78660,Melbourne Town Hall venue management,Citywide Service Solutions Pty. Ltd.,120431.15,13/08/2029,3665
INV78661,Melbourne Town Hall venue management,Showtime,0.1m,28 October 2026,3670
INV78662,Street cleaning,Spotless Facility Services Pty Ltd,"$36,759.71",2027-06-08,3669
INV78663,Civil infrastructure services,Citywide Service Solutions Pty Ltd (AU),131396.64 AUD,07-Dec-2027,3665
INV78664,Management of Active Melbourne recreation facilities,VictorianYMCACommunityProgrammingPtyLtd,21047.25,20/09/2025,3615
INV78665,Building cleaning services,Menzies  International  (Aust)  Pty  Ltd,169223.67,26/04/05,3634
INV78666,Vehicle tow away and impound services,NATIONWIDE TOWING SERVICES,"$225,923.21",25/11/2028,3585
INV78667,Integrated security services,National Protective Services Pty Ltd (AU),"$106,546.9",22/12/2029,3686
INV78668,Street cleaning,Spotless,0.0m,2025-07-31,3669
INV78669,Melbourne Town Hall venue management,Showtime  Event  Group  Pty  Ltd,"$43,733.2",05 May 2025,3670
INV78670,Civil infrastructure services,Citywide Service Solutions Pty Ltd,86947.77 AUD,2026-10-04,3665
INV78671,Graffiti management and pressure cleaning services,Calcorp Services P/L,0.2m,11/02/2028,3668
INV78672,Vehicle tow away and impound services,Nationwide Towing Services (AU),121932.84,08-Apr-2026,3585
INV78673,Vehicle tow away and impound services,NATIONWIDE TOWING SERVICES,173297.74,08-Mar-2025,3585
INV78674,Civil infrastructure services,CITYWIDE SERVICE SOLUTIONS PTY LTD,42804.23,26/03/31,3665
INV78675,Tree management maintenance services,CITYWIDE SERVICE SOLUTIONS PTY LTD,68877.86,26/05/23,3678
INV78676,Open spaces management - region 1,Citywide,187583.02,,3676
INV78677,Melbourne Town Hall venue management,Showtime Event Group Pty Ltd (AUS),53301.57,26/11/06,3670
INV78678,Building maintenance services,Programmed,"$199,768.42",08/06/2026,3630
INV78679,Waste management services,Cleanaway Waste Management Limited,129937.41,2027-09-25,3556
INV78680,Waste management services,Cleanaway Waste Mgmt Limited,"$122,687.82",26/11/04,3556
INV78681,Open spaces management - region 1,Citywide Service Solutions Pty Ltd,109413.13,05/09/2029,3676
INV78682,Building cleaning services,Menzies International (Aust) Pty Ltd (AUS),212307.16 AUD,06 November 2026,3634
INV78683,Waste management services,Programmed Facility Management Pty Ltd (AU),"$22,927.33",02 January 2028,3630
INV78684,Vehicle tow away and impound services,Nationwide Towing Services (AU),67240.82,23/12/2027,3585
INV78685,Waste management services,Cleanaway Waste Management Limited,190004.79,06 December 2027,3556
INV78686,Parking technology services,Reino International Pty. Ltd. T/A Duncan Solutions,225986.1,26/06/01,3623
INV78687,Graffiti management and pressure cleaning services,Calcorp  Services  Pty  Ltd,101260.51,06-Feb-2028,3668
INV78688,Tree management maintenance services,Citywide Service Solutions Pty Ltd,0.2m,14/02/2029,3678
INV78689,Street cleaning,Spotless,48557.54 AUD,2028-01-10,3669
INV78690,Integrated security services,National Protectiv,218680.1,27/11/16,3686
INV78691,Street cleaning,Spotless Facility Services Pty Ltd,"$34,431.48",11/12/2029,3669
INV78692,Melbourne Town Hall venue management,Showtime Event Group Pty Ltd (AUS),195352.14 AUD,29/12/2028,3670
INV78693,Management of Active Melbourne recreation facilities,Victorian YjCA Community Programming Pty Ltd,140062.33,18-May-2025,3615
INV78694,Building cleaning services,Menzies International (Aust) Pty. Ltd.,0.2m,10/03/2025,3634
INV78695,Vehicle tow away and impound services,Nationwide Towing Services (AU),1090.34 AUD,18/11/2026,3585
INV78696,Graffiti management and pressure cleaning services,Calcorp Ssrvices Pty Ltd,120939.13,10 July 2028,3668
INV78697,Open spaces management - region 2,SERCO (AUS),"$77,413.31",17/09/2026,3677
INV78698,Waste management services,Cleanaway Waste Management Limitel,187386.34,11-Jul-2028,3556
INV78699,Building cleaning services,Menzies Intl (Aust) Pty Ltd,"$186,262.38",22-Jun-2028,3634
INV78700,Vehicle tow away and impound services,Nationwide Towing Services,12227.27 AUD,06-May-2028,3585
INV78701,Management of Active Melbourne recreation facilities,CitywideServiceSolutionsPtyLtd,119912.64,2025-04-02,3676
INV78702,Open spaces management - region 2,SERCO (AU),"$135,840.49",26-Nov-2025,3677
INV78703,Waste management services,Cleanaway Waste M,228160.3,26/07/2026,3556
INV78704,Melbourne Town Hall venue management,Showtime Event Group Pty Ltd,"$117,216.67",12/10/2027,3670
INV78705,Street cleaning,Spotless Facility Services Pty Ltd,241820.49,2025-04-23,3669
INV78706,Integrated security services,National Protective Services Pty Ltd,0.0m,04/05/2026,3686
INV78707,Street cleaning,Spotless Facility Services Pty Ltd (AUS),"$137,379.22",2027-05-03,3669
INV78708,Street cleaning,Spotless  Facility  Services  Pty  Ltd,0.0m,14/09/2025, 
INV78709,Civil infrastructure services,citywide service solutions pty ltd,"$180,177.68",19-Feb-2029,3665
INV78710,Building cleaning services,MenziesInternational(Aust)PtyLtd,178668.2,17/12/2027,3634
INV78711,Management of Active Melbourne recreation facilities,VictorianYMCACommunityProgrammingPtyLtd,201760.94 AUD,20/05/2027,3615
INV78712,Open spaces management - region 2,SERCO,"$44,776.03",25/04/20,3677
INV78713,Tree management maintenance services,Citywide Service Solutions Pty Ltd,3149.16 AUD,29/02/19,3678
INV78714,Open spaces management - region 1,Citywide Service Solutions P/L,124562.82,2027-03-09,3676
INV78715,Vehicle tow away and impound services,NATIONWIDE TOWING SERVICES,173375.22,24-Mar-2028,3585
INV78716,Management of Active Melbourne recreation facilities,VICTORIAN YMCA COMMUNITY PROGRAMMING PTY LTD,"$116,831.84",27 September 2028,3615
INV78717,Open spaces management - region 1,Citywide Service ,4547.32 AUD,25 July 2027,3676
INV78718,Street cleaning,Spotless Facility Services Pty Ltd (AUS),146938.4,01-Jan-2029,3669
INV78719,Graffiti management and pressure cleaning services,calcorp services pty ltd,105568.39,2026-09-18,3668
INV78720,Melbourne Town Hall venue management,Showtime Event Group Pty. Ltd.,244031.41,06 January 2027,3670
INV78721,Open spaces management - region 1,CITYWIDE SERVICE SOLUTIONS PTY LTD,0.0m,24 December 2029,3676
INV78722,Tree management maintenance services,Citywide Service Solutions Pty Ltd,14089.63 AUD,26/01/2027,3678
INV78723,Integrated security services,national protective services pty ltd,225856.56,06/05/2026,3686
INV78724,Graffiti management and pressure cleaning services,Nationwide,196439.13,2025-03-01,3585
INV78725,Melbourne Town Hall venue management,Showtime Event Group P/L,0.1m,30 January 2028,3670
INV78726,Open spaces management - region 1,Citywide Service Solutions P/L,113502.35,01-May-2025,3676
INV78727,Building cleaning services,Menzies,208559.62 AUD,25 February 2026,3634
INV78728,Waste management services,Cleanapay Waste Management Limited,200475.49,2029-10-12,3556
INV78729,Civil infrastructure services,Citywide Service Solutions Pty Ltd,18507.4,30/05/2027,3665
INV78730,Waste management services,Cleanaway Waste Management Limited,"$208,432.43",29 August 2025,3556
INV78731,Building maintenance services,Programmed Facilkty Management Pty Ltd,0.0m,26/04/06,3630
INV78732,Civil infrastructure services,citywide service solutions pty ltd,15975.77,2027-02-19,3665
INV78733,Integrated security services,National,"$152,898.32",2025-09-07,3686
INV78734,Street cleaning,Spotless  Facility  Services  Pty  Ltd,"$173,883.08",27/01/2029,3669
INV78735,Integrated security services,National Protective Services Pty Ltd,0.1m,11/11/2027,3686
INV78736,Graffiti management and pressure cleaning services,CALCORP SERVICES PTY LTD,"$41,214.73",26/01/16,3668
INV78737,Management of Active Melbourne recreation facilities,VictorianYMCACommunityProgrammingPtyLtd,184015.5 AUD,05-May-2028,3615
INV78738,Building cleaning services,Menzies Internatio,23470.13 AUD,26/01/2028,3634
INV78739,Open spaces management - region 2,SERCO (AUS),246.58,09/01/2027,3677
INV78740,Open spaces management - region 2,SERCO,"$243,452.19",2025-04-08,3677
INV78741,Parking technology services,Reino International Pty Ltd T/A Duncan Solutions,19108.8,05-Oct-2028,3623
INV78742,Street cleaning,SpotlessFacilityServicesPtyLtd,2953.88,02 June 2025,3669
INV78743,Building maintenance services,Programmed Facility Management Pty Ltd (AU),154139.83 AUD,07-Feb-2027,3630
INV78744,Graffiti management and pressure cleaning services,CALCORP SERVICES PTY LTD,0.2m,24/11/2025,3668
INV78745,Tree management maintenance services,Citywide Service Solutions Pty Ltd (AU),232663.38,28-May-2025,3678
INV78746,Tree management maintenance services,Citywide,86690.56 AUD,2028-10-05,3678
INV78747,Building cleaning services,Menzies International (Aust) Pty Ltd (AUS),"$182,950.77",05 June 2027,3634
INV78748,Melbourne Town Hall venue management,Showtime Event Group Pty Ltd,0.1m,2029-09-08,3670
INV78749,Street cleaning,spotless facility services pty ltd,"$14,637.29",2028-03-08,3669
INV78750,Melbourne Town Hall venue management,Showtime Event Group Pty. Ltd.,"$215,281.94",20-Apr-2025,3670
INV78751,Graffiti management and pressure cleaning services,Calcorp Services Pty Ltd (AUS),0.0m,13 March 2025,3668
INV78752,Management of Active Melbourne recreation facilities,VictorianYMCACommunityProgrammingPtyLtd,184701.68,2029-08-19,3615
INV78753,Graffiti management and pressure cleaning services,CALCORP SERVICES PTY LTD,654.12 AUD,2027-12-13,3668
INV78754,Open spaces management - region 1,Citywide Service Solutions Pty Ltd,196723.81 AUD,31 July 2029, 
INV78755,Management of Active Melbourne recreation facilities,Victorian YMCA Community Programming Pty Ltd (AUS),"$56,991.25",08 January 2029,3615
INV78756,Building maintenance services,Programmed Facility Mgmt Pty Ltd,70746.31,07/05/2027,3630
INV78757,Management of Active Melbourne recreation facilities,VictorianYMCACommunityProgrammingPtyLtd,0.2m,07 November 2026,3615
INV78758,Management of Active Melbourne recreation facilities,Victorian YMCA Community Programming Pty Ltd (AU),"$18,058.16",02-Sep-2029,3615
INV78759,Tree management maintenance services,Citywide Service Solutions Pty Ltd,161082.29,26/08/2026,3678
INV78760,Parking technology services,ReinoInternationalPtyLtdT/ADuncanSolutions,48398.81,27/02/13,3623
INV78761,Management of Active Melbourne recreation facilities,Victorian Ymca Community Programming Pty Ltd,"$124,321.39",10-Sep-2026,3615
INV78762,Melbourne Town Hall venue management,Showtime Event Group Pty Ltd,"$189,951.2",19-Jan-2027,3670
INV78763,Street cleaning,SpotlessFacilityServicesPtyLtd,0.1m,2026-06-27,3669
INV78764,Street cleaning,SpotlessFacilityServicesPtyLtd,0.1m,06/10/2026,3669
INV78765,Management of Active Melbourne recreation facilities,VICTORIAN YMCA COMMUNITY PROGRAMMING PTY LTD,"$136,485.42",2025-01-01,3615
INV78766,Parking technology services,Reino International Pty Ltd T/A Duncaf Solutions,,24/01/2026,3623
INV78767,Open spaces management - region 2,SERCO,137055.51,,3677
INV78768,Building cleaning services,MenziesInternational(Aust)PtyLtd,242902.62,18/06/2025,3634
INV78769,Street cleaning,Spotless  Facility  Services  Pty  Ltd,"$70,813.54",22/05/2029,3669
INV78770,Melbourne Town Hall venue management,Showtime hvent Group Pty Ltd,"$29,718.07",17 September 2026,3670
INV78771,Vehicle tow away and impound services,Nationwide Towing Services,"$207,959.36",25/09/26,3585
INV78772,Building cleaning services,Menzies International (Aust) Pty Ltd,181062.57,29/05/20,3634
INV78773,Civil infrastructure services,CITYWIDE SERVICE SOLUTIONS PTY LTD,"$174,702.94",2026-01-23,3665
INV78774,Parking technology services,Reino InternationalbPty Ltd T/A Duncan Solutions,224504.42,16 January 2027,3623
INV78775,Street cleaning,Spotless  Facility  Services  Pty  Ltd,249465.27 AUD,13/09/2025,3669
INV78776,Open spaces management - region 1,CitywideServiceSolutionsPtyLtd,21403.07,2028-08-16,3676
INV78777,Integrated security services,National Protective Services P/L,"$125,353.15",15 September 2026,3686
INV78778,Waste management services,CleanawayWasteManagementLimited,0.2m,11-Feb-2025,3556
INV78779,Waste management services,Cleanaway Waste M,236172.92,10/07/2029,3556
INV78780,Tree management maintenance services,Citywide,248962.48,23-Sep-2027, 
INV78781,Vehicle tow away and impound services,Nationwide,0.2m,10/06/2029,3585
INV78782,Building maintenance services,Programmed,37317.15,18 April 2026,3630
INV78783,Open spaces management - region 1,CitywideServiceSolutionsPtyLtd,"$188,057.32",06/12/2025,3676
INV78784,Open spaces management - region 2,SERCO,"$196,177.07",2025-10-22,3677
INV78785,Building maintenance services,Spotless  Facility  Services  Pty  Ltd,0.1m,06/05/2029,3669
INV78786,Building maintenance services,Programmed Facility,39637.12 AUD,25-May-2027,3630
INV78787,Building cleaning services,Menzies  International  (Aust)  Pty  Ltd,152230.06,2025-08-04,3634
INV78788,Building maintenance services,Programmed Facility,238987.76,05/10/2026,3630
INV78789,Open spaces management - region 1,Citywide Service Solutions Pty Ltd,220465.56,27/09/09,3676
INV78790,Building cleaning services,menzies international (aust) pty ltd,134026.2,26-Dec-2028,3634
INV78791,Parking technology services,Reino Intl Pty Ltd T/A Duncan Solutions,"$101,608.21",03/11/2026,3623
INV78792,Melbourne Town Hall venue management,SHOWTIME EVENT GROUP PTY LTD,"$88,753.76",20/07/2029,3670
INV78793,Parking technology services,Reino,249346.78,2026-09-14,3623
INV78794,Graffiti management and pressure cleaning services,Calcorp,0.2m,2029-03-29,3668
INV78795,Waste management services,Cleanaway Waste Mgmt Limited,0.2m,27/04/19,3556
INV78796,Waste management services,cleanaway waste management limited,203310.37,21/09/2028,3556
INV78797,Open spaces management - region 1,citywide service solutions pty ltd,40902.7 AUD,18-Nov-2029, 
INV78798,Graffiti management and pressure cleaning services,calcorp services pty ltd,0.0m,26/05/2029,3668
INV78799,Open spaces management - region 1,Citywide Service Solutions P/L,"$145,027.57",22-Nov-2027,3676
INV78800,Integrated security services,Cityside Service Solutions Pty Ltd,214809.82,2025-06-21,3665
INV78801,Integrated security services,National Protectiv,"$125,067.23",03/09/2027,3686
INV78802,Integrated security services,National Protective Services Pty Ltd,167096.03,14 January 2026,3686
INV78803,Parking technology services,Reino International Pty. Ltd. T/A Duncan Solutions,0.2m,11/12/2027,3623
INV78804,Waste management services,Cleanaway Waste Management Ltd,"$169,693.63",2029-01-07,3556
INV78805,Parking technology services,Reino International Pty Ltd T/A Duncan Solutions,58725.4,22 January 2026,3623
INV78806,Graffiti management and pressure cleaning services,Calcosp Services Pty Ltd,95842.05,02-Nov-2028,3668
INV78807,Building maintenance services,Programmed Facility,0.2m,09-Aug-2027,3630
INV78808,Integrated security services,NationalProtectiveServicesPtyLtd,159523.97,24/03/2025,3686
INV78809,Integrated security services,National Protective Services P/L,141628.96,25/08/16,3686
INV78810,Building maintenance services,programmed facility management pty ltd,192522.38,01 April 2026,3630
INV78811,Building maintenance services,Programmed Fscility Management Pty Ltd,,16/02/2028,3630
INV78812,Building maintenance services,Programmed Facilijy Management Pty Ltd,46876.52,26 June 2027,3630
INV78813,Building cleaning services,MENZIES INTERNATIONAL (AUST) PTY LTD,214995.04,16/10/2026,3634
INV78814,Open spaces management - region 2,SERCO,195579.36,2025-09-11,3677
INV78815,Parking technology services,REINO INTERNATIONAL PTY LTD T/A DUNCAN SOLUTIONS,238727.9 AUD,04-Dec-2027,3623
INV78816,Building cleaning services,showtime event group pty ltd,0.2m,03 July 2025,3670
INV78817,Civil infrastructure services,Citywide Service Solutions Pty Ltd (AUS),0.2m,27-Feb-2028,3665
INV78818,Vehicle tow away and impound services,Calcorp  Services  Pty  Ltd,0.1m,04/08/2027,3668
INV78819,Parking technology services,Reino,109230.75 AUD,21/11/2029,3623
INV78820,Open spaces management - region 2,SERCO,136530.69,25/01/22,3677
INV78821,Tree management maintenance services,CitywideServiceSolutionsPtyLtd,6606.17 AUD,27/12/15,3678
INV78822,Parking technology services,Reino  International  Pty  Ltd  T/A  Duncan  Solutions,232510.45,05/09/2025,3623
INV78823,Building maintenance services,Programmed Facility Management Pty. Ltd.,"$64,211.64",04-Aug-2025,3630
INV78824,Vehicle tow away and impound services,NationwideTowingServices,0.1m,03 February 2025,3585
INV78825,Graffiti management and pressure cleaning services,Calcorp Services Pty. Ltd.,226234.56 AUD,04/06/2028,3668
INV78826,Waste management services,Cleanaway Waste Management Limited,40841.23 AUD,21-Jun-2026,3556
INV78827,Parking technology services,Reino,60712.67,27/04/2028,3623
INV78828,Open spaces management - region 1,citywide service solutions pty ltd,232445.7,2029-11-08,3676
INV78829,Vehicle tow away and impound services,Nationwide Towing Services (AUS),"$25,013.54",03-Jul-2028,3585
INV78830,Open spaces management - region 2,SERCO,191329.45,28/04/14,3677
INV78831,Vehicle tow away and impound services,Nationwide To,72270.1 AUD,15 April 2026,3585
INV78832,Building cleaning services,Menzies International (Aust) Pty Ltd (AU),"$26,313.22",27/09/2029,3634
INV78833,Melbourne Town Hall venue management,Showtime Event Group Pty Ltd,"$180,276.79",01/11/2027,3670
INV78834,Street cleaning,Spotless  Facility  Services  Pty  Ltd,227447.81,28/06/12,3669
INV78835,Building cleaning services,Menzies International (Aust) Pty Ltd,0.1m,19/06/2027,3634
INV78836,Tree management maintenance services,Citywide Service Solutions Pty Ltd (AUS),43975.9 AUD,14/02/2029,3678
INV78837,Street cleaning,National Protective Services Pty. Ltd.,0.0m,29-Mar-2025,3686
INV78838,Graffiti management and pressure cleaning services,Calcorp Services P/L,"$179,239.7",08 March 2027,3668
INV78839,Building cleaning services,Menzies,88548.57 AUD,23 January 2028,3634
INV78840,Building maintenance services,programmed facility management pty ltd,141997.03,24/04/2026,3630
INV78841,Melbourne Town Hall venue management,SHOWTIME EVENT GROUP PTY LTD,59238.06,06-Aug-2025,3670
INV78842,Open spaces management - region 1,citywide service solutions pty ltd,220371.18,18 July 2025, 
INV78843,Building cleaning services,Menzies Int’l (Aust) Pty Ltd,0.2m,07/02/2025, 
INV78844,Melbourne Town Hall venue management,showtime event group pty ltd,202583.83 AUD,02/09/2027,3670
INV78845,Management of Active Melbourne recreation facilities,VICTORIAN YMCA COMMUNITY PROGRAMMING PTY LTD,13827.98 AUD,28/09/18, 
INV78846,Building cleaning services,Menzies Int’l (Aust) Pty Ltd,0.2m,20-May-2025,3634
INV78847,Building cleaning services,Menzies Internatio,237047.26,2028-02-27,3634
INV78848,Building maintenance services,Programmed Facility,132411.71,19/03/2028,3630
INV78849,Graffiti management and pressure cleaning services,Calcorp Services P/L,"$51,185.65",26 December 2029,3668
INV78850,Graffiti management and pressure cleaning services,Calcorp  Services  Pty  Ltd,164513.37,11 September 2025,3668
INV78851,Waste management services,CLEANAWAY WASTE MANAGEMENT LIMITED,242100.77 AUD,14 July 2027,3556
INV78852,Tree management maintenance services,Citywide Service ,0.2m,05/07/2029,3678
INV78853,Street cleaning,Spotless Facility Services Pty Lhd,148251.49,27/11/23,3669
INV78854,Parking technology services,Reino International Pty Ltd T/A Duncan Solutions,201584.85,25/06/03,3623
INV78855,Building maintenance services,Programmed Facility Management Pty Ltd (AUS),"$56,512.37",2028-07-03,3630
INV78856,Building maintenance services,Programmed Facility Management Pty Ltd (AUS),0.2m,16/05/2028,3630
INV78857,Melbourne Town Hall venue management,Reino Internationab Pty Ltd T/A Duncan Solutions,0.1m,27-Apr-2028,3623
INV78858,Building cleaning services,Menzies Int’l (Aust) Pty Ltd,49448.68,11/05/2026,3634
INV78859,Tree management maintenance services,Citywide Service Solutions Pty Ltd (AUS),144357.52,27/12/30,3678
INV78860,Civil infrastructure services,Citywide,"$175,405.52",19 January 2029,3665
INV78861,Integrated security services,National Protective Servicas Pty Ltd,48263.02,17/10/2028,3686
INV78862,Open spaces management - region 2,Spotless Facility Services P/L,0.2m,10-Jan-2027,3669
INV78863,Management of Active Melbourne recreation facilities,Victorian YMCA Community Programming Pty Ltd,0.2m,24/07/2026,3615
INV78864,Building cleaning services,menzies international (aust) pty ltd,2562.29,28/11/26,3634
INV78865,Tree management maintenance services,Citywide Service Solutions Pty Ltd,0.1m,25/12/2025,3678
INV78866,Waste management services,Cleanaway Waste Management Ltd,52094.68 AUD,24 October 2028,3556
INV78867,Street cleaning,Spotless Facility Services Pty Ltd,236905.57,2025-11-05,3669
INV78868,Tree management maintenance services,citywide service solutions pty ltd,0.1m,28/06/26,3678
INV78869,Graffiti management and pressure cleaning services,CalcorpServicesPtyLtd,0.2m,27/12/30,3668
INV78870,Street cleaning,Spotless Facility Services P/L,"$157,314.0",18 December 2026,3669
INV78871,Management of Active Melbourne recreation facilities,Victorian YMCA Community Programming PtyvLtd,44558.51 AUD,13/08/2025,3615
INV78872,Tree management maintenance services,CitywideServiceSolutionsPtyLtd,15503.21,16 June 2026,3678
INV78873,Integrated security services,National Protective Services Pty Ltd (AUS),24337.78 AUD,13-Nov-2028,3686
INV78874,Street cleaning,spotless facility services pty ltd,"$149,515.47",2029-01-07,3669
INV78875,Parking technology services,Reino International Pty Ltd T/A DuncanpSolutions,180029.73,29/01/09, 
INV78876,Integrated security services,NationalProtectiveServicesPtyLtd,1463.96 AUD,11-Nov-2028, 
INV78877,Street cleaning,Spotless Facility Services Pty Ltz,"$188,185.28",03 January 2026,3669
INV78878,Management of Active Melbourne recreation facilities,Victorian  YMCA  Community  Programming  Pty  Ltd,15767.45,29/12/2027,3615
INV78879,Melbourne Town Hall venue management,Citywide Service Solutions Pty Ltd (AU),110115.32,07 September 2026,3678
INV78880,Tree management maintenance services,Citywide Service Solutions Pty Ltd,0.1m,04/12/2026,3678
INV78881,Civil infrastructure services,citywide service solutions pty ltd,115365.47,07 May 2028,3665
INV78882,Melbourne Town Hall venue management,Showtime Event Group P/L,138020.27,2027-08-25,3670
INV78883,Open spaces management - region 1,Citywide Service Solutions P/L,183586.97 AUD,2029-02-27,3676
INV78884,Management of Active Melbourne recreation facilities,Victorian YMCAmCommunity Programming Pty Ltd,0.1m,29/08/2026, 
INV78885,Melbourne Town Hall venue management,Nationwide Towing Services (AU),"$14,403.05",03-Feb-2027,3585
INV78886,Vehicle tow away and impound services,Nationwide Towing Services,0.0m,02-Jan-2026,3585
INV78887,Graffiti management and pressure cleaning services,Calcorp Serv,0.2m,14-Dec-2029,3668
INV78888,Graffiti management and pressure cleaning services,Calcorp Services Pty Ltd,126538.89,04-Jul-2029,3668
INV78889,Melbourne Town Hall venue management,Showtime Event Group Pty Ltd (AU),"$109,659.24",23-Mar-2027,3670
INV78890,Vehicle tow away and impound services,nationwide towing services,24072.51 AUD,27/10/2025,3585
INV78891,Open spaces management - region 1,Citywide Service Solutions P/L,151592.47,19/12/2027,3676
INV78892,Vehicle tow away and impound services,NationwideTowingServices,34601.07 AUD,24/05/2029,3585
INV78893,Vehicle tow away and impound services,Nationwide Towing Services,163156.14 AUD,25/11/2029,3585
INV78894,Vehicle tow away and impound services,NationwideTowingServices,18369.91,11 February 2028,3585
INV78895,Open spaces management - region 1,CitywideServiceSolutionsPtyLtd,0.2m,2029-03-25,3676
INV78896,Open spaces management - region 2,SERCO,212555.26 AUD,30/03/2028,3677
INV78897,Street cleaning,Spotless Facility Services Pty Ltd (AU),219648.87,06/05/2027,3669
INV78898,Open spaces management - region 2,SERCO (AUS),139308.25,2026-01-25,3677
INV78899,Melbourne Town Hall venue management,ShowtimeEventGroupPtyLtd,50370.85,2027-05-20,3670
INV78900,Graffiti management and pressure cleaning services,calcorp services pty ltd,170876.53 AUD,27/12/05,3668
INV78901,Civil infrastructure services,Citywide Service Solutions Pty Ltd,0.2m,13 June 2027,3665
INV78902,Open spaces management - region 2,SERCO,"$7,222.05",29-Jun-2027,3677
INV78903,Melbourne Town Hall venue management,Showtime,170099.92,27/06/09,3670
INV78904,Street cleaning,Spotless Facility Services Pty Ltd,25722.71 AUD,12/11/2028,3669
INV78905,Management of Active Melbourne recreation facilities,Victorian YMCA Community Programming Pty. Ltd.,105521.59,2027-09-11,3615
INV78906,Civil infrastructure services,Citywide Seriice Solutions Pty Ltd,"$161,425.83",2025-01-20,3665
INV78907,Vehicle tow away and impound services,Nationwide Towing Services,"$17,971.39",02-Nov-2026,3585
INV78908,Open spaces management - region 1,Citywide Service Solutions Pty Ltd,"$60,283.51",26/02/11,3676
INV78909,Open spaces management - region 1,Citywide Service Solutionx Pty Ltd,0.1m,29/04/07,3676
INV78910,Open spaces management - region 1,Citywide Service Solutions Pty Ltd,158696.48 AUD,2027-04-14,3676
INV78911,Civil infrastructure services,Citywide Service Solutions Pty Ltd,"$97,844.07",04-Sep-2028,3665
INV78912,Waste management services,Cleanaway  Waste  Management  Limited,0.2m,16-Sep-2027,3556
INV78913,Street cleaning,SPOTLESS FACILITY SERVICES PTY LTD,0.0m,05 June 2025,3669
INV78914,Graffiti management and pressure cleaning services,Calcorp Services Pty Ltd,247565.47,29/04/04,3668
INV78915,Graffiti management and pressure cleaning services,Calcorp Services Pty. Ltd.,112308.98,28/11/18,3668
INV78916,Tree management maintenance services,Calcorp Services Pty Ltd (AUS),162963.35,28/06/2026,3668
INV78917,Building cleaning services,Menzies Intl (Aust) Pty Ltd,0.0m,14-Jul-2026,3634
INV78918,Open spaces management - region 1,Citywide Service ,0.1m,23-Apr-2025,3676
INV78919,Integrated security services,National  Protective  Services  Pty  Ltd,4003.24,18-Jan-2028,3686
INV78920,Tree management maintenance services,Citywide Service Solutions Pty Ltd (AUS),"$24,526.39",21/10/2029,3678
INV78921,Vehicle tow away and impound services,Nationwide  Towing  Services,50562.26,12-Jul-2028,3585
INV78922,Parking technology services,Reino International Pty. Ltd. T/A Duncan Solutions,162136.96,06-May-2028,3623
INV78923,Waste management services,Cleanaway Waste Management Ltd,129696.94,24/12/2025,3556
INV78924,Building maintenance services,Programmed Facility Management P/L,10900.64,19/08/2027,3630
INV78925,Open spaces management - region 2,serco,"$70,109.61",2028-10-03,3677
INV78926,Management of Active Melbourne recreation facilities,Victorian,39873.89 AUD,2029-11-02,3615
INV78927,Waste management services,Cleanaway Waste Management Limited (AU),0.2m,2026-06-11,3556
INV78928,Building maintenance services,Programmed Facility Management Pty Ltd,0.2m,29/06/23,3630
INV78929,Street cleaning,Spotless Facility Services Pty. Ltd.,0.0m,08/02/2025,3669
INV78930,Graffiti management and pressure cleaning services,Calcorp  Services  Pty  Ltd,147591.31,01/08/2028,3668
INV78931,Vehicle tow away and impound services,nationwide towing services,"$88,098.97",06/04/2026,3585
INV78932,Waste management services,Clnanaway Waste Management Limited,0.1m,13 December 2027,3556
INV78933,Building maintenance services,Programmed Facility,"$2,185.76",14/12/2027,3630
INV78934,Melbourne Town Hall venue management,Showtime Event Group Pty Ltd,"$71,480.4",15/09/2028,3670
INV78935,Management of Active Melbourne recreation facilities,Victorian Ymca Community Programming Pty Ltd,55131.72,05/09/2028,3615
INV78936,Integrated security services,National,"$172,687.81",28-Aug-2025,3686
INV78937,Open spaces management - region 1,Citywide Service Solutions Pty Ltd,76734.61,27/10/08,3676
INV78938,Open spaces management - region 1,Citywide Service Solutions Pty Ltd (AU),205468.08,2028-07-31,3676
INV78939,Building cleaning services,Menzies International (Aust) Pty. Ltd.,74352.65,22/12/2029,3634
INV78940,Parking technology services,Reino Int’l Pty Ltd T/A Duncan Solutions,49298.59 AUD,13-Jun-2029,3623
INV78941,Management of Active Melbourne recreation facilities,Victorian Ymca Community Programming Pty Ltd,47810.83 AUD,29/12/03,3615
INV78942,Integrated security services,National Protectiv,200912.35 AUD,25 September 2025,3686
INV78943,Graffiti management and pressure cleaning services,calcorp services pty ltd,61490.87,02 August 2028,3668
INV78944,Integrated security services,National Protective Services Pty Ltd (AUS),190929.69 AUD,25/07/29,3686
INV78945,Open spaces management - region 2,SERCO,109887.93 AUD,29-Oct-2029,3677
INV78946,Parking technology services,Reino,195528.7,2025-12-12,3623
INV78947,Parking technology services,Reino Int’l Pty Ltd T/A Duncan Solutions,8082.31 AUD,26/06/30,3623
INV78948,Melbourne Town Hall venue management,Showtime  Event  Group  Pty  Ltd,"$189,324.96",25/04/27, 
INV78949,Open spaces management - region 1,Citywide Service Solutions Pty Ltd,242263.77,29/05/12,3676
INV78950,Open spaces management - region 1,Citywide Service Solutions Pty Ltd,56202.22,25/11/21,3676
INV78951,Open spaces management - region 1,Citywide Service Solutions Pty Ltd,221602.84,27-Nov-2028,3676
INV78952,Tree management maintenance services,Citywide Service Solutions Pty Ltd (AUS),0.0m,23/06/2027,3678
INV78953,Building cleaning services,Menzies International (Aust) P/L,135621.86 AUD,27/10/30,3634
INV78954,Management of Active Melbourne recreation facilities,Victorian YMCA Community Programming Pty Ltd,127145.64,05/01/2025, 
INV78955,Civil infrastructure services,Citywide Service Solutions Pty Ltd,160040.98 AUD,11-Aug-2028,3665
INV78956,Integrated security services,Nationwide Towing Services (AU),"$182,403.77",16/10/2026,3585
INV78957,Vehicle tow away and impound services,NationwideTowingServices,133013.64,26/10/29,3585
INV78958,Parking technology services,Showtime Event Group Pty Ltd,"$184,486.74",15/09/2028,3670
INV78959,Vehicle tow away and impound services,Nationwide Towing Services,16705.45 AUD,28/02/10,3585
INV78960,Building maintenance services,PROGRAMMED FACILITY MANAGEMENT PTY LTD,0.1m,12/12/2025,3630
INV78961,Street cleaning,Spotless Facility Services Pty. Ltd.,7644.93,,3669
INV78962,Parking technology services,Reino Int’l Pty Ltd T/A Duncan Solutions,107021.85 AUD,06-Mar-2026,3623
INV78963,Open spaces management - region 1,Citywide Service Solutions Pty Ltd (AUS),0.2m,18-Jul-2025,3676
INV78964,Open spaces management - region 2,SERCO,150853.41,2029-06-09,3677
INV78965,Parking technology services,ReinoInternationalPtyLtdT/ADuncanSolutions,129115.28,28-Nov-2029,3623
INV78966,Vehicle tow away and impound services,Nationwide,0.1m,06/05/2025,3585
INV78967,Melbourne Town Hall venue management,Showtime Evqnt Group Pty Ltd,"$241,757.51",17-Aug-2028,3670
INV78968,Tree management maintenance services,Citywide Service Solutions Pty Ltd (AU),21328.53,22/08/2025,3678
INV78969,Street cleaning,Spotless Facility Services P/L,0.2m,31/05/2027,3669
INV78970,Melbourne Town Hall venue management,Showtime Event Group Pty Ltd (AUS),0.2m,15/10/2025,3670
INV78971,Integrated security services,National Protective Services Pty Ltd (AU),"$246,825.36",29-Aug-2028,3686
INV78972,Melbourne Town Hall venue management,Showtime Event Group Pty Ltd,"$117,317.99",25/02/18,3670
INV78973,Civil infrastructure services,citywide service solutions pty ltd,"$6,316.44",2026-12-27,3665
INV78974,Street cleaning,Spotless Facility Services Pty. Ltd.,"$134,118.36",29/05/02,3669
INV78975,Tree management maintenance services,Citywide  Service  Solutions  Pty  Ltd,198658.5,03/08/2027,3678
INV78976,Civil infrastructure services,Citywide Service Solutions Pty Ltd,"$223,327.23",09/11/2025,3665
INV78977,Parking technology services,ReinoInternationalPtyLtdT/ADuncanSolutions,"$202,729.91",26/09/2029,3623
INV78978,Building cleaning services,Menzies International (Aust) Pty Ltd (AUS),111211.16 AUD,29/10/13,3634
INV78979,Melbourne Town Hall venue management,Showtime Event Group Pty. Ltd.,175474.16 AUD,2025-09-20,3670
INV78980,Management of Active Melbourne recreation facilities,VICTORIAN YMCA COMMUNITY PROGRAMMING PTY LTD,31475.92,2029-02-09,3615
INV78981,Management of Active Melbourne recreation facilities,Victorian YMCA Community Programming Pty. Ltd.,"$225,553.93",18/12/2029,3615
INV78982,Parking technology services,Reino Internatkonal Pty Ltd T/A Duncan Solutions,"$100,169.59",10/10/2027,3623
INV78983,Waste management services,cleanaway waste management limited,"$148,639.77",28 June 2028,3556
INV78984,Tree management maintenance services,Spotless Facility Services Pty Ltd,67389.4,02/03/2026,3669
INV78985,Parking technology services,Reino International Pty Ltd T/A Duncan Solutions,135719.44,05-May-2027,3623
INV78986,Vehicle tow away and impound services,Nationwide Towing Services,"$97,280.25",16/10/2028,3585
INV78987,Street cleaning,SpotlessFacilityServicesPtyLtd,154834.53 AUD,27-Jul-2026,3669
INV78988,Civil infrastructure services,Citywide Service Solutions Pty Ltd (AUS),75193.86 AUD,09/10/2029,3665
INV78989,Parking technology services,reino international pty ltd t/a duncan solutions,0.2m,2029-05-24,3623
INV78990,Building maintenance services,ProgrammedFacilityManagementPtyLtd,188888.4,23-Nov-2026,3630
INV78991,Open spaces management - region 1,Citywide Service Solutions Pty Ltd,193475.36,19 November 2029,3676
INV78992,Building cleaning services,Menzies International (Aust) Pty Ltd,0.2m,08 October 2028,3634
INV78993,Open spaces management - region 2,SERCO,"$224,935.37",2027-09-06,3677
INV78994,Melbourne Town Hall venue management,Showtime Event Group Pty Ltd,0.1m,22/10/2029,3670
INV78995,Civil infrastructure services,Citywide Service Solutions Pty Ltd (AUS),182544.61,19/04/2027,3665
INV78996,Vehicle tow away and impound services,NATIONWIDE TOWING SERVICES,158525.74 AUD,20/07/2029,3585
INV78997,Melbourne Town Hall venue management,Showtime Event Group P/L,0.1m,26/12/04,3670
INV78998,Waste management services,Clecnaway Waste Management Limited,220514.44,2028-09-10,3556
INV78999,Management of Active Melbourne recreation facilities,Victorian Ymca Community Programming Pty Ltd,0.0m,30/11/2028,3615
INV79000,Waste management services,CleanawayWasteManagementLimited,20819.91 AUD,03/04/2028,3556
