InvoiceID,ContractTitle,Provider,InvoiceAmount,InvoiceDate,ContractNumber
INV315001,Parking technology services,Reino International Pty Ltd T/A Duncan Solutions,151043.41,25-Jul-2029,3623
INV315002,Building cleaning services,Menzies Internationag (Aust) Pty Ltd,23516.31,20 July 2026,3634
INV315003,Management of Active Melbourne recreation facilities,Victorian  YMCA  Community  Programming  Pty  Ltd,"$67,315.17",24/02/2028,3615
INV315004,Waste management services,CleanawayWasteManagementLimited,195302.98,28/07/06,3556
INV315005,Building cleaning services,Menzies Internationtl (Aust) Pty Ltd,0.2m,09 February 2028,3634
INV315006,Open spaces management - region 2,SERCO,120990.14,29/03/2026,3677
INV315007,Open spaces management - region 1,Citywide Service Solutions Pty Ltd,128578.64,02-Oct-2029,3676
INV315008,Management of Active Melbourne recreation facilities,Victorian YMCA Community Programming Pty Ltd (AUS),0.0m,04-Jun-2029,3615
INV315009,Building maintenance services,Programmed Facility Management Pty Ltd,0.0m,27-Feb-2026,3630
INV315010,Management of Active Melbourne recreation facilities,Victorian YMCA Community Programming P/L,"$240,517.03",2028-04-19,3615
INV315011,Vehicle tow away and impound services,NATIONWIDE TOWING SERVICES,232660.31,28/10/12,3585
INV315012,Tree management maintenance services,Citywide Service Solutions Pty Ltd (AU),,2027-04-02,3678
INV315013,Management of Active Melbourne recreation facilities,Victorian YMCA Community Programming P/L,"$158,642.21",13/01/2028,3615
INV315014,Civil infrastructure services,Citywide Service Solutions Pty Ltd,0.2m,30-Jul-2029,3665
INV315015,Integrated security services,National Protective Services Pty Ltd,0.1m,01/12/2026,3686
INV315016,Waste management services,Cleanaway Waste Management Limitpd,88797.8,08 November 2029,3556
INV315017,Building maintenance services,programmed facility management pty ltd,"$99,787.79",04-Dec-2028,3630
INV315018,Civil infrastructure services,Citywide Service Solutions Pty Ltd,"$185,559.59",28/06/12,3665
INV315019,Tree management maintenance services,Citywide Service Solutionh Pty Ltd,"$34,982.54",2027-12-31,3678
INV315020,Open spaces management - region 1,Citywide Service Solutions Pty Ltd,"$15,542.25",10/07/2029,3676
INV315021,Waste management services,Cleanaway Waste M,0.0m,06/11/2028,3556
INV315022,Tree management maintenance services,Citywide Service ,193578.98 AUD,12/10/2029,3678
INV315023,Parking technology services,Reino International Pty. Ltd. T/A Duncan Solutions,0.2m,10-Sep-2027,3623
INV315024,Waste management services,CitywideServiceSolutionsPtyLtd,113629.97 AUD,25/08/21,3678
INV315025,Waste management services,Cleanaway Waste Management Limited,5766.13,28/02/03,3556
INV315026,Graffiti management and pressure cleaning services,Calcorp Services Pty Ltd (AU),"$200,202.12",26/11/08,3668
INV315027,Building cleaning services,Menzies,"$16,070.38",22 April 2029,3634
INV315028,Building maintenance services,programmed facility management pty ltd,86651.25,11 April 2028,3630
INV315029,Parking technology services,SERCO,0.2m,2027-09-14,3677
INV315030,Tree management maintenance services,citywide service solutions pty ltd,"$94,010.39",27/05/2029,3678
INV315031,Integrated security services,national protective services pty ltd,"$202,560.4",2027-01-25,3686
INV315032,Integrated security services,National Protective Services Pty. Ltd.,55305.57,26-May-2028,3686
INV315033,Street cleaning,Spotless Facility Services P/L,121406.46,19/06/2025, 
INV315034,Parking technology services,Reino International Pts Ltd T/A Duncan Solutions,"$182,323.53",06-Apr-2029,3623
INV315035,Open spaces management - region 2,SERCO,0.2m,11-Apr-2025,3677
INV315036,Open spaces management - region 2,Serco,"$56,460.38",20/06/2026,3677
INV315037,Building cleaning services,Showtime Event Group Pty Ltd (AUS),"$190,790.45",29/08/2026,3670
INV315038,Vehicle tow away and impound services,Nationwide  Towing  Services,0.2m,27/09/13,3585
INV315039,Waste management services,CLEANAWAY WASTE MANAGEMENT LIMITED,0.2m,30/01/2029,3556
INV315040,Graffiti management and pressure cleaning services,Calcorp Services Pty. Ltd.,239023.15,05/09/2025,3668
INV315041,Melbourne Town Hall venue management,Showtime Event,0.2m,2026-04-02,3670
INV315042,Street cleaning,Spotless Facility Services Pty Ltd,218063.66,27-Oct-2027,3669
INV315043,Street cleaning,Spotless Fasility Services Pty Ltd,115274.48,27/03/2026,3669
INV315044,Civil infrastructure services,Citywide  Service  Solutions  Pty  Ltd,75015.56,13 January 2025,3665
INV315045,Open spaces management - region 2,SERCO,243132.86,21/11/2027,3677
INV315046,Open spaces management - region 2,serco,0.2m,03/05/2026,3677
INV315047,Tree management maintenance services,Citywide Service Solutions P/L,"$71,852.99",02 January 2027,3678
INV315048,Parking technology services,Reino International Pty. Ltd. T/A Duncan Solutions,0.1m,06/08/2025,3623
INV315049,Tree management maintenance services,Citywide  Service  Solutions  Pty  Ltd,158723.83 AUD,2029-06-08,3678
INV315050,Waste management services,cleanaway waste management limited,17750.85,26/04/2025,3556
INV315051,Tree management maintenance services,Citywide Service Solutions Pty Ltd,130287.71,2026-11-14,3678
INV315052,Building maintenance services,Programmed Facility Management Pty Ltd,247351.23,05/03/2025,3630
INV315053,Tree management maintenance services,Citywide Service Solutions Pty Ltd,"$129,133.43",28-Mar-2026,3678
INV315054,Street cleaning,Spotless Facility Services Pty Ltd,"$86,020.72",24 December 2028,3669
INV315055,Street cleaning,Spotless Facility Services Pty Ltd,0.0m,04/03/2027,3669
INV315056,Melbourne Town Hall venue management,Showtime Event Group Pty Ltd (AUS),89198.94,20-Oct-2026, 
INV315057,Integrated security services,National Protective Services Pty. Ltd.,189882.11,2025-08-09, 
INV315058,Waste management services,Cloanaway Waste Management Limited,193899.92,15/09/2025,3556
INV315059,Vehicle tow away and impound services,Nationwide Towing Services,0.0m,23 December 2028,3585
INV315060,Street cleaning,SpotlessgFacility Services Pty Ltd,0.2m,25/02/22,3669
INV315061,Civil infrastructure services,SERCO,62043.58,19/05/2027,3677
INV315062,Open spaces management - region 1,Citywide  Service  Solutions  Pty  Ltd,171480.57,25/07/15,3676
INV315063,Tree management maintenance services,Citywide Service Solutions P/L,21871.72,19/10/2025,3678
INV315064,Melbourne Town Hall venue management,Showtime Event Group Pty Ltd,209577.9 AUD,26/04/20,3670
INV315065,Open spaces management - region 2,SERCO,224157.18,02/08/2025,3677
INV315066,Melbourne Town Hall venue management,SHOWTIME EVENT GROUP PTY LTD,7394.18 AUD,28 November 2025,3670
INV315067,Integrated security services,National Protective Services Pty Ltd,43122.88,2027-02-12,3686
INV315068,Integrated security services,National Protective Services Pty Ltd,0.1m,28 July 2025,3686
INV315069,Tree management maintenance services,citywide service solutions pty ltd,0.2m,20-Sep-2026,3678
INV315070,Open spaces management - region 2,SERCO,6434.52,08/09/2025,3677
INV315071,Vehicle tow away and impound services,Nationwide To,218902.47,14 January 2026,3585
INV315072,Parking technology services,Reino International Pty Ltd T/A Duncan Solutions (AU),"$182,930.09",2026-03-29,3623
INV315073,Waste management services,Cleanaway Waste Management Limited (AU),"$157,674.62",31 October 2026,3556
INV315074,Street cleaning,Spotless Facility Services Pty. Ltd.,"$131,490.93",2025-08-03,3669
INV315075,Tree management maintenance services,citywide service solutions pty ltd,160089.05,2028-02-07,3678
INV315076,Waste management services,Cleanaway  Waste  Management  Limited,10652.44 AUD,29/07/06,3556
INV315077,Vehicle tow away and impound services,Nationwide Towing Services (AU),0.1m,13/12/2027,3585
INV315078,Melbourne Town Hall venue management,Showtime Event Group Pty Ltd (AU),196445.28,17/12/2029,3670
INV315079,Vehicle tow away and impound services,Nationwide Towing Services,"$247,548.69",10-Sep-2028,3585
INV315080,Management of Active Melbourne recreation facilities,Victorian YMCA Community Programming Pty Ltd,199320.16,17/04/2027,3615
INV315081,Civil infrastructure services,Citywide Service Solutions Pty Ltd (AU),"$240,583.2",20-Jan-2027,3665
INV315082,Open spaces management - region 1,Citywide Service Solutions Pty Ltd (AUS),"$78,690.19",29/08/2029,3676
INV315083,Parking technology services,Reino  International  Pty  Ltd  T/A  Duncan  Solutions,0.1m,13/10/2028,3623
INV315084,Melbourne Town Hall venue management,Showtime Event Group Pty Ltd,"$11,919.96",10-Aug-2028,3670
INV315085,Open spaces management - region 2,SERCO,0.2m,21/06/2028,3677
INV315086,Waste management services,Cleanaway Waste Management Limited (AU),0.1m,21/11/2029,3556
INV315087,Melbourne Town Hall venue management,Showtime Event Group Pty Ltd (AUS),0.1m,09-Apr-2025,3670
INV315088,Open spaces management - region 2,Nationwide Towing Services (AU),2821.82 AUD,11 August 2025,3585
INV315089,Open spaces management - region 1,Citywide Service Solutions Pty Ltd (AUS),167276.8 AUD,26 April 2028,3676
INV315090,Parking technology services,Reino Intl Pty Ltd T/A Duncan Solutions,106141.88,16/02/2029,3623
INV315091,Civil infrastructure services,Citywide Servhce Solutions Pty Ltd,"$248,691.64",02-Jan-2025,3665
INV315092,Building maintenance services,Programmed Facility,0.2m,17 December 2028,3630
INV315093,Waste management services,Calcorp Services Pty Ltd,"$13,639.57",2027-03-11,3668
INV315094,Graffiti management and pressure cleaning services,Calcorp Services P/L,137987.03 AUD,2025-07-26,3668
INV315095,Open spaces management - region 2,Serco,230356.14,03-Oct-2026,3677
INV315096,Building maintenance services,Programmed Facility Management Pty Ltd,233718.41,31/12/2025,3630
INV315097,Waste management services,Cleanaway Waste M,"$187,866.4",25/06/16,3556
INV315098,Open spaces management - region 1,Citywide Service Solutions Pty Ltd (AUS),"$246,789.9",31 July 2028,3676
INV315099,Building maintenance services,programmed facility management pty ltd,147474.69 AUD,27/04/2026,3630
INV315100,Civil infrastructure services,Citywide Service Solutions Pty Ltd,61373.85,2028-12-20,3665
INV315101,Open spaces management - region 1,citywide service solutions pty ltd,0.1m,03/11/2027,3676
INV315102,Parking technology services,Reino International Pty Ltd T/A Duncan Solutions,0.2m,24-Jun-2026,3623
INV315103,Building cleaning services,Menzies,137337.79,07 September 2027,3634
INV315104,Building maintenance services,Programmed Facility Mgmt Pty Ltd,0.1m,05/03/2026, 
INV315105,Parking technology services,Reino International Pty ,183384.71,20/06/2028, 
INV315106,Open spaces management - region 1,CitywideServiceSolutionsPtyLtd,"$103,413.55",2029-04-23,3676
INV315107,Open spaces management - region 1,Citywide Service Solutions Pty Ltd,162062.13 AUD,01/11/2027,3676
INV315108,Street cleaning,Spotless,82964.6 AUD,25-Mar-2027,3669
INV315109,Open spaces management - region 1,Citywide Service Solutions Pty Ltd (AU),0.1m,02 September 2028,3676
INV315110,Waste management services,Cleanaway  Waste  Management  Limited,237129.9,,3556
INV315111,Waste management services,CLEANAWAY WASTE MANAGEMENT LIMITED,0.1m,27/09/2026,3556
INV315112,Integrated security services,Serco,0.0m,31-Aug-2028,3677
INV315113,Civil infrastructure services,Nagionwide Towing Services,244459.0,2026-01-11,3585
INV315114,Open spaces management - region 2,Serco,"$172,589.09",22 June 2027,3677
INV315115,Parking technology services,ReinoInternationalPtyLtdT/ADuncanSolutions,46020.5 AUD,11 March 2027,3623
INV315116,Civil infrastructure services,Citywide Service Solutions Pty Ltd,0.2m,21/04/2029,3665
INV315117,Tree management maintenance services,Victorian YMCA Community Programming Pty Ltd,222229.15 AUD,28/09/11,3615
INV315118,Tree management maintenance services,Citywide Service Solutions P/L,240136.13,23/12/2028,3678
INV315119,Management of Active Melbourne recreation facilities,Victorian YMCA Community Programming Pty Ltd,175902.5,01/05/2025,3615
INV315120,Management of Active Melbourne recreation facilities,Victorian YMCA fommunity Programming Pty Ltd,36972.61,29/02/2028,3615
INV315121,Integrated security services,National Protective Services P/L,0.0m,10/08/2027,3686
INV315122,Management of Active Melbourne recreation facilities,Victorian YMCA Comlunity Programming Pty Ltd,173879.81,15/03/2025,3615
INV315123,Melbourne Town Hall venue management,Showtime  Event  Group  Pty  Ltd,"$118,329.43",28/12/02,3670
INV315124,Integrated security services,National Protective Services P/L,160911.15,28/05/27,3686
INV315125,Open spaces management - region 1,Citywide Service Solutions P/L,"$1,129.12",2029-02-20,3676
INV315126,Street cleaning,Spotless  Facility  Services  Pty  Ltd,105239.26,28/02/29,3669
INV315127,Graffiti management and pressure cleaning services,calcorp services pty ltd,0.2m,27/08/22,3668
INV315128,Melbourne Town Hall venue management,Showtime Event Group PtyxLtd,0.2m,17/01/2028,3670
INV315129,Street cleaning,Spotless Facility Services P/L,0.0m,27/04/21,3669
INV315130,Management of Active Melbourne recreation facilities,VICTORIAN YMCA COMMUNITY PROGRAMMING PTY LTD,$711.13,28/01/2028,3615
INV315131,Building maintenance services,CLEANAWAY WASTE MANAGEMENT LIMITED,56459.12,25/03/01,3556
INV315132,Parking technology services,Reino International Pty Ltd T/A Duncan Solutions,108018.33,22/11/2029,3623
INV315133,Open spaces management - region 2,SERCO,87677.31,, 
INV315134,Vehicle tow away and impound services,Nationwide Towing Services,37086.38,29/07/10,3585
INV315135,Open spaces management - region 2,SERCO,246786.49,16/09/2026,3677
INV315136,Parking technology services,reino international pty ltd t/a duncan solutions,236537.87,09-Jun-2025,3623
INV315137,Street cleaning,Spotless Facility Services Pty Ltd,"$224,449.01",16/12/2026,3669
INV315138,Street cleaning,Spotless Facility Services Pty. Ltd.,119326.9,30/05/2025,3669
INV315139,Tree management maintenance services,citywide service solutions pty ltd,"$191,355.83",28-Jul-2029,3678
INV315140,Parking technology services,Reino  International  Pty  Ltd  T/A  Duncan  Solutions,66916.71,26/04/16,3623
INV315141,Waste management services,Cleanaway Waste Mgmt Limited,88066.6,12/12/2028,3556
INV315142,Melbourne Town Hall venue management,Showtime Event Group Pty Ltd,85120.15 AUD,10/11/2029,3670
INV315143,Tree management maintenance services,Citywide ServicexSolutions Pty Ltd,31672.99 AUD,02-Dec-2029,3678
INV315144,Civil infrastructure services,Citywide Service Solutions Pty. Ltd.,,2028-02-11, 
INV315145,Tree management maintenance services,Citywide,0.2m,22/05/2027, 
INV315146,Open spaces management - region 2,SERCO,"$45,176.33",18 March 2025,3677
INV315147,Parking technology services,Reino International Pty ,26571.37,20/04/2028,3623
INV315148,Street cleaning,Spotless Facility Services Pty Ltd (AU),89479.45,13 October 2028,3669
INV315149,Civil infrastructure services,Citywide Service Solutions Pty. Ltd.,"$234,968.54",14/08/2026,3665
INV315150,Management of Active Melbourne recreation facilities,Showtime Event Group Pty Ltd,158255.32 AUD,2028-07-25, 
INV315151,Management of Active Melbourne recreation facilities,Victorian YMCA Community Programming Pty Ltd (AU),"$74,758.85",30 August 2026,3615
INV315152,Vehicle tow away and impound services,Nationwide Towing Services,16237.57,29/01/02,3585
INV315153,Integrated security services,National Protective Services P/L,"$245,085.44",2029-04-15,3686
INV315154,Melbourne Town Hall venue management,Showtime  Event  Group  Pty  Ltd,"$126,849.83",31/01/2025,3670
INV315155,Tree management maintenance services,MENZIES INTERNATIONAL (AUST) PTY LTD,48426.43,28/01/2029,3634
INV315156,Management of Active Melbourne recreation facilities,VictorianYMCACommunityProgrammingPtyLtd,"$65,392.71",12-Jun-2025,3615
INV315157,Management of Active Melbourne recreation facilities,victorian ymca community programming pty ltd,0.0m,29/05/02,3615
INV315158,Melbourne Town Hall venue management,Showtime Event Group Pty Ltd,238350.09,02/03/2026,3670
INV315159,Tree management maintenance services,Citywide Service Solutions Pty Ltd,111872.44 AUD,27/12/20,3678
INV315160,Building cleaning services,Menzies Intl (Aust) Pty Ltd,14743.13 AUD,18/09/2027,3634
INV315161,Open spaces management - region 1,Citywide,"$127,449.27",02-Feb-2025,3676
INV315162,Street cleaning,spotless facility services pty ltd,"$98,636.82",25/01/21,3669
INV315163,Waste management services,cleanaway waste management limited,51176.3,2026-09-21,3556
INV315164,Integrated security services,National Protective Services Pty Ltd,"$117,161.32",18/04/2029,3686
INV315165,Open spaces management - region 2,SERvO,0.2m,21/04/2029,3677
INV315166,Street cleaning,Spotwess Facility Services Pty Ltd,"$80,010.96",14 January 2026,3669
INV315167,Melbourne Town Hall venue management,Showtime Event Group Pty Ltd (AUS),187225.78,13/03/2025,3670
INV315168,Graffiti management and pressure cleaning services,Calcorp Services Pty Ltd,176048.02,16/08/2029,3668
INV315169,Graffiti management and pressure cleaning services,Calcorp Serv,186411.35,2026-01-07,3668
INV315170,Parking technology services,Reino International Pty ,193997.48,2026-01-04,3623
INV315171,Civil infrastructure services,CITYWIDE SERVICE SOLUTIONS PTY LTD,8955.4,18 January 2028, 
INV315172,Waste management services,CleanawayWasteManagementLimited,241718.82 AUD,09 July 2026,3556
INV315173,Building maintenance services,Programmed Facility Management Pty. Ltd.,0.1m,05-Oct-2028, 
INV315174,Vehicle tow away and impound services,Nationwide,73356.3,22-Jan-2029,3585
INV315175,Integrated security services,NationalProtectiveServicesPtyLtd,148722.89 AUD,19/12/2028,3686
INV315176,Integrated security services,National Protectiv,213038.86 AUD,2025-11-22,3686
INV315177,Waste management services,Cleanaway Waste Management Limited (AU),73533.84,2029-08-03,3556
INV315178,Building cleaning services,nationwide towing services,212774.35 AUD,10/10/2029,3585
INV315179,Parking technology services,Reino International Pty Ltd T/A Duncan Solutions,"$64,503.52",09 May 2029,3623
INV315180,Civil infrastructure services,Citywide Service Solutions Pty Ltd,23922.66,16 June 2026,3665
INV315181,Building maintenance services,Programmed Facility Management P/L,202745.58,26/03/31,3630
INV315182,Waste management services,Cleanaway,247703.88,25 December 2026,3556
INV315183,Vehicle tow away and impound services,NationwideTowingServices,160668.77,04 January 2028,3585
INV315184,Integrated security services,National Protective Services P/L,91785.51,27/10/27,3686
INV315185,Tree management maintenance services,Citywide Service Solutions Pty Ltd,140915.42 AUD,2029-01-05,3678
INV315186,Waste management services,Cleanaway Waste Management Limited,141080.86,2029-08-04,3556
INV315187,Civil infrastructure services,Citywide Service Solutions Pty Ltd,54160.62,25/02/17,3665
INV315188,Civil infrastructure services,CITYWIDE SERVICE SOLUTIONS PTY LTD,202727.25 AUD,03/02/2026,3665
INV315189,Integrated security services,National Protectiv,223831.21,2025-09-14,3686
INV315190,Management of Active Melbourne recreation facilities,Victorian YMCA Community Programming Pty. Ltd.,78918.2 AUD,25 January 2027,3615
INV315191,Open spaces management - region 1,Cioywide Service Solutions Pty Ltd,0.2m,06 November 2028,3676
INV315192,Graffiti management and pressure cleaning services,Calcorp Services Pty Ltd (AUS),0.2m,2028-12-28,3668
INV315193,Parking technology services,Reino International Pty Ltd T/A Duncan Solutions (AU),"$135,363.72",09/07/2026,3623
INV315194,Building maintenance services,Programmed Facility Management Pty Ltd (AUS),224541.8,25/04/13,3630
INV315195,Street cleaning,Spotless Facility Services P/L,56137.16,17/12/2029, 
INV315196,Waste management services,CleanawayWasteManagementLimited,166755.75,30/04/2025,3556
INV315197,Graffiti management and pressure cleaning services,Calcorp Services Pty Ltd (AU),"$187,312.94",08/11/2026,3668
INV315198,Civil infrastructure services,Citywide Service Solutions P/L,0.0m,27/06/30,3665
INV315199,Building cleaning services,Menzies International (Aust) Pty Ltd,131586.6 AUD,2026-03-17,3634
INV315200,Integrated security services,National Protective Services P/L,53377.94,2026-04-01,3686
INV315201,Tree management maintenance services,CitywideServiceSolutionsPtyLtd,131954.84,25/12/01,3678
INV315202,Vehicle tow away and impound services,Nationwide Towing Services,164289.2 AUD,28/11/20,3585
INV315203,Parking technology services,REINO INTERNATIONAL PTY LTD T/A DUNCAN SOLUTIONS,183154.09 AUD,14/11/2028,3623
INV315204,Civil infrastructure services,Citywide Service Solutions Pty. Ltd.,111686.72,2025-01-25,3665
INV315205,Civil infrastructure services,Citywide Service ,"$25,099.19",2026-07-22,3665
INV315206,Melbourne Town Hall venue management,Showtime Event Group P/L,"$148,981.59",09 July 2029,3670
INV315207,Graffiti management and pressure cleaning services,Calcorp Services Pty Ltd (AU),187270.1,20/02/2026,3668
INV315208,Vehicle tow away and impound services,Nationwide Towing Serviczs,212943.89 AUD,21 August 2026,3585
INV315209,Open spaces management - region 1,Citywide Service Solutions Pty Ltd,4260.9,28/10/30,3676
INV315210,Parking technology services,Reino,117590.17,19/08/2028,3623
INV315211,Parking technology services,Reino International Pty Ltd T/A Duncan Solutions (AU),"$54,745.32",,3623
INV315212,Waste management services,cleanaway waste management limited,0.0m,09/08/2026,3556
INV315213,Integrated security services,National Protective Services Pgy Ltd,30351.54,19-Apr-2028,3686
INV315214,Vehicle tow away and impound services,Nationwide Towing Services,34351.37 AUD,06 September 2027,3585
INV315215,Parking technology services,Reino International Pty. Ltd. T/A Duncan Solutions,151761.0,30/07/2026,3623
INV315216,Melbourne Town Hall venue management,SHOWTIME EVENT GROUP PTY LTD,"$143,164.6",29/01/21,3670
INV315217,Tree management maintenance services,Citywide Service Solutions Pty Ltd (AUS),167775.75 AUD,22/12/2027,3678
INV315218,Open spaces management - region 1,Citywide Service Solutions Pty Ltd,207271.38,2027-03-22,3676
INV315219,Waste management services,Cleanaway Waste Management Ltd,187249.72,04 June 2028,3556
INV315220,Graffiti management and pressure cleaning services,Calcorp Services Pty Ltd (AUS),170398.44,2028-07-12,3668
INV315221,Building cleaning services,Menzies Int’l (Aust) Pty Ltd,245115.3 AUD,23 January 2026,3634
INV315222,Building cleaning services,Menzies International (Aust) Pty Ltd (AUS),0.2m,,3634
INV315223,Parking technology services,Reino Intl Pty Ltd T/A Duncan Solutions,0.0m,16/07/2029,3623
INV315224,Tree management maintenance services,CITYWIDE SERVICE SOLUTIONS PTY LTD,225751.25,27/11/2026,3678
INV315225,Melbourne Town Hall venue management,Showtime  Event  Group  Pty  Ltd,177131.73,2026-07-24,3670
INV315226,Waste management services,Cleanaway Waste M,0.1m,27-May-2027,3556
INV315227,Melbourne Town Hall venue management,showtime event group pty ltd,125297.55,21-Jun-2029,3670
INV315228,Parking technology services,Reino International Pty Ltd T/A Duncan Solutions (AUS),"$74,025.54",08/03/2026,3623
INV315229,Open spaces management - region 2,SERCO,171969.38,19/10/2026,3677
INV315230,Building cleaning services,Menzies International (Aust) Pty. Ltd.,0.2m,2025-02-19,3634
INV315231,Melbourne Town Hall venue management,Showtime Event Group Pty Ltd (AUS),179090.33 AUD,29/03/05,3670
INV315232,Parking technology services,Reino International P/L T/A Duncan Solutions,211450.25,24/02/2027,3623
INV315233,Vehicle tow away and impound services,Nationwide Towing Services,199509.23 AUD,30/05/2029,3585
INV315234,Graffiti management and pressure cleaning services,Calcorp Serv,103828.64 AUD,02/04/2026, 
INV315235,Civil infrastructure services,Citywide  Service  Solutions  Pty  Ltd,0.1m,25/10/15,3665
INV315236,Parking technology services,Reino International Pty Ltd T/A Duncan Solutions,"$118,513.11",10/09/2029,3623
INV315237,Management of Active Melbourne recreation facilities,Victorian YMgA Community Programming Pty Ltd,0.2m,04/07/2029,3615
INV315238,Street cleaning,Spotless  Facility  Services  Pty  Ltd,32346.34,25/02/17,3669
INV315239,Waste management services,Cleanaway Waste Management Ltd,147046.45 AUD,2025-05-27,3556
INV315240,Melbourne Town Hall venue management,Showtime Event Group Pty Ltd,108095.46,14 July 2028, 
INV315241,Graffiti management and pressure cleaning services,calcorp services pty ltd,0.2m,20/08/2025, 
INV315242,Civil infrastructure services,CITYWIDE SERVICE SOLUTIONS PTY LTD,"$174,603.04",22 February 2028,3665
INV315243,Vehicle tow away and impound services,SERCO,198527.51,25 September 2028,3677
INV315244,Melbourne Town Hall venue management,Showtime Event Group Pty Ltd,"$117,293.73",2027-03-17,3670
INV315245,Waste management services,Cleanaway Waste Mgmt Limited,22129.77,2027-08-07, 
INV315246,Open spaces management - region 2,SERCO (AUS),35497.41,26 April 2029,3677
INV315247,Parking technology services,reino international pty ltd t/a duncan solutions,122312.2 AUD,2027-04-15,3623
INV315248,Tree management maintenance services,Citywide Service Solutions Pty Ltd (AUS),174902.72,13/11/2029,3678
INV315249,Building cleaning services,Menzies Int’l (Aust) Pty Ltd,136532.12,03/02/2028,3634
INV315250,Waste management services,Cleanaway,78306.62,13 August 2026,3556
INV315251,Vehicle tow away and impound services,Nationwide Towing Services (AU),167640.43 AUD,04/12/2029,3585
INV315252,Open spaces management - region 2,SERCO,0.2m,27/05/21,3677
INV315253,Building cleaning services,Menzies International (Aust) Pty Ltd (AU),85096.38,2026-01-02,3634
INV315254,Open spaces management - region 1,Citywide  Service  Solutions  Pty  Ltd,180548.69 AUD,26/02/04,3676
INV315255,Street cleaning,Spotless  Facility  Services  Pty  Ltd,24503.42,13 October 2026,3669
INV315256,Management of Active Melbourne recreation facilities,Victorian YMCA Community Programming Pty Ltd (AU),117109.1,20/03/2027,3615
INV315257,Street cleaning,Spotless Facility Services P/L,71007.82 AUD,2029-06-06,3669
INV315258,Melbourne Town Hall venue management,ShowtimeEventGroupPtyLtd,176343.91 AUD,28-Apr-2025,3670
INV315259,Open spaces management - region 2,SERCO,"$248,458.91",28-Jun-2027,3677
INV315260,Melbourne Town Hall venue management,Showtime Event Group P/L,89868.73,20/12/2026,3670
INV315261,Waste management services,Cleanaway Waste Management LTD,"$178,392.17",29-Jul-2029,3556
INV315262,Waste management services,Cleanaway,19333.15,28/08/03,3556
INV315263,Integrated security services,national protective services pty ltd,0.0m,06-Aug-2028,3686
INV315264,Vehicle tow away and impound services,NATIONWIDE TOWING SERVICES,188912.3,17/12/2026,3585
INV315265,Open spaces management - region 2,serco,197220.56,25/11/02,3677
INV315266,Management of Active Melbourne recreation facilities,Victorian YMCA Community Programming Pty. Ltd.,"$118,687.6",11-Jan-2029,3615
INV315267,Building maintenance services,PROGRAMMED FACILITY MANAGEMENT PTY LTD,"$205,433.28",26-Feb-2028, 
INV315268,Integrated security services,National Protectiv,174531.48 AUD,15 August 2029,3686
INV315269,Integrated security services,National Protective Services Pty. Ltd.,235464.66,31/03/2028,3686
INV315270,Vehicle tow away and impound services,PROGRAMMED FACILITY MANAGEMENT PTY LTD,0.1m,05/08/2028,3630
INV315271,Building maintenance services,Programmed Facility Mancgement Pty Ltd,"$140,393.15",26/10/22,3630
INV315272,Open spaces management - region 2,SERCO,0.1m,15/01/2025,3677
INV315273,Civil infrastructure services,CITYWIDE SERVICE SOLUTIONS PTY LTD,20492.95 AUD,02/10/2026,3665
INV315274,Open spaces management - region 2,Serco,0.2m,11 January 2026,3677
INV315275,Melbourne Town Hall venue management,Showtime,85418.33,28/06/15,3670
INV315276,Building maintenance services,Programmed Facility Management Pty Ltd (AUS),133529.07,15 April 2025,3630
INV315277,Open spaces management - region 1,CITYWIDE SERVICE SOLUTIONS PTY LTD,"$85,452.71",05-Sep-2029,3676
INV315278,Open spaces management - region 2,SERCO,218164.05,27/04/24,3677
INV315279,Open spaces management - region 2,SERCO (AU),"$227,802.4",30 October 2028,3677
INV315280,Building maintenance services,programmed facility management pty ltd,237194.64,2026-10-08,3630
INV315281,Building cleaning services,Menzies,1722.54,28/12/25,3634
INV315282,Integrated security services,National Protectiv,198031.41,01 February 2028,3686
INV315283,Graffiti management and pressure cleaning services,Calcorp Services Pty Ltd (AUS),196911.88 AUD,18/10/2025,3668
INV315284,Vehicle tow away and impound services,Nationwide To,112331.44 AUD,21/08/2027,3585
INV315285,Integrated security services,National Protective Services Pty Ltd (AUS),208441.01 AUD,26/01/2027,3686
INV315286,Tree management maintenance services,Citywide Service Solutions Pty. Ltd.,144609.36 AUD,27/05/21,3678
INV315287,Building cleaning services,Menzies,130677.19,25-May-2029,3634
INV315288,Civil infrastructure services,Citywide Service ,85990.13,08/02/2028, 
INV315289,Melbourne Town Hall venue management,Cleanaway Waste Management Limited (AU),170167.87,2027-01-10,3556
INV315290,Open spaces management - region 2,SERCO,0.1m,03/04/2029,3677
INV315291,Open spaces management - region 2,SERCO (AU),87424.07,2025-12-02,3677
INV315292,Open spaces management - region 2,SERCO,"$153,115.33",25/07/21,3677
INV315293,Building maintenance services,ProgrammedFacilityManagementPtyLtd,0.1m,24 January 2029, 
INV315294,Graffiti management and pressure cleaning services,calcorp services pty ltd,0.2m,27/12/2029,3668
INV315295,Graffiti management and pressure cleaning services,calcorp services pty ltd,"$18,013.92",08/09/2029,3668
INV315296,Vehicle tow away and impound services,Nationwide Towing Services (AUS),105156.42,2025-07-23,3585
INV315297,Civil infrastructure services,Citywide Service Solutions Pty Ltd (AU),"$185,477.85",23-Apr-2028,3665
INV315298,Tree management maintenance services,Citywide  Service  Solutions  Pty  Ltd,145003.08,28/05/16,3678
INV315299,Building maintenance services,Programmed Facility Management Pty Ltd,182520.79 AUD,2026-10-10,3630
INV315300,Street cleaning,Spotless Facility Services Pty Ltd (AU),"$132,065.55",09/03/2025,3669
INV315301,Tree management maintenance services,Citywide Service Solupions Pty Ltd,0.2m,11 May 2026,3678
INV315302,Tree management maintenance services,cleanaway waste management limited,69439.99,29/02/14,3556
INV315303,Parking technology services,REINO INTERNATIONAL PTY LTD T/A DUNCAN SOLUTIONS,119043.04 AUD,22-Feb-2028,3623
INV315304,Tree management maintenance services,citywide service solutions pty ltd,70752.95,09-Nov-2027,3678
INV315305,Management of Active Melbourne recreation facilities,Victorian YMCA Communi,103690.65 AUD,30-Jul-2029,3615
INV315306,Street cleaning,lpotless Facility Services Pty Ltd,127368.37 AUD,28/06/2026,3669
INV315307,Management of Active Melbourne recreation facilities,Victorian YMCA Communi,"$145,818.65",20/10/2027,3615
INV315308,Open spaces management - region 1,citywide service solutions pty ltd,48303.61,2028-01-22,3676
INV315309,Parking technology services,Reino International Pty Ltd T/A Duncan Solutions (AUS),"$64,766.67",19/04/2028,3623
INV315310,Open spaces management - region 1,CitywideServiceSolutionsPtyLtd,"$231,612.36",02/09/2028,3676
INV315311,Melbourne Town Hall venue management,Showtime,249152.04,2026-06-13,3670
INV315312,Management of Active Melbourne recreation facilities,Victorian YMCA Communi,0.1m,10-Sep-2025,3615
INV315313,Building cleaning services,Menzies International (Aust) Pty Ltd,167488.85 AUD,25/08/04,3634
INV315314,Vehicle tow away and impound services,Nationwide To,0.2m,29/03/13,3585
INV315315,Graffiti management and pressure cleaning services,CALCORP SERVICES PTY LTD,120002.77,04-Dec-2029,3668
INV315316,Parking technology services,Reino International P/L T/A Duncan Solutions,"$245,556.71",01-Jul-2028,3623
INV315317,Building maintenance services,programmed facility management pty ltd,114024.06,14/05/2026,3630
INV315318,Melbourne Town Hall venue management,showtime event group pty ltd,70297.16,2029-08-21,3670
INV315319,Open spaces management - region 2,SERCO,0.1m,26-Apr-2026,3677
INV315320,Melbourne Town Hall venue management,Showtime Event Group Pty. Ltd.,245844.16,15-Feb-2029,3670
INV315321,Building maintenance services,Programmed Facility Management Pty Ltd (AU),136967.57 AUD,25 March 2029,3630
INV315322,Melbourne Town Hall venue management,ShowtimeEventGroupPtyLtd,40574.12 AUD,10/12/2029,3670
INV315323,Graffiti management and pressure cleaning services,Calcorp Services Pty Ltd,237597.92 AUD,2026-02-15,3668
INV315324,Open spaces management - region 2,Serco,4726.94 AUD,23-Nov-2029,3677
INV315325,Building maintenance services,Programmed Facility Management Pty Ltd,0.0m,09-Apr-2028,3630
INV315326,Open spaces management - region 1,Citywide pervice Solutions Pty Ltd,33361.8,04/02/2027, 
INV315327,Melbourne Town Hall venue management,Showtime Event Group P/L,149249.23,21/08/2028,3670
INV315328,Graffiti management and pressure cleaning services,Calcorp Services Pty Ltd (AU),0.2m,2026-05-08, 
INV315329,Street cleaning,Spotless Facility Services Pty Ltd,"$46,853.17",29/03/2029,3669
INV315330,Open spaces management - region 1,Citywide Service Solutions Pty Ltd,0.2m,2025-08-15,3676
INV315331,Building maintenance services,programmed facility management pty ltd,233114.47,2029-06-08,3630
INV315332,Waste management services,Cleanaway Waste Management Limited (AUS),162442.65,23/06/2029,3556
INV315333,Tree management maintenance services,Citywide Service Solutions Pty Ltd (AU),0.2m,15/04/2028,3678
INV315334,Graffiti management and pressure cleaning services,CalcorpServicesPtyLtd,144690.11,2028-10-20,3668
INV315335,Waste management services,Cleanaway Waste Management LTD,0.2m,26 March 2029,3556
INV315336,Vehicle tow away and impound services,Nationwide Towing Services,17164.7,01-Nov-2026,3585
INV315337,Management of Active Melbourne recreation facilities,Victorian YMCA Community Programmsng Pty Ltd,"$74,464.98",2029-08-12, 
INV315338,Open spaces management - region 2,SERCO,79480.21,05/01/2028,3677
INV315339,Graffiti management and pressure cleaning services,Calcorp Services Pty Ltd,78702.46 AUD,31/07/2029,3668
INV315340,Management of Active Melbourne recreation facilities,Victorian YMCA Community Programming Pty Ltd (AUS),17995.42,2029-02-14,3615
INV315341,Civil infrastructure services,citywide service solutions pty ltd,"$65,065.45",2027-01-11,3665
INV315342,Parking technology services,Reino International Pty. Ltd. T/A Duncan Solutions,"$206,728.35",15/01/2028,3623
INV315343,Building maintenance services,Citywide,0.1m,18/09/2025,3678
INV315344,Building maintenance services,Programmed Facility,154321.95 AUD,2027-05-05, 
INV315345,Building cleaning services,MENZIES INTERNATIONAL (AUST) PTY LTD,"$208,396.74",25-Jun-2026,3634
INV315346,Street cleaning,Spotless Facility,64011.79 AUD,2025-05-07,3669
INV315347,Graffiti management and pressure cleaning services,Calcorp,"$150,706.38",22-Aug-2029,3668
INV315348,Graffiti management and pressure cleaning services,Calcorp Services P/L,48729.83,25/02/07,3668
INV315349,Building maintenance services,PROGRAMMED FACILITY MANAGEMENT PTY LTD,"$233,213.29",12/11/2026,3630
INV315350,Civil infrastructure services,Citywide Service Solutions Pty Ltd,"$162,628.12",14/02/2029,3665
INV315351,Graffiti management and pressure cleaning services,calcorp services pty ltd,238177.98,21 September 2029,3668
INV315352,Open spaces management - region 1,Citywide Service Solutions P/L,51108.57 AUD,25/01/03,3676
INV315353,Vehicle tow away and impound services,nationwide towing services,64821.61 AUD,14/01/2028, 
INV315354,Open spaces management - region 2,SERCO,18079.33,2029-11-06,3677
INV315355,Tree management maintenance services,Citjwide Service Solutions Pty Ltd,202539.67 AUD,06 June 2026, 
INV315356,Integrated security services,NationalProtectiveServicesPtyLtd,79330.81,27/06/29,3686
INV315357,Management of Active Melbourne recreation facilities,Programmed Facility Management Pty Ltd (AUS),75488.16,28/01/31,3630
INV315358,Melbourne Town Hall venue management,Showtime Event Group Pty Ltd,237434.48 AUD,02/09/2029,3670
INV315359,Civil infrastructure services,Citywide  Service  Solutions  Pty  Ltd,151454.18,19/10/2029,3665
INV315360,Open spaces management - region 1,CITYWIDE SERVICE SOLUTIONS PTY LTD,"$24,439.1",30/11/2026,3676
INV315361,Tree management maintenance services,Citywide Service Solutions Pty Ltd (AU),"$8,146.47",2028-05-10,3678
INV315362,Vehicle tow away and impound services,Nationwide Towing Services,147905.71,11-May-2027,3585
INV315363,Building cleaning services,Menzies International (Aust) Pty Ltd,206933.48,01 March 2029,3634
INV315364,Waste management services,Cleanaway Waste Management Limited (AUS),0.1m,2026-02-21,3556
INV315365,Building maintenance services,Programmed Facility Management Pty. Ltd.,"$206,450.6",28/10/14,3630
INV315366,Building maintenance services,Programmed Facility Manabement Pty Ltd,153242.2,26/06/2026,3630
INV315367,Building cleaning services,Menzies,88640.72 AUD,15-Oct-2028,3634
INV315368,Graffiti management and pressure cleaning services,Nationwide Towinl Services,0.0m,26/10/07,3585
INV315369,Street cleaning,cleanaway waste management limited,155856.82,2028-02-15,3556
INV315370,Graffiti management and pressure cleaning services,Calcorp Services Pty. Ltd.,"$137,790.6",27-Apr-2025,3668
INV315371,Management of Active Melbourne recreation facilities,Victorian Ymca Community Programming Pty Ltd,"$104,266.97",27/04/10,3615
INV315372,Parking technology services,Reino Int’l Pty Ltd T/A Duncan Solutions,"$217,793.43",2025-04-01,3623
INV315373,Waste management services,Cleanaway Waste M,0.2m,11-Jun-2028,3556
INV315374,Vehicle tow away and impound services,Nationwide,71810.89,23/11/2025,3585
INV315375,Street cleaning,Spotless Facility Services Pty. Ltd.,"$185,063.31",11-Oct-2029,3669
INV315376,Building maintenance services,Programmed Facility Management Pty. Ltd.,122088.74 AUD,25/01/30,3630
INV315377,Integrated security services,National Protective services Pty Ltd,0.0m,27/05/10,3686
INV315378,Building maintenance services,programmed facility management pty ltd,"$146,653.56",03 April 2026,3630
INV315379,Integrated security services,National Protective Services Pty. Ltd.,35818.98,08-Jan-2025,3686
INV315380,Waste management services,Cleanaway Waste Mgmt Limited,62996.88,27/08/01,3556
INV315381,Graffiti management and pressure cleaning services,Calcorp Services Pty Ltd (AUS),78771.45,2025-10-07,3668
INV315382,Integrated security services,SERCO,0.1m,27 June 2028,3677
INV315383,Parking technology services,Reino International Pty Ltd T/A Duncan Solutions (AUS),137717.95,25/02/2028,3623
INV315384,Melbourne Town Hall venue management,Showtime Event,161327.29,23 December 2027, 
INV315385,Melbourne Town Hall venue management,Showtime Event,59409.5 AUD,29-Jun-2029,3670
INV315386,Building maintenance services,ProgrammedFacilityManagementPtyLtd,189407.5,05 February 2027,3630
INV315387,Melbourne Town Hall venue management,Citywide Service Solutions Pty Ltd,"$92,788.33",04/06/2026,3678
INV315388,Civil infrastructure services,citywide service solutions pty ltd,"$109,122.86",17 February 2026,3665
INV315389,Integrated security services,National Protective Services Pty Ltd (AUS),90227.15,28/10/06,3686
INV315390,Open spaces management - region 1,citywide service solutions pty ltd,"$152,887.45",05 February 2029,3676
INV315391,Vehicle tow away and impound services,NationwideTowingServices,"$31,062.05",26/03/10,3585
INV315392,Waste management services,Cleanaway Waste Mgmt Limited,0.2m,23 June 2025,3556
INV315393,Waste management services,Cleanaway Waste Management Limited,"$6,582.46",11/05/2026,3556
INV315394,Civil infrastructure services,Citywide Service Solutions P/L,48308.73 AUD,01/05/2029,3665
INV315395,Open spaces management - region 2,SERCO,66271.94,24/03/2026,3677
INV315396,Graffiti management and pressure cleaning services,Calcorp Services Pty. Ltd.,168975.53,29/12/11,3668
INV315397,Melbourne Town Hall venue management,showtime event group pty ltd,"$204,974.44",30/08/2025, 
INV315398,Street cleaning,SpotlessFacilityServicesPtyLtd,131698.36,22/08/2028,3669
INV315399,Building cleaning services,Menzies Interngtional (Aust) Pty Ltd,0.1m,2025-06-23,3634
INV315400,Open spaces management - region 1,CitywideServiceSolutionsPtyLtd,132359.85,2028-08-09,3676
INV315401,Melbourne Town Hall venue management,Showtime Event,"$229,083.89",2026-06-16,3670
INV315402,Graffiti management and pressure cleaning services,Calcorp Services Pty Ltd,100723.63,20-Jul-2028,3668
INV315403,Open spaces management - region 1,Citywide Service Solutions Pty Ltd (AUS),114388.95,29/12/26,3676
INV315404,Graffiti management and pressure cleaning services,Calcorp Services PtylLtd,21193.22,2029-03-18,3668
INV315405,Building cleaning services,Menzies International (Aust) Pty Ltd,46751.96 AUD,21-Dec-2029,3634
INV315406,Integrated security services,National Protective Services Pty Ltd,229627.77,26-Aug-2026,3686
INV315407,Melbourne Town Hall venue management,Showtime Event,0.1m,21 April 2027,3670
INV315408,Integrated security services,National Protective Services Pty. Ltd.,"$163,285.88",30/12/2025,3686
INV315409,Open spaces management - region 1,Citywide,222287.6,13/07/2028,3676
INV315410,Open spaces management - region 2,SERCO,38974.02,07-Jan-2028,3677
INV315411,Parking technology services,Reino International Pty Ltd T/A Duncan Solutions,0.0m,25/06/13,3623
INV315412,Waste management services,Cleanaway Waste Management Ltd,179520.47,12-Apr-2026,3556
INV315413,Building maintenance services,Programmed Facility Mgmt Pty Ltd,73723.47 AUD,2028-12-26,3630
INV315414,Management of Active Melbourne recreation facilities,Victorian,"$146,425.16",17 November 2025,3615
INV315415,Graffiti management and pressure cleaning services,Calcorp Services Pty Ltd (AUS),0.2m,16-Nov-2026,3668
INV315416,Open spaces management - region 2,SERCO,"$229,936.47",2027-05-20,3677
INV315417,Civil infrastructure services,Citywide Service Solutions Pty. Ltd.,128346.51 AUD,28/07/21,3665
INV315418,Vehicle tow away and impound services,Nationwide Towing Services (AU),170841.6,2029-10-17,3585
INV315419,Integrated security services,National Protective Services P/L,246885.94,24-Sep-2028,3686
INV315420,Graffiti management and pressure cleaning services,SHOWTIME EVENT GROUP PTY LTD,0.2m,15 September 2027,3670
INV315421,Building maintenance services,Programmed Facility Management Pty Ltd,38471.92 AUD,05/12/2025,3630
INV315422,Parking technology services,Reino Intexnational Pty Ltd T/A Duncan Solutions,125446.51,2027-02-27,3623
INV315423,Building maintenance services,ProgrammedFacilityManagementPtyLtd,0.1m,28-Sep-2026,3630
INV315424,Graffiti management and pressure cleaning services,Programmed Facility Mgmt Pty Ltd,"$158,432.5",04-Jun-2028,3630
INV315425,Graffiti management and pressure cleaning services,Calcorp,22292.96 AUD,23 May 2029,3668
INV315426,Building cleaning services,MENZIES INTERNATIONAL (AUST) PTY LTD,0.2m,26/10/2027,3634
INV315427,Management of Active Melbourne recreation facilities,Victorian YMCA Community Programming P/L,16446.51,01-Feb-2026, 
INV315428,Open spaces management - region 2,SERCO,136887.11 AUD,28/02/05,3677
INV315429,Building cleaning services,Menzies International (Aust) Pty. Ltd.,"$240,257.14",26/03/16, 
INV315430,Open spaces management - region 2,SERCO,76035.92,01 March 2026,3677
INV315431,Open spaces management - region 1,Citywide Service ,34700.35,2026-11-18,3676
INV315432,Integrated security services,National Protective Services Pty Ltd (AUS),0.1m,27 August 2027,3686
INV315433,Melbourne Town Hall venue management,Showtime Event Group Pty Ltd,232861.61 AUD,29/11/14,3670
INV315434,Integrated security services,National Protective Services Pty Ltd (AU),219633.54 AUD,04 May 2026,3686
INV315435,Building cleaning services,Menzies Intl (Aust) Pty Ltd,0.2m,19 February 2026,3634
INV315436,Vehicle tow away and impound services,Nationwide Towing Services,132757.13 AUD,29/07/2029,3585
INV315437,Parking technology services,Reino International Pty Ltd T/A Duncan Solutions,233841.77,25/06/26,3623
INV315438,Vehicle tow away and impound services,NationwideTowingServices,"$155,627.51",23 April 2028,3585
INV315439,Building cleaning services,Menzies International (Aust) Pty Ltd (AUS),"$126,950.11",29/06/07,3634
INV315440,Management of Active Melbourne recreation facilities,Victorian YMCA Communi,173246.41 AUD,06-Sep-2026,3615
INV315441,Open spaces management - region 2,SERCO,140587.19 AUD,25/05/28,3677
INV315442,Tree management maintenance services,Citywide Service Solutions Pty Ltd,0.2m,26-Aug-2027,3678
INV315443,Building cleaning services,menzies international (aust) pty ltd,"$113,858.86",05/10/2026,3634
INV315444,Parking technology services,Reino,"$44,422.77",28-Aug-2029,3623
INV315445,Vehicle tow away and impound services,Nationwide,246519.74,25/07/24,3585
INV315446,Management of Active Melbourne recreation facilities,Victorian YMCA Communi,202672.58 AUD,20/08/2029,3615
INV315447,Open spaces management - region 2,SERCz,0.1m,24 November 2027,3677
INV315448,Vehicle tow away and impound services,Nationwide,0.2m,15-Sep-2027,3585
INV315449,Melbourne Town Hall venue management,SHOWTIME EVENT GROUP PTY LTD,160013.3,19 October 2025,3670
INV315450,Civil infrastructure services,Cityaide Service Solutions Pty Ltd,80151.89,28/07/2026,3665
INV315451,Waste management services,REINO INTERNATIONAL PTY LTD T/A DUNCAN SOLUTIONS,"$187,925.3",05-Nov-2027,3623
INV315452,Melbourne Town Hall venue management,showtime event group pty ltd,146057.97,10/05/2025,3670
INV315453,Melbourne Town Hall venue management,Showtime Event,82014.31 AUD,28-Jan-2026,3670
INV315454,Building maintenance services,Programmed Facility,0.2m,17/05/2025,3630
INV315455,Open spaces management - region 1,Citywide Service ,144958.83,21/05/2025,3676
INV315456,Melbourne Town Hall venue management,showtime event group pty ltd,"$112,963.29",09/08/2026,3670
INV315457,Open spaces management - region 2,SERCO (AU),113307.34 AUD,18-Sep-2028,3677
INV315458,Vehicle tow away and impound services,Nftionwide Towing Services,63866.28,15/10/2029,3585
INV315459,Management of Active Melbourne recreation facilities,Victorian YMCA Communi,85320.44 AUD,12-Jan-2027,3615
INV315460,Graffiti management and pressure cleaning services,Calcorp Services Pty Ltd,233872.51,27/04/21,3668
INV315461,Parking technology services,Reino Intl Pty Ltd T/A Duncan Solutions,180877.6,24 March 2025,3623
INV315462,Waste management services,CleanawayWasteManagementLimited,239495.46,19/12/2029,3556
INV315463,Waste management services,Cleanaway Waste M,"$7,402.59",22/05/2029,3556
INV315464,Street cleaning,Spotless Facility Services P/L,"$113,782.41",19 August 2026,3669
INV315465,Parking technology services,Reino International Pty Ltd T/A Duncan Solutions (AUS),29266.57,26/05/25,3623
INV315466,Vehicle tow away and impound services,Nationwide To,214156.82,05/08/2027,3585
INV315467,Civil infrastructure services,Citywide Service Solutions Pty Ltd,"$64,891.11",25/01/22,3665
INV315468,Waste management services,CLEANAWAY WASTE MANAGEMENT LIMITED,"$64,321.55",27/04/2027,3556
INV315469,Tree management maintenance services,citywide service solutions pty ltd,7293.05 AUD,09-Jul-2028,3678
INV315470,Building cleaning services,Menzies  International  (Aust)  Pty  Ltd,0.2m,12-Jan-2025,3634
INV315471,Melbourne Town Hall venue management,Showtime Event,221830.56,28/02/21,3670
INV315472,Building cleaning services,MENZIES INTERNATIONAL (AUST) PTY LTD,155727.57,26/08/03, 
INV315473,Waste management services,Cleanaway,11509.42,24/08/2027,3556
INV315474,Vehicle tow away and impound services,Nationwide,89120.43,05/09/2026,3585
INV315475,Tree management maintenance services,Citywide Service Solutions Pty Ltd,211995.09 AUD,25-Nov-2029,3678
INV315476,Management of Active Melbourne recreation facilities,Victorian YMCA Community Programming Pty Ltd (AU),0.1m,15 October 2026,3615
INV315477,Melbourne Town Hall venue management,showtime event group pty ltd,205840.9,23/10/2027,3670
INV315478,Integrated security services,National  Protective  Services  Pty  Ltd,235485.95,17-Mar-2028,3686
INV315479,Building cleaning services,Menzies International (Aust) Pty Ltd,55669.72,25/01/12,3634
INV315480,Civil infrastructure services,Citywide Service Solutions Pty Ltd,"$177,866.73",29/04/25,3665
INV315481,Civil infrastructure services,Citywide Service Solutions Pty Ltd,,20 March 2029,3665
INV315482,Building maintenance services,PROGRAMMED FACILITY MANAGEMENT PTY LTD,161573.25 AUD,25/03/2029,3630
INV315483,Graffiti management and pressure cleaning services,Calcorp Services Pty Ltd (AU),65607.51 AUD,02 September 2027,3668
INV315484,Parking technology services,Reino International Pty Ltd T/A Duncan Solutions,138151.04,28/01/2029,3623
INV315485,Parking technology services,ReinoInternationalPtyLtdT/ADuncanSolutions,"$97,016.92",2025-09-28,3623
INV315486,Integrated security services,National Protective Services Pty Ltd (AU),123863.63 AUD,2027-02-06,3686
INV315487,Street cleaning,Spotless  Facility  Services  Pty  Ltd,0.2m,2026-08-31,3669
INV315488,Building cleaning services,Menzies International (Aust) Pty Ltd (AU),101075.9 AUD,28/04/2027,3634
INV315489,Street cleaning,Spotless,179231.28 AUD,29/08/24,3669
INV315490,Waste management services,Cleanaway Waste Management Limited (AUS),213621.94,04-Jul-2028,3556
INV315491,Building cleaning services,Menzies Intl (Aust) Pty Ltd,"$180,440.2",06-Jan-2026,3634
INV315492,Waste management services,Cleanaway,12012.65,2027-04-25,3556
INV315493,Parking technology services,Reino International Pty Ltd T/A Duncan Solutions (AUS),48773.51 AUD,2027-03-08,3623
INV315494,Parking technology services,Reino International Pty Ltd T/A Duncan Solutions,160059.45 AUD,19 September 2027,3623
INV315495,Open spaces management - region 2,zERCO,"$97,097.05",04/05/2027,3677
INV315496,Civil infrastructure services,Citywide Service Solutions Pty Ltd (AUS),73452.49 AUD,25/08/14,3665
INV315497,Melbourne Town Hall venue management,Showtime Event Group Pty Ltd,0.1m,23/06/2028,3670
INV315498,Graffiti management and pressure cleaning services,Calcorp Services Pty Ltd (AUS),39590.15 AUD,03/10/2027,3668
INV315499,Civil infrastructure services,Citywide  Service  Solutions  Pty  Ltd,"$92,095.57",2026-08-26,3665
INV315500,Waste management services,cleanaway waste management limited,"$69,169.89",29/11/30,3556
INV315501,Street cleaning,Spotless Facility Services Pty Ltd (AU),57602.56,2026-09-11,3669
INV315502,Open spaces management - region 1,citywide service solutions pty ltd,124194.07,27/05/13,3676
INV315503,Parking technology services,REINO INTERNATIONAL PTY LTD T/A DUNCAN SOLUTIONS,0.2m,27/06/30,3623
INV315504,Street cleaning,Spotless Facility nervices Pty Ltd,239018.49,28/01/20,3669
INV315505,Building maintenance services,Programmed Facility Mgmt Pty Ltd,166595.92,12-Oct-2028,3630
INV315506,Open spaces management - region 2,SERCO,"$214,334.54",24/12/2028, 
INV315507,Street cleaning,Spotless Facility Services Pty Ltd,63498.29,12-Nov-2028,3669
INV315508,Management of Active Melbourne recreation facilities,Victorian YMCA Community Programming P/L,207171.72,26/02/20,3615
INV315509,Vehicle tow away and impound services,Nationwide Towing Services,0.1m,14-Jul-2028,3585
INV315510,Street cleaning,Spotless Facility,162008.12,19/07/2025,3669
INV315511,Tree management maintenance services,Citywide Service Solutions Pty. Ltd.,245616.75 AUD,26-Mar-2028,3678
INV315512,Parking technology services,reino international pty ltd t/a duncan solutions,204611.47,13-Jun-2027,3623
INV315513,Waste management services,Cleanaway  Waste  Management  Limited,204752.12,28/02/2028,3556
INV315514,Street cleaning,Spotless,0.1m,27/07/12,3669
INV315515,Management of Active Melbourne recreation facilities,VictorianYMCACommunityProgrammingPtyLtd,"$194,135.88",27/07/18,3615
INV315516,Waste management services,Cleanaway  Waste  Management  Limited,"$188,853.25",2025-10-22,3556
INV315517,Tree management maintenance services,Citywide Service Solutions Pty. Ltd.,192910.66,2026-08-02,3678
INV315518,Civil infrastructure services,Citywide Service Solutions Pty Ltd,"$191,768.53",29/09/2026,3665
INV315519,Parking technology services,Reino Internatponal Pty Ltd T/A Duncan Solutions,37647.28,20 October 2025,3623
INV315520,Tree management maintenance services,citywide service solutions pty ltd,125989.08,19/07/2029,3678
INV315521,Graffiti management and pressure cleaning services,Calcorp Services Pty Ltd,189066.7,16/08/2027,3668
INV315522,Vehicle tow away and impound services,NATIONWIDE TOWING SERVICES,32158.66 AUD,12/06/2027,3585
INV315523,Building maintenance services,PROGRAMMED FACILITY MANAGEMENT PTY LTD,0.2m,14/04/2029,3630
INV315524,Graffiti management and pressure cleaning services,Calcorp Services Pty Ltd,"$129,706.28",21/11/2028,3668
INV315525,Open spaces management - region 1,Citywide Service Solutions Pty Ltd (AUS),"$169,786.98",2029-09-02,3676
INV315526,Management of Active Melbourne recreation facilities,Victorian YMCA Community Programming Pty. Ltd.,41498.48,13 November 2029,3615
INV315527,Building maintenance services,Programmed  Facility  Management  Pty  Ltd,58585.65 AUD,29/04/28,3630
INV315528,Tree management maintenance services,Citywide Service Solutions Pty Ltd (AUS),72278.86 AUD,26/01/24,3678
INV315529,Graffiti management and pressure cleaning services,Calcorp Services Pty Ltd (AU),"$45,811.57",2028-03-07,3668
INV315530,Open spaces management - region 2,SERCO,87856.78 AUD,26/12/07,3677
INV315531,Waste management services,Cleanaway Waste Management Limited (AU),172334.03,2025-09-24,3556
INV315532,Building cleaning services,Menzies International (Aust) Pty Ltd,"$60,976.5",26 April 2026,3634
INV315533,Management of Active Melbourne recreation facilities,Victorian YMCA Community Programming Pty. Ltd.,0.1m,15-Aug-2025,3615
INV315534,Graffiti management and pressure cleaning services,Calcorp  Services  Pty  Ltd,209570.61 AUD,24-Aug-2025,3668
INV315535,Street cleaning,SPOTLESS FACILITY SERVICES PTY LTD,230012.03 AUD,2025-02-07,3669
INV315536,Waste management services,Cleanaway Waste Management Ltd,178100.0 AUD,2025-01-26,3556
INV315537,Integrated security services,National Protective Services Pty Ltd,"$80,660.94",28/06/20,3686
INV315538,Vehicle tow away and impound services,Nationwide Towing Services (AUS),54547.53,29/09/11,3585
INV315539,Management of Active Melbourne recreation facilities,Victorian YMCA Community Programming Pty Ltd (AUS),129621.53,04/11/2025,3615
INV315540,Civil infrastructure services,Citywide Service Solutions Pty Ltd,0.0m,27-Mar-2025, 
INV315541,Integrated security services,Citywide Service Solutions Pty Ltd,218206.31 AUD,05 January 2025, 
INV315542,Tree management maintenance services,Citywide Service ,203806.94 AUD,28/02/29,3678
INV315543,Street cleaning,Spotless  Facility  Services  Pty  Ltd,,28/04/2027,3669
INV315544,Building cleaning services,Menzies  International  (Aust)  Pty  Ltd,173467.81,11 October 2025, 
INV315545,Building cleaning services,Menzies  International  (Aust)  Pty  Ltd,54471.1,14-Nov-2026,3634
INV315546,Open spaces management - region 2,SERCO,147693.99,06 December 2029,3677
INV315547,Civil infrastructure services,CitywideServiceSolutionsPtyLtd,121878.22 AUD,2025-04-16,3665
INV315548,Street cleaning,Spotless Facility Services Pty. Ltd.,191384.86 AUD,21 March 2027,3669
INV315549,Vehicle tow away and impound services,Nationwide To,"$214,960.69",03-May-2025,3585
INV315550,Waste management services,Cleanaway Waste Management Limited,0.2m,2028-08-29,3556
INV315551,Open spaces management - region 2,SERCO (AUS),159060.97,15 June 2025,3677
INV315552,Parking technology services,Reino International Pty. Ltd. T/A Duncan Solutions,"$154,555.15",29/10/25,3623
INV315553,Graffiti management and pressure cleaning services,Calcorp Serv,0.2m,2028-01-21,3668
INV315554,Vehicle tow away and impound services,Nationwide Towing Services (AUS),"$147,053.62",25/06/21,3585
INV315555,Management of Active Melbourne recreation facilities,Victorian YMCA Community Programming Pty Ltd,220435.84 AUD,16 April 2028,3615
INV315556,Building cleaning services,Menzies Int’l (Aust) Pty Ltd,227051.5,12 May 2027,3634
INV315557,Waste management services,Cleanaway Waste Management Limited,136105.47,16/03/2025, 
INV315558,Integrated security services,Natwonal Protective Services Pty Ltd,,26-Mar-2028,3686
INV315559,Open spaces management - region 2,SERCO (AU),240746.14,2026-10-06,3677
INV315560,Street cleaning,Spotless uacility Services Pty Ltd,80846.02 AUD,2029-09-06,3669
INV315561,Graffiti management and pressure cleaning services,Calcorp Services Pty Ltd (AUS),185235.67,27/07/18,3668
INV315562,Open spaces management - region 2,SERCO (AU),102622.2,25-Jul-2025,3677
INV315563,Graffiti management and pressure cleaning services,CALCORP SERVICES PTY LTD,43687.79,12/05/2028,3668
INV315564,Open spaces management - region 1,Citywide  Service  Solutions  Pty  Ltd,0.2m,27 July 2029,3676
INV315565,Management of Active Melbourne recreation facilities,Victorian YMCA Communi,0.0m,04-Sep-2025,3615
INV315566,Vehicle tow away and impound services,Nationwide  Towing  Services,13513.88,27/07/09,3585
INV315567,Tree management maintenance services,Citywide Service ,153502.48,2025-06-02,3678
INV315568,Building cleaning services,Menzies Internatio,170200.78 AUD,14 March 2027,3634
INV315569,Management of Active Melbourne recreation facilities,Victorian YMCA Community Programming Pty Ltd,207411.79,22/09/2025,3615
INV315570,Building maintenance services,Programmed Facility Managefent Pty Ltd,0.2m,2027-02-02,3630
INV315571,Parking technology services,Reino  International  Pty  Ltd  T/A  Duncan  Solutions,129568.79 AUD,14-Jul-2027,3623
INV315572,Graffiti management and pressure cleaning services,Calcorp Services Pty Ltd (AU),86298.84 AUD,10/10/2029, 
INV315573,Civil infrastructure services,Citywide Service Solutions Pty Ltd (AU),218439.14,27 September 2025,3665
INV315574,Vehicle tow away and impound services,nationwide towing services,37980.23,08/06/2025,3585
INV315575,Graffiti management and pressure cleaning services,Calcorp Services P/L,0.2m,24/03/2027,3668
INV315576,Building maintenance services,Programmed Facility Management Pty Ltd,"$84,774.05",20 July 2026,3630
INV315577,Vehicle tow away and impound services,Nationwide Towing Services,6012.17,28/04/29,3585
INV315578,Integrated security services,NationalProtectiveServicesPtyLtd,34799.51,31 May 2028,3686
INV315579,Civil infrastructure services,Citywide Service Solutions Pty Ltd (AU),115562.97,, 
INV315580,Tree management maintenance services,Calcorp Serv,0.1m,16/12/2026,3668
INV315581,Building cleaning services,Menzies International (Aust) Pty Ltd,87198.65 AUD,18 July 2027, 
INV315582,Graffiti management and pressure cleaning services,Calcorp Services Pty Ltd (AUS),0.0m,2025-08-30,3668
INV315583,Civil infrastructure services,CITYWIDE SERVICE SOLUTIONS PTY LTD,76284.25 AUD,26/06/18,3665
INV315584,Building cleaning services,Menzies International (Aust) Pty Ltd,87307.15,19 July 2027,3634
INV315585,Melbourne Town Hall venue management,Showtime Event Group Pty Ltd (AUS),"$179,269.07",25/05/08,3670
INV315586,Waste management services,Cleanaway Waste Mgmt Limited,127707.01 AUD,28/08/2027,3556
INV315587,Building maintenance services,Programmed Facility Management Pty Ltd,"$198,593.76",12/02/2029,3630
INV315588,Building cleaning services,Menzies International (Aust) P/L,"$97,476.3",07/06/2029,3634
INV315589,Melbourne Town Hall venue management,ShowtimeEventGroupPtyLtd,11705.0 AUD,30/06/2025,3670
INV315590,Vehicle tow away and impound services,nationwide towing services,0.1m,2026-04-12, 
INV315591,Building cleaning services,Menzies International (Aust) Pty Ltd,"$46,862.98",02/09/2028,3634
INV315592,Melbourne Town Hall venue management,Showtime Event Group Pty Ltd,0.2m,26/06/04,3670
INV315593,Street cleaning,SpotlessFacilityServicesPtyLtd,64023.41,01/05/2028,3669
INV315594,Waste management services,Cleanaway,0.2m,30-Jun-2029,3556
INV315595,Waste management services,Cleanaway Waste Management Limited,219816.58,09 August 2025,3556
INV315596,Melbourne Town Hall venue management,SHOWTIME EVENT GROUP PTY LTD,0.2m,31-Jul-2028,3670
INV315597,Civil infrastructure services,citywide service solutions pty ltd,0.2m,2027-07-09,3665
INV315598,Open spaces management - region 1,Citywide Service Solutions Pty. Ltd.,15261.05 AUD,2028-03-26,3676
INV315599,Tree management maintenance services,Citywide Service Solutions Pty. Ltd.,181991.59,12/06/2027,3678
INV315600,Graffiti management and pressure cleaning services,Calcorp Services Pty Ltd (AU),0.1m,25/07/22,3668
INV315601,Open spaces management - region 1,Citywide Service Solutions Pty Ltd,"$169,213.18",07/01/2027,3676
INV315602,Civil infrastructure services,Citywide Service Solutions Pty Ltd,32757.07 AUD,26/12/28,3665
INV315603,Parking technology services,Reino,14923.74,02/01/2027,3623
INV315604,Open spaces management - region 1,Citywide Service Solutions Pty Ltd,28850.9,08/08/2029,3676
INV315605,Management of Active Melbourne recreation facilities,Victorian YMCA Community Programming Pty Ltd,134164.67 AUD,2029-06-16,3615
INV315606,Vehicle tow away and impound services,nationwide towing services,241220.72 AUD,08/05/2028,3585
INV315607,Street cleaning,Spotless Facility Services Pty. Ltd.,"$25,903.42",27 July 2025,3669
INV315608,Graffiti management and pressure cleaning services,CalcorpServicesPtyLtd,52575.86,03/09/2027,3668
INV315609,Graffiti management and pressure cleaning services,Calcorp Services Pty. Ltd.,"$110,743.52",16 July 2028,3668
INV315610,Building maintenance services,Programmed Facility Management Pty Ltd,201260.54,28/07/2026,3630
INV315611,Open spaces management - region 2,SEcCO,161666.09,2025-10-18,3677
INV315612,Melbourne Town Hall venue management,Showtime Event,"$92,001.11",09/10/2026,3670
INV315613,Open spaces management - region 2,SERCO (AU),160547.76 AUD,2026-12-18,3677
INV315614,Management of Active Melbourne recreation facilities,Victorian  YMCA  Community  Programming  Pty  Ltd,125712.0,26/01/02,3615
INV315615,Open spaces management - region 2,SERCO (AU),"$158,669.05",25/10/2027,3677
INV315616,Melbourne Town Hall venue management,Showtime Event Group Pty Ltd,44858.87,27/04/22,3670
INV315617,Vehicle tow away and impound services,Nationwide Towing Services,"$236,035.26",02/07/2027,3585
INV315618,Graffiti management and pressure cleaning services,Calcorp Services P/L,"$124,502.43",2028-07-12,3668
INV315619,Building maintenance services,Provrammed Facility Management Pty Ltd,62461.98 AUD,26/10/02,3630
INV315620,Civil infrastructure services,Citywide Service ,190090.28,14-Nov-2026,3665
INV315621,Vehicle tow away and impound services,Nationwide To,105344.2,16 October 2027,3585
INV315622,Tree management maintenance services,Citywide Service Solutions P/L,27142.11,28 January 2027,3678
INV315623,Open spaces management - region 1,Citywide Service Solutions P/L,166043.38,31-Jul-2025,3676
INV315624,Building cleaning services,Menzies  International  (Aust)  Pty  Ltd,184670.28 AUD,16/08/2029,3634
INV315625,Waste management services,Cleanaway Waste lanagement Limited,"$95,486.65",27/06/2029,3556
INV315626,Vehicle tow away and impound services,NATIONWIDE TOWING SERVICES,0.1m,18/05/2027,3585
INV315627,Graffiti management and pressure cleaning services,calcorp services pty ltd,200904.02 AUD,17/04/2029,3668
INV315628,Graffiti management and pressure cleaning services,Calcorp Services Pty Ltd,66106.3,26/09/2026,3668
INV315629,Integrated security services,National Protective Services Pty Ltd (AU),138928.92,21 July 2027,3686
INV315630,Open spaces management - region 2,SERCO,0.1m,10/10/2029,3677
INV315631,Waste management services,Cleanaway Waste Management LTD,"$151,780.46",08/03/2027,3556
INV315632,Open spaces management - region 1,Citywide,83773.19,02/11/2025,3676
INV315633,Integrated security services,National Protective Services Pty Ltd (AU),"$136,023.88",26/12/16,3686
INV315634,Parking technology services,Reino International Pty Ltd T/A Duncan Solutions (AUS),80804.97,26/01/10,3623
INV315635,Open spaces management - region 2,SERCO,9817.95,24/07/2025,3677
INV315636,Open spaces management - region 2,SERCO (AUS),"$15,267.37",25/12/2029,3677
INV315637,Vehicle tow away and impound services,Nationwide To,85330.33,26/06/03,3585
INV315638,Waste management services,Cleanaway Waste Management Limited (AUS),143035.79,24/03/2026,3556
INV315639,Graffiti management and pressure cleaning services,Calcorp  Services  Pty  Ltd,199197.73,13 November 2027,3668
INV315640,Integrated security services,National  Protective  Services  Pty  Ltd,60672.93,28/03/23,3686
INV315641,Management of Active Melbourne recreation facilities,Victorian Ymca Community Programming Pty Ltd,230507.48 AUD,06/03/2028,3615
INV315642,Civil infrastructure services,Citywide Service ,243467.33,24/11/2027,3665
INV315643,Civil infrastructure services,Citywide Service SolutionskPty Ltd,124432.55,16-Jun-2028,3665
INV315644,Tree management maintenance services,Citywide  Service  Solutions  Pty  Ltd,94187.27,06/06/2027,3678
INV315645,Civil infrastructure services,Citywide Service ,233272.51,09/03/2029,3665
INV315646,Parking technology services,Reino Int’l Pty Ltd T/A Duncan Solutions,0.1m,11-Jan-2026,3623
INV315647,Street cleaning,Spotjess Facility Services Pty Ltd,"$208,552.62",25/05/30,3669
INV315648,Management of Active Melbourne recreation facilities,Victorian YMCA Communi,45569.18,01/09/2029,3615
INV315649,Civil infrastructure services,Citywide Service Solutions Pty Ltd,"$201,367.32",30/06/2027,3665
INV315650,Building maintenance services,Programmed Facility Management P/L,"$131,439.04",17/04/2026,3630
INV315651,Building cleaning services,Menzies Int’l (Aust) Pty Ltd,19860.2 AUD,29/02/26,3634
INV315652,Open spaces management - region 1,Citywide,141986.82,29/11/16,3676
INV315653,Waste management services,CLEANAWAY WASTE MANAGEMENT LIMITED,62710.59,27/06/17,3556
INV315654,Tree management maintenance services,Citywide,67552.55,22 August 2029,3678
INV315655,Vehicle tow away and impound services,Nationwide To,90512.93 AUD,14 January 2028,3585
INV315656,Vehicle tow away and impound services,Nationwide Towing Services (AU),0.1m,26/04/08,3585
INV315657,Management of Active Melbourne recreation facilities,Victorian,246299.1,24 March 2025,3615
INV315658,Tree management maintenance services,Citywide Service Solutions Pty Ltd,342.29,27/06/16,3678
INV315659,Street cleaning,Calcorp Services P/L,0.0m,26/01/12,3668
INV315660,Melbourne Town Hall venue management,Showtime Event Group Pty Ltd,63456.93 AUD,03/06/2029,3670
INV315661,Parking technology services,Reino International Pty Ltd T/A Duncan Solutions (AU),"$129,096.28",15 November 2028,3623
INV315662,Street cleaning,Spotless Facility Services P/L,206648.05,14/12/2027,3669
INV315663,Building cleaning services,Menzies Intl (Aust) Pty Ltd,0.2m,2027-06-08,3634
INV315664,Parking technology services,ReinoInternationalPtyLtdT/ADuncanSolutions,184716.66,25/07/2026,3623
INV315665,Civil infrastructure services,Citywide Service Solutions Pty Ltd (AUS),53907.06 AUD,07/01/2028,3665
INV315666,Open spaces management - region 1,Citywide Service Solutions Pty. Ltd.,0.2m,20/08/2026,3676
INV315667,Management of Active Melbourne recreation facilities,Victorian YMCA Community Programming P/L,0.2m,25/04/30,3615
INV315668,Graffiti management and pressure cleaning services,CALCORP SERVICES PTY LTD,0.2m,22 July 2028,3668
INV315669,Graffiti management and pressure cleaning services,CalcorpServicesPtyLtd,109054.75,18/11/2027,3668
INV315670,Management of Active Melbourne recreation facilities,Victorian YMCA Communi,0.2m,07/10/2029,3615
INV315671,Parking technology services,Reino International P/L T/A Duncan Solutions,"$180,504.76",27/02/07,3623
INV315672,Building cleaning services,Menzies,160445.84,24/01/2029,3634
INV315673,Integrated security services,National  Protective  Services  Pty  Ltd,0.2m,2025-11-19,3686
INV315674,Parking technology services,Reino International Pty Ltd T/A Duncan Solutions,175934.32 AUD,2028-02-11,3623
INV315675,Building maintenance services,Programmed Facility Management Pty Ltd (AU),222285.23,26/07/11,3630
INV315676,Street cleaning,SpotlessFacilityServicesPtyLtd,137915.25 AUD,24/07/2029,3669
INV315677,Street cleaning,Spotless Facility Services Pty Ltd (AUS),65167.83,05-Dec-2026,3669
INV315678,Graffiti management and pressure cleaning services,CALCORP SERVICES PTY LTD,73763.51,05 April 2025,3668
INV315679,Management of Active Melbourne recreation facilities,Victorian YMCA Community Programming Pty. Ltd.,237428.94,28/10/05,3615
INV315680,Management of Active Melbourne recreation facilities,VICTORIAN YMCA COMMUNITY PROGRAMMING PTY LTD,12308.66,26/06/03,3615
INV315681,Building cleaning services,Menzies International (Aust) Pty. Ltd.,79703.03 AUD,2029-04-30,3634
INV315682,Management of Active Melbourne recreation facilities,Victorian YMCA Community Programming Pty Ltd (AUS),80936.65 AUD,24-Mar-2026,3615
INV315683,Parking technology services,ReinoInternationalPtyLtdT/ADuncanSolutions,104644.59 AUD,14/02/2026,3623
INV315684,Tree management maintenance services,Citywide  Service  Solutions  Pty  Ltd,109370.88,27 December 2025,3678
INV315685,Street cleaning,Spotless,148436.16,31-Jan-2026,3669
INV315686,Street cleaning,Spotless Facility,213113.84,06/06/2029, 
INV315687,Building cleaning services,Menzies  International  (Aust)  Pty  Ltd,,27/02/23,3634
INV315688,Open spaces management - region 1,CITYWIDE SERVICE SOLUTIONS PTY LTD,239458.31,2026-07-19,3676
INV315689,Building maintenance services,Programmed Facility Management Pty. Ltd.,0.2m,22/02/2026, 
INV315690,Melbourne Town Hall venue management,ShowtimeEventGroupPtyLtd,204019.6,17-Oct-2028,3670
INV315691,Parking technology services,ReinoInternationalPtyLtdT/ADuncanSolutions,0.1m,06 November 2025,3623
INV315692,Graffiti management and pressure cleaning services,Calcorp Serv,134185.24,08/03/2027,3668
INV315693,Graffiti management and pressure cleaning services,Calcorp Serv,0.2m,01/03/2026,3668
INV315694,Street cleaning,Spotless Facility Services Pty Ltd (AU),28588.75 AUD,26/09/03,3669
INV315695,Open spaces management - region 1,Citywide Service ,195170.5,07 October 2026,3676
INV315696,Melbourne Town Hall venue management,Showtime,150726.26,24/10/2026,3670
INV315697,Building maintenance services,PROGRAMMED FACILITY MANAGEMENT PTY LTD,"$56,461.57",01/06/2027,3630
INV315698,Management of Active Melbourne recreation facilities,VICTORIAN YMCA COMMUNITY PROGRAMMING PTY LTD,53906.87 AUD,13/09/2028,3615
INV315699,Street cleaning,Spotless Facility Services Pty Ltd,0.0m,2028-06-16,3669
INV315700,Open spaces management - region 1,Citywide Service Solutions Pty Ltd (AUS),"$1,297.87",01-Jul-2029,3676
INV315701,Tree management maintenance services,Citywide,"$171,255.86",27/11/19,3678
INV315702,Building cleaning services,MenziesInternational(Aust)PtyLtd,0.2m,14/06/2028,3634
INV315703,Vehicle tow away and impound services,Nationwide Towing Services,239632.1 AUD,23/05/2026,3585
INV315704,Building cleaning services,Menzies Intl (Aust) Pty Ltd,131099.88,2025-02-12,3634
INV315705,Civil infrastructure services,CitywideServiceSolutionsPtyLtd,209668.31,25/06/02,3665
INV315706,Integrated security services,National  Protective  Services  Pty  Ltd,17069.89,15-Oct-2025,3686
INV315707,Open spaces management - region 2,serco,"$89,395.12",12/11/2026,3677
INV315708,Waste management services,CleanawayWasteManagementLimited,0.2m,2026-06-14,3556
INV315709,Integrated security services,National  Protective  Services  Pty  Ltd,147943.05 AUD,29/12/01,3686
INV315710,Open spaces management - region 2,SERCO,"$87,884.43",02-Nov-2025,3677
INV315711,Building maintenance services,Programmed Facility Management Puy Ltd,76467.03,18/07/2025,3630
INV315712,Open spaces management - region 1,Citywide Service Solutions Pty Ltd (AU),"$69,967.14",05 March 2029,3676
INV315713,Open spaces management - region 1,Citywide  Service  Solutions  Pty  Ltd,29773.1,19 November 2029,3676
INV315714,Management of Active Melbourne recreation facilities,VICTORIAN YMCA COMMUNITY PROGRAMMING PTY LTD,"$222,681.0",20/01/2025,3615
INV315715,Integrated security services,National Protective Services Pty Ltd (AUS),172276.69,02/12/2026,3686
INV315716,Open spaces management - region 2,SERCO (AU),46813.81 AUD,2026-06-09,3677
INV315717,Vehicle tow away and impound services,nationwide towing services,173383.88,26-Sep-2025,3585
INV315718,Management of Active Melbourne recreation facilities,Viltorian YMCA Community Programming Pty Ltd,200405.22,15/04/2028,3615
INV315719,Tree management maintenance services,CITYWIDE SERVICE SOLUTIONS PTY LTD,44619.2,2027-08-30,3678
INV315720,Integrated security services,National Protective Services Pty Ltd,"$169,513.76",14-Nov-2026,3686
INV315721,Integrated security services,National Protective Services Pty. Ltd.,0.2m,14/06/2028,3686
INV315722,Waste management services,Cleanaway Waste Management Limited (AUS),"$42,005.53",20-Dec-2029,3556
INV315723,Building cleaning services,Menzies International (Aust) Pty Ltd (AUS),104844.15 AUD,08/05/2028,3634
INV315724,Building cleaning services,Menzies,239616.57,2027-11-10,3634
INV315725,Open spaces management - region 2,SERCO (AUS),137637.22 AUD,26-Jan-2029,3677
INV315726,Integrated security services,National Protective Services Pty Ltd (AU),81510.63,16/11/2027,3686
INV315727,Integrated security services,National Protective Services Pty Ltd,"$132,471.95",06/02/2029,3686
INV315728,Parking technology services,Reino Int’l Pty Ltd T/A Duncan Solutions,183440.96,30-Nov-2029, 
INV315729,Street cleaning,Spotless Facility Services Pty Ltd,0.1m,06/12/2026,3669
INV315730,Building cleaning services,Menzies International (Aust) Pty Ltd,211510.14 AUD,08 July 2027,3634
INV315731,Building cleaning services,Programmed Facilzty Management Pty Ltd,10916.94,14/05/2029,3630
INV315732,Graffiti management and pressure cleaning services,Calcorp Services Pty Ltd (AUS),"$176,278.75",2028-07-29,3668
INV315733,Civil infrastructure services,Citywide Service Solutions Pty Lhd,131463.0 AUD,28/10/02,3678
INV315734,Management of Active Melbourne recreation facilities,victorian ymca community programming pty ltd,0.0m,16/06/2025,3615
INV315735,Vehicle tow away and impound services,Nationwide  Towing  Services,43906.82,10/01/2025,3585
INV315736,Civil infrastructure services,citywide service solutions pty ltd,36329.21,2025-08-18,3665
INV315737,Vehicle tow away and impound services,Nationwide Towing Services,0.2m,2028-02-28,3585
INV315738,Management of Active Melbourne recreation facilities,Victorian YMCA Community Programming Pty Ltd,101553.08,27/05/21,3615
INV315739,Integrated security services,National Protective Services Pty. Ltd.,0.0m,29/12/01, 
INV315740,Waste management services,Cleanaway Waste Management Limited (AUS),"$198,487.32",13 February 2028,3556
INV315741,Civil infrastructure services,Citywide Service ,0.1m,19/12/2025,3665
INV315742,Waste management services,cleanaway waste management limited,12755.6,2026-01-22,3556
INV315743,Building cleaning services,Menzies International (Aust) Pty Ltd,97053.37,12 July 2025, 
INV315744,Melbourne Town Hall venue management,Showtime,"$215,942.51",2029-12-11,3670
INV315745,Building maintenance services,Programmed Facility Management Pty Ltd,"$116,443.15",2027-12-16,3630
INV315746,Building cleaning services,Menzies International (Aust) Pty Ltd,150530.31,27/06/2029,3634
INV315747,Building maintenance services,cleanaway waste management limited,68826.4 AUD,17/11/2025,3556
INV315748,Integrated security services,National Protective Services Pty Ltd (AU),22705.29 AUD,28/06/2028,3686
INV315749,Civil infrastructure services,citywide service solutions pty ltd,"$45,857.32",2029-12-24, 
INV315750,Building cleaning services,Menzies Intl (Aust) Pty Ltd,0.2m,04-Apr-2027, 
INV315751,Management of Active Melbourne recreation facilities,Victorian,"$113,142.85",18/08/2029,3615
INV315752,Tree management maintenance services,CitywideServiceSolutionsPtyLtd,131590.93,2026-05-25,3678
INV315753,Vehicle tow away and impound services,nationwide towing services,52048.11,09/05/2027,3585
INV315754,Integrated security services,National Protective Servihes Pty Ltd,"$146,372.99",29/11/03,3686
INV315755,Parking technology services,Reino International Pty Ltd T/A Duncan Solutions,0.1m,26/06/25,3623
INV315756,Waste management services,aleanaway Waste Management Limited,126960.39,03-Aug-2029,3556
INV315757,Building cleaning services,Menzies International (Aust) Pty Ltd (AU),110758.91,2029-02-21,3634
INV315758,Integrated security services,National,117327.45 AUD,22/02/2025,3686
INV315759,Open spaces management - region 1,Citywide Service Solutions Pty Ltd (AU),205862.65,29/02/15,3676
INV315760,Integrated security services,National Protective Services Pty Ltd,55437.87 AUD,12/10/2025,3686
INV315761,Vehicle tow away and impound services,Nationwide To,74444.21 AUD,27/02/19,3585
INV315762,Integrated security services,National Protective Services Pty. Ltd.,227643.2 AUD,29/10/30,3686
INV315763,Open spaces management - region 1,Citywide  Service  Solutions  Pty  Ltd,"$34,902.33",29/03/2026,3676
INV315764,Street cleaning,Spotless  Facility  Services  Pty  Ltd,3868.72 AUD,2026-04-04,3669
INV315765,Vehicle tow away and impound services,nationwide towing services,187908.99 AUD,19/10/2026,3585
INV315766,Graffiti management and pressure cleaning services,Calcorp Services P/L,0.1m,09 June 2025,3668
INV315767,Parking technology services,SPOTLESS FACILITY SERVICES PTY LTD,44872.92,07/04/2025, 
INV315768,Vehicle tow away and impound services,Nationwide Towiig Services,220196.51 AUD,12-Jun-2027,3585
INV315769,Open spaces management - region 1,Citywide Service SolutionslPty Ltd,223462.79 AUD,30 August 2028,3676
INV315770,Graffiti management and pressure cleaning services,Calcorp Services Pty Ltd (AU),51476.21,28/01/05,3668
INV315771,Building maintenance services,Programmed Facility Mgmt Pty Ltd,"$243,506.95",04/05/2026,3630
INV315772,Tree management maintenance services,Citywide Service Solutions Pty Ltd,0.1m,2026-06-26,3678
INV315773,Tree management maintenance services,Citywide Service Solutions Pty. Ltd.,117620.76,08/06/2027,3678
INV315774,Parking technology services,Reino International Pty Ltd T/A Duncan Solutions,25882.43,15 July 2027,3623
INV315775,Building cleaning services,Menzies International (Aust) Pty Ltd (AUS),"$62,526.95",20/03/2025,3634
INV315776,Parking technology services,REINO INTERNATIONAL PTY LTD T/A DUNCAN SOLUTIONS,212795.55 AUD,21-May-2027,3623
INV315777,Street cleaning,Spotless Facility Services Pty. Ltd.,0.0m,05-Mar-2029,3669
INV315778,Management of Active Melbourne recreation facilities,Victorian YMCA Community Programming Pty Ltd,0.2m,06/04/2029, 
INV315779,Building maintenance services,Programmed Facility Management Pty Ltd (AU),145417.42 AUD,02 July 2028,3630
INV315780,Street cleaning,Spotless Facility Services Pty. Ltd.,78922.98,28/05/2026,3669
INV315781,Parking technology services,ReinoInternationalPtyLtdT/ADuncanSolutions,0.0m,22/06/2029,3623
INV315782,Waste management services,cleanaway waste management limited,107177.47,20/07/2026,3556
INV315783,Open spaces management - region 1,Citywide Servict Solutions Pty Ltd,11508.74,29/04/20,3676
INV315784,Building cleaning services,Menzies International (Aust) Pty Ltd,32500.22,05-Jul-2029,3634
INV315785,Open spaces management - region 1,Citywide Service Solutions P/L,150600.14,26/08/01,3676
INV315786,Open spaces management - region 1,Citywide Service Solutions Pty Ltd (AUS),210658.12,23/07/2028,3676
INV315787,Vehicle tow away and impound services,Nationwide,3061.9,2029-10-21,3585
INV315788,Parking technology services,Reino Intl Pty Ltd T/A Duncan Solutions,201918.33,04 January 2027,3623
INV315789,Management of Active Melbourne recreation facilities,VictorianYMCACommunityProgrammingPtyLtd,41745.2 AUD,31/07/2026,3615
INV315790,Integrated security services,NATIONAL PROTECTIVE SERVICES PTY LTD,,20/07/2029,3686
INV315791,Open spaces management - region 1,Citywide Service Solutions Pty Ltd,"$72,236.47",31/10/2029,3676
INV315792,Vehicle tow away and impound services,NationwideTowingServices,"$130,545.2",2028-07-03,3585
INV315793,Open spaces management - region 1,Citywide Service Solutions Pty Ltd,228231.27,18-Aug-2026,3676
INV315794,Open spaces management - region 1,Citywide,162434.0 AUD,29-May-2029,3676
INV315795,Management of Active Melbourne recreation facilities,Victorian  YMCA  Community  Programming  Pty  Ltd,128052.9,14 January 2028,3615
INV315796,Waste management services,Cleanaway  Waste  Management  Limited,0.0m,26/06/30,3556
INV315797,Graffiti management and pressure cleaning services,Calcorp Services Pty Ltd,159562.39 AUD,17-Dec-2025,3668
INV315798,Civil infrastructure services,citywide service solutions pty ltd,"$10,377.74",2028-01-09,3665
INV315799,Waste management services,Victorian YMCA Community Programming P/L,76551.01 AUD,22-Jul-2026,3615
INV315800,Integrated security services,NATIONAL PROTECTIVE SERVICES PTY LTD,0.0m,2026-01-07,3686
INV315801,Waste management services,Cleanaway Waste M,226189.81,28/02/2026,3556
INV315802,Building cleaning services,Menzies International (Aust) Pty. Ltd.,208843.21 AUD,13/05/2028,3634
INV315803,Open spaces management - region 2,SERCO,171637.61,06/06/2027,3677
INV315804,Civil infrastructure services,Citywide Service Solutions P/L,141833.16,27/08/02,3665
INV315805,Vehicle tow away and impound services,Nationwide Towing Services (AU),"$114,766.76",27/09/12,3585
INV315806,Management of Active Melbourne recreation facilities,Victorian YMCA Community Programming Pty. Ltd.,197913.45 AUD,13/09/2025,3615
INV315807,Integrated security services,National Protective Services Pty Ltd,8442.78,19/04/2026,3686
INV315808,Building maintenance services,Programmed  Facility  Management  Pty  Ltd,74847.09,27/11/15,3630
INV315809,Open spaces management - region 2,SpRCO,143065.42 AUD,20 March 2025,3677
INV315810,Open spaces management - region 1,Citywide Service Solutions Pty Ltd,0.2m,24-May-2026,3676
INV315811,Parking technology services,Reino International Pty Ltd T/A Duncan Solutions (AU),133970.59 AUD,20-Sep-2028,3623
INV315812,Graffiti management and pressure cleaning services,Calcorp Services Pty Ldd,220468.56,29 October 2025,3668
INV315813,Tree management maintenance services,Citywide Service Solutions Pty Ltd,30053.96 AUD,25/02/2025,3678
INV315814,Street cleaning,Reino Intl Pty Ltd T/A Duncan Solutions,"$166,062.17",2028-01-11,3623
INV315815,Vehicle tow away and impound services,Nationwide To,244816.32 AUD,27/07/12,3585
INV315816,Building maintenance services,programmed facility management pty ltd,82574.51,29/03/31,3630
INV315817,Street cleaning,Spotless Facility Services Pty. Ltd.,126383.76,27/11/2026,3669
INV315818,Vehicle tow away and impound services,Nationwide,0.2m,2027-05-17,3585
INV315819,Waste management services,CLEANAWAY WASTE MANAGEMENT LIMITED,"$132,793.77",29/10/16, 
INV315820,Waste management services,Cleanaway Waste Management Limited,40636.28 AUD,2025-04-12,3556
INV315821,Graffiti management and pressure cleaning services,Calcorp Services Pty Ltd,218780.85,17/01/2029,3668
INV315822,Graffiti management and pressure cleaning services,Showtime Event,14093.91 AUD,2027-04-01,3670
INV315823,Melbourne Town Hall venue management,Showtime Event Group Pty Ltd,55238.1 AUD,02 March 2027,3670
INV315824,Management of Active Melbourne recreation facilities,VictorianYMCACommunityProgrammingPtyLtd,193729.66,2025-04-03,3615
INV315825,Street cleaning,Spotless  Facility  Services  Pty  Ltd,143016.61 AUD,2027-12-09,3669
INV315826,Management of Active Melbourne recreation facilities,Victorian Ymca Community Programming Pty Ltd,,21-Apr-2025,3615
INV315827,Waste management services,Cleanaway Waste Management Ltd,60313.07,14 July 2026,3556
INV315828,Graffiti management and pressure cleaning services,Calcorp Services Pty Ltd (AU),"$211,685.35",12/09/2026,3668
INV315829,Parking technology services,ReinoInternationalPtyLtdT/ADuncanSolutions,138925.04,29/05/21,3623
INV315830,Graffiti management and pressure cleaning services,Calcorp,0.1m,25/09/22,3668
INV315831,Civil infrastructure services,citywide service solutions pty ltd,180716.28,01-Jan-2027,3665
INV315832,Open spaces management - region 1,Cigywide Service Solutions Pty Ltd,79909.98 AUD,,3676
INV315833,Open spaces management - region 1,Citywide Service Solutions Pty Ltd,"$196,173.26",22 March 2027,3678
INV315834,Open spaces management - region 2,SERCO,"$32,179.61",25/01/02,3677
INV315835,Parking technology services,Reino International Pty Ltd T/A Duncan Solutions (AUS),,05-Oct-2029,3623
INV315836,Open spaces management - region 2,SERCO,33287.55 AUD,2025-10-18,3677
INV315837,Building maintenance services,Programmed Facility Management Pty Ltd,"$42,940.77",09/09/2028,3630
INV315838,Management of Active Melbourne recreation facilities,Victorian YMCA Community Programming Pty Ltd (AU),141355.18,09/08/2025,3615
INV315839,Waste management services,Cleanaway Waste M,236719.5 AUD,03 January 2028,3556
INV315840,Integrated security services,National Protective Services Pty Ltd,,08/11/2026,3686
INV315841,Tree management maintenance services,Citywide,188968.72,31 May 2029,3678
INV315842,Integrated security services,National  Protective  Services  Pty  Ltd,0.2m,17-Mar-2025,3686
INV315843,Vehicle tow away and impound services,Nationwide Towing Services,190130.82 AUD,2028-03-25,3585
INV315844,Open spaces management - region 2,SERCO,"$197,229.75",04/01/2027,3677
INV315845,Waste management services,Cleanaway Waste Management Limited,43885.96,16 March 2027,3556
INV315846,Building cleaning services,Menzies Intl (Aust) Pty Ltd,235030.9 AUD,2029-11-12,3634
INV315847,Building cleaning services,Menzies International (Aust) P/L,0.2m,02/11/2028,3634
INV315848,Vehicle tow away and impound services,Nationwide Towing Services,0.2m,18/02/2028,3585
INV315849,Building maintenance services,Programmed Facility Management Pty Ltd (AU),0.0m,28/10/30,3630
INV315850,Civil infrastructure services,Citywide Service Solutions P/L,102017.2,28/09/27,3665
INV315851,Vehicle tow away and impound services,Nationwide Towing Services,206154.45,2025-12-10,3585
INV315852,Open spaces management - region 2,SERCO,"$153,705.62",28-May-2025,3677
INV315853,Integrated security services,National  Protective  Services  Pty  Ltd,103360.95,25/05/31,3686
INV315854,Open spaces management - region 2,serco,0.1m,29 October 2028,3677
INV315855,Waste management services,Cleanaway Waste Management Limited (AUS),56614.39 AUD,10/09/2029,3556
INV315856,Open spaces management - region 2,SERCO,"$138,823.78",07/07/2028,3677
INV315857,Open spaces management - region 2,SERCO,0.0m,28/11/29,3677
INV315858,Civil infrastructure services,Citywide Service Solutions Pty Ltd (AU),82689.67 AUD,05/02/2029,3665
INV315859,Graffiti management and pressure cleaning services,Calcorp Services Pty. Ltd.,0.1m,26/01/24,3668
INV315860,Building cleaning services,Menzies,"$115,380.07",29-Mar-2027, 
INV315861,Open spaces management - region 2,SERCO,"$219,179.95",29/08/31,3677
INV315862,Management of Active Melbourne recreation facilities,Victorian YMCA Community Prxgramming Pty Ltd,0.1m,22/09/2025,3615
INV315863,Tree management maintenance services,CITYWIDE SERVICE SOLUTIONS PTY LTD,147616.48,2025-04-25,3678
INV315864,Melbourne Town Hall venue management,SHOWTIME EVENT GROUP PTY LTD,0.2m,2029-03-30,3670
INV315865,Street cleaning,spotless facility services pty ltd,70315.73,22 August 2027,3669
INV315866,Street cleaning,SPOTLESS FACILITY SERVICES PTY LTD,"$172,456.83",2027-12-14,3669
INV315867,Open spaces management - region 1,Citywide Service Solutions Pty Ltd (AU),166185.65 AUD,26 October 2027,3676
INV315868,Management of Active Melbourne recreation facilities,VictorianYMCACommunityProgrammingPtyLtd,840.15,30 January 2029,3615
INV315869,Waste management services,Cleanaway Waste Management Limited (AUS),0.1m,26/01/04, 
INV315870,Parking technology services,REINO INTERNATIONAL PTY LTD T/A DUNCAN SOLUTIONS,"$38,283.46",28-May-2026,3623
INV315871,Waste management services,Cleanaway Waste Management Ltd,182062.83 AUD,03 December 2028,3556
INV315872,Melbourne Town Hall venue management,Showtime Event Group Pty Ltd,0.0m,24 September 2028,3670
INV315873,Building cleaning services,Menzies Int’l (Aust) Pty Ltd,139067.68,17/03/2027,3634
INV315874,Management of Active Melbourne recreation facilities,Victorian YMCA Community Programming Pty. Ltd.,"$58,777.54",2029-04-27,3615
INV315875,Building maintenance services,Programmed Facility Management Pty Ltd (AU),238181.84,15/09/2026,3630
INV315876,Waste management services,Cleanaway,"$136,659.45",26 September 2025,3556
INV315877,Open spaces management - region 1,iitywide Service Solutions Pty Ltd,0.1m,10/07/2029,3676
INV315878,Open spaces management - region 1,Citywide Service Solutions Pty Ltd (AU),"$111,530.46",11/02/2027,3676
INV315879,Building cleaning services,Menzies International (Aust) Pty Ltd,21412.51 AUD,07/10/2028,3634
INV315880,Integrated security services,National  Protective  Services  Pty  Ltd,"$243,971.14",13/08/2026,3686
INV315881,Open spaces management - region 2,SERCO (AU),56152.96 AUD,04 August 2027,3677
INV315882,Waste management services,cleanaway waste management limited,"$217,608.23",2027-09-05, 
INV315883,Graffiti management and pressure cleaning services,Calcorp Services Pty Ltd,190363.83 AUD,04/12/2026,3668
INV315884,Graffiti management and pressure cleaning services,Calcorp Services P/L,103824.85,25/01/31,3668
INV315885,Waste management services,Cleanaway  Waste  Management  Limited,0.1m,2027-10-28,3556
INV315886,Parking technology services,ReinoInternationalPtyLtdT/ADuncanSolutions,128843.25,31 July 2026,3623
INV315887,Open spaces management - region 2,SERCO,199690.47 AUD,2026-06-17,3677
INV315888,Parking technology services,Reino International Pty Ltd T/A Duncan Solutions (AUS),"$239,143.13",27/12/06,3623
INV315889,Open spaces management - region 2,serco,57176.21,26 November 2029,3677
INV315890,Vehicle tow away and impound services,Nationwide Towing Services,0.1m,04/11/2029,3585
INV315891,Street cleaning,Spotless Facility Services Pty Ltd,"$58,587.36",18/12/2028,3669
INV315892,Management of Active Melbourne recreation facilities,Victorian Ymca Community Programming Pty Ltd,119145.78 AUD,27/03/12,3615
INV315893,Tree management maintenance services,CITYWIDE SERVICE SOLUTIONS PTY LTD,210984.85 AUD,01/01/2027,3678
INV315894,Waste management services,Cleanaway Waste Management Limited (AUS),"$71,754.74",10/04/2028,3556
INV315895,Management of Active Melbourne recreation facilities,Victorian YMCA Community Programming Pty Ltd,188756.91,13/07/2025,3615
INV315896,Integrated security services,National Protectiv,134477.1 AUD,2025-04-25,3686
INV315897,Street cleaning,SpotlessFacilityServicesPtyLtd,"$112,726.15",2027-09-08,3669
INV315898,Management of Active Melbourne recreation facilities,Victorian YMCA Communi,120117.66,26/06/2026,3615
INV315899,Street cleaning,Spotless Facility Services Pty. Ltd.,0.1m,04 July 2028,3669
INV315900,Tree management maintenance services,Citywide Service Solutitns Pty Ltd,150054.84 AUD,2025-02-02,3678
INV315901,Integrated security services,National Protective Services Pty Ltd,247326.73,15 March 2028,3686
INV315902,Open spaces management - region 2,serco,0.2m,29/09/2027,3677
INV315903,Street cleaning,Spotless Facility Services Pty Ltd (AU),238653.31 AUD,2026-04-19,3669
INV315904,Graffiti management and pressure cleaning services,calcorp services pty ltd,229946.71 AUD,30/03/2028,3668
INV315905,Vehicle tow away and impound services,Nationwide Towing Seyvices,"$5,109.73",02-Aug-2027,3585
INV315906,Building cleaning services,Menzies International (Aust) Pty Ltd (AU),105378.9 AUD,27-Mar-2027,3634
INV315907,Melbourne Town Hall venue management,ShowtimeEventGroupPtyLtd,0.2m,2026-11-16,3670
INV315908,Vehicle tow away and impound services,Nationwide Towing Services,165943.94,26/04/26,3585
INV315909,Parking technology services,Reino International Pty Ltd T/A Duncan Solutions (AUS),"$95,000.68",23/07/2025,3623
INV315910,Civil infrastructure services,CitywideServiceSolutionsPtyLtd,91299.69,25-Mar-2025,3665
INV315911,Open spaces management - region 1,Citywide Service Solutions Pty Ltd,0.1m,07/07/2025,3676
INV315912,Building maintenance services,Programmed,104699.38,05-Apr-2026,3630
INV315913,Integrated security services,national protective services pty ltd,0.2m,17/06/2026,3686
INV315914,Melbourne Town Hall venue management,Showtime  Event  Group  Pty  Ltd,116522.31,18/09/2028,3670
INV315915,Building cleaning services,Menzies,247921.69,13/10/2028,3634
INV315916,Building maintenance services,Programmed,12768.67 AUD,2027-12-04,3630
INV315917,Civil infrastructure services,CitywideServiceSolutionsPtyLtd,35254.04 AUD,07/06/2025,3665
INV315918,Melbourne Town Hall venue management,SHOWTIME EVENT GROUP PTY LTD,"$31,509.44",21-Jun-2025, 
INV315919,Open spaces management - region 1,Citywide Service Solutions Pty Ltd,72764.13 AUD,26/01/18,3676
INV315920,Melbourne Town Hall venue management,Showtime,0.1m,26/11/18,3670
INV315921,Management of Active Melbourne recreation facilities,Victorian YMCA Community Programming P/L,28129.41,18/04/2027,3615
INV315922,Management of Active Melbourne recreation facilities,Victorian YMCA Community Programming Pty Ltd (AU),64441.84,21-Feb-2026,3615
INV315923,Vehicle tow away and impound services,Nationwide To,241995.15,2026-04-18,3585
INV315924,Building maintenance services,Programmed Facility Management Pty Ltd (AU),87655.76 AUD,17-Jan-2027,3630
INV315925,Building cleaning services,Menzies International (Aust) Pty. Ltd.,215209.72 AUD,29/05/2025,3634
INV315926,Open spaces management - region 1,Citywide Service Solutions Pty Ltd,133896.31,02/12/2027,3676
INV315927,Waste management services,Cleanaway Waste Management Limited,68068.1,2029-03-05,3556
INV315928,Civil infrastructure services,Citywide Service Solutions Pty Ltd,241221.51,,3665
INV315929,Building maintenance services,PROGRAMMED FACILITY MANAGEMENT PTY LTD,0.0m,26/05/07,3630
INV315930,Integrated security services,NATIONAL PROTECTIVE SERVICES PTY LTD,117364.82 AUD,,3686
INV315931,Vehicle tow away and impound services,Nationwide Towing Services (AUS),0.1m,11-Mar-2028,3585
INV315932,Building cleaning services,Menzies International (Aust) P/L,105105.33,24/04/2028,3634
INV315933,Management of Active Melbourne recreation facilities,VICTORIAN YMCA COMMUNITY PROGRAMMING PTY LTD,0.0m,23-Apr-2026,3615
INV315934,Management of Active Melbourne recreation facilities,Victorian Ymca Community Programming Pty Ltd,0.2m,2029-02-27,3615
INV315935,Open spaces management - region 2,SERCO (AU),26465.58 AUD,2028-09-25,3677
INV315936,Street cleaning,Spotless Facility Services Pty Ltd,"$31,420.21",04-Mar-2027,3669
INV315937,Building cleaning services,MenziesInternational(Aust)PtyLtd,0.0m,26/08/27,3634
INV315938,Vehicle tow away and impound services,Nationwide Towing Services,"$52,192.17",2027-08-31,3585
INV315939,Civil infrastructure services,Citywide Service ,246184.89 AUD,08-Mar-2027, 
INV315940,Building cleaning services,Menzies Internatio,0.1m,25/03/2029,3634
INV315941,Open spaces management - region 1,Citywide  Service  Solutions  Pty  Ltd,"$2,624.21",23/05/2029,3676
INV315942,Management of Active Melbourne recreation facilities,Victorian YMCA Community Programming Pty Ltd (AUS),175642.55,2027-03-14,3615
INV315943,Building cleaning services,Menzies  International  (Aust)  Pty  Ltd,246503.58,03 July 2027,3634
INV315944,Street cleaning,Spotless Facility Servicfs Pty Ltd,0.2m,21 October 2029,3669
INV315945,Parking technology services,Reino Intl Pty Ltd T/A Duncan Solutions,0.0m,06/05/2026,3623
INV315946,Graffiti management and pressure cleaning services,Calcorp Services Pty Ltd,61283.36,06 September 2029,3668
INV315947,Building maintenance services,Programmed Facility Management Pty. Ltd.,"$157,561.04",31/10/2026,3630
INV315948,Street cleaning,Spotless Facility Services Pty Ltd (AUS),78660.64,01-Oct-2025,3669
INV315949,Graffiti management and pressure cleaning services,CALCORP SERVICES PTY LTD,0.0m,2028-10-01,3668
INV315950,Building maintenance services,programmed facility management pty ltd,"$48,560.06",29/10/2027, 
INV315951,Building cleaning services,Menzies International (Aust) Pty Ltd (AUS),0.2m,07 November 2028,3634
INV315952,Open spaces management - region 1,CITYWIDE SERVICE SOLUTIONS PTY LTD,40192.7,2026-01-20,3676
INV315953,Building cleaning services,Menzies International (Aust) P/L,237083.88,2028-04-17,3634
INV315954,Tree management maintenance services,Citywide  Service  Solutions  Pty  Ltd,194955.45 AUD,2029-06-09,3678
INV315955,Integrated security services,National Protecrive Services Pty Ltd,91539.63,01/02/2028,3686
INV315956,Building maintenance services,Victorian YMCA Community Programming P/L,68271.59,23/11/2028,3615
INV315957,Waste management services,CleanawayWasteManagementLimited,"$62,255.88",22/08/2025,3556
INV315958,Integrated security services,NationalProtectiveServicesPtyLtd,57790.78 AUD,27/09/25,3686
INV315959,Civil infrastructure services,Citywide Service ,154171.73,25/12/09,3665
INV315960,Management of Active Melbourne recreation facilities,Victorian YMCA Community Programming Pty Ltd (AU),163581.15 AUD,27/02/20,3615
INV315961,Waste management services,Cleanaway Waste Management Limited,112911.45,06/05/2029,3556
INV315962,Integrated security services,National Protective Services Pty Ltd (AUS),"$117,467.03",26-Feb-2026,3686
INV315963,Melbourne Town Hall venue management,Showtime Event Group Pty Ltd,161194.41,07-Jan-2025,3670
INV315964,Management of Active Melbourne recreation facilities,victorian ymca community programming pty ltd,32337.17,15/04/2029,3615
INV315965,Integrated security services,Programmed Facility Management Pty Ltd,0.2m,15/05/2025,3630
INV315966,Building maintenance services,Programmed Facility,166150.93 AUD,2025-03-22,3630
INV315967,Open spaces management - region 2,SERCO,32701.91 AUD,15/04/2027,3677
INV315968,Building cleaning services,Menzies International (Aust) Pty Ltd (AU),"$185,556.93",11 November 2025,3634
INV315969,Graffiti management and pressure cleaning services,Calcorp Serv,"$232,460.94",29/09/2029, 
INV315970,Vehicle tow away and impound services,Nationwide Towing Services,0.2m,03 October 2025,3585
INV315971,Melbourne Town Hall venue management,Showtime Event Group Pty Ltd (AU),"$229,445.48",2028-05-05,3670
INV315972,Vehicle tow away and impound services,nationwide towing services,"$138,055.47",30/05/2025,3585
INV315973,Parking technology services,reino international pty ltd t/a duncan solutions,197851.91,29/04/2027,3623
INV315974,Integrated security services,National Protective Services Pty Ltd,0.2m,14 December 2025,3686
INV315975,Graffiti management and pressure cleaning services,Calcorp Services P/L,0.0m,29/01/22,3668
INV315976,Vehicle tow away and impound services,Nationwide,8512.4 AUD,2025-09-05,3585
INV315977,Open spaces management - region 2,Serco,895.55,06-Dec-2027,3677
INV315978,Parking technology services,reino international pty ltd t/a duncan solutions,"$163,943.93",2027-10-09, 
INV315979,Street cleaning,SPOTLESS FACILITY SERVICES PTY LTD,"$242,958.93",25/05/28,3669
INV315980,Melbourne Town Hall venue management,Showtime Event Group Pty. Ltd.,0.1m,17-Feb-2029, 
INV315981,Open spaces management - region 1,CitywideServiceSolutionsPtyLtd,"$63,719.18",19/02/2028,3676
INV315982,Parking technology services,Reino International Pty Ltd T/A Duncan Solutions (AUS),0.2m,08/07/2026,3623
INV315983,Building maintenance services,SHOWTIME EVENT GROUP PTY LTD,17415.34,2028-09-13,3670
INV315984,Street cleaning,Spotless  Facility  Services  Pty  Ltd,12762.15,2029-03-06,3669
INV315985,Building cleaning services,Menzies International (Aust) Pty Ltd,"$67,389.03",28-Apr-2025,3634
INV315986,Melbourne Town Hall venue management,Showtime  Event  Group  Pty  Ltd,216289.39,16 October 2026,3670
INV315987,Tree management maintenance services,CITYWIDE SERVICE SOLUTIONS PTY LTD,195901.46,03 May 2026,3678
INV315988,Parking technology services,Reino International Pty. Ltd. T/A Duncan Solutions,0.2m,05/03/2027,3623
INV315989,Open spaces management - region 1,CITYWIDE SERVICE SOLUTIONS PTY LTD,138461.8,26/12/28,3676
INV315990,Open spaces management - region 1,Cleanaway Waste Management Ltd,"$102,402.94",14 October 2027,3556
INV315991,Management of Active Melbourne recreation facilities,Victoricn YMCA Community Programming Pty Ltd,166953.44 AUD,30/09/2028,3615
INV315992,Melbourne Town Hall venue management,Showtime Event,"$165,646.89",25/07/12,3670
INV315993,Melbourne Town Hall venue management,Showtime Event Group Pty Ltd,89384.61,29/05/2029,3670
INV315994,Management of Active Melbourne recreation facilities,victorian ymca community programming pty ltd,0.1m,12/07/2025,3615
INV315995,Parking technology services,Reino Intl Pty Ltd T/A Duncan Solutions,98612.02,03 May 2026,3623
INV315996,Management of Active Melbourne recreation facilities,Victorian YMCA Community Programming Pty Ltd,80397.11,26-Feb-2027,3615
INV315997,Melbourne Town Hall venue management,ShowtimeEventGroupPtyLtd,208232.4,07-Apr-2029,3670
INV315998,Open spaces management - region 2,SERCO,208105.36 AUD,28/04/28,3677
INV315999,Parking technology services,Reino International Pty Ltd T/A Duncan Solutions,0.2m,2028-04-10,3623
INV316000,Waste management services,Cleanawav Waste Management Limited,199887.25,28/09/14,3556
