InvoiceID,ContractTitle,Provider,InvoiceAmount,InvoiceDate,ContractNumber
INV163001,Building maintenance services,Programmed Facility,"$245,753.92",16-Feb-2027,3630
INV163002,Open spaces management - region 2,SERCO,"$138,594.94",12-Nov-2025,3677
INV163003,Integrated security services,Showtime Event,204618.04,15 February 2027,3670
INV163004,Integrated security services,National Protective Services P/L,55300.86 AUD,21/08/2028,3686
INV163005,Integrated security services,National Protective Services Pty. Ltd.,161463.33,25/01/06,3686
INV163006,Open spaces management - region 1,Citywide Service Solutions Pty Ltd,0.1m,15 August 2029,3676
INV163007,Management of Active Melbourne recreation facilities,Victorian Ymca Community Programming Pty Ltd,69399.39,26/08/15,3615
INV163008,Open spaces management - region 2,SERCO,0.2m,2026-02-16,3677
INV163009,Open spaces management - region 2,National Protectiv,"$206,730.72",2025-04-02,3686
INV163010,Melbourne Town Hall venue management,Citywide Service Solutions Pty Ltd (AU),0.1m,31/05/2026,3678
INV163011,Tree management maintenance services,Citywide Service Solutions Pty. Ltd.,76477.17,05 March 2025,3678
INV163012,Integrated security services,National Protectice Services Pty Ltd,0.1m,03 April 2028,3686
INV163013,Waste management services,Cleanaway Waste Management Limited,213908.55 AUD,06-Nov-2029,3556
INV163014,Waste management services,Cleanaway Waste Management Ltd,179232.25,2028-06-15,3556
INV163015,Building cleaning services,Menzies  International  (Aust)  Pty  Ltd,199746.39,05/11/2026,3634
INV163016,Waste management services,Cleanaway Waste Management Limited (AU),"$175,298.1",22/09/2027,3556
INV163017,Management of Active Melbourne recreation facilities,Victorian  YMCA  Community  Programming  Pty  Ltd,122127.11,18 October 2026, 
INV163018,Building maintenance services,Programmed Facility,0.2m,23 January 2028, 
INV163019,Management of Active Melbourne recreation facilities,Victorian Ymca Community Programming Pty Ltd,52887.82,2028-07-17,3615
INV163020,Integrated security services,National Protectiv,0.2m,06 January 2026,3686
INV163021,Building cleaning services,Menzies International (Aust) Pty. Ltd.,20639.98 AUD,04 August 2029,3634
INV163022,Open spaces management - region 2,SERCO,0.1m,25/06/20,3677
INV163023,Management of Active Melbourne recreation facilities,Victorian  YMCA  Community  Programming  Pty  Ltd,"$168,608.7",21/08/2029,3615
INV163024,Tree management maintenance services,Citywide Service Solutions Pty Ltd,0.0m,2028-07-20,3678
INV163025,Waste management services,Cleanaway Waste Management Limited (AU),92391.96,31 August 2028,3556
INV163026,Building maintenance services,ProgrammedFacilityManagementPtyLtd,81521.36 AUD,09/06/2027,3630
INV163027,Integrated security services,National Protectiv,55559.89 AUD,25/12/2026,3686
INV163028,Parking technology services,Reino  International  Pty  Ltd  T/A  Duncan  Solutions,"$83,833.55",2027-08-28,3623
INV163029,Parking technology services,ReinoInternationalPtyLtdT/ADuncanSolutions,138611.25,01-Sep-2026,3623
INV163030,Vehicle tow away and impound services,Spotless Facility,215502.69,27/07/15,3669
INV163031,Vehicle tow away and impound services,nationwide towing services,169818.19,21/03/2025,3585
INV163032,Building cleaning services,Menzies Intl (Aust) Pty Ltd,15068.48,2028-07-30,3634
INV163033,Integrated security services,NATIONAL PROTECTIVE SERVICES PTY LTD,0.2m,15/10/2029,3686
INV163034,Parking technology services,Reino International Pty Ltd T/A Duncan Solutions,0.2m,02/04/2029,3623
INV163035,Integrated security services,Showtime Event Group Pty Ltd (AU),60204.68,23 October 2025,3670
INV163036,Tree management maintenance services,Citywide Service Solutions Pty Ltd (AUS),41677.9,21-Jan-2025,3678
INV163037,Management of Active Melbourne recreation facilities,Victorian YMCA Community Programming Pty Ltd,61932.74,05/04/2028,3615
INV163038,Parking technology services,reino international pty ltd t/a duncan solutions,238498.07 AUD,27/11/2025,3623
INV163039,Building maintenance services,Programmed Facility Management Pty Ltd (AUS),"$141,729.24",09 March 2028,3630
INV163040,Building maintenance services,Programmed Facility,64143.05,25/09/2029,3630
INV163041,Waste management services,Cleanaway Waste Management Limited,,07/07/2029,3556
INV163042,Melbourne Town Hall venue management,Showtime Event,88299.38 AUD,2025-04-23,3670
INV163043,Street cleaning,spotless facility services pty ltd,100021.93 AUD,10/03/2025,3669
INV163044,Graffiti management and pressure cleaning services,Calcorp Services Pty Ltd (AU),"$54,925.38",2026-12-11,3668
INV163045,Open spaces management - region 1,Citywide Service Solutions Pty Ltd (AUS),"$210,753.38",2028-08-15,3676
INV163046,Vehicle tow away and impound services,Nationwide Towing Services (AUS),"$107,316.69",28/11/01,3585
INV163047,Management of Active Melbourne recreation facilities,VictorianYMCACommunityProgrammingPtyLtd,"$56,945.42",2025-02-09,3615
INV163048,Open spaces management - region 1,CitywideServiceSolutionsPtyLtd,0.1m,18/11/2027,3676
INV163049,Civil infrastructure services,Citywide Service Solutions Pty Ltd,12315.34,30/01/2025,3665
INV163050,Civil infrastructure services,Citywide Service Solutions Pty. Ltd.,"$21,807.87",31/10/2029,3665
INV163051,Vehicle tow away and impound services,Nationwide,159715.22,29/01/17,3585
INV163052,Management of Active Melbourne recreation facilities,Victorian  YMCA  Community  Programming  Pty  Ltd,0.1m,29/03/2029,3615
INV163053,Vehicle tow away and impound services,Nationwide Towing Services,204028.47,27/03/10,3585
INV163054,Parking technology services,Reino International Pty. Ltd. T/A Duncan Solutions,"$46,314.51",26/04/21,3623
INV163055,Open spaces management - region 2,SERCO (AU),0.1m,26 August 2025,3677
INV163056,Integrated security services,National Protective Services Pty. Ltd.,22821.26 AUD,13/09/2026,3686
INV163057,Parking technology services,Reino International Pty Ltd T/A Duncan Solutions,"$191,789.78",16 December 2029,3623
INV163058,Open spaces management - region 1,Citywide Service Solutions Pty Ltd (AUS),"$214,390.68",18-Sep-2025,3676
INV163059,Street cleaning,Spotless Facility Services Pty. Ltd.,222959.06,2026-06-02,3669
INV163060,Vehicle tow away and impound services,Nationwide Towing Services (AU),197582.41 AUD,15-Dec-2028,3585
INV163061,Open spaces management - region 1,Citywide Service Solutions Pty Ltd,"$246,673.68",2026-09-17,3676
INV163062,Vehicle tow away and impound services,Nationwide,0.2m,17/02/2027,3585
INV163063,Open spaces management - region 1,Citywide Service Solutions Pty Ltd,"$190,728.38",09-Mar-2027,3676
INV163064,Integrated security services,Victorian YMCA Community Programming Pty Ltd (AUS),102408.14,14-Jun-2028,3615
INV163065,Open spaces management - region 1,CITYWIDE SERVICE SOLUTIONS PTY LTD,93185.93,29/12/06,3676
INV163066,Open spaces management - region 1,Citywide Service Solutions Pty. Ltd.,26087.79,08/10/2028,3676
INV163067,Tree management maintenance services,Citywide Service Solutions P/L,162871.32 AUD,2029-11-16,3678
INV163068,Management of Active Melbourne recreation facilities,VictorianYMCACommunityProgrammingPtyLtd,108543.69,15 June 2028,3615
INV163069,Integrated security services,National Protective Services Pty Ltd,27522.56,09/10/2027,3686
INV163070,Street cleaning,Spotless Facility Services Pty Ltd,0.1m,10/02/2028,3669
INV163071,Tree management maintenance services,Citywide Servicj Solutions Pty Ltd,0.1m,20/04/2025,3678
INV163072,Vehicle tow away and impound services,Nationwide Towwng Services,162662.05,02/02/2025,3585
INV163073,Parking technology services,REINO INTERNATIONAL PTY LTD T/A DUNCAN SOLUTIONS,218254.01,26/04/2029, 
INV163074,Civil infrastructure services,Citywide  Service  Solutions  Pty  Ltd,"$30,439.64",30/03/2025,3665
INV163075,Melbourne Town Hall venue management,Showtime Event Group Pty Ltd,43618.03,14/03/2025,3670
INV163076,Open spaces management - region 2,SERCO,115720.21,05/11/2025,3677
INV163077,Street cleaning,spotless facility services pty ltd,71906.06,29-Nov-2025,3669
INV163078,Open spaces management - region 2,serco,215633.66 AUD,29/07/19,3677
INV163079,Melbourne Town Hall venue management,SHOWTIME EVENT GROUP PTY LTD,10068.09,26/09/10, 
INV163080,Civil infrastructure services,Citywide  Service  Solutions  Pty  Ltd,14768.39,10-Apr-2027,3665
INV163081,Melbourne Town Hall venue management,Showtime Event Group P/L,"$20,165.57",01-Feb-2027,3670
INV163082,Building cleaning services,Menzies International (Aust) Pty Ltd,80940.29,11 October 2026,3634
INV163083,Management of Active Melbourne recreation facilities,Victorian YMCA Community Programming Pty. Ltd.,108287.0 AUD,2029-04-27,3615
INV163084,Vehicle tow away and impound services,Nationwide Towing Services,73246.55,30/07/2028,3585
INV163085,Building cleaning services,menzies international (aust) pty ltd,221869.32 AUD,26-Nov-2026,3634
INV163086,Melbourne Town Hall venue management,Showtime Event Group Pty Ltd (AUS),6064.59,21/07/2025,3670
INV163087,Building maintenance services,ProgrammedFacilityManagementPtyLtd,124799.44 AUD,20/09/2027,3630
INV163088,Vehicle tow away and impound services,NationwideTowingServices,102344.78 AUD,26 September 2029,3585
INV163089,Parking technology services,ReinoInternationalPtyLtdT/ADuncanSolutions,"$191,212.52",29/11/25,3623
INV163090,Management of Active Melbourne recreation facilities,VictorianYMCACommunityProgrammingPtyLtd,158788.45,2028-08-12,3615
INV163091,Waste management services,Cleanaway Waste M,"$237,849.54",2025-07-12,3556
INV163092,Street cleaning,Spotless Facility Services PtylLtd,145554.97,25 September 2029,3669
INV163093,Graffiti management and pressure cleaning services,Calcorp Services Pty Ltd,"$4,922.13",05-Jun-2026,3668
INV163094,Vehicle tow away and impound services,Nationwide  Towing  Services,0.1m,30 December 2026,3585
INV163095,Open spaces management - region 2,Serco,148579.65 AUD,09 January 2025,3677
INV163096,Management of Active Melbourne recreation facilities,Victorian YMCA Community Programming Pty Ltd (AUS),"$177,126.72",23-Dec-2028, 
INV163097,Civil infrastructure services,Citywide Service Solutions Pty. Ltd.,53770.68,2027-02-15,3665
INV163098,Civil infrastructure services,Citywide Service Solutions Pty Ltd (AUS),224060.29 AUD,28/09/26,3665
INV163099,Open spaces management - region 2,iERCO,0.1m,21 January 2025,3677
INV163100,Vehicle tow away and impound services,Nationwide Towing Services (AUS),216845.03 AUD,16/02/2029,3585
INV163101,Tree management maintenance services,CitywideServiceSolutionsPtyLtd,0.1m,26/04/21,3678
INV163102,Open spaces management - region 1,Citywide Service Solutions Pty Ltd,0.0m,07/04/2025,3676
INV163103,Building maintenance services,Programmed Facility Mgmt Pty Ltd,119964.57,14/10/2028, 
INV163104,Management of Active Melbourne recreation facilities,Victorian YMCA Community ProgrammingnPty Ltd,31388.63 AUD,29/10/26,3615
INV163105,Civil infrastructure services,Citywide Service Solutions Pty Ltd (AU),132016.25 AUD,28/07/2027,3665
INV163106,Vehicle tow away and impound services,Nationwide Towing Services,100285.36 AUD,15 January 2027,3585
INV163107,Building maintenance services,Programmed Facility Management Pty. Ltd.,162596.8 AUD,2027-12-11,3630
INV163108,Management of Active Melbourne recreation facilities,Victorian  YMCA  Community  Programming  Pty  Ltd,,29/08/2029,3615
INV163109,Open spaces management - region 1,CITYWIDE SERVICE SOLUTIONS PTY LTD,0.1m,2025-11-21,3676
INV163110,Building cleaning services,Menzies International (Aust) Pty Ltd (AUS),117076.74,2025-02-06,3634
INV163111,Management of Active Melbourne recreation facilities,Victorian,0.2m,19 March 2027,3615
INV163112,Open spaces management - region 1,Citywide Service Solutions P/L,146556.73 AUD,26/12/05,3676
INV163113,Management of Active Melbourne recreation facilities,VICTORIAN YMCA COMMUNITY PROGRAMMING PTY LTD,51142.98 AUD,27/07/18,3615
INV163114,Management of Active Melbourne recreation facilities,Victorian  YMCA  Community  Programming  Pty  Ltd,"$182,819.86",2026-09-05,3615
INV163115,Tree management maintenance services,Citywide  Service  Solutions  Pty  Ltd,10857.69 AUD,2029-06-14,3678
INV163116,Building maintenance services,Programmed Facility Management Pty Ltd (AU),135495.7,2026-02-03,3630
INV163117,Parking technology services,Reino International Pty Ltd T/A Duncan Solutions,0.1m,28/04/10,3623
INV163118,Open spaces management - region 1,Citywide Service Solutions Pty Ltd,148319.61,2026-02-09,3676
INV163119,Vehicle tow away and impound services,NationwideTowingServices,170371.28,07/09/2026,3585
INV163120,Tree management maintenance services,citywide service solutions pty ltd,94477.0 AUD,28/04/14,3678
INV163121,Civil infrastructure services,citywide service solutions pty ltd,"$226,945.14",22 July 2026,3665
INV163122,Building maintenance services,Programmed  Facility  Management  Pty  Ltd,211872.13,26-Jul-2028,3630
INV163123,Tree management maintenance services,Citywide Service Solutions Pty Ltd (AU),"$123,192.91",2028-04-26,3678
INV163124,Management of Active Melbourne recreation facilities,Victorian YMCA Communi,0.2m,2025-07-27,3615
INV163125,Civil infrastructure services,Citywide Service ,0.2m,2027-09-02,3665
INV163126,Street cleaning,Spotless Facility Services P/L,69966.93 AUD,17/01/2025,3669
INV163127,Open spaces management - region 1,Citywide  Service  Solutions  Pty  Ltd,198216.8,13 September 2027,3676
INV163128,Street cleaning,SpotlessFacilityServicesPtyLtd,"$247,339.21",22-Nov-2027,3669
INV163129,Management of Active Melbourne recreation facilities,Victorian YMCA Community Programming Pty Ltd,0.1m,05 April 2029,3615
INV163130,Civil infrastructure services,Citywide Service Solutions Pty Ltd (AUS),0.1m,26/04/10,3665
INV163131,Integrated security services,National,"$173,592.18",30-Oct-2029,3686
INV163132,Graffiti management and pressure cleaning services,Calcorp Serv,217739.39 AUD,12-May-2026, 
INV163133,Tree management maintenance services,Citywide Service Solutions Pty. Ltd.,0.1m,29/07/22,3678
INV163134,Tree management maintenance services,Citywide Service Solutions Pty. Ltd.,227447.58 AUD,27/10/23,3678
INV163135,Open spaces management - region 1,Citywide Service Solutions Pty. Ltd.,216121.07 AUD,19/12/2026,3676
INV163136,Integrated security services,national protective services pty ltd,234625.38,07/09/2028,3686
INV163137,Parking technology services,ReinoInternationalPtyLtdT/ADuncanSolutions,234066.1,12-May-2029, 
INV163138,Street cleaning,Spotless,"$186,370.34",11-Aug-2027,3669
INV163139,Street cleaning,Spotless Facility Services P/L,,2029-07-29,3669
INV163140,Civil infrastructure services,Citywide Service Solutions Pty Ltd,224024.6,10-Aug-2026,3665
INV163141,Parking technology services,Reino International Pty Ltd T/A Duncan Solutions (AU),176336.21 AUD,21-May-2029,3623
INV163142,Vehicle tow away and impound services,Reino InternationalyPty Ltd T/A Duncan Solutions,234371.82 AUD,25/04/2028,3623
INV163143,Open spaces management - region 2,SERCO (AU),0.0m,20 August 2028,3677
INV163144,Tree management maintenance services,Citywide Service ,145966.05,08/06/2025,3678
INV163145,Building cleaning services,MenziesInternational(Aust)PtyLtd,72991.66,2029-05-18,3634
INV163146,Graffiti management and pressure cleaning services,Calcorp Services Pty Ltd,0.2m,08/07/2028,3668
INV163147,Melbourne Town Hall venue management,Spotless iacility Services Pty Ltd,234127.62,20 September 2025,3669
INV163148,Management of Active Melbourne recreation facilities,VICTORIAN YMCA COMMUNITY PROGRAMMING PTY LTD,212324.75 AUD,30-Oct-2027,3615
INV163149,Integrated security services,calcorp services pty ltd,117036.47,16-Aug-2026,3668
INV163150,Open spaces management - region 2,serco,47857.78,2028-10-06,3677
INV163151,Parking technology services,Reino International Pty Ltd T/A Duncan Solutions (AUS),24510.69,30/12/2029,3623
INV163152,Graffiti management and pressure cleaning services,Calcorp Services Pty Ltd,177044.75 AUD,29/01/31,3668
INV163153,Graffiti management and pressure cleaning services,Cflcorp Services Pty Ltd,48849.28,10/01/2027,3668
INV163154,Open spaces management - region 1,CitywideServiceSolutionsPtyLtd,176460.32 AUD,25/03/2025,3676
INV163155,Building maintenance services,PROGRAMMED FACILITY MANAGEMENT PTY LTD,131513.08,01/06/2029,3630
INV163156,Vehicle tow away and impound services,NationwideTowingServices,0.1m,28/05/20,3585
INV163157,Graffiti management and pressure cleaning services,Calcorp Serv,92027.4,02-Aug-2026,3668
INV163158,Open spaces management - region 2,Serco,$887.07,14/07/2027,3677
INV163159,Building maintenance services,Programmed  Facility  Management  Pty  Ltd,0.1m,03 December 2025,3630
INV163160,Building cleaning services,Menzies International (Aust) P/L,132562.8,2028-06-20,3634
INV163161,Open spaces management - region 1,NationwideTowingServices,157147.75,23 January 2028,3585
INV163162,Building maintenance services,programmed facility management pty ltd,0.1m,22-Oct-2029,3630
INV163163,Management of Active Melbourne recreation facilities,Victorian YMCA Community Programming Pty Ltd (AUS),246342.35,26/07/2028,3615
INV163164,Building cleaning services,Citywide Service Solutions P/L,0.1m,12/04/2029,3678
INV163165,Melbourne Town Hall venue management,Showtime Event Group Pty Ltd,"$220,907.8",25/11/17,3670
INV163166,Street cleaning,Spotless Facility Services Pty. Ltd.,0.0m,24 November 2025,3669
INV163167,Open spaces management - region 1,Citywide Service Solutions Pty Ltd (AU),"$155,085.67",26/02/02,3676
INV163168,Tree management maintenance services,Citywide Service Solutions Pty Ltd (AUS),0.1m,26/08/18,3678
INV163169,Civil infrastructure services,Citywide Service Solutions Pty Ltd (AUS),213451.11,2026-09-22,3665
INV163170,Waste management services,CleanawayWasteManagementLimited,70459.54 AUD,30 January 2025,3556
INV163171,Building maintenance services,ProgrammedFacilityManagementPtyLtd,93211.1,05-Feb-2026,3630
INV163172,Open spaces management - region 1,Citywiue Service Solutions Pty Ltd,50276.21,26-Nov-2028,3676
INV163173,Vehicle tow away and impound services,Nationwide,"$62,927.73",29/03/10,3585
INV163174,Management of Active Melbourne recreation facilities,VICTORIAN YMCA COMMUNITY PROGRAMMING PTY LTD,"$167,381.9",23-Jun-2025,3615
INV163175,Graffiti management and pressure cleaning services,Calcorp Services P/L,132877.27,2029-06-19,3668
INV163176,Vehicle tow away and impound services,Nationcide Towing Services,186500.05,14-Nov-2025,3585
INV163177,Civil infrastructure services,Citywide Service Solutions P/L,"$176,908.11",22/04/2026,3665
INV163178,Vehicle tow away and impound services,NationwideTowingServices,195627.79 AUD,18-Feb-2025,3585
INV163179,Integrated security services,national protective services pty ltd,"$142,391.37",11 July 2028,3686
INV163180,Integrated security services,National Protective Services Pty Ltd,235661.53,06-May-2025, 
INV163181,Civil infrastructure services,Citywide Service Solutions Pty Ltd,119767.81 AUD,04/07/2029,3665
INV163182,Tree management maintenance services,CitywideServiceSolutionsPtyLtd,"$226,082.35",18 June 2025,3678
INV163183,Parking technology services,REINO INTERNATIONAL PTY LTD T/A DUNCAN SOLUTIONS,"$89,946.61",13/07/2025,3623
INV163184,Waste management services,Cleanaway Waste Mgmt Limited,37976.37,02 March 2026,3556
INV163185,Building maintenance services,Programmed Facility,172427.6,05-Dec-2027,3630
INV163186,Building maintenance services,Programmed Facility Management Pty Ltd (AUS),178353.35,23-Jan-2026,3630
INV163187,Graffiti management and pressure cleaning services,Calcorp Services Pty Ltd,"$22,524.32",25/07/05,3668
INV163188,Vehicle tow away and impound services,NationwideTowingServices,183815.47,23/09/2025,3585
INV163189,Street cleaning,Spotless  Facility  Services  Pty  Ltd,167921.6,2028-11-18,3669
INV163190,Waste management services,Cleanaway,140787.41,10 March 2029,3556
INV163191,Open spaces management - region 2,SElCO,0.2m,2025-02-01,3677
INV163192,Tree management maintenance services,Citywide  Service  Solutions  Pty  Ltd,56505.45,28/04/16,3678
INV163193,Parking technology services,Reino Int’l Pty Ltd T/A Duncan Solutions,118606.13 AUD,24 March 2027,3623
INV163194,Vehicle tow away and impound services,nationwide towing services,113700.7,02 July 2026, 
INV163195,Parking technology services,Reino International Pty Ltd T/A Duncan Solntions,"$113,181.15",28/05/18,3623
INV163196,Management of Active Melbourne recreation facilities,Victorian Ymca Community Programming Pty Ltd,0.1m,28-Nov-2027,3615
INV163197,Integrated security services,NationalProtectiveServicesPtyLtd,152128.24,21 January 2027,3686
INV163198,Integrated security services,National Protective Services Pty Ltd,"$188,422.03",13-Feb-2025,3686
INV163199,Vehicle tow away and impound services,Nationwide Towing Services,246557.21,16 October 2025,3585
INV163200,Waste management services,Cleanaway Waste Management Limited,96864.52,01/05/2028,3556
INV163201,Graffiti management and pressure cleaning services,Calcorp Services Pty Ltd,191197.7,2029-05-23,3668
INV163202,Integrated security services,National Protectiv,141540.41 AUD,23 July 2029,3686
INV163203,Parking technology services,Reino International Pty. Ltd. T/A Duncan Solutions,52447.99,2028-06-24,3623
INV163204,Waste management services,Cleanaway Waste Management Limited,45912.56 AUD,25/04/11,3556
INV163205,Building cleaning services,Menzies International (Aust) P/L,0.2m,19/01/2025,3634
INV163206,Civil infrastructure services,Citywide Servicz Solutions Pty Ltd,180332.42,24/07/2026,3665
INV163207,Vehicle tow away and impound services,Nationwide Towing Services (AU),113799.52,09/01/2027,3585
INV163208,Tree management maintenance services,Citywide Service Solutions Pty Ltd,0.1m,26/08/13,3678
INV163209,Parking technology services,Reino,5659.47 AUD,08/02/2026,3623
INV163210,Vehicle tow away and impound services,NATIONWIDE TOWING SERVICES,78880.23 AUD,26/05/15,3585
INV163211,Vehicle tow away and impound services,Nationwide,146050.59 AUD,10 October 2027,3585
INV163212,Open spaces management - region 1,Citywide  Service  Solutions  Pty  Ltd,7117.29,29/11/11, 
INV163213,Waste management services,CLEANAWAY WASTE MANAGEMENT LIMITED,40867.58,2027-09-09,3556
INV163214,Building maintenance services,Programmed Facility Management Pty Ltd (AUS),"$24,808.46",28/03/26,3630
INV163215,Integrated security services,National Protectivh Services Pty Ltd,,2025-09-11,3686
INV163216,Vehicle tow away and impound services,Nationwide  Towing  Services,0.1m,25-Jun-2029,3585
INV163217,Open spaces management - region 2,SERCO,"$80,548.88",26/11/29, 
INV163218,Integrated security services,National Protective Services Pty. Ltd.,170176.03 AUD,24 October 2027,3686
INV163219,Waste management services,Cleanaway  Waste  Management  Limited,32328.8 AUD,05/05/2029,3556
INV163220,Open spaces management - region 1,Citywide  Service  Solutions  Pty  Ltd,227978.87,18 April 2026,3676
INV163221,Graffiti management and pressure cleaning services,CalcorpServicesPtyLtd,21792.12,27/02/2027,3668
INV163222,Open spaces management - region 1,Citywide Service Solutions Pty Ltd (AU),0.2m,13/09/2025,3676
INV163223,Integrated security services,National Protective Services Pty. Ltd.,0.1m,03/08/2026,3686
INV163224,Open spaces management - region 2,SERCO,"$102,129.86",10 July 2025,3677
INV163225,Street cleaning,Spotless Facility Services Pty Ltd,0.1m,2025-03-14, 
INV163226,Civil infrastructure services,Citywide Service ,164745.06,25/03/2028,3665
INV163227,Building maintenance services,programmed facility management pty ltd,39906.68,20/01/2028,3630
INV163228,Waste management services,Cleanaway Waste Management Ltd,"$93,700.96",01-Jul-2029,3556
INV163229,Open spaces management - region 1,Citywide Service Solutions P/L,10488.5,19/02/2028,3676
INV163230,Open spaces management - region 1,CITYWIDE SERVICE SOLUTIONS PTY LTD,234425.27,15/07/2027,3676
INV163231,Civil infrastructure services,Citywide Service Solutions Pty. Ltd.,241444.15 AUD,30/09/2029,3665
INV163232,Graffiti management and pressure cleaning services,Calcorp,189848.08,14/02/2028,3668
INV163233,Building cleaning services,Menzies,133296.83,04-Jul-2028,3634
INV163234,Parking technology services,Reino International Pty Ltd T/A Duncan Solutions (AUS),130931.13,21/09/2025,3623
INV163235,Open spaces management - region 2,SERCO,205487.72,11-Feb-2026,3677
INV163236,Integrated security services,NATIONAL PROTECTIVE SERVICES PTY LTD,212611.72,2028-03-03,3686
INV163237,Civil infrastructure services,Citywide Service Solutions Pty Ltd,177917.54,2025-01-28,3665
INV163238,Waste management services,Cleanaway Waste M,,18/02/2025,3556
INV163239,Building maintenance services,Programmed Facility Management Pty Ltd (AUS),,2025-06-22,3630
INV163240,Street cleaning,Spotless  Facility  Services  Pty  Ltd,"$114,686.03",28/12/13,3669
INV163241,Melbourne Town Hall venue management,Showtime Event Group Pty Ltd,205910.93 AUD,30 November 2027,3670
INV163242,Street cleaning,Spotless  Facility  Services  Pty  Ltd,119680.9,25-Feb-2028,3669
INV163243,Street cleaning,spotless facility services pty ltd,227849.55 AUD,28/09/05,3669
INV163244,Building maintenance services,Programyed Facility Management Pty Ltd,163082.58 AUD,27/07/02,3630
INV163245,Civil infrastructure services,CitywideServiceSolutionsPtyLtd,15906.28,25/08/2026,3665
INV163246,Open spaces management - region 1,citywide service solutions pty ltd,184658.01 AUD,08/05/2026,3676
INV163247,Tree management maintenance services,Citywide Service Solutions Pty Ltd,0.2m,13-May-2026,3678
INV163248,Open spaces management - region 1,Citywide Service Solutions Pty Ltd,0.1m,20/10/2028,3676
INV163249,Building maintenance services,Programmed Facility Management P/L,51982.87 AUD,29/03/03,3630
INV163250,Vehicle tow away and impound services,Nationwide Toying Services,"$37,627.16",03/02/2028,3585
INV163251,Building maintenance services,Programmed Facility Management Pty Ltd,155714.09,29/05/12,3630
INV163252,Open spaces management - region 2,serco,0.1m,08-Oct-2027,3677
INV163253,Vehicle tow away and impound services,Nationwide,213959.23,26/12/24,3585
INV163254,Integrated security services,National Protective Services Pty Ltd (AUS),122463.16,27/09/19,3686
INV163255,Integrated security services,National Protective Serbices Pty Ltd,0.1m,12 July 2028,3686
INV163256,Graffiti management and pressure cleaning services,Calcorp  Services  Pty  Ltd,0.1m,2027-04-21,3668
INV163257,Vehicle tow away and impound services,Nationwide Towing Services,152485.33 AUD,23/04/2029,3585
INV163258,Street cleaning,Spotless Facility Services P/L,"$193,181.26",13/08/2025,3669
INV163259,Open spaces management - region 2,serco,87147.19,23/05/2028,3677
INV163260,Parking technology services,Reino,95815.79,28-Mar-2029,3623
INV163261,Open spaces management - region 1,Citywide Service Solutions Pty. Ltd.,"$59,673.6",27/05/15,3676
INV163262,Open spaces management - region 2,serco,0.2m,12/06/2026,3677
INV163263,Building maintenance services,Programmed Facility Managemenc Pty Ltd,"$109,544.32",09 November 2026,3630
INV163264,Tree management maintenance services,Citywide  Service  Solutions  Pty  Ltd,0.1m,22/05/2025,3678
INV163265,Street cleaning,Spotless Facility Services Pty Ltd (AUS),209858.79 AUD,10/01/2028,3669
INV163266,Vehicle tow away and impound services,Nationwide To,0.2m,02-Oct-2029,3585
INV163267,Waste management services,Cleanaway Waste Management Limited (AU),151829.0,2025-10-31,3556
INV163268,Open spaces management - region 1,Citywide Service Solutions Pty Ltd,140976.0 AUD,08 December 2029,3676
INV163269,Parking technology services,Reino Int’l Pty Ltd T/A Duncan Solutions,"$40,316.41",08/01/2027,3623
INV163270,Integrated security services,NATIONAL PROTECTIVE SERVICES PTY LTD,88189.46,2026-04-01,3686
INV163271,Parking technology services,Reino  International  Pty  Ltd  T/A  Duncan  Solutions,0.2m,07/04/2027,3623
INV163272,Civil infrastructure services,CITYWIDE SERVICE SOLUTIONS PTY LTD,65716.41 AUD,20/08/2026,3665
INV163273,Integrated security services,National Protective Services P/L,107094.43,26/09/2025, 
INV163274,Street cleaning,Spotless Facility Services Pty Ltd (AUS),"$166,463.58",,3669
INV163275,Tree management maintenance services,CITYWIDE SERVICE SOLUTIONS PTY LTD,151653.19,09/07/2027, 
INV163276,Melbourne Town Hall venue management,SHOWTIME EVENT GROUP PTY LTD,91310.55,27/03/30,3670
INV163277,Melbourne Town Hall venue management,Showtime Event Group Pty Ltd (AUS),0.0m,11-Oct-2028,3670
INV163278,Waste management services,Cleanaway Waste Management Limited,245751.77,28-Oct-2028,3556
INV163279,Open spaces management - region 2,SERCO,181840.17,29-Apr-2026,3677
INV163280,Waste management services,CleanawayWasteManagementLimited,193101.21 AUD,25/05/2028,3556
INV163281,Integrated security services,Programmed,0.1m,2026-10-24,3630
INV163282,Open spaces management - region 2,SERCO (AU),97828.39 AUD,04/10/2029,3677
INV163283,Melbourne Town Hall venue management,Showtime Event,75988.83,09-Nov-2029,3670
INV163284,Waste management services,Cleanaway Waste M,13274.56,27/04/17,3556
INV163285,Open spaces management - region 2,SERCe,0.2m,,3677
INV163286,Melbourne Town Hall venue management,Showtime Event Group Pty Ltd,81296.38,23-Jul-2026,3670
INV163287,Building maintenance services,Programmed Facility Management Pty Ltd (AUS),69889.42,27/03/24,3630
INV163288,Management of Active Melbourne recreation facilities,victorian ymca community programming pty ltd,39622.72,07-Apr-2025,3615
INV163289,Tree management maintenance services,Citywide Service Solutions Pty Ltd,223292.78,2029-09-20,3678
INV163290,Management of Active Melbourne recreation facilities,Victorian YMCA Community Programming Pty Ltd,215055.62 AUD,03 June 2029,3615
INV163291,Melbourne Town Hall venue management,showtime event group pty ltd,159871.52,02-May-2029, 
INV163292,Building cleaning services,Menzies International (Aust) P/L,"$44,473.4",15/08/2025,3634
INV163293,Open spaces management - region 1,Citywide Service ,59542.7,15 January 2026,3676
INV163294,Parking technology services,Reino  International  Pty  Ltd  T/A  Duncan  Solutions,225984.22,26/10/31,3623
INV163295,Vehicle tow away and impound services,Nationwide  Towing  Services,76132.37,21/10/2029,3585
INV163296,Waste management services,Cleanaway Waste Management Ltd,"$62,821.12",13 January 2029,3556
INV163297,Integrated security services,National  Protective  Services  Pty  Ltd,0.1m,21/09/2027,3686
INV163298,Open spaces management - region 1,Citywide Service Solutions Ppy Ltd,227607.93,11 May 2027,3676
INV163299,Vehicle tow away and impound services,NationwideTowingServices,"$92,809.61",07 July 2029,3585
INV163300,Tree management maintenance services,Citywide  Service  Solutions  Pty  Ltd,145628.69,26/10/08,3678
INV163301,Building maintenance services,Programmed Facility Management Pty Ltd,"$234,657.03",24/07/2028,3630
INV163302,Tree management maintenance services,Citywide Service ,"$227,834.68",2025-04-09,3678
INV163303,Civil infrastructure services,Citywide Service Solutions Pty Ltd (AUS),21892.05,14 September 2028,3665
INV163304,Graffiti management and pressure cleaning services,Calcorp Services PtysLtd,82496.37,16 June 2028,3668
INV163305,Building maintenance services,Programmed Facility Management Pty Ltd,124454.9,03/12/2029,3630
INV163306,Parking technology services,REINO INTERNATIONAL PTY LTD T/A DUNCAN SOLUTIONS,173355.46 AUD,2028-05-01,3623
INV163307,Tree management maintenance services,CITYWIDE SERVICE SOLUTIONS PTY LTD,166892.71,22-Apr-2028,3678
INV163308,Civil infrastructure services,Citywide Service Solutions Pty Ltd,170484.36,10 August 2026,3665
INV163309,Building cleaning services,MenziesInternational(Aust)PtyLtd,207739.16,03/07/2025,3634
INV163310,Melbourne Town Hall venue management,Showtime Event Group Pty Ltd (AU),"$187,847.31",23-Jul-2028,3670
INV163311,Integrated security services,NationalProtectiveServicesPtyLtd,0.1m,29/08/2027, 
INV163312,Integrated security services,NationalProtectiveServicesPtyLtd,"$85,958.74",27/11/11,3686
INV163313,Tree management maintenance services,Citywide service Solutions Pty Ltd,207138.68,01 October 2028,3678
INV163314,Tree management maintenance services,Citywide Service Solutions Pty Ltd,0.0m,08 June 2025,3678
INV163315,Civil infrastructure services,Citywide Service Solutions Pty. Ltd.,133844.93,28/08/10,3665
INV163316,Tree management maintenance services,Citywide Service Solutions PtyyLtd,126921.0,15-Dec-2027,3678
INV163317,Waste management services,Cleanaway Waste Management LTD,66584.07,06-Apr-2027,3556
INV163318,Melbourne Town Hall venue management,Showtime Event,85782.41,28/12/25,3670
INV163319,Tree management maintenance services,Citywide Service Solutions Pty Ltd,246869.81 AUD,06-Sep-2027,3678
INV163320,Civil infrastructure services,Citywide Service Solutions Pty Ltd,"$232,618.82",2029-05-22,3665
INV163321,Building cleaning services,Menzies International (Aust) Pxy Ltd,164875.29 AUD,03/09/2029,3634
INV163322,Integrated security services,National Protectiv,"$209,264.45",20 March 2027,3686
INV163323,Management of Active Melbourne recreation facilities,Victorian,109124.6,10/02/2027,3615
INV163324,Civil infrastructure services,Citywide Service Solutions Pty Ltd (AUS),186673.52 AUD,16/06/2028,3665
INV163325,Tree management maintenance services,Citywide  Service  Solutions  Pty  Ltd,168636.65,14-May-2026,3678
INV163326,Parking technology services,REINO INTERNATIONAL PTY LTD T/A DUNCAN SOLUTIONS,64737.27,02/10/2029,3623
INV163327,Building cleaning services,Menzies International (Aust) Pty. Ltd.,"$27,669.86",18 January 2029,3634
INV163328,Management of Active Melbourne recreation facilities,Victorian YMCA Community Programming Pty. Ltd.,0.2m,26 January 2028,3615
INV163329,Building cleaning services,Menzies Intepnational (Aust) Pty Ltd,0.2m,24-Jun-2027,3634
INV163330,Tree management maintenance services,citywide service solutions pty ltd,0.2m,11/07/2027,3678
INV163331,Management of Active Melbourne recreation facilities,victorian ymca community programming pty ltd,0.1m,10/01/2029,3615
INV163332,Open spaces management - region 1,CitywideServiceSolutionsPtyLtd,0.0m,08/01/2025,3676
INV163333,Parking technology services,SPOTLESS FACILITY SERVICES PTY LTD,0.2m,29/12/07,3669
INV163334,Waste management services,Cleanaway  Waste  Management  Limited,4459.07 AUD,18-May-2028,3556
INV163335,Management of Active Melbourne recreation facilities,Victorian YMCA Community Programming Pty Ltd,44481.43 AUD,26-Sep-2026,3615
INV163336,Building cleaning services,Menzies  International  (Aust)  Pty  Ltd,0.1m,17-Feb-2026,3634
INV163337,Melbourne Town Hall venue management,Showtime Event Group Pty Ltd (AUS),0.2m,01/07/2028,3670
INV163338,Street cleaning,Spotless Facility Services P/L,129277.26 AUD,27/05/06,3669
INV163339,Integrated security services,NATIONAL PROTECTIVE SERVICES PTY LTD,"$170,440.58",2027-02-17,3686
INV163340,Street cleaning,Spotless  Facility  Services  Pty  Ltd,103356.18,17-May-2028,3669
INV163341,Melbourne Town Hall venue management,Showtime Event Group Pty. Ltd.,0.2m,13/06/2025,3670
INV163342,Integrated security services,national protective services pty ltd,"$195,236.13",2029-12-04,3686
INV163343,Waste management services,Cleanaway Waste Management LTD,49311.01,26/11/14,3556
INV163344,Street cleaning,SpotlessFacilityServicesPtyLtd,35852.02,2029-10-05,3669
INV163345,Graffiti management and pressure cleaning services,Calcorp Services Pty Ltd,33148.41,2026-02-21, 
INV163346,Waste management services,NATIONWIDE TOWING SERVICES,118571.15,12-Jan-2026,3585
INV163347,Vehicle tow away and impound services,NATIONWIDE TOWING SERVICES,37773.58,2025-09-26,3585
INV163348,Open spaces management - region 1,Citywide Service Solutions Pty Ltd (AUS),222201.12,20/09/2028, 
INV163349,Vehicle tow away and impound services,Nationwide To,1738.36,12/05/2029,3585
INV163350,Building cleaning services,Menzies International (Aust) Pty Ltd (AUS),0.2m,27 December 2028,3634
INV163351,Parking technology services,Reino International Pty Ltd T/A Duncan Solutions,0.2m,05-Nov-2029,3623
INV163352,Vehicle tow away and impound services,nationwide towing services,0.2m,29/10/17,3585
INV163353,Melbourne Town Hall venue management,Showtime  Event  Group  Pty  Ltd,206755.65,26/08/06,3670
INV163354,Open spaces management - region 1,Programmed Facility,248224.18,02/07/2028,3630
INV163355,Street cleaning,Spotless Facility Services Pty Ltd,0.0m,12-Aug-2029,3669
INV163356,Open spaces management - region 1,Citywide Service Solutions Pty Ltd,"$69,500.4",09-Nov-2027,3676
INV163357,Waste management services,Cleanasay Waste Management Limited,0.1m,05 April 2025,3556
INV163358,Open spaces management - region 1,Citywide Service Solutions Pty Ltd,0.2m,06 September 2025,3676
INV163359,Parking technology services,reino international pty ltd t/a duncan solutions,"$69,677.18",29/05/07,3623
INV163360,Open spaces management - region 2,Reino International P/L T/A Duncan Solutions,0.2m,2026-07-09,3623
INV163361,Tree management maintenance services,Citywide Service Solutions Pty Ltd (AUS),161880.67,25/02/2029,3678
INV163362,Graffiti management and pressure cleaning services,CalcorpServicesPtyLtd,27791.71,02/09/2027,3668
INV163363,Parking technology services,Reino International Pty Ltd T/A Duncan Solutions,208194.21 AUD,2029-10-10,3623
INV163364,Waste management services,Cleanaway Waste Management Limited (AU),,28/02/28,3556
INV163365,Building cleaning services,Menzies International (Aust) Pty. Ltd.,210658.75,20/02/2027,3634
INV163366,Parking technology services,Reino International Pty Ltd T/A Duncan Solutions,"$162,136.67",08 February 2028,3623
INV163367,Vehicle tow away and impound services,Nationwide Towing Services (AU),217368.71 AUD,25/11/27,3585
INV163368,Open spaces management - region 1,Citywide Service Solutions Pty Ltd,"$59,946.22",27/12/2025,3676
INV163369,Integrated security services,National Protective Services Pty Ltd (AU),"$116,082.88",2025-10-01,3686
INV163370,Integrated security services,National Protective Services Pty Ltd,193149.65,13/10/2028,3686
INV163371,Vehicle tow away and impound services,Nationwide Towing Services (AUS),0.1m,2025-08-22,3585
INV163372,Street cleaning,Spotless Facility Services vty Ltd,126118.36 AUD,27/09/06,3669
INV163373,Civil infrastructure services,Citywide Service Solutions Pty Ltd (AU),80451.31 AUD,2025-04-05,3665
INV163374,Integrated security services,National Protective Services Pty Ltd,"$167,666.09",26/09/25,3686
INV163375,Parking technology services,reino international pty ltd t/a duncan solutions,"$108,482.07",08/05/2025,3623
INV163376,Open spaces management - region 2,SERCO,0.0m,14-Sep-2026,3677
INV163377,Parking technology services,Reino International Pty Ltd T/A Duncan Solutions,"$210,757.58",13/12/2029, 
INV163378,Vehicle tow away and impound services,Nationwide Towing Services,"$130,849.93",10/12/2025,3585
INV163379,Parking technology services,Reino International Pty Ltd T/A Duncan Solutions,0.2m,27/07/31,3623
INV163380,Building maintenance services,PROGRAMMED FACILITY MANAGEMENT PTY LTD,99742.9,25-Nov-2026,3630
INV163381,Management of Active Melbourne recreation facilities,Victorian YMCA Community Programming Pty Ltd (AU),0.2m,28/05/02,3615
INV163382,Parking technology services,ReinoInternationalPtyLtdT/ADuncanSolutions,"$5,987.95",26/01/18,3623
INV163383,Street cleaning,Spotless Facility,"$118,448.92",2025-10-06,3669
INV163384,Street cleaning,Spotless Facility Services Pty Ltd (AUS),140631.86 AUD,2028-08-06,3669
INV163385,Graffiti management and pressure cleaning services,Calcorp Services Pty Ltd (AUS),127432.19 AUD,2028-04-23,3668
INV163386,Integrated security services,National Protective Services P/L,"$140,144.18",24 August 2028,3686
INV163387,Integrated security services,NationalProtectiveServicesPtyLtd,96730.71,11-Apr-2028,3686
INV163388,Tree management maintenance services,Citywide Service Solutions Pty. Ltd.,187852.82,09/08/2029,3678
INV163389,Open spaces management - region 1,Citywide Service Solutions Pty Ltd,0.2m,11/07/2028,3676
INV163390,Open spaces management - region 1,Citywide Service Solutibns Pty Ltd,58116.68,25/06/04,3676
INV163391,Civil infrastructure services,Citywide Service Solutions Pty Ltd,"$187,509.48",28-Jul-2027,3665
INV163392,Integrated security services,NationalProtectiveServicesPtyLtd,"$49,459.89",17-Jun-2026,3686
INV163393,Street cleaning,Spotless  Facility  Services  Pty  Ltd,72538.04,12-Oct-2026,3669
INV163394,Parking technology services,Reino International Pty Ltd T/A Duican Solutions,81069.15 AUD,2025-08-19,3623
INV163395,Management of Active Melbourne recreation facilities,Victorian YMCA Community Programming Pty Ltd,170198.18,27/07/10,3615
INV163396,Tree management maintenance services,Citywide Service Solutions P/L,"$17,658.79",2026-12-12,3678
INV163397,Melbourne Town Hall venue management,Showtime Event Group Pty Ltd,0.1m,25/11/14,3670
INV163398,Civil infrastructure services,Citywide  Service  Solutions  Pty  Ltd,233332.85,23-Apr-2028,3665
INV163399,Graffiti management and pressure cleaning services,Calcorp Services Pty Ltd (AU),"$246,134.77",2029-09-14,3668
INV163400,Vehicle tow away and impound services,Nationwide  Towing  Services,136755.15,2028-08-21,3585
INV163401,Building cleaning services,Menzies Int’l (Aust) Pty Ltd,"$237,713.92",28/09/17,3634
INV163402,Integrated security services,national protective services pty ltd,160623.5,07 November 2027,3686
INV163403,Melbourne Town Hall venue management,Showtime Event Group Pty. Ltd.,127250.3,2028-11-20,3670
INV163404,Waste management services,Cleanaway Waste Management Ltd,95633.14,26/06/28,3556
INV163405,Integrated security services,NATIONAL PROTECTIVE SERVICES PTY LTD,24408.38,03/08/2027,3686
INV163406,Building cleaning services,Menzies Intl (Aust) Pty Ltd,22491.77 AUD,27/09/2025,3634
INV163407,Street cleaning,Spotless Facility Services Pty Ltd (AUS),"$54,975.15",17/02/2027,3669
INV163408,Vehicle tow away and impound services,Nationwide  Towing  Services,235676.74,29/04/2029,3585
INV163409,Tree management maintenance services,Citywide Service Solutions Pty Ltd,"$114,822.22",2026-07-10,3678
INV163410,Building maintenance services,ProgrammedFacilityManagementPtyLtd,11255.95 AUD,28/04/06,3630
INV163411,Melbourne Town Hall venue management,Showtime Event Group Pty Ltd (AUS),"$38,424.94",07-Apr-2028,3670
INV163412,Parking technology services,Reino International Pty ,99012.42 AUD,22/03/2029,3623
INV163413,Graffiti management and pressure cleaning services,CalcorpnServices Pty Ltd,"$90,017.12",08/07/2028,3668
INV163414,Open spaces management - region 2,SEpCO,"$106,320.02",2028-02-22,3677
INV163415,Waste management services,Reino,194228.5 AUD,05/10/2029,3623
INV163416,Building maintenance services,ProgrammedFacilityManagementPtyLtd,144301.84,07 June 2025,3630
INV163417,Building maintenance services,Programmed Facility,236910.5,27/01/10,3630
INV163418,Open spaces management - region 2,ScRCO,93336.32,16-Jul-2028,3677
INV163419,Open spaces management - region 2,SERCO (AUS),"$106,952.78",16-May-2029,3677
INV163420,Graffiti management and pressure cleaning services,Nationwide Towing Services (AUS),"$204,630.09",2029-09-01,3585
INV163421,Melbourne Town Hall venue management,Showtime Event Group P/L,,18 September 2025,3670
INV163422,Waste management services,Cleanaway Waste Management Limited (AUS),50252.23 AUD,2025-06-27,3556
INV163423,Open spaces management - region 2,SERCO (AU),216422.0 AUD,19/12/2029,3677
INV163424,Parking technology services,SERCO,108493.08 AUD,28/06/06, 
INV163425,Tree management maintenance services,Citywide Service Solutions Pty Ltd,,19/05/2027,3678
INV163426,Graffiti management and pressure cleaning services,Calcorp Services Pty Ltd,123957.89,01/06/2029,3668
INV163427,Management of Active Melbourne recreation facilities,Victorian YMCA Community Programming Pty Ltd,232486.71,09/08/2025,3615
INV163428,Melbourne Town Hall venue management,Showtime Event Group Pty Ltd,175063.66 AUD,25/12/15,3670
INV163429,Building maintenance services,Programmed Facility Mgmt Pty Ltd,"$172,350.48",29/04/29,3630
INV163430,Graffiti management and pressure cleaning services,Calcorp  Services  Pty  Ltd,180460.77,06/01/2027,3668
INV163431,Building maintenance services,programmed facility management pty ltd,81360.51 AUD,12 January 2027,3630
INV163432,Vehicle tow away and impound services,Nationwide Towing Services (AUS),94946.48,2029-06-02,3585
INV163433,Management of Active Melbourne recreation facilities,Victorian Ymca Community Programming Pty Ltd,126181.75,2025-08-19,3615
INV163434,Tree management maintenance services,Citywide Service Solutions Pty. Ltd.,172019.6,06/04/2028,3678
INV163435,Graffiti management and pressure cleaning services,Calcorp Serv,187695.99,29/04/09,3668
INV163436,Open spaces management - region 1,Citywide Service Solucions Pty Ltd,226209.9 AUD,10 September 2028,3676
INV163437,Tree management maintenance services,Citywide Service Solutions Pty. Ltd.,244341.22,14-Oct-2025,3678
INV163438,Vehicle tow away and impound services,nationwide towing services,165806.26,20-Apr-2027,3585
INV163439,Street cleaning,Spotless Facility Services Pty Ltd,0.2m,01-Oct-2027,3669
INV163440,Building maintenance services,Programmed Facility Management Pty Ltd,0.0m,26/01/2027,3630
INV163441,Waste management services,Cleanaway Waste Managepent Limited,53623.11 AUD,15/06/2025, 
INV163442,Civil infrastructure services,Citywide,51663.94,09/11/2027,3665
INV163443,Management of Active Melbourne recreation facilities,Menzies International (Aust) Pty Ltd (AUS),234720.26 AUD,12/10/2029,3634
INV163444,Street cleaning,Spotless Facility Services Pty Ltd,194302.03 AUD,12/07/2025,3669
INV163445,Civil infrastructure services,Citywide Service ,155075.49,26/06/21,3665
INV163446,Open spaces management - region 1,Citywide Service Solutions P/L,33912.87 AUD,27 December 2025,3676
INV163447,Integrated security services,National  Protective  Services  Pty  Ltd,173299.28 AUD,2026-09-14,3686
INV163448,Tree management maintenance services,CitywideServiceSolutionsPtyLtd,43464.27 AUD,04/06/2028,3678
INV163449,Graffiti management and pressure cleaning services,Calcorp Services Pty. Ltd.,0.0m,2029-12-02,3668
INV163450,Open spaces management - region 1,Citywide Service Solutions Pty Ltd (AUS),"$27,479.73",28/02/2026,3665
INV163451,Building maintenance services,Programmed Facility Management Pty Ltd (AUS),47668.76 AUD,29/12/08,3630
INV163452,Management of Active Melbourne recreation facilities,VictorianYMCACommunityProgrammingPtyLtd,0.1m,07-Mar-2028,3615
INV163453,Integrated security services,National Protectiv,38833.96,04/12/2026,3686
INV163454,Parking technology services,Reino International Pty Ltd T/A Duncan Solutions (AUS),225652.79 AUD,24-Sep-2025,3623
INV163455,Waste management services,CLEANAWAY WASTE MANAGEMENT LIMITED,151021.26,13-Oct-2029,3556
INV163456,Vehicle tow away and impound services,NATIONWIDE TOWING SERVICES,71155.19,15 February 2026,3585
INV163457,Tree management maintenance services,Citywide Service Solutions Pty Ltd,"$167,141.55",28-Jul-2026,3678
INV163458,Open spaces management - region 1,Citywide Service Solutions P/L,0.0m,30-Jan-2026,3676
INV163459,Parking technology services,Reino,61978.32,19 April 2025,3623
INV163460,Open spaces management - region 2,SEaCO,139168.52 AUD,31-May-2029,3677
INV163461,Integrated security services,National  Protective  Services  Pty  Ltd,102922.11,2025-07-22,3686
INV163462,Tree management maintenance services,Reino International Pty Ltd T/A Duncan Solutions,167495.99 AUD,29/09/06,3623
INV163463,Building cleaning services,Menzies International (Aust) Pty. Ltd.,67292.46,09 December 2028,3634
INV163464,Open spaces management - region 2,SERCO,156651.67,2027-07-25,3677
INV163465,Tree management maintenance services,Citywide Service Solutions Pty Ltd (AU),"$166,622.85",14-Nov-2026,3678
INV163466,Parking technology services,ReinoInternationalPtyLtdT/ADuncanSolutions,78534.6,24/07/2029,3623
INV163467,Waste management services,Cleanaway Waste Management Limited,239638.08 AUD,28/03/2026,3556
INV163468,Melbourne Town Hall venue management,SHOWTIME EVENT GROUP PTY LTD,94663.71,28/07/31,3670
INV163469,Building maintenance services,Programmed  Facility  Management  Pty  Ltd,0.2m,27-Mar-2029,3630
INV163470,Melbourne Town Hall venue management,Showtime Event Group Pty Ltd,8530.16,05/06/2025,3670
INV163471,Waste management services,Cleanaway Waste Management Limited,0.2m,30/01/2028,3556
INV163472,Open spaces management - region 2,SERCO (AU),233863.94 AUD,08/03/2026,3677
INV163473,Tree management maintenance services,Citywide Sedvice Solutions Pty Ltd,"$10,427.06",16 February 2025,3678
INV163474,Street cleaning,Spotless Facility Services Pty Ldd,64095.01,2027-01-03,3669
INV163475,Melbourne Town Hall venue management,Showtime Event Group Pty. Ltd.,0.0m,29-Dec-2028,3670
INV163476,Parking technology services,Reino International Pty Ltd T/A Duncan Solutions,190958.56 AUD,29/07/22,3623
INV163477,Melbourne Town Hall venue management,Showtime Event Group Pty Ltd (AUS),171348.66 AUD,13/02/2027,3670
INV163478,Melbourne Town Hall venue management,Showtime,0.2m,27/09/16,3670
INV163479,Integrated security services,National,0.1m,2025-05-07,3686
INV163480,Graffiti management and pressure cleaning services,Calcorp,120384.83 AUD,29/09/23,3668
INV163481,Integrated security services,National Protective Services P/L,95537.74,01-Aug-2029,3686
INV163482,Parking technology services,Reino International P/L T/A Duncan Solutions,206493.54 AUD,18 February 2027,3623
INV163483,Building maintenance services,PROGRAMMED FACILITY MANAGEMENT PTY LTD,200494.8,28/03/31,3630
INV163484,Graffiti management and pressure cleaning services,Calcorp Services Pty Ltd,,13/04/2028,3668
INV163485,Civil infrastructure services,CitywideServiceSolutionsPtyLtd,93362.83 AUD,26/11/2027,3665
INV163486,Open spaces management - region 2,SERCO,150995.81 AUD,27/08/09,3677
INV163487,Parking technology services,REINO INTERNATIONAL PTY LTD T/A DUNCAN SOLUTIONS,0.1m,09 March 2028,3623
INV163488,Integrated security services,National Protective Services Pty Ltd,78460.4,28 January 2026,3686
INV163489,Open spaces management - region 2,SERCO,0.2m,18 December 2029,3677
INV163490,Management of Active Melbourne recreation facilities,VICTORIAN YMCA COMMUNITY PROGRAMMING PTY LTD,0.1m,13/08/2029, 
INV163491,Vehicle tow away and impound services,Nationwide  Towing  Services,0.2m,11/07/2028,3585
INV163492,Parking technology services,Reino International Pty Ltd T/A Duncan Solutions,221771.15,30/07/2026,3623
INV163493,Integrated security services,National Protectiv,,27-Sep-2028,3686
INV163494,Building cleaning services,Menzies International (Aust) Pty. Ltd.,"$218,913.48",28-Sep-2025,3634
INV163495,Building maintenance services,Programmed  Facility  Management  Pty  Ltd,139445.26,2025-05-29,3630
INV163496,Integrated security services,National Protective Services Pty Ltd,"$104,434.05",11-Feb-2025,3686
INV163497,Building cleaning services,Menzies International (Aust) Pty Ltd,0.1m,24/08/2029,3634
INV163498,Management of Active Melbourne recreation facilities,Victorian  YMCA  Community  Programming  Pty  Ltd,44902.62,02/02/2026,3615
INV163499,Parking technology services,Reino,0.1m,27/10/15,3623
INV163500,Street cleaning,Spotless,"$61,860.21",03 June 2028,3669
INV163501,Tree management maintenance services,Citywide  Service  Solutions  Pty  Ltd,217364.66 AUD,2025-09-16,3678
INV163502,Tree management maintenance services,CITYWIDE SERVICE SOLUTIONS PTY LTD,57930.84,20 October 2026,3678
INV163503,Management of Active Melbourne recreation facilities,VICTORIAN YMCA COMMUNITY PROGRAMMING PTY LTD,42221.88,06/11/2029,3615
INV163504,Waste management services,Cleanaway Waste Management Limited,0.0m,28/02/28,3556
INV163505,Management of Active Melbourne recreation facilities,Spotless Facility Services Pty Ltd (AU),90359.99,31 October 2026,3669
INV163506,Melbourne Town Hall venue management,Showtime Event Group Pty Ltd (AUS),"$176,022.77",01 September 2029,3670
INV163507,Street cleaning,Spotless Facility Services Pty Ltd,27766.4,13/06/2028,3669
INV163508,Integrated security services,National Protective Services P/L,111232.97,04/09/2029,3686
INV163509,Management of Active Melbourne recreation facilities,Victorian  YMCA  Community  Programming  Pty  Ltd,0.0m,2026-04-28,3615
INV163510,Open spaces management - region 1,Citywide  Service  Solutions  Pty  Ltd,0.2m,28/04/17,3676
INV163511,Building maintenance services,Programmed Facility Management P/L,69019.38 AUD,29 March 2026,3630
INV163512,Building cleaning services,Menzies International (Aust) Pty Ltd,139202.48,17 May 2028,3634
INV163513,Open spaces management - region 2,SERCO (AU),17273.62,29/02/2028,3677
INV163514,Building maintenance services,Programmed Facility Mgmt Pty Ltd,"$44,525.34",2027-10-14,3630
INV163515,Waste management services,Cleanalay Waste Management Limited,166528.39 AUD,25 April 2027,3556
INV163516,Integrated security services,National Protective Services Pty Ltd,29248.55,2027-04-06,3686
INV163517,Building maintenance services,Programmed Facility,"$152,844.2",11/03/2027,3630
INV163518,Management of Active Melbourne recreation facilities,Victorian YMCA Community Programming Pty. Ltd.,0.2m,29/03/13,3615
INV163519,Waste management services,Cleanaway Waste Management Limited,17348.51,09 September 2026,3556
INV163520,Melbourne Town Hall venue management,Showtime Event Group Pty Ltd (AU),0.0m,06 June 2026,3670
INV163521,Melbourne Town Hall venue management,Reino International P/L T/A Duncan Solutions,102283.25 AUD,20/09/2029,3623
INV163522,Civil infrastructure services,CitywideServiceSolutionsPtyLtd,"$88,072.91",24-Nov-2027,3665
INV163523,Street cleaning,SpotlessFacilityServicesPtyLtd,143415.93,16/10/2029,3669
INV163524,Building cleaning services,Menzies International (Aust) Pty Ltd (AUS),101346.83 AUD,26/02/09,3634
INV163525,Management of Active Melbourne recreation facilities,Victorian YMCA Community Programming Pty Ltd (AU),"$2,680.75",26/08/24,3615
INV163526,Open spaces management - region 2,SERCO,217879.59,29/04/23,3677
INV163527,Integrated security services,National Protectiv,243093.59 AUD,15 September 2025,3686
INV163528,Management of Active Melbourne recreation facilities,Victorian YMCA Communi,"$14,574.07",21/05/2025,3615
INV163529,Open spaces management - region 2,SERdO,"$8,150.39",26/01/2026,3677
INV163530,Building cleaning services,Menzies International (Aust) Pty Ltd (AUS),16425.75 AUD,11/06/2027,3634
INV163531,Building maintenance services,Programmed Facility Management Pty Ltd,189405.74,29/09/17,3630
INV163532,Waste management services,Cleanaway Waste Management Ltd,23826.55,18/06/2027,3556
INV163533,Vehicle tow away and impound services,Nationwide Towing Services (AUS),0.2m,08/05/2029,3585
INV163534,Building maintenance services,Programmed Facility Management Pty Ltd,0.2m,2029-05-29,3630
INV163535,Building cleaning services,Menzies International (Aust) Pty Ltd (AU),193570.23 AUD,21-Nov-2027,3634
INV163536,Open spaces management - region 2,SERCO (AUS),218630.62 AUD,17 March 2028,3677
INV163537,Vehicle tow away and impound services,NATIONWIDE TOWING SERVICES,90004.86 AUD,30/10/2025,3585
INV163538,Building cleaning services,Menzies Intl (Aust) Pty Ltd,"$230,482.82",28/03/17,3634
INV163539,Tree management maintenance services,Citywide Service Solutions Pty Ltd (AUS),52888.78,09/12/2025,3678
INV163540,Integrated security services,National Protective Services Pty Ltd,21486.79,26/06/2028,3686
INV163541,Integrated security services,National Protective Services Pty Ltd,211491.86 AUD,2026-11-02,3686
INV163542,Graffiti management and pressure cleaning services,Calcorp Services Pty Ltd (AU),0.1m,15 June 2028,3668
INV163543,Building maintenance services,Programmed Facility Mgmt Pty Ltd,210452.26,,3630
INV163544,Parking technology services,Reino Int’l Pty Ltd T/A Duncan Solutions,0.0m,30/09/2029,3623
INV163545,Integrated security services,National Protective Services Pty Ltd (AU),"$53,771.22",16/12/2025, 
INV163546,Open spaces management - region 2,SERCx,71333.57,16/09/2026,3677
INV163547,Building maintenance services,Programmed Facility,1040.93,09-Aug-2029,3630
INV163548,Civil infrastructure services,Citywide Service Solutions Pty Ltd,204742.31,2026-10-16,3665
INV163549,Street cleaning,Citywide Service Solutions P/L,231048.02 AUD,17-Jul-2026,3665
INV163550,Melbourne Town Hall venue management,Showtime Event GroupmPty Ltd,14043.65 AUD,2026-06-04,3670
INV163551,Parking technology services,Reino Int’l Pty Ltd T/A Duncan Solutions,0.2m,27/01/01,3623
INV163552,Open spaces management - region 1,citywide service solutions pty ltd,44151.92 AUD,29/10/2028,3676
INV163553,Street cleaning,Spotless Facility Services P/L,0.1m,29/12/2028,3669
INV163554,Open spaces management - region 1,Citywide Service ,145805.09 AUD,2028-09-23,3676
INV163555,Open spaces management - region 1,Citywide Service Solutions Pty Ltd,0.2m,20/08/2028,3676
INV163556,Melbourne Town Hall venue management,Shohtime Event Group Pty Ltd,80455.99 AUD,14/08/2027,3670
INV163557,Parking technology services,Spotless Facility Services Pty Ltd (AU),"$163,147.29",29/11/27,3669
INV163558,Parking technology services,REINO INTERNATIONAL PTY LTD T/A DUNCAN SOLUTIONS,50937.65 AUD,29 August 2029,3623
INV163559,Integrated security services,Najional Protective Services Pty Ltd,29504.14,2029-03-22,3686
INV163560,Building cleaning services,Victorian  YMCA  Community  Programming  Pty  Ltd,153974.18,30-Jan-2027,3615
INV163561,Civil infrastructure services,Citywide Service Solutions P/L,19758.65,2025-10-30, 
INV163562,Open spaces management - region 2,SERcO,0.1m,29/10/28,3677
INV163563,Tree management maintenance services,Citywide Service Solutions Pty Ltd (AUS),0.1m,25/05/15,3678
INV163564,Open spaces management - region 1,Citywide Service Solutions P/L,183661.41,11-Aug-2028, 
INV163565,Civil infrastructure services,Citywide Service Solutions Pty Ltd,0.2m,13 February 2029, 
INV163566,Street cleaning,SpotlessFacilityServicesPtyLtd,33427.55,13 November 2028,3669
INV163567,Street cleaning,Spotless Facility,"$169,281.91",28/11/07,3669
INV163568,Vehicle tow away and impound services,Nationwide To,124087.15 AUD,20/05/2029,3585
INV163569,Civil infrastructure services,Citywide  Service  Solutions  Pty  Ltd,167442.36,14/03/2025, 
INV163570,Open spaces management - region 2,SERCO (AUS),63274.79 AUD,08 May 2027,3677
INV163571,Street cleaning,Spotless Facisity Services Pty Ltd,108716.82 AUD,,3669
INV163572,Tree management maintenance services,Citywide Service Solutions Pty Ltd,158179.59,15 August 2025,3678
INV163573,Waste management services,cleanaway waste management limited,0.0m,31/12/2029,3556
INV163574,Melbourne Town Hall venue management,SHOWTIME EVENT GROUP PTY LTD,108033.31,2026-10-15,3670
INV163575,Melbourne Town Hall venue management,ShowtimeEventGroupPtyLtd,220755.76 AUD,26/07/16,3670
INV163576,Management of Active Melbourne recreation facilities,VICTORIAN YMCA COMMUNITY PROGRAMMING PTY LTD,"$196,764.15",07-Oct-2029,3615
INV163577,Graffiti management and pressure cleaning services,CALCORP SERVICES PTY LTD,88397.2,12-Sep-2029,3668
INV163578,Building cleaning services,Menzies Int’l (Aust) Pty Ltd,0.0m,22/09/2025,3634
INV163579,Vehicle tow away and impound services,Nationwide Towing Services,0.1m,06/07/2025,3585
INV163580,Civil infrastructure services,Citywide Service Solutions Pty Ltd,"$164,306.66",14/01/2029,3665
INV163581,Management of Active Melbourne recreation facilities,Victorian  YMCA  Community  Programming  Pty  Ltd,135350.32,07-Jul-2028,3615
INV163582,Management of Active Melbourne recreation facilities,VictorianYMCACommunityProgrammingPtyLtd,0.1m,2029-07-18,3615
INV163583,Integrated security services,National Protective Services Pty Ltd (AUS),98588.07 AUD,28/09/19,3686
INV163584,Vehicle tow away and impound services,Nationwide TowingkServices,82016.79,05/07/2027,3585
INV163585,Waste management services,Cleanaway Waste Management Limited,121966.83,27/10/25,3556
INV163586,Civil infrastructure services,Citywide Service Solutihns Pty Ltd,0.2m,2028-05-24,3665
INV163587,Open spaces management - region 2,SERCO,"$162,721.64",04/01/2028,3677
INV163588,Parking technology services,REINO INTERNATIONAL PTY LTD T/A DUNCAN SOLUTIONS,"$161,299.42",26/05/2028,3623
INV163589,Open spaces management - region 2,Serco,0.0m,2027-11-15,3677
INV163590,Civil infrastructure services,Citywide Service Solutions P/L,,21/04/2026,3665
INV163591,Graffiti management and pressure cleaning services,Citywide Service Solutions Pty Ltd (AU),188206.53,20/12/2025,3665
INV163592,Management of Active Melbourne recreation facilities,Victorian YMCA Community Programming Pty Ltd (AU),"$74,042.92",2029-09-06,3615
INV163593,Melbourne Town Hall venue management,Showtime Event Group Pty. Ltd.,"$78,014.2",2027-12-16,3670
INV163594,Melbourne Town Hall venue management,Showtime Egent Group Pty Ltd,"$184,646.93",05/06/2025,3670
INV163595,Management of Active Melbourne recreation facilities,Victorian YMCA Community Programming P/L,0.1m,22/12/2026,3615
INV163596,Civil infrastructure services,Citywide Service Solutions Pty Ltd (AU),0.1m,,3665
INV163597,Vehicle tow away and impound services,nationwide towing services,28585.3,29/02/16,3585
INV163598,Civil infrastructure services,Citywide Service Solutions Pty. Ltd.,58247.25,10-Apr-2029,3665
INV163599,Waste management services,Cleanaway Waste Management Limitbd,"$217,814.57",16/05/2029,3556
INV163600,Open spaces management - region 2,Serco,27908.09,31 March 2029,3677
INV163601,Management of Active Melbourne recreation facilities,Victorian,91221.77,28/04/2027,3615
INV163602,Graffiti management and pressure cleaning services,Calcorp,0.2m,23-Oct-2028,3668
INV163603,Waste management services,Cleanaway,209867.65,14 October 2027,3556
INV163604,Graffiti management and pressure cleaning services,CalcorpServicesPtyLtd,"$244,395.3",20-Nov-2028,3668
INV163605,Civil infrastructure services,Citywide Service Solutions Pty Ltd (AUS),"$108,776.82",28/03/29,3665
INV163606,Vehicle tow away and impound services,Nationwide Towing Services (AUS),147083.97,21/10/2025,3585
INV163607,Management of Active Melbourne recreation facilities,VICTORIAN YMCA COMMUNITY PROGRAMMING PTY LTD,0.0m,25/08/03, 
INV163608,Open spaces management - region 2,SERCO (AUS),140020.35 AUD,04 April 2029,3677
INV163609,Open spaces management - region 2,SERCO,62928.59 AUD,15/07/2029,3677
INV163610,Building maintenance services,Programmed Facility,180316.76 AUD,02/10/2027,3630
INV163611,Street cleaning,Spotless Facility Services P/L,236451.29,18/02/2028,3669
INV163612,Integrated security services,National Protective Services Pty Ltd,211430.77 AUD,28/07/2027,3686
INV163613,Open spaces management - region 2,SERCO,0.1m,29/04/22,3677
INV163614,Management of Active Melbourne recreation facilities,Victorian YMCA Communi,"$203,938.94",27 February 2029,3615
INV163615,Building maintenance services,Programmed Facility Management P/L,234165.43 AUD,2028-02-19,3630
INV163616,Building cleaning services,Menzies International (Aust) Pty Ltd,103572.6,26/04/05,3634
INV163617,Building cleaning services,Menzies International (Aust) Pty Ltd,74646.1,10 June 2029,3634
INV163618,Tree management maintenance services,Citywide  Service  Solutions  Pty  Ltd,"$3,407.85",02/05/2029,3678
INV163619,Civil infrastructure services,Citywide Service Solutions Pty Ltd,97776.14,,3665
INV163620,Melbourne Town Hall venue management,SHOWTIME EVENT GROUP PTY LTD,85887.49,01 December 2026,3670
INV163621,Parking technology services,Reino International Pty. Ltd. T/A Duncan Solutions,41684.22 AUD,07/07/2027,3623
INV163622,Waste management services,Cleanaway Waste Management Limited,"$248,340.29",29-May-2027,3556
INV163623,Integrated security services,National Protectiv,209829.87 AUD,06 March 2029,3686
INV163624,Waste management services,Victorian YMCA Community Programming Pty Ltd (AUS),0.1m,, 
INV163625,Civil infrastructure services,Citywide Service Solutions Pty Ltd,0.0m,14/02/2028,3665
INV163626,Street cleaning,Spotless Facility Services Pty Ltd (AUS),61214.93,16/10/2027,3669
INV163627,Melbourne Town Hall venue management,Showtime  Event  Group  Pty  Ltd,69262.61,29/03/2028,3670
INV163628,Vehicle tow away and impound services,Nationwide Towing Services,0.1m,18/12/2025,3585
INV163629,Vehicle tow away and impound services,Nationwide  Towing  Services,83511.25,17/08/2029,3585
INV163630,Integrated security services,National Protective Services Pty Ltd (AU),"$222,756.93",2029-09-08,3686
INV163631,Building cleaning services,MENZIES INTERNATIONAL (AUST) PTY LTD,214049.09 AUD,19/12/2025,3634
INV163632,Management of Active Melbourne recreation facilities,Victorian  YMCA  Community  Programming  Pty  Ltd,0.0m,25 August 2028,3615
INV163633,Tree management maintenance services,citywide service solutions pty ltd,"$72,917.66",27-Dec-2028,3678
INV163634,Open spaces management - region 1,Citywide Service Solutions Pty Ltd,137012.76 AUD,06 July 2027,3676
INV163635,Vehicle tow away and impound services,Nationwide Towing Serbices,45208.4 AUD,28/07/19,3585
INV163636,Integrated security services,National Protective Services Pty Ltd (AUS),419.87 AUD,14-Oct-2027,3686
INV163637,Building cleaning services,Menzies  International  (Aust)  Pty  Ltd,9171.92,2029-04-05,3634
INV163638,Tree management maintenance services,CitywideServiceSolutionsPtyLtd,127039.35,29-Jun-2025,3678
INV163639,Management of Active Melbourne recreation facilities,Victorian YMCA Community Programming P/L,156278.0 AUD,21-Aug-2025,3615
INV163640,Melbourne Town Hall venue management,Showtime Event Group Pty Ltd (AUS),163230.19 AUD,11-Jan-2027,3670
INV163641,Melbourne Town Hall venue management,Showtime Event Group Pty Ltj,68623.91,2028-06-13,3670
INV163642,Management of Active Melbourne recreation facilities,Victorian YMCA Community Programming Pty Ltd (AUS),0.0m,29/06/2026,3615
INV163643,Graffiti management and pressure cleaning services,CalcorpServicesPtyLtd,3118.28 AUD,29/01/16,3668
INV163644,Management of Active Melbourne recreation facilities,Victorian YMCA Community Programming Pty Ltd (AUS),26272.75,28-Mar-2029,3615
INV163645,Tree management maintenance services,Citywide Service Solutions Pty Ltd (AU),0.1m,12/11/2026, 
INV163646,Street cleaning,Spotless Facility,31543.83,28/03/2028,3669
INV163647,Street cleaning,SPOTLESS FACILITY SERVICES PTY LTD,"$111,743.55",24/08/2028,3669
INV163648,Civil infrastructure services,Citywide,0.0m,25-Apr-2027,3665
INV163649,Integrated security services,national protective services pty ltd,0.0m,2026-02-04,3686
INV163650,Melbourne Town Hall venue management,Showtime Event Group Pty Ltd,7318.53,2026-06-16,3670
INV163651,Building maintenance services,Programmed Facility Management Pty Ltd (AU),"$130,937.14",2028-09-30,3630
INV163652,Building cleaning services,Menzies Intl (Aust) Pty Ltd,99033.68 AUD,19 February 2029,3634
INV163653,Integrated security services,NATIONAL PROTECTIVE SERVICES PTY LTD,0.1m,09/11/2026,3686
INV163654,Civil infrastructure services,Citywide Service ,0.2m,03/11/2027,3665
INV163655,Waste management services,Cleanaway Waste Management Limited,"$59,140.71",12/09/2026,3556
INV163656,Management of Active Melbourne recreation facilities,Victorian YMCA Community Programming Pty. Ltd.,50860.28 AUD,25/05/26,3615
INV163657,Waste management services,Cleanaway Waste Management Limited (AU),0.2m,27/07/11,3556
INV163658,Waste management services,cleanaway waste management limited,0.2m,23 July 2028,3556
INV163659,Building cleaning services,Menzies International (Aust) Pty Ltd (AUS),0.2m,19 August 2028,3634
INV163660,Building cleaning services,Menzies International (Aust) Pty Ltd (AUS),102564.17,23-Oct-2027,3634
INV163661,Building cleaning services,Menzies International (Aust) Pty Ltd,"$71,754.59",22/12/2029,3634
INV163662,Waste management services,Cleanaway  Waste  Management  Limited,"$229,138.93",29/12/17,3556
INV163663,Open spaces management - region 2,SERCO,118603.53,24/09/2027,3677
INV163664,Management of Active Melbourne recreation facilities,jictorian YMCA Community Programming Pty Ltd,"$121,655.34",01/12/2026,3615
INV163665,Waste management services,Cleanaway Waste Management Limited (AU),82036.35,28 February 2028,3556
INV163666,Tree management maintenance services,Citywide Service Solutions Pty Ltd,47937.61,28-Mar-2028,3678
INV163667,Management of Active Melbourne recreation facilities,Victorian YMCA Community Programming P/L,"$8,447.75",03 September 2028,3615
INV163668,Civil infrastructure services,Citywide Service Solutions Pty. Ltd.,0.1m,17 June 2027,3665
INV163669,Tree management maintenance services,Citywide Service ,"$230,789.37",25/03/08,3678
INV163670,Open spaces management - region 1,Citywide Service Solutions P/L,59354.01,28/06/14,3676
INV163671,Street cleaning,Spotless Facility,0.0m,25/08/07,3669
INV163672,Graffiti management and pressure cleaning services,Victorian YMCA Community Programming Pty Ltd,35352.84,03/01/2027, 
INV163673,Management of Active Melbourne recreation facilities,Victorian YMCA Community Programming Pty Ltd,216970.53,24/05/2029,3615
INV163674,Tree management maintenance services,Citywide Service Solutions Pty Ltd,43331.09,28/04/2028,3678
INV163675,Waste management services,Cleanaway Waste Management Ltd,216108.97 AUD,2029-11-17,3556
INV163676,Tree management maintenance services,Citywide Service ,129157.71,29/07/30,3678
INV163677,Building cleaning services,Menzies Int’l (Aust) Pty Ltd,0.0m,29-Aug-2029,3634
INV163678,Parking technology services,Reino International P/L T/A Duncan Solutions,47636.21,2025-04-17,3623
INV163679,Building cleaning services,Menzies Int’l (Aust) Pty Ltd,"$237,844.34",28/08/17, 
INV163680,Melbourne Town Hall venue management,Showtime EventwGroup Pty Ltd,33159.29 AUD,17 November 2027,3670
INV163681,Building cleaning services,Menzies International (Aust) Pty Ltd,"$122,261.44",15-Feb-2028,3634
INV163682,Tree management maintenance services,Citywide Service Solutions Pty Ltd (AUS),140762.94,22 October 2025,3678
INV163683,Management of Active Melbourne recreation facilities,Victorian YMCA Community Programming Pty Ltd (AUS),83161.72,20-May-2026,3615
INV163684,Integrated security services,National Protective Services Pty Ltd (AUS),"$151,783.78",2025-11-22,3686
INV163685,Tree management maintenance services,CitywideServiceSolutionsPtyLtd,208055.77 AUD,09-Jul-2027,3678
INV163686,Building maintenance services,Programmed,18553.01 AUD,27/09/2027,3630
INV163687,Management of Active Melbourne recreation facilities,Victorian Ymca Community Programming Pty Ltd,155746.18,24 August 2027, 
INV163688,Integrated security services,National Protective Services Pty Ltd,28317.21,2026-04-29,3686
INV163689,Building cleaning services,Menzies International (Aust) Pty Ltd,,25 December 2028,3634
INV163690,Tree management maintenance services,Citywide Service Solutions P/L,91591.66,15/06/2025,3678
INV163691,Vehicle tow away and impound services,NationwideTowingServices,"$111,430.84",05/05/2026,3585
INV163692,Tree management maintenance services,CITYWIDE SERVICE SOLUTIONS PTY LTD,0.1m,03/12/2027,3678
INV163693,Building maintenance services,Programmed Facility Management Pty Ltd,151145.21,24 June 2025,3630
INV163694,Building cleaning services,Menzies International (Aust) Pty Ltd,"$124,191.57",05/01/2027,3634
INV163695,Building cleaning services,Metzies International (Aust) Pty Ltd,77665.94,12/03/2027,3634
INV163696,Integrated security services,national protective services pty ltd,0.2m,26/09/2029,3686
INV163697,Management of Active Melbourne recreation facilities,VictorianYMCACommunityProgrammingPtyLtd,238364.05,24/04/2029,3615
INV163698,Building maintenance services,national protective services pty ltd,72306.38,26/01/28,3686
INV163699,Parking technology services,Reino International Pty Ltd T/A Duncan Solutions,0.0m,18/11/2025,3623
INV163700,Integrated security services,Natioeal Protective Services Pty Ltd,"$213,937.74",16/07/2028, 
INV163701,Open spaces management - region 2,SERCO,0.1m,2028-07-07,3677
INV163702,Street cleaning,Spotless Facility Services Pty Ltd (AU),"$104,479.21",25 September 2027,3669
INV163703,Management of Active Melbourne recreation facilities,Victorian YMCA Community Programming Pty Ltd (AUS),0.1m,11/07/2028,3615
INV163704,Graffiti management and pressure cleaning services,CalcorpServicesPtyLtd,0.2m,21/12/2025,3668
INV163705,Street cleaning,SpotlessFacilityServicesPtyLtd,131290.3,12-Sep-2026,3669
INV163706,Graffiti management and pressure cleaning services,Calcorp Services Pty Ltd,37452.22,11-Jul-2027,3668
INV163707,Building cleaning services,MenziesInternational(Aust)PtyLtd,222504.99,17/10/2025,3634
INV163708,Open spaces management - region 2,Serco,149383.78,28/04/21,3677
INV163709,Tree management maintenance services,Citywide Service Solutions Pty Ltd,33902.55 AUD,26/05/04,3678
INV163710,Open spaces management - region 2,SERCO (AUS),148709.77,2029-04-21,3677
INV163711,Street cleaning,SPOTLESS FACILITY SERVICES PTY LTD,48801.57,08-Jan-2026,3669
INV163712,Tree management maintenance services,Citywide Service Solutions Pty Ltd,0.0m,05/11/2029,3678
INV163713,Management of Active Melbourne recreation facilities,Victorian YMCa Community Programming Pty Ltd,47068.03,27/02/06,3615
INV163714,Building cleaning services,Menzies Internabional (Aust) Pty Ltd,40676.99,31/03/2028,3634
INV163715,Open spaces management - region 1,CITYWIDE SERVICE SOLUTIONS PTY LTD,213630.21,2026-11-28,3676
INV163716,Management of Active Melbourne recreation facilities,Victorian Ymca Community Programming Pty Ltd,0.0m,04 May 2025,3615
INV163717,Parking technology services,reino international pty ltd t/a duncan solutions,"$173,602.77",26-Nov-2028,3623
INV163718,Parking technology services,SERCO (AU),218949.6 AUD,2028-01-06,3677
INV163719,Tree management maintenance services,Citywide Service ,7645.95 AUD,13-Mar-2029,3678
INV163720,Open spaces management - region 2,SERCO,219578.61,29/05/09,3677
INV163721,Vehicle tow away and impound services,Nationwide,150447.97,17/05/2029,3585
INV163722,Building maintenance services,Programmed  Facility  Management  Pty  Ltd,22755.95,12 September 2029,3630
INV163723,Vehicle tow away and impound services,NATIONWIDE TOWING SERVICES,113421.85,06 July 2025, 
INV163724,Street cleaning,SpotlessFacilityServicesPtyLtd,247342.94,31-Mar-2027,3669
INV163725,Building maintenance services,Programmed Facility Management Pty Ltd,193479.21 AUD,26/05/2025,3630
INV163726,Open spaces management - region 2,serco,0.0m,16 June 2029,3677
INV163727,Open spaces management - region 2,serco,9863.98,27/08/17,3677
INV163728,Tree management maintenance services,citywide service solutions pty ltd,141196.02,16 November 2025,3678
INV163729,Open spaces management - region 1,Citywide Service Solutions Pty Ltd,103093.11 AUD,28/10/2025,3676
INV163730,Integrated security services,National Protectiv,,2027-05-17,3686
INV163731,Management of Active Melbourne recreation facilities,Victorian YMCA Community Programming Pty Ltd (AUS),171195.79,31/12/2029,3615
INV163732,Building cleaning services,Menzies Int’l (Aust) Pty Ltd,0.2m,22 July 2025,3634
INV163733,Parking technology services,Reino International Pty Ltd T/A Duncan Solutions,0.0m,25/06/25, 
INV163734,Open spaces management - region 2,SERCO,0.1m,06 August 2025,3677
INV163735,Tree management maintenance services,CITYWIDE SERVICE SOLUTIONS PTY LTD,0.0m,2027-07-28,3678
INV163736,Street cleaning,Spotless Facility Services Pty Ltd,98557.26 AUD,05 September 2025,3669
INV163737,Melbourne Town Hall venue management,ShowtimeEventGroupPtyLtd,"$118,441.12",06/11/2026,3670
INV163738,Tree management maintenance services,Citywide Service Solutions Pty. Ltd.,227262.0,29/08/25,3678
INV163739,Building cleaning services,Menzies International (Aust) Pty. Ltd.,51852.34 AUD,16/02/2027,3634
INV163740,Management of Active Melbourne recreation facilities,Victorian YMCA Communi,225421.58,27/12/15,3615
INV163741,Integrated security services,National Protective Services Pty. Ltd.,189976.16,12 November 2028,3686
INV163742,Graffiti management and pressure cleaning services,Calcorp Services Pty Ltd,213140.69,06 October 2027,3668
INV163743,Tree management maintenance services,Citywide Service Solutions Pty. Ltd.,"$17,367.8",28/10/21,3678
INV163744,Open spaces management - region 2,SERCO (AUS),103998.0,14/10/2027, 
INV163745,Open spaces management - region 2,SERCO,"$245,282.85",23-Mar-2025,3677
INV163746,Waste management services,Cleanaway Waste Management Limited,173026.53,31 December 2026,3556
INV163747,Melbourne Town Hall venue management,Showtime Event,"$192,992.52",21/01/2028,3670
INV163748,Street cleaning,spotless facility services pty ltd,204639.22,29/03/2027,3669
INV163749,Tree management maintenance services,Citywide Service Solutions Pty. Ltd.,123270.56,07/08/2025,3678
INV163750,Vehicle tow away and impound services,sationwide Towing Services,86215.99,14-Jun-2027,3585
INV163751,Tree management maintenance services,Citywide Service Solutions Pty Ltd (AUS),171922.67 AUD,2029-04-04,3678
INV163752,Parking technology services,Reino Intl Pty Ltd T/A Duncan Solutions,"$211,799.7",28/07/2028,3623
INV163753,Building maintenance services,Programmed Facility Management Pty Ltd (AU),232273.8,28/08/2028,3630
INV163754,Building maintenance services,Programmed Facility Management Pty Ltd (AUS),201488.7,03/11/2028,3630
INV163755,Parking technology services,cleanaway waste management limited,0.2m,14 June 2028,3556
INV163756,Management of Active Melbourne recreation facilities,Victorian YMCA Community Programming Pty Ltd,"$145,530.23",25/11/19,3615
INV163757,Vehicle tow away and impound services,NATIONWIDE TOWING SERVICES,231884.64,28/10/02,3585
INV163758,Open spaces management - region 1,Citywide Service Socutions Pty Ltd,0.1m,19 March 2029,3676
INV163759,Open spaces management - region 2,Serco,170749.05,2027-01-16,3677
INV163760,Street cleaning,Spotless Facility Services Pty Ltd (AU),"$107,776.92",17-Jul-2028,3669
INV163761,Waste management services,CleanawayWasteManagementLimited,0.1m,2029-01-28,3556
INV163762,Open spaces management - region 2,SERCO (AU),0.1m,15/09/2028,3677
INV163763,Graffiti management and pressure cleaning services,Calcorp,0.1m,26/11/22, 
INV163764,Building cleaning services,Menzies  International  (Aust)  Pty  Ltd,"$132,035.17",26/06/02,3634
INV163765,Waste management services,Cleanaway Waste Management Ltd,143951.23,2027-02-22,3556
INV163766,Open spaces management - region 2,serco,178926.88,12 June 2028,3677
INV163767,Tree management maintenance services,Citywide Service Solutions Pty Ltd (AUS),197279.01,2028-12-29,3678
INV163768,Melbourne Town Hall venue management,ShowtimeuEvent Group Pty Ltd,131130.17,2026-07-26,3670
INV163769,Management of Active Melbourne recreation facilities,Vittorian YMCA Community Programming Pty Ltd,245195.2,24 February 2027,3615
INV163770,Integrated security services,National Protective Services Pty Ltd (AUS),47222.49,28/08/08,3686
INV163771,Integrated security services,National Protectiv,37225.67 AUD,11-Jun-2027,3686
INV163772,Tree management maintenance services,Citywide Service Solutions Pty Ltd,"$12,197.14",09/03/2025,3678
INV163773,Integrated security services,National Protective Services Pty. Ltd.,"$32,508.94",27/11/2028,3686
INV163774,Parking technology services,Reino Int’l Pty Ltd T/A Duncan Solutions,114668.12 AUD,25/08/05,3623
INV163775,Vehicle tow away and impound services,NATIONWIDE TOWING SERVICES,142514.38,2026-06-02,3585
INV163776,Tree management maintenance services,Citywide,27022.98,27/09/06,3678
INV163777,Management of Active Melbourne recreation facilities,Victorian YMCA Community Programming Pty. Ltd.,0.2m,28/02/2029,3615
INV163778,Open spaces management - region 1,Citywide ServicepSolutions Pty Ltd,167927.03,06/07/2026,3676
INV163779,Building cleaning services,Menzies Int’l (Aust) Pty Ltd,124295.25 AUD,20/05/2026,3634
INV163780,Open spaces management - region 1,Citywide Service Solutions Pty Ltd (AUS),,25/12/24,3676
INV163781,Tree management maintenance services,Citywide Service Solutions Pty Ltd,154628.24,2025-03-20, 
INV163782,Street cleaning,spotless facility services pty ltd,0.1m,24/09/2029,3669
INV163783,Graffiti management and pressure cleaning services,CALCORP SERVICES PTY LTD,"$197,160.75",16-Dec-2027, 
INV163784,Parking technology services,REINO INTERNATIONAL PTY LTD T/A DUNCAN SOLUTIONS,166075.58,2027-04-29,3623
INV163785,Integrated security services,National Protective Services Pty Ltd (AU),0.1m,01 October 2029,3686
INV163786,Melbourne Town Hall venue management,Showtime Event Group Pty Ltd (AU),70708.92,26/07/13,3670
INV163787,Waste management services,Cleanaway Waste Mgmt Limited,40237.84 AUD,25/07/10,3556
INV163788,Open spaces management - region 2,SERCO,95688.16 AUD,08-Aug-2029,3677
INV163789,Building maintenance services,PROGRAMMED FACILITY MANAGEMENT PTY LTD,74836.47,15 January 2025,3630
INV163790,Building maintenance services,Programmed  Facility  Management  Pty  Ltd,79212.42 AUD,2025-08-31,3630
INV163791,Building cleaning services,menzies international (aust) pty ltd,174563.11,11/06/2029,3634
INV163792,Tree management maintenance services,Citywide Service Solutions Pty. Ltd.,12682.25 AUD,24-Nov-2027,3678
INV163793,Building maintenance services,Programmed Facility,,01/09/2027,3630
INV163794,Parking technology services,SpotlessFacilityServicesPtyLtd,238666.76 AUD,10/12/2028,3669
INV163795,Waste management services,Cleanaway Waste Mgmt Limited,29008.17,26/03/20,3556
INV163796,Building maintenance services,PROGRAMMED FACILITY MANAGEMENT PTY LTD,131935.42 AUD,08/02/2026,3630
INV163797,Graffiti management and pressure cleaning services,Calcorp Services Pty Ltd (AUS),0.2m,09/02/2028,3668
INV163798,Waste management services,Cleanaway Waste Management Limited,0.1m,06/06/2027,3556
INV163799,Open spaces management - region 2,SERCO (AUS),12876.34,29/09/10,3677
INV163800,Tree management maintenance services,Citywide Service Solutions Pty. Ltd.,0.1m,24/11/2027,3678
INV163801,Building maintenance services,PROGRAMMED FACILITY MANAGEMENT PTY LTD,84154.83,25/10/2028,3630
INV163802,Street cleaning,SPOTLESS FACILITY SERVICES PTY LTD,0.2m,2026-04-05,3669
INV163803,Open spaces management - region 1,Citywide,0.0m,2029-03-18,3676
INV163804,Building cleaning services,MENZIES INTERNATIONAL (AUST) PTY LTD,244979.36,29 June 2028,3634
INV163805,Tree management maintenance services,citywide service solutions pty ltd,211875.7,2028-09-14,3678
INV163806,Building maintenance services,Programmed  Facility  Management  Pty  Ltd,18735.57,28/06/02,3630
INV163807,Integrated security services,CITYWIDE SERVICE SOLUTIONS PTY LTD,0.1m,15-Jul-2029, 
INV163808,Civil infrastructure services,Citywide,0.1m,2029-05-28,3665
INV163809,Building maintenance services,Programmed Facility Management Pty Ltd (AU),130017.14 AUD,24-Apr-2028,3630
INV163810,Open spaces management - region 2,SERCO (AU),0.1m,08 October 2028,3677
INV163811,Building cleaning services,Menzies International (Aust) Pty Ltd,152266.76,24/05/2027,3634
INV163812,Tree management maintenance services,Citywide Service Solutions Pty Ltd (AUS),225508.93,04/02/2026,3678
INV163813,Management of Active Melbourne recreation facilities,Cleanaway Waste Management Limited,32685.79,10/02/2027,3556
INV163814,Graffiti management and pressure cleaning services,Calcorp Services Pty Ltd,"$222,301.41",14-Jan-2029,3668
INV163815,Parking technology services,REINO INTERNATIONAL PTY LTD T/A DUNCAN SOLUTIONS,0.1m,16 April 2029,3623
INV163816,Open spaces management - region 1,Citywide  Service  Solutions  Pty  Ltd,238475.97 AUD,12/03/2028,3676
INV163817,Waste management services,Cleanaway Waste Management Ltd,233001.1,24-Oct-2027,3556
INV163818,Open spaces management - region 1,CITYWIDE SERVICE SOLUTIONS PTY LTD,0.0m,17-Apr-2025,3676
INV163819,Management of Active Melbourne recreation facilities,Victorian YMCA Community Programming Pty. Ltd.,"$21,543.25",27-Oct-2027,3615
INV163820,Graffiti management and pressure cleaning services,Calcorp Services Pty Lzd,0.1m,2027-08-10,3668
INV163821,Building maintenance services,Programmed Facility Management Pty Ltd (AU),"$190,522.47",12/11/2025,3630
INV163822,Melbourne Town Hall venue management,Showtime Event Group Pty Ltd,96431.24,03-Oct-2026,3670
INV163823,Open spaces management - region 2,SERCO,0.1m,07-Aug-2026,3677
INV163824,Building maintenance services,Programmed Facility Management Pty Ltd,0.1m,16/11/2029,3630
INV163825,Building maintenance services,Programmed  Facility  Management  Pty  Ltd,249291.05,14/10/2025,3630
INV163826,Tree management maintenance services,Citywide Service Solutions Pty Ltd (AU),48156.69,18/09/2029,3678
INV163827,Parking technology services,Reino International Pty Ltd T/A Duncan Solutions (AU),"$59,808.42",02/06/2029,3623
INV163828,Integrated security services,National Protective Services Pty. Ltd.,171582.73 AUD,22 February 2025, 
INV163829,Street cleaning,Spotless  Facility  Services  Pty  Ltd,,19 July 2028,3669
INV163830,Tree management maintenance services,Citywide  Service  Solutions  Pty  Ltd,175870.43 AUD,2029-07-10,3678
INV163831,Management of Active Melbourne recreation facilities,Victorian Ymca Community Programming Pty Ltd,"$108,103.54",28/09/30,3615
INV163832,Integrated security services,national protective services pty ltd,0.1m,2027-01-07,3686
INV163833,Open spaces management - region 2,SERCO (AUS),30920.4,14-May-2025,3677
INV163834,Graffiti management and pressure cleaning services,CalcorpServicesPtyLtd,0.2m,01 March 2028,3668
INV163835,Management of Active Melbourne recreation facilities,Victorian YMCA Community Programming Pty Ltd,128930.03,25/12/19,3615
INV163836,Integrated security services,national protective services pty ltd,131946.32,16-Sep-2025,3686
INV163837,Vehicle tow away and impound services,Nationwide Towing Services,64358.44,02 December 2025,3585
INV163838,Melbourne Town Hall venue management,Showtime Event Group P/L,200852.29,17/02/2029,3670
INV163839,Open spaces management - region 1,Citywide  Service  Solutions  Pty  Ltd,54646.82 AUD,2026-03-06,3676
INV163840,Integrated security services,CitywideServiceSolutionsPtyLtd,"$234,345.36",16-Aug-2026,3678
INV163841,Waste management services,Cleanaway,"$228,886.17",27/09/06, 
INV163842,Melbourne Town Hall venue management,Showtime Event Group Pti Ltd,0.2m,06 September 2026,3670
INV163843,Civil infrastructure services,Citywide ServiceaSolutions Pty Ltd,16790.68,01/05/2029,3665
INV163844,Open spaces management - region 1,Citywide Service ,91335.39,17/08/2027,3676
INV163845,Integrated security services,National Protective Services Pty Ltd (AU),"$39,285.75",14 December 2026,3686
INV163846,Open spaces management - region 2,SERCO (AUS),141743.32,2026-03-30,3677
INV163847,Building maintenance services,PROGRAMMED FACILITY MANAGEMENT PTY LTD,0.1m,07-Jun-2026,3630
INV163848,Civil infrastructure services,Citywide Service Solutions Ptl Ltd,"$186,678.58",28/08/17,3665
INV163849,Building cleaning services,Menzies International (Aust) Pty Ltd (AUS),"$216,915.27",16-Nov-2025,3634
INV163850,Management of Active Melbourne recreation facilities,Victorian YMCA Community Programming Pty Ltd,0.1m,26/01/2027,3615
INV163851,Management of Active Melbourne recreation facilities,Victorian  YMCA  Community  Programming  Pty  Ltd,0.1m,2027-01-27,3615
INV163852,Parking technology services,Reino International jty Ltd T/A Duncan Solutions,51458.39,14-Jun-2029,3623
INV163853,Open spaces management - region 2,SERCO,26963.05 AUD,25/03/2027,3677
INV163854,Management of Active Melbourne recreation facilities,Victorian YMCA Community Programming Pty Ltd,"$112,864.59",11/02/2026,3615
INV163855,Tree management maintenance services,Citywide Service Solutions Pty Ltd (AUS),98947.5,27 February 2029,3678
INV163856,Street cleaning,Spotless Facility,"$234,698.03",2026-11-11,3669
INV163857,Vehicle tow away and impound services,NationwideTowingServices,24931.76,29/11/12,3585
INV163858,Building maintenance services,Programmed Facility Management Pty Ltd,5809.66,26-Oct-2026,3630
INV163859,Parking technology services,reino international pty ltd t/a duncan solutions,"$238,058.93",11 October 2029,3623
INV163860,Building cleaning services,MenziesInternational(Aust)PtyLtd,117103.93,,3634
INV163861,Building maintenance services,programmed facility management pty ltd,"$13,626.16",24/02/2025,3630
INV163862,Melbourne Town Hall venue management,Showtime Event Group Pty Ltd (AU),15911.46,2025-08-28,3670
INV163863,Open spaces management - region 2,SERCO (AU),"$181,528.25",01/01/2025,3677
INV163864,Melbourne Town Hall venue management,ShowtimeEventGroupPtyLtd,0.1m,31-Dec-2025,3670
INV163865,Graffiti management and pressure cleaning services,CALCORP SERVICES PTY LTD,"$211,089.23",10-Apr-2026,3668
INV163866,Waste management services,Cleanaway Waste Management Limited,103270.75 AUD,2028-04-30,3556
INV163867,Melbourne Town Hall venue management,showtime event group pty ltd,"$246,596.59",13-Dec-2029,3670
INV163868,Open spaces management - region 1,Citywide Service Solutions Pty Ltd (AU),180281.12,29/10/2029,3676
INV163869,Building cleaning services,Menzies,192837.88 AUD,2029-05-20,3634
INV163870,Vehicle tow away and impound services,Nationwide Towing Servioes,0.0m,25-Nov-2025,3585
INV163871,Melbourne Town Hall venue management,Showtime Event Group Pty Ltd,156297.92,2026-02-07,3670
INV163872,Open spaces management - region 1,CitywideServiceSolutionsPtyLtd,0.1m,14-Nov-2027,3676
INV163873,Integrated security services,National Protective Services Pty Ltd (AU),161012.24,11 July 2029,3686
INV163874,Building maintenance services,Programmed  Facility  Management  Pty  Ltd,0.2m,21-Sep-2026,3630
INV163875,Tree management maintenance services,citywide service solutions pty ltd,0.0m,11 August 2025,3678
INV163876,Street cleaning,Spotless Facility nervices Pty Ltd,19195.51 AUD,2028-09-22,3669
INV163877,Civil infrastructure services,citywide service solutions pty ltd,99963.47,29-Sep-2025,3665
INV163878,Street cleaning,Spotless  Facility  Services  Pty  Ltd,126219.32 AUD,29/09/2026,3669
INV163879,Open spaces management - region 2,SERCO,0.1m,10 June 2027,3677
INV163880,Graffiti management and pressure cleaning services,Calcorp Services P/L,0.2m,2027-03-02,3668
INV163881,Vehicle tow away and impound services,Natiobwide Towing Services,239828.13,27/07/28,3585
INV163882,Management of Active Melbourne recreation facilities,Victorian YMCA Community Programming Pty Ltd,"$182,386.88",23 February 2029,3615
INV163883,Parking technology services,Reino International Pty Ltd T/A Duncan Solutions (AUS),0.2m,02 July 2025,3623
INV163884,Open spaces management - region 2,SERCO (AUS),0.2m,24-May-2026,3677
INV163885,Melbourne Town Hall venue management,Showtime Event Group Pty Ltd (AUS),104482.53,23/08/2026,3670
INV163886,Tree management maintenance services,Citywide Service Solutions Pty Ltd,148438.23 AUD,14-Sep-2025,3678
INV163887,Street cleaning,Spotless,0.2m,28/03/2026, 
INV163888,Civil infrastructure services,Citywide Service Solutions Pty Ltd,0.0m,17/03/2028,3665
INV163889,Civil infrastructure services,citywide service solutions pty ltd,"$216,674.65",09 March 2027,3665
INV163890,Melbourne Town Hall venue management,Showtime Event Group Pty Ltd (AU),"$107,261.07",26/08/17,3670
INV163891,Management of Active Melbourne recreation facilities,Victorian YMCA Communi,224034.79,29/11/2027,3615
INV163892,Vehicle tow away and impound services,Nationwide,0.1m,11-Aug-2026,3585
INV163893,Street cleaning,Spotless Facility Services Pty Ltd (AUS),135703.55,29/07/03,3669
INV163894,Building cleaning services,SERCO (AUS),0.2m,2028-08-11,3677
INV163895,Open spaces management - region 1,Citywide Service Solutions Pty. Ltd.,194170.99,24/08/2029,3676
INV163896,Tree management maintenance services,CITYWIDE SERVICE SOLUTIONS PTY LTD,"$135,859.82",2027-12-27,3678
INV163897,Waste management services,Cleanaway Waste Management Ltd,134520.93 AUD,01 April 2027, 
INV163898,Integrated security services,National Protective Services Pty Ltd,90705.01,2028-11-28,3686
INV163899,Parking technology services,Reino Int’l Pty Ltd T/A Duncan Solutions,85602.67,25 March 2025,3623
INV163900,Graffiti management and pressure cleaning services,Calcorp Services Pty Ltd,0.1m,2026-12-31, 
INV163901,Tree management maintenance services,Citywide Service Solutions Pty. Ltd.,104744.59,2027-12-23,3678
INV163902,Graffiti management and pressure cleaning services,ealcorp Services Pty Ltd,48490.04,28-Jun-2027,3668
INV163903,Management of Active Melbourne recreation facilities,Victorian YMCA Community Programming P/L,155920.13,21/09/2028,3615
INV163904,Building maintenance services,Programmed,0.0m,07-May-2027,3630
INV163905,Tree management maintenance services,citywide service solutions pty ltd,"$247,362.76",26 March 2026,3678
INV163906,Tree management maintenance services,Citywide Service Solutions Pty Ltd,37781.83 AUD,07/03/2029,3678
INV163907,Graffiti management and pressure cleaning services,Calcorp Servichs Pty Ltd,"$122,398.8",2025-12-19,3668
INV163908,Management of Active Melbourne recreation facilities,Victorian,"$94,852.61",2028-02-09, 
INV163909,Management of Active Melbourne recreation facilities,Victorian  YMCA  Community  Programming  Pty  Ltd,,13/10/2028,3615
INV163910,Open spaces management - region 2,Serco,247165.58,17-Oct-2027,3677
INV163911,Waste management services,Cleanaway Waste M,194039.0,30 January 2025,3556
INV163912,Graffiti management and pressure cleaning services,Calcorp Services Pty Ltd,646.27,2029-07-04,3668
INV163913,Building cleaning services,Menzies International (Aust) Pty Ltd (AUS),180751.95 AUD,29/12/07,3634
INV163914,Civil infrastructure services,Citywide  Service  Solutions  Pty  Ltd,64846.99,29/04/22,3665
INV163915,Building cleaning services,Menzies International (Aust) Pty Ltd (AUS),192247.52 AUD,19-Jul-2026,3634
INV163916,Vehicle tow away and impound services,Nationwide Towing Services (AUS),0.1m,16 September 2026,3585
INV163917,Parking technology services,Reino International Pty Ltd T/A Duncan Solutions (AUS),19384.11 AUD,18 November 2027,3623
INV163918,Tree management maintenance services,CITYWIDE SERVICE SOLUTIONS PTY LTD,"$138,031.89",29-Jul-2025,3678
INV163919,Building cleaning services,Menzies,51669.61,2029-05-28,3634
INV163920,Open spaces management - region 1,Citywide Service Solutions Pty Ltd (AUS),"$59,289.55",24/08/2027,3676
INV163921,Open spaces management - region 2,SERCO,0.1m,27/03/07,3677
INV163922,Civil infrastructure services,Menzies International (Aust) Pty Ltd,96985.25 AUD,26/06/04,3634
INV163923,Vehicle tow away and impound services,Nationwide Towing Services (AUS),0.1m,26/12/18,3585
INV163924,Building maintenance services,Programmed,213213.07,16/01/2026,3630
INV163925,Waste management services,CLEANAWAY WASTE MANAGEMENT LIMITED,153051.94,11/01/2028,3556
INV163926,Melbourne Town Hall venue management,Showtime Event Group Pty Ltd,14175.35,06 December 2025,3670
INV163927,Graffiti management and pressure cleaning services,Calcorp Services Pty Ltd (AUS),0.1m,14 March 2026,3668
INV163928,Building maintenance services,Programmed Facility Management Pty Ltd (AU),140187.29,20/05/2029,3630
INV163929,Parking technology services,reino international pty ltd t/a duncan solutions,168553.17 AUD,,3623
INV163930,Vehicle tow away and impound services,Nationwide Towing Services,"$218,329.45",03/11/2027,3585
INV163931,Management of Active Melbourne recreation facilities,VICTORIAN YMCA COMMUNITY PROGRAMMING PTY LTD,0.0m,23/02/2029,3615
INV163932,Street cleaning,Spotless Facility Services P/L,145044.43,13 November 2028,3669
INV163933,Parking technology services,Reino,"$30,399.49",16-Aug-2029,3623
INV163934,Parking technology services,Reino Int’l Pty Ltd T/A Duncan Solutions,,25-Oct-2026, 
INV163935,Open spaces management - region 2,SERCO,131555.17 AUD,28 April 2029, 
INV163936,Civil infrastructure services,citywide service solutions pty ltd,0.0m,18 August 2027,3665
INV163937,Tree management maintenance services,ProgrammedFacilityManagementPtyLtd,0.2m,15/11/2027,3630
INV163938,Civil infrastructure services,CitywideServiceSolutionsPtyLtd,113474.81,28/05/2029,3665
INV163939,Waste management services,Cleanaway Waste Management LTD,125486.22 AUD,23-Apr-2026,3556
INV163940,Open spaces management - region 2,serco,"$64,200.92",24-Mar-2025,3677
INV163941,Graffiti management and pressure cleaning services,calcorp services pty ltd,37404.51,2026-10-16,3668
INV163942,Melbourne Town Hall venue management,Showtime Event Group P/L,"$113,697.37",12/05/2027,3670
INV163943,Civil infrastructure services,Citywide Service Solutions Pty Ltd (AU),62205.47,20/07/2029,3665
INV163944,Management of Active Melbourne recreation facilities,Victorian YMCA Community Programming Pty Ltd (AU),109643.05,27/12/18,3615
INV163945,Open spaces management - region 1,citywide service solutions pty ltd,0.0m,25/01/28,3676
INV163946,Open spaces management - region 2,SERCO,137549.3 AUD,20/11/2027,3677
INV163947,Building maintenance services,Programmed  Facility  Management  Pty  Ltd,0.1m,09/05/2028,3630
INV163948,Parking technology services,Reino International Pty ,0.2m,2026-09-30,3623
INV163949,Management of Active Melbourne recreation facilities,Victorian YMCA Community Programming Pty Ltd (AUS),25534.41 AUD,26-Mar-2029,3615
INV163950,Tree management maintenance services,Citywide Service Solutions P/L,9592.95,12 October 2025,3678
INV163951,Open spaces management - region 1,Citywide Service Solutions Pty Ltd,61369.81 AUD,12-Jul-2027,3676
INV163952,Melbourne Town Hall venue management,Showtime  Event  Group  Pty  Ltd,"$197,897.58",28/01/28,3670
INV163953,Street cleaning,Spotless  Facility  Services  Pty  Ltd,"$198,694.82",2025-08-19,3669
INV163954,Building cleaning services,Menzies International (Aust) P/L,202124.26 AUD,27/08/25,3634
INV163955,Open spaces management - region 1,Citywide Service Solutions Pty Ltd (AUS),216655.3 AUD,17/02/2025,3676
INV163956,Tree management maintenance services,Citywide Service Solutions Pty Ltd (AU),149508.44,2029-09-20,3678
INV163957,Integrated security services,NATIONAL PROTECTIVE SERVICES PTY LTD,67136.35,18 January 2025,3686
INV163958,Open spaces management - region 1,Citywide  Service  Solutions  Pty  Ltd,0.2m,26-Apr-2027,3676
INV163959,Integrated security services,National Protective Services Pty Ltd,222308.8,02/07/2026,3686
INV163960,Open spaces management - region 1,Citywide  Service  Solutions  Pty  Ltd,"$195,845.62",2029-12-23,3676
INV163961,Integrated security services,National Protective Services Pty Ltd,"$33,500.69",26/10/12,3686
INV163962,Tree management maintenance services,Citywide  Service  Solutions  Pty  Ltd,"$186,096.21",11 March 2026,3678
INV163963,Melbourne Town Hall venue management,Showtime Event Group Pty. Ltd.,0.0m,05-Jun-2029,3670
INV163964,Building maintenance services,Programmed Facility Management Pty. Ltd.,225630.88,24/12/2029,3630
INV163965,Melbourne Town Hall venue management,Showtime Event,201942.75 AUD,18 November 2025,3670
INV163966,Civil infrastructure services,citywide service solutions pty ltd,0.2m,25/08/04,3665
INV163967,Building maintenance services,Programmed,89428.86,20/11/2025,3630
INV163968,Civil infrastructure services,Citywide Service Solutions Pty Ltd (AUS),0.2m,10/03/2026,3665
INV163969,Civil infrastructure services,citywide service solutions pty ltd,136217.29 AUD,13/03/2025,3665
INV163970,Melbourne Town Hall venue management,Showtime Event Group Pty Ltd,45962.94 AUD,2027-12-27,3670
INV163971,Open spaces management - region 1,Citywide Service Solutions Pty Ltd,155764.47,23/09/2025,3676
INV163972,Integrated security services,National Protective Services Pty Ltd (AUS),206960.27 AUD,29/06/06,3686
INV163973,Parking technology services,Reino International Pty Ltd T/A Duncan Solutions,23272.69 AUD,24 November 2028,3623
INV163974,Tree management maintenance services,Citywide Service Solutions Pty Ltd (AU),0.1m,25/05/2026,3678
INV163975,Integrated security services,National Protective Services Pty. Ltd.,"$143,951.36",07/11/2025,3686
INV163976,Graffiti management and pressure cleaning services,Calcorp Services Pty Ltd (AU),"$207,144.95",07/05/2027,3668
INV163977,Building cleaning services,Menzies International (Aust) Pty Ltd (AU),122824.34 AUD,03 September 2026,3634
INV163978,Civil infrastructure services,Citywide Service Solutions Pty. Ltd.,68499.49 AUD,21/11/2027,3665
INV163979,Open spaces management - region 1,Citywide Selvice Solutions Pty Ltd,"$139,045.31",11-Sep-2029,3676
INV163980,Open spaces management - region 2,SERCO,248605.73,06-Aug-2028, 
INV163981,Building cleaning services,Menzies,193688.75,27/07/17,3634
INV163982,Building cleaning services,Menzies Internatio,3940.12,19/06/2027,3634
INV163983,Waste management services,Cleanaway Waste Mgmt Limited,0.2m,10 March 2027,3556
INV163984,Vehicle tow away and impound services,Nationwide Towing Scrvices,"$122,856.83",27/04/23,3585
INV163985,Open spaces management - region 2,Serco,142830.57,27/03/31,3677
INV163986,Melbourne Town Hall venue management,SHOWTIME EVENT GROUP PTY LTD,155245.37,27/03/10,3670
INV163987,Melbourne Town Hall venue management,National Protective Services Pty Ltd (AU),0.0m,13/06/2026,3686
INV163988,Building cleaning services,Menzies International (Aust) Pty Ltd,0.1m,25/06/03,3634
INV163989,Waste management services,Cleanaway Waste Management Limited,62012.57 AUD,08 May 2029,3556
INV163990,Integrated security services,National Protective Services Pty Ltd,159778.41,26/02/2027,3686
INV163991,Open spaces management - region 1,Victorian YMCA Community Programming Pty Ltd,94719.72,18/09/2026,3615
INV163992,Open spaces management - region 2,SERCO (AU),80476.97 AUD,2028-02-05,3677
INV163993,Building cleaning services,MenziesInternational(Aust)PtyLtd,0.2m,09/07/2026,3634
INV163994,Open spaces management - region 2,SERCO,0.1m,01/11/2025,3677
INV163995,Open spaces management - region 1,Citywide Service Solutions Pty Ltd,210404.21,2026-07-18,3676
INV163996,Open spaces management - region 1,Citywide Service Solutions Pty Ltd (AUS),115459.53,23-Dec-2028,3676
INV163997,Open spaces management - region 2,SERCO,"$209,383.4",24-May-2025,3677
INV163998,Civil infrastructure services,Citywide Service Solutions Pty Ltd,"$19,306.11",29/06/21,3665
INV163999,Management of Active Melbourne recreation facilities,Victorian YMCA Communi,4862.34,28/05/08,3615
INV164000,Graffiti management and pressure cleaning services,CalcorpqServices Pty Ltd,78274.71,18 December 2025,3668
