InvoiceID,ContractTitle,Provider,InvoiceAmount,InvoiceDate,ContractNumber
INV343001,Tree management maintenance services,CitywideServiceSolutionsPtyLtd,167227.47 AUD,28/11/2026,3678
INV343002,Open spaces management - region 2,SERCO (AUS),154995.67 AUD,2028-12-07,3677
INV343003,Open spaces management - region 1,CitywideServiceSolutionsPtyLtd,236961.85,11/10/2029,3676
INV343004,Building cleaning services,Menzies,177959.0,24/03/2026,3634
INV343005,Street cleaning,Spotless Facility Services Pty Ltd,"$195,760.45",26/05/2029,3669
INV343006,Parking technology services,Reino International Pty. Ltd. T/A Duncan Solutions,97064.24,28/02/2028,3623
INV343007,Parking technology services,Reino International yty Ltd T/A Duncan Solutions,14095.3 AUD,15/11/2025,3623
INV343008,Building cleaning services,Menzies Int’l (Aust) Pty Ltd,215173.57,2029-06-22,3634
INV343009,Graffiti management and pressure cleaning services,Calcorp Services Pty Ltd (AUS),"$21,012.17",29/06/01,3668
INV343010,Graffiti management and pressure cleaning services,Calcorp Services Pty Ltd,244456.6,29/11/21,3668
INV343011,Integrated security services,Natiopal Protective Services Pty Ltd,203972.55,21 August 2026,3686
INV343012,Civil infrastructure services,Citywide Service Solutions P/L,115731.9 AUD,31/01/2029,3665
INV343013,Waste management services,Cleanaway Waste Management Limited,"$49,178.23",14/11/2028,3556
INV343014,Building maintenance services,Programmed Facility Management Pty Ltd (AU),"$107,807.34",2029-05-05,3630
INV343015,Civil infrastructure services,Citywide Service Solutions Pty Ltd,137443.1,,3665
INV343016,Management of Active Melbourne recreation facilities,Victorian YMCA Community Programming Pty Ltd (AUS),"$102,902.76",29-Aug-2029,3615
INV343017,Waste management services,Cleanaway Waste Mgmt Limited,204013.78,29/03/2028,3556
INV343018,Waste management services,Cleanaway Waste M,84866.82,01/02/2027,3556
INV343019,Vehicle tow away and impound services,NATIONWIDE TOWING SERVICES,"$175,041.51",26/03/06,3585
INV343020,Building maintenance services,programmed facility management pty ltd,176757.59 AUD,29 April 2027,3630
INV343021,Tree management maintenance services,Citywide Service Solutions Pty Ltd,193638.44,26/04/15, 
INV343022,Building cleaning services,Menzies,149437.08,27/04/05,3634
INV343023,Melbourne Town Hall venue management,Showtime Event Group Pty Ltd,"$198,364.06",28/04/09,3670
INV343024,Building maintenance services,PROGRAMMED FACILITY MANAGEMENT PTY LTD,32268.42,25/04/15,3630
INV343025,Civil infrastructure services,Citywide Service Solutions Pty Ltd (AUS),"$4,140.15",11/10/2028, 
INV343026,Parking technology services,Reino International Pty Ltd T/A Duncan Solutions,248205.66,23-Mar-2029,3623
INV343027,Melbourne Town Hall venue management,ShowtimeEventGroupPtyLtd,0.2m,2026-12-24,3670
INV343028,Vehicle tow away and impound services,Nationwide Towing Services,165806.8 AUD,02-May-2029,3585
INV343029,Street cleaning,Spotless Facility Services Ply Ltd,166410.9 AUD,2028-03-07,3669
INV343030,Tree management maintenance services,Citywide Service Solutions Pty Ltd,6037.66,26 February 2027,3678
INV343031,Open spaces management - region 2,Showtime Event Group Pty Ltd (AUS),45413.37,2025-11-07,3670
INV343032,Open spaces management - region 2,SERCO (AU),0.2m,16 June 2028,3677
INV343033,Street cleaning,Spotless Facility Services Pty Ltd (AUS),0.2m,28/04/12,3669
INV343034,Graffiti management and pressure cleaning services,Calcorp Services Pty Ltd (AUS),"$176,552.54",04 August 2029,3668
INV343035,Building cleaning services,Menzies,79046.56,2028-01-05,3634
INV343036,Integrated security services,National Protective Services P/L,"$22,934.39",18-Jun-2027,3686
INV343037,Integrated security services,National,"$163,921.61",08-Sep-2027,3686
INV343038,Waste management services,Cleanaway Waste M,224623.99,27/12/2028,3556
INV343039,Vehicle tow away and impound services,NationwideTowingServices,"$131,007.83",2029-05-17,3585
INV343040,Integrated security services,NATIONAL PROTECTIVE SERVICES PTY LTD,0.2m,21/09/2025,3686
INV343041,Parking technology services,Reino Int’l Pty Ltd T/A Duncan Solutions,196864.67,12 December 2025,3623
INV343042,Tree management maintenance services,Citywide Service Solutions Pty Ltd (AU),211898.18 AUD,22/02/2029,3678
INV343043,Parking technology services,Reino International Pty Ltd T/A Duncan Solutions,211242.77,02/07/2029,3623
INV343044,Building maintenance services,Programmed Facility Management Pty. Ltd.,"$128,779.07",08-Apr-2025,3630
INV343045,Graffiti management and pressure cleaning services,Calcorp Services Pty Ltd,0.2m,28/02/05,3668
INV343046,Waste management services,Cleanaway Waste Management Limited (AU),"$50,780.11",27/12/01,3556
INV343047,Building maintenance services,Programmed,183225.37,01/04/2026,3630
INV343048,Management of Active Melbourne recreation facilities,Victorian YMCA Community Programming Pty Ltd (AU),0.2m,19/10/2025,3615
INV343049,Open spaces management - region 2,SERCO (AU),28143.6,2025-08-12,3677
INV343050,Open spaces management - region 2,SERCO,116919.38,04/05/2027,3677
INV343051,Management of Active Melbourne recreation facilities,Victorian YMCA Community Programming Pty Ltd,"$41,743.15",29/06/09,3615
INV343052,Integrated security services,national protective services pty ltd,0.2m,22-Jun-2027, 
INV343053,Integrated security services,National Protective Services Pty Ltd,1666.02 AUD,17 December 2026,3686
INV343054,Waste management services,Cleanaway Waste Management Limited,178993.31,26/01/21,3556
INV343055,Management of Active Melbourne recreation facilities,Victorian YMCA Community Programming Ptl Ltd,17247.76,27/04/06,3615
INV343056,Graffiti management and pressure cleaning services,Calcorp Services Pty Ltd,213137.96,19-Jan-2025,3668
INV343057,Vehicle tow away and impound services,NationwideTowingServices,9676.16 AUD,11/02/2029,3585
INV343058,Vehicle tow away and impound services,NATIONWIDE TOWING SERVICES,88015.59 AUD,21/03/2026,3585
INV343059,Melbourne Town Hall venue management,Showtime  Event  Group  Pty  Ltd,"$246,874.36",12/05/2026,3670
INV343060,Tree management maintenance services,CITYWIDE SERVICE SOLUTIONS PTY LTD,"$65,179.36",29/03/12,3678
INV343061,Waste management services,Cleanaway,155359.33,2026-12-21,3556
INV343062,Waste management services,Cleanaway Waste Management LTD,0.2m,09-Dec-2029,3556
INV343063,Melbourne Town Hall venue management,Showtime Event Group Pty Ltd,"$181,907.18",2025-06-14,3670
INV343064,Melbourne Town Hall venue management,Showtime Event,"$142,941.12",18/04/2027,3670
INV343065,Open spaces management - region 1,Citywide Service Solutions hty Ltd,43042.96,26-Apr-2025,3676
INV343066,Building maintenance services,programmed facility management pty ltd,90822.68,12/02/2028,3630
INV343067,Building cleaning services,Menzies International (Aust) P/L,29324.67 AUD,26 February 2025,3634
INV343068,Open spaces management - region 1,Citywide  Service  Solutions  Pty  Ltd,189066.2,17-Jun-2029,3676
INV343069,Open spaces management - region 1,Citywide,137223.39,02/01/2026,3676
INV343070,Waste management services,Cleanaway,"$79,034.0",31 October 2029,3556
INV343071,Management of Active Melbourne recreation facilities,VictorianYMCACommunityProgrammingPtyLtd,102561.3,21/06/2028,3615
INV343072,Civil infrastructure services,Citywide Service Solutions P/L,125579.99,10 December 2025,3665
INV343073,Melbourne Town Hall venue management,ShowtimeEventGroupPtyLtd,0.2m,28/01/17,3670
INV343074,Waste management services,Cleanaway,0.2m,12 March 2029,3556
INV343075,Open spaces management - region 1,Citywide Service Solutions P/L,74428.13 AUD,2028-05-11,3676
INV343076,Waste management services,Cleanaway,0.1m,2025-07-15,3556
INV343077,Building maintenance services,Programmed Facility Management P/L,106666.61 AUD,18 June 2027,3630
INV343078,Building maintenance services,programmed facility management pty ltd,56454.53,2026-04-04,3630
INV343079,Civil infrastructure services,Citywide Service Solutions Pty Ltd,73427.45,23/12/2025,3665
INV343080,Open spaces management - region 1,CITYWIDE SERVICE SOLUTIONS PTY LTD,124530.26 AUD,31/05/2026,3676
INV343081,Parking technology services,Programmed Facility,203613.7 AUD,09-Nov-2029,3630
INV343082,Parking technology services,Reino International Pty Ltd T/A Duncan Solutions (AU),"$115,738.21",24/05/2025,3623
INV343083,Management of Active Melbourne recreation facilities,Victorian  YMCA  Community  Programming  Pty  Ltd,0.0m,28 October 2029,3615
INV343084,Management of Active Melbourne recreation facilities,Victorian YMCA Community Programming Pty Ltd (AUS),0.0m,23-Sep-2025,3615
INV343085,Melbourne Town Hall venue management,SHOWTIME EVENT GROUP PTY LTD,114715.64,25/11/22,3670
INV343086,Open spaces management - region 2,SERCO,85812.79 AUD,18/10/2028,3677
INV343087,Civil infrastructure services,Citywide Service Solutions P/L,127122.21,29/05/13,3665
INV343088,Management of Active Melbourne recreation facilities,Victorian YMCA Community Programming Pty Ltd (AUS),0.1m,17 February 2027,3615
INV343089,Integrated security services,National Protective Services Pty Ltd (AU),121855.88 AUD,10/01/2025,3686
INV343090,Integrated security services,National  Protective  Services  Pty  Ltd,5601.22,2025-10-13, 
INV343091,Tree management maintenance services,Citywide Service Solutions P/L,0.2m,15-Oct-2025,3678
INV343092,Tree management maintenance services,CitywideServiceSolutionsPtyLtd,"$179,473.48",20/10/2029,3678
INV343093,Building cleaning services,menzies international (aust) pty ltd,"$109,820.77",,3634
INV343094,Waste management services,Cleanaway Waste Management Limited,75791.13,,3556
INV343095,Parking technology services,Reino International Pty Ltd T/A Duncan Solutions,77988.15,18/08/2027,3623
INV343096,Integrated security services,national protective services pty ltd,0.2m,24 December 2027,3686
INV343097,Waste management services,Victorian YMCA Community Programming Pty Ltd,0.0m,14 February 2025,3615
INV343098,Civil infrastructure services,CITYWIDE SERVICE SOLUTIONS PTY LTD,241369.9,2025-05-03,3665
INV343099,Building cleaning services,menzies international (aust) pty ltd,106506.2 AUD,22/06/2025,3634
INV343100,Waste management services,CLEANAWAY WASTE MANAGEMENT LIMITED,112049.9 AUD,21/10/2027, 
INV343101,Open spaces management - region 1,Citywide Service Solutions Pty Ltd,31468.88,16 June 2026,3676
INV343102,Civil infrastructure services,Citywide Service Solutions P/L,128677.82,18/08/2026,3665
INV343103,Building maintenance services,Programmed Facility Mgmt Pty Ltd,220346.31,26/11/2027,3630
INV343104,Open spaces management - region 1,Citywide Service Solutions Pty Ltd,"$118,897.97",22/11/2028,3676
INV343105,Parking technology services,Reino  International  Pty  Ltd  T/A  Duncan  Solutions,54972.64,17/12/2029,3623
INV343106,Civil infrastructure services,Citywide Service Solutions Pty Ltd,"$157,681.31",2027-07-24,3665
INV343107,Civil infrastructure services,Citywide,183805.77 AUD,25/02/2028,3665
INV343108,Street cleaning,spotless facility services pty ltd,"$85,923.65",22/04/2029,3669
INV343109,Graffiti management and pressure cleaning services,Calcorp Services P/L,127847.6,28/02/14, 
INV343110,Building cleaning services,Menzies International (Aust) Pty. Ltd.,222660.58,15-Feb-2028,3634
INV343111,Open spaces management - region 2,SERCO,48107.31 AUD,27/05/2029,3677
INV343112,Integrated security services,National Protective Services Pty Ltd,36641.42,25/09/09,3686
INV343113,Open spaces management - region 1,CITYWIDE SERVICE SOLUTIONS PTY LTD,0.1m,26/03/12,3676
INV343114,Building cleaning services,Menzies International (Aust) Pty Ltd,81530.34 AUD,2028-03-28,3634
INV343115,Vehicle tow away and impound services,Nationwide Towing Services,41930.11,28 November 2029,3585
INV343116,Integrated security services,NationalProtectiveServicesPtyLtd,15290.3,08-Dec-2029,3686
INV343117,Graffiti management and pressure cleaning services,Calcorp Serv,227989.64 AUD,23/01/2025,3668
INV343118,Building cleaning services,MenziestInternational (Aust) Pty Ltd,193191.86 AUD,28/02/08,3634
INV343119,Parking technology services,reino international pty ltd t/a duncan solutions,0.0m,30 July 2029,3623
INV343120,Street cleaning,Spotless Facility Services Pty Ltd (AUS),"$80,041.73",2025-02-09,3669
INV343121,Building maintenance services,programmed facility management pty ltd,227835.13,21 August 2029,3630
INV343122,Management of Active Melbourne recreation facilities,Victorian YMCA Community Programming Pty Ltd,"$91,395.78",28/03/2028,3615
INV343123,Open spaces management - region 2,SERCO,"$5,817.41",27/11/17, 
INV343124,Integrated security services,National  Protective  Services  Pty  Ltd,209989.03,29/06/22,3686
INV343125,Tree management maintenance services,Citywide  Service  Solutions  Pty  Ltd,115791.16,01-Sep-2028,3678
INV343126,Integrated security services,cleanaway waste management limited,0.2m,11 January 2026,3556
INV343127,Management of Active Melbourne recreation facilities,Showtime Event Group P/L,64636.41,29/04/16,3670
INV343128,Vehicle tow away and impound services,NationwideTowingServices,149302.06,26/01/14,3585
INV343129,Vehicle tow away and impound services,nationwide towing services,190489.32,26/05/17,3585
INV343130,Graffiti management and pressure cleaning services,Calcorp Services Pty Ltd,33989.56,29/12/2025,3668
INV343131,Graffiti management and pressure cleaning services,Calcorp  Services  Pty  Ltd,230606.61 AUD,05-Jun-2028,3668
INV343132,Melbourne Town Hall venue management,Showtime Event Group Pty Ltd,"$147,613.22",10-Apr-2028,3670
INV343133,Open spaces management - region 2,SERCO,"$201,270.69",10/12/2028,3677
INV343134,Street cleaning,Spotless Facility,0.2m,03/08/2025,3669
INV343135,Tree management maintenance services,Citywide Service Solutions Pty Ltd,"$59,138.63",30-May-2026,3678
INV343136,Street cleaning,Spotless Facility Services Pty. Ltd.,"$88,149.44",02-Mar-2026,3669
INV343137,Open spaces management - region 1,Citywide  Service  Solutions  Pty  Ltd,34121.03 AUD,22 October 2025,3676
INV343138,Vehicle tow away and impound services,Nationwide Towing Services (AUS),156207.09,26/06/25,3585
INV343139,Parking technology services,REINO INTERNATIONAL PTY LTD T/A DUNCAN SOLUTIONS,0.2m,26-Feb-2026,3623
INV343140,Management of Active Melbourne recreation facilities,VICTORIAN YMCA COMMUNITY PROGRAMMING PTY LTD,"$122,661.09",03 June 2025,3615
INV343141,Melbourne Town Hall venue management,Showtime Event Group Pty. Ltd.,119596.49 AUD,12/12/2028,3670
INV343142,Parking technology services,Reino  International  Pty  Ltd  T/A  Duncan  Solutions,16564.63 AUD,15-Sep-2027,3623
INV343143,Open spaces management - region 2,SERCO,106070.78,2027-05-28,3677
INV343144,Open spaces management - region 1,Citywide Service Solutions Pty Ltb,3056.38,21-May-2025,3676
INV343145,Open spaces management - region 1,Citywide Service Solutions Pty Ltd,148688.02,08-May-2025,3676
INV343146,Parking technology services,Reino,0.2m,29/06/30,3623
INV343147,Vehicle tow away and impound services,Nationwide,0.2m,05-Jul-2025,3585
INV343148,Integrated security services,NationalProtectiveServicesPtyLtd,"$86,959.32",24/01/2027, 
INV343149,Street cleaning,spotless facility services pty ltd,125714.85,29/03/2025,3669
INV343150,Building maintenance services,Programmed Facility Management Pty Ltd,112650.93,2027-03-28,3630
INV343151,Building maintenance services,Programmed Facility Mgmt Pty Ltd,240706.5 AUD,29/01/23,3630
INV343152,Parking technology services,Reino Inuernational Pty Ltd T/A Duncan Solutions,56330.83 AUD,07-Feb-2026, 
INV343153,Parking technology services,Reino International P/L T/A Duncan Solutions,0.2m,27/10/11,3623
INV343154,Melbourne Town Hall venue management,Showtime,76082.6 AUD,26/10/30,3670
INV343155,Melbourne Town Hall venue management,Showtime Event Group Pty Ltd (AUS),36575.98,17/11/2029,3670
INV343156,Waste management services,Cleanaway Waste Management LTD,119017.71 AUD,14-Nov-2025,3556
INV343157,Waste management services,cleanaway waste management limited,62137.87 AUD,23 June 2027,3556
INV343158,Melbourne Town Hall venue management,ShowtimeEventGroupPtyLtd,55080.06,31-Aug-2025, 
INV343159,Open spaces management - region 2,mERCO,201530.64,16/07/2025,3677
INV343160,Waste management services,Cleanaway Waste Management Ltd,0.1m,19 May 2029,3556
INV343161,Tree management maintenance services,citywide service solutions pty ltd,0.0m,25 February 2028,3678
INV343162,Civil infrastructure services,Citywide Service Solutions Pty Ltd (AUS),214205.07,2028-10-14,3665
INV343163,Management of Active Melbourne recreation facilities,Victorian YMCA Community Programming Pty Ltd (AUS),0.1m,20/06/2028,3615
INV343164,Waste management services,Cleanaway Waste Management LTD,0.1m,28/10/01,3556
INV343165,Parking technology services,REINO INTERNATIONAL PTY LTD T/A DUNCAN SOLUTIONS,0.1m,29/11/2028,3623
INV343166,Tree management maintenance services,Citywide,41996.8 AUD,2026-08-15,3678
INV343167,Parking technology services,Reino International Pty. Ltd. T/A Duncan Solutions,"$136,240.99",26/01/01,3623
INV343168,Building cleaning services,menzies international (aust) pty ltd,164516.9,14 May 2027,3634
INV343169,Open spaces management - region 2,SERCO,"$119,789.42",2025-03-01,3677
INV343170,Tree management maintenance services,Citywide Service Solutions P/L,220740.8,19-Sep-2028,3678
INV343171,Melbourne Town Hall venue management,Showtime Event,28357.72,06/10/2027,3670
INV343172,Building maintenance services,PROGRAMMED FACILITY MANAGEMENT PTY LTD,179146.96,14/10/2028,3630
INV343173,Civil infrastructure services,CitywideServiceSolutionsPtyLtd,0.2m,08 July 2028,3665
INV343174,Graffiti management and pressure cleaning services,CalcorpServicesPtyLtd,147083.36,2029-11-15,3668
INV343175,Integrated security services,NATIONAL PROTECTIVE SERVICES PTY LTD,"$27,113.94",2028-03-04,3686
INV343176,Building maintenance services,Programmed Facility Management Pty Ltd,61890.01,26/08/2026,3630
INV343177,Civil infrastructure services,Citywide Service Solutions Pty Ltd (AU),"$1,407.77",22/03/2026,3665
INV343178,Melbourne Town Hall venue management,Showtime Event Group Pty Ltd,64370.15 AUD,26/12/01,3670
INV343179,Vehicle tow away and impound services,NationwideTowingServices,0.1m,2026-08-28,3585
INV343180,Waste management services,CleanawayWasteManagementLimited,21671.8 AUD,17-Jun-2027,3556
INV343181,Building maintenance services,programmed facility management pty ltd,0.2m,2029-01-16,3630
INV343182,Waste management services,Cleanaway Waste Management Limited,"$70,595.62",2027-07-02,3556
INV343183,Melbourne Town Hall venue management,Showtime Event Group Pty Ltd,0.1m,28/08/15,3670
INV343184,Tree management maintenance services,CITYWIDE SERVICE SOLUTIONS PTY LTD,4504.95 AUD,04/09/2026,3678
INV343185,Building cleaning services,Menzies International (Aust) P/L,0.2m,01 October 2029,3634
INV343186,Tree management maintenance services,Showtime Event Group Pty Ltd,0.2m,2025-12-17,3670
INV343187,Integrated security services,NATIONAL PROTECTIVE SERVICES PTY LTD,233213.15 AUD,28/02/2029,3686
INV343188,Waste management services,Cleanaway Waste Management LTD,"$9,044.64",08/09/2025,3556
INV343189,Graffiti management and pressure cleaning services,Calcorp Services Pth Ltd,"$121,237.05",25/11/15,3668
INV343190,Integrated security services,National,"$132,439.58",01/08/2025,3686
INV343191,Integrated security services,National Protective Services Pty Ltd (AUS),160101.88 AUD,27/10/30,3686
INV343192,Parking technology services,Reino International Pty Ltd T/A Duncan Solutions,141834.64,14 November 2026,3623
INV343193,Graffiti management and pressure cleaning services,calcorp services pty ltd,,03-Aug-2026,3668
INV343194,Open spaces management - region 2,SERCO,"$61,080.18",29/07/2029,3677
INV343195,Waste management services,CleanawayWasteManagementLimited,"$24,066.42",18-Feb-2029,3556
INV343196,Street cleaning,Spotless Facility Services Pty Ltd (AU),215531.02 AUD,2025-09-11,3669
INV343197,Waste management services,Cleanaway Waste Mgmt Limited,137424.77,2025-02-08,3556
INV343198,Integrated security services,National Protective Services Pty Ltd,0.2m,17 February 2028,3686
INV343199,Civil infrastructure services,Citywide Service Solutions Pty Ltd,192539.68,27/07/27,3665
INV343200,Melbourne Town Hall venue management,Showtime Event Group Pty Ltd (AUS),"$60,710.46",14 April 2028,3670
INV343201,Tree management maintenance services,Citywide Service Solutionf Pty Ltd,0.2m,29/12/16,3678
INV343202,Street cleaning,Spotlesd Facility Services Pty Ltd,0.2m,12/01/2026,3669
INV343203,Open spaces management - region 1,Citywide Service Solutions Pty Ltd (AU),145975.37,24/12/2027,3676
INV343204,Open spaces management - region 1,Citywide Service Solutions Pty Ltd,"$90,168.91",16-Jul-2029,3676
INV343205,Open spaces management - region 2,SERCO (AUS),"$221,424.37",12-Mar-2026,3677
INV343206,Building cleaning services,Menzies International (Aust) Pty Ltd,150300.92,14/11/2025,3634
INV343207,Management of Active Melbourne recreation facilities,VictorianYMCACommunityProgrammingPtyLtd,191740.91,30-Jul-2025,3615
INV343208,Management of Active Melbourne recreation facilities,VictorianYMCACommunityProgrammingPtyLtd,0.2m,2028-02-15,3615
INV343209,Building maintenance services,Programmed Facility Management Pty Ltd,3795.07,23 May 2025,3630
INV343210,Waste management services,Cleanaway Waste Management Limited (AUS),66719.87,25/08/2029,3556
INV343211,Parking technology services,Reino Intl Pty Ltd T/A Duncan Solutions,51035.75 AUD,28-Nov-2025,3623
INV343212,Building cleaning services,Menzies International (Aust) Pty Ltd,141691.46,08/08/2029,3634
INV343213,Building maintenance services,Programmed Facility Management Pty. Ltd.,101692.73 AUD,28/06/05,3630
INV343214,Civil infrastructure services,Citywide Service Solutions Pty Ltd,39717.81 AUD,16-Jul-2027, 
INV343215,Melbourne Town Hall venue management,NATIONWIDE TOWING SERVICES,101147.53,2026-09-02,3585
INV343216,Civil infrastructure services,Citywide Service ,"$124,698.78",2028-06-24,3665
INV343217,Open spaces management - region 1,CitywideServiceSolutionsPtyLtd,1885.93,12 December 2026,3676
INV343218,Waste management services,Cleanaway Waste Management Limited (AUS),"$181,505.91",02 December 2029,3556
INV343219,Parking technology services,Reino International Pty LtdbT/A Duncan Solutions,26924.52 AUD,24/06/2028,3623
INV343220,Building cleaning services,MenziesInternational(Aust)PtyLtd,0.1m,28/08/2028,3634
INV343221,Graffiti management and pressure cleaning services,Cleanaway Waste Management Limited (AUS),8551.21,01-Feb-2025,3556
INV343222,Management of Active Melbourne recreation facilities,Victorian YMCA Community Programming Pty Ltd,"$206,953.44",27/02/18,3615
INV343223,Open spaces management - region 1,Showtime,96961.45 AUD,26-Nov-2026, 
INV343224,Street cleaning,Spotless Facility Services Pty Ltd,67333.37,28/10/20,3669
INV343225,Tree management maintenance services,Citywide Service Solutions Pty Ltd,47223.05 AUD,09/10/2025,3678
INV343226,Melbourne Town Hall venue management,Showtime Event Group P/L,224359.94 AUD,28/02/23,3670
INV343227,Melbourne Town Hall venue management,Showtime Event Group Pty Ltd,74316.18 AUD,21/01/2025,3670
INV343228,Building cleaning services,menzies international (aust) pty ltd,132347.11 AUD,26 October 2027,3634
INV343229,Street cleaning,Spotless Facility Services Pty. Ltd.,235198.23 AUD,26-Oct-2027,3669
INV343230,Open spaces management - region 1,Citywide  Service  Solutions  Pty  Ltd,204401.96 AUD,23 November 2025,3676
INV343231,Melbourne Town Hall venue management,Showtime Event Group Pty Ltd,194116.41,25/01/29,3670
INV343232,Open spaces management - region 1,Citywide Service Solutions Pty Ltd,"$37,291.19",18/08/2029,3676
INV343233,Vehicle tow away and impound services,Nationwide Towing Services (AU),119909.08,2027-09-10,3585
INV343234,Building maintenance services,Programmed Facility,173169.03,03/11/2028,3630
INV343235,Integrated security services,National Protective Services Pty Ltd (AU),141175.65,04/10/2026,3686
INV343236,Management of Active Melbourne recreation facilities,victorian ymca community programming pty ltd,86962.84 AUD,20-Sep-2027,3615
INV343237,Civil infrastructure services,CitywideServiceSolutionsPtyLtd,62333.0,13/02/2028,3665
INV343238,Street cleaning,Spotless Facility Services Pty. Ltd.,"$204,407.68",20/02/2029,3669
INV343239,Open spaces management - region 1,Citywide Service Solutions Pty Ltd (AU),138688.94 AUD,21-Oct-2025,3676
INV343240,Integrated security services,National Protective Services Pty Ltd (AU),28330.4 AUD,14-Aug-2027,3686
INV343241,Tree management maintenance services,CitywideServiceSolutionsPtyLtd,0.2m,26/05/2025,3678
INV343242,Street cleaning,spotless facility services pty ltd,83570.3 AUD,2029-11-23,3669
INV343243,Melbourne Town Hall venue management,showtime event group pty ltd,82344.16,29/07/24,3670
INV343244,Vehicle tow away and impound services,Nationwide To,78468.82 AUD,28/05/28,3585
INV343245,Parking technology services,Reino,0.2m,30/03/2026,3623
INV343246,Tree management maintenance services,Citywide Servize Solutions Pty Ltd,25656.22 AUD,15-Aug-2028,3678
INV343247,Street cleaning,Spotless Facility Services Pty Ltd (AUS),93718.33,30-Dec-2028,3669
INV343248,Building maintenance services,Programmed Facility Masagement Pty Ltd,"$246,724.31",26/03/2027,3630
INV343249,Management of Active Melbourne recreation facilities,Victorian YMCA Community Programming Pty. Ltd.,1840.46,13/01/2025,3615
INV343250,Vehicle tow away and impound services,Nationwide  Towing  Services,0.1m,02 January 2029,3585
INV343251,Building maintenance services,Programmed Facility Management Pty Ltd,195256.31,11/05/2027,3630
INV343252,Tree management maintenance services,Citywide Service Solutions Pty Ltd,"$44,397.07",11 July 2027,3678
INV343253,Street cleaning,Spotless,243370.22,28/05/2028,3669
INV343254,Building maintenance services,Programmed Facility Management P/L,"$43,368.58",25/11/22,3630
INV343255,Parking technology services,Reino,0.1m,09/07/2029,3623
INV343256,Tree management maintenance services,Citywide Service Solutions P/L,0.2m,24-Dec-2028,3678
INV343257,Parking technology services,Reino,0.1m,03 May 2029,3623
INV343258,Civil infrastructure services,CITYWIDE SERVICE SOLUTIONS PTY LTD,116746.45,27/10/2027,3665
INV343259,Integrated security services,National Protective Services Pty Ltd,"$159,588.72",13/08/2026,3686
INV343260,Parking technology services,Reino  International  Pty  Ltd  T/A  Duncan  Solutions,0.2m,12 February 2029,3623
INV343261,Building maintenance services,Programmed Facility Management Pty. Ltd.,"$54,077.88",2026-04-29,3630
INV343262,Waste management services,Cleanaway Waste Management Limited,68865.44,22-Jun-2028,3556
INV343263,Open spaces management - region 2,serco,71222.7,27/07/13,3677
INV343264,Management of Active Melbourne recreation facilities,victorian ymca community programming pty ltd,0.1m,30 April 2029,3615
INV343265,Vehicle tow away and impound services,Nationwide Towinr Services,0.2m,23/03/2029,3585
INV343266,Tree management maintenance services,Citywide,125321.03,2025-10-23,3678
INV343267,Vehicle tow away and impound services,Nationwide,"$209,853.34",11 October 2026,3585
INV343268,Building cleaning services,Menzies Internatio,0.2m,22/01/2026,3634
INV343269,Open spaces management - region 1,Citywide  Service  Solutions  Pty  Ltd,184210.79 AUD,03/01/2029,3676
INV343270,Open spaces management - region 1,citywide service solutions pty ltd,0.1m,06 June 2025,3676
INV343271,Street cleaning,Spotless Facility Services PtyrLtd,174789.4,07 March 2028,3669
INV343272,Building cleaning services,Menzies International (Aust) P/L,2102.63,28/07/31,3634
INV343273,Melbourne Town Hall venue management,Showtime Event Group Pty. Ltd.,59064.11,2029-08-25,3670
INV343274,Open spaces management - region 1,Citywide Service Solutions Pty Ltd (AUS),0.1m,27 April 2027,3676
INV343275,Melbourne Town Hall venue management,Showtime Event Group Pty Ltd,0.0m,05/05/2025,3670
INV343276,Building maintenance services,Programmed,50588.1,04/04/2029, 
INV343277,Vehicle tow away and impound services,Nationwide To,18569.58,2029-03-15,3585
INV343278,Management of Active Melbourne recreation facilities,Victorian YMCA Community Programming Pty Ltd (AUS),"$190,597.33",29/10/14,3615
INV343279,Melbourne Town Hall venue management,Showtime Event Group Pty Ltd,0.0m,24-Sep-2029,3670
INV343280,Street cleaning,SPOTLESS FACILITY SERVICES PTY LTD,"$61,042.19",06/12/2029,3669
INV343281,Waste management services,Cleanaway Waste M,71900.66,2026-06-16,3556
INV343282,Vehicle tow away and impound services,Nacionwide Towing Services,50169.43,27-Jan-2027,3585
INV343283,Building maintenance services,Programmed Facility Management P/L,"$106,523.24",13/03/2025,3630
INV343284,Waste management services,Cleanaway Waste Management Limited,0.2m,25/11/30,3556
INV343285,Parking technology services,Reino International Pty Ltd T/A Duncan Solutions (AU),222945.63 AUD,26/09/22,3623
INV343286,Building cleaning services,Menzies International (Aust) Pty Ltd (AU),96726.94 AUD,03-Aug-2026,3634
INV343287,Open spaces management - region 2,serco,"$32,890.12",29 June 2026,3677
INV343288,Integrated security services,National Protective Services Pty Ltd,70453.51 AUD,06 November 2025,3686
INV343289,Civil infrastructure services,Citywide Service Solutions Pty Ltd (AU),178350.4,11/10/2025,3665
INV343290,Building cleaning services,Menzies Internatio,226688.0 AUD,26-Jun-2027,3634
INV343291,Parking technology services,Reino Intl Pty Ltd T/A Duncan Solutions,0.1m,10 December 2028,3623
INV343292,Vehicle tow away and impound services,Nationwide,186529.09,05 August 2025,3585
INV343293,Management of Active Melbourne recreation facilities,Victorian YMCA Community Programming Pty Ltd (AU),212532.58,05 May 2028,3615
INV343294,Open spaces management - region 2,Serco,"$5,706.59",,3677
INV343295,Waste management services,Cleanaway,0.2m,2025-03-23,3556
INV343296,Parking technology services,Reino  International  Pty  Ltd  T/A  Duncan  Solutions,40372.21,15 July 2029,3623
INV343297,Open spaces management - region 2,SERCO,0.2m,26/11/24,3677
INV343298,Street cleaning,Spotless Facility Services Pty Ltd (AUS),234046.14,29/04/10, 
INV343299,Open spaces management - region 1,Citywide Service ,18165.57,29 June 2027,3676
INV343300,Building cleaning services,Menzies Internatio,49288.24 AUD,2028-09-13, 
INV343301,Vehicle tow away and impound services,nationwide towing services,57690.37 AUD,01/06/2028,3585
INV343302,Building maintenance services,Programmed Facility,"$164,283.4",22/02/2026,3630
INV343303,Graffiti management and pressure cleaning services,Calcorp Services Pty. Ltd.,125180.47 AUD,14/06/2028,3668
INV343304,Street cleaning,Menzies  International  (Aust)  Pty  Ltd,78537.78,08 October 2029,3634
INV343305,Building cleaning services,Menzies International (Aust) Pty Ltd (AUS),80425.62,2029-07-21,3634
INV343306,Open spaces management - region 1,CITYWIDE SERVICE SOLUTIONS PTY LTD,190750.52 AUD,16/01/2025,3676
INV343307,Waste management services,Cleanaway Waste Management LTD,124247.46 AUD,25/01/07, 
INV343308,Building cleaning services,Menzies International (Aust) Pty. Ltd.,128381.49 AUD,06-Jun-2027, 
INV343309,Building maintenance services,Programmed Facility Management Pty Ltd (AUS),0.1m,02 September 2029,3630
INV343310,Building cleaning services,Menzies International (Aust) Pty Ltd,119744.24,29/11/24,3634
INV343311,Management of Active Melbourne recreation facilities,Victorian YMCA Community Programming Pty Ltd,0.1m,13/10/2025,3615
INV343312,Management of Active Melbourne recreation facilities,VictorianYMCACommunityProgrammingPtyLtd,158879.86,27/03/01,3615
INV343313,Management of Active Melbourne recreation facilities,victorian ymca community programming pty ltd,208651.7,19/12/2027,3615
INV343314,Tree management maintenance services,Citywide Service Solutions Pty Ltd,111632.06 AUD,23/02/2027,3678
INV343315,Tree management maintenance services,Programmed Facility Management Pty Ltd (AUS),"$16,689.41",19/05/2029,3630
INV343316,Melbourne Town Hall venue management,Showtime  Event  Group  Pty  Ltd,100144.98,22-May-2028,3670
INV343317,Graffiti management and pressure cleaning services,Calcorp Sdrvices Pty Ltd,0.1m,02-Jul-2026,3668
INV343318,Management of Active Melbourne recreation facilities,Victorian YMCA Community Programming P/L,0.1m,2026-01-25,3615
INV343319,Melbourne Town Hall venue management,Showtime Event Group Pty Ltd (AUS),234796.86,2026-06-30,3670
INV343320,Open spaces management - region 2,SERCO,"$169,892.85",27/12/29,3677
INV343321,Building cleaning services,Menzies International (Aust) Pty Ltd (AU),0.1m,2027-06-22,3634
INV343322,Parking technology services,Reino Intl Pty Ltd T/A Duncan Solutions,0.2m,20 July 2025, 
INV343323,Management of Active Melbourne recreation facilities,VICTORIAN YMCA COMMUNITY PROGRAMMING PTY LTD,"$134,909.89",09-Mar-2028,3615
INV343324,Integrated security services,NationalProtectiveServicesPtyLtd,"$18,990.18",26-May-2029,3686
INV343325,Open spaces management - region 1,Citywide  Service  Solutions  Pty  Ltd,0.0m,2027-12-05,3676
INV343326,Civil infrastructure services,Citywide Service Solutions Pty Ltd (AU),217106.4,11/09/2029,3665
INV343327,Parking technology services,Reino Internatibnal Pty Ltd T/A Duncan Solutions,92503.79,11/01/2029, 
INV343328,Parking technology services,Reino International Pty Ltd T/A Duncan Solutions,149093.75 AUD,07 August 2029,3623
INV343329,Open spaces management - region 1,CITYWIDE SERVICE SOLUTIONS PTY LTD,0.2m,28/07/08,3676
INV343330,Building maintenance services,ProgrammedFacilityManagementPtyLtd,"$56,947.79",05/02/2025,3630
INV343331,Building cleaning services,Menzies International (Aust) P/L,110116.01,10-Feb-2025,3634
INV343332,Building maintenance services,Programmed  Facility  Management  Pty  Ltd,248870.29,06 July 2029,3630
INV343333,Waste management services,Cleanaway Waste Management Limited,196794.69,31 March 2026,3556
INV343334,Building cleaning services,Nationwide Towing Services (AUS),158138.56,12-Feb-2028,3585
INV343335,Building cleaning services,Menzies International (Aust) Pty Ltd (AUS),211005.82 AUD,2028-04-19,3634
INV343336,Street cleaning,Spotless Facility Services Pty Ltd (AUS),232912.54,14 February 2028,3669
INV343337,Building maintenance services,Programmed Facility Managempnt Pty Ltd,132798.03 AUD,24/08/2026,3630
INV343338,Integrated security services,NationalProtectiveServicesPtyLtd,"$213,517.09",23/11/2029,3686
INV343339,Management of Active Melbourne recreation facilities,Victorian Ymca Community Programming Pty Ltd,118266.32,2026-11-11, 
INV343340,Open spaces management - region 2,Serco,148001.9 AUD,26/10/30,3677
INV343341,Waste management services,Cleanaway Waste Management Ltd,"$6,720.08",28/05/01,3556
INV343342,Open spaces management - region 2,SERCO,45536.25 AUD,01/03/2025,3677
INV343343,Street cleaning,Spotless Facility Services Pty Ltd,0.1m,21-Dec-2028,3669
INV343344,Parking technology services,Reino International Pty Ltd T/A Duncan Solutions,172730.41 AUD,28/01/2028,3623
INV343345,Building maintenance services,Programmed Facility,231109.39 AUD,24 November 2029,3630
INV343346,Waste management services,Cleanaway Waste Management LTD,71194.33,15-Dec-2027,3556
INV343347,Building cleaning services,MenziesInternational(Aust)PtyLtd,"$5,090.88",17/09/2026,3634
INV343348,Melbourne Town Hall venue management,Showtime Event Group Pty. Ltd.,0.0m,24-Aug-2025,3670
INV343349,Open spaces management - region 2,SERCO,11520.25,08 May 2028,3677
INV343350,Vehicle tow away and impound services,Nationwide Towing Services (AUS),229783.21,26-Aug-2027,3585
INV343351,Management of Active Melbourne recreation facilities,Victorian YMCA Communi,127428.28,16 April 2026, 
INV343352,Graffiti management and pressure cleaning services,Calcorp Serv,70169.32,03-Mar-2025,3668
INV343353,Vehicle tow away and impound services,Natianwide Towing Services,69080.55,20/07/2027,3585
INV343354,Melbourne Town Hall venue management,Showtime,"$149,440.82",,3670
INV343355,Graffiti management and pressure cleaning services,Calcorp Services Pty Ltd,4003.2,25/06/2029,3668
INV343356,Vehicle tow away and impound services,Nationwide,56778.1,2029-07-19, 
INV343357,Integrated security services,National Protective Services Pty Ltd,"$16,639.48",2027-01-16,3686
INV343358,Waste management services,cleanaway waste management limited,0.0m,24/03/2029,3556
INV343359,Melbourne Town Hall venue management,showtime event group pty ltd,227489.09,27/03/26,3670
INV343360,Building cleaning services,Menzies International (Ausw) Pty Ltd,0.2m,2026-03-15,3634
INV343361,Civil infrastructure services,Citywide Service ,194779.09,28/01/29,3665
INV343362,Melbourne Town Hall venue management,Showtime Event Group Pty. Ltd.,"$86,863.67",2026-07-10,3670
INV343363,Open spaces management - region 2,serco,143542.23,28/07/21,3677
INV343364,Integrated security services,National Protective Services P/L,0.2m,25/11/03,3686
INV343365,Open spaces management - region 1,Citywide Service Solutions P/L,"$162,810.35",26/05/31,3676
INV343366,Open spaces management - region 2,SERCO (AU),42401.24 AUD,13/05/2028,3677
INV343367,Waste management services,Cleanaway Waste Mgmt Limited,61427.12,28/03/15,3556
INV343368,Integrated security services,National Protektive Services Pty Ltd,45094.76,25/07/2028,3686
INV343369,Street cleaning,National Protective Services P/L,0.2m,07/11/2028,3686
INV343370,Street cleaning,SPOTLESS FACILITY SERVICES PTY LTD,50478.22 AUD,28/06/20,3669
INV343371,Vehicle tow away and impound services,Nationwide Towing Services,174646.99,25 May 2027,3585
INV343372,Street cleaning,Spotless Facility Services Pty Ltd,0.1m,07/12/2028,3669
INV343373,Tree management maintenance services,Citywide Service Solutions P/L,109564.47 AUD,04/03/2026,3678
INV343374,Tree management maintenance services,Citywide,0.0m,13/09/2027, 
INV343375,Building maintenance services,Programmed Facility Management Pty Ltd,1159.75 AUD,25/05/21,3630
INV343376,Building cleaning services,Menzies International (Aust) P/L,9033.24,29/09/2029,3634
INV343377,Open spaces management - region 2,SERCO,56473.31,2026-01-27,3677
INV343378,Parking technology services,Reino International Pty. Ltd. T/A Duncan Solutions,0.1m,29/01/20,3623
INV343379,Vehicle tow away and impound services,Citywide Service Solutions Pty Ltd,0.2m,18-May-2028,3678
INV343380,Graffiti management and pressure cleaning services,Calcorp Services Pty Ltd (AU),184601.88,2026-03-12, 
INV343381,Building cleaning services,MENZIES INTERNATIONAL (AUST) PTY LTD,176871.2 AUD,17-Apr-2025,3634
INV343382,Vehicle tow away and impound services,Nationwide  Towing  Services,174562.28,19/04/2029,3585
INV343383,Open spaces management - region 1,Citywide Service Solutions Pty Ltd,60296.34 AUD,23/07/2028,3676
INV343384,Building cleaning services,Menzies International (Aust) Pty. Ltd.,0.2m,09/04/2026,3634
INV343385,Management of Active Melbourne recreation facilities,Victorian YMCA Community Programming Pty Ltd (AUS),53793.78 AUD,17-Feb-2025,3615
INV343386,Parking technology services,Reino International Pty ,162858.56 AUD,24/05/2028,3623
INV343387,Street cleaning,spotless facility services pty ltd,"$63,533.04",19/05/2029,3669
INV343388,Graffiti management and pressure cleaning services,Calaorp Services Pty Ltd,0.1m,2028-10-04,3668
INV343389,Street cleaning,Spotless Facility Services Pty Ltd,0.1m,16-Jan-2026,3669
INV343390,Vehicle tow away and impound services,NationwideTowingServices,"$15,771.1",2026-05-24,3585
INV343391,Civil infrastructure services,citywide service solutions pty ltd,42884.32 AUD,13/08/2029, 
INV343392,Melbourne Town Hall venue management,Showtime Event Group Pty Ltd,225735.24,25/07/14,3670
INV343393,Building maintenance services,Programmed Facility Management Pty Ltd,130032.09,21/07/2025,3630
INV343394,Tree management maintenance services,Citywide Service Solutions Pty. Ltd.,0.0m,26/08/28,3678
INV343395,Parking technology services,reino international pty ltd t/a duncan solutions,"$94,802.45",09/03/2029,3623
INV343396,Waste management services,Calcorp Serv,17621.6 AUD,25/08/25,3668
INV343397,Vehicle tow away and impound services,Nationwide Towing Services,243961.92,26/06/09,3585
INV343398,Integrated security services,National Protective Services P/L,229578.26 AUD,13-Jun-2029,3686
INV343399,Integrated security services,national protective services pty ltd,33128.74,25 January 2028, 
INV343400,Open spaces management - region 2,Victorian YMCA Community Programming Pty Ltd (AU),154534.59,09 July 2028,3615
INV343401,Graffiti management and pressure cleaning services,Calcorp Services Pty Ltd (AU),127001.09 AUD,03/06/2027,3668
INV343402,Graffiti management and pressure cleaning services,Calcorp Services Pty Ltd,53728.14,29/09/11,3668
INV343403,Open spaces management - region 2,SERCO (AUS),0.2m,24/07/2027,3677
INV343404,Melbourne Town Hall venue management,Showtime Event,"$3,908.98",07/02/2028,3670
INV343405,Building cleaning services,menzies international (aust) pty ltd,0.0m,16/07/2025,3634
INV343406,Open spaces management - region 2,serco,0.1m,12/08/2029,3677
INV343407,Building maintenance services,Programmed Facility Management Pty Ltd,192725.98,31 July 2026, 
INV343408,Building cleaning services,Menzies International (Ausx) Pty Ltd,"$173,382.02",18-Dec-2026,3634
INV343409,Open spaces management - region 2,SERCO,"$148,659.24",2026-03-17,3677
INV343410,Civil infrastructure services,Citywide Service Solutions Pty Ltd,"$227,428.33",29/03/15,3665
INV343411,Graffiti management and pressure cleaning services,Calcorp Services Pty Ltd (AU),"$171,131.26",29/10/2028,3668
INV343412,Tree management maintenance services,CitywideServiceSolutionsPtyLtd,0.0m,18/03/2027,3678
INV343413,Building maintenance services,Programmed,155564.0,,3630
INV343414,Civil infrastructure services,citywide service solutions pty ltd,183039.51,04 May 2025,3665
INV343415,Parking technology services,Reino International Pty Ltd T/A Duncan Solutions,169150.4,02/08/2028,3623
INV343416,Street cleaning,Spotless Facility Services Pty Ltd,232059.21 AUD,06 July 2029,3669
INV343417,Building maintenance services,ProgrammedFacilityManagementPtyLtd,"$232,048.43",08 February 2028,3630
INV343418,Open spaces management - region 1,Citywide Service ,161472.46,27 January 2029,3676
INV343419,Open spaces management - region 2,Serco,171275.96 AUD,2025-11-05,3677
INV343420,Open spaces management - region 1,citywide service solutions pty ltd,80665.97 AUD,2029-01-04,3676
INV343421,Management of Active Melbourne recreation facilities,VICTORIAN YMCA COMMUNITY PROGRAMMING PTY LTD,12625.32,2026-07-26,3615
INV343422,Graffiti management and pressure cleaning services,Calcorp,196753.91,2026-07-17,3668
INV343423,Open spaces management - region 1,Showtime Event Group Pty Ltd,58787.13,25/08/2025,3670
INV343424,Waste management services,Cleanaway Waste Management Limited,0.2m,14/03/2029,3556
INV343425,Building cleaning services,Menzies Int’l (Aust) Pty Ltd,82538.37,11 April 2027, 
INV343426,Parking technology services,Reino International Pty Ltd T/A Duncan Solutions (AUS),"$158,192.65",28/11/03,3623
INV343427,Open spaces management - region 2,SERCO,0.1m,2028-08-02,3677
INV343428,Building cleaning services,menzies international (aust) pty ltd,138026.52,21 December 2025,3634
INV343429,Parking technology services,Reino International Pty Ltd T/A Duncan Sclutions,0.2m,31/01/2029,3623
INV343430,Vehicle tow away and impound services,Nationwide Towing Services,234922.13,28/05/2029,3585
INV343431,Civil infrastructure services,reino international pty ltd t/a duncan solutions,0.0m,20/12/2028,3623
INV343432,Waste management services,CleanawayWasteManagementLimited,"$76,514.31",2025-05-24,3556
INV343433,Street cleaning,Spotless Facility Services Pty Ltd,167465.7 AUD,29 January 2028,3669
INV343434,Integrated security services,National Protective Services Pty Ltd,34096.07 AUD,26/02/2028,3686
INV343435,Vehicle tow away and impound services,Nationwide Towing Services (AUS),"$249,914.62",09/07/2026, 
INV343436,Building cleaning services,Menzies International (Aust) Pty Ltd,124574.99 AUD,29/04/2027,3634
INV343437,Building maintenance services,ProgrammedoFacility Management Pty Ltd,0.2m,25/02/2026,3630
INV343438,Building cleaning services,MenziesInternational(Aust)PtyLtd,221179.7,04 January 2029,3634
INV343439,Building maintenance services,Spotless Facility Services P/L,99120.1 AUD,23 September 2028,3669
INV343440,Street cleaning,Spotless Facility,0.2m,15/05/2026,3669
INV343441,Building maintenance services,Programmed Facility Mgmt Pty Ltd,"$227,031.39",22/01/2025,3630
INV343442,Tree management maintenance services,Citywide  Service  Solutions  Pty  Ltd,128531.63,27/05/25,3678
INV343443,Waste management services,Cleanaway Waste Management Limited,44225.2,2027-05-27,3556
INV343444,Building cleaning services,MENZIES INTERNATIONAL (AUST) PTY LTD,242625.83 AUD,07-Sep-2025,3634
INV343445,Management of Active Melbourne recreation facilities,Victorian Ymca Community Programming Pty Ltd,0.1m,08/02/2027,3615
INV343446,Parking technology services,Reino International Pty Ltd T/A Duncan Solutions (AUS),"$219,641.74",28/03/22,3623
INV343447,Vehicle tow away and impound services,Nationwide,56827.52 AUD,2025-01-20,3585
INV343448,Open spaces management - region 1,Citywide Service Solutions Pty Ltd,68759.62,25/04/27,3676
INV343449,Open spaces management - region 1,Citywide Service ,157877.63 AUD,2026-11-29,3676
INV343450,Management of Active Melbourne recreation facilities,Victorian YMCA Community Programming Pty Ltd (AUS),182032.97,17/04/2029,3615
INV343451,Parking technology services,Reino International Pty Ltd T/A Duncan Solutions,185654.81,09-Feb-2029,3623
INV343452,Parking technology services,Reino International Pty ,97059.84 AUD,08 November 2027,3623
INV343453,Waste management services,Cleanaway Waste Management Limited,99843.61,25/09/27,3556
INV343454,Integrated security services,National Protective Services P/L,0.2m,17/05/2026,3686
INV343455,Building cleaning services,Menzies International (Aust) Pty. Ltd.,108336.98,28/06/2029,3634
INV343456,Parking technology services,REINO INTERNATIONAL PTY LTD T/A DUNCAN SOLUTIONS,128606.16,24/03/2025,3623
INV343457,Open spaces management - region 2,SEpCO,"$68,217.9",05-Aug-2029,3677
INV343458,Open spaces management - region 2,serco,96807.05 AUD,20/01/2027,3677
INV343459,Building cleaning services,Menzies Internatio,68672.92 AUD,19 November 2029,3634
INV343460,Integrated security services,National Protective Services Pty. Ltd.,0.1m,19/07/2027,3686
INV343461,Building maintenance services,Programmed Facility Management Pty ytd,"$106,041.6",04/11/2025,3630
INV343462,Management of Active Melbourne recreation facilities,Victorian,135223.01,02-Feb-2029,3615
INV343463,Open spaces management - region 1,Citywide Service Solutions Pty Ltd (AUS),95362.5,16/07/2027,3676
INV343464,Street cleaning,Spotless Facility,0.2m,20-Sep-2027,3669
INV343465,Tree management maintenance services,Citywide Service Solutions Pty Ltd (AUS),194597.21,08/01/2025,3678
INV343466,Parking technology services,Reino International Pty Ltd T/A Duncan Solutions (AU),25421.16,25/10/04,3623
INV343467,Graffiti management and pressure cleaning services,Calcorp Services Pty Ltd (AUS),176259.71,21/07/2028,3668
INV343468,Parking technology services,Calcorp Services Pty Ltd,0.2m,08-Aug-2026,3668
INV343469,Open spaces management - region 2,Serco,207535.03,26-Mar-2028,3677
INV343470,Building cleaning services,menzies international (aust) pty ltd,150138.4 AUD,02 August 2027,3634
INV343471,Open spaces management - region 2,SERCO (AU),193783.78 AUD,2029-10-20,3677
INV343472,Street cleaning,Spotless Facility Services Pty Ltd,"$95,884.0",2028-11-15,3669
INV343473,Parking technology services,reino international pty ltd t/a duncan solutions,1611.03 AUD,25/10/28,3623
INV343474,Graffiti management and pressure cleaning services,CalcorpServicesPtyLtd,"$162,901.97",2027-08-06,3668
INV343475,Building cleaning services,Menzies International (Aust) Pty Ltd,"$236,615.82",31/01/2027,3634
INV343476,Open spaces management - region 1,Citywide Service Solutions Pty Ltd,"$192,984.93",02/06/2026,3676
INV343477,Building maintenance services,Programmed Facility Management Pty Ltd,77395.98,01/09/2028,3630
INV343478,Open spaces management - region 2,serco,191242.36,18-Nov-2028,3677
INV343479,Building cleaning services,Citywide  Service  Solutions  Pty  Ltd,"$231,858.86",29/03/2025,3678
INV343480,Graffiti management and pressure cleaning services,Calcorp Services Pty Ltd (AU),0.0m,11/04/2029,3668
INV343481,Management of Active Melbourne recreation facilities,Victorian YMCA Communi,12899.15,29 June 2026,3615
INV343482,Waste management services,Cleanaway Waste Management Ltd,"$68,514.84",22 December 2025,3556
INV343483,Waste management services,Cleanaway Waste Management Ltd,"$139,439.24",28/05/19,3556
INV343484,Tree management maintenance services,Citywide,0.2m,25/01/04,3678
INV343485,Open spaces management - region 2,SERCO (AU),0.2m,2029-08-09,3677
INV343486,Graffiti management and pressure cleaning services,Calcorp,2933.07,20/09/2026,3668
INV343487,Graffiti management and pressure cleaning services,Calcorp Serv,144685.64,2028-05-17, 
INV343488,Open spaces management - region 1,citywide service solutions pty ltd,"$236,071.05",28-Aug-2026,3676
INV343489,Open spaces management - region 2,SERCO,0.2m,05/01/2026,3677
INV343490,Street cleaning,Spotless Facility Services P/L,53017.25,2027-12-14,3669
INV343491,Waste management services,Cleanaway Waste Management Limited,"$209,063.82",12/11/2027, 
INV343492,Civil infrastructure services,Citywise Service Solutions Pty Ltd,0.0m,28/01/2027, 
INV343493,Open spaces management - region 2,SERCO,156973.24 AUD,2029-08-15,3677
INV343494,Open spaces management - region 2,serco,47493.49,26/08/21,3677
INV343495,Open spaces management - region 1,Citywide Service Solutions Pty. Ltd.,118134.44,2025-04-27,3676
INV343496,Graffiti management and pressure cleaning services,Calcorp Services Pty Ltd,94567.14,07/01/2028,3668
INV343497,Tree management maintenance services,Citywide  Service  Solutions  Pty  Ltd,156882.4 AUD,26/06/2027,3678
INV343498,Graffiti management and pressure cleaning services,Calcorp Services Pty Ltd,4244.27 AUD,24 May 2029,3668
INV343499,Melbourne Town Hall venue management,ShowtimeEventGroupPtyLtd,0.2m,18/03/2026,3670
INV343500,Building cleaning services,Menzies International (Aust) P/L,0.1m,07/07/2029,3634
INV343501,Civil infrastructure services,Citywide Service ,"$153,589.57",2029-08-10,3665
INV343502,Melbourne Town Hall venue management,Showtime,0.2m,26 July 2025,3670
INV343503,Building maintenance services,Cleanaway Waste Managmment Limited,15184.17,02 June 2027,3556
INV343504,Melbourne Town Hall venue management,Showtime Event Group Pty Ltd,53158.67,28 July 2028,3670
INV343505,Building maintenance services,Programmed Facility Management Pty Ltd,246673.02 AUD,25/07/31,3630
INV343506,Management of Active Melbourne recreation facilities,Victorian YMCA Community Programming Pty Ltd (AU),192698.97,29-Mar-2026,3615
INV343507,Civil infrastructure services,citywide service solutions pty ltd,0.0m,06 March 2025,3665
INV343508,Vehicle tow away and impound services,Nationwide Towing Services (AU),93502.16,2025-10-04,3585
INV343509,Civil infrastructure services,Citywide Service Solutions Pty. Ltd.,103382.32 AUD,04 May 2026,3665
INV343510,Building maintenance services,Programmed Facility Management Pty Ltd,112421.43 AUD,11-Mar-2028,3630
INV343511,Parking technology services,Reino International P/L T/A Duncan Solutions,0.0m,28/03/28,3623
INV343512,Waste management services,Cleanaway Waste Management Ltd,102160.45,21-Feb-2025,3556
INV343513,Civil infrastructure services,Citywide Service Solutions Ptb Ltd,0.2m,09/07/2029,3665
INV343514,Waste management services,Cleanaway Waste Managembnt Limited,0.1m,13-Nov-2027,3556
INV343515,Melbourne Town Hall venue management,Showtime Evenn Group Pty Ltd,"$37,536.41",02/09/2029,3670
INV343516,Building cleaning services,Menzies International (Aust) Pty. Ltd.,0.1m,28/08/17,3634
INV343517,Parking technology services,Reino International Pty. Ltd. T/A Duncan Solutions,"$30,342.05",,3623
INV343518,Vehicle tow away and impound services,Nationwide Towing Services,0.1m,14/03/2028, 
INV343519,Open spaces management - region 1,Citywide Service Solutions Pty Ltd (AU),0.1m,2027-08-20,3676
INV343520,Tree management maintenance services,Citywide Service Solutions Pty Ltd,239706.87,10/07/2025,3678
INV343521,Street cleaning,Spotless Facility,"$183,178.29",09/05/2029,3669
INV343522,Building maintenance services,ProgrammedFacilityManagementPtyLtd,151307.97,20-Jun-2028,3630
INV343523,Waste management services,MenziesInternational(Aust)PtyLtd,112139.21,06/09/2027,3634
INV343524,Melbourne Town Hall venue management,Showtime Event Group Pty Ltd (AU),237034.17,28/05/16,3670
INV343525,Building maintenance services,PROGRAMMED FACILITY MANAGEMENT PTY LTD,"$139,478.65",29 November 2028,3630
INV343526,Parking technology services,Spotless,"$123,073.5",14/04/2028,3669
INV343527,Building cleaning services,Menzies International (Aust) Pty Ltd,0.0m,2028-11-14,3634
INV343528,Open spaces management - region 2,Serco,"$198,286.53",2029-01-04,3677
INV343529,Tree management maintenance services,Citywide  Service  Solutions  Pty  Ltd,17607.65 AUD,18-Sep-2029,3678
INV343530,Building maintenance services,programmed facility management pty ltd,172596.27,20 November 2029,3630
INV343531,Parking technology services,Reino Intl Pty Ltd T/A Duncan Solutions,137261.68,27 October 2025,3623
INV343532,Building maintenance services,Programmed,66658.25,03-Nov-2029,3630
INV343533,Building maintenance services,Programmed Facility,162509.76,2027-01-03,3630
INV343534,Tree management maintenance services,Citywide Service Solutions P/L,214751.99,20/03/2028,3678
INV343535,Building maintenance services,Programmed Facizity Management Pty Ltd,0.1m,07/12/2029,3630
INV343536,Waste management services,Clkanaway Waste Management Limited,79461.16,09-Jun-2026,3556
INV343537,Waste management services,CleanawayWasteManagementLimited,201241.05,2029-06-29,3556
INV343538,Waste management services,Cleanaway  Waste  Management  Limited,12288.62,16/08/2026,3556
INV343539,Street cleaning,Spotless Facility Services Pty Ltd (AUS),10534.76,19 September 2025,3669
INV343540,Civil infrastructure services,Citywide Service Solutions Pty Ltd,0.2m,17/04/2025,3665
INV343541,Vehicle tow away and impound services,Nationwide Towing Services,0.2m,21/04/2026,3585
INV343542,Integrated security services,National Protectiv,154629.08,23/01/2029,3686
INV343543,Tree management maintenance services,Citywide,119903.43,29/08/07,3678
INV343544,Parking technology services,REINO INTERNATIONAL PTY LTD T/A DUNCAN SOLUTIONS,5054.56,20/05/2028, 
INV343545,Graffiti management and pressure cleaning services,Calcorp Services Pty Ltd,0.2m,28/11/13,3668
INV343546,Melbourne Town Hall venue management,Showtime Event Group Pty. Ltd.,137160.12 AUD,15-Jul-2025,3670
INV343547,Street cleaning,Spotless Facility Services Pty Ltd,56686.07,02-Feb-2027,3669
INV343548,Integrated security services,NATIONAL PROTECTIVE SERVICES PTY LTD,72087.42,2026-09-19,3686
INV343549,Building cleaning services,MENZIES INTERNATIONAL (AUST) PTY LTD,158636.0,23-Jan-2029,3634
INV343550,Vehicle tow away and impound services,Nationwide,244750.87,03/06/2025,3585
INV343551,Vehicle tow away and impound services,Nationwide,"$209,867.6",2027-02-18,3585
INV343552,Building maintenance services,Programmed Facility Management Pty Ltd,0.1m,2029-10-02,3630
INV343553,Building cleaning services,Menzies Internatio,14448.46 AUD,27/03/22,3634
INV343554,Waste management services,Menzies Int’l (Aust) Pty Ltd,105036.16,26/06/27,3634
INV343555,Parking technology services,Reino Int’l Pty Ltd T/A Duncan Solutions,"$84,239.16",11-Oct-2029,3623
INV343556,Integrated security services,NATIONAL PROTECTIVE SERVICES PTY LTD,0.1m,06/04/2026,3686
INV343557,Graffiti management and pressure cleaning services,Calcorp  Services  Pty  Ltd,24964.14,04/05/2026,3668
INV343558,Building maintenance services,Programmed Facility Management Pty Ltd,81737.0 AUD,16/02/2025,3630
INV343559,Management of Active Melbourne recreation facilities,VictorianYMCACommunityProgrammingPtyLtd,56406.98,20/08/2027,3615
INV343560,Waste management services,Cleanaway Waste Management LTD,"$194,649.4",03/05/2026,3556
INV343561,Building cleaning services,Menzies International (Aust) Pty Ltd (AU),"$1,347.67",23/03/2029,3634
INV343562,Vehicle tow away and impound services,Natiotwide Towing Services,155684.83 AUD,11/05/2028, 
INV343563,Open spaces management - region 1,citywide service solutions pty ltd,"$166,235.12",08/06/2027,3676
INV343564,Vehicle tow away and impound services,Nationwide Towing Services,100488.05,27/05/2027,3585
INV343565,Civil infrastructure services,Citywide Service Solutions Pty Ltd,0.2m,14-Feb-2027,3665
INV343566,Open spaces management - region 2,serco,248600.67,09/01/2029,3677
INV343567,Civil infrastructure services,Citywide Service Solutions Pty Ltd,49998.04,2026-02-17, 
INV343568,Building cleaning services,Menzies Internatio,152591.11 AUD,28/08/02,3634
INV343569,Management of Active Melbourne recreation facilities,Victorian YMCA Community Programming Pty Ltd (AU),55252.32,12 August 2029,3615
INV343570,Integrated security services,National,"$138,622.73",04 September 2029,3686
INV343571,Open spaces management - region 2,SERCO,"$201,101.58",29 September 2027,3677
INV343572,Parking technology services,Reino International Pty ,240619.34,2028-07-13,3623
INV343573,Integrated security services,National Protective Services Pty Ltd,0.1m,27/02/23,3686
INV343574,Management of Active Melbourne recreation facilities,Victorian YMCA Community Programming Pty Ltd (AUS),0.2m,2025-11-01,3615
INV343575,Melbourne Town Hall venue management,showtime event group pty ltd,203440.82 AUD,08-Aug-2026,3670
INV343576,Integrated security services,National Protective Services Pty Ltd,95504.72,18/10/2028,3686
INV343577,Street cleaning,Spotless Facility,120171.12,09/09/2028,3669
INV343578,Graffiti management and pressure cleaning services,CalcorpServicesPtyLtd,145551.31,25/02/15,3668
INV343579,Melbourne Town Hall venue management,ShowtimeEventGroupPtyLtd,0.2m,04-Nov-2025,3670
INV343580,Tree management maintenance services,Citywide Service Solutions P/L,96319.6,08-Feb-2025,3678
INV343581,Open spaces management - region 2,serco,221563.89 AUD,2028-04-16, 
INV343582,Integrated security services,NationalProtectiveServicesPtyLtd,0.1m,2028-11-11,3686
INV343583,Tree management maintenance services,Citywide Service Solutions Pty Ltd,"$9,035.01",2025-03-03,3678
INV343584,Building cleaning services,Menzies Intprnational (Aust) Pty Ltd,129390.57,29/12/2027,3634
INV343585,Parking technology services,Reino International Pty Ltd T/A Duncan Solutions (AU),87963.63 AUD,18/11/2025,3623
INV343586,Integrated security services,national protective services pty ltd,188030.37 AUD,10/02/2025,3686
INV343587,Building maintenance services,Programmed Facility Management Pty Ltd (AU),23500.82,2029-11-13,3630
INV343588,Building cleaning services,Menzies International (Aust) P/L,"$247,618.08",09 November 2028,3634
INV343589,Open spaces management - region 1,Citywide Service Solutions Pty Ltd,159369.29,20 August 2029,3676
INV343590,Graffiti management and pressure cleaning services,CalcorpServicesPtyLtd,209308.97,18 July 2027,3668
INV343591,Graffiti management and pressure cleaning services,Calcorp Services Pty Ltd (AU),142933.01,28/06/07,3668
INV343592,Tree management maintenance services,Citywide Service Solutions Pty Ltd (AUS),"$217,645.06",25/04/01, 
INV343593,Parking technology services,Reino znternational Pty Ltd T/A Duncan Solutions,161731.35 AUD,03/03/2026,3623
INV343594,Melbourne Town Hall venue management,Showtime Event,115716.25,12/05/2028,3670
INV343595,Building cleaning services,Menzies International (Aust) Pty Ltd,245719.25 AUD,21 March 2025,3634
INV343596,Waste management services,Cleanaway Waste Management Limited (AU),"$36,213.65",22/11/2027,3556
INV343597,Street cleaning,Spotless Facility Services Pty Ltd,145624.45 AUD,21 April 2026,3669
INV343598,Tree management maintenance services,Citywide Service Solutions Pty Ltd,127983.58,30/03/2029,3678
INV343599,Civil infrastructure services,Citywide Service Solutions Pty Ltd (AU),139296.36,27-Apr-2028,3665
INV343600,Open spaces management - region 2,Citywide Service Solutions Pty Ltd (AU),,28/08/13,3665
INV343601,Vehicle tow away and impound services,Natignwide Towing Services,159180.6 AUD,22/05/2028,3585
INV343602,Open spaces management - region 2,serco,"$14,108.84",2025-04-08,3677
INV343603,Vehicle tow away and impound services,Nationwide Towing Services,176623.6,28/03/08,3585
INV343604,Open spaces management - region 1,CitywideServiceSolutionsPtyLtd,191096.22 AUD,14/02/2027,3676
INV343605,Waste management services,Cleanaway Waste Management Limited (AU),51586.04 AUD,27/06/01,3556
INV343606,Integrated security services,Reino International Pty Ltd T/A Duncan Solutions,36952.57,14/07/2026,3623
INV343607,Management of Active Melbourne recreation facilities,Victorian YMCA Community Programming Pty Ltd,114223.74 AUD,12 May 2026,3615
INV343608,Street cleaning,SpotlessFacilityServicesPtyLtd,67342.53 AUD,2027-04-08,3669
INV343609,Tree management maintenance services,Citywide Service ,171232.23 AUD,,3678
INV343610,Melbourne Town Hall venue management,Showtime Event Group Pty. Ltd.,0.0m,02/12/2027,3670
INV343611,Building cleaning services,Menzies Internatio,226424.24,2028-02-08,3634
INV343612,Management of Active Melbourne recreation facilities,Victorian YMCA Community Programming Pty. Ltd.,68569.91,21/01/2025,3615
INV343613,Vehicle tow away and impound services,Nationwide,0.0m,2027-04-02,3585
INV343614,Waste management services,Cleanaway Waste Management Limited (AU),240005.36 AUD,08 March 2029,3556
INV343615,Vehicle tow away and impound services,Nationwidi Towing Services,"$38,071.58",02/11/2027,3585
INV343616,Vehicle tow away and impound services,Nationwide,71449.24,2027-01-10,3585
INV343617,Vehicle tow away and impound services,Nationwide,0.0m,13/06/2028,3585
INV343618,Management of Active Melbourne recreation facilities,Victorian YMCA Communi,"$3,480.44",29/10/2025,3615
INV343619,Tree management maintenance services,Citywide Service ,"$142,760.5",2025-08-15,3678
INV343620,Street cleaning,Spotless Facility Services Pty Ltd,"$13,415.72",14 June 2028,3669
INV343621,Integrated security services,National Protective Services Pty Ltd (AU),"$138,681.55",12 February 2026,3686
INV343622,Street cleaning,SpotlessFacilityServicesPtyLtd,137721.24 AUD,29/10/2028,3669
INV343623,Integrated security services,National,0.2m,09-Aug-2026,3686
INV343624,Integrated security services,National Protective Services Pty Ltd,0.2m,27/05/19,3686
INV343625,Open spaces management - region 2,SERCO,"$77,778.37",07/08/2026,3677
INV343626,Civil infrastructure services,Citywide Service Solutions Pty Ltd,"$193,537.34",15/04/2028, 
INV343627,Civil infrastructure services,Citywide Service Solutions P/L,62761.92,19/10/2025, 
INV343628,Graffiti management and pressure cleaning services,CALCORP SERVICES PTY LTD,0.2m,24/08/2025,3668
INV343629,Melbourne Town Hall venue management,Showtime Event Group Pty Ltd (AUS),90059.45 AUD,25/07/2029,3670
INV343630,Street cleaning,Spotlesv Facility Services Pty Ltd,211971.88 AUD,22/01/2027,3669
INV343631,Vehicle tow away and impound services,Nationwide To,32594.32 AUD,09/12/2029,3585
INV343632,Open spaces management - region 2,SERCO,204149.19,2025-01-25,3677
INV343633,Integrated security services,National  Protective  Services  Pty  Ltd,41735.68 AUD,25/05/02,3686
INV343634,Waste management services,Cleanaway Waste Management Limited,222947.6,2025-10-11,3556
INV343635,Integrated security services,National Protective Services Pty Ltd (AUS),"$44,562.59",29/06/28,3686
INV343636,Vehicle tow away and impound services,Nationwide Towing Services,"$195,879.4",27-Nov-2029,3585
INV343637,Open spaces management - region 2,SERCO,"$194,200.24",21/07/2027,3677
INV343638,Melbourne Town Hall venue management,Showtime,7768.41 AUD,2028-11-20,3670
INV343639,Integrated security services,National Protective Services P/L,"$78,466.69",30-Jul-2028,3686
INV343640,Open spaces management - region 2,SERCO (AU),"$141,344.83",2025-06-22,3677
INV343641,Building maintenance services,Programmed Facility Managument Pty Ltd,"$99,845.63",2027-12-22,3630
INV343642,Graffiti management and pressure cleaning services,Calcorp Services Phy Ltd,1828.69,29/12/26,3668
INV343643,Melbourne Town Hall venue management,Showtime Event Group P/L,145036.14,22-Apr-2028,3670
INV343644,Open spaces management - region 2,SERCO,0.0m,2027-03-24, 
INV343645,Parking technology services,Reino International Pty Ltd T/A Duncan Solutions (AUS),149708.33 AUD,11/10/2029,3623
INV343646,Civil infrastructure services,Citywide Service Solutions Pty. Ltd.,142853.42,30-Oct-2027,3665
INV343647,Vehicle tow away and impound services,Nationwide  Towing  Services,29838.98 AUD,2025-07-31,3585
INV343648,Open spaces management - region 1,Citywide  Service  Solutions  Pty  Ltd,"$59,744.46",27/11/2029,3676
INV343649,Tree management maintenance services,Citywide Service Solutions Pty Ltd,"$28,670.72",19-Mar-2026,3678
INV343650,Tree management maintenance services,Citywioe Service Solutions Pty Ltd,180694.89,26/03/2029,3678
INV343651,Street cleaning,spotless facility services pty ltd,0.1m,18 June 2028, 
INV343652,Integrated security services,National,172107.54 AUD,18-May-2028,3686
INV343653,Waste management services,Cleanaway Waste Mgmt Limited,155132.71,03 December 2027,3556
INV343654,Building maintenance services,Programmed Facility,0.1m,11-Jun-2025,3630
INV343655,Management of Active Melbourne recreation facilities,Victorian YMCA Community Programming Pty Ltd (AUS),61083.48,25-Dec-2027,3615
INV343656,Graffiti management and pressure cleaning services,Calcorp Services Pty Ltd (AUS),0.2m,26 March 2026,3668
INV343657,Integrated security services,NationalProtectiveServicesPtyLtd,145109.9,26/01/02,3686
INV343658,Civil infrastructure services,citywide service solutions pty ltd,61647.03,26/04/25,3665
INV343659,Tree management maintenance services,citywide service solutions pty ltd,23188.48,2026-09-11,3678
INV343660,Management of Active Melbourne recreation facilities,Victorian YMCA Communi,210836.6 AUD,22-Sep-2026,3615
INV343661,Tree management maintenance services,Citywide  Service  Solutions  Pty  Ltd,0.2m,2027-07-07,3678
INV343662,Civil infrastructure services,Citywide Service Solutions Pty Ltd (AU),31341.49,08 June 2025,3665
INV343663,Building cleaning services,Menzies,244042.25,25/04/15,3634
INV343664,Graffiti management and pressure cleaning services,Calcorp,0.2m,17-Nov-2025,3668
INV343665,Building maintenance services,programmed facility management pty ltd,14349.97,17-Apr-2029,3630
INV343666,Management of Active Melbourne recreation facilities,Victorian YMCA Comtunity Programming Pty Ltd,0.2m,2025-07-13,3615
INV343667,Tree management maintenance services,Citywide Service Solutions Pty Ltd (AU),53560.65,31/03/2026,3678
INV343668,Melbourne Town Hall venue management,ShowtimeEventGroupPtyLtd,192099.72,24-Feb-2029,3670
INV343669,Open spaces management - region 1,CitywideServiceSolutionsPtyLtd,"$238,204.99",27/06/04, 
INV343670,Building cleaning services,menzies international (aust) pty ltd,194211.78,2027-02-03,3634
INV343671,Management of Active Melbourne recreation facilities,Victorian,,2027-10-10,3615
INV343672,Parking technology services,Reino International Pty Ltd T/A Duncan zolutions,"$224,402.26",20 April 2027,3623
INV343673,Waste management services,Cleanaway Waste Management Limited,206336.78 AUD,26-Sep-2025, 
INV343674,Tree management maintenance services,Citywide Service Solutions Pty Ltd (AU),109794.03 AUD,28-Oct-2026,3678
INV343675,Open spaces management - region 2,serco,219535.97 AUD,28/03/08,3677
INV343676,Graffiti management and pressure cleaning services,Calcorp  Services  Pty  Ltd,0.2m,2026-12-07,3668
INV343677,Waste management services,Cleanaway Waste Management Ltd,0.1m,2027-07-23,3556
INV343678,Melbourne Town Hall venue management,Showtime Event Group P/L,"$109,414.72",04 December 2025,3670
INV343679,Management of Active Melbourne recreation facilities,Victorian  YMCA  Community  Programming  Pty  Ltd,2112.43,2029-09-18,3615
INV343680,Open spaces management - region 2,Serco,233635.7 AUD,31 August 2028,3677
INV343681,Vehicle tow away and impound services,Nationwide,184847.71 AUD,14/03/2028,3585
INV343682,Tree management maintenance services,CITYWIDE SERVICE SOLUTIONS PTY LTD,"$156,491.95",15-Oct-2025,3678
INV343683,Tree management maintenance services,Citywide  Service  Solutions  Pty  Ltd,113458.5 AUD,06 November 2026,3678
INV343684,Open spaces management - region 2,SERCO,132911.32,18/10/2025,3677
INV343685,Tree management maintenance services,Citywide Service Solutions Pty. Ltd.,"$48,046.58",02/08/2026,3678
INV343686,Graffiti management and pressure cleaning services,Calcorp Services P/L,59929.61,23/01/2027,3668
INV343687,Vehicle tow away and impound services,Nationwide Towing Services,72626.85,29/05/27,3585
INV343688,Tree management maintenance services,citywide service solutions pty ltd,82389.8 AUD,18 May 2028,3678
INV343689,Parking technology services,Reino Intl Pty Ltd T/A Duncan Solutions,"$231,902.36",05-Jun-2026,3623
INV343690,Building maintenance services,Programmed Facility,0.1m,25-Aug-2025,3630
INV343691,Integrated security services,National Protective Services Pty Ltd,66949.18 AUD,2026-06-12,3686
INV343692,Melbourne Town Hall venue management,Showtime,"$246,590.92",04 March 2028,3670
INV343693,Parking technology services,Reino International Pty Ltd T/A Duncan Solutions,48587.82,2026-08-09,3623
INV343694,Waste management services,CLEANAWAY WASTE MANAGEMENT LIMITED,56061.23,2027-02-11,3556
INV343695,Melbourne Town Hall venue management,Showtime Event Group Pty Ltd,233612.31,19/06/2025, 
INV343696,Open spaces management - region 1,Citywide ServicegSolutions Pty Ltd,0.1m,29/06/02,3676
INV343697,Civil infrastructure services,Cisywide Service Solutions Pty Ltd,0.2m,2029-05-20,3665
INV343698,Building cleaning services,Menzies Intl (Aust) Pty Ltd,0.2m,19-Oct-2025,3634
INV343699,Waste management services,Cleanaway Waste Management Limited,0.2m,10 July 2026,3556
INV343700,Civil infrastructure services,Citywide Service Solutions Pty Ltd,224205.33,15-Apr-2025,3665
INV343701,Building maintenance services,Programmed Facility Management Pty Ltd (AUS),206717.04,2029-02-12,3630
INV343702,Tree management maintenance services,Citywide Service Solutions Pty Ltd,152115.96,29/01/12,3678
INV343703,Tree management maintenance services,Citywide Service Solutions P/L,"$170,330.86",02 March 2026,3678
INV343704,Management of Active Melbourne recreation facilities,Victorian YMCA Community Programming Pty Ltd,0.2m,07 August 2027,3615
INV343705,Management of Active Melbourne recreation facilities,Victorian  YMCA  Community  Programming  Pty  Ltd,129029.33,18/07/2025,3615
INV343706,Integrated security services,National Protectiv,218009.15,28/09/19,3686
INV343707,Parking technology services,Reino International Pty Ltd T/A Duncan Solutions (AUS),133597.53,27/06/11,3623
INV343708,Melbourne Town Hall venue management,Showtime Event Group P/L,176394.81,2026-07-26,3670
INV343709,Management of Active Melbourne recreation facilities,Nationwide Towing Services (AUS),"$241,975.08",25 November 2026,3585
INV343710,Civil infrastructure services,Citywide  Service  Solutions  Pty  Ltd,178897.02,17-Sep-2028,3665
INV343711,Tree management maintenance services,Citywide Service ,120047.24 AUD,2025-11-22,3678
INV343712,Management of Active Melbourne recreation facilities,Victorian YMCA Community Programming Pty Ltd,0.1m,28/06/16,3615
INV343713,Integrated security services,NationalProtectiveServicesPtyLtd,89495.88,30/12/2025, 
INV343714,Waste management services,Cleanaway,"$29,074.63",2026-06-03,3556
INV343715,Street cleaning,Spotless  Facility  Services  Pty  Ltd,53908.06,11/10/2025,3669
INV343716,Vehicle tow away and impound services,Nationwide Towing Services,0.2m,30 July 2027,3585
INV343717,Building cleaning services,menzies international (aust) pty ltd,79965.15 AUD,25/05/29,3634
INV343718,Open spaces management - region 1,Citywide Service ,106203.13,19/09/2029,3676
INV343719,Integrated security services,National Protective Services Pty. Ltd.,"$1,817.37",21/08/2026,3686
INV343720,Open spaces management - region 2,SERCO,4619.67,25/08/01,3677
INV343721,Street cleaning,Spotless,"$24,570.65",2027-09-04,3669
INV343722,Building cleaning services,Menzies International (Aust) Pty Ltd,93789.51 AUD,17/09/2029,3634
INV343723,Civil infrastructure services,Citywide,23181.48,27 March 2028,3665
INV343724,Management of Active Melbourne recreation facilities,Victorian  YMCA  Community  Programming  Pty  Ltd,"$63,775.86",29/06/2028,3615
INV343725,Open spaces management - region 2,SERCO,121044.34,18/11/2029,3677
INV343726,Parking technology services,Reino International Pty Ltd T/A Duncan Solutions,137300.28,26/09/18,3623
INV343727,Graffiti management and pressure cleaning services,Calcorp Services Pty Ltd (AU),0.0m,27/11/16,3668
INV343728,Integrated security services,National  Protective  Services  Pty  Ltd,"$3,722.2",12-Sep-2028, 
INV343729,Integrated security services,national protective services pty ltd,88441.33 AUD,14/01/2028,3686
INV343730,Management of Active Melbourne recreation facilities,Victorian Ymca Community Programming Pty Ltd,154331.09,2026-06-12,3615
INV343731,Building maintenance services,Programmed Facility Manogement Pty Ltd,90076.81,12 October 2026,3630
INV343732,Melbourne Town Hall venue management,Victorian YMCA Community Programming Pty. Ltd.,"$60,085.89",25/01/25,3615
INV343733,Building maintenance services,PROGRAMMED FACILITY MANAGEMENT PTY LTD,132490.98 AUD,29/07/2028,3630
INV343734,Parking technology services,Reino International Pty Ltd T/A Duncan Solutions (AU),85423.01 AUD,29/07/2025,3623
INV343735,Street cleaning,Spotless,0.1m,25/11/2027,3669
INV343736,Parking technology services,Reino International Pty ,"$72,754.1",16-Jul-2026,3623
INV343737,Building maintenance services,SERCx,77927.71,05/01/2027,3677
INV343738,Open spaces management - region 2,Citywide  Service  Solutions  Pty  Ltd,"$151,457.11",21-Jan-2028,3665
INV343739,Open spaces management - region 2,SERCO,88794.26,04 February 2025,3677
INV343740,Tree management maintenance services,Citywide,0.0m,21 October 2029,3678
INV343741,Management of Active Melbourne recreation facilities,Victorian YMCA Community Programming P/L,41867.58,07/12/2027,3615
INV343742,Waste management services,Cleanaway Waste Management LTD,"$12,668.25",29/09/2026,3556
INV343743,Building cleaning services,Menzies International (Aust) Pty Ltd,"$162,905.43",16/09/2028,3634
INV343744,Waste management services,cleanaway waste management limited,0.2m,2026-04-23,3556
INV343745,Tree management maintenance services,Citywide Service Solutions Pty Ltd (AU),145711.09,11/08/2026,3678
INV343746,Management of Active Melbourne recreation facilities,Victorian YMCA Community Programming Pty Ltd,139341.56 AUD,2027-10-22,3615
INV343747,Graffiti management and pressure cleaning services,Calcorp Services Pty Ltd,102881.72 AUD,16/09/2029,3668
INV343748,Management of Active Melbourne recreation facilities,Victorian YMCA Community Programming Pty Ltd,0.1m,06 October 2026,3615
INV343749,Melbourne Town Hall venue management,Showtime Event Group Pky Ltd,140969.09 AUD,2026-10-06,3670
INV343750,Street cleaning,SPOTLESS FACILITY SERVICES PTY LTD,0.2m,07/11/2026,3669
INV343751,Parking technology services,Reino International Pty Ltd T/A Duncan Solutions,72786.0,07-Sep-2027,3623
INV343752,Waste management services,Cleanaway Waste Management Limited,83971.45 AUD,30/06/2026, 
INV343753,Vehicle tow away and impound services,NATIONWIDE TOWING SERVICES,0.1m,24-Apr-2025,3585
INV343754,Open spaces management - region 1,Citywide Service Solutions Pty. Ltd.,90299.49 AUD,01 August 2028,3676
INV343755,Open spaces management - region 2,serco,35444.14,25/05/27,3677
INV343756,Building cleaning services,Menzies International (Aust) Pty Ltd (AU),"$68,931.28",16/10/2026,3634
INV343757,Management of Active Melbourne recreation facilities,Victorian YMCA Communi,77591.92,20 September 2028,3615
INV343758,Building cleaning services,Menzies International (Aust) Pty Ltd,60728.93,21/03/2027,3634
INV343759,Vehicle tow away and impound services,nationwide towing services,91592.94,20 October 2027,3585
INV343760,Vehicle tow away and impound services,Nationwide To,82004.6,12/10/2029,3585
INV343761,Civil infrastructure services,Citywide  Service  Solutions  Pty  Ltd,"$38,734.08",19/04/2028,3665
INV343762,Civil infrastructure services,Citywide Service Solutions Pty Ltd (AUS),3716.73 AUD,18/09/2025,3665
INV343763,Open spaces management - region 2,SERCO (AU),0.2m,02/10/2028,3677
INV343764,Waste management services,Cleanaway Waste Mgmt Limited,89647.15,02/03/2026,3556
INV343765,Integrated security services,Naxional Protective Services Pty Ltd,87786.91,06/05/2028,3686
INV343766,Melbourne Town Hall venue management,Showtime Event Group Pty. Ltd.,0.0m,25/10/2028,3670
INV343767,Street cleaning,Spotless Facility Services Pty Ltd,208649.93 AUD,26/10/04,3669
INV343768,Graffiti management and pressure cleaning services,Calcorp Services Pty Ltd,"$221,455.65",2027-12-12,3668
INV343769,Parking technology services,ReinoInternationalPtyLtdT/ADuncanSolutions,162774.56,25/09/24,3623
INV343770,Waste management services,Cleanaway Waste Management Limited,84685.03 AUD,23-May-2027,3556
INV343771,Waste management services,cleanaway waste management limited,92386.98,01-Apr-2027,3556
INV343772,Management of Active Melbourne recreation facilities,VICTORIAN YMCA COMMUNITY PROGRAMMING PTY LTD,197532.6,25 November 2026,3615
INV343773,Parking technology services,Reino International Pty Ltd T/A Duncan Solutions (AU),111750.52,2026-08-07,3623
INV343774,Melbourne Town Hall venue management,Showtime Event Group Pty Ltd (AU),"$154,328.16",15-Oct-2026,3670
INV343775,Street cleaning,Spotless Facility Services P/L,210440.86 AUD,16/03/2026,3669
INV343776,Building cleaning services,Menzies International (Aust) Pty. Ltd.,0.0m,26/10/2025,3634
INV343777,Street cleaning,Spotless Facility wervices Pty Ltd,119598.44,09/08/2027,3669
INV343778,Building maintenance services,Programmed Facility Mgmt Pty Ltd,0.2m,19/07/2028,3630
INV343779,Graffiti management and pressure cleaning services,Calcorp Services P/L,184392.36,28 October 2025,3668
INV343780,Tree management maintenance services,Reino,242174.07 AUD,17-Apr-2026,3623
INV343781,Building cleaning services,Menzies Intl (Aust) Pty Ltd,0.2m,30/03/2028,3634
INV343782,Building maintenance services,Programmed,87941.55 AUD,06/06/2027,3630
INV343783,Vehicle tow away and impound services,Nazionwide Towing Services,136625.44 AUD,06-Aug-2027,3585
INV343784,Vehicle tow away and impound services,NationwideTowingServices,106243.87,27/05/2025,3585
INV343785,Building cleaning services,Menzies Internatio,183775.32,28/05/06,3634
INV343786,Management of Active Melbourne recreation facilities,Victorian YMCA Community Programming Pty Ltd,0.2m,25/03/2026,3615
INV343787,Waste management services,Cleanaway Waste Management Limited (AU),139573.69,08/02/2029,3556
INV343788,Civil infrastructure services,citywide service solutions pty ltd,"$147,035.8",28/11/2026,3665
INV343789,Melbourne Town Hall venue management,Calcorp,0.2m,25-May-2026,3668
INV343790,Integrated security services,national protective services pty ltd,"$129,048.28",26/10/08,3686
INV343791,Waste management services,Cleanaway  Waste  Management  Limited,44722.64 AUD,27 April 2028,3556
INV343792,Integrated security services,National,197098.39,07-Mar-2025,3686
INV343793,Integrated security services,National Protective Services Pty. Ltd.,15792.73,2026-08-25, 
INV343794,Parking technology services,Reino International Pty. Ltd. T/A Duncan Solutions,5021.64 AUD,2029-10-31, 
INV343795,Graffiti management and pressure cleaning services,Calcorp,0.1m,25 August 2029,3668
INV343796,Civil infrastructure services,Citywide Service Solutions P/L,222451.76,28/03/26,3665
INV343797,Building maintenance services,Programmed,135528.82,20/11/2025,3630
INV343798,Civil infrastructure services,Citywide Service Solutions Pty Ltd (AUS),55096.03,09/02/2029,3665
INV343799,Building cleaning services,NATIONAL PROTECTIVE SERVICES PTY LTD,"$129,172.93",12 April 2027, 
INV343800,Open spaces management - region 2,SERCO (AUS),"$200,871.69",15/01/2028,3677
INV343801,Parking technology services,Reino International Pty Ltd T/A Dfncan Solutions,214975.17,26/09/16,3623
INV343802,Building cleaning services,Menzies Internatio,9615.27,08/03/2028,3634
INV343803,Parking technology services,Reino International Pty Ltd T/A Duncan Solutions,164273.08,28/09/22,3623
INV343804,Building cleaning services,Menzies Internationao (Aust) Pty Ltd,71452.84,27/03/22,3634
INV343805,Civil infrastructure services,Citywide Service Solutions P/L,54001.37,17 November 2025,3665
INV343806,Parking technology services,Reino Int’l Pty Ltd T/A Duncan Solutions,"$55,807.79",17/06/2028,3623
INV343807,Parking technology services,Reino International Pty Ltd T/A Duncan Solutions (AU),0.2m,2027-12-21,3623
INV343808,Parking technology services,Reino International Pty ,"$193,687.01",09/02/2026,3623
INV343809,Melbourne Town Hall venue management,Showtime Event Group Pty Ltd,201982.31 AUD,16-Feb-2025,3670
INV343810,Building maintenance services,ProgrammedFacilityManagementPtyLtd,89993.15,03/03/2027,3630
INV343811,Management of Active Melbourne recreation facilities,Victorian YMCA Community Programming P/L,39254.06,27/10/14,3615
INV343812,Open spaces management - region 1,Citywide Service ,0.1m,27/10/22,3676
INV343813,Street cleaning,Spotless Facility Services Pty Ltd,"$159,891.53",23/07/2027,3669
INV343814,Open spaces management - region 2,SERCO,0.1m,06/08/2029,3677
INV343815,Street cleaning,cleanaway waste management limited,103412.47,2027-09-12,3556
INV343816,Building cleaning services,Menzies Int’l (Aust) Pty Ltd,223389.13 AUD,2029-05-04, 
INV343817,Waste management services,Cleanaway Waste Management Limited (AUS),120301.77,04 May 2026,3556
INV343818,Vehicle tow away and impound services,Nationwide Towing Services,152533.57,2026-08-20,3585
INV343819,Open spaces management - region 2,SERCO,68056.09 AUD,17-May-2028,3677
INV343820,Parking technology services,Reino International Pty Ltd T/A Duncan Solutions,"$199,432.38",20/11/2026,3623
INV343821,Parking technology services,ReinoInternationalPtyLtdT/ADuncanSolutions,163569.42,27/05/19, 
INV343822,Graffiti management and pressure cleaning services,Calcorp Services Pty Ltd (AUS),"$165,449.2",01/05/2026,3668
INV343823,Management of Active Melbourne recreation facilities,Victorian  YMCA  Community  Programming  Pty  Ltd,142258.63,27/02/2027,3615
INV343824,Parking technology services,Reino International Pty. Ltd. T/A Duncan Solutions,82318.29 AUD,29 March 2028,3623
INV343825,Waste management services,Cleanaway Waste Management LTD,0.1m,2028-11-25,3556
INV343826,Parking technology services,Reino International Pty Ltd T/A Duncan Solutions,"$239,894.99",2026-12-16,3623
INV343827,Street cleaning,Spotless Facility Services Pty Ltd,211592.08,28/11/26,3669
INV343828,Parking technology services,Reino Int’l Pty Ltd T/A Duncan Solutions,32927.83 AUD,27/02/15,3623
INV343829,Graffiti management and pressure cleaning services,calcorp services pty ltd,10221.34 AUD,2027-08-21,3668
INV343830,Vehicle tow away and impound services,nationwide towing services,"$66,637.96",15/06/2027,3585
INV343831,Vehicle tow away and impound services,NationwideTowingServices,0.2m,07-Aug-2028,3585
INV343832,Open spaces management - region 2,SERCO,"$102,375.93",25/02/12,3677
INV343833,Graffiti management and pressure cleaning services,Calcorp Services Pty Ltd (AUS),0.1m,17 March 2028,3668
INV343834,Building cleaning services,Menzies Int’l (Aust) Pty Ltd,"$121,059.1",05 August 2029, 
INV343835,Melbourne Town Hall venue management,SHOWTIME EVENT GROUP PTY LTD,"$226,195.87",20/04/2028,3670
INV343836,Melbourne Town Hall venue management,ShowtimeEventGroupPtyLtd,0.2m,2029-11-09,3670
INV343837,Building maintenance services,PROGRAMMED FACILITY MANAGEMENT PTY LTD,212579.09,26/01/10,3630
INV343838,Open spaces management - region 2,SERCO,0.2m,22 February 2026,3677
INV343839,Open spaces management - region 1,Citywide Service Solutions Ptk Ltd,162735.71,27/01/23,3676
INV343840,Melbourne Town Hall venue management,Showtime Event Group Pty Ltd (AUS),"$115,099.37",2026-03-12,3670
INV343841,Waste management services,CleanawayWasteManagementLimited,89898.14 AUD,15 June 2029,3556
INV343842,Integrated security services,National Protectiv,"$230,618.02",01/09/2025,3686
INV343843,Street cleaning,Spotless Facility Services Pty Ltk,191926.02 AUD,12-Feb-2026,3669
INV343844,Melbourne Town Hall venue management,Showtime  Event  Group  Pty  Ltd,0.1m,04-May-2027,3670
INV343845,Building cleaning services,Menzies Internationaln(Aust) Pty Ltd,210432.64,27-Feb-2025,3634
INV343846,Street cleaning,serco,128417.47,20 September 2027,3677
INV343847,Melbourne Town Hall venue management,Showtime Event Group Pty Ltd,43257.91 AUD,2027-02-05,3670
INV343848,Integrated security services,NationalProtectiveServicesPtyLtd,0.0m,06/07/2027,3686
INV343849,Open spaces management - region 2,SERCO,70216.44 AUD,18-Sep-2027,3677
INV343850,Integrated security services,National Protective Services P/L,"$206,892.68",19/01/2028,3686
INV343851,Tree management maintenance services,Citywide Service Solutions Pty Ltd,147080.71 AUD,26/05/2025,3678
INV343852,Open spaces management - region 2,Serco,61094.91 AUD,01/08/2027,3677
INV343853,Melbourne Town Hall venue management,Showtime Event,0.2m,25/02/17,3670
INV343854,Graffiti management and pressure cleaning services,CalcorpServicesPtyLtd,"$155,901.98",30/03/2026,3668
INV343855,Integrated security services,NationalProtectiveServicesPtyLtd,68842.89 AUD,2027-10-29,3686
INV343856,Vehicle tow away and impound services,Nationwide Towing Services (AU),"$175,941.66",22/03/2025,3585
INV343857,Street cleaning,Spotless Facility Services Pty. Ltd.,103203.8,16 October 2025, 
INV343858,Parking technology services,ReinoInternationalPtyLtdT/ADuncanSolutions,122709.66,06-Sep-2026,3623
INV343859,Parking technology services,ProgrammedFacilityManagementPtyLtd,0.1m,2027-09-28,3630
INV343860,Open spaces management - region 1,Citywide Service Solutions Pty Ltd,0.2m,15 March 2027, 
INV343861,Management of Active Melbourne recreation facilities,victorian ymca community programming pty ltd,109495.28 AUD,2027-01-01,3615
INV343862,Open spaces management - region 2,SERCO (AU),12138.39 AUD,2029-03-02,3677
INV343863,Open spaces management - region 2,SERCO (AU),0.1m,08/06/2025,3677
INV343864,Building cleaning services,Menzies International (Aust) Pty Ltd (AUS),143575.11,03-Dec-2025,3634
INV343865,Melbourne Town Hall venue management,showtime event group pty ltd,239255.74,06/02/2027,3670
INV343866,Integrated security services,National  Protective  Services  Pty  Ltd,0.2m,20-May-2025,3686
INV343867,Open spaces management - region 2,serco,"$71,886.3",2029-01-25,3677
INV343868,Parking technology services,Reino,"$103,665.28",27/02/21,3623
INV343869,Graffiti management and pressure cleaning services,Calcorp Services Pty Ltd,"$97,090.22",25-Jan-2026,3668
INV343870,Vehicle tow away and impound services,NATIONWIDE TOWING SERVICES,0.2m,05 March 2025,3585
INV343871,Civil infrastructure services,citywide service solutions pty ltd,167417.89,21/05/2027,3665
INV343872,Vehicle tow away and impound services,Nationwide Towing Services,0.2m,19 July 2028,3585
INV343873,Open spaces management - region 1,CitywideServiceSolutionsPtyLtd,0.2m,30-Oct-2029,3676
INV343874,Building maintenance services,Programmed Fanility Management Pty Ltd,123995.87,2027-11-17,3630
INV343875,Civil infrastructure services,Citywide Service Solutions Pty Ltd,216087.88 AUD,27-May-2029,3665
INV343876,Building maintenance services,Programmed Facility,"$107,673.01",2025-09-08,3630
INV343877,Parking technology services,Reino  International  Pty  Ltd  T/A  Duncan  Solutions,66408.11,13 August 2028,3623
INV343878,Vehicle tow away and impound services,Nationwide,45552.46 AUD,25/11/2026,3585
INV343879,Civil infrastructure services,Citywide Service ,169613.9,29/04/2029,3665
INV343880,Street cleaning,spotless facility services pty ltd,111625.78,03/07/2026,3669
INV343881,Open spaces management - region 2,SERCO,"$108,146.58",10/09/2029,3677
INV343882,Civil infrastructure services,Citywide Service ,240951.97,2026-05-30,3665
INV343883,Tree management maintenance services,Citywide Service Solutions Pty Ltd (AUS),"$125,208.82",18/01/2025,3678
INV343884,Building maintenance services,Programmed,3201.15 AUD,2026-08-29,3630
INV343885,Melbourne Town Hall venue management,Showtime Event Group Pty Ltd,200449.21,26 June 2028,3670
INV343886,Integrated security services,National Protective Services Pty. Ltd.,0.1m,2027-11-20,3686
INV343887,Civil infrastructure services,Citywide Service Solutions Pty Ltd,198436.22 AUD,20/09/2027, 
INV343888,Civil infrastructure services,Citywide Service Solutions Pty Ltd (AUS),241977.51,04-Oct-2026,3665
INV343889,Graffiti management and pressure cleaning services,Calcorp Services Pty Ltd (AUS),0.2m,02/08/2025,3668
INV343890,Tree management maintenance services,Citywide,179545.91,05/12/2028,3678
INV343891,Open spaces management - region 2,ShRCO,171317.1 AUD,26/07/19,3677
INV343892,Parking technology services,Reino International Pty Ltd T/A Duncan Solutions (AUS),0.1m,26/02/18,3623
INV343893,Street cleaning,SPOTLESS FACILITY SERVICES PTY LTD,,22/11/2026,3669
INV343894,Parking technology services,Reino Int’l Pty Ltd T/A Duncan Solutions,7371.72 AUD,27/11/30,3623
INV343895,Open spaces management - region 1,Citywide Service ,"$205,051.45",11 June 2026,3676
INV343896,Tree management maintenance services,Citywide Service Solutions Pty. Ltd.,0.1m,2028-02-05,3678
INV343897,Melbourne Town Hall venue management,ShowtimeEventGroupPtyLtd,226882.42,19-Jan-2025,3670
INV343898,Building maintenance services,Programmed Facility Management Pty Ltd (AU),71822.43,29 November 2028,3630
INV343899,Integrated security services,National Protective Services Pty Ltd,226205.62 AUD,19/06/2028,3686
INV343900,Building maintenance services,ProgrammedFacilityManagementPtyLtd,0.1m,26/11/2025,3630
INV343901,Civil infrastructure services,CITYWIDE SERVICE SOLUTIONS PTY LTD,"$126,833.31",26/07/2026,3665
INV343902,Building maintenance services,Programmed  Facility  Management  Pty  Ltd,0.1m,19/08/2029,3630
INV343903,Civil infrastructure services,Citywide Service Solutions Pty Ltd,129756.46 AUD,29/03/29,3665
INV343904,Building cleaning services,Menzies Int’l (Aust) Pty Ltd,99257.46,2027-11-09,3634
INV343905,Parking technology services,Reino International Pty Ltd T/A Duncan Solutions,"$102,807.96",26/08/10,3623
INV343906,Melbourne Town Hall venue management,Showtime  Event  Group  Pty  Ltd,215064.77,18/07/2025,3670
INV343907,Melbourne Town Hall venue management,Showtime Event Group Pty. Ltd.,130500.66,2029-10-21,3670
INV343908,Tree management maintenance services,Citywide Service Solutions Pty Ltd,"$201,396.65",17/08/2025,3678
INV343909,Vehicle tow away and impound services,Nationwide To,38537.95,2027-01-04,3585
INV343910,Street cleaning,Spztless Facility Services Pty Ltd,"$124,187.28",03-Nov-2029,3669
INV343911,Melbourne Town Hall venue management,Showtime Event Group P/L,65799.96,2028-07-05,3670
INV343912,Parking technology services,Reino Intl Pty Ltd T/A Duncan Solutions,186473.12,06 October 2029,3623
INV343913,Vehicle tow away and impound services,Nationwide Towing Services (AU),0.2m,04/09/2025,3585
INV343914,Street cleaning,Spotless Facility Services Pty Ltd,"$25,250.88",01/03/2029,3669
INV343915,Street cleaning,Spotless Facility Services Pty Ltd (AUS),37156.95,22/06/2029,3669
INV343916,Building maintenance services,Programmed Facility Mgmt Pty Ltd,154060.46,2025-05-28,3630
INV343917,Civil infrastructure services,CITYWIDE SERVICE SOLUTIONS PTY LTD,"$106,557.08",18-Jun-2027,3665
INV343918,Vehicle tow away and impound services,Nationwide Towing Services,180607.49,26/03/16,3585
INV343919,Tree management maintenance services,Citywide Service Solutions Pty Ltd,216891.99,2027-07-22,3678
INV343920,Open spaces management - region 1,Citywide Service Solutions Pty. Ltd.,"$108,073.97",02/08/2029,3676
INV343921,Open spaces management - region 2,Serco,"$148,502.59",24 October 2029,3677
INV343922,Integrated security services,National Protective Services Pty. Ltd.,219873.13,16-Apr-2028,3686
INV343923,Civil infrastructure services,CITYWIDE SERVICE SOLUTIONS PTY LTD,1218.23,2028-02-01,3665
INV343924,Open spaces management - region 2,SERCO,248722.48,14 July 2027,3677
INV343925,Building maintenance services,ProgrammedFacilityManagementPtyLtd,0.2m,2027-08-06,3630
INV343926,Management of Active Melbourne recreation facilities,Victorian  YMCA  Community  Programming  Pty  Ltd,113465.95,01 April 2027,3615
INV343927,Open spaces management - region 2,SERCO,179479.29 AUD,21 November 2025, 
INV343928,Open spaces management - region 2,SERCO (AUS),0.2m,25/11/05,3677
INV343929,Parking technology services,Reino,171617.17 AUD,2028-06-05,3623
INV343930,Graffiti management and pressure cleaning services,Calcorp,,03 June 2028,3668
INV343931,Tree management maintenance services,Citywide Service Solutions Pty Ltd (AU),138441.65,2025-05-26,3678
INV343932,Graffiti management and pressure cleaning services,ShowtimeEventGroupPtyLtd,232263.65,09 August 2025,3670
INV343933,Tree management maintenance services,Citywide Service Solutions Pty Ltd,163283.73,07 March 2029,3678
INV343934,Civil infrastructure services,Citywide Service Solutions Pty Ltd,85227.32,05 December 2025,3665
INV343935,Open spaces management - region 1,Citywide Service Solutions Pty Ltd (AUS),"$63,640.91",2029-10-03,3676
INV343936,Melbourne Town Hall venue management,Showtime Event Group Pty Ltd,0.1m,25/11/17,3670
INV343937,Vehicle tow away and impound services,Nationwide Towing Services,138081.26 AUD,02-Mar-2029,3585
INV343938,Building cleaning services,Menzies  International  (Aust)  Pty  Ltd,"$178,847.99",2029-11-27,3634
INV343939,Vehicle tow away and impound services,Nationwide,117415.48,28/04/04,3585
INV343940,Street cleaning,Spotluss Facility Services Pty Ltd,56939.83,05/08/2026,3669
INV343941,Vehicle tow away and impound services,Nationwide Towing Services (AUS),0.1m,06/05/2028,3585
INV343942,Building maintenance services,Programmed Facility Management P/L,381.09,04-Dec-2025,3630
INV343943,Management of Active Melbourne recreation facilities,Victorian YMCA Community Programming Pty. Ltd.,"$176,197.66",29/12/08,3615
INV343944,Melbourne Town Hall venue management,SHOWTIME EVENT GROUP PTY LTD,190103.02 AUD,25-Dec-2027,3670
INV343945,Building cleaning services,Menzies International (Aust) P/L,204306.97,24/03/2029,3634
INV343946,Melbourne Town Hall venue management,ShowtimeEventGroupPtyLtd,51182.81 AUD,04/11/2029,3670
INV343947,Tree management maintenance services,Citywide Service Solutions Pty Ltd (AUS),174198.58,03/06/2026,3678
INV343948,Civil infrastructure services,citywide service solutions pty ltd,152430.89,17/05/2027,3665
INV343949,Melbourne Town Hall venue management,Showtime Event Group P/L,205956.64 AUD,07/11/2028,3670
INV343950,Civil infrastructure services,Citywide Service Solutions Pty Ltd,"$82,870.39",22/10/2027,3665
INV343951,Building maintenance services,Programmed Facility Management Pty Ltd (AU),160185.39,27-Sep-2028,3630
INV343952,Vehicle tow away and impound services,Nationwide  Towing  Services,54432.74 AUD,20/12/2026,3585
INV343953,Building maintenance services,Programmed Facility Management Pty Ltd (AU),"$226,669.07",25/05/07,3630
INV343954,Parking technology services,Reino International Pty ,64549.25,26-Nov-2028,3623
INV343955,Tree management maintenance services,Citywide Service Solutions Pty. Ltd.,225834.54 AUD,12/05/2026, 
INV343956,Building cleaning services,Menzies International (Aust) Pty Ltd (AUS),216664.31,21/01/2026,3634
INV343957,Vehicle tow away and impound services,NATIONWIDE TOWING SERVICES,0.1m,26/12/20,3585
INV343958,Management of Active Melbourne recreation facilities,Victorian,60853.47 AUD,20/11/2029,3615
INV343959,Graffiti management and pressure cleaning services,CALCORP SERVICES PTY LTD,0.1m,2029-04-23,3668
INV343960,Building cleaning services,Menzies International (Aust) Pty Ltd (AU),32993.99 AUD,01 January 2029,3634
INV343961,Integrated security services,Citywide Service Solutions Pty Ltd (AU),210143.39 AUD,2026-12-17,3665
INV343962,Civil infrastructure services,Citywide Service Solutions Pty Ltd,0.0m,2025-11-07, 
INV343963,Open spaces management - region 2,Serco,128693.4 AUD,26/03/28,3677
INV343964,Building cleaning services,Menzies International (Aust) Pty. Ltd.,12408.81,26/01/16,3634
INV343965,Building maintenance services,PROGRAMMED FACILITY MANAGEMENT PTY LTD,53644.95,17/04/2025,3630
INV343966,Integrated security services,National Protectiv,0.2m,2028-10-09,3686
INV343967,Building maintenance services,Programmed Facility Management Pty Ltv,44348.61,14-May-2025,3630
INV343968,Graffiti management and pressure cleaning services,Calcorp Services Pty Ltd,"$118,783.73",08-Apr-2025,3668
INV343969,Management of Active Melbourne recreation facilities,Victorian YMCA Community Programming Pty Ltd,80314.61,12 January 2029,3615
INV343970,Vehicle tow away and impound services,Nationwide Towing Services,32109.6,22/01/2028,3585
INV343971,Parking technology services,Reino International Pty Ltd T/A Duncan Solutions (AU),"$45,446.19",19/08/2025,3623
INV343972,Graffiti management and pressure cleaning services,CALCORP SERVICES PTY LTD,171297.2 AUD,30 September 2029,3668
INV343973,Graffiti management and pressure cleaning services,Nationwide Towing Services,198749.84 AUD,2028-09-28,3585
INV343974,Street cleaning,Spotless Facility Services P/L,0.2m,21 June 2027,3669
INV343975,Graffiti management and pressure cleaning services,CALCORP SERVICES PTY LTD,40100.34 AUD,16-Jun-2027,3668
INV343976,Parking technology services,Victorian YMCA Community Programming Pty Ltd (AUS),34302.68,09 May 2029,3615
INV343977,Graffiti management and pressure cleaning services,Calcorp Services Pty Ltd,97199.41,2025-09-14,3668
INV343978,Parking technology services,Reino International Pty Ltd T/A Duncan Solutions,185165.32 AUD,29-Nov-2027,3623
INV343979,Waste management services,Cleanaway Waste Mgmt Limited,"$110,004.55",29/06/09,3556
INV343980,Building maintenance services,Programmed Facility Management Pty Ltd (AU),122540.39,24/03/2029,3630
INV343981,Open spaces management - region 1,Cleanaway Waste M,179555.59,20/11/2026,3556
INV343982,Vehicle tow away and impound services,NATIONWIDE TOWING SERVICES,51112.82 AUD,26/07/02,3585
INV343983,Parking technology services,Reino International Pty Ltd T/A Duncan Solutions,"$172,803.5",03/09/2028,3623
INV343984,Melbourne Town Hall venue management,Showtime Event Group Pty. Ltd.,0.2m,28/04/09,3670
INV343985,Civil infrastructure services,Citywide Service ,0.2m,26/12/20,3665
INV343986,Tree management maintenance services,Citywide Service Solutions Pty Ltd (AU),170206.96,10/07/2026,3678
INV343987,Waste management services,Cleanaway Waste Mgmt Limited,"$160,182.46",2026-12-20,3556
INV343988,Open spaces management - region 1,Citywide Service Solutions Pty Ltd (AU),70221.86,01/09/2025,3676
INV343989,Vehicle tow away and impound services,nationwide towing services,172732.92 AUD,22/04/2028,3585
INV343990,Graffiti management and pressure cleaning services,Calcorp,90064.19,25-Dec-2028,3668
INV343991,Open spaces management - region 1,Citywide Service Solutions Pty Ltd (AU),197044.75,27/04/26,3676
INV343992,Civil infrastructure services,Citywide Service Solutions Pty Ltd,42268.63 AUD,2029-06-21,3665
INV343993,Waste management services,Cleanaway Waste Management LTD,111417.34 AUD,29/01/2026,3556
INV343994,Tree management maintenance services,Citywide  Service  Solutions  Pty  Ltd,33652.73,2028-10-22,3678
INV343995,Management of Active Melbourne recreation facilities,VICTORIAN YMCA COMMUNITY PROGRAMMING PTY LTD,0.1m,2029-11-28,3615
INV343996,Melbourne Town Hall venue management,Showtime Event Group P/L,"$225,260.83",12-Apr-2029,3670
INV343997,Melbourne Town Hall venue management,Showtime Event Group Pty Ltd,199381.96,2026-01-04,3670
INV343998,Tree management maintenance services,Citywide Service Solutions Pty Ltd,0.0m,13-Aug-2028,3678
INV343999,Street cleaning,Spotless Facility Services Pty Ltd,0.2m,16/07/2028,3669
INV344000,Vehicle tow away and impound services,NATIONWIDE TOWING SERVICES,"$222,231.66",2025-05-07,3585
